n_windows,years,model_mult,spy_mult,mult_ratio,model_cagr,spy_cagr,excess_cagr,mean_excess,t_excess,win_rate,sharpe,info_ratio,vol_ann,max_dd,skew,kurt,mean_exposure,mean_turnover,mean_n,mean_ic,t_ic,n_ic,decile_volq_excess,t_decile,n_decile,cell_id,sig_features,sig_horizon,sig_label,sig_label_basis,sig_model,sig_depth,sig_eta,sig_rounds,sig_train,sig_train_cap,sig_universe,sig_cap_tier,sig_step,sig_seed,prt_top_n,prt_weighting,prt_bucket,prt_cost_bps,prt_cost_model,prt_untradable,sig_shuffle_col,sig_shuffle_seed,sig_train_exclude,null_p50,null_p95,null_pctile,vs_null
82,13.02,7.088942627936525,2.142442100631625,3.308814098568449,0.1623086266705982,0.06026048372405235,0.10204814294654585,0.017390605682141267,2.476334312183972,0.6219512195121951,0.7620982327817732,0.6862451121691724,0.2358135621046357,-0.504521275652154,-0.2680574410610187,3.5618544638288774,1.0,0.948780487804878,5.0,0.002982221101157331,0.13832292292327428,82,0.006189883578712216,2.144698422405333,82,price_fund_path_h40_q75_trd_xgb_d3e01r100_expanding_cap500k_pit_s40_shufaccel_2012,price_fund_path,40,q75,tradable,xgb,3,0.1,100,expanding,500000,pit,all,40,0,5,invvol,volq,15.0,turnover,drop,accel_20,12.0,,,,,
82,13.02,6.926944634552001,2.142442100631625,3.233200389644056,0.16024697939605415,0.06026048372405235,0.0999864956720018,0.016565989957098376,2.339910652317859,0.5853658536585366,0.7776085117630135,0.648439203125824,0.22443202500405895,-0.36580983119197585,0.23138139326678372,3.2789191717515678,1.0,0.948780487804878,5.0,0.003205301309461414,0.14844643101401755,82,0.006206667364537839,2.1177785993464573,82,pf_gross_margin_delta_h40_q75_trd_xgb_d3e01r100_expanding_cap500k_pit_s40_shufgross_margin_delta4,pf_gross_margin_delta,40,q75,tradable,xgb,3,0.1,100,expanding,500000,pit,all,40,0,5,invvol,volq,15.0,turnover,drop,gross_margin_delta,4.0,,,,,
82,13.02,6.36594736050688,2.142442100631625,2.9713509450874307,0.15274610142395417,0.06026048372405235,0.09248561769990182,0.015554962903138307,2.1284540706224364,0.6219512195121951,0.7516388182440737,0.5898400693535726,0.22371585436656174,-0.45628177564551553,-0.08788980415226988,2.6015931471760587,1.0,0.9365853658536584,5.0,0.004232421707379201,0.19657382639618987,82,0.006495864675938941,2.2221714527105827,82,pf_roe_delta_h40_q75_trd_xgb_d3e01r100_expanding_cap500k_pit_s40,pf_roe_delta,40,q75,tradable,xgb,3,0.1,100,expanding,500000,pit,all,40,0,5,invvol,volq,15.0,turnover,drop,,0.0,,,,,
82,13.02,6.294528541531122,2.142442100631625,2.9380157063172896,0.1517477516025283,0.06026048372405235,0.09148726787847594,0.015239810554122277,2.2623657702388886,0.5609756097560976,0.7541844838280153,0.626949860576798,0.22032926638280617,-0.3465961704761634,0.19051927751652362,2.773393822577838,1.0,0.8853658536585365,5.0,0.002046600730959627,0.09088477204398411,82,0.002013238572068466,0.8067141035758819,82,price_fund_h40_q75_trd_xgb_d3e01r100_expanding_pit_s40,price_fund,40,q75,tradable,xgb,3,0.1,100,expanding,0,pit,all,40,0,5,invvol,volq,15.0,turnover,drop,,,,,,,
82,13.02,6.2847833662247,2.142442100631625,2.9334670768334177,0.15161071569946705,0.06026048372405235,0.0913502319754147,0.015242121042867542,2.287884150544263,0.5975609756097561,0.7526656702624536,0.6340215486234709,0.22079320264921296,-0.3457939726540741,0.1840854641702218,3.154724242468397,1.0,0.9439024390243902,5.0,0.002757451938917724,0.12774638848133787,82,0.006084796699273413,2.0629718054595902,82,pf_earnings_move_sens_h40_q75_trd_xgb_d3e01r100_expanding_cap500k_pit_s40_shufearnings_move_sens7,pf_earnings_move_sens,40,q75,tradable,xgb,3,0.1,100,expanding,500000,pit,all,40,0,5,invvol,volq,15.0,turnover,drop,earnings_move_sens,7.0,,,,,
82,13.02,6.272444091936836,2.142442100631625,2.9277076333066936,0.15143692005239107,0.06026048372405235,0.09117643632833872,0.016034207189518108,2.012081027304187,0.5487804878048781,0.7088257455356876,0.5575906142729425,0.24148595430811415,-0.4183349335365416,-0.15342900532773365,2.561876682882327,1.0,0.9536585365853659,5.0,0.005535629702175266,0.26270664667213833,82,0.005294533436762833,1.8313928286933598,82,pf_rate_beta_x_move_h40_q75_trd_xgb_d3e01r100_expanding_cap500k_pit_s40_shufrate_beta_x_move4,pf_rate_beta_x_move,40,q75,tradable,xgb,3,0.1,100,expanding,500000,pit,all,40,0,5,invvol,volq,15.0,turnover,drop,rate_beta_x_move,4.0,,,,,
82,13.02,6.216004199082386,2.142442100631625,2.9013639142219114,0.15063793241706502,0.06026048372405235,0.09037744869301267,0.015137958004475255,2.2491307022962825,0.5975609756097561,0.7469190135617118,0.6232821406570146,0.22161374364528316,-0.36580983119197585,0.15887243087674635,3.106274517372541,1.0,0.9463414634146341,5.0,0.002842247960157861,0.13168953697665536,82,0.005668827231282852,1.9250332297193156,82,pf_earnings_move_sens_h40_q75_trd_xgb_d3e01r100_expanding_cap500k_pit_s40_shufearnings_move_sens3,pf_earnings_move_sens,40,q75,tradable,xgb,3,0.1,100,expanding,500000,pit,all,40,0,5,invvol,volq,15.0,turnover,drop,earnings_move_sens,3.0,,,,,
82,13.02,6.136300642354743,2.142442100631625,2.864161715523452,0.1494981309862804,0.06026048372405235,0.08923764726222805,0.01521742406469091,2.260934635942631,0.5975609756097561,0.7455006943380965,0.6265532627059724,0.22270661991295956,-0.5054519308517058,-0.6463294833213807,4.201869954879634,1.0,0.9408536585365853,4.987804878048781,0.0018733172862576716,0.08971623135255241,82,0.005287525178357129,1.8473393463295258,82,pf_days_to_next_filing_seasonal_h40_q75_trd_xgb_d3e01r100_expanding_cap500k_pit_s40_shufdays_to_next_filing_seasonal0,pf_days_to_next_filing_seasonal,40,q75,tradable,xgb,3,0.1,100,expanding,500000,pit,all,40,0,5,invvol,volq,15.0,turnover,drop,days_to_next_filing_seasonal,0.0,,,,,
82,13.02,6.089404233407541,2.142442100631625,2.842272485035787,0.1488210850685443,0.06026048372405235,0.08856060134449195,0.014961911582429004,2.173382670448336,0.5975609756097561,0.7329123731430757,0.6022907436730414,0.2243363723943885,-0.36580983119197585,0.21569597749758282,3.0721358634134033,1.0,0.9487804878048779,5.0,0.003384466864023526,0.15674896057148904,82,0.0052396825765256205,1.8080966367266427,82,pf_revenue_growth_delta_h40_q75_trd_xgb_d3e01r100_expanding_cap500k_pit_s40_shufrevenue_growth_delta6,pf_revenue_growth_delta,40,q75,tradable,xgb,3,0.1,100,expanding,500000,pit,all,40,0,5,invvol,volq,15.0,turnover,drop,revenue_growth_delta,6.0,,,,,
82,13.02,6.05358084572272,2.142442100631625,2.8255516655213366,0.1483006501437325,0.06026048372405235,0.08804016641968015,0.014834977088000224,2.1416387000683152,0.6219512195121951,0.7352132328245703,0.5934938116889589,0.22254708184690186,-0.36580983119197585,0.19853695601012888,3.3167876494471944,1.0,0.9487804878048779,5.0,0.0025770076113931415,0.11965600083636713,82,0.00605982355647077,2.0057998439026186,82,pf_realized_skew_120_h40_q75_trd_xgb_d3e01r100_expanding_cap500k_pit_s40_shufrealized_skew_1201,pf_realized_skew_120,40,q75,tradable,xgb,3,0.1,100,expanding,500000,pit,all,40,0,5,invvol,volq,15.0,turnover,drop,realized_skew_120,1.0,,,,,
82,13.02,6.048064108494971,2.142442100631625,2.8229766894106065,0.14822025157800844,0.06026048372405235,0.0879597678539561,0.015425404302551717,2.0143075914943203,0.5609756097560976,0.6980291431389485,0.5582076427512428,0.23972874729820945,-0.3981145727951708,0.2298545285494118,3.473448818470604,1.0,0.9463414634146341,5.0,0.002756732459287833,0.12953702492463215,82,0.006064804545580019,2.155187860461381,82,pf_curve_beta_120_h40_q75_trd_xgb_d3e01r100_expanding_cap500k_pit_s40_shufcurve_beta_1202,pf_curve_beta_120,40,q75,tradable,xgb,3,0.1,100,expanding,500000,pit,all,40,0,5,invvol,volq,15.0,turnover,drop,curve_beta_120,2.0,,,,,
82,13.02,6.02613457031353,2.142442100631625,2.8127409223973574,0.14789998896148426,0.06026048372405235,0.08763950523743191,0.014637984975545804,2.0357002188615843,0.573170731707317,0.7414433672437636,0.5641359965664003,0.2190039722850309,-0.3981305488619826,0.2946662199108345,3.2418900406636078,1.0,0.9463414634146339,5.0,0.0024469247082017555,0.11396983420105512,82,0.006059418427787814,2.005619777578965,82,pf_rate_beta_250_h40_q75_trd_xgb_d3e01r100_expanding_cap500k_pit_s40_shufrate_beta_2505,pf_rate_beta_250,40,q75,tradable,xgb,3,0.1,100,expanding,500000,pit,all,40,0,5,invvol,volq,15.0,turnover,drop,rate_beta_250,5.0,,,,,
82,13.02,6.013256667558176,2.142442100631625,2.8067300702247096,0.14771141612673255,0.06026048372405235,0.0874509324026802,0.014975666474221896,2.095170215851625,0.5975609756097561,0.7187184002688468,0.580616402525456,0.22888731049893138,-0.36603433069384794,0.15701856031140424,2.9878028498443445,1.0,0.9439024390243902,5.0,0.0029684247582559254,0.13756915295017938,82,0.005864981532829922,1.993575104174534,82,pf_earnings_move_sens_h40_q75_trd_xgb_d3e01r100_expanding_cap500k_pit_s40_shufearnings_move_sens1,pf_earnings_move_sens,40,q75,tradable,xgb,3,0.1,100,expanding,500000,pit,all,40,0,5,invvol,volq,15.0,turnover,drop,earnings_move_sens,1.0,,,,,
82,13.02,5.989726375244427,2.142442100631625,2.7957471399010325,0.14736589390781663,0.06026048372405235,0.08710541018376428,0.014726168528209328,2.1837746659750406,0.5975609756097561,0.7307547556180196,0.6051705875215867,0.22296722529268712,-0.36580983119197585,0.149399086892711,3.1484269251168633,1.0,0.9439024390243902,5.0,0.0030258636314457418,0.1401626786100001,82,0.005839708576717632,1.9792603993426916,82,price_fund_h40_q75_trd_xgb_d3e01r100_expanding_cap500k_pit_s40,price_fund,40,q75,tradable,xgb,3,0.1,100,expanding,500000,pit,all,40,0,5,invvol,volq,15.0,turnover,drop,,,,,,,
82,13.02,5.924259935846808,2.142442100631625,2.765190216389159,0.1463979400651363,0.06026048372405235,0.08613745634108394,0.014665994033639301,2.188289638416175,0.5853658536585366,0.7237975379588335,0.6064217827879378,0.22458687041965666,-0.34040675889746463,0.056389408589196485,3.125645820589196,1.0,0.948780487804878,5.0,0.002978725910191437,0.1380111538853054,82,0.005442031359704516,1.9025072406883992,82,pf_revenue_growth_delta_h40_q75_trd_xgb_d3e01r100_expanding_cap500k_pit_s40_shufrevenue_growth_delta1,pf_revenue_growth_delta,40,q75,tradable,xgb,3,0.1,100,expanding,500000,pit,all,40,0,5,invvol,volq,15.0,turnover,drop,revenue_growth_delta,1.0,,,,,
82,13.02,5.850903576497989,2.142442100631625,2.730950616949252,0.1453015273849041,0.06026048372405235,0.08504104366085175,0.01490066128627612,2.066941894953999,0.6219512195121951,0.6967210770456802,0.5727937320784863,0.2354359549029242,-0.39413313575488584,0.05382249965052396,3.273794755655037,1.0,0.9390243902439023,5.0,0.0029492144457928535,0.13675766754101384,82,0.005349201291080802,1.9058199746814135,82,pf_revenue_growth_delta_h40_q75_trd_xgb_d3e01r100_expanding_cap500k_pit_s40_shufrevenue_growth_delta0,pf_revenue_growth_delta,40,q75,tradable,xgb,3,0.1,100,expanding,500000,pit,all,40,0,5,invvol,volq,15.0,turnover,drop,revenue_growth_delta,0.0,,,,,
82,13.02,5.823294881788057,2.142442100631625,2.718064063468161,0.14488558751459846,0.06026048372405235,0.08462510379054611,0.014382404230829772,2.1116493432761265,0.5975609756097561,0.7205065349804299,0.585183120594271,0.22313409840427503,-0.36580983119197585,0.14545014531463815,3.114517682338957,1.0,0.9414634146341462,5.0,0.0029188606697923957,0.13528399451779716,82,0.005811311108971391,1.999262253528062,82,pf_earnings_move_sens_h40_q75_trd_xgb_d3e01r100_expanding_cap500k_pit_s40_shufearnings_move_sens2,pf_earnings_move_sens,40,q75,tradable,xgb,3,0.1,100,expanding,500000,pit,all,40,0,5,invvol,volq,15.0,turnover,drop,earnings_move_sens,2.0,,,,,
82,13.02,5.8104719382572565,2.142442100631625,2.7120788639021978,0.14469178346318556,0.06026048372405235,0.08443129973913321,0.013976371300309817,2.289348333551017,0.5975609756097561,0.7543385735412825,0.6344273049976255,0.2097369453323731,-0.40703203745302485,-0.23651644583892523,2.554056146683429,1.0,0.948780487804878,5.0,0.002701453213532811,0.1253084086655564,82,0.006261405874490256,2.2004290182672044,82,pf_momentum_120_ind_rel_h40_q75_trd_xgb_d3e01r100_expanding_cap500k_pit_s40_shufmomentum_120_ind_rel4,pf_momentum_120_ind_rel,40,q75,tradable,xgb,3,0.1,100,expanding,500000,pit,all,40,0,5,invvol,volq,15.0,turnover,drop,momentum_120_ind_rel,4.0,,,,,
82,13.02,5.800428736050547,2.142442100631625,2.7073911282552237,0.14453971607200922,0.06026048372405235,0.08427923234795687,0.014439451336897845,2.1732100167392194,0.6219512195121951,0.7190177293561624,0.6022428976437729,0.22409575144267943,-0.47739084487380123,-0.1979862820959888,2.750704799752859,1.0,0.9487804878048782,5.0,0.0028666883299926656,0.13318661154342,82,0.0066423250703359325,2.2932789488345318,82,pf_volatility_60_ind_rel_h40_q75_trd_xgb_d3e01r100_expanding_cap500k_pit_s40_shufvolatility_60_ind_rel6,pf_volatility_60_ind_rel,40,q75,tradable,xgb,3,0.1,100,expanding,500000,pit,all,40,0,5,invvol,volq,15.0,turnover,drop,volatility_60_ind_rel,6.0,,,,,
82,13.02,5.750536402712844,2.142442100631625,2.6841035288736608,0.14378065794912742,0.06026048372405235,0.08352017422507507,0.014218631092845458,2.095996451002376,0.5853658536585366,0.716157336962111,0.5808453699273596,0.22304909908029902,-0.3556911293000089,0.168412493717772,3.1364267416682865,1.0,0.9414634146341462,5.0,0.003257424320046849,0.15101606564624986,82,0.005886911055271459,2.010876844434581,82,pf_earnings_move_sens_h40_q75_trd_xgb_d3e01r100_expanding_cap500k_pit_s40_shufearnings_move_sens6,pf_earnings_move_sens,40,q75,tradable,xgb,3,0.1,100,expanding,500000,pit,all,40,0,5,invvol,volq,15.0,turnover,drop,earnings_move_sens,6.0,,,,,
82,13.02,5.71169261426876,2.142442100631625,2.6659729159471164,0.14318547036702522,0.06026048372405235,0.08292498664297288,0.014536401062572162,2.13769937052524,0.573170731707317,0.6968104334540457,0.5924021393606878,0.23211383085746984,-0.49818670284243005,-0.19378697830684388,2.69522083944019,1.0,0.9365853658536585,5.0,0.002839967836391333,0.13328703374437767,82,0.006275096698275444,2.1770124358276544,82,pf_earnings_in_window_seasonal_h40_q75_trd_xgb_d3e01r100_expanding_cap500k_pit_s40_shufearnings_in_window_seasonal6,pf_earnings_in_window_seasonal,40,q75,tradable,xgb,3,0.1,100,expanding,500000,pit,all,40,0,5,invvol,volq,15.0,turnover,drop,earnings_in_window_seasonal,6.0,,,,,
82,13.02,5.677995561009669,2.142442100631625,2.6502445780615065,0.14266610934139212,0.06026048372405235,0.08240562561733977,0.013695467739194153,2.1519143692627454,0.6219512195121951,0.7488853887174359,0.5963414190270512,0.20890210808725848,-0.396702584026682,-0.4126927410389277,2.6314646769956758,1.0,0.9463414634146342,5.0,0.0035702912657076175,0.164939652362306,82,0.006544025678147409,2.168377204907339,82,pf_volatility_60_ind_rel_h40_q75_trd_xgb_d3e01r100_expanding_cap500k_pit_s40_shufvolatility_60_ind_rel7,pf_volatility_60_ind_rel,40,q75,tradable,xgb,3,0.1,100,expanding,500000,pit,all,40,0,5,invvol,volq,15.0,turnover,drop,volatility_60_ind_rel,7.0,,,,,
82,13.02,5.666885223318332,2.142442100631625,2.645058749381207,0.14249424565641,0.06026048372405235,0.08223376193235765,0.013942755564816335,2.085001994101214,0.5975609756097561,0.7182259639893261,0.5777985711683008,0.21998784224097775,-0.36580983119197585,0.12642274634087647,3.2084553351923484,1.0,0.9439024390243902,5.0,0.0028533918107814553,0.13223694508082567,82,0.00569014394648222,1.9556492491159692,82,pf_earnings_move_sens_h40_q75_trd_xgb_d3e01r100_expanding_cap500k_pit_s40_shufearnings_move_sens4,pf_earnings_move_sens,40,q75,tradable,xgb,3,0.1,100,expanding,500000,pit,all,40,0,5,invvol,volq,15.0,turnover,drop,earnings_move_sens,4.0,,,,,
82,13.02,5.664854902102776,2.142442100631625,2.644111082597139,0.14246280539340983,0.06026048372405235,0.08220232166935748,0.01401305564929936,2.009051969866204,0.5609756097560976,0.7119963480981829,0.5567511977809657,0.2225344001282754,-0.36580983119197574,0.18175618574657917,3.2121976811426776,1.0,0.9390243902439024,5.0,0.003138225887435197,0.14535280085228705,82,0.005901392352937001,2.0090538997280336,82,pf_gross_margin_delta_h40_q75_trd_xgb_d3e01r100_expanding_cap500k_pit_s40_shufgross_margin_delta5,pf_gross_margin_delta,40,q75,tradable,xgb,3,0.1,100,expanding,500000,pit,all,40,0,5,invvol,volq,15.0,turnover,drop,gross_margin_delta,5.0,,,,,
82,13.02,5.651557113247346,2.142442100631625,2.6379042456182034,0.14225662672345973,0.06026048372405235,0.08199614299940738,0.014799791932384525,2.0638077167829643,0.573170731707317,0.6714014831137379,0.571925184386861,0.2433685245143228,-0.4141973295173563,-0.055785056903409354,3.329126230744044,1.0,0.9463414634146341,5.0,0.004446167731041859,0.20514273785474732,82,0.006593707707847432,2.2443081061410437,82,pf_upside_vol_ratio_120_h40_q75_trd_xgb_d3e01r100_expanding_cap500k_pit_s40,pf_upside_vol_ratio_120,40,q75,tradable,xgb,3,0.1,100,expanding,500000,pit,all,40,0,5,invvol,volq,15.0,turnover,drop,,0.0,,,,,
82,13.02,5.633778952102134,2.142442100631625,2.6296061631916254,0.1419802803172192,0.06026048372405235,0.08171979659316686,0.014191512574416294,2.13762087872457,0.5487804878048781,0.6961821219825632,0.5923803876067789,0.22920363873488306,-0.4113077308396025,0.08942598002587158,2.7800091524668304,1.0,0.9414634146341464,5.0,0.005221719650737809,0.24190994834579357,82,0.006265447196007496,2.1924708933540753,82,pf_filed_item402_240d_h40_q75_trd_xgb_d3e01r100_expanding_cap500k_pit_s40,pf_filed_item402_240d,40,q75,tradable,xgb,3,0.1,100,expanding,500000,pit,all,40,0,5,invvol,volq,15.0,turnover,drop,,0.0,,,,,
82,13.02,5.605403678713221,2.142442100631625,2.6163618036915257,0.14153753841557126,0.06026048372405235,0.08127705469151891,0.014451671938715901,1.9077410295274684,0.6341463414634146,0.6852306933644567,0.528675773039383,0.2352576681394171,-0.4870307994509947,-0.32293379080764206,2.689280196045995,1.0,0.9512195121951219,5.0,0.0021190703369739386,0.09901031956583894,82,0.004684919146267054,1.6525137141198765,82,pf_days_to_next_filing_est_h40_q75_trd_xgb_d3e01r100_expanding_cap500k_pit_s40,pf_days_to_next_filing_est,40,q75,tradable,xgb,3,0.1,100,expanding,500000,pit,all,40,0,5,invvol,volq,15.0,turnover,drop,,0.0,,,,,
82,13.02,5.5686844400067885,2.142442100631625,2.5992228393780414,0.14096152351760893,0.06026048372405235,0.08070103979355658,0.01370752929944955,2.012321243240424,0.573170731707317,0.7115418047499986,0.5576571832379229,0.21997258705053147,-0.3567623526166779,0.20411815546764162,3.115825034339839,1.0,0.9414634146341462,5.0,0.002704633383196775,0.12586014165832768,82,0.005500093505671413,1.8824407511751176,82,pf_roe_delta_h40_q75_trd_xgb_d3e01r100_expanding_cap500k_pit_s40_shufroe_delta4,pf_roe_delta,40,q75,tradable,xgb,3,0.1,100,expanding,500000,pit,all,40,0,5,invvol,volq,15.0,turnover,drop,roe_delta,4.0,,,,,
82,13.02,5.564975787293223,2.142442100631625,2.5974917994995437,0.14090315104605056,0.06026048372405235,0.08064266732199821,0.014030571256067447,2.0303364051173425,0.6219512195121951,0.6912193119021499,0.5626495692506454,0.2293830313728185,-0.36580983119197585,0.17216488655150788,3.1534706154907424,1.0,0.9463414634146341,5.0,0.002867014025090174,0.13299252512068926,82,0.005250554851710467,1.8138005866653197,82,pf_roe_delta_h40_q75_trd_xgb_d3e01r100_expanding_cap500k_pit_s40_shufroe_delta2,pf_roe_delta,40,q75,tradable,xgb,3,0.1,100,expanding,500000,pit,all,40,0,5,invvol,volq,15.0,turnover,drop,roe_delta,2.0,,,,,
82,13.02,5.554783460950016,2.142442100631625,2.59273445910738,0.14074254339120595,0.06026048372405235,0.0804820596671536,0.013756499303517272,2.0078120898308116,0.6097560975609756,0.7056787741005267,0.5564076005494537,0.22223719311829132,-0.36580983119197596,0.20584207657178688,3.4487701054186832,1.0,0.9414634146341462,5.0,0.0028323644167419755,0.1313358255021281,82,0.005853834024631096,1.9852152687714055,82,pf_earnings_move_sens_h40_q75_trd_xgb_d3e01r100_expanding_cap500k_pit_s40_shufearnings_move_sens0,pf_earnings_move_sens,40,q75,tradable,xgb,3,0.1,100,expanding,500000,pit,all,40,0,5,invvol,volq,15.0,turnover,drop,earnings_move_sens,0.0,,,,,
82,13.02,5.5367050686826875,2.142442100631625,2.584296241681575,0.14045699901773134,0.06026048372405235,0.080196515293679,0.013879385808291483,1.9446583908000556,0.5853658536585366,0.6940532056561773,0.5389063621011454,0.227074698186894,-0.3632748029040732,0.20588054755626134,3.2450564356165685,1.0,0.9463414634146341,5.0,0.0027164612331005656,0.12607729045929228,82,0.005690241605180617,1.9624482540579715,82,pf_roe_delta_h40_q75_trd_xgb_d3e01r100_expanding_cap500k_pit_s40_shufroe_delta6,pf_roe_delta,40,q75,tradable,xgb,3,0.1,100,expanding,500000,pit,all,40,0,5,invvol,volq,15.0,turnover,drop,roe_delta,6.0,,,,,
82,13.02,5.4933616129749065,2.142442100631625,2.5640653772418767,0.13976887698154616,0.06026048372405235,0.07950839325749381,0.013583681448343375,2.042528935383734,0.5975609756097561,0.7072683523581084,0.5660283797202651,0.220199002241368,-0.373395563086919,0.03971368178775011,3.2825831292765497,1.0,0.9463414634146341,5.0,0.0027877456186196367,0.12936788000977703,82,0.005302510642985618,1.8655581235166743,82,pf_revenue_growth_delta_h40_q75_trd_xgb_d3e01r100_expanding_cap500k_pit_s40_shufrevenue_growth_delta7,pf_revenue_growth_delta,40,q75,tradable,xgb,3,0.1,100,expanding,500000,pit,all,40,0,5,invvol,volq,15.0,turnover,drop,revenue_growth_delta,7.0,,,,,
82,13.02,5.461797864002509,2.142442100631625,2.549332774216996,0.13926460857990652,0.06026048372405235,0.07900412485585417,0.013695623363489269,1.9411746206539866,0.5853658536585366,0.6916302724271822,0.5379409350088107,0.22619703426430748,-0.36580983119197585,0.127976472905994,3.033905221889105,1.0,0.9414634146341462,5.0,0.003084835264291887,0.14295726542853207,82,0.005783432076509246,1.9699977812222973,82,pf_earnings_move_sens_h40_q75_trd_xgb_d3e01r100_expanding_cap500k_pit_s40_shufearnings_move_sens5,pf_earnings_move_sens,40,q75,tradable,xgb,3,0.1,100,expanding,500000,pit,all,40,0,5,invvol,volq,15.0,turnover,drop,earnings_move_sens,5.0,,,,,
82,13.02,5.405819247419793,2.142442100631625,2.5232043590937994,0.13836362999759078,0.06026048372405235,0.07810314627353843,0.013611691073948329,2.020901687420271,0.5975609756097561,0.6867790522405275,0.5600350075283225,0.22702522709179143,-0.4112059873226924,0.038465577989524206,2.572936323342165,1.0,0.9512195121951219,5.0,0.0050353701701253495,0.23223844024313842,82,0.006711943425914922,2.321112311909507,82,pf_filed_item502_60d_h40_q75_trd_xgb_d3e01r100_expanding_cap500k_pit_s40,pf_filed_item502_60d,40,q75,tradable,xgb,3,0.1,100,expanding,500000,pit,all,40,0,5,invvol,volq,15.0,turnover,drop,,0.0,,,,,
82,13.02,5.390961406149204,2.142442100631625,2.5162693566187224,0.13812304596558111,0.06026048372405235,0.07786256224152877,0.01304492684841729,1.9585440087253612,0.5365853658536586,0.7200514340444213,0.5427543633115659,0.21157806690282577,-0.37167472975296323,0.07926062436613221,2.3564218714810923,1.0,0.9585365853658536,5.0,0.0016006585378210004,0.07490523531856574,82,0.00585215271795165,1.9914995050380817,82,pf_rate_beta_120_h40_q75_trd_xgb_d3e01r100_expanding_cap500k_pit_s40_shufrate_beta_1202,pf_rate_beta_120,40,q75,tradable,xgb,3,0.1,100,expanding,500000,pit,all,40,0,5,invvol,volq,15.0,turnover,drop,rate_beta_120,2.0,,,,,
82,13.02,5.285854401113134,2.142442100631625,2.4672099187907026,0.13640341669094402,0.06026048372405235,0.07614293296689167,0.013189647021473275,1.9614153998619355,0.6097560975609756,0.6887597433100284,0.5435500871049587,0.22251363724321888,-0.34731635100184743,0.015416605970514613,3.18801126076499,1.0,0.9341463414634147,5.0,0.002920320285223227,0.13541890215032268,82,0.005647565545674813,1.9226346640891543,82,pf_revenue_growth_delta_h40_q75_trd_xgb_d3e01r100_expanding_cap500k_pit_s40_shufrevenue_growth_delta3,pf_revenue_growth_delta,40,q75,tradable,xgb,3,0.1,100,expanding,500000,pit,all,40,0,5,invvol,volq,15.0,turnover,drop,revenue_growth_delta,3.0,,,,,
82,13.02,5.228799423773662,2.142442100631625,2.4405791046731813,0.1354566905717285,0.06026048372405235,0.07519620684767614,0.01300679330222606,1.9750263462156867,0.5365853658536586,0.6841407713066697,0.5473219709581615,0.22233282796561538,-0.3465961704761634,0.18533040982680962,2.820215014370494,1.0,0.8878048780487806,5.0,0.0027862710741195468,0.12377216073062228,82,0.004444707896170156,1.7821769193246773,82,price_fund_h40_q75_trd_xgb_d3e01r100_roll8_pit_s40,price_fund,40,q75,tradable,xgb,3,0.1,100,roll8,0,pit,all,40,0,5,invvol,volq,15.0,turnover,drop,,,,,,,
82,13.02,5.2218909716148465,2.142442100631625,2.4373545357773505,0.13534141047409487,0.06026048372405235,0.07508092675004252,0.01351852933794467,1.7999991611504358,0.573170731707317,0.6554813271540693,0.4988182008263223,0.2369701427169018,-0.4607875439131307,0.14244143902425488,3.007039272273942,1.0,0.9658536585365852,5.0,0.0036854843610692628,0.172561536799487,82,0.005876646715065836,1.8783839283390953,82,pf_rate_beta_120_h40_q75_trd_xgb_d3e01r100_expanding_cap500k_pit_s40_shufrate_beta_1206,pf_rate_beta_120,40,q75,tradable,xgb,3,0.1,100,expanding,500000,pit,all,40,0,5,invvol,volq,15.0,turnover,drop,rate_beta_120,6.0,,,,,
82,13.02,5.221848181907118,2.142442100631625,2.437334563378696,0.13534069601129817,0.06026048372405235,0.07508021228724582,0.013498527246191199,2.03144002687703,0.5365853658536586,0.6562882099405034,0.5629554064045961,0.23648687006899666,-0.489158479736164,0.20135198376832888,3.781504273609068,1.0,0.9512195121951218,5.0,0.0035088621447491126,0.16435502526244325,82,0.00616382722067517,2.029725191406824,82,pf_curve_beta_120_h40_q75_trd_xgb_d3e01r100_expanding_cap500k_pit_s40_shufcurve_beta_1206,pf_curve_beta_120,40,q75,tradable,xgb,3,0.1,100,expanding,500000,pit,all,40,0,5,invvol,volq,15.0,turnover,drop,curve_beta_120,6.0,,,,,
82,13.02,5.159188816098781,2.142442100631625,2.4080878613138585,0.13428862413762022,0.06026048372405235,0.07402814041356787,0.012935504279220484,1.8266937643495564,0.5609756097560976,0.6743171344414595,0.5062158453513604,0.22490608183060548,-0.36580983119197585,0.1683599868113463,3.07112327120198,1.0,0.9414634146341464,5.0,0.002717969505854439,0.12606083467200763,82,0.006196757104390262,2.0925307743669364,82,pf_gross_margin_delta_h40_q75_trd_xgb_d3e01r100_expanding_cap500k_pit_s40_shufgross_margin_delta1,pf_gross_margin_delta,40,q75,tradable,xgb,3,0.1,100,expanding,500000,pit,all,40,0,5,invvol,volq,15.0,turnover,drop,gross_margin_delta,1.0,,,,,
82,13.02,5.154119020261301,2.142442100631625,2.405721498257426,0.134202985513874,0.06026048372405235,0.07394250178982165,0.012960811737932528,1.8548320084633088,0.5487804878048781,0.6707474759727288,0.5140135535982149,0.22634061030947986,-0.36580983119197585,0.21195496749175344,2.937939444591836,1.0,0.9463414634146342,5.0,0.0026535063020403133,0.12344567556152962,82,0.006052433706520536,2.0937869101426694,82,pf_roe_delta_h40_q75_trd_xgb_d3e01r100_expanding_cap500k_pit_s40_shufroe_delta3,pf_roe_delta,40,q75,tradable,xgb,3,0.1,100,expanding,500000,pit,all,40,0,5,invvol,volq,15.0,turnover,drop,roe_delta,3.0,,,,,
82,13.02,5.120607672547476,2.142442100631625,2.390079839748221,0.1336349504563048,0.06026048372405235,0.07337446673225245,0.012876497515652625,1.9005319864256367,0.5853658536585366,0.6710138314973237,0.5266779932696208,0.22545949829677706,-0.3830032065533656,0.10473080001017272,3.0843663734603566,1.0,0.9536585365853659,5.0,0.003620623747352195,0.16794000385629843,82,0.0059893620452488635,2.0206097535610312,82,pf_realized_skew_120_h40_q75_trd_xgb_d3e01r100_expanding_cap500k_pit_s40_shufrealized_skew_1206,pf_realized_skew_120,40,q75,tradable,xgb,3,0.1,100,expanding,500000,pit,all,40,0,5,invvol,volq,15.0,turnover,drop,realized_skew_120,6.0,,,,,
82,13.02,5.117883820795459,2.142442100631625,2.3888084626822015,0.13358862903988178,0.06026048372405235,0.07332814531582943,0.01320711235345124,1.9271166435509692,0.6097560975609756,0.6593536601500846,0.5340451693900627,0.23260418381642778,-0.4682736049216646,-0.23398127029026677,2.9529503139154176,1.0,0.9439024390243903,5.0,0.001987984205950184,0.09501449981958328,82,0.004842461924893889,1.7234294869503815,82,pf_days_to_next_filing_seasonal_h40_q75_trd_xgb_d3e01r100_expanding_cap500k_pit_s40_shufdays_to_next_filing_seasonal7,pf_days_to_next_filing_seasonal,40,q75,tradable,xgb,3,0.1,100,expanding,500000,pit,all,40,0,5,invvol,volq,15.0,turnover,drop,days_to_next_filing_seasonal,7.0,,,,,
82,13.02,5.080820958029637,2.142442100631625,2.3715091094091796,0.13295607139628696,0.06026048372405235,0.07269558767223461,0.012901821915051011,1.9288347614818702,0.573170731707317,0.6730216861295345,0.534521296553673,0.22502382918404934,-0.5098161189320383,-0.46041987634304127,3.286783726539868,1.0,0.9463414634146341,5.0,0.003909676786782699,0.18114694801283834,82,0.006443706807456649,2.3233488172772927,82,pf_filed_going_concern_120d_h40_q75_trd_xgb_d3e01r100_expanding_cap500k_pit_s40,pf_filed_going_concern_120d,40,q75,tradable,xgb,3,0.1,100,expanding,500000,pit,all,40,0,5,invvol,volq,15.0,turnover,drop,,0.0,,,,,
82,13.02,5.080459895370442,2.142442100631625,2.3713405808598718,0.13294988815803932,0.06026048372405235,0.07268940443398697,0.012642331893531134,1.8630118821901283,0.6097560975609756,0.6747145345721123,0.5162803712631691,0.22203735777056519,-0.36580983119197585,0.19746180261997606,3.222189129694871,1.0,0.9414634146341462,5.0,0.0030238653647549777,0.14028773623123986,82,0.0056367129811701,1.8788761508613576,82,pf_realized_skew_120_h40_q75_trd_xgb_d3e01r100_expanding_cap500k_pit_s40_shufrealized_skew_1205,pf_realized_skew_120,40,q75,tradable,xgb,3,0.1,100,expanding,500000,pit,all,40,0,5,invvol,volq,15.0,turnover,drop,realized_skew_120,5.0,,,,,
82,13.02,5.0772092932289015,2.142442100631625,2.369823339324811,0.13289420296002286,0.06026048372405235,0.0726337192359705,0.012661834293997129,1.95795405346285,0.573170731707317,0.6781103192901576,0.5425908741117009,0.2211065671036429,-0.4460043271731319,-0.08664314797300197,2.953708805661833,1.0,0.9463414634146341,5.0,0.003139052308907422,0.14549844169024134,82,0.006385831427372088,2.137892882307474,82,pf_volatility_60_ind_rel_h40_q75_trd_xgb_d3e01r100_expanding_cap500k_pit_s40_shufvolatility_60_ind_rel4,pf_volatility_60_ind_rel,40,q75,tradable,xgb,3,0.1,100,expanding,500000,pit,all,40,0,5,invvol,volq,15.0,turnover,drop,volatility_60_ind_rel,4.0,,,,,
82,13.02,5.066353370003119,2.142442100631625,2.3647562603953123,0.13270799422637425,0.06026048372405235,0.0724475105023219,0.013294660014702711,1.7754935336654851,0.573170731707317,0.6399176788412945,0.4920271682103123,0.24053052172150152,-0.39294701644205987,0.07454070066342199,3.0967766249700768,1.0,0.948780487804878,5.0,0.006993369465294386,0.3102891383933494,82,0.006303020445737675,2.106633650910361,82,pf_rate_beta_120_h40_q75_trd_xgb_d3e01r100_expanding_cap500k_pit_s40,pf_rate_beta_120,40,q75,tradable,xgb,3,0.1,100,expanding,500000,pit,all,40,0,5,invvol,volq,15.0,turnover,drop,,0.0,,,,,
82,13.02,4.989208860223491,2.142442100631625,2.3287485149552443,0.13137404508068284,0.06026048372405235,0.0711135613566305,0.012688903079789537,1.82266924032064,0.5609756097560976,0.6564950327967181,0.5051005638120051,0.22864621568266524,-0.41155993519082723,-0.006184531052569363,2.819421405256866,1.0,0.9512195121951219,5.0,0.0030314041556870177,0.14029219158776005,82,0.006699478127018753,2.29794391402938,82,pf_filed_item502_60d_h40_q75_trd_xgb_d3e01r100_expanding_cap500k_pit_s40_shuffiled_item502_60d7,pf_filed_item502_60d,40,q75,tradable,xgb,3,0.1,100,expanding,500000,pit,all,40,0,5,invvol,volq,15.0,turnover,drop,filed_item502_60d,7.0,,,,,
82,13.02,4.964095893981134,2.142442100631625,2.3170268603840642,0.13093569239685676,0.06026048372405235,0.07067520867280441,0.012454138095667576,1.8013534418356074,0.5609756097560976,0.6620432969393053,0.49919350092055076,0.22449698063440812,-0.36603433069384794,0.12747060280527966,3.1550758252193236,1.0,0.9414634146341462,5.0,0.0028081347672086927,0.13030944888506887,82,0.005765204450814903,1.9738234077972219,82,pf_realized_skew_120_h40_q75_trd_xgb_d3e01r100_expanding_cap500k_pit_s40_shufrealized_skew_1207,pf_realized_skew_120,40,q75,tradable,xgb,3,0.1,100,expanding,500000,pit,all,40,0,5,invvol,volq,15.0,turnover,drop,realized_skew_120,7.0,,,,,
82,13.02,4.951728947178962,2.142442100631625,2.31125450051561,0.13071907159487317,0.06026048372405235,0.07045858787082082,0.012458889298378378,1.8261985303918264,0.5365853658536586,0.6623966335141965,0.5060786054475235,0.22442239800371094,-0.42662920285218764,-0.0055426756018235514,3.7116217580652213,1.0,0.9170731707317074,5.0,0.002611436380396734,0.11975923182553902,82,0.006107668636292728,2.0344032284321742,82,pf_earnings_move_sens_h40_q75_trd_xgb_d3e01r100_expanding_cap500k_pit_s40,pf_earnings_move_sens,40,q75,tradable,xgb,3,0.1,100,expanding,500000,pit,all,40,0,5,invvol,volq,15.0,turnover,drop,,0.0,,,,,
82,13.02,4.950604527806182,2.142442100631625,2.310729669822427,0.1306993513784307,0.06026048372405235,0.07043886765437835,0.013222921013672695,1.7879437663851427,0.5853658536585366,0.6295626586864299,0.49547739353215037,0.24376917785275584,-0.510089321771443,-0.2287164822165443,3.208051726962979,1.0,0.948780487804878,5.0,0.003217977674534287,0.14877312853955219,82,0.006675279056780752,2.3392119995484877,82,price_fund_path_h40_q75_trd_xgb_d3e01r100_expanding_cap500k_pit_s40_shufaccel_201,price_fund_path,40,q75,tradable,xgb,3,0.1,100,expanding,500000,pit,all,40,0,5,invvol,volq,15.0,turnover,drop,accel_20,1.0,,,,,
82,13.02,4.946687039213694,2.142442100631625,2.3089011543207323,0.13063061362815298,0.06026048372405235,0.07037012990410063,0.012536973778093919,1.8689153274090937,0.6097560975609756,0.6635648613131138,0.5179163419826883,0.22476832392155746,-0.5232141340840806,-0.41150448804238327,2.6045682503665573,1.0,0.9512195121951219,5.0,0.0034142041148473618,0.1590344021184228,82,0.006319784251073347,2.2764569686691325,82,price_fund_path_h40_q75_trd_xgb_d3e01r100_expanding_cap500k_pit_s40_shufaccel_2013,price_fund_path,40,q75,tradable,xgb,3,0.1,100,expanding,500000,pit,all,40,0,5,invvol,volq,15.0,turnover,drop,accel_20,13.0,,,,,
82,13.02,4.944289005917295,2.142442100631625,2.307781855322784,0.13058851201899846,0.06026048372405235,0.07032802829494611,0.012190127422363719,1.9385287171078742,0.5975609756097561,0.6819133708869363,0.5372076986413068,0.2155173592296214,-0.43236846419676567,-0.35580338252239013,2.4139045624833844,1.0,0.9512195121951219,5.0,0.0027110457022484448,0.12563622361670887,82,0.006368931926021287,2.184388095189617,82,pf_momentum_20_ind_rel_h40_q75_trd_xgb_d3e01r100_expanding_cap500k_pit_s40_shufmomentum_20_ind_rel2,pf_momentum_20_ind_rel,40,q75,tradable,xgb,3,0.1,100,expanding,500000,pit,all,40,0,5,invvol,volq,15.0,turnover,drop,momentum_20_ind_rel,2.0,,,,,
82,13.02,4.944289005917295,2.142442100631625,2.307781855322784,0.13058851201899846,0.06026048372405235,0.07032802829494611,0.012190127422363719,1.9385287171078742,0.5975609756097561,0.6819133708869363,0.5372076986413068,0.2155173592296214,-0.43236846419676567,-0.35580338252239013,2.4139045624833844,1.0,0.9512195121951219,5.0,0.0027110457022484448,0.12563622361670887,82,0.006368931926021287,2.184388095189617,82,pf_relative_strength_20_ind_rel_h40_q75_trd_xgb_d3e01r100_expanding_cap500k_pit_s40_shufrelative_strength_20_ind_rel2,pf_relative_strength_20_ind_rel,40,q75,tradable,xgb,3,0.1,100,expanding,500000,pit,all,40,0,5,invvol,volq,15.0,turnover,drop,relative_strength_20_ind_rel,2.0,,,,,
82,13.02,4.918111172836566,2.142442100631625,2.2955631666249605,0.1301276848126729,0.06026048372405235,0.06986720108862055,0.012171682655915823,1.8711656039013758,0.573170731707317,0.6759263357156131,0.518539941646215,0.21725446853858188,-0.40676255441708864,-0.295082845165931,2.404902659268463,1.0,0.9512195121951219,5.0,0.0025609443625747826,0.11874326173771933,82,0.0063033685728595855,2.165499499349915,82,pf_volatility_60_ind_rel_h40_q75_trd_xgb_d3e01r100_expanding_cap500k_pit_s40_shufvolatility_60_ind_rel5,pf_volatility_60_ind_rel,40,q75,tradable,xgb,3,0.1,100,expanding,500000,pit,all,40,0,5,invvol,volq,15.0,turnover,drop,volatility_60_ind_rel,5.0,,,,,
82,13.02,4.89375970628984,2.142442100631625,2.2841969474213952,0.12969697089653143,0.06026048372405235,0.06943648717247908,0.012001261679151462,1.7295332141817135,0.5121951219512195,0.6733560628581201,0.479290582344547,0.2164899586237447,-0.3539127651225059,0.12384379227503271,2.626049909905686,1.0,0.9390243902439024,5.0,0.003693161929432683,0.17237346065982942,82,0.0063613129526718425,2.1646759074682658,82,pf_curve_beta_120_h40_q75_trd_xgb_d3e01r100_expanding_cap500k_pit_s40_shufcurve_beta_1203,pf_curve_beta_120,40,q75,tradable,xgb,3,0.1,100,expanding,500000,pit,all,40,0,5,invvol,volq,15.0,turnover,drop,curve_beta_120,3.0,,,,,
82,13.02,4.888024201325804,2.142442100631625,2.2815198599228133,0.1295952369183888,0.06026048372405235,0.06933475319433646,0.012403664399683418,1.8706782351312974,0.5487804878048781,0.6531479703336818,0.5184048813538125,0.2270678013980732,-0.42583383908338,-0.12631617776743712,2.521672650521667,1.0,0.9487804878048782,5.0,0.002742599071900712,0.12657416460339094,82,0.0061587806575928465,2.1376709700618224,82,price_fund_path_h40_q75_trd_xgb_d3e01r100_expanding_cap500k_pit_s40_shufaccel_200,price_fund_path,40,q75,tradable,xgb,3,0.1,100,expanding,500000,pit,all,40,0,5,invvol,volq,15.0,turnover,drop,accel_20,0.0,,,,,
82,13.02,4.872817843904998,2.142442100631625,2.274422185070213,0.1293249785637447,0.06026048372405235,0.06906449483969235,0.012426845991391775,1.7372314190142562,0.5853658536585366,0.644267260533539,0.481423919274386,0.23042433467727916,-0.36580983119197585,0.1427871761012793,3.0321413175747716,1.0,0.9536585365853657,5.0,0.0031523824854774824,0.1460094320356779,82,0.005190144738360954,1.7415236097193227,82,pf_gross_margin_delta_h40_q75_trd_xgb_d3e01r100_expanding_cap500k_pit_s40_shufgross_margin_delta6,pf_gross_margin_delta,40,q75,tradable,xgb,3,0.1,100,expanding,500000,pit,all,40,0,5,invvol,volq,15.0,turnover,drop,gross_margin_delta,6.0,,,,,
82,13.02,4.870451767123382,2.142442100631625,2.273317802001509,0.12928285695689756,0.06026048372405235,0.06902237323284521,0.012360513361711681,1.7640329212421408,0.5609756097560976,0.6483694791199803,0.4888511878027844,0.22832218926611605,-0.3823600453498178,0.08839656285566745,3.1016313604007375,1.0,0.9439024390243902,5.0,0.0025081213496533105,0.11619545543152618,82,0.006209720036613256,2.1493448847861623,82,pf_momentum_60_ind_rel_h40_q75_trd_xgb_d3e01r100_expanding_cap500k_pit_s40_shufmomentum_60_ind_rel7,pf_momentum_60_ind_rel,40,q75,tradable,xgb,3,0.1,100,expanding,500000,pit,all,40,0,5,invvol,volq,15.0,turnover,drop,momentum_60_ind_rel,7.0,,,,,
82,13.02,4.8682925915133,2.142442100631625,2.272309991517648,0.1292444021777499,0.06026048372405235,0.06898391845369756,0.012281441004398971,1.7394717318100752,0.5853658536585366,0.6554463260275833,0.48204475778487976,0.2250972983535802,-0.5080619902276211,-0.12221679650143223,2.4120378723018505,1.0,0.9365853658536585,5.0,0.0024843704053543044,0.11641300210214428,82,0.0055514789099370306,1.9259569962266436,82,pf_earnings_in_window_seasonal_h40_q75_trd_xgb_d3e01r100_expanding_cap500k_pit_s40,pf_earnings_in_window_seasonal,40,q75,tradable,xgb,3,0.1,100,expanding,500000,pit,all,40,0,5,invvol,volq,15.0,turnover,drop,,0.0,,,,,
82,13.02,4.838820419064101,2.142442100631625,2.258553646624822,0.1287179243815204,0.06026048372405235,0.06845744065746806,0.012447315088816474,1.7935073653724831,0.573170731707317,0.6440789899190535,0.49701918560454816,0.23069182052419496,-0.5273581570740351,-0.2413791443773793,3.1016654509388246,1.0,0.9463414634146341,5.0,0.0030999265153996607,0.1434889281384961,82,0.006463340069227166,2.2866096537399825,82,pf_volatility_60_ind_rel_h40_q75_trd_xgb_d3e01r100_expanding_cap500k_pit_s40_shufvolatility_60_ind_rel2,pf_volatility_60_ind_rel,40,q75,tradable,xgb,3,0.1,100,expanding,500000,pit,all,40,0,5,invvol,volq,15.0,turnover,drop,volatility_60_ind_rel,2.0,,,,,
82,13.02,4.7386580681079,2.142442100631625,2.2118021610529732,0.12690626817301043,0.06026048372405235,0.06664578444895808,0.01210732796896516,1.6508037451979756,0.6219512195121951,0.6322111660061593,0.4574729654711146,0.23163582748520264,-0.4239287983110753,0.19049810565150935,2.7222392186890993,1.0,0.9439024390243902,5.0,0.0027010475219016155,0.1257164898598212,82,0.005076945195823845,1.8382853234392456,82,pf_earnings_in_window_seasonal_h40_q75_trd_xgb_d3e01r100_expanding_cap500k_pit_s40_shufearnings_in_window_seasonal3,pf_earnings_in_window_seasonal,40,q75,tradable,xgb,3,0.1,100,expanding,500000,pit,all,40,0,5,invvol,volq,15.0,turnover,drop,earnings_in_window_seasonal,3.0,,,,,
82,13.02,4.6910859410930215,2.142442100631625,2.1895975343791165,0.12603340560382215,0.06026048372405235,0.0657729218797698,0.011881251950367025,1.6912663018758114,0.573170731707317,0.6357091157868621,0.46868600387607223,0.22812177186621088,-0.36580983119197596,0.12110381404436625,3.121410056714995,1.0,0.9317073170731707,5.0,0.0024924628093557326,0.11594155293973091,82,0.0055221054099014975,1.855708770837538,82,pf_realized_skew_120_h40_q75_trd_xgb_d3e01r100_expanding_cap500k_pit_s40_shufrealized_skew_1202,pf_realized_skew_120,40,q75,tradable,xgb,3,0.1,100,expanding,500000,pit,all,40,0,5,invvol,volq,15.0,turnover,drop,realized_skew_120,2.0,,,,,
82,13.02,4.65631840262715,2.142442100631625,2.1733695399536797,0.12539030026107256,0.06026048372405235,0.06512981653702021,0.011543231287295595,1.6805277271210985,0.573170731707317,0.649571926716527,0.46571011552334585,0.21997637089552796,-0.36580983119197585,-0.026127144386545377,3.4021894624478453,1.0,0.9341463414634146,5.0,0.0033393611291097297,0.15501866903474593,82,0.006455016135707588,2.216161245972126,82,pf_revenue_growth_delta_h40_q75_trd_xgb_d3e01r100_expanding_cap500k_pit_s40_shufrevenue_growth_delta5,pf_revenue_growth_delta,40,q75,tradable,xgb,3,0.1,100,expanding,500000,pit,all,40,0,5,invvol,volq,15.0,turnover,drop,revenue_growth_delta,5.0,,,,,
82,13.02,4.651198303978126,2.142442100631625,2.17097969770426,0.1252952180347553,0.06026048372405235,0.06503473431070295,0.011625522394463916,1.6350759622788074,0.573170731707317,0.6387219295611732,0.45311446100730574,0.22452444415413633,-0.3887917555209909,0.22036441345199764,3.0128662275782707,1.0,0.9487804878048779,5.0,0.002544727886665677,0.1179727820058606,82,0.006151867021756429,2.0843266015186184,82,pf_roe_delta_h40_q75_trd_xgb_d3e01r100_expanding_cap500k_pit_s40_shufroe_delta1,pf_roe_delta,40,q75,tradable,xgb,3,0.1,100,expanding,500000,pit,all,40,0,5,invvol,volq,15.0,turnover,drop,roe_delta,1.0,,,,,
82,13.02,4.608499763662287,2.142442100631625,2.1510498520840446,0.12449850496558845,0.06026048372405235,0.0642380212415361,0.011576435376070199,1.6316063146907858,0.5609756097560976,0.6279993890168004,0.4521529475773483,0.2278657804757493,-0.37632234250710006,0.45187032013531553,3.336808021054129,1.0,0.948780487804878,5.0,0.002631719571080599,0.12237979212505429,82,0.006277445442183487,2.1568582581452365,82,pf_roe_delta_h40_q75_trd_xgb_d3e01r100_expanding_cap500k_pit_s40_shufroe_delta7,pf_roe_delta,40,q75,tradable,xgb,3,0.1,100,expanding,500000,pit,all,40,0,5,invvol,volq,15.0,turnover,drop,roe_delta,7.0,,,,,
82,13.02,4.59844843121189,2.142442100631625,2.146358321588339,0.12430996624485968,0.06026048372405235,0.06404948252080733,0.011085866249378098,1.6704722943707788,0.573170731707317,0.661186051094944,0.4629235404063669,0.21175630317425853,-0.36580983119197585,0.0744882137729115,2.8234858327212504,1.0,0.9512195121951219,5.0,0.003372070221693237,0.15627836523300434,82,0.005176374630115508,1.7528150563471625,82,pf_gross_margin_delta_h40_q75_trd_xgb_d3e01r100_expanding_cap500k_pit_s40_shufgross_margin_delta7,pf_gross_margin_delta,40,q75,tradable,xgb,3,0.1,100,expanding,500000,pit,all,40,0,5,invvol,volq,15.0,turnover,drop,gross_margin_delta,7.0,,,,,
82,13.02,4.580702989400477,2.142442100631625,2.138075511142175,0.12397617389321014,0.06026048372405235,0.06371569016915779,0.011501705612576922,1.6968308395937557,0.5121951219512195,0.6312273783499802,0.4702280560907638,0.22595498970473255,-0.3777275381099725,0.1559652590061027,3.0769954567879614,1.0,0.9414634146341464,5.0,0.0027446104142545653,0.12746025308604095,82,0.005503943131367598,1.870575313554231,82,pf_realized_skew_120_h40_q75_trd_xgb_d3e01r100_expanding_cap500k_pit_s40_shufrealized_skew_1200,pf_realized_skew_120,40,q75,tradable,xgb,3,0.1,100,expanding,500000,pit,all,40,0,5,invvol,volq,15.0,turnover,drop,realized_skew_120,0.0,,,,,
82,13.02,4.578174099233282,2.142442100631625,2.136895133774474,0.12392850823246992,0.06026048372405235,0.06366802450841758,0.01134075274180618,1.7325145740004426,0.5609756097560976,0.646780421376008,0.48011678080779735,0.21895438370433584,-0.43890899727094557,-0.2859139969257015,2.3292942372990297,1.0,0.9536585365853657,5.0,0.0028095027760171028,0.13011703305530764,82,0.00663460601768236,2.2569716357296308,82,pf_momentum_20_ind_rel_h40_q75_trd_xgb_d3e01r100_expanding_cap500k_pit_s40_shufmomentum_20_ind_rel7,pf_momentum_20_ind_rel,40,q75,tradable,xgb,3,0.1,100,expanding,500000,pit,all,40,0,5,invvol,volq,15.0,turnover,drop,momentum_20_ind_rel,7.0,,,,,
82,13.02,4.578174099233282,2.142442100631625,2.136895133774474,0.12392850823246992,0.06026048372405235,0.06366802450841758,0.01134075274180618,1.7325145740004426,0.5609756097560976,0.646780421376008,0.48011678080779735,0.21895438370433584,-0.43890899727094557,-0.2859139969257015,2.3292942372990297,1.0,0.9536585365853657,5.0,0.0028095027760171028,0.13011703305530764,82,0.00663460601768236,2.2569716357296308,82,pf_relative_strength_20_ind_rel_h40_q75_trd_xgb_d3e01r100_expanding_cap500k_pit_s40_shufrelative_strength_20_ind_rel7,pf_relative_strength_20_ind_rel,40,q75,tradable,xgb,3,0.1,100,expanding,500000,pit,all,40,0,5,invvol,volq,15.0,turnover,drop,relative_strength_20_ind_rel,7.0,,,,,
82,13.02,4.573844997979518,2.142442100631625,2.134874495152554,0.12384685493220227,0.06026048372405235,0.06358637120814992,0.011295667844397781,1.761850937069247,0.573170731707317,0.6487118194024014,0.48824651339912595,0.2178648385377263,-0.44732452074248175,-0.3007089132227267,2.431422764010428,1.0,0.9463414634146342,5.0,0.00287206871030168,0.13292760967433068,82,0.006230807847152954,2.1427660231312227,82,pf_momentum_120_ind_rel_h40_q75_trd_xgb_d3e01r100_expanding_cap500k_pit_s40_shufmomentum_120_ind_rel2,pf_momentum_120_ind_rel,40,q75,tradable,xgb,3,0.1,100,expanding,500000,pit,all,40,0,5,invvol,volq,15.0,turnover,drop,momentum_120_ind_rel,2.0,,,,,
82,13.02,4.567246926521451,2.142442100631625,2.1317947986435457,0.12372226812728915,0.06026048372405235,0.0634617844032368,0.010196359404488587,1.6814566734899068,0.6097560975609756,0.7343944172805549,0.4659675463968451,0.1830199500548147,-0.38214274443716956,-0.4714210719727696,3.100670545387509,1.0,0.8780487804878049,5.0,0.009421880547431373,0.5655384819584539,82,0.003740059073409222,1.1094876854251892,82,price_fund_h40_xrank_trd_xgb_reg_d3e01r100_expanding_cap500k_pit_s40,price_fund,40,xrank,tradable,xgb_reg,3,0.1,100,expanding,500000,pit,all,40,0,5,invvol,volq,15.0,turnover,drop,,,,,,,
82,13.02,4.565109576795663,2.142442100631625,2.130797175545513,0.1236818744031134,0.06026048372405235,0.06342139067906105,0.010981182412425437,1.8027930176282048,0.5609756097560976,0.665375031089465,0.4995924381102535,0.2094323993122724,-0.4198785811990402,-0.2770301551300582,2.402721364387707,1.0,0.9512195121951218,5.0,0.00326438178201652,0.1511462383355054,82,0.006228672055525891,2.172007782789266,82,pf_filed_item502_60d_h40_q75_trd_xgb_d3e01r100_expanding_cap500k_pit_s40_shuffiled_item502_60d4,pf_filed_item502_60d,40,q75,tradable,xgb,3,0.1,100,expanding,500000,pit,all,40,0,5,invvol,volq,15.0,turnover,drop,filed_item502_60d,4.0,,,,,
82,13.02,4.536862217596991,2.142442100631625,2.1176125208982093,0.12314638163760194,0.06026048372405235,0.0628858979135496,0.011134593130008915,1.7802301155290483,0.5853658536585366,0.6498167711561715,0.49333977617938435,0.21593342541024785,-0.45439509701534186,-0.331672491594303,2.4123037070054014,1.0,0.9512195121951218,5.0,0.0025614779383468576,0.11871351247146943,82,0.006285006445943233,2.163883908380239,82,pf_relative_strength_20_ind_rel_h40_q75_trd_xgb_d3e01r100_expanding_cap500k_pit_s40_shufrelative_strength_20_ind_rel1,pf_relative_strength_20_ind_rel,40,q75,tradable,xgb,3,0.1,100,expanding,500000,pit,all,40,0,5,invvol,volq,15.0,turnover,drop,relative_strength_20_ind_rel,1.0,,,,,
82,13.02,4.536862217596991,2.142442100631625,2.1176125208982093,0.12314638163760194,0.06026048372405235,0.0628858979135496,0.011134593130008915,1.7802301155290483,0.5853658536585366,0.6498167711561715,0.49333977617938435,0.21593342541024785,-0.45439509701534186,-0.331672491594303,2.4123037070054014,1.0,0.9512195121951218,5.0,0.0025614779383468576,0.11871351247146943,82,0.006285006445943233,2.163883908380239,82,pf_momentum_20_ind_rel_h40_q75_trd_xgb_d3e01r100_expanding_cap500k_pit_s40_shufmomentum_20_ind_rel1,pf_momentum_20_ind_rel,40,q75,tradable,xgb,3,0.1,100,expanding,500000,pit,all,40,0,5,invvol,volq,15.0,turnover,drop,momentum_20_ind_rel,1.0,,,,,
82,13.02,4.506644562465875,2.142442100631625,2.1035082166921786,0.12257011907473947,0.06026048372405235,0.06230963535068712,0.010523726463608295,1.6650131789251013,0.573170731707317,0.6764524948314841,0.46141070295427855,0.20174418243604345,-0.42558684732112606,0.02547982375642775,2.6797652966089713,1.0,0.9341463414634146,5.0,0.002148748424228257,0.10023657807582705,82,0.006610171757613504,2.213249466560046,82,pf_rate_beta_250_h40_q75_trd_xgb_d3e01r100_expanding_cap500k_pit_s40_shufrate_beta_2502,pf_rate_beta_250,40,q75,tradable,xgb,3,0.1,100,expanding,500000,pit,all,40,0,5,invvol,volq,15.0,turnover,drop,rate_beta_250,2.0,,,,,
82,13.02,4.488455591135975,2.142442100631625,2.095018385706997,0.12222152601316183,0.06026048372405235,0.06196104228910948,0.011339997862679993,1.5652292028778718,0.5853658536585366,0.6209901534055126,0.4337584326213504,0.22804009706684572,-0.3723846120115022,0.08117859130231969,3.0422460487890777,1.0,0.9292682926829267,5.0,0.002509674821760813,0.11651042082694936,82,0.005983413465286676,2.048680641144257,82,pf_upside_vol_ratio_120_h40_q75_trd_xgb_d3e01r100_expanding_cap500k_pit_s40_shufupside_vol_ratio_1200,pf_upside_vol_ratio_120,40,q75,tradable,xgb,3,0.1,100,expanding,500000,pit,all,40,0,5,invvol,volq,15.0,turnover,drop,upside_vol_ratio_120,0.0,,,,,
82,13.02,4.466369144108094,2.142442100631625,2.0847093803801457,0.12179647998881227,0.06026048372405235,0.06153599626475992,0.011093020625580858,1.5306574965339264,0.5609756097560976,0.6282019059144754,0.4241778746243339,0.22294642179132612,-0.40593710251716486,0.13559783433363767,3.3173329518135475,1.0,0.9536585365853659,5.0,0.0036757016223870043,0.17135453429123768,82,0.0055665155329677396,2.014373992615705,82,pf_gross_margin_delta_h40_q75_trd_xgb_d3e01r100_expanding_cap500k_pit_s40,pf_gross_margin_delta,40,q75,tradable,xgb,3,0.1,100,expanding,500000,pit,all,40,0,5,invvol,volq,15.0,turnover,drop,,0.0,,,,,
82,13.02,4.463836637209437,2.142442100631625,2.0835273148774607,0.1217476188291522,0.06026048372405235,0.061487135105099844,0.011071102299908632,1.6990949875743668,0.573170731707317,0.6357673936673341,0.4708554998398882,0.22007630838473047,-0.45439509701534186,-0.3065911169708362,2.3201902960573637,1.0,0.9512195121951218,5.0,0.002495308001849173,0.11568933714484864,82,0.006428038654891601,2.204871142953785,82,pf_relative_strength_20_ind_rel_h40_q75_trd_xgb_d3e01r100_expanding_cap500k_pit_s40_shufrelative_strength_20_ind_rel5,pf_relative_strength_20_ind_rel,40,q75,tradable,xgb,3,0.1,100,expanding,500000,pit,all,40,0,5,invvol,volq,15.0,turnover,drop,relative_strength_20_ind_rel,5.0,,,,,
82,13.02,4.463836637209437,2.142442100631625,2.0835273148774607,0.1217476188291522,0.06026048372405235,0.061487135105099844,0.011071102299908632,1.6990949875743668,0.573170731707317,0.6357673936673341,0.4708554998398882,0.22007630838473047,-0.45439509701534186,-0.3065911169708362,2.3201902960573637,1.0,0.9512195121951218,5.0,0.002495308001849173,0.11568933714484864,82,0.006428038654891601,2.204871142953785,82,pf_momentum_20_ind_rel_h40_q75_trd_xgb_d3e01r100_expanding_cap500k_pit_s40_shufmomentum_20_ind_rel5,pf_momentum_20_ind_rel,40,q75,tradable,xgb,3,0.1,100,expanding,500000,pit,all,40,0,5,invvol,volq,15.0,turnover,drop,momentum_20_ind_rel,5.0,,,,,
82,13.02,4.435885502789185,2.142442100631625,2.0704809252401346,0.12120663435134382,0.06026048372405235,0.06094615062729147,0.01115972341496399,1.6040556784502542,0.573170731707317,0.6195561325603767,0.4445180780186652,0.2267355718780679,-0.41719090934098546,0.031222284132832803,3.0192110926427222,1.0,0.9439024390243902,5.0,0.003633402681850491,0.16829543612330886,82,0.007071945042522573,2.4572349078354145,82,price_fund_path_h40_q75_trd_xgb_d3e01r100_expanding_cap500k_pit_s40_shufaccel_205,price_fund_path,40,q75,tradable,xgb,3,0.1,100,expanding,500000,pit,all,40,0,5,invvol,volq,15.0,turnover,drop,accel_20,5.0,,,,,
82,13.02,4.429896802818788,2.142442100631625,2.0676856571819537,0.12109031588638786,0.06026048372405235,0.060829832162335506,0.010918080516454595,1.5908004117649563,0.573170731707317,0.6289188153250435,0.44084476059600186,0.2209406281928645,-0.3887917555209909,0.15423401695770442,3.255563028850943,1.0,0.9463414634146341,5.0,0.0033548602742419667,0.1556934332879118,82,0.005959774701407001,2.080217971827676,82,pf_roe_delta_h40_q75_trd_xgb_d3e01r100_expanding_cap500k_pit_s40_shufroe_delta0,pf_roe_delta,40,q75,tradable,xgb,3,0.1,100,expanding,500000,pit,all,40,0,5,invvol,volq,15.0,turnover,drop,roe_delta,0.0,,,,,
82,13.02,4.424749709156156,2.142442100631625,2.0652832148190474,0.12099022787066382,0.06026048372405235,0.060729744146611475,0.010836064645339746,1.7334758583637435,0.6097560975609756,0.6396181753553659,0.480383173230046,0.21643731461514842,-0.48186425751565143,-0.2992881690446668,2.4424290991931756,1.0,0.9512195121951219,5.0,0.0033168874784770745,0.15339404988854383,82,0.005625506174965009,1.949307551573854,82,price_fund_path_h40_q75_trd_xgb_d3e01r100_expanding_cap500k_pit_s40_shufaccel_204,price_fund_path,40,q75,tradable,xgb,3,0.1,100,expanding,500000,pit,all,40,0,5,invvol,volq,15.0,turnover,drop,accel_20,4.0,,,,,
82,13.02,4.421152060495525,2.142442100631625,2.0636039868671836,0.12092020580860097,0.06026048372405235,0.06065972208454862,0.010670700151975597,1.537523521019583,0.5609756097560976,0.641648385513289,0.42608059661147957,0.21412956824550647,-0.37161026706851175,0.12164915863896872,3.0740140058981926,1.0,0.9365853658536585,5.0,0.002483841396585352,0.11541261959705142,82,0.005856384404252529,1.9811236969623924,82,pf_upside_vol_ratio_120_h40_q75_trd_xgb_d3e01r100_expanding_cap500k_pit_s40_shufupside_vol_ratio_1205,pf_upside_vol_ratio_120,40,q75,tradable,xgb,3,0.1,100,expanding,500000,pit,all,40,0,5,invvol,volq,15.0,turnover,drop,upside_vol_ratio_120,5.0,,,,,
82,13.02,4.420375661201602,2.142442100631625,2.0632415970067086,0.12090508762683849,0.06026048372405235,0.06064460390278614,0.010832305850827036,1.5894269299881176,0.5853658536585366,0.6315896771127051,0.4404641394692939,0.21915109610273736,-0.36761160662519976,0.14339749755231934,3.196188027954631,1.0,0.9439024390243902,5.0,0.0034590649098847786,0.16041956287805895,82,0.005658134507660069,1.9413074374692516,82,pf_revenue_growth_delta_h40_q75_trd_xgb_d3e01r100_expanding_cap500k_pit_s40_shufrevenue_growth_delta4,pf_revenue_growth_delta,40,q75,tradable,xgb,3,0.1,100,expanding,500000,pit,all,40,0,5,invvol,volq,15.0,turnover,drop,revenue_growth_delta,4.0,,,,,
82,13.02,4.418201636531117,2.142442100631625,2.0622268556189045,0.12086274159471588,0.06026048372405235,0.060602257870663534,0.011097353871988977,1.6926474805369005,0.573170731707317,0.6268243553657883,0.4690687579737485,0.22347991682968898,-0.5095180010700523,-0.40187561064692556,3.001684567266904,1.0,0.9536585365853657,5.0,0.0020107869317082814,0.09322116215454808,82,0.007137070688033084,2.469700274034503,82,pf_pct_from_low_252_ind_rel_h40_q75_trd_xgb_d3e01r100_expanding_cap500k_pit_s40_shufpct_from_low_252_ind_rel0,pf_pct_from_low_252_ind_rel,40,q75,tradable,xgb,3,0.1,100,expanding,500000,pit,all,40,0,5,invvol,volq,15.0,turnover,drop,pct_from_low_252_ind_rel,0.0,,,,,
82,13.02,4.4134816987966365,2.142442100631625,2.0600237913059463,0.12077073956596673,0.06026048372405235,0.060510255841914384,0.010802052913355967,1.6938238051546866,0.5609756097560976,0.638355954179461,0.46939474264201725,0.2165297551326761,-0.45439509701534186,-0.274159336322559,2.3899978288752646,1.0,0.9512195121951219,5.0,0.0027571534312299615,0.12777486975864824,82,0.006592982161498585,2.2361894086440364,82,pf_relative_strength_20_ind_rel_h40_q75_trd_xgb_d3e01r100_expanding_cap500k_pit_s40_shufrelative_strength_20_ind_rel3,pf_relative_strength_20_ind_rel,40,q75,tradable,xgb,3,0.1,100,expanding,500000,pit,all,40,0,5,invvol,volq,15.0,turnover,drop,relative_strength_20_ind_rel,3.0,,,,,
82,13.02,4.4134816987966365,2.142442100631625,2.0600237913059463,0.12077073956596673,0.06026048372405235,0.060510255841914384,0.010802052913355967,1.6938238051546866,0.5609756097560976,0.638355954179461,0.46939474264201725,0.2165297551326761,-0.45439509701534186,-0.274159336322559,2.3899978288752646,1.0,0.9512195121951219,5.0,0.0027571534312299615,0.12777486975864824,82,0.006592982161498585,2.2361894086440364,82,pf_momentum_20_ind_rel_h40_q75_trd_xgb_d3e01r100_expanding_cap500k_pit_s40_shufmomentum_20_ind_rel3,pf_momentum_20_ind_rel,40,q75,tradable,xgb,3,0.1,100,expanding,500000,pit,all,40,0,5,invvol,volq,15.0,turnover,drop,momentum_20_ind_rel,3.0,,,,,
82,13.02,4.411232759947018,2.142442100631625,2.0589740831953023,0.12072687081672173,0.06026048372405235,0.06046638709266938,0.010873056321876422,1.6412782015770377,0.5487804878048781,0.6272013517090532,0.4548332339459888,0.22109357268286617,-0.442773437811802,0.1719327643084211,3.6349145297350596,1.0,0.948780487804878,5.0,0.00239808123895299,0.11231769719415464,82,0.00575938823570028,1.9654059985483676,82,pf_curve_beta_120_h40_q75_trd_xgb_d3e01r100_expanding_cap500k_pit_s40_shufcurve_beta_1205,pf_curve_beta_120,40,q75,tradable,xgb,3,0.1,100,expanding,500000,pit,all,40,0,5,invvol,volq,15.0,turnover,drop,curve_beta_120,5.0,,,,,
82,13.02,4.408250646531748,2.142442100631625,2.057582160671753,0.12066866860257708,0.06026048372405235,0.06040818487852473,0.010831157178171144,1.5312555924961637,0.573170731707317,0.6291993478418745,0.4243436197859117,0.21997215504759995,-0.36580983119197585,0.11840420654414927,3.178755330207838,1.0,0.9439024390243903,5.0,0.002373401265760971,0.11004396780556486,82,0.005383574425660694,1.8357919348700757,82,pf_revenue_growth_delta_h40_q75_trd_xgb_d3e01r100_expanding_cap500k_pit_s40_shufrevenue_growth_delta2,pf_revenue_growth_delta,40,q75,tradable,xgb,3,0.1,100,expanding,500000,pit,all,40,0,5,invvol,volq,15.0,turnover,drop,revenue_growth_delta,2.0,,,,,
82,13.02,4.403722303672148,2.142442100631625,2.0554685246214413,0.12058021892602855,0.06026048372405235,0.0603197352019762,0.010945456926579627,1.6058900031503514,0.5365853658536586,0.6209632343796825,0.4450264085592467,0.2240488771079752,-0.40757918295254647,0.17010336166189172,3.1036965983248783,1.0,0.948780487804878,5.0,0.004016269045547491,0.18569868710850657,82,0.0059566789142002936,1.9926601125306733,82,pf_gross_margin_delta_h40_q75_trd_xgb_d3e01r100_expanding_cap500k_pit_s40_shufgross_margin_delta0,pf_gross_margin_delta,40,q75,tradable,xgb,3,0.1,100,expanding,500000,pit,all,40,0,5,invvol,volq,15.0,turnover,drop,gross_margin_delta,0.0,,,,,
82,13.02,4.392736849212851,2.142442100631625,2.0503409860727646,0.12036529654787498,0.06026048372405235,0.06010481282382263,0.01081276087361299,1.576853938119769,0.573170731707317,0.6230468382981961,0.43697989496622136,0.2219584164425351,-0.36580983119197596,0.3136251390956868,3.1975176246056587,1.0,0.9463414634146339,5.0,0.0024389020574965975,0.11307988951980001,82,0.0059381799991699465,1.9712375339838546,82,pf_gross_margin_delta_h40_q75_trd_xgb_d3e01r100_expanding_cap500k_pit_s40_shufgross_margin_delta2,pf_gross_margin_delta,40,q75,tradable,xgb,3,0.1,100,expanding,500000,pit,all,40,0,5,invvol,volq,15.0,turnover,drop,gross_margin_delta,2.0,,,,,
82,13.02,4.389405986097984,2.142442100631625,2.048786282160866,0.12030003260894229,0.06026048372405235,0.06003954888488994,0.01093658041467882,1.5077641022434922,0.573170731707317,0.6195033386985818,0.41783362625064946,0.22448663100519586,-0.40387738390290595,0.09749911267351632,2.979872116586856,1.0,0.9536585365853659,5.0,0.0038854637642520827,0.18230196947293492,82,0.0060853934107461954,2.0436897140606742,82,pf_rate_beta_120_h40_q75_trd_xgb_d3e01r100_expanding_cap500k_pit_s40_shufrate_beta_1200,pf_rate_beta_120,40,q75,tradable,xgb,3,0.1,100,expanding,500000,pit,all,40,0,5,invvol,volq,15.0,turnover,drop,rate_beta_120,0.0,,,,,
82,13.02,4.370252233855825,2.142442100631625,2.039846132862777,0.11992384993192617,0.06026048372405235,0.059663366207873825,0.010775023130323384,1.656692395298,0.5609756097560976,0.6292495753487194,0.4591048361472724,0.21939282824877518,-0.42152042293485814,-0.24404954086470468,2.5666195126719433,1.0,0.9463414634146342,5.0,0.0029353443881656883,0.13592951800452918,82,0.0063645383771794685,2.2199308247367235,82,pf_momentum_120_ind_rel_h40_q75_trd_xgb_d3e01r100_expanding_cap500k_pit_s40_shufmomentum_120_ind_rel3,pf_momentum_120_ind_rel,40,q75,tradable,xgb,3,0.1,100,expanding,500000,pit,all,40,0,5,invvol,volq,15.0,turnover,drop,momentum_120_ind_rel,3.0,,,,,
82,13.02,4.360538556099043,2.142442100631625,2.0353122050829233,0.1197324897169858,0.06026048372405235,0.05947200599293345,0.010698936713780987,1.6721707718475405,0.573170731707317,0.6317979430696983,0.46339422478077563,0.21774953074572453,-0.45439509701534186,-0.2965012717343762,2.3628212620236764,1.0,0.9536585365853657,5.0,0.0029732581000893013,0.13779768307896154,82,0.006234897578939426,2.157867723850836,82,pf_opt_bfly25_h40_q75_trd_xgb_d3e01r100_expanding_cap500k_pit_s40,pf_opt_bfly25,40,q75,tradable,xgb,3,0.1,100,expanding,500000,pit,all,40,0,5,invvol,volq,15.0,turnover,drop,,0.0,,,,,
82,13.02,4.359979657878558,2.142442100631625,2.0350513353864583,0.11972146740880785,0.06026048372405235,0.0594609836847555,0.008295021508736193,1.7630832654130966,0.5975609756097561,0.9390990895842444,0.4885880178956688,0.13037553869456914,-0.24142828783673853,-0.2526030403053908,3.1473125589162816,1.0,0.9902439024390244,5.0,-0.014490988315279516,-0.8972904678983442,82,0.00041448425664828244,0.2513733822378678,82,volonly_h40_xrank_trd_xgb_reg_d3e01r100_expanding_cap500k_pit_s40,volonly,40,xrank,tradable,xgb_reg,3,0.1,100,expanding,500000,pit,all,40,0,5,invvol,volq,15.0,turnover,drop,,,,,,,
82,13.02,4.351005038006232,2.142442100631625,2.0308623681001636,0.11954429561489133,0.06026048372405235,0.05928381189083898,0.01093287656036227,1.6064020450731689,0.524390243902439,0.607903814521819,0.4451683063090902,0.22873173325654142,-0.4217354065046479,0.26208992946552634,2.757353803144713,1.0,0.9634146341463413,5.0,0.004963377862488919,0.23335475443368747,82,0.0056294443344974245,2.008819719149161,82,pf_curve_beta_120_h40_q75_trd_xgb_d3e01r100_expanding_cap500k_pit_s40_shufcurve_beta_1200,pf_curve_beta_120,40,q75,tradable,xgb,3,0.1,100,expanding,500000,pit,all,40,0,5,invvol,volq,15.0,turnover,drop,curve_beta_120,0.0,,,,,
82,13.02,4.346098493540983,2.142442100631625,2.028572203776095,0.11944729073458937,0.06026048372405235,0.059186807010537024,0.011610995476652952,1.4931049960351122,0.5487804878048781,0.5857761669555626,0.4137712749216007,0.24466206384878503,-0.5263608587647449,-0.11179776227050287,3.178634106883666,1.0,0.9463414634146341,5.0,0.002736219786182314,0.12664090087298613,82,0.006884205888106298,2.4293296467154972,82,pf_pct_from_low_252_ind_rel_h40_q75_trd_xgb_d3e01r100_expanding_cap500k_pit_s40_shufpct_from_low_252_ind_rel1,pf_pct_from_low_252_ind_rel,40,q75,tradable,xgb,3,0.1,100,expanding,500000,pit,all,40,0,5,invvol,volq,15.0,turnover,drop,pct_from_low_252_ind_rel,1.0,,,,,
82,13.02,4.343849112940581,2.142442100631625,2.0275222894751495,0.11940278553153227,0.06026048372405235,0.059142301807479924,0.010743908202942338,1.6486731190074055,0.5609756097560976,0.6283734294453838,0.4568825234609449,0.2193869087513257,-0.48436245052543303,-0.4228468781936444,2.888281739544582,1.0,0.9560975609756098,5.0,0.002725977174535649,0.12629763374762085,82,0.00631552364992889,2.2073850355928664,82,pf_momentum_120_ind_rel_h40_q75_trd_xgb_d3e01r100_expanding_cap500k_pit_s40_shufmomentum_120_ind_rel0,pf_momentum_120_ind_rel,40,q75,tradable,xgb,3,0.1,100,expanding,500000,pit,all,40,0,5,invvol,volq,15.0,turnover,drop,momentum_120_ind_rel,0.0,,,,,
82,13.02,4.335107908525817,2.142442100631625,2.0234422705041877,0.11922963387480912,0.06026048372405235,0.058969150150756766,0.010591643796223467,1.667356348390449,0.573170731707317,0.6316047067155207,0.4620600452440766,0.21674640696135528,-0.45439509701534186,-0.2927714847320423,2.3960599632767625,1.0,0.9512195121951218,5.0,0.0029308168982836134,0.13584663164987187,82,0.006291739796613903,2.1799318240765997,82,pf_opt_atm_iv_h40_q75_trd_xgb_d3e01r100_expanding_cap500k_pit_s40,pf_opt_atm_iv,40,q75,tradable,xgb,3,0.1,100,expanding,500000,pit,all,40,0,5,invvol,volq,15.0,turnover,drop,,0.0,,,,,
82,13.02,4.335107908525817,2.142442100631625,2.0234422705041877,0.11922963387480912,0.06026048372405235,0.058969150150756766,0.010591643796223467,1.667356348390449,0.573170731707317,0.6316047067155207,0.4620600452440766,0.21674640696135528,-0.45439509701534186,-0.2927714847320423,2.3960599632767625,1.0,0.9512195121951218,5.0,0.0029308168982836134,0.13584663164987187,82,0.006291739796613903,2.1799318240765997,82,pf_opt_implied_move_40_h40_q75_trd_xgb_d3e01r100_expanding_cap500k_pit_s40,pf_opt_implied_move_40,40,q75,tradable,xgb,3,0.1,100,expanding,500000,pit,all,40,0,5,invvol,volq,15.0,turnover,drop,,0.0,,,,,
82,13.02,4.334857089765802,2.142442100631625,2.0233251990743737,0.11922466073256355,0.06026048372405235,0.0589641770085112,0.010523597238062529,1.699982088502895,0.5609756097560976,0.6351909346024214,0.47110133444840935,0.2148480627183792,-0.4188967582087171,-0.28535758983380904,2.332193277326265,1.0,0.9560975609756096,5.0,0.0028556445583310104,0.1324060189947413,82,0.0058726621272633985,2.0937762529955966,82,pf_momentum_60_ind_rel_h40_q75_trd_xgb_d3e01r100_expanding_cap500k_pit_s40_shufmomentum_60_ind_rel5,pf_momentum_60_ind_rel,40,q75,tradable,xgb,3,0.1,100,expanding,500000,pit,all,40,0,5,invvol,volq,15.0,turnover,drop,momentum_60_ind_rel,5.0,,,,,
82,13.02,4.322176741932871,2.142442100631625,2.0174065570587074,0.11897289260197907,0.06026048372405235,0.058712408877926725,0.011017118388552044,1.5683725931145391,0.5121951219512195,0.6012268169593252,0.43462953317305697,0.23215429618333946,-0.44941448993596134,0.08472400565628242,2.832408938419411,1.0,0.9512195121951218,5.0,0.002547353839712741,0.11945418645045897,82,0.00446758463416145,1.5413237746193313,82,pf_curve_beta_120_h40_q75_trd_xgb_d3e01r100_expanding_cap500k_pit_s40_shufcurve_beta_1204,pf_curve_beta_120,40,q75,tradable,xgb,3,0.1,100,expanding,500000,pit,all,40,0,5,invvol,volq,15.0,turnover,drop,curve_beta_120,4.0,,,,,
82,13.02,4.321595140637722,2.142442100631625,2.0171350905416063,0.11896132856787567,0.06026048372405235,0.05870084484382332,0.01062188877629024,1.4619069960759765,0.573170731707317,0.6209589317490141,0.4051256429986117,0.22076904809904574,-0.4976546745867909,0.10325304899273827,3.4409235175791233,1.0,0.9536585365853657,5.0,0.0030433240577731864,0.14619400242274616,82,0.004337945241371894,1.5480748997687233,82,pf_days_to_next_filing_seasonal_h40_q75_trd_xgb_d3e01r100_expanding_cap500k_pit_s40_shufdays_to_next_filing_seasonal6,pf_days_to_next_filing_seasonal,40,q75,tradable,xgb,3,0.1,100,expanding,500000,pit,all,40,0,5,invvol,volq,15.0,turnover,drop,days_to_next_filing_seasonal,6.0,,,,,
82,13.02,4.316480919774976,2.142442100631625,2.0147479917904945,0.11885958011572884,0.06026048372405235,0.058599096391676486,0.011357006203263818,1.5596563871609967,0.5487804878048781,0.5887957117175442,0.43221408639640463,0.24069088569526978,-0.4914716618505719,-0.06732076722982873,2.9932739504540073,1.0,0.9439024390243903,5.0,0.003437849693999085,0.15278197770056132,82,0.005820688117919731,1.948257611339263,82,pf_rate_beta_250_h40_q75_trd_xgb_d3e01r100_expanding_cap500k_pit_s40,pf_rate_beta_250,40,q75,tradable,xgb,3,0.1,100,expanding,500000,pit,all,40,0,5,invvol,volq,15.0,turnover,drop,,0.0,,,,,
82,13.02,4.313564935869079,2.142442100631625,2.0133869356830565,0.11880151619942314,0.06026048372405235,0.05854103247537079,0.010799344689308167,1.6060402421653182,0.5609756097560976,0.6115790778348503,0.44506804299817154,0.22598223022553027,-0.4601241660547347,-0.008101286408642059,3.1989361862471983,1.0,0.9536585365853659,5.0,0.0032151464640169693,0.14921639272454726,82,0.005881804439711863,2.0083073310177735,82,price_fund_path_h40_q75_trd_xgb_d3e01r100_expanding_cap500k_pit_s40,price_fund_path,40,q75,tradable,xgb,3,0.1,100,expanding,500000,pit,all,40,0,5,invvol,volq,15.0,turnover,drop,,,,,,,
82,13.02,4.310484548162305,2.142442100631625,2.0119491429390353,0.11874013925454663,0.06026048372405235,0.05847965553049428,0.01108252560681147,1.5329924572422737,0.5121951219512195,0.5970702099161891,0.42482494209229515,0.23446032738472186,-0.3893149928095838,0.039988597548129466,3.1333745218530322,1.0,0.9536585365853659,5.0,0.0036953733069176186,0.1729551425947007,82,0.0074706463764793625,2.516098779378071,82,pf_rate_beta_120_h40_q75_trd_xgb_d3e01r100_expanding_cap500k_pit_s40_shufrate_beta_1201,pf_rate_beta_120,40,q75,tradable,xgb,3,0.1,100,expanding,500000,pit,all,40,0,5,invvol,volq,15.0,turnover,drop,rate_beta_120,1.0,,,,,
82,13.02,4.303571478525452,2.142442100631625,2.0087224188026793,0.11860224830552668,0.06026048372405235,0.05834176458147433,0.010644455971850474,1.6723751694822315,0.5853658536585366,0.6220583139312901,0.46345086772961164,0.22060733120522827,-0.46822798721668735,-0.3349533146234253,2.378775513798689,1.0,0.9463414634146341,5.0,0.003068798537518652,0.14208887449503074,82,0.0066538666131623885,2.3021583507064913,82,price_fund_path_h40_q75_trd_xgb_d3e01r100_expanding_cap500k_pit_s40_shufaccel_2019,price_fund_path,40,q75,tradable,xgb,3,0.1,100,expanding,500000,pit,all,40,0,5,invvol,volq,15.0,turnover,drop,accel_20,19.0,,,,,
82,13.02,4.29263736817093,2.142442100631625,2.0036188454779684,0.11838373395295121,0.06026048372405235,0.05812325022889886,0.01047898189064073,1.6581884265444158,0.5609756097560976,0.6275990310970465,0.45951941834865523,0.2169993564969611,-0.45439509701534186,-0.2966404149936909,2.3667774505343524,1.0,0.9512195121951218,5.0,0.0028323607896831205,0.13116952817563085,82,0.0059717491633999075,2.1036490453153722,82,pf_net_issuance_pct_h40_q75_trd_xgb_d3e01r100_expanding_cap500k_pit_s40_shufnet_issuance_pct7,pf_net_issuance_pct,40,q75,tradable,xgb,3,0.1,100,expanding,500000,pit,all,40,0,5,invvol,volq,15.0,turnover,drop,net_issuance_pct,7.0,,,,,
82,13.02,4.258361090769834,2.142442100631625,1.9876201506282962,0.11769538876978669,0.06026048372405235,0.05743490504573434,0.01017031733623726,1.639769485108332,0.573170731707317,0.6371250859842962,0.45441513639865677,0.21070404857207495,-0.4044089889188781,-0.31664827842260035,2.409922474999848,1.0,0.9585365853658536,5.0,0.0032300264415596265,0.14973530583634953,82,0.0063923016708059026,2.231414968249834,82,pf_filed_item502_60d_h40_q75_trd_xgb_d3e01r100_expanding_cap500k_pit_s40_shuffiled_item502_60d3,pf_filed_item502_60d,40,q75,tradable,xgb,3,0.1,100,expanding,500000,pit,all,40,0,5,invvol,volq,15.0,turnover,drop,filed_item502_60d,3.0,,,,,
82,13.02,4.226638280969564,2.142442100631625,1.972813304837263,0.11705374999517182,0.06026048372405235,0.05679326627111947,0.009715874375287974,1.5677619121823367,0.5121951219512195,0.6660498950167101,0.43446030044758976,0.19725710646319192,-0.51637274309176,-0.710033271422325,3.661906432486533,1.0,0.8146341463414634,5.0,0.018058213906208865,1.2806781500702586,82,0.0058864465383086555,1.9790432181356665,82,fund_only_h40_xrank_trd_xgb_reg_d3e01r100_expanding_cap500k_pit_s40,fund_only,40,xrank,tradable,xgb_reg,3,0.1,100,expanding,500000,pit,all,40,0,5,invvol,volq,15.0,turnover,drop,,,,,,,
82,13.02,4.223548945032206,2.142442100631625,1.9713713354433422,0.1169910264386822,0.06026048372405235,0.05673054271462985,0.011124506069048329,1.4760990368041251,0.5609756097560976,0.5840674579731896,0.4090585605103867,0.2401326048936368,-0.5427208714497206,-0.26625196078857666,2.9524430136728563,1.0,0.948780487804878,5.0,0.006631823860792959,0.3172527316923441,82,0.006081834062450547,2.1674968176954827,82,pf_days_to_next_filing_seasonal_h40_q75_trd_xgb_d3e01r100_expanding_cap500k_pit_s40,pf_days_to_next_filing_seasonal,40,q75,tradable,xgb,3,0.1,100,expanding,500000,pit,all,40,0,5,invvol,volq,15.0,turnover,drop,,0.0,,,,,
82,13.02,4.22153930007711,2.142442100631625,1.9704333194500492,0.11695020137467749,0.06026048372405235,0.05668971765062514,0.011104913160214998,1.551606266003266,0.5853658536585366,0.5891706763909951,0.4299832259387993,0.23784323196031265,-0.5588713420849258,-0.5115672341876343,3.1645828182139226,1.0,0.9390243902439024,5.0,0.0029436829354194624,0.13641249822408077,82,0.006318630414711962,2.2348633948730185,82,price_fund_path_h40_q75_trd_xgb_d3e01r100_expanding_cap500k_pit_s40_shufaccel_207,price_fund_path,40,q75,tradable,xgb,3,0.1,100,expanding,500000,pit,all,40,0,5,invvol,volq,15.0,turnover,drop,accel_20,7.0,,,,,
82,13.02,4.219090411518027,2.142442100631625,1.9692902833986383,0.11690042900778175,0.06026048372405235,0.0566399452837294,0.010841849418308402,1.520875987759307,0.573170731707317,0.5935808346268949,0.4214672096897991,0.23328527570201726,-0.5055029961881299,-0.25193692821412833,2.5885242215038042,1.0,0.9439024390243902,5.0,0.0036082152677061378,0.16908456843317066,82,0.005031611584979814,1.7533127883429718,82,pf_pct_from_low_252_ind_rel_h40_q75_trd_xgb_d3e01r100_expanding_cap500k_pit_s40,pf_pct_from_low_252_ind_rel,40,q75,tradable,xgb,3,0.1,100,expanding,500000,pit,all,40,0,5,invvol,volq,15.0,turnover,drop,,0.0,,,,,
82,13.02,4.204582789602504,2.142442100631625,1.962518748283992,0.11660502108412385,0.06026048372405235,0.0563445373600715,0.010222530300965923,1.5949073144576218,0.5609756097560976,0.6199766877190256,0.4419828710220172,0.2170624122058351,-0.45439509701534186,-0.28640582714950347,2.3461972908100206,1.0,0.9536585365853657,5.0,0.002972682830286567,0.13772084895520914,82,0.00627188002048907,2.163756079853307,82,pf_net_issuance_pct_h40_q75_trd_xgb_d3e01r100_expanding_cap500k_pit_s40_shufnet_issuance_pct3,pf_net_issuance_pct,40,q75,tradable,xgb,3,0.1,100,expanding,500000,pit,all,40,0,5,invvol,volq,15.0,turnover,drop,net_issuance_pct,3.0,,,,,
82,13.02,4.182705519659153,2.142442100631625,1.9523073778404685,0.11615776619592322,0.06026048372405235,0.05589728247187087,0.01016438135424316,1.5917096173123997,0.5609756097560976,0.6177304397030621,0.4410967208663984,0.21725893015153952,-0.45439509701534186,-0.28268687019908106,2.3752468477331306,1.0,0.9512195121951218,5.0,0.0029622869659756234,0.13730438314504326,82,0.006232490090029481,2.157022793304959,82,pf_opt_rr25_h40_q75_trd_xgb_d3e01r100_expanding_cap500k_pit_s40,pf_opt_rr25,40,q75,tradable,xgb,3,0.1,100,expanding,500000,pit,all,40,0,5,invvol,volq,15.0,turnover,drop,,0.0,,,,,
82,13.02,4.158009115493201,2.142442100631625,1.9407801565640233,0.1156502749693229,0.06026048372405235,0.05538979124527055,0.010097817591892403,1.5843129623169023,0.5487804878048781,0.6150916871074592,0.4390469498350447,0.21750949624174046,-0.4620336190712945,-0.2730549670903,2.378443173008516,1.0,0.9463414634146341,5.0,0.0029873679554930513,0.13813913737168157,82,0.006198083722051188,2.1434995291578693,82,pf_momentum_120_ind_rel_h40_q75_trd_xgb_d3e01r100_expanding_cap500k_pit_s40_shufmomentum_120_ind_rel1,pf_momentum_120_ind_rel,40,q75,tradable,xgb,3,0.1,100,expanding,500000,pit,all,40,0,5,invvol,volq,15.0,turnover,drop,momentum_120_ind_rel,1.0,,,,,
82,13.02,4.157546668763626,2.142442100631625,1.9405643062829638,0.11564074554584436,0.06026048372405235,0.05538026182179201,0.010195536576777412,1.5726294092501214,0.5487804878048781,0.6095169761769543,0.4358091878150304,0.2205084570866108,-0.4514538380498896,-0.24251790112676838,2.463610751144887,1.0,0.9536585365853659,5.0,0.003051084624154309,0.14140454150302909,82,0.006418004404243451,2.205199775836921,82,pf_volatility_20_ind_rel_h40_q75_trd_xgb_d3e01r100_expanding_cap500k_pit_s40_shufvolatility_20_ind_rel0,pf_volatility_20_ind_rel,40,q75,tradable,xgb,3,0.1,100,expanding,500000,pit,all,40,0,5,invvol,volq,15.0,turnover,drop,volatility_20_ind_rel,0.0,,,,,
82,13.02,4.149912911063872,2.142442100631625,1.9370011958971556,0.11548329870537377,0.06026048372405235,0.05522281498132142,0.010048317712945924,1.5765570856268125,0.5609756097560976,0.6157811372167462,0.43689763080207994,0.2167597539897098,-0.45439509701534186,-0.27416752905194275,2.3883122683930638,1.0,0.9487804878048779,5.0,0.0028901550612447837,0.13395842939856997,82,0.0062701383928802906,2.172554705652525,82,pf_opt_vrp_h40_q75_trd_xgb_d3e01r100_expanding_cap500k_pit_s40,pf_opt_vrp,40,q75,tradable,xgb,3,0.1,100,expanding,500000,pit,all,40,0,5,invvol,volq,15.0,turnover,drop,,0.0,,,,,
82,13.02,4.143310982577923,2.142442100631625,1.9339196990931098,0.11534691766075245,0.06026048372405235,0.0550864339367001,0.01001449229017565,1.5645710576410359,0.573170731707317,0.6157516454597419,0.4335760465236196,0.21642420322178765,-0.45439509701534186,-0.26229743318627374,2.373687529597934,1.0,0.9512195121951218,5.0,0.002875438135889352,0.13323186511243165,82,0.006161183966317576,2.122392397463967,82,pf_filed_going_concern_120d_h40_q75_trd_xgb_d3e01r100_expanding_cap500k_pit_s40_shuffiled_going_concern_120d6,pf_filed_going_concern_120d,40,q75,tradable,xgb,3,0.1,100,expanding,500000,pit,all,40,0,5,invvol,volq,15.0,turnover,drop,filed_going_concern_120d,6.0,,,,,
82,13.02,4.143310982577923,2.142442100631625,1.9339196990931098,0.11534691766075245,0.06026048372405235,0.0550864339367001,0.01001449229017565,1.5645710576410359,0.573170731707317,0.6157516454597419,0.4335760465236196,0.21642420322178765,-0.45439509701534186,-0.26229743318627374,2.373687529597934,1.0,0.9512195121951218,5.0,0.002875438135889352,0.13323186511243165,82,0.006161183966317576,2.122392397463967,82,pf_filed_item402_240d_h40_q75_trd_xgb_d3e01r100_expanding_cap500k_pit_s40_shuffiled_item402_240d6,pf_filed_item402_240d,40,q75,tradable,xgb,3,0.1,100,expanding,500000,pit,all,40,0,5,invvol,volq,15.0,turnover,drop,filed_item402_240d,6.0,,,,,
82,13.02,4.134764021848604,2.142442100631625,1.9299303447358562,0.1151700583144235,0.06026048372405235,0.05490957459037116,0.010326474559265506,1.4736937898038474,0.573170731707317,0.5908510971042905,0.4083920152101908,0.2288701897219195,-0.41410051982640117,0.19033190977490075,2.9412390066755627,1.0,0.948780487804878,5.0,0.0034724469748682184,0.16086054481247475,82,0.005914812691975035,1.9821120317071959,82,pf_gross_margin_delta_h40_q75_trd_xgb_d3e01r100_expanding_cap500k_pit_s40_shufgross_margin_delta3,pf_gross_margin_delta,40,q75,tradable,xgb,3,0.1,100,expanding,500000,pit,all,40,0,5,invvol,volq,15.0,turnover,drop,gross_margin_delta,3.0,,,,,
82,13.02,4.120092034552863,2.142442100631625,1.923082090917741,0.11486566739629911,0.06026048372405235,0.05460518367224676,0.009909598276901846,1.5539349950394241,0.5487804878048781,0.6157049074049481,0.43062856647733944,0.21536779945713205,-0.45439509701534186,-0.26196567393900033,2.436361030039629,1.0,0.9512195121951218,5.0,0.0027863027410857024,0.12907105275182204,82,0.0060550725146365164,2.0841670036247573,82,pf_net_issuance_pct_h40_q75_trd_xgb_d3e01r100_expanding_cap500k_pit_s40_shufnet_issuance_pct5,pf_net_issuance_pct,40,q75,tradable,xgb,3,0.1,100,expanding,500000,pit,all,40,0,5,invvol,volq,15.0,turnover,drop,net_issuance_pct,5.0,,,,,
82,13.02,4.119884635352364,2.142442100631625,1.9229852858743572,0.11486135744094605,0.06026048372405235,0.054600873716893705,0.010311340260623778,1.4502223313660512,0.5853658536585366,0.5901880531785083,0.40188757291854643,0.22896583024081657,-0.4498219256447632,0.11444578514472437,3.4613637605307934,1.0,0.9292682926829269,5.0,0.002756148527945708,0.1280043081521913,82,0.005904304475874349,2.0169927713592726,82,pf_upside_vol_ratio_120_h40_q75_trd_xgb_d3e01r100_expanding_cap500k_pit_s40_shufupside_vol_ratio_1206,pf_upside_vol_ratio_120,40,q75,tradable,xgb,3,0.1,100,expanding,500000,pit,all,40,0,5,invvol,volq,15.0,turnover,drop,upside_vol_ratio_120,6.0,,,,,
82,13.02,4.113283087162424,2.142442100631625,1.9199039665761628,0.11472406613952879,0.06026048372405235,0.05446358241547644,0.010082465163787697,1.5354177689436126,0.5365853658536586,0.6054938591506238,0.4254970477495732,0.22079762207731324,-0.5116909483755793,-0.3032353046406064,2.202960586595283,1.0,0.9512195121951219,5.0,0.002950939981446824,0.1367067393366036,82,0.006389688148034227,2.1932138362004374,82,pf_volatility_20_ind_rel_h40_q75_trd_xgb_d3e01r100_expanding_cap500k_pit_s40_shufvolatility_20_ind_rel3,pf_volatility_20_ind_rel,40,q75,tradable,xgb,3,0.1,100,expanding,500000,pit,all,40,0,5,invvol,volq,15.0,turnover,drop,volatility_20_ind_rel,3.0,,,,,
82,13.02,4.096418818739903,2.142442100631625,1.912032450040174,0.11437241699145062,0.06026048372405235,0.05411193326739827,0.009938585439808145,1.4928967556895116,0.5975609756097561,0.6103449985926469,0.41371356707552287,0.21755818751261616,-0.49025979472681736,-0.3802313424423122,2.4619852026135636,1.0,0.9317073170731708,5.0,0.0037001549834488837,0.16706468960000645,82,0.005229225016269936,1.7347436936873475,82,pf_curve_beta_120_h40_q75_trd_xgb_d3e01r100_expanding_cap500k_pit_s40,pf_curve_beta_120,40,q75,tradable,xgb,3,0.1,100,expanding,500000,pit,all,40,0,5,invvol,volq,15.0,turnover,drop,,0.0,,,,,
82,13.02,4.095919351496856,2.142442100631625,1.9117993201726737,0.11436198187177715,0.06026048372405235,0.0541014981477248,0.009922538540340193,1.5604025513616053,0.5487804878048781,0.6093726490351011,0.4324208644283625,0.21773950611338702,-0.45439509701534186,-0.2902379815444596,2.310745528926798,1.0,0.9512195121951218,5.0,0.002846937042194396,0.1318665332343114,82,0.006151624553284211,2.1307941687011245,82,pf_net_issuance_pct_h40_q75_trd_xgb_d3e01r100_expanding_cap500k_pit_s40_shufnet_issuance_pct4,pf_net_issuance_pct,40,q75,tradable,xgb,3,0.1,100,expanding,500000,pit,all,40,0,5,invvol,volq,15.0,turnover,drop,net_issuance_pct,4.0,,,,,
82,13.02,4.094612567904871,2.142442100631625,1.9111893696906515,0.11433467433617284,0.06026048372405235,0.05407419061212049,0.010375562109884794,1.5452153184731843,0.5487804878048781,0.5875869495439503,0.4282121579198046,0.2306676849028249,-0.485081303464983,-0.25979673055457525,2.5615061272950466,1.0,0.9390243902439024,5.0,0.003389786086787054,0.15686701725545407,82,0.007136653216550473,2.478585830128413,82,price_fund_path_h40_q75_trd_xgb_d3e01r100_expanding_cap500k_pit_s40_shufaccel_209,price_fund_path,40,q75,tradable,xgb,3,0.1,100,expanding,500000,pit,all,40,0,5,invvol,volq,15.0,turnover,drop,accel_20,9.0,,,,,
82,13.02,4.09388404558755,2.142442100631625,1.910849326747551,0.11431944709106934,0.06026048372405235,0.05405896336701699,0.00986638639457624,1.5358979260487498,0.5487804878048781,0.6115485031427036,0.42563010953563835,0.21638658667756136,-0.4436639711565805,-0.2695607378029736,2.3761185667234224,1.0,0.9512195121951218,5.0,0.0027246345079334987,0.12627667791239133,82,0.00576461287960023,2.0527323681423484,82,pf_momentum_60_ind_rel_h40_q75_trd_xgb_d3e01r100_expanding_cap500k_pit_s40_shufmomentum_60_ind_rel1,pf_momentum_60_ind_rel,40,q75,tradable,xgb,3,0.1,100,expanding,500000,pit,all,40,0,5,invvol,volq,15.0,turnover,drop,momentum_60_ind_rel,1.0,,,,,
82,13.02,4.093343443860038,2.142442100631625,1.9105969970685586,0.11430814606041273,0.06026048372405235,0.05404766233636038,0.010234931454118175,1.4825672694395975,0.5487804878048781,0.5878733485525797,0.4108510458822634,0.22904887483243397,-0.45439509701534186,0.10262683029743028,3.319939952870559,1.0,0.9512195121951218,5.0,0.002735178660471094,0.1267410699230166,82,0.006316850645749521,2.1866806775413172,82,pf_relative_strength_20_ind_rel_h40_q75_trd_xgb_d3e01r100_expanding_cap500k_pit_s40_shufrelative_strength_20_ind_rel6,pf_relative_strength_20_ind_rel,40,q75,tradable,xgb,3,0.1,100,expanding,500000,pit,all,40,0,5,invvol,volq,15.0,turnover,drop,relative_strength_20_ind_rel,6.0,,,,,
82,13.02,4.093343443860038,2.142442100631625,1.9105969970685586,0.11430814606041273,0.06026048372405235,0.05404766233636038,0.010234931454118175,1.4825672694395975,0.5487804878048781,0.5878733485525797,0.4108510458822634,0.22904887483243397,-0.45439509701534186,0.10262683029743028,3.319939952870559,1.0,0.9512195121951218,5.0,0.002735178660471094,0.1267410699230166,82,0.006316850645749521,2.1866806775413172,82,pf_momentum_20_ind_rel_h40_q75_trd_xgb_d3e01r100_expanding_cap500k_pit_s40_shufmomentum_20_ind_rel6,pf_momentum_20_ind_rel,40,q75,tradable,xgb,3,0.1,100,expanding,500000,pit,all,40,0,5,invvol,volq,15.0,turnover,drop,momentum_20_ind_rel,6.0,,,,,
82,13.02,4.089972206241224,2.142442100631625,1.909023448071449,0.11423764078315957,0.06026048372405235,0.05397715705910722,0.010217576790137616,1.551373199600684,0.5487804878048781,0.5902908850567571,0.42991863826225024,0.2279256635154296,-0.5213111139900002,-0.0456135918363206,3.0334311460069876,1.0,0.9463414634146341,5.0,0.0035785084278540345,0.1655176049621605,82,0.006243790701618416,2.1345530238301538,82,pf_net_issuance_pct_h40_q75_trd_xgb_d3e01r100_expanding_cap500k_pit_s40,pf_net_issuance_pct,40,q75,tradable,xgb,3,0.1,100,expanding,500000,pit,all,40,0,5,invvol,volq,15.0,turnover,drop,,0.0,,,,,
82,13.02,4.0613253414442845,2.142442100631625,1.89565232136119,0.11363635251423032,0.06026048372405235,0.05337586879017797,0.01020084302636646,1.4339803686469652,0.5609756097560976,0.5807547089470338,0.39738657825350193,0.2314868259803786,-0.45511521828584234,0.17427166256697887,2.910992045101999,1.0,0.94390243902439,5.0,0.003360766708958541,0.15579219493143168,82,0.005453067944984537,1.869442538925859,82,pf_roe_delta_h40_q75_trd_xgb_d3e01r100_expanding_cap500k_pit_s40_shufroe_delta5,pf_roe_delta,40,q75,tradable,xgb,3,0.1,100,expanding,500000,pit,all,40,0,5,invvol,volq,15.0,turnover,drop,roe_delta,5.0,,,,,
82,13.02,4.054682911639446,2.142442100631625,1.892551920280162,0.11349637100652354,0.06026048372405235,0.053235887282471195,0.009676273446196891,1.5666031851496078,0.5487804878048781,0.6118977032723872,0.43413919244588084,0.21430656748131838,-0.4749591761651577,-0.27073635863029677,2.3671678879636118,1.0,0.9512195121951218,5.0,0.0029261277493169463,0.13540303226752032,82,0.006389620890160526,2.1862648184529396,82,pf_momentum_120_ind_rel_h40_q75_trd_xgb_d3e01r100_expanding_cap500k_pit_s40_shufmomentum_120_ind_rel6,pf_momentum_120_ind_rel,40,q75,tradable,xgb,3,0.1,100,expanding,500000,pit,all,40,0,5,invvol,volq,15.0,turnover,drop,momentum_120_ind_rel,6.0,,,,,
82,13.02,4.053411044197338,2.142442100631625,1.891958267157992,0.11346954372734586,0.06026048372405235,0.05320906000329351,0.010077684341862018,1.5010537866992568,0.5853658536585366,0.5947853539082475,0.4159740545358421,0.2247222416844003,-0.4756102845950959,-0.4249894322553088,2.74691175731561,1.0,0.948780487804878,5.0,0.0027263797738639626,0.1259335760929734,82,0.006609479483388728,2.3042445701519423,82,pf_momentum_120_ind_rel_h40_q75_trd_xgb_d3e01r100_expanding_cap500k_pit_s40_shufmomentum_120_ind_rel7,pf_momentum_120_ind_rel,40,q75,tradable,xgb,3,0.1,100,expanding,500000,pit,all,40,0,5,invvol,volq,15.0,turnover,drop,momentum_120_ind_rel,7.0,,,,,
82,13.02,4.049989730724444,2.142442100631625,1.8903613449018968,0.11339733996813606,0.06026048372405235,0.05313685624408371,0.009765612457456684,1.5244202638828437,0.5609756097560976,0.6059465718529885,0.42244940428040334,0.21733977283548528,-0.45439509701534186,-0.26873561647198957,2.3666719157252527,1.0,0.9512195121951218,5.0,0.002916640808039543,0.13517994792456176,82,0.006225143999986983,2.154069495614896,82,pf_opt_iv_pctile_h40_q75_trd_xgb_d3e01r100_expanding_cap500k_pit_s40_shufopt_iv_pctile6,pf_opt_iv_pctile,40,q75,tradable,xgb,3,0.1,100,expanding,500000,pit,all,40,0,5,invvol,volq,15.0,turnover,drop,opt_iv_pctile,6.0,,,,,
82,13.02,4.049989730724444,2.142442100631625,1.8903613449018968,0.11339733996813606,0.06026048372405235,0.05313685624408371,0.009765612457456684,1.5244202638828437,0.5609756097560976,0.6059465718529885,0.42244940428040334,0.21733977283548528,-0.45439509701534186,-0.26873561647198957,2.3666719157252527,1.0,0.9512195121951218,5.0,0.002916640808039543,0.13517994792456176,82,0.006225143999986983,2.154069495614896,82,pf_opt_rr25_h40_q75_trd_xgb_d3e01r100_expanding_cap500k_pit_s40_shufopt_rr255,pf_opt_rr25,40,q75,tradable,xgb,3,0.1,100,expanding,500000,pit,all,40,0,5,invvol,volq,15.0,turnover,drop,opt_rr25,5.0,,,,,
82,13.02,4.049989730724444,2.142442100631625,1.8903613449018968,0.11339733996813606,0.06026048372405235,0.05313685624408371,0.009765612457456684,1.5244202638828437,0.5609756097560976,0.6059465718529885,0.42244940428040334,0.21733977283548528,-0.45439509701534186,-0.26873561647198957,2.3666719157252527,1.0,0.9512195121951218,5.0,0.002916640808039543,0.13517994792456176,82,0.006225143999986983,2.154069495614896,82,pf_opt_rr25_h40_q75_trd_xgb_d3e01r100_expanding_cap500k_pit_s40_shufopt_rr254,pf_opt_rr25,40,q75,tradable,xgb,3,0.1,100,expanding,500000,pit,all,40,0,5,invvol,volq,15.0,turnover,drop,opt_rr25,4.0,,,,,
82,13.02,4.049989730724444,2.142442100631625,1.8903613449018968,0.11339733996813606,0.06026048372405235,0.05313685624408371,0.009765612457456684,1.5244202638828437,0.5609756097560976,0.6059465718529885,0.42244940428040334,0.21733977283548528,-0.45439509701534186,-0.26873561647198957,2.3666719157252527,1.0,0.9512195121951218,5.0,0.0029631372689917796,0.13733069563189937,82,0.0062667656320903615,2.170458264317978,82,pf_opt_iv_mom_1m_h40_q75_trd_xgb_d3e01r100_expanding_cap500k_pit_s40,pf_opt_iv_mom_1m,40,q75,tradable,xgb,3,0.1,100,expanding,500000,pit,all,40,0,5,invvol,volq,15.0,turnover,drop,,0.0,,,,,
82,13.02,4.049989730724444,2.142442100631625,1.8903613449018968,0.11339733996813606,0.06026048372405235,0.05313685624408371,0.009765612457456684,1.5244202638828437,0.5609756097560976,0.6059465718529885,0.42244940428040334,0.21733977283548528,-0.45439509701534186,-0.26873561647198957,2.3666719157252527,1.0,0.9512195121951218,5.0,0.002916640808039543,0.13517994792456176,82,0.006225143999986983,2.154069495614896,82,pf_opt_implied_move_40_h40_q75_trd_xgb_d3e01r100_expanding_cap500k_pit_s40_shufopt_implied_move_407,pf_opt_implied_move_40,40,q75,tradable,xgb,3,0.1,100,expanding,500000,pit,all,40,0,5,invvol,volq,15.0,turnover,drop,opt_implied_move_40,7.0,,,,,
82,13.02,4.049989730724444,2.142442100631625,1.8903613449018968,0.11339733996813606,0.06026048372405235,0.05313685624408371,0.009765612457456684,1.5244202638828437,0.5609756097560976,0.6059465718529885,0.42244940428040334,0.21733977283548528,-0.45439509701534186,-0.26873561647198957,2.3666719157252527,1.0,0.9512195121951218,5.0,0.002916640808039543,0.13517994792456176,82,0.006225143999986983,2.154069495614896,82,pf_opt_iv_mom_1m_h40_q75_trd_xgb_d3e01r100_expanding_cap500k_pit_s40_shufopt_iv_mom_1m0,pf_opt_iv_mom_1m,40,q75,tradable,xgb,3,0.1,100,expanding,500000,pit,all,40,0,5,invvol,volq,15.0,turnover,drop,opt_iv_mom_1m,0.0,,,,,
82,13.02,4.049989730724444,2.142442100631625,1.8903613449018968,0.11339733996813606,0.06026048372405235,0.05313685624408371,0.009765612457456684,1.5244202638828437,0.5609756097560976,0.6059465718529885,0.42244940428040334,0.21733977283548528,-0.45439509701534186,-0.26873561647198957,2.3666719157252527,1.0,0.9512195121951218,5.0,0.002916640808039543,0.13517994792456176,82,0.006225143999986983,2.154069495614896,82,pf_opt_implied_move_40_h40_q75_trd_xgb_d3e01r100_expanding_cap500k_pit_s40_shufopt_implied_move_406,pf_opt_implied_move_40,40,q75,tradable,xgb,3,0.1,100,expanding,500000,pit,all,40,0,5,invvol,volq,15.0,turnover,drop,opt_implied_move_40,6.0,,,,,
82,13.02,4.049989730724444,2.142442100631625,1.8903613449018968,0.11339733996813606,0.06026048372405235,0.05313685624408371,0.009765612457456684,1.5244202638828437,0.5609756097560976,0.6059465718529885,0.42244940428040334,0.21733977283548528,-0.45439509701534186,-0.26873561647198957,2.3666719157252527,1.0,0.9512195121951218,5.0,0.002916640808039543,0.13517994792456176,82,0.006225143999986983,2.154069495614896,82,pf_opt_rr25_h40_q75_trd_xgb_d3e01r100_expanding_cap500k_pit_s40_shufopt_rr256,pf_opt_rr25,40,q75,tradable,xgb,3,0.1,100,expanding,500000,pit,all,40,0,5,invvol,volq,15.0,turnover,drop,opt_rr25,6.0,,,,,
82,13.02,4.049989730724444,2.142442100631625,1.8903613449018968,0.11339733996813606,0.06026048372405235,0.05313685624408371,0.009765612457456684,1.5244202638828437,0.5609756097560976,0.6059465718529885,0.42244940428040334,0.21733977283548528,-0.45439509701534186,-0.26873561647198957,2.3666719157252527,1.0,0.9512195121951218,5.0,0.002916640808039543,0.13517994792456176,82,0.006225143999986983,2.154069495614896,82,pf_opt_rr25_h40_q75_trd_xgb_d3e01r100_expanding_cap500k_pit_s40_shufopt_rr257,pf_opt_rr25,40,q75,tradable,xgb,3,0.1,100,expanding,500000,pit,all,40,0,5,invvol,volq,15.0,turnover,drop,opt_rr25,7.0,,,,,
82,13.02,4.049989730724444,2.142442100631625,1.8903613449018968,0.11339733996813606,0.06026048372405235,0.05313685624408371,0.009765612457456684,1.5244202638828437,0.5609756097560976,0.6059465718529885,0.42244940428040334,0.21733977283548528,-0.45439509701534186,-0.26873561647198957,2.3666719157252527,1.0,0.9512195121951218,5.0,0.002916640808039543,0.13517994792456176,82,0.006225143999986983,2.154069495614896,82,pf_opt_term_slope_h40_q75_trd_xgb_d3e01r100_expanding_cap500k_pit_s40,pf_opt_term_slope,40,q75,tradable,xgb,3,0.1,100,expanding,500000,pit,all,40,0,5,invvol,volq,15.0,turnover,drop,,0.0,,,,,
82,13.02,4.049989730724444,2.142442100631625,1.8903613449018968,0.11339733996813606,0.06026048372405235,0.05313685624408371,0.009765612457456684,1.5244202638828437,0.5609756097560976,0.6059465718529885,0.42244940428040334,0.21733977283548528,-0.45439509701534186,-0.26873561647198957,2.3666719157252527,1.0,0.9512195121951218,5.0,0.002916640808039543,0.13517994792456176,82,0.006225143999986983,2.154069495614896,82,pf_opt_term_slope_h40_q75_trd_xgb_d3e01r100_expanding_cap500k_pit_s40_shufopt_term_slope0,pf_opt_term_slope,40,q75,tradable,xgb,3,0.1,100,expanding,500000,pit,all,40,0,5,invvol,volq,15.0,turnover,drop,opt_term_slope,0.0,,,,,
82,13.02,4.049989730724444,2.142442100631625,1.8903613449018968,0.11339733996813606,0.06026048372405235,0.05313685624408371,0.009765612457456684,1.5244202638828437,0.5609756097560976,0.6059465718529885,0.42244940428040334,0.21733977283548528,-0.45439509701534186,-0.26873561647198957,2.3666719157252527,1.0,0.9512195121951218,5.0,0.002916640808039543,0.13517994792456176,82,0.006225143999986983,2.154069495614896,82,pf_opt_rr25_h40_q75_trd_xgb_d3e01r100_expanding_cap500k_pit_s40_shufopt_rr253,pf_opt_rr25,40,q75,tradable,xgb,3,0.1,100,expanding,500000,pit,all,40,0,5,invvol,volq,15.0,turnover,drop,opt_rr25,3.0,,,,,
82,13.02,4.049989730724444,2.142442100631625,1.8903613449018968,0.11339733996813606,0.06026048372405235,0.05313685624408371,0.009765612457456684,1.5244202638828437,0.5609756097560976,0.6059465718529885,0.42244940428040334,0.21733977283548528,-0.45439509701534186,-0.26873561647198957,2.3666719157252527,1.0,0.9512195121951218,5.0,0.002916640808039543,0.13517994792456176,82,0.006225143999986983,2.154069495614896,82,pf_opt_iv_mom_1m_h40_q75_trd_xgb_d3e01r100_expanding_cap500k_pit_s40_shufopt_iv_mom_1m2,pf_opt_iv_mom_1m,40,q75,tradable,xgb,3,0.1,100,expanding,500000,pit,all,40,0,5,invvol,volq,15.0,turnover,drop,opt_iv_mom_1m,2.0,,,,,
82,13.02,4.049989730724444,2.142442100631625,1.8903613449018968,0.11339733996813606,0.06026048372405235,0.05313685624408371,0.009765612457456684,1.5244202638828437,0.5609756097560976,0.6059465718529885,0.42244940428040334,0.21733977283548528,-0.45439509701534186,-0.26873561647198957,2.3666719157252527,1.0,0.9512195121951218,5.0,0.002916640808039543,0.13517994792456176,82,0.006225143999986983,2.154069495614896,82,pf_opt_iv_mom_1m_h40_q75_trd_xgb_d3e01r100_expanding_cap500k_pit_s40_shufopt_iv_mom_1m1,pf_opt_iv_mom_1m,40,q75,tradable,xgb,3,0.1,100,expanding,500000,pit,all,40,0,5,invvol,volq,15.0,turnover,drop,opt_iv_mom_1m,1.0,,,,,
82,13.02,4.049989730724444,2.142442100631625,1.8903613449018968,0.11339733996813606,0.06026048372405235,0.05313685624408371,0.009765612457456684,1.5244202638828437,0.5609756097560976,0.6059465718529885,0.42244940428040334,0.21733977283548528,-0.45439509701534186,-0.26873561647198957,2.3666719157252527,1.0,0.9512195121951218,5.0,0.002916640808039543,0.13517994792456176,82,0.006225143999986983,2.154069495614896,82,pf_opt_iv_pctile_h40_q75_trd_xgb_d3e01r100_expanding_cap500k_pit_s40_shufopt_iv_pctile7,pf_opt_iv_pctile,40,q75,tradable,xgb,3,0.1,100,expanding,500000,pit,all,40,0,5,invvol,volq,15.0,turnover,drop,opt_iv_pctile,7.0,,,,,
82,13.02,4.049989730724444,2.142442100631625,1.8903613449018968,0.11339733996813606,0.06026048372405235,0.05313685624408371,0.009765612457456684,1.5244202638828437,0.5609756097560976,0.6059465718529885,0.42244940428040334,0.21733977283548528,-0.45439509701534186,-0.26873561647198957,2.3666719157252527,1.0,0.9512195121951218,5.0,0.002916640808039543,0.13517994792456176,82,0.006225143999986983,2.154069495614896,82,pf_opt_iv_pctile_h40_q75_trd_xgb_d3e01r100_expanding_cap500k_pit_s40_shufopt_iv_pctile5,pf_opt_iv_pctile,40,q75,tradable,xgb,3,0.1,100,expanding,500000,pit,all,40,0,5,invvol,volq,15.0,turnover,drop,opt_iv_pctile,5.0,,,,,
82,13.02,4.049989730724444,2.142442100631625,1.8903613449018968,0.11339733996813606,0.06026048372405235,0.05313685624408371,0.009765612457456684,1.5244202638828437,0.5609756097560976,0.6059465718529885,0.42244940428040334,0.21733977283548528,-0.45439509701534186,-0.26873561647198957,2.3666719157252527,1.0,0.9512195121951218,5.0,0.002916640808039543,0.13517994792456176,82,0.006225143999986983,2.154069495614896,82,pf_opt_iv_pctile_h40_q75_trd_xgb_d3e01r100_expanding_cap500k_pit_s40_shufopt_iv_pctile4,pf_opt_iv_pctile,40,q75,tradable,xgb,3,0.1,100,expanding,500000,pit,all,40,0,5,invvol,volq,15.0,turnover,drop,opt_iv_pctile,4.0,,,,,
82,13.02,4.049989730724444,2.142442100631625,1.8903613449018968,0.11339733996813606,0.06026048372405235,0.05313685624408371,0.009765612457456684,1.5244202638828437,0.5609756097560976,0.6059465718529885,0.42244940428040334,0.21733977283548528,-0.45439509701534186,-0.26873561647198957,2.3666719157252527,1.0,0.9512195121951218,5.0,0.002916640808039543,0.13517994792456176,82,0.006225143999986983,2.154069495614896,82,pf_opt_term_slope_h40_q75_trd_xgb_d3e01r100_expanding_cap500k_pit_s40_shufopt_term_slope2,pf_opt_term_slope,40,q75,tradable,xgb,3,0.1,100,expanding,500000,pit,all,40,0,5,invvol,volq,15.0,turnover,drop,opt_term_slope,2.0,,,,,
82,13.02,4.049989730724444,2.142442100631625,1.8903613449018968,0.11339733996813606,0.06026048372405235,0.05313685624408371,0.009765612457456684,1.5244202638828437,0.5609756097560976,0.6059465718529885,0.42244940428040334,0.21733977283548528,-0.45439509701534186,-0.26873561647198957,2.3666719157252527,1.0,0.9512195121951218,5.0,0.002916640808039543,0.13517994792456176,82,0.006225143999986983,2.154069495614896,82,pf_opt_iv_pctile_h40_q75_trd_xgb_d3e01r100_expanding_cap500k_pit_s40_shufopt_iv_pctile3,pf_opt_iv_pctile,40,q75,tradable,xgb,3,0.1,100,expanding,500000,pit,all,40,0,5,invvol,volq,15.0,turnover,drop,opt_iv_pctile,3.0,,,,,
82,13.02,4.049989730724444,2.142442100631625,1.8903613449018968,0.11339733996813606,0.06026048372405235,0.05313685624408371,0.009765612457456684,1.5244202638828437,0.5609756097560976,0.6059465718529885,0.42244940428040334,0.21733977283548528,-0.45439509701534186,-0.26873561647198957,2.3666719157252527,1.0,0.9512195121951218,5.0,0.002916640808039543,0.13517994792456176,82,0.006225143999986983,2.154069495614896,82,pf_opt_iv_pctile_h40_q75_trd_xgb_d3e01r100_expanding_cap500k_pit_s40_shufopt_iv_pctile1,pf_opt_iv_pctile,40,q75,tradable,xgb,3,0.1,100,expanding,500000,pit,all,40,0,5,invvol,volq,15.0,turnover,drop,opt_iv_pctile,1.0,,,,,
82,13.02,4.049989730724444,2.142442100631625,1.8903613449018968,0.11339733996813606,0.06026048372405235,0.05313685624408371,0.009765612457456684,1.5244202638828437,0.5609756097560976,0.6059465718529885,0.42244940428040334,0.21733977283548528,-0.45439509701534186,-0.26873561647198957,2.3666719157252527,1.0,0.9512195121951218,5.0,0.002916640808039543,0.13517994792456176,82,0.006225143999986983,2.154069495614896,82,pf_opt_rr25_h40_q75_trd_xgb_d3e01r100_expanding_cap500k_pit_s40_shufopt_rr250,pf_opt_rr25,40,q75,tradable,xgb,3,0.1,100,expanding,500000,pit,all,40,0,5,invvol,volq,15.0,turnover,drop,opt_rr25,0.0,,,,,
82,13.02,4.049989730724444,2.142442100631625,1.8903613449018968,0.11339733996813606,0.06026048372405235,0.05313685624408371,0.009765612457456684,1.5244202638828437,0.5609756097560976,0.6059465718529885,0.42244940428040334,0.21733977283548528,-0.45439509701534186,-0.26873561647198957,2.3666719157252527,1.0,0.9512195121951218,5.0,0.002916640808039543,0.13517994792456176,82,0.006225143999986983,2.154069495614896,82,pf_opt_rr25_h40_q75_trd_xgb_d3e01r100_expanding_cap500k_pit_s40_shufopt_rr251,pf_opt_rr25,40,q75,tradable,xgb,3,0.1,100,expanding,500000,pit,all,40,0,5,invvol,volq,15.0,turnover,drop,opt_rr25,1.0,,,,,
82,13.02,4.049989730724444,2.142442100631625,1.8903613449018968,0.11339733996813606,0.06026048372405235,0.05313685624408371,0.009765612457456684,1.5244202638828437,0.5609756097560976,0.6059465718529885,0.42244940428040334,0.21733977283548528,-0.45439509701534186,-0.26873561647198957,2.3666719157252527,1.0,0.9512195121951218,5.0,0.002916640808039543,0.13517994792456176,82,0.006225143999986983,2.154069495614896,82,pf_opt_iv_pctile_h40_q75_trd_xgb_d3e01r100_expanding_cap500k_pit_s40_shufopt_iv_pctile0,pf_opt_iv_pctile,40,q75,tradable,xgb,3,0.1,100,expanding,500000,pit,all,40,0,5,invvol,volq,15.0,turnover,drop,opt_iv_pctile,0.0,,,,,
82,13.02,4.049989730724444,2.142442100631625,1.8903613449018968,0.11339733996813606,0.06026048372405235,0.05313685624408371,0.009765612457456684,1.5244202638828437,0.5609756097560976,0.6059465718529885,0.42244940428040334,0.21733977283548528,-0.45439509701534186,-0.26873561647198957,2.3666719157252527,1.0,0.9512195121951218,5.0,0.002916640808039543,0.13517994792456176,82,0.006225143999986983,2.154069495614896,82,pf_opt_iv_pctile_h40_q75_trd_xgb_d3e01r100_expanding_cap500k_pit_s40,pf_opt_iv_pctile,40,q75,tradable,xgb,3,0.1,100,expanding,500000,pit,all,40,0,5,invvol,volq,15.0,turnover,drop,,0.0,,,,,
82,13.02,4.049989730724444,2.142442100631625,1.8903613449018968,0.11339733996813606,0.06026048372405235,0.05313685624408371,0.009765612457456684,1.5244202638828437,0.5609756097560976,0.6059465718529885,0.42244940428040334,0.21733977283548528,-0.45439509701534186,-0.26873561647198957,2.3666719157252527,1.0,0.9512195121951218,5.0,0.002916640808039543,0.13517994792456176,82,0.006225143999986983,2.154069495614896,82,pf_opt_rr25_h40_q75_trd_xgb_d3e01r100_expanding_cap500k_pit_s40_shufopt_rr252,pf_opt_rr25,40,q75,tradable,xgb,3,0.1,100,expanding,500000,pit,all,40,0,5,invvol,volq,15.0,turnover,drop,opt_rr25,2.0,,,,,
82,13.02,4.049989730724444,2.142442100631625,1.8903613449018968,0.11339733996813606,0.06026048372405235,0.05313685624408371,0.009765612457456684,1.5244202638828437,0.5609756097560976,0.6059465718529885,0.42244940428040334,0.21733977283548528,-0.45439509701534186,-0.26873561647198957,2.3666719157252527,1.0,0.9512195121951218,5.0,0.002916640808039543,0.13517994792456176,82,0.006225143999986983,2.154069495614896,82,pf_opt_iv_mom_1m_h40_q75_trd_xgb_d3e01r100_expanding_cap500k_pit_s40_shufopt_iv_mom_1m7,pf_opt_iv_mom_1m,40,q75,tradable,xgb,3,0.1,100,expanding,500000,pit,all,40,0,5,invvol,volq,15.0,turnover,drop,opt_iv_mom_1m,7.0,,,,,
82,13.02,4.049989730724444,2.142442100631625,1.8903613449018968,0.11339733996813606,0.06026048372405235,0.05313685624408371,0.009765612457456684,1.5244202638828437,0.5609756097560976,0.6059465718529885,0.42244940428040334,0.21733977283548528,-0.45439509701534186,-0.26873561647198957,2.3666719157252527,1.0,0.9512195121951218,5.0,0.002916640808039543,0.13517994792456176,82,0.006225143999986983,2.154069495614896,82,pf_opt_iv_mom_1m_h40_q75_trd_xgb_d3e01r100_expanding_cap500k_pit_s40_shufopt_iv_mom_1m6,pf_opt_iv_mom_1m,40,q75,tradable,xgb,3,0.1,100,expanding,500000,pit,all,40,0,5,invvol,volq,15.0,turnover,drop,opt_iv_mom_1m,6.0,,,,,
82,13.02,4.049989730724444,2.142442100631625,1.8903613449018968,0.11339733996813606,0.06026048372405235,0.05313685624408371,0.009765612457456684,1.5244202638828437,0.5609756097560976,0.6059465718529885,0.42244940428040334,0.21733977283548528,-0.45439509701534186,-0.26873561647198957,2.3666719157252527,1.0,0.9512195121951218,5.0,0.002916640808039543,0.13517994792456176,82,0.006225143999986983,2.154069495614896,82,pf_opt_iv_mom_1m_h40_q75_trd_xgb_d3e01r100_expanding_cap500k_pit_s40_shufopt_iv_mom_1m5,pf_opt_iv_mom_1m,40,q75,tradable,xgb,3,0.1,100,expanding,500000,pit,all,40,0,5,invvol,volq,15.0,turnover,drop,opt_iv_mom_1m,5.0,,,,,
82,13.02,4.049989730724444,2.142442100631625,1.8903613449018968,0.11339733996813606,0.06026048372405235,0.05313685624408371,0.009765612457456684,1.5244202638828437,0.5609756097560976,0.6059465718529885,0.42244940428040334,0.21733977283548528,-0.45439509701534186,-0.26873561647198957,2.3666719157252527,1.0,0.9512195121951218,5.0,0.002916640808039543,0.13517994792456176,82,0.006225143999986983,2.154069495614896,82,pf_opt_iv_mom_1m_h40_q75_trd_xgb_d3e01r100_expanding_cap500k_pit_s40_shufopt_iv_mom_1m4,pf_opt_iv_mom_1m,40,q75,tradable,xgb,3,0.1,100,expanding,500000,pit,all,40,0,5,invvol,volq,15.0,turnover,drop,opt_iv_mom_1m,4.0,,,,,
82,13.02,4.049989730724444,2.142442100631625,1.8903613449018968,0.11339733996813606,0.06026048372405235,0.05313685624408371,0.009765612457456684,1.5244202638828437,0.5609756097560976,0.6059465718529885,0.42244940428040334,0.21733977283548528,-0.45439509701534186,-0.26873561647198957,2.3666719157252527,1.0,0.9512195121951218,5.0,0.002916640808039543,0.13517994792456176,82,0.006225143999986983,2.154069495614896,82,pf_opt_iv_mom_1m_h40_q75_trd_xgb_d3e01r100_expanding_cap500k_pit_s40_shufopt_iv_mom_1m3,pf_opt_iv_mom_1m,40,q75,tradable,xgb,3,0.1,100,expanding,500000,pit,all,40,0,5,invvol,volq,15.0,turnover,drop,opt_iv_mom_1m,3.0,,,,,
82,13.02,4.049989730724444,2.142442100631625,1.8903613449018968,0.11339733996813606,0.06026048372405235,0.05313685624408371,0.009765612457456684,1.5244202638828437,0.5609756097560976,0.6059465718529885,0.42244940428040334,0.21733977283548528,-0.45439509701534186,-0.26873561647198957,2.3666719157252527,1.0,0.9512195121951218,5.0,0.002916640808039543,0.13517994792456176,82,0.006225143999986983,2.154069495614896,82,pf_opt_term_slope_h40_q75_trd_xgb_d3e01r100_expanding_cap500k_pit_s40_shufopt_term_slope1,pf_opt_term_slope,40,q75,tradable,xgb,3,0.1,100,expanding,500000,pit,all,40,0,5,invvol,volq,15.0,turnover,drop,opt_term_slope,1.0,,,,,
82,13.02,4.049989730724444,2.142442100631625,1.8903613449018968,0.11339733996813606,0.06026048372405235,0.05313685624408371,0.009765612457456684,1.5244202638828437,0.5609756097560976,0.6059465718529885,0.42244940428040334,0.21733977283548528,-0.45439509701534186,-0.26873561647198957,2.3666719157252527,1.0,0.9512195121951218,5.0,0.002916640808039543,0.13517994792456176,82,0.006225143999986983,2.154069495614896,82,pf_opt_vrp_h40_q75_trd_xgb_d3e01r100_expanding_cap500k_pit_s40_shufopt_vrp0,pf_opt_vrp,40,q75,tradable,xgb,3,0.1,100,expanding,500000,pit,all,40,0,5,invvol,volq,15.0,turnover,drop,opt_vrp,0.0,,,,,
82,13.02,4.049989730724444,2.142442100631625,1.8903613449018968,0.11339733996813606,0.06026048372405235,0.05313685624408371,0.009765612457456684,1.5244202638828437,0.5609756097560976,0.6059465718529885,0.42244940428040334,0.21733977283548528,-0.45439509701534186,-0.26873561647198957,2.3666719157252527,1.0,0.9512195121951218,5.0,0.002916640808039543,0.13517994792456176,82,0.006225143999986983,2.154069495614896,82,pf_opt_term_slope_h40_q75_trd_xgb_d3e01r100_expanding_cap500k_pit_s40_shufopt_term_slope3,pf_opt_term_slope,40,q75,tradable,xgb,3,0.1,100,expanding,500000,pit,all,40,0,5,invvol,volq,15.0,turnover,drop,opt_term_slope,3.0,,,,,
82,13.02,4.049989730724444,2.142442100631625,1.8903613449018968,0.11339733996813606,0.06026048372405235,0.05313685624408371,0.009765612457456684,1.5244202638828437,0.5609756097560976,0.6059465718529885,0.42244940428040334,0.21733977283548528,-0.45439509701534186,-0.26873561647198957,2.3666719157252527,1.0,0.9512195121951218,5.0,0.002916640808039543,0.13517994792456176,82,0.006225143999986983,2.154069495614896,82,pf_short_interest_chg_pct_h40_q75_trd_xgb_d3e01r100_expanding_cap500k_pit_s40_shufshort_interest_chg_pct7,pf_short_interest_chg_pct,40,q75,tradable,xgb,3,0.1,100,expanding,500000,pit,all,40,0,5,invvol,volq,15.0,turnover,drop,short_interest_chg_pct,7.0,,,,,
82,13.02,4.049989730724444,2.142442100631625,1.8903613449018968,0.11339733996813606,0.06026048372405235,0.05313685624408371,0.009765612457456684,1.5244202638828437,0.5609756097560976,0.6059465718529885,0.42244940428040334,0.21733977283548528,-0.45439509701534186,-0.26873561647198957,2.3666719157252527,1.0,0.9512195121951218,5.0,0.002916640808039543,0.13517994792456176,82,0.006225143999986983,2.154069495614896,82,pf_opt_vrp_mom_1m_h40_q75_trd_xgb_d3e01r100_expanding_cap500k_pit_s40_shufopt_vrp_mom_1m1,pf_opt_vrp_mom_1m,40,q75,tradable,xgb,3,0.1,100,expanding,500000,pit,all,40,0,5,invvol,volq,15.0,turnover,drop,opt_vrp_mom_1m,1.0,,,,,
82,13.02,4.049989730724444,2.142442100631625,1.8903613449018968,0.11339733996813606,0.06026048372405235,0.05313685624408371,0.009765612457456684,1.5244202638828437,0.5609756097560976,0.6059465718529885,0.42244940428040334,0.21733977283548528,-0.45439509701534186,-0.26873561647198957,2.3666719157252527,1.0,0.9512195121951218,5.0,0.002916640808039543,0.13517994792456176,82,0.006225143999986983,2.154069495614896,82,pf_opt_vrp_mom_1m_h40_q75_trd_xgb_d3e01r100_expanding_cap500k_pit_s40_shufopt_vrp_mom_1m2,pf_opt_vrp_mom_1m,40,q75,tradable,xgb,3,0.1,100,expanding,500000,pit,all,40,0,5,invvol,volq,15.0,turnover,drop,opt_vrp_mom_1m,2.0,,,,,
82,13.02,4.049989730724444,2.142442100631625,1.8903613449018968,0.11339733996813606,0.06026048372405235,0.05313685624408371,0.009765612457456684,1.5244202638828437,0.5609756097560976,0.6059465718529885,0.42244940428040334,0.21733977283548528,-0.45439509701534186,-0.26873561647198957,2.3666719157252527,1.0,0.9512195121951218,5.0,0.002916640808039543,0.13517994792456176,82,0.006225143999986983,2.154069495614896,82,pf_opt_vrp_mom_1m_h40_q75_trd_xgb_d3e01r100_expanding_cap500k_pit_s40_shufopt_vrp_mom_1m3,pf_opt_vrp_mom_1m,40,q75,tradable,xgb,3,0.1,100,expanding,500000,pit,all,40,0,5,invvol,volq,15.0,turnover,drop,opt_vrp_mom_1m,3.0,,,,,
82,13.02,4.049989730724444,2.142442100631625,1.8903613449018968,0.11339733996813606,0.06026048372405235,0.05313685624408371,0.009765612457456684,1.5244202638828437,0.5609756097560976,0.6059465718529885,0.42244940428040334,0.21733977283548528,-0.45439509701534186,-0.26873561647198957,2.3666719157252527,1.0,0.9512195121951218,5.0,0.002916640808039543,0.13517994792456176,82,0.006225143999986983,2.154069495614896,82,pf_opt_vrp_mom_1m_h40_q75_trd_xgb_d3e01r100_expanding_cap500k_pit_s40_shufopt_vrp_mom_1m4,pf_opt_vrp_mom_1m,40,q75,tradable,xgb,3,0.1,100,expanding,500000,pit,all,40,0,5,invvol,volq,15.0,turnover,drop,opt_vrp_mom_1m,4.0,,,,,
82,13.02,4.049989730724444,2.142442100631625,1.8903613449018968,0.11339733996813606,0.06026048372405235,0.05313685624408371,0.009765612457456684,1.5244202638828437,0.5609756097560976,0.6059465718529885,0.42244940428040334,0.21733977283548528,-0.45439509701534186,-0.26873561647198957,2.3666719157252527,1.0,0.9512195121951218,5.0,0.002916640808039543,0.13517994792456176,82,0.006225143999986983,2.154069495614896,82,pf_opt_vrp_mom_1m_h40_q75_trd_xgb_d3e01r100_expanding_cap500k_pit_s40_shufopt_vrp_mom_1m5,pf_opt_vrp_mom_1m,40,q75,tradable,xgb,3,0.1,100,expanding,500000,pit,all,40,0,5,invvol,volq,15.0,turnover,drop,opt_vrp_mom_1m,5.0,,,,,
82,13.02,4.049989730724444,2.142442100631625,1.8903613449018968,0.11339733996813606,0.06026048372405235,0.05313685624408371,0.009765612457456684,1.5244202638828437,0.5609756097560976,0.6059465718529885,0.42244940428040334,0.21733977283548528,-0.45439509701534186,-0.26873561647198957,2.3666719157252527,1.0,0.9512195121951218,5.0,0.002916640808039543,0.13517994792456176,82,0.006225143999986983,2.154069495614896,82,pf_opt_vrp_mom_1m_h40_q75_trd_xgb_d3e01r100_expanding_cap500k_pit_s40_shufopt_vrp_mom_1m6,pf_opt_vrp_mom_1m,40,q75,tradable,xgb,3,0.1,100,expanding,500000,pit,all,40,0,5,invvol,volq,15.0,turnover,drop,opt_vrp_mom_1m,6.0,,,,,
82,13.02,4.049989730724444,2.142442100631625,1.8903613449018968,0.11339733996813606,0.06026048372405235,0.05313685624408371,0.009765612457456684,1.5244202638828437,0.5609756097560976,0.6059465718529885,0.42244940428040334,0.21733977283548528,-0.45439509701534186,-0.26873561647198957,2.3666719157252527,1.0,0.9512195121951218,5.0,0.002916640808039543,0.13517994792456176,82,0.006225143999986983,2.154069495614896,82,pf_short_interest_days_to_cover_h40_q75_trd_xgb_d3e01r100_expanding_cap500k_pit_s40,pf_short_interest_days_to_cover,40,q75,tradable,xgb,3,0.1,100,expanding,500000,pit,all,40,0,5,invvol,volq,15.0,turnover,drop,,0.0,,,,,
82,13.02,4.049989730724444,2.142442100631625,1.8903613449018968,0.11339733996813606,0.06026048372405235,0.05313685624408371,0.009765612457456684,1.5244202638828437,0.5609756097560976,0.6059465718529885,0.42244940428040334,0.21733977283548528,-0.45439509701534186,-0.26873561647198957,2.3666719157252527,1.0,0.9512195121951218,5.0,0.002916640808039543,0.13517994792456176,82,0.006225143999986983,2.154069495614896,82,pf_opt_vrp_mom_1m_h40_q75_trd_xgb_d3e01r100_expanding_cap500k_pit_s40_shufopt_vrp_mom_1m7,pf_opt_vrp_mom_1m,40,q75,tradable,xgb,3,0.1,100,expanding,500000,pit,all,40,0,5,invvol,volq,15.0,turnover,drop,opt_vrp_mom_1m,7.0,,,,,
82,13.02,4.049989730724444,2.142442100631625,1.8903613449018968,0.11339733996813606,0.06026048372405235,0.05313685624408371,0.009765612457456684,1.5244202638828437,0.5609756097560976,0.6059465718529885,0.42244940428040334,0.21733977283548528,-0.45439509701534186,-0.26873561647198957,2.3666719157252527,1.0,0.9512195121951218,5.0,0.002916640808039543,0.13517994792456176,82,0.006225143999986983,2.154069495614896,82,pf_short_interest_chg_pct_h40_q75_trd_xgb_d3e01r100_expanding_cap500k_pit_s40_shufshort_interest_chg_pct6,pf_short_interest_chg_pct,40,q75,tradable,xgb,3,0.1,100,expanding,500000,pit,all,40,0,5,invvol,volq,15.0,turnover,drop,short_interest_chg_pct,6.0,,,,,
82,13.02,4.049989730724444,2.142442100631625,1.8903613449018968,0.11339733996813606,0.06026048372405235,0.05313685624408371,0.009765612457456684,1.5244202638828437,0.5609756097560976,0.6059465718529885,0.42244940428040334,0.21733977283548528,-0.45439509701534186,-0.26873561647198957,2.3666719157252527,1.0,0.9512195121951218,5.0,0.002916640808039543,0.13517994792456176,82,0.006225143999986983,2.154069495614896,82,pf_short_interest_days_to_cover_h40_q75_trd_xgb_d3e01r100_expanding_cap500k_pit_s40_shufshort_interest_days_to_cover0,pf_short_interest_days_to_cover,40,q75,tradable,xgb,3,0.1,100,expanding,500000,pit,all,40,0,5,invvol,volq,15.0,turnover,drop,short_interest_days_to_cover,0.0,,,,,
82,13.02,4.049989730724444,2.142442100631625,1.8903613449018968,0.11339733996813606,0.06026048372405235,0.05313685624408371,0.009765612457456684,1.5244202638828437,0.5609756097560976,0.6059465718529885,0.42244940428040334,0.21733977283548528,-0.45439509701534186,-0.26873561647198957,2.3666719157252527,1.0,0.9512195121951218,5.0,0.002916640808039543,0.13517994792456176,82,0.006225143999986983,2.154069495614896,82,pf_short_interest_chg_pct_h40_q75_trd_xgb_d3e01r100_expanding_cap500k_pit_s40_shufshort_interest_chg_pct5,pf_short_interest_chg_pct,40,q75,tradable,xgb,3,0.1,100,expanding,500000,pit,all,40,0,5,invvol,volq,15.0,turnover,drop,short_interest_chg_pct,5.0,,,,,
82,13.02,4.049989730724444,2.142442100631625,1.8903613449018968,0.11339733996813606,0.06026048372405235,0.05313685624408371,0.009765612457456684,1.5244202638828437,0.5609756097560976,0.6059465718529885,0.42244940428040334,0.21733977283548528,-0.45439509701534186,-0.26873561647198957,2.3666719157252527,1.0,0.9512195121951218,5.0,0.002916640808039543,0.13517994792456176,82,0.006225143999986983,2.154069495614896,82,pf_short_interest_chg_pct_h40_q75_trd_xgb_d3e01r100_expanding_cap500k_pit_s40_shufshort_interest_chg_pct4,pf_short_interest_chg_pct,40,q75,tradable,xgb,3,0.1,100,expanding,500000,pit,all,40,0,5,invvol,volq,15.0,turnover,drop,short_interest_chg_pct,4.0,,,,,
82,13.02,4.049989730724444,2.142442100631625,1.8903613449018968,0.11339733996813606,0.06026048372405235,0.05313685624408371,0.009765612457456684,1.5244202638828437,0.5609756097560976,0.6059465718529885,0.42244940428040334,0.21733977283548528,-0.45439509701534186,-0.26873561647198957,2.3666719157252527,1.0,0.9512195121951218,5.0,0.002916640808039543,0.13517994792456176,82,0.006225143999986983,2.154069495614896,82,pf_short_interest_chg_pct_h40_q75_trd_xgb_d3e01r100_expanding_cap500k_pit_s40_shufshort_interest_chg_pct3,pf_short_interest_chg_pct,40,q75,tradable,xgb,3,0.1,100,expanding,500000,pit,all,40,0,5,invvol,volq,15.0,turnover,drop,short_interest_chg_pct,3.0,,,,,
82,13.02,4.049989730724444,2.142442100631625,1.8903613449018968,0.11339733996813606,0.06026048372405235,0.05313685624408371,0.009765612457456684,1.5244202638828437,0.5609756097560976,0.6059465718529885,0.42244940428040334,0.21733977283548528,-0.45439509701534186,-0.26873561647198957,2.3666719157252527,1.0,0.9512195121951218,5.0,0.002916640808039543,0.13517994792456176,82,0.006225143999986983,2.154069495614896,82,pf_opt_implied_move_40_h40_q75_trd_xgb_d3e01r100_expanding_cap500k_pit_s40_shufopt_implied_move_404,pf_opt_implied_move_40,40,q75,tradable,xgb,3,0.1,100,expanding,500000,pit,all,40,0,5,invvol,volq,15.0,turnover,drop,opt_implied_move_40,4.0,,,,,
82,13.02,4.049989730724444,2.142442100631625,1.8903613449018968,0.11339733996813606,0.06026048372405235,0.05313685624408371,0.009765612457456684,1.5244202638828437,0.5609756097560976,0.6059465718529885,0.42244940428040334,0.21733977283548528,-0.45439509701534186,-0.26873561647198957,2.3666719157252527,1.0,0.9512195121951218,5.0,0.002916640808039543,0.13517994792456176,82,0.006225143999986983,2.154069495614896,82,pf_short_interest_chg_pct_h40_q75_trd_xgb_d3e01r100_expanding_cap500k_pit_s40_shufshort_interest_chg_pct2,pf_short_interest_chg_pct,40,q75,tradable,xgb,3,0.1,100,expanding,500000,pit,all,40,0,5,invvol,volq,15.0,turnover,drop,short_interest_chg_pct,2.0,,,,,
82,13.02,4.049989730724444,2.142442100631625,1.8903613449018968,0.11339733996813606,0.06026048372405235,0.05313685624408371,0.009765612457456684,1.5244202638828437,0.5609756097560976,0.6059465718529885,0.42244940428040334,0.21733977283548528,-0.45439509701534186,-0.26873561647198957,2.3666719157252527,1.0,0.9512195121951218,5.0,0.002916640808039543,0.13517994792456176,82,0.006225143999986983,2.154069495614896,82,pf_short_interest_chg_pct_h40_q75_trd_xgb_d3e01r100_expanding_cap500k_pit_s40_shufshort_interest_chg_pct1,pf_short_interest_chg_pct,40,q75,tradable,xgb,3,0.1,100,expanding,500000,pit,all,40,0,5,invvol,volq,15.0,turnover,drop,short_interest_chg_pct,1.0,,,,,
82,13.02,4.049989730724444,2.142442100631625,1.8903613449018968,0.11339733996813606,0.06026048372405235,0.05313685624408371,0.009765612457456684,1.5244202638828437,0.5609756097560976,0.6059465718529885,0.42244940428040334,0.21733977283548528,-0.45439509701534186,-0.26873561647198957,2.3666719157252527,1.0,0.9512195121951218,5.0,0.002916640808039543,0.13517994792456176,82,0.006225143999986983,2.154069495614896,82,pf_short_interest_chg_pct_h40_q75_trd_xgb_d3e01r100_expanding_cap500k_pit_s40_shufshort_interest_chg_pct0,pf_short_interest_chg_pct,40,q75,tradable,xgb,3,0.1,100,expanding,500000,pit,all,40,0,5,invvol,volq,15.0,turnover,drop,short_interest_chg_pct,0.0,,,,,
82,13.02,4.049989730724444,2.142442100631625,1.8903613449018968,0.11339733996813606,0.06026048372405235,0.05313685624408371,0.009765612457456684,1.5244202638828437,0.5609756097560976,0.6059465718529885,0.42244940428040334,0.21733977283548528,-0.45439509701534186,-0.26873561647198957,2.3666719157252527,1.0,0.9512195121951218,5.0,0.002916640808039543,0.13517994792456176,82,0.006225143999986983,2.154069495614896,82,pf_short_interest_chg_pct_h40_q75_trd_xgb_d3e01r100_expanding_cap500k_pit_s40,pf_short_interest_chg_pct,40,q75,tradable,xgb,3,0.1,100,expanding,500000,pit,all,40,0,5,invvol,volq,15.0,turnover,drop,,0.0,,,,,
82,13.02,4.049989730724444,2.142442100631625,1.8903613449018968,0.11339733996813606,0.06026048372405235,0.05313685624408371,0.009765612457456684,1.5244202638828437,0.5609756097560976,0.6059465718529885,0.42244940428040334,0.21733977283548528,-0.45439509701534186,-0.26873561647198957,2.3666719157252527,1.0,0.9512195121951218,5.0,0.002916640808039543,0.13517994792456176,82,0.006225143999986983,2.154069495614896,82,pf_opt_vrp_mom_1m_h40_q75_trd_xgb_d3e01r100_expanding_cap500k_pit_s40_shufopt_vrp_mom_1m0,pf_opt_vrp_mom_1m,40,q75,tradable,xgb,3,0.1,100,expanding,500000,pit,all,40,0,5,invvol,volq,15.0,turnover,drop,opt_vrp_mom_1m,0.0,,,,,
82,13.02,4.049989730724444,2.142442100631625,1.8903613449018968,0.11339733996813606,0.06026048372405235,0.05313685624408371,0.009765612457456684,1.5244202638828437,0.5609756097560976,0.6059465718529885,0.42244940428040334,0.21733977283548528,-0.45439509701534186,-0.26873561647198957,2.3666719157252527,1.0,0.9512195121951218,5.0,0.0029349542057634822,0.13603197183500754,82,0.006219410560151877,2.1522366054681656,82,pf_opt_vrp_mom_1m_h40_q75_trd_xgb_d3e01r100_expanding_cap500k_pit_s40,pf_opt_vrp_mom_1m,40,q75,tradable,xgb,3,0.1,100,expanding,500000,pit,all,40,0,5,invvol,volq,15.0,turnover,drop,,0.0,,,,,
82,13.02,4.049989730724444,2.142442100631625,1.8903613449018968,0.11339733996813606,0.06026048372405235,0.05313685624408371,0.009765612457456684,1.5244202638828437,0.5609756097560976,0.6059465718529885,0.42244940428040334,0.21733977283548528,-0.45439509701534186,-0.26873561647198957,2.3666719157252527,1.0,0.9512195121951218,5.0,0.002916640808039543,0.13517994792456176,82,0.006225143999986983,2.154069495614896,82,pf_opt_term_slope_h40_q75_trd_xgb_d3e01r100_expanding_cap500k_pit_s40_shufopt_term_slope4,pf_opt_term_slope,40,q75,tradable,xgb,3,0.1,100,expanding,500000,pit,all,40,0,5,invvol,volq,15.0,turnover,drop,opt_term_slope,4.0,,,,,
82,13.02,4.049989730724444,2.142442100631625,1.8903613449018968,0.11339733996813606,0.06026048372405235,0.05313685624408371,0.009765612457456684,1.5244202638828437,0.5609756097560976,0.6059465718529885,0.42244940428040334,0.21733977283548528,-0.45439509701534186,-0.26873561647198957,2.3666719157252527,1.0,0.9512195121951218,5.0,0.002916640808039543,0.13517994792456176,82,0.006225143999986983,2.154069495614896,82,pf_short_interest_days_to_cover_h40_q75_trd_xgb_d3e01r100_expanding_cap500k_pit_s40_shufshort_interest_days_to_cover7,pf_short_interest_days_to_cover,40,q75,tradable,xgb,3,0.1,100,expanding,500000,pit,all,40,0,5,invvol,volq,15.0,turnover,drop,short_interest_days_to_cover,7.0,,,,,
82,13.02,4.049989730724444,2.142442100631625,1.8903613449018968,0.11339733996813606,0.06026048372405235,0.05313685624408371,0.009765612457456684,1.5244202638828437,0.5609756097560976,0.6059465718529885,0.42244940428040334,0.21733977283548528,-0.45439509701534186,-0.26873561647198957,2.3666719157252527,1.0,0.9512195121951218,5.0,0.002916640808039543,0.13517994792456176,82,0.006225143999986983,2.154069495614896,82,pf_opt_term_slope_h40_q75_trd_xgb_d3e01r100_expanding_cap500k_pit_s40_shufopt_term_slope5,pf_opt_term_slope,40,q75,tradable,xgb,3,0.1,100,expanding,500000,pit,all,40,0,5,invvol,volq,15.0,turnover,drop,opt_term_slope,5.0,,,,,
82,13.02,4.049989730724444,2.142442100631625,1.8903613449018968,0.11339733996813606,0.06026048372405235,0.05313685624408371,0.009765612457456684,1.5244202638828437,0.5609756097560976,0.6059465718529885,0.42244940428040334,0.21733977283548528,-0.45439509701534186,-0.26873561647198957,2.3666719157252527,1.0,0.9512195121951218,5.0,0.002916640808039543,0.13517994792456176,82,0.006225143999986983,2.154069495614896,82,pf_opt_term_slope_h40_q75_trd_xgb_d3e01r100_expanding_cap500k_pit_s40_shufopt_term_slope6,pf_opt_term_slope,40,q75,tradable,xgb,3,0.1,100,expanding,500000,pit,all,40,0,5,invvol,volq,15.0,turnover,drop,opt_term_slope,6.0,,,,,
82,13.02,4.049989730724444,2.142442100631625,1.8903613449018968,0.11339733996813606,0.06026048372405235,0.05313685624408371,0.009765612457456684,1.5244202638828437,0.5609756097560976,0.6059465718529885,0.42244940428040334,0.21733977283548528,-0.45439509701534186,-0.26873561647198957,2.3666719157252527,1.0,0.9512195121951218,5.0,0.002916640808039543,0.13517994792456176,82,0.006225143999986983,2.154069495614896,82,pf_opt_term_slope_h40_q75_trd_xgb_d3e01r100_expanding_cap500k_pit_s40_shufopt_term_slope7,pf_opt_term_slope,40,q75,tradable,xgb,3,0.1,100,expanding,500000,pit,all,40,0,5,invvol,volq,15.0,turnover,drop,opt_term_slope,7.0,,,,,
82,13.02,4.049989730724444,2.142442100631625,1.8903613449018968,0.11339733996813606,0.06026048372405235,0.05313685624408371,0.009765612457456684,1.5244202638828437,0.5609756097560976,0.6059465718529885,0.42244940428040334,0.21733977283548528,-0.45439509701534186,-0.26873561647198957,2.3666719157252527,1.0,0.9512195121951218,5.0,0.002916640808039543,0.13517994792456176,82,0.006225143999986983,2.154069495614896,82,price_fund_h40_q75_trd_xgb_d3e01r100_expanding_cap500k_pit_s40_exccovid,price_fund,40,q75,tradable,xgb,3,0.1,100,expanding,500000,pit,all,40,0,5,invvol,volq,15.0,turnover,drop,,0.0,covid,,,,
82,13.02,4.049989730724444,2.142442100631625,1.8903613449018968,0.11339733996813606,0.06026048372405235,0.05313685624408371,0.009765612457456684,1.5244202638828437,0.5609756097560976,0.6059465718529885,0.42244940428040334,0.21733977283548528,-0.45439509701534186,-0.26873561647198957,2.3666719157252527,1.0,0.9512195121951218,5.0,0.002916640808039543,0.13517994792456176,82,0.006225143999986983,2.154069495614896,82,pilot_insider_cluster_h40_q75_trd_xgb_d3e01r100_expanding_cap500k_pit_s40_shufinsider_cluster_recent0,pilot_insider_cluster,40,q75,tradable,xgb,3,0.1,100,expanding,500000,pit,all,40,0,5,invvol,volq,15.0,turnover,drop,insider_cluster_recent,0.0,,,,,
82,13.02,4.049989730724444,2.142442100631625,1.8903613449018968,0.11339733996813606,0.06026048372405235,0.05313685624408371,0.009765612457456684,1.5244202638828437,0.5609756097560976,0.6059465718529885,0.42244940428040334,0.21733977283548528,-0.45439509701534186,-0.26873561647198957,2.3666719157252527,1.0,0.9512195121951218,5.0,0.002916640808039543,0.13517994792456176,82,0.006225143999986983,2.154069495614896,82,pf_opt_vrp_h40_q75_trd_xgb_d3e01r100_expanding_cap500k_pit_s40_shufopt_vrp1,pf_opt_vrp,40,q75,tradable,xgb,3,0.1,100,expanding,500000,pit,all,40,0,5,invvol,volq,15.0,turnover,drop,opt_vrp,1.0,,,,,
82,13.02,4.049989730724444,2.142442100631625,1.8903613449018968,0.11339733996813606,0.06026048372405235,0.05313685624408371,0.009765612457456684,1.5244202638828437,0.5609756097560976,0.6059465718529885,0.42244940428040334,0.21733977283548528,-0.45439509701534186,-0.26873561647198957,2.3666719157252527,1.0,0.9512195121951218,5.0,0.002916640808039543,0.13517994792456176,82,0.006225143999986983,2.154069495614896,82,pf_opt_vrp_h40_q75_trd_xgb_d3e01r100_expanding_cap500k_pit_s40_shufopt_vrp2,pf_opt_vrp,40,q75,tradable,xgb,3,0.1,100,expanding,500000,pit,all,40,0,5,invvol,volq,15.0,turnover,drop,opt_vrp,2.0,,,,,
82,13.02,4.049989730724444,2.142442100631625,1.8903613449018968,0.11339733996813606,0.06026048372405235,0.05313685624408371,0.009765612457456684,1.5244202638828437,0.5609756097560976,0.6059465718529885,0.42244940428040334,0.21733977283548528,-0.45439509701534186,-0.26873561647198957,2.3666719157252527,1.0,0.9512195121951218,5.0,0.002916640808039543,0.13517994792456176,82,0.006225143999986983,2.154069495614896,82,pf_opt_vrp_h40_q75_trd_xgb_d3e01r100_expanding_cap500k_pit_s40_shufopt_vrp3,pf_opt_vrp,40,q75,tradable,xgb,3,0.1,100,expanding,500000,pit,all,40,0,5,invvol,volq,15.0,turnover,drop,opt_vrp,3.0,,,,,
82,13.02,4.049989730724444,2.142442100631625,1.8903613449018968,0.11339733996813606,0.06026048372405235,0.05313685624408371,0.009765612457456684,1.5244202638828437,0.5609756097560976,0.6059465718529885,0.42244940428040334,0.21733977283548528,-0.45439509701534186,-0.26873561647198957,2.3666719157252527,1.0,0.9512195121951218,5.0,0.002916640808039543,0.13517994792456176,82,0.006225143999986983,2.154069495614896,82,pf_short_interest_days_to_cover_h40_q75_trd_xgb_d3e01r100_expanding_cap500k_pit_s40_shufshort_interest_days_to_cover6,pf_short_interest_days_to_cover,40,q75,tradable,xgb,3,0.1,100,expanding,500000,pit,all,40,0,5,invvol,volq,15.0,turnover,drop,short_interest_days_to_cover,6.0,,,,,
82,13.02,4.049989730724444,2.142442100631625,1.8903613449018968,0.11339733996813606,0.06026048372405235,0.05313685624408371,0.009765612457456684,1.5244202638828437,0.5609756097560976,0.6059465718529885,0.42244940428040334,0.21733977283548528,-0.45439509701534186,-0.26873561647198957,2.3666719157252527,1.0,0.9512195121951218,5.0,0.002916640808039543,0.13517994792456176,82,0.006225143999986983,2.154069495614896,82,pf_opt_vrp_h40_q75_trd_xgb_d3e01r100_expanding_cap500k_pit_s40_shufopt_vrp7,pf_opt_vrp,40,q75,tradable,xgb,3,0.1,100,expanding,500000,pit,all,40,0,5,invvol,volq,15.0,turnover,drop,opt_vrp,7.0,,,,,
82,13.02,4.049989730724444,2.142442100631625,1.8903613449018968,0.11339733996813606,0.06026048372405235,0.05313685624408371,0.009765612457456684,1.5244202638828437,0.5609756097560976,0.6059465718529885,0.42244940428040334,0.21733977283548528,-0.45439509701534186,-0.26873561647198957,2.3666719157252527,1.0,0.9512195121951218,5.0,0.002916640808039543,0.13517994792456176,82,0.006225143999986983,2.154069495614896,82,pf_short_interest_days_to_cover_h40_q75_trd_xgb_d3e01r100_expanding_cap500k_pit_s40_shufshort_interest_days_to_cover5,pf_short_interest_days_to_cover,40,q75,tradable,xgb,3,0.1,100,expanding,500000,pit,all,40,0,5,invvol,volq,15.0,turnover,drop,short_interest_days_to_cover,5.0,,,,,
82,13.02,4.049989730724444,2.142442100631625,1.8903613449018968,0.11339733996813606,0.06026048372405235,0.05313685624408371,0.009765612457456684,1.5244202638828437,0.5609756097560976,0.6059465718529885,0.42244940428040334,0.21733977283548528,-0.45439509701534186,-0.26873561647198957,2.3666719157252527,1.0,0.9512195121951218,5.0,0.002916640808039543,0.13517994792456176,82,0.006225143999986983,2.154069495614896,82,pf_short_interest_days_to_cover_h40_q75_trd_xgb_d3e01r100_expanding_cap500k_pit_s40_shufshort_interest_days_to_cover4,pf_short_interest_days_to_cover,40,q75,tradable,xgb,3,0.1,100,expanding,500000,pit,all,40,0,5,invvol,volq,15.0,turnover,drop,short_interest_days_to_cover,4.0,,,,,
82,13.02,4.049989730724444,2.142442100631625,1.8903613449018968,0.11339733996813606,0.06026048372405235,0.05313685624408371,0.009765612457456684,1.5244202638828437,0.5609756097560976,0.6059465718529885,0.42244940428040334,0.21733977283548528,-0.45439509701534186,-0.26873561647198957,2.3666719157252527,1.0,0.9512195121951218,5.0,0.002916640808039543,0.13517994792456176,82,0.006225143999986983,2.154069495614896,82,pf_short_interest_days_to_cover_h40_q75_trd_xgb_d3e01r100_expanding_cap500k_pit_s40_shufshort_interest_days_to_cover3,pf_short_interest_days_to_cover,40,q75,tradable,xgb,3,0.1,100,expanding,500000,pit,all,40,0,5,invvol,volq,15.0,turnover,drop,short_interest_days_to_cover,3.0,,,,,
82,13.02,4.049989730724444,2.142442100631625,1.8903613449018968,0.11339733996813606,0.06026048372405235,0.05313685624408371,0.009765612457456684,1.5244202638828437,0.5609756097560976,0.6059465718529885,0.42244940428040334,0.21733977283548528,-0.45439509701534186,-0.26873561647198957,2.3666719157252527,1.0,0.9512195121951218,5.0,0.002916640808039543,0.13517994792456176,82,0.006225143999986983,2.154069495614896,82,pf_short_interest_days_to_cover_h40_q75_trd_xgb_d3e01r100_expanding_cap500k_pit_s40_shufshort_interest_days_to_cover2,pf_short_interest_days_to_cover,40,q75,tradable,xgb,3,0.1,100,expanding,500000,pit,all,40,0,5,invvol,volq,15.0,turnover,drop,short_interest_days_to_cover,2.0,,,,,
82,13.02,4.049989730724444,2.142442100631625,1.8903613449018968,0.11339733996813606,0.06026048372405235,0.05313685624408371,0.009765612457456684,1.5244202638828437,0.5609756097560976,0.6059465718529885,0.42244940428040334,0.21733977283548528,-0.45439509701534186,-0.26873561647198957,2.3666719157252527,1.0,0.9512195121951218,5.0,0.002916640808039543,0.13517994792456176,82,0.006225143999986983,2.154069495614896,82,pf_opt_vrp_h40_q75_trd_xgb_d3e01r100_expanding_cap500k_pit_s40_shufopt_vrp4,pf_opt_vrp,40,q75,tradable,xgb,3,0.1,100,expanding,500000,pit,all,40,0,5,invvol,volq,15.0,turnover,drop,opt_vrp,4.0,,,,,
82,13.02,4.049989730724444,2.142442100631625,1.8903613449018968,0.11339733996813606,0.06026048372405235,0.05313685624408371,0.009765612457456684,1.5244202638828437,0.5609756097560976,0.6059465718529885,0.42244940428040334,0.21733977283548528,-0.45439509701534186,-0.26873561647198957,2.3666719157252527,1.0,0.9512195121951218,5.0,0.002916640808039543,0.13517994792456176,82,0.006225143999986983,2.154069495614896,82,pf_opt_vrp_h40_q75_trd_xgb_d3e01r100_expanding_cap500k_pit_s40_shufopt_vrp5,pf_opt_vrp,40,q75,tradable,xgb,3,0.1,100,expanding,500000,pit,all,40,0,5,invvol,volq,15.0,turnover,drop,opt_vrp,5.0,,,,,
82,13.02,4.049989730724444,2.142442100631625,1.8903613449018968,0.11339733996813606,0.06026048372405235,0.05313685624408371,0.009765612457456684,1.5244202638828437,0.5609756097560976,0.6059465718529885,0.42244940428040334,0.21733977283548528,-0.45439509701534186,-0.26873561647198957,2.3666719157252527,1.0,0.9512195121951218,5.0,0.002916640808039543,0.13517994792456176,82,0.006225143999986983,2.154069495614896,82,pf_short_interest_days_to_cover_h40_q75_trd_xgb_d3e01r100_expanding_cap500k_pit_s40_shufshort_interest_days_to_cover1,pf_short_interest_days_to_cover,40,q75,tradable,xgb,3,0.1,100,expanding,500000,pit,all,40,0,5,invvol,volq,15.0,turnover,drop,short_interest_days_to_cover,1.0,,,,,
82,13.02,4.049989730724444,2.142442100631625,1.8903613449018968,0.11339733996813606,0.06026048372405235,0.05313685624408371,0.009765612457456684,1.5244202638828437,0.5609756097560976,0.6059465718529885,0.42244940428040334,0.21733977283548528,-0.45439509701534186,-0.26873561647198957,2.3666719157252527,1.0,0.9512195121951218,5.0,0.002916640808039543,0.13517994792456176,82,0.006225143999986983,2.154069495614896,82,pf_opt_vrp_h40_q75_trd_xgb_d3e01r100_expanding_cap500k_pit_s40_shufopt_vrp6,pf_opt_vrp,40,q75,tradable,xgb,3,0.1,100,expanding,500000,pit,all,40,0,5,invvol,volq,15.0,turnover,drop,opt_vrp,6.0,,,,,
82,13.02,4.049989730724444,2.142442100631625,1.8903613449018968,0.11339733996813606,0.06026048372405235,0.05313685624408371,0.009765612457456684,1.5244202638828437,0.5609756097560976,0.6059465718529885,0.42244940428040334,0.21733977283548528,-0.45439509701534186,-0.26873561647198957,2.3666719157252527,1.0,0.9512195121951218,5.0,0.002916640808039543,0.13517994792456176,82,0.006225143999986983,2.154069495614896,82,pf_opt_implied_move_40_h40_q75_trd_xgb_d3e01r100_expanding_cap500k_pit_s40_shufopt_implied_move_405,pf_opt_implied_move_40,40,q75,tradable,xgb,3,0.1,100,expanding,500000,pit,all,40,0,5,invvol,volq,15.0,turnover,drop,opt_implied_move_40,5.0,,,,,
82,13.02,4.049989730724444,2.142442100631625,1.8903613449018968,0.11339733996813606,0.06026048372405235,0.05313685624408371,0.009765612457456684,1.5244202638828437,0.5609756097560976,0.6059465718529885,0.42244940428040334,0.21733977283548528,-0.45439509701534186,-0.26873561647198957,2.3666719157252527,1.0,0.9512195121951218,5.0,0.002916640808039543,0.13517994792456176,82,0.006225143999986983,2.154069495614896,82,pf_opt_iv_pctile_h40_q75_trd_xgb_d3e01r100_expanding_cap500k_pit_s40_shufopt_iv_pctile2,pf_opt_iv_pctile,40,q75,tradable,xgb,3,0.1,100,expanding,500000,pit,all,40,0,5,invvol,volq,15.0,turnover,drop,opt_iv_pctile,2.0,,,,,
82,13.02,4.049989730724444,2.142442100631625,1.8903613449018968,0.11339733996813606,0.06026048372405235,0.05313685624408371,0.009765612457456684,1.5244202638828437,0.5609756097560976,0.6059465718529885,0.42244940428040334,0.21733977283548528,-0.45439509701534186,-0.26873561647198957,2.3666719157252527,1.0,0.9512195121951218,5.0,0.002916640808039543,0.13517994792456176,82,0.006225143999986983,2.154069495614896,82,pf_opt_implied_move_40_h40_q75_trd_xgb_d3e01r100_expanding_cap500k_pit_s40_shufopt_implied_move_403,pf_opt_implied_move_40,40,q75,tradable,xgb,3,0.1,100,expanding,500000,pit,all,40,0,5,invvol,volq,15.0,turnover,drop,opt_implied_move_40,3.0,,,,,
82,13.02,4.049989730724444,2.142442100631625,1.8903613449018968,0.11339733996813606,0.06026048372405235,0.05313685624408371,0.009765612457456684,1.5244202638828437,0.5609756097560976,0.6059465718529885,0.42244940428040334,0.21733977283548528,-0.45439509701534186,-0.26873561647198957,2.3666719157252527,1.0,0.9512195121951218,5.0,0.002916640808039543,0.13517994792456176,82,0.006225143999986983,2.154069495614896,82,pf_filed_item402_240d_h40_q75_trd_xgb_d3e01r100_expanding_cap500k_pit_s40_shuffiled_item402_240d1,pf_filed_item402_240d,40,q75,tradable,xgb,3,0.1,100,expanding,500000,pit,all,40,0,5,invvol,volq,15.0,turnover,drop,filed_item402_240d,1.0,,,,,
82,13.02,4.049989730724444,2.142442100631625,1.8903613449018968,0.11339733996813606,0.06026048372405235,0.05313685624408371,0.009765612457456684,1.5244202638828437,0.5609756097560976,0.6059465718529885,0.42244940428040334,0.21733977283548528,-0.45439509701534186,-0.26873561647198957,2.3666719157252527,1.0,0.9512195121951218,5.0,0.002916640808039543,0.13517994792456176,82,0.006225143999986983,2.154069495614896,82,pf_opt_atm_iv_h40_q75_trd_xgb_d3e01r100_expanding_cap500k_pit_s40_shufopt_atm_iv0,pf_opt_atm_iv,40,q75,tradable,xgb,3,0.1,100,expanding,500000,pit,all,40,0,5,invvol,volq,15.0,turnover,drop,opt_atm_iv,0.0,,,,,
82,13.02,4.049989730724444,2.142442100631625,1.8903613449018968,0.11339733996813606,0.06026048372405235,0.05313685624408371,0.009765612457456684,1.5244202638828437,0.5609756097560976,0.6059465718529885,0.42244940428040334,0.21733977283548528,-0.45439509701534186,-0.26873561647198957,2.3666719157252527,1.0,0.9512195121951218,5.0,0.002916640808039543,0.13517994792456176,82,0.006225143999986983,2.154069495614896,82,pf_filed_item402_240d_h40_q75_trd_xgb_d3e01r100_expanding_cap500k_pit_s40_shuffiled_item402_240d7,pf_filed_item402_240d,40,q75,tradable,xgb,3,0.1,100,expanding,500000,pit,all,40,0,5,invvol,volq,15.0,turnover,drop,filed_item402_240d,7.0,,,,,
82,13.02,4.049989730724444,2.142442100631625,1.8903613449018968,0.11339733996813606,0.06026048372405235,0.05313685624408371,0.009765612457456684,1.5244202638828437,0.5609756097560976,0.6059465718529885,0.42244940428040334,0.21733977283548528,-0.45439509701534186,-0.26873561647198957,2.3666719157252527,1.0,0.9512195121951218,5.0,0.002916640808039543,0.13517994792456176,82,0.006225143999986983,2.154069495614896,82,pf_filed_item402_240d_h40_q75_trd_xgb_d3e01r100_expanding_cap500k_pit_s40_shuffiled_item402_240d5,pf_filed_item402_240d,40,q75,tradable,xgb,3,0.1,100,expanding,500000,pit,all,40,0,5,invvol,volq,15.0,turnover,drop,filed_item402_240d,5.0,,,,,
82,13.02,4.049989730724444,2.142442100631625,1.8903613449018968,0.11339733996813606,0.06026048372405235,0.05313685624408371,0.009765612457456684,1.5244202638828437,0.5609756097560976,0.6059465718529885,0.42244940428040334,0.21733977283548528,-0.45439509701534186,-0.26873561647198957,2.3666719157252527,1.0,0.9512195121951218,5.0,0.002916640808039543,0.13517994792456176,82,0.006225143999986983,2.154069495614896,82,pf_filed_item402_240d_h40_q75_trd_xgb_d3e01r100_expanding_cap500k_pit_s40_shuffiled_item402_240d4,pf_filed_item402_240d,40,q75,tradable,xgb,3,0.1,100,expanding,500000,pit,all,40,0,5,invvol,volq,15.0,turnover,drop,filed_item402_240d,4.0,,,,,
82,13.02,4.049989730724444,2.142442100631625,1.8903613449018968,0.11339733996813606,0.06026048372405235,0.05313685624408371,0.009765612457456684,1.5244202638828437,0.5609756097560976,0.6059465718529885,0.42244940428040334,0.21733977283548528,-0.45439509701534186,-0.26873561647198957,2.3666719157252527,1.0,0.9512195121951218,5.0,0.002916640808039543,0.13517994792456176,82,0.006225143999986983,2.154069495614896,82,pf_filed_item402_240d_h40_q75_trd_xgb_d3e01r100_expanding_cap500k_pit_s40_shuffiled_item402_240d3,pf_filed_item402_240d,40,q75,tradable,xgb,3,0.1,100,expanding,500000,pit,all,40,0,5,invvol,volq,15.0,turnover,drop,filed_item402_240d,3.0,,,,,
82,13.02,4.049989730724444,2.142442100631625,1.8903613449018968,0.11339733996813606,0.06026048372405235,0.05313685624408371,0.009765612457456684,1.5244202638828437,0.5609756097560976,0.6059465718529885,0.42244940428040334,0.21733977283548528,-0.45439509701534186,-0.26873561647198957,2.3666719157252527,1.0,0.9512195121951218,5.0,0.002916640808039543,0.13517994792456176,82,0.006225143999986983,2.154069495614896,82,pf_filed_item402_240d_h40_q75_trd_xgb_d3e01r100_expanding_cap500k_pit_s40_shuffiled_item402_240d2,pf_filed_item402_240d,40,q75,tradable,xgb,3,0.1,100,expanding,500000,pit,all,40,0,5,invvol,volq,15.0,turnover,drop,filed_item402_240d,2.0,,,,,
82,13.02,4.049989730724444,2.142442100631625,1.8903613449018968,0.11339733996813606,0.06026048372405235,0.05313685624408371,0.009765612457456684,1.5244202638828437,0.5609756097560976,0.6059465718529885,0.42244940428040334,0.21733977283548528,-0.45439509701534186,-0.26873561647198957,2.3666719157252527,1.0,0.9512195121951218,5.0,0.002916640808039543,0.13517994792456176,82,0.006225143999986983,2.154069495614896,82,pf_filed_item402_240d_h40_q75_trd_xgb_d3e01r100_expanding_cap500k_pit_s40_shuffiled_item402_240d0,pf_filed_item402_240d,40,q75,tradable,xgb,3,0.1,100,expanding,500000,pit,all,40,0,5,invvol,volq,15.0,turnover,drop,filed_item402_240d,0.0,,,,,
82,13.02,4.049989730724444,2.142442100631625,1.8903613449018968,0.11339733996813606,0.06026048372405235,0.05313685624408371,0.009765612457456684,1.5244202638828437,0.5609756097560976,0.6059465718529885,0.42244940428040334,0.21733977283548528,-0.45439509701534186,-0.26873561647198957,2.3666719157252527,1.0,0.9512195121951218,5.0,0.002916640808039543,0.13517994792456176,82,0.006225143999986983,2.154069495614896,82,pf_opt_atm_iv_h40_q75_trd_xgb_d3e01r100_expanding_cap500k_pit_s40_shufopt_atm_iv2,pf_opt_atm_iv,40,q75,tradable,xgb,3,0.1,100,expanding,500000,pit,all,40,0,5,invvol,volq,15.0,turnover,drop,opt_atm_iv,2.0,,,,,
82,13.02,4.049989730724444,2.142442100631625,1.8903613449018968,0.11339733996813606,0.06026048372405235,0.05313685624408371,0.009765612457456684,1.5244202638828437,0.5609756097560976,0.6059465718529885,0.42244940428040334,0.21733977283548528,-0.45439509701534186,-0.26873561647198957,2.3666719157252527,1.0,0.9512195121951218,5.0,0.0029336461573197014,0.13595789725421614,82,0.0062274079575501615,2.1549314930018477,82,pf_filed_going_concern_120d_h40_q75_trd_xgb_d3e01r100_expanding_cap500k_pit_s40_shuffiled_going_concern_120d7,pf_filed_going_concern_120d,40,q75,tradable,xgb,3,0.1,100,expanding,500000,pit,all,40,0,5,invvol,volq,15.0,turnover,drop,filed_going_concern_120d,7.0,,,,,
82,13.02,4.049989730724444,2.142442100631625,1.8903613449018968,0.11339733996813606,0.06026048372405235,0.05313685624408371,0.009765612457456684,1.5244202638828437,0.5609756097560976,0.6059465718529885,0.42244940428040334,0.21733977283548528,-0.45439509701534186,-0.26873561647198957,2.3666719157252527,1.0,0.9512195121951218,5.0,0.002916640808039543,0.13517994792456176,82,0.006225143999986983,2.154069495614896,82,pf_filed_going_concern_120d_h40_q75_trd_xgb_d3e01r100_expanding_cap500k_pit_s40_shuffiled_going_concern_120d4,pf_filed_going_concern_120d,40,q75,tradable,xgb,3,0.1,100,expanding,500000,pit,all,40,0,5,invvol,volq,15.0,turnover,drop,filed_going_concern_120d,4.0,,,,,
82,13.02,4.049989730724444,2.142442100631625,1.8903613449018968,0.11339733996813606,0.06026048372405235,0.05313685624408371,0.009765612457456684,1.5244202638828437,0.5609756097560976,0.6059465718529885,0.42244940428040334,0.21733977283548528,-0.45439509701534186,-0.26873561647198957,2.3666719157252527,1.0,0.9512195121951218,5.0,0.002916640808039543,0.13517994792456176,82,0.006225143999986983,2.154069495614896,82,pf_filed_going_concern_120d_h40_q75_trd_xgb_d3e01r100_expanding_cap500k_pit_s40_shuffiled_going_concern_120d3,pf_filed_going_concern_120d,40,q75,tradable,xgb,3,0.1,100,expanding,500000,pit,all,40,0,5,invvol,volq,15.0,turnover,drop,filed_going_concern_120d,3.0,,,,,
82,13.02,4.049989730724444,2.142442100631625,1.8903613449018968,0.11339733996813606,0.06026048372405235,0.05313685624408371,0.009765612457456684,1.5244202638828437,0.5609756097560976,0.6059465718529885,0.42244940428040334,0.21733977283548528,-0.45439509701534186,-0.26873561647198957,2.3666719157252527,1.0,0.9512195121951218,5.0,0.002916640808039543,0.13517994792456176,82,0.006225143999986983,2.154069495614896,82,pf_filed_going_concern_120d_h40_q75_trd_xgb_d3e01r100_expanding_cap500k_pit_s40_shuffiled_going_concern_120d2,pf_filed_going_concern_120d,40,q75,tradable,xgb,3,0.1,100,expanding,500000,pit,all,40,0,5,invvol,volq,15.0,turnover,drop,filed_going_concern_120d,2.0,,,,,
82,13.02,4.049989730724444,2.142442100631625,1.8903613449018968,0.11339733996813606,0.06026048372405235,0.05313685624408371,0.009765612457456684,1.5244202638828437,0.5609756097560976,0.6059465718529885,0.42244940428040334,0.21733977283548528,-0.45439509701534186,-0.26873561647198957,2.3666719157252527,1.0,0.9512195121951218,5.0,0.002916640808039543,0.13517994792456176,82,0.006225143999986983,2.154069495614896,82,pf_filed_going_concern_120d_h40_q75_trd_xgb_d3e01r100_expanding_cap500k_pit_s40_shuffiled_going_concern_120d0,pf_filed_going_concern_120d,40,q75,tradable,xgb,3,0.1,100,expanding,500000,pit,all,40,0,5,invvol,volq,15.0,turnover,drop,filed_going_concern_120d,0.0,,,,,
82,13.02,4.049989730724444,2.142442100631625,1.8903613449018968,0.11339733996813606,0.06026048372405235,0.05313685624408371,0.009765612457456684,1.5244202638828437,0.5609756097560976,0.6059465718529885,0.42244940428040334,0.21733977283548528,-0.45439509701534186,-0.26873561647198957,2.3666719157252527,1.0,0.9512195121951218,5.0,0.002916640808039543,0.13517994792456176,82,0.006225143999986983,2.154069495614896,82,pf_opt_implied_move_40_h40_q75_trd_xgb_d3e01r100_expanding_cap500k_pit_s40_shufopt_implied_move_402,pf_opt_implied_move_40,40,q75,tradable,xgb,3,0.1,100,expanding,500000,pit,all,40,0,5,invvol,volq,15.0,turnover,drop,opt_implied_move_40,2.0,,,,,
82,13.02,4.049989730724444,2.142442100631625,1.8903613449018968,0.11339733996813606,0.06026048372405235,0.05313685624408371,0.009765612457456684,1.5244202638828437,0.5609756097560976,0.6059465718529885,0.42244940428040334,0.21733977283548528,-0.45439509701534186,-0.26873561647198957,2.3666719157252527,1.0,0.9512195121951218,5.0,0.002916640808039543,0.13517994792456176,82,0.006225143999986983,2.154069495614896,82,pf_opt_atm_iv_h40_q75_trd_xgb_d3e01r100_expanding_cap500k_pit_s40_shufopt_atm_iv1,pf_opt_atm_iv,40,q75,tradable,xgb,3,0.1,100,expanding,500000,pit,all,40,0,5,invvol,volq,15.0,turnover,drop,opt_atm_iv,1.0,,,,,
82,13.02,4.049989730724444,2.142442100631625,1.8903613449018968,0.11339733996813606,0.06026048372405235,0.05313685624408371,0.009765612457456684,1.5244202638828437,0.5609756097560976,0.6059465718529885,0.42244940428040334,0.21733977283548528,-0.45439509701534186,-0.26873561647198957,2.3666719157252527,1.0,0.9512195121951218,5.0,0.002916640808039543,0.13517994792456176,82,0.006225143999986983,2.154069495614896,82,pf_filed_going_concern_120d_h40_q75_trd_xgb_d3e01r100_expanding_cap500k_pit_s40_shuffiled_going_concern_120d1,pf_filed_going_concern_120d,40,q75,tradable,xgb,3,0.1,100,expanding,500000,pit,all,40,0,5,invvol,volq,15.0,turnover,drop,filed_going_concern_120d,1.0,,,,,
82,13.02,4.049989730724444,2.142442100631625,1.8903613449018968,0.11339733996813606,0.06026048372405235,0.05313685624408371,0.009765612457456684,1.5244202638828437,0.5609756097560976,0.6059465718529885,0.42244940428040334,0.21733977283548528,-0.45439509701534186,-0.26873561647198957,2.3666719157252527,1.0,0.9512195121951218,5.0,0.002916640808039543,0.13517994792456176,82,0.006225143999986983,2.154069495614896,82,pf_opt_atm_iv_h40_q75_trd_xgb_d3e01r100_expanding_cap500k_pit_s40_shufopt_atm_iv3,pf_opt_atm_iv,40,q75,tradable,xgb,3,0.1,100,expanding,500000,pit,all,40,0,5,invvol,volq,15.0,turnover,drop,opt_atm_iv,3.0,,,,,
82,13.02,4.049989730724444,2.142442100631625,1.8903613449018968,0.11339733996813606,0.06026048372405235,0.05313685624408371,0.009765612457456684,1.5244202638828437,0.5609756097560976,0.6059465718529885,0.42244940428040334,0.21733977283548528,-0.45439509701534186,-0.26873561647198957,2.3666719157252527,1.0,0.9512195121951218,5.0,0.002916640808039543,0.13517994792456176,82,0.006225143999986983,2.154069495614896,82,pf_opt_implied_move_40_h40_q75_trd_xgb_d3e01r100_expanding_cap500k_pit_s40_shufopt_implied_move_401,pf_opt_implied_move_40,40,q75,tradable,xgb,3,0.1,100,expanding,500000,pit,all,40,0,5,invvol,volq,15.0,turnover,drop,opt_implied_move_40,1.0,,,,,
82,13.02,4.049989730724444,2.142442100631625,1.8903613449018968,0.11339733996813606,0.06026048372405235,0.05313685624408371,0.009765612457456684,1.5244202638828437,0.5609756097560976,0.6059465718529885,0.42244940428040334,0.21733977283548528,-0.45439509701534186,-0.26873561647198957,2.3666719157252527,1.0,0.9512195121951218,5.0,0.002916640808039543,0.13517994792456176,82,0.006225143999986983,2.154069495614896,82,pf_opt_implied_move_40_h40_q75_trd_xgb_d3e01r100_expanding_cap500k_pit_s40_shufopt_implied_move_400,pf_opt_implied_move_40,40,q75,tradable,xgb,3,0.1,100,expanding,500000,pit,all,40,0,5,invvol,volq,15.0,turnover,drop,opt_implied_move_40,0.0,,,,,
82,13.02,4.049989730724444,2.142442100631625,1.8903613449018968,0.11339733996813606,0.06026048372405235,0.05313685624408371,0.009765612457456684,1.5244202638828437,0.5609756097560976,0.6059465718529885,0.42244940428040334,0.21733977283548528,-0.45439509701534186,-0.26873561647198957,2.3666719157252527,1.0,0.9512195121951218,5.0,0.002916640808039543,0.13517994792456176,82,0.006225143999986983,2.154069495614896,82,pf_opt_bfly25_h40_q75_trd_xgb_d3e01r100_expanding_cap500k_pit_s40_shufopt_bfly257,pf_opt_bfly25,40,q75,tradable,xgb,3,0.1,100,expanding,500000,pit,all,40,0,5,invvol,volq,15.0,turnover,drop,opt_bfly25,7.0,,,,,
82,13.02,4.049989730724444,2.142442100631625,1.8903613449018968,0.11339733996813606,0.06026048372405235,0.05313685624408371,0.009765612457456684,1.5244202638828437,0.5609756097560976,0.6059465718529885,0.42244940428040334,0.21733977283548528,-0.45439509701534186,-0.26873561647198957,2.3666719157252527,1.0,0.9512195121951218,5.0,0.002916640808039543,0.13517994792456176,82,0.006225143999986983,2.154069495614896,82,pf_opt_bfly25_h40_q75_trd_xgb_d3e01r100_expanding_cap500k_pit_s40_shufopt_bfly256,pf_opt_bfly25,40,q75,tradable,xgb,3,0.1,100,expanding,500000,pit,all,40,0,5,invvol,volq,15.0,turnover,drop,opt_bfly25,6.0,,,,,
82,13.02,4.049989730724444,2.142442100631625,1.8903613449018968,0.11339733996813606,0.06026048372405235,0.05313685624408371,0.009765612457456684,1.5244202638828437,0.5609756097560976,0.6059465718529885,0.42244940428040334,0.21733977283548528,-0.45439509701534186,-0.26873561647198957,2.3666719157252527,1.0,0.9512195121951218,5.0,0.002916640808039543,0.13517994792456176,82,0.006225143999986983,2.154069495614896,82,pf_opt_bfly25_h40_q75_trd_xgb_d3e01r100_expanding_cap500k_pit_s40_shufopt_bfly255,pf_opt_bfly25,40,q75,tradable,xgb,3,0.1,100,expanding,500000,pit,all,40,0,5,invvol,volq,15.0,turnover,drop,opt_bfly25,5.0,,,,,
82,13.02,4.049989730724444,2.142442100631625,1.8903613449018968,0.11339733996813606,0.06026048372405235,0.05313685624408371,0.009765612457456684,1.5244202638828437,0.5609756097560976,0.6059465718529885,0.42244940428040334,0.21733977283548528,-0.45439509701534186,-0.26873561647198957,2.3666719157252527,1.0,0.9512195121951218,5.0,0.002916640808039543,0.13517994792456176,82,0.006225143999986983,2.154069495614896,82,pf_opt_bfly25_h40_q75_trd_xgb_d3e01r100_expanding_cap500k_pit_s40_shufopt_bfly254,pf_opt_bfly25,40,q75,tradable,xgb,3,0.1,100,expanding,500000,pit,all,40,0,5,invvol,volq,15.0,turnover,drop,opt_bfly25,4.0,,,,,
82,13.02,4.049989730724444,2.142442100631625,1.8903613449018968,0.11339733996813606,0.06026048372405235,0.05313685624408371,0.009765612457456684,1.5244202638828437,0.5609756097560976,0.6059465718529885,0.42244940428040334,0.21733977283548528,-0.45439509701534186,-0.26873561647198957,2.3666719157252527,1.0,0.9512195121951218,5.0,0.002916640808039543,0.13517994792456176,82,0.006225143999986983,2.154069495614896,82,pf_opt_bfly25_h40_q75_trd_xgb_d3e01r100_expanding_cap500k_pit_s40_shufopt_bfly253,pf_opt_bfly25,40,q75,tradable,xgb,3,0.1,100,expanding,500000,pit,all,40,0,5,invvol,volq,15.0,turnover,drop,opt_bfly25,3.0,,,,,
82,13.02,4.049989730724444,2.142442100631625,1.8903613449018968,0.11339733996813606,0.06026048372405235,0.05313685624408371,0.009765612457456684,1.5244202638828437,0.5609756097560976,0.6059465718529885,0.42244940428040334,0.21733977283548528,-0.45439509701534186,-0.26873561647198957,2.3666719157252527,1.0,0.9512195121951218,5.0,0.002916640808039543,0.13517994792456176,82,0.006225143999986983,2.154069495614896,82,pf_opt_bfly25_h40_q75_trd_xgb_d3e01r100_expanding_cap500k_pit_s40_shufopt_bfly252,pf_opt_bfly25,40,q75,tradable,xgb,3,0.1,100,expanding,500000,pit,all,40,0,5,invvol,volq,15.0,turnover,drop,opt_bfly25,2.0,,,,,
82,13.02,4.049989730724444,2.142442100631625,1.8903613449018968,0.11339733996813606,0.06026048372405235,0.05313685624408371,0.009765612457456684,1.5244202638828437,0.5609756097560976,0.6059465718529885,0.42244940428040334,0.21733977283548528,-0.45439509701534186,-0.26873561647198957,2.3666719157252527,1.0,0.9512195121951218,5.0,0.002916640808039543,0.13517994792456176,82,0.006225143999986983,2.154069495614896,82,pf_opt_bfly25_h40_q75_trd_xgb_d3e01r100_expanding_cap500k_pit_s40_shufopt_bfly251,pf_opt_bfly25,40,q75,tradable,xgb,3,0.1,100,expanding,500000,pit,all,40,0,5,invvol,volq,15.0,turnover,drop,opt_bfly25,1.0,,,,,
82,13.02,4.049989730724444,2.142442100631625,1.8903613449018968,0.11339733996813606,0.06026048372405235,0.05313685624408371,0.009765612457456684,1.5244202638828437,0.5609756097560976,0.6059465718529885,0.42244940428040334,0.21733977283548528,-0.45439509701534186,-0.26873561647198957,2.3666719157252527,1.0,0.9512195121951218,5.0,0.002916640808039543,0.13517994792456176,82,0.006225143999986983,2.154069495614896,82,pf_opt_bfly25_h40_q75_trd_xgb_d3e01r100_expanding_cap500k_pit_s40_shufopt_bfly250,pf_opt_bfly25,40,q75,tradable,xgb,3,0.1,100,expanding,500000,pit,all,40,0,5,invvol,volq,15.0,turnover,drop,opt_bfly25,0.0,,,,,
82,13.02,4.049989730724444,2.142442100631625,1.8903613449018968,0.11339733996813606,0.06026048372405235,0.05313685624408371,0.009765612457456684,1.5244202638828437,0.5609756097560976,0.6059465718529885,0.42244940428040334,0.21733977283548528,-0.45439509701534186,-0.26873561647198957,2.3666719157252527,1.0,0.9512195121951218,5.0,0.002916640808039543,0.13517994792456176,82,0.006225143999986983,2.154069495614896,82,pf_opt_atm_iv_h40_q75_trd_xgb_d3e01r100_expanding_cap500k_pit_s40_shufopt_atm_iv7,pf_opt_atm_iv,40,q75,tradable,xgb,3,0.1,100,expanding,500000,pit,all,40,0,5,invvol,volq,15.0,turnover,drop,opt_atm_iv,7.0,,,,,
82,13.02,4.049989730724444,2.142442100631625,1.8903613449018968,0.11339733996813606,0.06026048372405235,0.05313685624408371,0.009765612457456684,1.5244202638828437,0.5609756097560976,0.6059465718529885,0.42244940428040334,0.21733977283548528,-0.45439509701534186,-0.26873561647198957,2.3666719157252527,1.0,0.9512195121951218,5.0,0.002916640808039543,0.13517994792456176,82,0.006225143999986983,2.154069495614896,82,pf_opt_atm_iv_h40_q75_trd_xgb_d3e01r100_expanding_cap500k_pit_s40_shufopt_atm_iv5,pf_opt_atm_iv,40,q75,tradable,xgb,3,0.1,100,expanding,500000,pit,all,40,0,5,invvol,volq,15.0,turnover,drop,opt_atm_iv,5.0,,,,,
82,13.02,4.049989730724444,2.142442100631625,1.8903613449018968,0.11339733996813606,0.06026048372405235,0.05313685624408371,0.009765612457456684,1.5244202638828437,0.5609756097560976,0.6059465718529885,0.42244940428040334,0.21733977283548528,-0.45439509701534186,-0.26873561647198957,2.3666719157252527,1.0,0.9512195121951218,5.0,0.002916640808039543,0.13517994792456176,82,0.006225143999986983,2.154069495614896,82,pf_opt_atm_iv_h40_q75_trd_xgb_d3e01r100_expanding_cap500k_pit_s40_shufopt_atm_iv6,pf_opt_atm_iv,40,q75,tradable,xgb,3,0.1,100,expanding,500000,pit,all,40,0,5,invvol,volq,15.0,turnover,drop,opt_atm_iv,6.0,,,,,
82,13.02,4.049989730724444,2.142442100631625,1.8903613449018968,0.11339733996813606,0.06026048372405235,0.05313685624408371,0.009765612457456684,1.5244202638828437,0.5609756097560976,0.6059465718529885,0.42244940428040334,0.21733977283548528,-0.45439509701534186,-0.26873561647198957,2.3666719157252527,1.0,0.9512195121951218,5.0,0.002916640808039543,0.13517994792456176,82,0.006225143999986983,2.154069495614896,82,pf_opt_atm_iv_h40_q75_trd_xgb_d3e01r100_expanding_cap500k_pit_s40_shufopt_atm_iv4,pf_opt_atm_iv,40,q75,tradable,xgb,3,0.1,100,expanding,500000,pit,all,40,0,5,invvol,volq,15.0,turnover,drop,opt_atm_iv,4.0,,,,,
82,13.02,4.049664336032691,2.142442100631625,1.8902094646286065,0.11339046987212686,0.06026048372405235,0.053129986148074515,0.009731529140329884,1.4303531329210948,0.573170731707317,0.6004659600709192,0.39638139378575177,0.21896604707101425,-0.3842989295281769,0.20000758815869654,3.269790024680877,1.0,0.9414634146341462,5.0,0.003452651430991106,0.16004715994469662,82,0.005612764095352744,1.958776122971352,82,pf_upside_vol_ratio_120_h40_q75_trd_xgb_d3e01r100_expanding_cap500k_pit_s40_shufupside_vol_ratio_1204,pf_upside_vol_ratio_120,40,q75,tradable,xgb,3,0.1,100,expanding,500000,pit,all,40,0,5,invvol,volq,15.0,turnover,drop,upside_vol_ratio_120,4.0,,,,,
82,13.02,4.046378322714855,2.142442100631625,1.8886756946766121,0.1133210633166919,0.06026048372405235,0.053060579592639545,0.010272634097113903,1.4646814708062297,0.5487804878048781,0.5814100664874604,0.4058945091864706,0.23200347114071387,-0.5132817942718135,-0.19975965051937927,3.04378283794898,1.0,0.9585365853658536,5.0,0.003746225587729303,0.17348109335003545,82,0.0066643596862357895,2.3020395230936743,82,pf_volatility_60_ind_rel_h40_q75_trd_xgb_d3e01r100_expanding_cap500k_pit_s40_shufvolatility_60_ind_rel1,pf_volatility_60_ind_rel,40,q75,tradable,xgb,3,0.1,100,expanding,500000,pit,all,40,0,5,invvol,volq,15.0,turnover,drop,volatility_60_ind_rel,1.0,,,,,
82,13.02,4.037651681221216,2.142442100631625,1.884602473052062,0.11313648793172248,0.06026048372405235,0.052876004207670135,0.010059722581799302,1.4097877138285708,0.5487804878048781,0.5832559525319773,0.39068227704593306,0.22897046660904594,-0.49585501898819717,0.12982173922489126,3.44349441130802,1.0,0.9414634146341464,5.0,0.0022600470729888292,0.10560409225172758,82,0.005726007891531846,1.907867515425357,82,pf_rate_beta_250_h40_q75_trd_xgb_d3e01r100_expanding_cap500k_pit_s40_shufrate_beta_2506,pf_rate_beta_250,40,q75,tradable,xgb,3,0.1,100,expanding,500000,pit,all,40,0,5,invvol,volq,15.0,turnover,drop,rate_beta_250,6.0,,,,,
82,13.02,4.032895498678118,2.142442100631625,1.8823824912183895,0.11303573578201509,0.06026048372405235,0.05277525205796274,0.010112028329979048,1.427473940252266,0.6097560975609756,0.585723434453036,0.39558350802119424,0.22856823595798934,-0.4733528319517777,-0.18720061618928444,3.648883741827469,1.0,0.948780487804878,5.0,0.00291084389344647,0.1367528668037462,82,0.005021502721438705,1.7725930257336915,82,pf_days_to_next_filing_est_h40_q75_trd_xgb_d3e01r100_expanding_cap500k_pit_s40_shufdays_to_next_filing_est7,pf_days_to_next_filing_est,40,q75,tradable,xgb,3,0.1,100,expanding,500000,pit,all,40,0,5,invvol,volq,15.0,turnover,drop,days_to_next_filing_est,7.0,,,,,
82,13.02,4.032557237033333,2.142442100631625,1.8822246052037872,0.11302856607037737,0.06026048372405235,0.05276808234632502,0.010540299504636105,1.4330988590462692,0.5853658536585366,0.571238366043869,0.39714229312130817,0.23908534321805847,-0.5829949239637171,-0.2715629042768668,4.187099235522157,1.0,0.9439024390243902,5.0,0.0035916700677304843,0.16618951602943843,82,0.005975140438797415,2.0879116197972887,82,price_fund_path_h40_q75_trd_xgb_d3e01r100_expanding_cap500k_pit_s40_shufaccel_203,price_fund_path,40,q75,tradable,xgb,3,0.1,100,expanding,500000,pit,all,40,0,5,invvol,volq,15.0,turnover,drop,accel_20,3.0,,,,,
82,13.02,3.999320054681699,2.142442100631625,1.8667109153160486,0.11232135689272482,0.06026048372405235,0.05206087316867247,0.009530666290179695,1.4073125430278817,0.5365853658536586,0.5975216720820568,0.3899963543676422,0.21792810494837492,-0.36580983119197585,0.2623752507147609,3.3645846757040254,1.0,0.9439024390243903,5.0,0.0027874816680782542,0.1295944758296259,82,0.0054275272322276595,1.8369994145806492,82,pf_realized_skew_120_h40_q75_trd_xgb_d3e01r100_expanding_cap500k_pit_s40_shufrealized_skew_1204,pf_realized_skew_120,40,q75,tradable,xgb,3,0.1,100,expanding,500000,pit,all,40,0,5,invvol,volq,15.0,turnover,drop,realized_skew_120,4.0,,,,,
82,13.02,3.9858114517177734,2.142442100631625,1.860405679361274,0.11203237368549068,0.06026048372405235,0.05177188996143833,0.009560763755310085,1.4965656123709405,0.5487804878048781,0.6004752505249226,0.41473028559874164,0.2171718119508897,-0.45439509701534186,-0.26157856753184533,2.3503749927126014,1.0,0.948780487804878,5.0,0.002442385595963458,0.11328174282363217,82,0.006325983202296113,2.1964827582254616,82,pf_net_issuance_pct_h40_q75_trd_xgb_d3e01r100_expanding_cap500k_pit_s40_shufnet_issuance_pct0,pf_net_issuance_pct,40,q75,tradable,xgb,3,0.1,100,expanding,500000,pit,all,40,0,5,invvol,volq,15.0,turnover,drop,net_issuance_pct,0.0,,,,,
82,13.02,3.984248213725939,2.142442100631625,1.8596760269746944,0.11199887371714246,0.06026048372405235,0.051738389993090106,0.00892161670799029,1.48204361167165,0.6097560975609756,0.6472467687880313,0.41070592913371484,0.19525999774510058,-0.5127725198383684,-0.7432425756596606,3.2881379543820413,1.0,0.9682926829268294,5.0,0.010841882264446405,0.5198981675873889,82,0.006081308376143278,2.2323005009042785,82,price_fund_events_h40_q75_trd_xgb_d3e01r100_expanding_cap500k_pit_s40,price_fund_events,40,q75,tradable,xgb,3,0.1,100,expanding,500000,pit,all,40,0,5,invvol,volq,15.0,turnover,drop,,,,,,,
82,13.02,3.9726022900852933,2.142442100631625,1.854240209765346,0.1117489206005935,0.06026048372405235,0.051488436876541144,0.009541942950511126,1.4859858935994936,0.5609756097560976,0.5977454662534664,0.41179841963084385,0.2179653137341037,-0.45439509701534186,-0.23567909939873505,2.3700977992692276,1.0,0.9536585365853659,5.0,0.002988045507740788,0.13856571500027753,82,0.0060357356109222455,2.0688696875595993,82,pf_momentum_5_ind_rel_h40_q75_trd_xgb_d3e01r100_expanding_cap500k_pit_s40_shufmomentum_5_ind_rel7,pf_momentum_5_ind_rel,40,q75,tradable,xgb,3,0.1,100,expanding,500000,pit,all,40,0,5,invvol,volq,15.0,turnover,drop,momentum_5_ind_rel,7.0,,,,,
82,13.02,3.966378636675271,2.142442100631625,1.8513352755278292,0.11161506662529508,0.06026048372405235,0.05135458290124273,0.009479514641612969,1.4890052988985272,0.5609756097560976,0.6000684486367815,0.41263516130902705,0.21646638661192422,-0.46565898307190723,-0.27670630341085944,2.3773988817051555,1.0,0.9536585365853659,5.0,0.00289134549349377,0.13402238593108934,82,0.006194255495875175,2.1421841277063574,82,pf_filed_going_concern_120d_h40_q75_trd_xgb_d3e01r100_expanding_cap500k_pit_s40_shuffiled_going_concern_120d5,pf_filed_going_concern_120d,40,q75,tradable,xgb,3,0.1,100,expanding,500000,pit,all,40,0,5,invvol,volq,15.0,turnover,drop,filed_going_concern_120d,5.0,,,,,
82,13.02,3.9651709065649685,2.142442100631625,1.8507715589588043,0.11158906914992639,0.06026048372405235,0.05132858542587404,0.00959786956653206,1.4070154500349932,0.5121951219512195,0.5908021761707413,0.38991402355583454,0.22112302490532157,-0.3812639848990895,-0.10199106126744725,2.2569303236922353,1.0,0.9463414634146341,5.0,0.00373687759569358,0.1745672909266895,82,0.006033861995104542,2.101081616486748,82,pf_curve_beta_120_h40_q75_trd_xgb_d3e01r100_expanding_cap500k_pit_s40_shufcurve_beta_1201,pf_curve_beta_120,40,q75,tradable,xgb,3,0.1,100,expanding,500000,pit,all,40,0,5,invvol,volq,15.0,turnover,drop,curve_beta_120,1.0,,,,,
82,13.02,3.956656444139272,2.142442100631625,1.8467973734145666,0.11140557998612066,0.06026048372405235,0.05114509626206831,0.009714338567178534,1.403445083975206,0.5487804878048781,0.5840216534832421,0.3889245988868274,0.22494611772607964,-0.4773401342201945,-0.10016885572248928,2.9725942663581097,1.0,0.948780487804878,5.0,0.0024426916278180357,0.11425578231719935,82,0.005250406148278837,1.8620002782961262,82,pf_earnings_in_window_h40_q75_trd_xgb_d3e01r100_expanding_cap500k_pit_s40_shufearnings_in_window7,pf_earnings_in_window,40,q75,tradable,xgb,3,0.1,100,expanding,500000,pit,all,40,0,5,invvol,volq,15.0,turnover,drop,earnings_in_window,7.0,,,,,
82,13.02,3.949773765074246,2.142442100631625,1.8435848342925074,0.1112569896038047,0.06026048372405235,0.05099650587975235,0.009900269126417678,1.4363755099077424,0.5853658536585366,0.5786850560744922,0.3980503230375062,0.2290438663430596,-0.4831723006529314,-0.3298652752687997,3.164359094640671,1.0,0.921951219512195,5.0,0.0007652399468911727,0.03558470457885167,82,0.006466354653341226,2.29405168785731,82,pf_earnings_in_window_seasonal_h40_q75_trd_xgb_d3e01r100_expanding_cap500k_pit_s40_shufearnings_in_window_seasonal7,pf_earnings_in_window_seasonal,40,q75,tradable,xgb,3,0.1,100,expanding,500000,pit,all,40,0,5,invvol,volq,15.0,turnover,drop,earnings_in_window_seasonal,7.0,,,,,
82,13.02,3.9470457959050425,2.142442100631625,1.8423115353929014,0.1111980292314132,0.06026048372405235,0.05093754550736085,0.009497898879631666,1.47825481488357,0.5487804878048781,0.593547680618361,0.4096559726460025,0.21903955479260778,-0.45439509701534186,-0.23185830649971553,2.3156065461946684,1.0,0.9512195121951218,5.0,0.002737022261754663,0.1268474146653129,82,0.006086589887958876,2.1102114663918434,82,pf_net_issuance_pct_h40_q75_trd_xgb_d3e01r100_expanding_cap500k_pit_s40_shufnet_issuance_pct1,pf_net_issuance_pct,40,q75,tradable,xgb,3,0.1,100,expanding,500000,pit,all,40,0,5,invvol,volq,15.0,turnover,drop,net_issuance_pct,1.0,,,,,
82,13.02,3.9218993706795975,2.142442100631625,1.8305742636047717,0.11065275362123583,0.06026048372405235,0.050392269897183484,0.008083168209051927,1.521825439412837,0.5609756097560976,0.6909635371582042,0.42173032301552016,0.17526459949753376,-0.27115850778290507,-0.42469209158801746,3.1856210215154075,1.0,0.9902439024390244,5.0,-0.010650176921574283,-0.47219832989738353,82,0.002116027319839173,1.1221087696777392,82,volonly_h40_q75_trd_xgb_d3e01r100_expanding_pit_s40,volonly,40,q75,tradable,xgb,3,0.1,100,expanding,0,pit,all,40,0,5,invvol,volq,15.0,turnover,drop,,,,,,,
82,13.02,3.919441982472436,2.142442100631625,1.8294272602825175,0.11059929457050299,0.06026048372405235,0.05033881084645064,0.009330726793614677,1.4641101788992694,0.5487804878048781,0.5977627477008837,0.4057361920009257,0.215733899060364,-0.4876283316121576,-0.3666601352005514,2.709807370141236,1.0,0.9536585365853657,5.0,0.0034278581534313486,0.15889378361565443,82,0.006444490880837198,2.2421215403287653,82,pf_filed_item502_60d_h40_q75_trd_xgb_d3e01r100_expanding_cap500k_pit_s40_shuffiled_item502_60d2,pf_filed_item502_60d,40,q75,tradable,xgb,3,0.1,100,expanding,500000,pit,all,40,0,5,invvol,volq,15.0,turnover,drop,filed_item502_60d,2.0,,,,,
82,13.02,3.894473430472286,2.142442100631625,1.8177730120800626,0.1100543567795691,0.06026048372405235,0.049793873055516746,0.010466047502766954,1.37937604446422,0.573170731707317,0.5475731308803327,0.3822545541203541,0.2485643041877409,-0.6064098101311077,-0.3111025841061059,2.9056859810695377,1.0,0.9463414634146342,5.0,0.0029729757172047427,0.13754433632394494,82,0.0062780539966307575,2.149324799289417,82,price_fund_path_h40_q75_trd_xgb_d3e01r100_expanding_cap500k_pit_s40_shufaccel_2011,price_fund_path,40,q75,tradable,xgb,3,0.1,100,expanding,500000,pit,all,40,0,5,invvol,volq,15.0,turnover,drop,accel_20,11.0,,,,,
82,13.02,3.891680402832555,2.142442100631625,1.8164693466792998,0.10999319860315615,0.06026048372405235,0.0497327148791038,0.009556317169229639,1.4190543744218342,0.5487804878048781,0.5800001831240624,0.3932502665564646,0.2247900958152255,-0.5176539872813308,-0.34740053901051543,2.5503906396742484,1.0,0.9560975609756096,5.0,0.0032207270192259694,0.1493334541188318,82,0.006340796465387216,2.171185805095417,82,pf_volatility_20_ind_rel_h40_q75_trd_xgb_d3e01r100_expanding_cap500k_pit_s40_shufvolatility_20_ind_rel1,pf_volatility_20_ind_rel,40,q75,tradable,xgb,3,0.1,100,expanding,500000,pit,all,40,0,5,invvol,volq,15.0,turnover,drop,volatility_20_ind_rel,1.0,,,,,
82,13.02,3.8880688730310333,2.142442100631625,1.8147836396067694,0.10991405780213892,0.06026048372405235,0.04965357407808657,0.009751344062780415,1.3321863821313273,0.5365853658536586,0.5723364031199516,0.369177291102381,0.2299459501653403,-0.5523951757031094,-0.3652993434717389,3.2326726519014612,1.0,0.9536585365853657,5.0,0.003878225155621077,0.18414825598789,82,0.005220955275667883,1.788939334812184,82,pf_days_to_next_filing_est_h40_q75_trd_xgb_d3e01r100_expanding_cap500k_pit_s40_shufdays_to_next_filing_est6,pf_days_to_next_filing_est,40,q75,tradable,xgb,3,0.1,100,expanding,500000,pit,all,40,0,5,invvol,volq,15.0,turnover,drop,days_to_next_filing_est,6.0,,,,,
82,13.02,3.881988803491898,2.142442100631625,1.8119457241562922,0.1097806695382102,0.06026048372405235,0.04952018581415785,0.009880371164713258,1.4176838392848083,0.5853658536585366,0.5580458157040029,0.392870462006565,0.23729047980867232,-0.408362261970203,0.09044143980920148,3.1407960714517187,1.0,0.948780487804878,5.0,0.0022294391300763986,0.10417311508318434,82,0.0061749591231806625,2.2487266112050275,82,pf_earnings_in_window_seasonal_h40_q75_trd_xgb_d3e01r100_expanding_cap500k_pit_s40_shufearnings_in_window_seasonal1,pf_earnings_in_window_seasonal,40,q75,tradable,xgb,3,0.1,100,expanding,500000,pit,all,40,0,5,invvol,volq,15.0,turnover,drop,earnings_in_window_seasonal,1.0,,,,,
82,13.02,3.8810608738864234,2.142442100631625,1.811512606451407,0.10976029509212704,0.06026048372405235,0.049499811368074687,0.009281492196305705,1.432394713125325,0.5487804878048781,0.5876051882617254,0.3969471592518123,0.21893551352129156,-0.4420752594643451,-0.21605540126555017,2.2384564192524277,1.0,0.9536585365853659,5.0,0.0030660843207078667,0.14182486409248085,82,0.006434275870603212,2.2090723898800806,82,pf_momentum_5_ind_rel_h40_q75_trd_xgb_d3e01r100_expanding_cap500k_pit_s40_shufmomentum_5_ind_rel3,pf_momentum_5_ind_rel,40,q75,tradable,xgb,3,0.1,100,expanding,500000,pit,all,40,0,5,invvol,volq,15.0,turnover,drop,momentum_5_ind_rel,3.0,,,,,
82,13.02,3.87100304503129,2.142442100631625,1.8068180437128536,0.10953916745546421,0.06026048372405235,0.049278683731411865,0.009381668128791874,1.4068858596264782,0.524390243902439,0.5799724915249541,0.38987811128664296,0.22290450430848546,-0.3746679206382517,-0.16344395230113665,2.6004940495663513,1.0,0.9560975609756096,5.0,0.002520784491358693,0.11714059131933761,82,0.005060069882762929,1.8057135015394008,82,pf_rate_beta_120_h40_q75_trd_xgb_d3e01r100_expanding_cap500k_pit_s40_shufrate_beta_1204,pf_rate_beta_120,40,q75,tradable,xgb,3,0.1,100,expanding,500000,pit,all,40,0,5,invvol,volq,15.0,turnover,drop,rate_beta_120,4.0,,,,,
82,13.02,3.8617387503107605,2.142442100631625,1.8024938686428258,0.10933501635969267,0.06026048372405235,0.04907453263564032,0.010051584144199328,1.361727416540809,0.573170731707317,0.5523890818479864,0.3773637424923184,0.24167229562055875,-0.552897771913119,-0.16851668899145802,3.0171288870617228,1.0,0.9585365853658537,5.0,0.002745099773367213,0.12713031893204638,82,0.006201233510988912,2.1078701720790636,82,price_fund_path_h40_q75_trd_xgb_d3e01r100_expanding_cap500k_pit_s40_shufaccel_2018,price_fund_path,40,q75,tradable,xgb,3,0.1,100,expanding,500000,pit,all,40,0,5,invvol,volq,15.0,turnover,drop,accel_20,18.0,,,,,
82,13.02,3.851542611835224,2.142442100631625,1.7977347489109412,0.10910980753079391,0.06026048372405235,0.04884932380674156,0.008992534232033137,1.4044789252983587,0.5609756097560976,0.5963256196231767,0.38921109839187457,0.21268244528802807,-0.38741129386684714,-0.2977672740700272,2.443059749625741,1.0,0.9463414634146342,5.0,0.0028950438504893213,0.13416102469326777,82,0.006522519251183487,2.255374850766961,82,pf_momentum_60_ind_rel_h40_q75_trd_xgb_d3e01r100_expanding_cap500k_pit_s40_shufmomentum_60_ind_rel6,pf_momentum_60_ind_rel,40,q75,tradable,xgb,3,0.1,100,expanding,500000,pit,all,40,0,5,invvol,volq,15.0,turnover,drop,momentum_60_ind_rel,6.0,,,,,
82,13.02,3.8507453320904026,2.142442100631625,1.7973626129523608,0.1090921742936295,0.06026048372405235,0.048831690569577146,0.009641268644781669,1.4070010845354035,0.5609756097560976,0.573127864204512,0.3899100425691685,0.22841894306527136,-0.5590614090584415,-0.6249352729149643,3.3884703755569325,1.0,0.9512195121951219,5.0,0.003802847246933247,0.17574905565681379,82,0.006730658844007948,2.3392628796704056,82,pf_volatility_60_ind_rel_h40_q75_trd_xgb_d3e01r100_expanding_cap500k_pit_s40_shufvolatility_60_ind_rel3,pf_volatility_60_ind_rel,40,q75,tradable,xgb,3,0.1,100,expanding,500000,pit,all,40,0,5,invvol,volq,15.0,turnover,drop,volatility_60_ind_rel,3.0,,,,,
82,13.02,3.832574513974001,2.142442100631625,1.7888812551079436,0.10868937832248005,0.06026048372405235,0.048428894598427696,0.009066381991474174,1.41959183259624,0.5487804878048781,0.5869115907016789,0.39339920769230663,0.21688621231746338,-0.45439509701534186,-0.2615663224825417,2.3362688778850975,1.0,0.948780487804878,5.0,0.002664490301118247,0.12340860335756308,82,0.006310082794181918,2.203162518378637,82,pf_net_issuance_pct_h40_q75_trd_xgb_d3e01r100_expanding_cap500k_pit_s40_shufnet_issuance_pct2,pf_net_issuance_pct,40,q75,tradable,xgb,3,0.1,100,expanding,500000,pit,all,40,0,5,invvol,volq,15.0,turnover,drop,net_issuance_pct,2.0,,,,,
82,13.02,3.829297352242958,2.142442100631625,1.7873516166966759,0.10861654525332831,0.06026048372405235,0.04835606152927596,0.009114170856092646,1.4090718107088798,0.5609756097560976,0.5836569546672895,0.3904838850056268,0.21861124293302758,-0.4521633065042082,-0.25186823546350606,2.3934959281002413,1.0,0.9439024390243903,5.0,0.002914317639123216,0.13492104920512127,82,0.005954801374488943,2.069626565105049,82,pf_momentum_120_ind_rel_h40_q75_trd_xgb_d3e01r100_expanding_cap500k_pit_s40_shufmomentum_120_ind_rel5,pf_momentum_120_ind_rel,40,q75,tradable,xgb,3,0.1,100,expanding,500000,pit,all,40,0,5,invvol,volq,15.0,turnover,drop,momentum_120_ind_rel,5.0,,,,,
82,13.02,3.824783908604946,2.142442100631625,1.7852449349633954,0.10851614225841555,0.06026048372405235,0.0482556585343632,0.009016737714641043,1.403177958883788,0.5853658536585366,0.5888232481633898,0.38885057282038654,0.2156511444857149,-0.5122223803309212,-0.3426882443321172,2.4438396669589064,1.0,0.9512195121951218,5.0,0.003134058374553865,0.1452461126513862,82,0.005858047128766908,2.014772619267229,82,pf_filed_item502_60d_h40_q75_trd_xgb_d3e01r100_expanding_cap500k_pit_s40_shuffiled_item502_60d6,pf_filed_item502_60d,40,q75,tradable,xgb,3,0.1,100,expanding,500000,pit,all,40,0,5,invvol,volq,15.0,turnover,drop,filed_item502_60d,6.0,,,,,
82,13.02,3.820707377180518,2.142442100631625,1.783342185095277,0.10842536445911621,0.06026048372405235,0.048164880735063864,0.009064727029517048,1.379370867342144,0.5609756097560976,0.5839338525410696,0.38225311942928586,0.21797436394543548,-0.40703203745302474,-0.2579094403200296,2.3258857794536447,1.0,0.9512195121951218,5.0,0.002771402464382923,0.12848720244506565,82,0.005857305630768788,2.0464648041803235,82,pf_momentum_60_ind_rel_h40_q75_trd_xgb_d3e01r100_expanding_cap500k_pit_s40_shufmomentum_60_ind_rel4,pf_momentum_60_ind_rel,40,q75,tradable,xgb,3,0.1,100,expanding,500000,pit,all,40,0,5,invvol,volq,15.0,turnover,drop,momentum_60_ind_rel,4.0,,,,,
82,13.02,3.8185724508627676,2.142442100631625,1.782345693140082,0.10837778740020765,0.06026048372405235,0.0481173036761553,0.009120764566457542,1.3415997785807126,0.573170731707317,0.5752608120248899,0.37178594425172257,0.22187413457982616,-0.3398267422710516,0.09527417002001581,2.7094801510478064,1.0,0.948780487804878,5.0,0.0030745929701015743,0.1424835147966808,82,0.005481958009506536,1.863067340074427,82,pf_upside_vol_ratio_120_h40_q75_trd_xgb_d3e01r100_expanding_cap500k_pit_s40_shufupside_vol_ratio_1201,pf_upside_vol_ratio_120,40,q75,tradable,xgb,3,0.1,100,expanding,500000,pit,all,40,0,5,invvol,volq,15.0,turnover,drop,upside_vol_ratio_120,1.0,,,,,
82,13.02,3.812353439718923,2.142442100631625,1.77944292571313,0.10823905598980632,0.06026048372405235,0.04797857226575397,0.009332224288700182,1.3269053780710642,0.5365853658536586,0.5664980752084339,0.3677138121181946,0.22765676368959684,-0.4667969206847822,-0.028513670593396642,2.7529562109885486,1.0,0.9463414634146342,5.0,0.004088088717099229,0.19379072879775772,82,0.0056183227117553676,2.0474077517097484,82,pf_earnings_in_window_h40_q75_trd_xgb_d3e01r100_expanding_cap500k_pit_s40_shufearnings_in_window6,pf_earnings_in_window,40,q75,tradable,xgb,3,0.1,100,expanding,500000,pit,all,40,0,5,invvol,volq,15.0,turnover,drop,earnings_in_window,6.0,,,,,
82,13.02,3.807255212130122,2.142442100631625,1.7770632919357232,0.10812517067502792,0.06026048372405235,0.047864686950975566,0.010039411854518093,1.3425036653653482,0.5609756097560976,0.5512005984397372,0.37203643057937974,0.24205431815828185,-0.5870323800388801,-0.6450877709344268,3.36660281336089,1.0,0.9414634146341462,5.0,0.003797101487003662,0.17597396295695442,82,0.005101628671666786,1.7095116542331048,82,price_fund_path_h40_q75_trd_xgb_d3e01r100_expanding_cap500k_pit_s40_shufaccel_2015,price_fund_path,40,q75,tradable,xgb,3,0.1,100,expanding,500000,pit,all,40,0,5,invvol,volq,15.0,turnover,drop,accel_20,15.0,,,,,
82,13.02,3.7954949146292583,2.142442100631625,1.7715740899183634,0.10786192869972044,0.06026048372405235,0.047601444975668095,0.009431874811888678,1.3686739652201108,0.5487804878048781,0.5668639986863065,0.3792887794528618,0.22861682375135095,-0.5309798810200863,-0.5131859462104149,2.820623446287288,1.0,0.9512195121951218,5.0,0.002406360366105874,0.1117025145209533,82,0.00666500980628102,2.2740243461023257,82,pf_volatility_20_ind_rel_h40_q75_trd_xgb_d3e01r100_expanding_cap500k_pit_s40_shufvolatility_20_ind_rel5,pf_volatility_20_ind_rel,40,q75,tradable,xgb,3,0.1,100,expanding,500000,pit,all,40,0,5,invvol,volq,15.0,turnover,drop,volatility_20_ind_rel,5.0,,,,,
82,13.02,3.7913921047045136,2.142442100631625,1.7696590743744032,0.10776991438444483,0.06026048372405235,0.04750943066039248,0.008942929334772455,1.3973090947134683,0.5609756097560976,0.5826484167493354,0.3872241852478158,0.2171388624954885,-0.45439509701534186,-0.26925920300633716,2.3080981005225922,1.0,0.9560975609756096,5.0,0.002993791958597377,0.13882606518077556,82,0.0063060256100998455,2.183095773530846,82,pf_relative_strength_20_ind_rel_h40_q75_trd_xgb_d3e01r100_expanding_cap500k_pit_s40_shufrelative_strength_20_ind_rel4,pf_relative_strength_20_ind_rel,40,q75,tradable,xgb,3,0.1,100,expanding,500000,pit,all,40,0,5,invvol,volq,15.0,turnover,drop,relative_strength_20_ind_rel,4.0,,,,,
82,13.02,3.7913921047045136,2.142442100631625,1.7696590743744032,0.10776991438444483,0.06026048372405235,0.04750943066039248,0.008942929334772455,1.3973090947134683,0.5609756097560976,0.5826484167493354,0.3872241852478158,0.2171388624954885,-0.45439509701534186,-0.26925920300633716,2.3080981005225922,1.0,0.9560975609756096,5.0,0.002993791958597377,0.13882606518077556,82,0.0063060256100998455,2.183095773530846,82,pf_momentum_20_ind_rel_h40_q75_trd_xgb_d3e01r100_expanding_cap500k_pit_s40_shufmomentum_20_ind_rel4,pf_momentum_20_ind_rel,40,q75,tradable,xgb,3,0.1,100,expanding,500000,pit,all,40,0,5,invvol,volq,15.0,turnover,drop,momentum_20_ind_rel,4.0,,,,,
82,13.02,3.7901713776309323,2.142442100631625,1.7690892913808642,0.10774251921607503,0.06026048372405235,0.04748203549202268,0.009333535297698843,1.3695766937539162,0.5609756097560976,0.5710005326538494,0.3795389448044833,0.22587610145536566,-0.5244598481457315,-0.5935108787264122,2.9446883349983803,1.0,0.9536585365853657,5.0,0.0029014387580601577,0.13438771464719274,82,0.0058969120944323055,2.02514561353836,82,pf_volatility_20_ind_rel_h40_q75_trd_xgb_d3e01r100_expanding_cap500k_pit_s40_shufvolatility_20_ind_rel4,pf_volatility_20_ind_rel,40,q75,tradable,xgb,3,0.1,100,expanding,500000,pit,all,40,0,5,invvol,volq,15.0,turnover,drop,volatility_20_ind_rel,4.0,,,,,
82,13.02,3.7594020957546475,2.142442100631625,1.7547275114908905,0.10704930058984741,0.06026048372405235,0.04678881686579506,0.008749951146072903,1.394342253209148,0.5487804878048781,0.5844623057312958,0.3864020101194807,0.21438572380004928,-0.45937888796987936,-0.29307590172833137,2.4129601633352236,1.0,0.9512195121951218,5.0,0.0024502714002130836,0.11357174370372454,82,0.005734423102112681,2.0059472638602904,82,pf_momentum_60_ind_rel_h40_q75_trd_xgb_d3e01r100_expanding_cap500k_pit_s40_shufmomentum_60_ind_rel0,pf_momentum_60_ind_rel,40,q75,tradable,xgb,3,0.1,100,expanding,500000,pit,all,40,0,5,invvol,volq,15.0,turnover,drop,momentum_60_ind_rel,0.0,,,,,
82,13.02,3.7585404972594887,2.142442100631625,1.7543253543007826,0.10702981385653976,0.06026048372405235,0.04676933013248741,0.009192600280093118,1.407209584401662,0.5609756097560976,0.5641511723847664,0.38996782233396204,0.2270452877860707,-0.5091675803848589,-0.28176599514767564,2.562186008704636,1.0,0.9585365853658537,5.0,0.0012307250170722286,0.0570741639423421,82,0.005779370237114518,2.0004288091348097,82,pf_pct_from_high_252_ind_rel_h40_q75_trd_xgb_d3e01r100_expanding_cap500k_pit_s40_shufpct_from_high_252_ind_rel5,pf_pct_from_high_252_ind_rel,40,q75,tradable,xgb,3,0.1,100,expanding,500000,pit,all,40,0,5,invvol,volq,15.0,turnover,drop,pct_from_high_252_ind_rel,5.0,,,,,
82,13.02,3.75148768120369,2.142442100631625,1.7510334025352159,0.10687014541453377,0.06026048372405235,0.04660966169048142,0.00882066915840475,1.3754082396123721,0.5487804878048781,0.5784296469731994,0.3811549906760224,0.21739153080730583,-0.4622826030634808,-0.26723459838817587,2.316692941714421,1.0,0.9512195121951218,5.0,0.002838384374307078,0.13144780728890879,82,0.006267134190205425,2.202299596043804,82,pf_momentum_60_ind_rel_h40_q75_trd_xgb_d3e01r100_expanding_cap500k_pit_s40_shufmomentum_60_ind_rel3,pf_momentum_60_ind_rel,40,q75,tradable,xgb,3,0.1,100,expanding,500000,pit,all,40,0,5,invvol,volq,15.0,turnover,drop,momentum_60_ind_rel,3.0,,,,,
82,13.02,3.750062306429125,2.142442100631625,1.7503680987801482,0.10683784274784491,0.06026048372405235,0.046577359023792564,0.008749554867978635,1.370490541489047,0.5609756097560976,0.5812264237574637,0.3797921915242071,0.21557498738472716,-0.45439509701534186,-0.24470992641743425,2.359560489397872,1.0,0.9512195121951218,5.0,0.002713929899624656,0.1257885006973558,82,0.006113461847723359,2.0961960344387713,82,pf_net_issuance_pct_h40_q75_trd_xgb_d3e01r100_expanding_cap500k_pit_s40_shufnet_issuance_pct6,pf_net_issuance_pct,40,q75,tradable,xgb,3,0.1,100,expanding,500000,pit,all,40,0,5,invvol,volq,15.0,turnover,drop,net_issuance_pct,6.0,,,,,
82,13.02,3.749101793905205,2.142442100631625,1.7499197727676803,0.1068160686646491,0.06026048372405235,0.04655558494059675,0.009594264294226166,1.3179940339372045,0.5853658536585366,0.5536663403090545,0.36524428838521955,0.23591331340503588,-0.5651136836100996,-0.6031266664465114,3.351835946008757,1.0,0.948780487804878,5.0,0.003230299853600933,0.14945089801728453,82,0.006736956726359102,2.286235604690112,82,pilot_insider_cluster_h40_q75_trd_xgb_d3e01r100_expanding_cap500k_pit_s40,pilot_insider_cluster,40,q75,tradable,xgb,3,0.1,100,expanding,500000,pit,all,40,0,5,invvol,volq,15.0,turnover,drop,,0.0,,,,,
82,13.02,3.7353828956711994,2.142442100631625,1.7435163800085662,0.10650450836481196,0.06026048372405235,0.04624402464075961,0.008882605088704702,1.3521126115946305,0.5975609756097561,0.5702066832493987,0.374699274748076,0.22121055182672172,-0.4389694721432532,-0.15886332880086335,2.7097912580665637,1.0,0.9560975609756096,5.0,0.002272456980027641,0.10525396445961055,82,0.005756838223684811,1.907926929755005,82,pf_pct_from_high_252_ind_rel_h40_q75_trd_xgb_d3e01r100_expanding_cap500k_pit_s40_shufpct_from_high_252_ind_rel1,pf_pct_from_high_252_ind_rel,40,q75,tradable,xgb,3,0.1,100,expanding,500000,pit,all,40,0,5,invvol,volq,15.0,turnover,drop,pct_from_high_252_ind_rel,1.0,,,,,
82,13.02,3.6846933932967283,2.142442100631625,1.7198566963421897,0.10534409760061525,0.06026048372405235,0.0450836138765629,0.009317920108881848,1.2709101168003245,0.5121951219512195,0.5399156510287303,0.3521963296189148,0.23869847187417936,-0.48174091329292335,0.006051511331873524,3.5082083588626407,1.0,0.9390243902439024,5.0,0.0024166383424306615,0.1123213134696854,82,0.004996820714981995,1.703727810309559,82,pf_earnings_in_window_seasonal_h40_q75_trd_xgb_d3e01r100_expanding_cap500k_pit_s40_shufearnings_in_window_seasonal2,pf_earnings_in_window_seasonal,40,q75,tradable,xgb,3,0.1,100,expanding,500000,pit,all,40,0,5,invvol,volq,15.0,turnover,drop,earnings_in_window_seasonal,2.0,,,,,
82,13.02,3.657300034619678,2.142442100631625,1.707070652477119,0.10471084592971702,0.06026048372405235,0.04445036220566467,0.00820721975316948,1.256842495392389,0.5853658536585366,0.580637816579975,0.34829789135735056,0.2099116401322448,-0.34626073512874656,-0.004146604316254371,2.661366027622397,1.0,0.9390243902439024,5.0,0.003432329671243163,0.15917164893990357,82,0.006124575944490801,2.1010313880084452,82,pf_upside_vol_ratio_120_h40_q75_trd_xgb_d3e01r100_expanding_cap500k_pit_s40_shufupside_vol_ratio_1207,pf_upside_vol_ratio_120,40,q75,tradable,xgb,3,0.1,100,expanding,500000,pit,all,40,0,5,invvol,volq,15.0,turnover,drop,upside_vol_ratio_120,7.0,,,,,
82,13.02,3.6497109568195234,2.142442100631625,1.703528396750387,0.10453463479303693,0.06026048372405235,0.04427415106898458,0.009216119467991219,1.2262596313637006,0.5365853658536586,0.5364754937227033,0.3398227267349647,0.23903416648612158,-0.5174306357305329,-0.006531654040396768,3.420983124149564,1.0,0.9439024390243903,5.0,0.003138349973611198,0.1448800502735355,82,0.005944740523351618,2.0697143374267166,82,pf_pct_from_low_252_ind_rel_h40_q75_trd_xgb_d3e01r100_expanding_cap500k_pit_s40_shufpct_from_low_252_ind_rel4,pf_pct_from_low_252_ind_rel,40,q75,tradable,xgb,3,0.1,100,expanding,500000,pit,all,40,0,5,invvol,volq,15.0,turnover,drop,pct_from_low_252_ind_rel,4.0,,,,,
82,13.02,3.631977059147275,2.142442100631625,1.6952509746128084,0.10412154822155939,0.06026048372405235,0.04386106449750704,0.009393543506543235,1.2963769850032465,0.5121951219512195,0.5281238967579565,0.35925374256212056,0.24492976790305063,-0.46386157079173984,-0.09247278390591364,2.8250160707272434,1.0,0.9317073170731707,5.0,0.0032235097625943924,0.1509370789713512,82,0.005982438757341103,2.0845769038065,82,pf_earnings_in_window_seasonal_h40_q75_trd_xgb_d3e01r100_expanding_cap500k_pit_s40_shufearnings_in_window_seasonal0,pf_earnings_in_window_seasonal,40,q75,tradable,xgb,3,0.1,100,expanding,500000,pit,all,40,0,5,invvol,volq,15.0,turnover,drop,earnings_in_window_seasonal,0.0,,,,,
82,13.02,3.6263490933873896,2.142442100631625,1.69262408179819,0.10399006326929228,0.06026048372405235,0.04372957954523993,0.008858328766919008,1.245718689737716,0.573170731707317,0.5469878280297207,0.3452152472968615,0.23032113973035884,-0.497097373376706,-0.20385809631017607,3.02479160376207,1.0,0.9585365853658536,5.0,0.0030538342441836313,0.14566975783086775,82,0.0042981582639425725,1.5614544430402109,82,pf_days_to_next_filing_seasonal_h40_q75_trd_xgb_d3e01r100_expanding_cap500k_pit_s40_shufdays_to_next_filing_seasonal1,pf_days_to_next_filing_seasonal,40,q75,tradable,xgb,3,0.1,100,expanding,500000,pit,all,40,0,5,invvol,volq,15.0,turnover,drop,days_to_next_filing_seasonal,1.0,,,,,
82,13.02,3.6208962115379166,2.142442100631625,1.690078910636801,0.10386248895234451,0.06026048372405235,0.04360200522829216,0.008403222037011946,1.3028917638531223,0.5487804878048781,0.5650217858731776,0.3610591268838551,0.21789765118636706,-0.49419410471922887,-0.2797837463662187,2.3047526736941952,1.0,0.9536585365853657,5.0,0.002727946641438782,0.12636967212848177,82,0.006209112189329776,2.1588532518646772,82,pf_momentum_60_ind_rel_h40_q75_trd_xgb_d3e01r100_expanding_cap500k_pit_s40_shufmomentum_60_ind_rel2,pf_momentum_60_ind_rel,40,q75,tradable,xgb,3,0.1,100,expanding,500000,pit,all,40,0,5,invvol,volq,15.0,turnover,drop,momentum_60_ind_rel,2.0,,,,,
82,13.02,3.6183350007303945,2.142442100631625,1.6888834473816834,0.1038025062475676,0.06026048372405235,0.043542022523515245,0.008555220877337621,1.2141682475042501,0.5487804878048781,0.5505570753648643,0.336471946094369,0.225361014580678,-0.36603433069384805,0.20974937273405977,3.1440215374536016,1.0,0.9463414634146341,5.0,0.0025015354604147333,0.11661965793514295,82,0.005010334786563737,1.6895097614729235,82,pf_realized_skew_120_h40_q75_trd_xgb_d3e01r100_expanding_cap500k_pit_s40_shufrealized_skew_1203,pf_realized_skew_120,40,q75,tradable,xgb,3,0.1,100,expanding,500000,pit,all,40,0,5,invvol,volq,15.0,turnover,drop,realized_skew_120,3.0,,,,,
82,13.02,3.6153994807154266,2.142442100631625,1.6875132726571938,0.10373370911765534,0.06026048372405235,0.04347322539360299,0.008851948264439176,1.2608616723115935,0.573170731707317,0.551051343926928,0.34941169109843434,0.22854981023339116,-0.5059307142988549,-0.54651919209847,3.6567790215543723,1.0,0.9463414634146341,5.0,0.003970225686708846,0.1888741494196454,82,0.004210842607797069,1.4704312880996089,82,pf_days_to_next_filing_seasonal_h40_q75_trd_xgb_d3e01r100_expanding_cap500k_pit_s40_shufdays_to_next_filing_seasonal2,pf_days_to_next_filing_seasonal,40,q75,tradable,xgb,3,0.1,100,expanding,500000,pit,all,40,0,5,invvol,volq,15.0,turnover,drop,days_to_next_filing_seasonal,2.0,,,,,
82,13.02,3.603353561123755,2.142442100631625,1.6818907545092725,0.10345085871276316,0.06026048372405235,0.04319037498871081,0.009134782262079876,1.1796429435870046,0.573170731707317,0.533821098987123,0.3269042472005676,0.23926324491529552,-0.5096667430608317,-0.23176767683982583,3.455012369711075,1.0,0.921951219512195,5.0,0.004683717078725895,0.2196093466126676,82,0.0059423039119577414,2.1475191226590424,82,pf_revenue_growth_delta_h40_q75_trd_xgb_d3e01r100_expanding_cap500k_pit_s40,pf_revenue_growth_delta,40,q75,tradable,xgb,3,0.1,100,expanding,500000,pit,all,40,0,5,invvol,volq,15.0,turnover,drop,,0.0,,,,,
82,13.02,3.60001802767426,2.142442100631625,1.6803338706856623,0.1033723826800872,0.06026048372405235,0.043111898956034844,0.008695063149166096,1.2274896444627292,0.524390243902439,0.5396847062801058,0.34016358962773297,0.23153283250640358,-0.399307659993672,0.25938650645095324,3.067016305069235,1.0,0.9512195121951219,5.0,0.003426547203534433,0.16053555145920045,82,0.006588472507887867,2.2569547670942414,82,pf_rate_beta_250_h40_q75_trd_xgb_d3e01r100_expanding_cap500k_pit_s40_shufrate_beta_2500,pf_rate_beta_250,40,q75,tradable,xgb,3,0.1,100,expanding,500000,pit,all,40,0,5,invvol,volq,15.0,turnover,drop,rate_beta_250,0.0,,,,,
82,13.02,3.5893496645085223,2.142442100631625,1.6753543367404544,0.10312093362584873,0.06026048372405235,0.04286044990179638,0.00845175252618843,1.287513299963355,0.5487804878048781,0.554272187889246,0.35679742618169286,0.22267494809923885,-0.5404347252335683,-0.2251667445930603,2.4125504551601633,1.0,0.9560975609756096,5.0,0.0029840372674810305,0.13806774689571535,82,0.006226222680949467,2.1317661888947024,82,pf_filed_item502_60d_h40_q75_trd_xgb_d3e01r100_expanding_cap500k_pit_s40_shuffiled_item502_60d0,pf_filed_item502_60d,40,q75,tradable,xgb,3,0.1,100,expanding,500000,pit,all,40,0,5,invvol,volq,15.0,turnover,drop,filed_item502_60d,0.0,,,,,
82,13.02,3.538451845656486,2.142442100631625,1.6515974198851373,0.10191171197643434,0.06026048372405235,0.04165122825238199,0.008076247082090739,1.2011607677471594,0.5609756097560976,0.5537707661836955,0.33286729572021545,0.2186064535049525,-0.3465961704761634,0.08530878626915185,3.1262952748455906,1.0,0.9097560975609755,5.0,0.0029074213291194195,0.1301148786198128,82,0.004279012504394061,1.6768237296963233,82,price_fund_h40_q75_trd_xgb_d3e01r100_roll5_pit_s40,price_fund,40,q75,tradable,xgb,3,0.1,100,roll5,0,pit,all,40,0,5,invvol,volq,15.0,turnover,drop,,,,,,,
82,13.02,3.5362031137332144,2.142442100631625,1.6505478083588287,0.10185791738572059,0.06026048372405235,0.04159743366166824,0.008605671105996334,1.1697563946080898,0.573170731707317,0.5295534105010453,0.3241644733826222,0.23489944251580008,-0.4022783286913352,0.22065256431326924,3.159570537204608,1.0,0.9365853658536585,5.0,0.0038277064542680175,0.17787381597994145,82,0.006007013399340062,2.0483350543981005,82,pf_upside_vol_ratio_120_h40_q75_trd_xgb_d3e01r100_expanding_cap500k_pit_s40_shufupside_vol_ratio_1202,pf_upside_vol_ratio_120,40,q75,tradable,xgb,3,0.1,100,expanding,500000,pit,all,40,0,5,invvol,volq,15.0,turnover,drop,upside_vol_ratio_120,2.0,,,,,
82,13.02,3.5303916311057937,2.142442100631625,1.6478352577486128,0.10171874758749566,0.06026048372405235,0.04145826386344331,0.008181082508295726,1.1585865800635546,0.524390243902439,0.5424178619702613,0.32106907927637846,0.2243990308440491,-0.43619447775129927,0.39326879968600226,3.516355096107959,1.0,0.9390243902439023,5.0,0.0034359490445175075,0.16080893068056756,82,0.005977863861776676,2.0648779220395257,82,pf_rate_beta_250_h40_q75_trd_xgb_d3e01r100_expanding_cap500k_pit_s40_shufrate_beta_2507,pf_rate_beta_250,40,q75,tradable,xgb,3,0.1,100,expanding,500000,pit,all,40,0,5,invvol,volq,15.0,turnover,drop,rate_beta_250,7.0,,,,,
82,13.02,3.5216986390916913,2.142442100631625,1.6437777422565771,0.10151017787672156,0.06026048372405235,0.041249694152669214,0.007747241161875541,1.1406677424181593,0.524390243902439,0.5645224722346335,0.31610338676490957,0.21077286159562386,-0.3457939726540741,0.1044732339925259,2.547819084788228,1.0,0.9439024390243902,5.0,0.0032994275733200925,0.15275229727254486,82,0.004925119498613474,1.6689368044592836,82,pf_upside_vol_ratio_120_h40_q75_trd_xgb_d3e01r100_expanding_cap500k_pit_s40_shufupside_vol_ratio_1203,pf_upside_vol_ratio_120,40,q75,tradable,xgb,3,0.1,100,expanding,500000,pit,all,40,0,5,invvol,volq,15.0,turnover,drop,upside_vol_ratio_120,3.0,,,,,
82,13.02,3.5190322528988633,2.142442100631625,1.6425331876466571,0.10144610839890222,0.06026048372405235,0.041185624674849874,0.0087621449344663,1.2056368282112067,0.5365853658536586,0.52849792183603,0.3341077076468738,0.23723302800949214,-0.5686719310671262,-0.26654149635474556,2.9735976764677807,1.0,0.9536585365853659,5.0,0.002649912184067109,0.12276824872865509,82,0.006242212481773303,2.107339469512189,82,pf_volatility_20_ind_rel_h40_q75_trd_xgb_d3e01r100_expanding_cap500k_pit_s40_shufvolatility_20_ind_rel6,pf_volatility_20_ind_rel,40,q75,tradable,xgb,3,0.1,100,expanding,500000,pit,all,40,0,5,invvol,volq,15.0,turnover,drop,volatility_20_ind_rel,6.0,,,,,
82,13.02,3.5123156424349906,2.142442100631625,1.6393981622184821,0.10128451892210255,0.06026048372405235,0.0410240351980502,0.008126437347603816,1.2242206635091635,0.573170731707317,0.5545042298058632,0.3392576852067826,0.21888728612411104,-0.516852629740326,-0.5291502403461898,3.0126636817324854,1.0,0.9365853658536585,5.0,0.003214528595505819,0.14895245684334474,82,0.0062528768852110365,2.154253059453904,82,price_fund_path_h40_q75_trd_xgb_d3e01r100_expanding_cap500k_pit_s40_shufaccel_206,price_fund_path,40,q75,tradable,xgb,3,0.1,100,expanding,500000,pit,all,40,0,5,invvol,volq,15.0,turnover,drop,accel_20,6.0,,,,,
82,13.02,3.510086605057282,2.142442100631625,1.638357743260578,0.10123082927069005,0.06026048372405235,0.0409703455466377,0.008472016392756375,1.2200746195275636,0.4878048780487805,0.5280277170657376,0.33810872789386553,0.2339841909096165,-0.3777645495788574,0.2733089015175326,3.3564752732359726,1.0,0.948780487804878,5.0,0.003540064435848338,0.16489089217322547,82,0.007404106687757264,2.4958479805026488,82,pf_rate_beta_120_h40_q75_trd_xgb_d3e01r100_expanding_cap500k_pit_s40_shufrate_beta_1203,pf_rate_beta_120,40,q75,tradable,xgb,3,0.1,100,expanding,500000,pit,all,40,0,5,invvol,volq,15.0,turnover,drop,rate_beta_120,3.0,,,,,
82,13.02,3.507395977562224,2.142442100631625,1.6371018738514282,0.10116597959620033,0.06026048372405235,0.04090549587214798,0.007785006366616095,1.2162387495150344,0.4878048780487805,0.5720002399034901,0.33704572641055897,0.20843319130236718,-0.47056846266457364,-0.7018188006758702,3.665129022011465,1.0,0.9658536585365854,5.0,0.008040093210073256,0.3816253318907437,82,0.006550514359070563,2.45590279470483,82,price_fund_causal_events_h40_q75_trd_xgb_d3e01r100_expanding_cap500k_pit_s40,price_fund_causal_events,40,q75,tradable,xgb,3,0.1,100,expanding,500000,pit,all,40,0,5,invvol,volq,15.0,turnover,drop,,,,,,,
82,13.02,3.50275000672007,2.142442100631625,1.6349333341084946,0.1010538939148311,0.06026048372405235,0.040793410190778756,0.008040145141266738,1.204760252121257,0.5487804878048781,0.550288285454605,0.33386478969584726,0.21957676000310022,-0.4444370077940827,-0.22434557196385832,2.282925488706854,1.0,0.9512195121951219,5.0,0.002928688619017493,0.13545500132916505,82,0.006531986966509316,2.262099914992106,82,pf_momentum_5_ind_rel_h40_q75_trd_xgb_d3e01r100_expanding_cap500k_pit_s40_shufmomentum_5_ind_rel0,pf_momentum_5_ind_rel,40,q75,tradable,xgb,3,0.1,100,expanding,500000,pit,all,40,0,5,invvol,volq,15.0,turnover,drop,momentum_5_ind_rel,0.0,,,,,
82,13.02,3.5002375830667094,2.142442100631625,1.6337606426025633,0.10099322361790919,0.06026048372405235,0.04073273989385684,0.00896324162890048,1.1771637260304957,0.5609756097560976,0.5141898403331713,0.3262172030798334,0.24629721741013705,-0.5451420247251744,0.014985332581152831,3.132095748251559,1.0,0.8926829268292682,4.987804878048781,0.0017565073141876397,0.07783495816516718,82,0.0007620986764834079,0.3080695258759366,82,price_fund_h40_q75_pub_xgb_d3e01r100_expanding_pit_s40,price_fund,40,q75,as_published,xgb,3,0.1,100,expanding,0,pit,all,40,0,5,invvol,volq,15.0,turnover,drop,,,,,,,
82,13.02,3.4817525245626175,2.142442100631625,1.6251326108351507,0.10054560418144431,0.06026048372405235,0.040285120457391965,0.008427722892009952,1.112672019641003,0.47560975609756095,0.5222926715481793,0.3083451742235169,0.2360194116511987,-0.38984479099039093,0.34094925484048944,3.4341083638688206,1.0,0.9512195121951219,5.0,0.0045838167023555185,0.21387752256688666,82,0.006480230343767409,2.1463490364687305,82,pf_rate_beta_250_h40_q75_trd_xgb_d3e01r100_expanding_cap500k_pit_s40_shufrate_beta_2501,pf_rate_beta_250,40,q75,tradable,xgb,3,0.1,100,expanding,500000,pit,all,40,0,5,invvol,volq,15.0,turnover,drop,rate_beta_250,1.0,,,,,
82,13.02,3.477183424066363,2.142442100631625,1.6229999508697273,0.1004346243522003,0.06026048372405235,0.04017414062814795,0.006885154954404185,1.0786641861802821,0.4878048780487805,0.6101500113636097,0.29892087744215845,0.18611358884541995,-0.409675743181682,-0.2108628647523315,3.6462753528983507,1.0,0.9073170731707317,5.0,0.004788664977228325,0.29368765575409234,82,0.0037029266566894832,1.1255197713995433,82,price_fund_rates_h40_xrank_trd_xgb_reg_d3e01r100_expanding_cap500k_pit_s40,price_fund_rates,40,xrank,tradable,xgb_reg,3,0.1,100,expanding,500000,pit,all,40,0,5,invvol,volq,15.0,turnover,drop,,,,,,,
82,13.02,3.451197116351819,2.142442100631625,1.6108706579908751,0.09980086553951106,0.06026048372405235,0.039540381815458714,0.007796148457249557,1.1996588980565286,0.5609756097560976,0.5488995753983358,0.3324510955612792,0.21733301640869546,-0.45439509701534186,-0.30427827257847034,2.2800762462270185,1.0,0.948780487804878,5.0,0.0025369364236703658,0.11747912485328327,82,0.00618743032703461,2.142682043790536,82,pf_relative_strength_20_ind_rel_h40_q75_trd_xgb_d3e01r100_expanding_cap500k_pit_s40_shufrelative_strength_20_ind_rel0,pf_relative_strength_20_ind_rel,40,q75,tradable,xgb,3,0.1,100,expanding,500000,pit,all,40,0,5,invvol,volq,15.0,turnover,drop,relative_strength_20_ind_rel,0.0,,,,,
82,13.02,3.451197116351819,2.142442100631625,1.6108706579908751,0.09980086553951106,0.06026048372405235,0.039540381815458714,0.007796148457249557,1.1996588980565286,0.5609756097560976,0.5488995753983358,0.3324510955612792,0.21733301640869546,-0.45439509701534186,-0.30427827257847034,2.2800762462270185,1.0,0.948780487804878,5.0,0.0025369364236703658,0.11747912485328327,82,0.00618743032703461,2.142682043790536,82,pf_momentum_20_ind_rel_h40_q75_trd_xgb_d3e01r100_expanding_cap500k_pit_s40_shufmomentum_20_ind_rel0,pf_momentum_20_ind_rel,40,q75,tradable,xgb,3,0.1,100,expanding,500000,pit,all,40,0,5,invvol,volq,15.0,turnover,drop,momentum_20_ind_rel,0.0,,,,,
82,13.02,3.450770082716663,2.142442100631625,1.6106713370220471,0.09979041421915635,0.06026048372405235,0.039529930495104004,0.006894617646219427,1.3755428420734421,0.47560975609756095,0.5984477309006254,0.3811922918919935,0.1898524997517012,-0.3211246919508617,-0.16411950404193,3.4927553156625915,1.0,0.8560975609756096,5.0,0.014458709559410459,0.5736555979281311,82,0.0021748265296676,0.8622761820657057,82,price_fund_h40_q75_trd_xgb_d3e01r100_expanding_pit_mega_s40,price_fund,40,q75,tradable,xgb,3,0.1,100,expanding,0,pit,mega,40,0,5,invvol,volq,15.0,turnover,drop,,,,,,,
82,13.02,3.4503541229186223,2.142442100631625,1.6104771848449975,0.09978023277441461,0.06026048372405235,0.03951974905036226,0.008036692122572549,1.2646489380116535,0.5853658536585366,0.5342523370368187,0.35046122328896473,0.22612680515524541,-0.5270679367006058,0.06403848432405448,3.6327180482899983,1.0,0.948780487804878,5.0,0.001197849333605238,0.05628117728342142,82,0.005143366218467897,1.76999462261142,82,pf_pct_from_high_252_ind_rel_h40_q75_trd_xgb_d3e01r100_expanding_cap500k_pit_s40,pf_pct_from_high_252_ind_rel,40,q75,tradable,xgb,3,0.1,100,expanding,500000,pit,all,40,0,5,invvol,volq,15.0,turnover,drop,,0.0,,,,,
82,13.02,3.4367501858454155,2.142442100631625,1.6041274510205938,0.09944662318686581,0.06026048372405235,0.03918613946281346,0.007942597280971757,1.1882841534126982,0.5121951219512195,0.5355673474149021,0.32929891094888863,0.22446519940004717,-0.4937271329220506,-0.028406751949008536,3.0084957739589893,1.0,0.9658536585365854,5.0,0.0027169495799925203,0.12647605240621654,82,0.006397357771608786,2.1532127128768987,82,pf_rate_beta_120_h40_q75_trd_xgb_d3e01r100_expanding_cap500k_pit_s40_shufrate_beta_1205,pf_rate_beta_120,40,q75,tradable,xgb,3,0.1,100,expanding,500000,pit,all,40,0,5,invvol,volq,15.0,turnover,drop,rate_beta_120,5.0,,,,,
82,13.02,3.435933665956524,2.142442100631625,1.6037463345887188,0.09942656089408586,0.06026048372405235,0.03916607717003351,0.0077152109365973545,0.9797686814679469,0.4878048780487805,0.545861446641829,0.2715148214866161,0.21760890782448186,-0.5278032279948899,-0.05684232798607579,3.449640990422704,1.0,0.8731707317073168,5.0,0.015464428873694003,0.93208084553489,82,0.006189898424757254,1.916652202084013,82,price_fund_events_h40_xrank_trd_xgb_reg_d3e01r100_expanding_cap500k_pit_s40,price_fund_events,40,xrank,tradable,xgb_reg,3,0.1,100,expanding,500000,pit,all,40,0,5,invvol,volq,15.0,turnover,drop,,,,,,,
82,13.02,3.4170121371294613,2.142442100631625,1.5949145772117124,0.09896041255258803,0.06026048372405235,0.03869992882853568,0.008104388438831456,1.1672860171714259,0.5609756097560976,0.524798700904696,0.32347987904784986,0.23101253372236943,-0.5647140020020043,-0.03910355344451056,2.829573973417508,1.0,0.9536585365853659,5.0,0.003361315307664661,0.1554670720570741,82,0.00656832251596244,2.2360665153547865,82,price_fund_path_h40_q75_trd_xgb_d3e01r100_expanding_cap500k_pit_s40_shufaccel_2017,price_fund_path,40,q75,tradable,xgb,3,0.1,100,expanding,500000,pit,all,40,0,5,invvol,volq,15.0,turnover,drop,accel_20,17.0,,,,,
82,13.02,3.3960463590078818,2.142442100631625,1.585128652021296,0.09844111098988861,0.06026048372405235,0.038180627265836264,0.007961065954135059,1.099528136554848,0.6463414634146342,0.5297152430495345,0.30470272357441935,0.22716456744619345,-0.47587528563899906,-0.2897912823399404,3.4537463423683654,1.0,0.9512195121951219,5.0,0.0034582497840412742,0.16178577967584937,82,0.00509652106773974,1.7532654422640723,82,pf_days_to_next_filing_est_h40_q75_trd_xgb_d3e01r100_expanding_cap500k_pit_s40_shufdays_to_next_filing_est5,pf_days_to_next_filing_est,40,q75,tradable,xgb,3,0.1,100,expanding,500000,pit,all,40,0,5,invvol,volq,15.0,turnover,drop,days_to_next_filing_est,5.0,,,,,
82,13.02,3.388263950864702,2.142442100631625,1.5814961579898887,0.09824759494307878,0.06026048372405235,0.037987111219026426,0.007801561990994424,1.1941109741764624,0.5487804878048781,0.5353219288348358,0.33091364739579937,0.22290902838433,-0.5798209128285611,-0.42456795308203404,2.847262135546111,1.0,0.9512195121951219,5.0,0.0028755300646722023,0.13308279278934693,82,0.006675529837507238,2.2860839268509237,82,pf_volatility_60_ind_rel_h40_q75_trd_xgb_d3e01r100_expanding_cap500k_pit_s40_shufvolatility_60_ind_rel0,pf_volatility_60_ind_rel,40,q75,tradable,xgb,3,0.1,100,expanding,500000,pit,all,40,0,5,invvol,volq,15.0,turnover,drop,volatility_60_ind_rel,0.0,,,,,
82,13.02,3.3865558863359957,2.142442100631625,1.580698906793134,0.09820506758948988,0.06026048372405235,0.03794458386543753,0.00768053972464755,1.142694724881088,0.5975609756097561,0.5374657588235989,0.31666510688516697,0.22060192028203704,-0.5104486537377388,-0.303455230253584,2.5261757163035186,1.0,0.9487804878048782,5.0,0.002376018984333068,0.10972117580154492,82,0.007341438400166356,2.544779291184086,82,pf_pct_from_low_252_ind_rel_h40_q75_trd_xgb_d3e01r100_expanding_cap500k_pit_s40_shufpct_from_low_252_ind_rel3,pf_pct_from_low_252_ind_rel,40,q75,tradable,xgb,3,0.1,100,expanding,500000,pit,all,40,0,5,invvol,volq,15.0,turnover,drop,pct_from_low_252_ind_rel,3.0,,,,,
82,13.02,3.382996252443532,2.142442100631625,1.5790374225031203,0.09811637622936664,0.06026048372405235,0.03785589250531429,0.008349512148795046,1.0742962913720588,0.5,0.5049571305097703,0.2977104405282634,0.2431467658229032,-0.4278218711393049,0.2983571746687228,3.692438317763921,1.0,0.9585365853658536,5.0,0.002642838563756832,0.1262049805670422,82,0.0044910882729801635,1.6268924101755409,82,pf_days_to_next_filing_seasonal_h40_q75_trd_xgb_d3e01r100_expanding_cap500k_pit_s40_shufdays_to_next_filing_seasonal5,pf_days_to_next_filing_seasonal,40,q75,tradable,xgb,3,0.1,100,expanding,500000,pit,all,40,0,5,invvol,volq,15.0,turnover,drop,days_to_next_filing_seasonal,5.0,,,,,
82,13.02,3.371961011766255,2.142442100631625,1.5738866458851553,0.09784087505970751,0.06026048372405235,0.03758039133565516,0.007884040801549898,1.1559776669580735,0.5487804878048781,0.5319847811469137,0.3203460937497872,0.22528367056500076,-0.5730092467424788,-0.6245409831112022,3.269225819785079,1.0,0.9365853658536585,5.0,0.0022223850412145026,0.10271565149950772,82,0.005954105876431845,2.135091479940213,82,price_fund_path_h40_q75_trd_xgb_d3e01r100_expanding_cap500k_pit_s40_shufaccel_2014,price_fund_path,40,q75,tradable,xgb,3,0.1,100,expanding,500000,pit,all,40,0,5,invvol,volq,15.0,turnover,drop,accel_20,14.0,,,,,
82,13.02,3.3520419191330313,2.142442100631625,1.5645892685476994,0.09734146935502452,0.06026048372405235,0.037080985630972174,0.007623552115594227,1.2021021580072409,0.5487804878048781,0.5307887522884096,0.3331281750616865,0.22270085859833924,-0.5099772873334691,-0.2873442228596482,2.4353797346634884,1.0,0.9536585365853659,5.0,0.0026220355009077966,0.12149614694700243,82,0.005778710476591976,2.03569609394027,82,price_fund_path_h40_q75_trd_xgb_d3e01r100_expanding_cap500k_pit_s40_shufaccel_2016,price_fund_path,40,q75,tradable,xgb,3,0.1,100,expanding,500000,pit,all,40,0,5,invvol,volq,15.0,turnover,drop,accel_20,16.0,,,,,
82,13.02,3.3473708284474526,2.142442100631625,1.5624090039402212,0.09722396062167271,0.06026048372405235,0.03696347689762036,0.008017646514982582,1.1772553350404271,0.524390243902439,0.5139038253519504,0.32624258989250526,0.23484712978407024,-0.49743237996867584,-0.14917609590810277,2.6347988771408573,1.0,0.9292682926829269,5.0,0.0029880598227747523,0.14049632680136204,82,0.005680326799693026,1.9253803253186519,82,pf_earnings_in_window_h40_q75_trd_xgb_d3e01r100_expanding_cap500k_pit_s40_shufearnings_in_window24,pf_earnings_in_window,40,q75,tradable,xgb,3,0.1,100,expanding,500000,pit,all,40,0,5,invvol,volq,15.0,turnover,drop,earnings_in_window,24.0,,,,,
82,13.02,3.336083041984189,2.142442100631625,1.5571403497908578,0.09693937223633076,0.06026048372405235,0.03667888851227841,0.007418384567484611,1.1680976047947846,0.5609756097560976,0.5362129672454996,0.32370478730716146,0.21803857432733187,-0.4677765583492659,-0.3464472436386875,2.7447225089836103,1.0,0.9487804878048782,5.0,0.0031727596770921296,0.14774287022347798,82,0.005850866965116574,2.016206460288074,82,price_fund_path_h40_q75_trd_xgb_d3e01r100_expanding_cap500k_pit_s40_shufaccel_208,price_fund_path,40,q75,tradable,xgb,3,0.1,100,expanding,500000,pit,all,40,0,5,invvol,volq,15.0,turnover,drop,accel_20,8.0,,,,,
82,13.02,3.3308484644406917,2.142442100631625,1.5546970737079457,0.09680709590374748,0.06026048372405235,0.036546612179695126,0.007469515338795916,1.1394673571646037,0.5609756097560976,0.5315000389761667,0.31577073438073044,0.22057777556498126,-0.4767627874699921,-0.2872028897301609,2.3807711996487,1.0,0.948780487804878,5.0,0.002952606084971884,0.13674385307699224,82,0.0064108005525716685,2.1938329018839027,82,pf_momentum_5_ind_rel_h40_q75_trd_xgb_d3e01r100_expanding_cap500k_pit_s40_shufmomentum_5_ind_rel4,pf_momentum_5_ind_rel,40,q75,tradable,xgb,3,0.1,100,expanding,500000,pit,all,40,0,5,invvol,volq,15.0,turnover,drop,momentum_5_ind_rel,4.0,,,,,
82,13.02,3.322284053261082,2.142442100631625,1.5506995742296237,0.0965902611615772,0.06026048372405235,0.03632977743752486,0.008103300121499108,1.1129248701778436,0.5609756097560976,0.5011813093512144,0.3084152445060965,0.24188496633109957,-0.4829369632761883,0.18747561168885862,3.1643673400352776,1.0,0.9317073170731707,5.0,0.002368876993632358,0.11138414135991193,82,0.00645694027184494,2.213288380608601,82,pf_earnings_in_window_h40_q75_trd_xgb_d3e01r100_expanding_cap500k_pit_s40_shufearnings_in_window19,pf_earnings_in_window,40,q75,tradable,xgb,3,0.1,100,expanding,500000,pit,all,40,0,5,invvol,volq,15.0,turnover,drop,earnings_in_window,19.0,,,,,
82,13.02,3.320647778562591,2.142442100631625,1.5499358314437588,0.09654877506531512,0.06026048372405235,0.03628829134126277,0.007531387070627565,1.1404086051652302,0.524390243902439,0.5281462457114692,0.31603157429906903,0.22271619201261084,-0.5211190767103578,-0.37465594605631,2.6299530996987763,1.0,0.9585365853658537,5.0,0.0027002984257939776,0.12512198057681295,82,0.006302820963310003,2.1330542356950817,82,pf_volatility_20_ind_rel_h40_q75_trd_xgb_d3e01r100_expanding_cap500k_pit_s40_shufvolatility_20_ind_rel2,pf_volatility_20_ind_rel,40,q75,tradable,xgb,3,0.1,100,expanding,500000,pit,all,40,0,5,invvol,volq,15.0,turnover,drop,volatility_20_ind_rel,2.0,,,,,
82,13.02,3.3195670990402975,2.142442100631625,1.5494314166350809,0.09652136517534915,0.06026048372405235,0.0362608814512968,0.007379830285014985,1.1246718440610686,0.5609756097560976,0.5314512695840125,0.3116705817884977,0.2195353177566649,-0.4481942719703529,-0.24023653681724805,2.2963996993052818,1.0,0.9536585365853657,5.0,0.002814218737112508,0.13048719990975574,82,0.0066365401087807386,2.3079189649986547,82,pf_momentum_5_ind_rel_h40_q75_trd_xgb_d3e01r100_expanding_cap500k_pit_s40_shufmomentum_5_ind_rel1,pf_momentum_5_ind_rel,40,q75,tradable,xgb,3,0.1,100,expanding,500000,pit,all,40,0,5,invvol,volq,15.0,turnover,drop,momentum_5_ind_rel,1.0,,,,,
82,13.02,3.307076989485438,2.142442100631625,1.5436015696809078,0.09620397218864629,0.06026048372405235,0.03594348846459394,0.00716745725308962,1.0993837581122794,0.5853658536585366,0.5351630828215672,0.30466271322524,0.21551364817964788,-0.47369809568107,-0.08066910704413942,2.7187947987635055,1.0,0.9512195121951219,5.0,0.002721310979924066,0.12730300676806697,82,0.005685661145553001,2.0681510875297167,82,pf_earnings_in_window_h40_q75_trd_xgb_d3e01r100_expanding_cap500k_pit_s40_shufearnings_in_window10,pf_earnings_in_window,40,q75,tradable,xgb,3,0.1,100,expanding,500000,pit,all,40,0,5,invvol,volq,15.0,turnover,drop,earnings_in_window,10.0,,,,,
82,13.02,3.306999597012059,2.142442100631625,1.5435654461967043,0.09620200207870866,0.06026048372405235,0.03594151835465631,0.007440081020655328,1.1251350272785594,0.573170731707317,0.5297712339852345,0.3117989397478726,0.22094770781346448,-0.5803298518626319,-0.44406765764981077,3.077809253218158,1.0,0.9634146341463413,5.0,0.002327088937169149,0.10783695336856201,82,0.005423629591489221,1.9075469599398953,82,pf_pct_from_high_252_ind_rel_h40_q75_trd_xgb_d3e01r100_expanding_cap500k_pit_s40_shufpct_from_high_252_ind_rel3,pf_pct_from_high_252_ind_rel,40,q75,tradable,xgb,3,0.1,100,expanding,500000,pit,all,40,0,5,invvol,volq,15.0,turnover,drop,pct_from_high_252_ind_rel,3.0,,,,,
82,13.02,3.3007043208601314,2.142442100631625,1.540627081537948,0.09604160622694846,0.06026048372405235,0.03578112250289611,0.007884577123402408,1.093663576675247,0.573170731707317,0.5152196127365812,0.3030775288127112,0.23262092240667812,-0.5535645762815804,-0.5768294863603212,3.156940374667478,1.0,0.948780487804878,5.0,0.002390721225421658,0.11070018266770032,82,0.006290439994125515,2.1716662426343283,82,pf_volatility_20_ind_rel_h40_q75_trd_xgb_d3e01r100_expanding_cap500k_pit_s40_shufvolatility_20_ind_rel7,pf_volatility_20_ind_rel,40,q75,tradable,xgb,3,0.1,100,expanding,500000,pit,all,40,0,5,invvol,volq,15.0,turnover,drop,volatility_20_ind_rel,7.0,,,,,
82,13.02,3.2970351720827504,2.142442100631625,1.5389144804010029,0.0959479905312366,0.06026048372405235,0.035687506807184244,0.007143164451224257,1.043340803573547,0.524390243902439,0.534911091506536,0.289132013903061,0.21532918519080035,-0.3465961704761634,-0.16963769698215225,2.836664012009928,1.0,0.8896341463414634,4.987804878048781,-3.890568543223027e-05,-0.0017688689253632043,82,0.003811091286241429,1.4128845689614535,82,price_fund_h40_q75_trd_xgb_d3e01r100_expanding_cap1500k_pit_s40,price_fund,40,q75,tradable,xgb,3,0.1,100,expanding,1500000,pit,all,40,0,5,invvol,volq,15.0,turnover,drop,,,,,,,
82,13.02,3.29203348000806,2.142442100631625,1.5365799052574245,0.09582022091123332,0.06026048372405235,0.03555973718718097,0.00768947848325888,1.0610142146294557,0.5487804878048781,0.5088198386945638,0.29402969346627694,0.2331321608048283,-0.586660204226765,0.1223863575830333,3.293837175303759,1.0,0.9317073170731707,5.0,0.002452271851928695,0.11485547877735686,82,0.005833714377417019,1.9606880469197594,82,pf_earnings_in_window_h40_q75_trd_xgb_d3e01r100_expanding_cap500k_pit_s40_shufearnings_in_window5,pf_earnings_in_window,40,q75,tradable,xgb,3,0.1,100,expanding,500000,pit,all,40,0,5,invvol,volq,15.0,turnover,drop,earnings_in_window,5.0,,,,,
82,13.02,3.2837728068358403,2.142442100631625,1.532724177641829,0.09560880676494743,0.06026048372405235,0.03534832304089508,0.007347523679873839,1.078571233914633,0.5365853658536586,0.5225467126151301,0.29889511838464633,0.22288701929063306,-0.3828362846716099,-0.15224720591086818,2.5075171557015805,1.0,0.9634146341463414,5.0,0.002958681439795462,0.1373150706321947,82,0.00605529550485486,2.132618718020477,82,pf_pct_from_high_252_ind_rel_h40_q75_trd_xgb_d3e01r100_expanding_cap500k_pit_s40_shufpct_from_high_252_ind_rel0,pf_pct_from_high_252_ind_rel,40,q75,tradable,xgb,3,0.1,100,expanding,500000,pit,all,40,0,5,invvol,volq,15.0,turnover,drop,pct_from_high_252_ind_rel,0.0,,,,,
68,12.39,2.555310728071168,1.6676863033664755,1.5322490344334478,0.07866718756580138,0.0421453956638953,0.036521791901906075,0.009375676081785822,0.7945565505792639,0.45588235294117646,0.43525094850234275,0.225738803150469,0.2370926723165511,-0.4753385545195211,0.35802573287852213,3.6419424270497993,1.0,0.8198529411764706,2.0441176470588234,0.013357692082448613,1.262636229139436,78,0.001539817595676919,0.5706471410003393,78,fly_mushroom_body_T20_s1,fly_mushroom_body,40,xrank,tradable,reservoir_ridge,0,0.0,0,expanding,0,pit,all,40,1,5,invvol,volq,15.0,turnover,drop,,,,,,,
82,13.02,3.2807051563987066,2.142442100631625,1.5312923301084793,0.09553017181607326,0.06026048372405235,0.03526968809202091,0.007344465016214954,1.0102867768098298,0.4634146341463415,0.5150407126800499,0.2799720373229583,0.22609788905973682,-0.37113370267164547,0.3247505697069471,3.032632493496435,1.0,0.9634146341463414,5.0,0.0020165167464301333,0.09388976357915438,82,0.005455638548155502,1.967501909949833,82,pf_rate_beta_120_h40_q75_trd_xgb_d3e01r100_expanding_cap500k_pit_s40_shufrate_beta_1207,pf_rate_beta_120,40,q75,tradable,xgb,3,0.1,100,expanding,500000,pit,all,40,0,5,invvol,volq,15.0,turnover,drop,rate_beta_120,7.0,,,,,
82,13.02,3.2592355725896307,2.142442100631625,1.5212712500509384,0.0949779212063333,0.06026048372405235,0.034717437482280955,0.005096235907284929,0.928347843255974,0.5,0.685984549427899,0.2572650092892125,0.14911686111426825,-0.22703940408367784,-0.11815334616450955,2.8319527455526847,1.0,0.7609756097560976,5.0,0.004536261972441097,0.3984124844496052,82,-0.00016383684482010338,-0.07117408413863346,82,fund_events_h40_xrank_trd_ridge_expanding_cap500k_pit_s40,fund_events,40,xrank,tradable,ridge,3,0.1,100,expanding,500000,pit,all,40,0,5,invvol,volq,15.0,turnover,drop,,,,,,,
82,13.02,3.234619883780302,2.142442100631625,1.509781703237948,0.09434059706220888,0.06026048372405235,0.034080113338156526,0.006946503107099435,1.0199881877679908,0.573170731707317,0.5341634512825733,0.2826605054423177,0.21331211505621073,-0.47581709858202015,-0.6813178476085415,3.24532704081433,1.0,0.9365853658536585,5.0,0.022304791062842257,1.2863520887172815,82,0.007010618003644163,2.739992807029633,82,fund_events_h40_q75_trd_xgb_d3e01r100_expanding_cap500k_pit_s40,fund_events,40,q75,tradable,xgb,3,0.1,100,expanding,500000,pit,all,40,0,5,invvol,volq,15.0,turnover,drop,,,,,,,
82,13.02,3.2340350209941535,2.142442100631625,1.5095087143968604,0.09432540000578626,0.06026048372405235,0.034064916281733915,0.006322003206108637,1.2586418503893992,0.4878048780487805,0.5649736509740647,0.3487965310465396,0.19471859824283633,-0.42710582324594304,-0.6015647542507758,4.567554499864789,1.0,0.9585365853658536,5.0,0.0053512342372399775,0.27136248675873675,82,0.003168229024482874,1.566351369009067,82,survivors_h40_q75_trd_xgb_d3e01r100_expanding_cap500k_pit_s40,survivors,40,q75,tradable,xgb,3,0.1,100,expanding,500000,pit,all,40,0,5,invvol,volq,15.0,turnover,drop,,,,,,,
82,13.02,3.2148024127021384,2.142442100631625,1.5005317584798976,0.09382424158273839,0.06026048372405235,0.03356375785868604,0.008016386061114461,1.0335517009108857,0.524390243902439,0.48283727071378624,0.28641924454000645,0.24994114630902933,-0.4959922882266642,0.14167376733693798,3.1572205566360383,1.0,0.9536585365853659,5.0,0.004196233616252852,0.1965026528271593,82,0.005501847528970873,1.965583136577854,82,pf_earnings_in_window_h40_q75_trd_xgb_d3e01r100_expanding_cap500k_pit_s40_shufearnings_in_window0,pf_earnings_in_window,40,q75,tradable,xgb,3,0.1,100,expanding,500000,pit,all,40,0,5,invvol,volq,15.0,turnover,drop,earnings_in_window,0.0,,,,,
82,13.02,3.205878616932303,2.142442100631625,1.4963665137028255,0.09359076680508904,0.06026048372405235,0.03333028308103669,0.007314259151041273,1.036801202496254,0.5365853658536586,0.5058889936817274,0.2873197508121092,0.22981208173401504,-0.5191432896944697,-0.17744234644420154,3.0510164044461368,1.0,0.9463414634146341,5.0,0.00292855068682893,0.13760534252407972,82,0.004124267862697356,1.5225430598862253,82,pf_days_to_next_filing_est_h40_q75_trd_xgb_d3e01r100_expanding_cap500k_pit_s40_shufdays_to_next_filing_est1,pf_days_to_next_filing_est,40,q75,tradable,xgb,3,0.1,100,expanding,500000,pit,all,40,0,5,invvol,volq,15.0,turnover,drop,days_to_next_filing_est,1.0,,,,,
82,13.02,3.200468488061836,2.142442100631625,1.4938412977967004,0.09344892838320673,0.06026048372405235,0.03318844465915438,0.005705330013834038,0.9352665577881767,0.5365853658536586,0.5927739268403311,0.25918233281328484,0.17903538163446545,-0.359247454074035,-0.6160012456223112,3.785028466450186,1.0,0.8170731707317073,5.0,0.024297821508650747,1.763304028735217,82,0.004449798885239018,1.61128649880383,82,price_fund_h40_xrank_trd_xgb_d3e01r100_expanding_pit_s40,price_fund,40,xrank,tradable,xgb,3,0.1,100,expanding,0,pit,all,40,0,5,invvol,volq,15.0,turnover,drop,,,,,,,
82,13.02,3.1794531887435835,2.142442100631625,1.4840322582375651,0.09289585797379063,0.06026048372405235,0.03263537424973828,0.007273557718693002,1.0792368351300572,0.5487804878048781,0.5028912198275789,0.2990795706932427,0.2306723390411578,-0.5570192370326723,-0.32814409306988135,2.5641394577695005,1.0,0.9487804878048782,5.0,0.0034091583844857165,0.15786986462730038,82,0.0067884319050945585,2.3821309740374437,82,price_fund_path_h40_q75_trd_xgb_d3e01r100_expanding_cap500k_pit_s40_shufaccel_202,price_fund_path,40,q75,tradable,xgb,3,0.1,100,expanding,500000,pit,all,40,0,5,invvol,volq,15.0,turnover,drop,accel_20,2.0,,,,,
64,12.39,2.1166060449138016,1.4487998900813257,1.460937469283622,0.062391416689974166,0.030376747753904088,0.03201466893607008,0.009098915242796395,0.7286987638222286,0.453125,0.3730979050538519,0.20702816770251564,0.23268885325786806,-0.4910599661327715,0.37847200734934716,3.578175965703887,1.0,0.7994791666666666,2.046875,0.012543128774752518,1.1923950284546627,78,0.002398627972987757,0.9204866607098703,78,fly_mushroom_body_shuf_T20_s0,fly_mushroom_body,40,xrank,tradable,reservoir_ridge,0,0.0,0,expanding,0,pit,all,40,0,5,invvol,volq,15.0,turnover,drop,,,,,,,
82,13.02,3.126009542771147,2.142442100631625,1.459087058571875,0.09147400199912648,0.06026048372405235,0.031213518275074126,0.006987680206559577,1.04526403566262,0.573170731707317,0.5006471301151699,0.2896649825794629,0.2281104453163697,-0.44043566096785547,-0.38129504771587497,2.8336519003913776,1.0,0.948780487804878,5.0,0.004585994941315876,0.21745840556882923,82,0.004962735233343789,1.7644327634706527,82,pf_rate_beta_x_move_h40_q75_trd_xgb_d3e01r100_expanding_cap500k_pit_s40_shufrate_beta_x_move6,pf_rate_beta_x_move,40,q75,tradable,xgb,3,0.1,100,expanding,500000,pit,all,40,0,5,invvol,volq,15.0,turnover,drop,rate_beta_x_move,6.0,,,,,
82,13.02,3.106801894551677,2.142442100631625,1.4501217529452692,0.09095749980457812,0.06026048372405235,0.030697016080525774,0.006419514673123248,1.0081837986852549,0.5487804878048781,0.5150304733828546,0.2793892571822125,0.21479299043069108,-0.5230869945290685,-0.3212186609952744,2.523171150071095,1.0,0.9463414634146341,5.0,0.004004597161927225,0.1854035293006641,82,0.006649543074092436,2.2816647265782772,82,price_fund_path_h40_q75_trd_xgb_d3e01r100_expanding_cap500k_pit_s40_shufaccel_2010,price_fund_path,40,q75,tradable,xgb,3,0.1,100,expanding,500000,pit,all,40,0,5,invvol,volq,15.0,turnover,drop,accel_20,10.0,,,,,
82,13.02,3.086137894553569,2.142442100631625,1.4404766848279016,0.09039853344564053,0.06026048372405235,0.030138049721588178,0.007476580335517259,0.9849365373254845,0.5121951219512195,0.47874338061652155,0.2729469446879064,0.2449779807006627,-0.4653497388943818,-0.32953457105289863,3.464651487195424,1.0,0.9634146341463414,5.0,0.0018976009104331375,0.08944801002805698,82,0.0045380624441031525,1.574422701916369,82,pf_earnings_in_window_h40_q75_trd_xgb_d3e01r100_expanding_cap500k_pit_s40_shufearnings_in_window11,pf_earnings_in_window,40,q75,tradable,xgb,3,0.1,100,expanding,500000,pit,all,40,0,5,invvol,volq,15.0,turnover,drop,earnings_in_window,11.0,,,,,
67,12.39,2.1714778096636964,1.5257665960881626,1.423204450294718,0.0645884437164459,0.034690672692971214,0.029897771023474684,0.008434188972471217,0.6941476232582134,0.4626865671641791,0.3798632280862738,0.19721195875839673,0.23618321080379237,-0.4961764174328087,0.36512071535193513,3.5435013747444293,1.0,0.8059701492537313,2.014925373134328,0.012957333629052456,1.2282582157020312,78,0.002506988854526756,0.9752707446892788,78,fly_mushroom_body_shuf_T20_s2,fly_mushroom_body,40,xrank,tradable,reservoir_ridge,0,0.0,0,expanding,0,pit,all,40,2,5,invvol,volq,15.0,turnover,drop,,,,,,,
82,13.02,3.044479037086168,2.142442100631625,1.4210321185289478,0.08926106731925909,0.06026048372405235,0.02900058359520674,0.00754555113691813,1.0588526303685255,0.5487804878048781,0.4755383880016494,0.29343067231379905,0.24754240436050673,-0.5635293462685302,-0.6909417573640604,3.985012252049847,1.0,0.9512195121951219,5.0,0.004136462395598457,0.19645655744147345,82,0.0066705543084476055,2.2600075408890588,82,pf_rate_beta_x_move_h40_q75_trd_xgb_d3e01r100_expanding_cap500k_pit_s40_shufrate_beta_x_move0,pf_rate_beta_x_move,40,q75,tradable,xgb,3,0.1,100,expanding,500000,pit,all,40,0,5,invvol,volq,15.0,turnover,drop,rate_beta_x_move,0.0,,,,,
82,13.02,3.0330450742423074,2.142442100631625,1.4156952355203059,0.0889463578523042,0.06026048372405235,0.028685874128251854,0.007150350402086128,0.9720020471677973,0.5121951219512195,0.47163897567216356,0.269362521290209,0.24431233943319808,-0.5400022078118248,-0.139002203124951,2.1960733236951984,1.0,0.9365853658536585,5.0,0.004838085640884611,0.22847461380237477,82,0.005705071117671637,1.960271289257758,82,pf_rate_beta_x_move_h40_q75_trd_xgb_d3e01r100_expanding_cap500k_pit_s40_shufrate_beta_x_move2,pf_rate_beta_x_move,40,q75,tradable,xgb,3,0.1,100,expanding,500000,pit,all,40,0,5,invvol,volq,15.0,turnover,drop,rate_beta_x_move,2.0,,,,,
82,13.02,3.0142675573737567,2.142442100631625,1.406930696743265,0.0884271394967393,0.06026048372405235,0.028166655772686955,0.006777189897114614,0.9590460528460889,0.5365853658536586,0.4845536783774731,0.26577213862950816,0.2329511174854983,-0.6069833432518287,-0.5460094098413434,3.3882591006677374,1.0,0.9512195121951219,5.0,0.00282003904684686,0.13051261773351808,82,0.006763315393334943,2.306213862642034,82,pf_filed_item502_60d_h40_q75_trd_xgb_d3e01r100_expanding_cap500k_pit_s40_shuffiled_item502_60d5,pf_filed_item502_60d,40,q75,tradable,xgb,3,0.1,100,expanding,500000,pit,all,40,0,5,invvol,volq,15.0,turnover,drop,filed_item502_60d,5.0,,,,,
65,12.39,2.1130050877753837,1.5047503094749863,1.404223062437927,0.062245412562745406,0.03353294481049507,0.028712467752250337,0.008458977914691539,0.690207491980936,0.46153846153846156,0.37067722496802324,0.1960925412441369,0.23554138269015587,-0.4961764174328088,0.3784338861284078,3.4834056581786212,1.0,0.806923076923077,2.0153846153846153,0.012122136923464267,1.1470645316465498,78,0.0021242497064323327,0.822605132634707,78,fly_mushroom_body_shuf_T20_s1,fly_mushroom_body,40,xrank,tradable,reservoir_ridge,0,0.0,0,expanding,0,pit,all,40,1,5,invvol,volq,15.0,turnover,drop,,,,,,,
82,13.02,3.007720681997352,2.142442100631625,1.403874896367388,0.0882454091651883,0.06026048372405235,0.027984925441135955,0.006436520707531891,0.9562971195720731,0.5365853658536586,0.4901329566729377,0.26501035052452937,0.2259224277766613,-0.5679267614916872,-0.41024611285676965,2.6289702327883173,1.0,0.9512195121951219,5.0,0.0030029085277214888,0.138978577966924,82,0.005860575504509898,2.036405245010662,82,pf_filed_item502_60d_h40_q75_trd_xgb_d3e01r100_expanding_cap500k_pit_s40_shuffiled_item502_60d1,pf_filed_item502_60d,40,q75,tradable,xgb,3,0.1,100,expanding,500000,pit,all,40,0,5,invvol,volq,15.0,turnover,drop,filed_item502_60d,1.0,,,,,
82,13.02,2.9885211435921044,2.142442100631625,1.3949133760539163,0.08771034833119096,0.06026048372405235,0.027449864607138608,0.006120191648857433,0.9338424877167705,0.5609756097560976,0.4935368573684479,0.25878769258999973,0.2203280452872178,-0.4673003734963913,-0.27267391680816616,2.287513130367874,1.0,0.9560975609756096,5.0,0.0031772396949144694,0.14718842035342877,82,0.0065440275293275315,2.2792275344229256,82,pf_momentum_5_ind_rel_h40_q75_trd_xgb_d3e01r100_expanding_cap500k_pit_s40_shufmomentum_5_ind_rel5,pf_momentum_5_ind_rel,40,q75,tradable,xgb,3,0.1,100,expanding,500000,pit,all,40,0,5,invvol,volq,15.0,turnover,drop,momentum_5_ind_rel,5.0,,,,,
82,13.02,2.959219497066587,2.142442100631625,1.3812366253417832,0.08688760864059919,0.06026048372405235,0.02662712491654684,0.006048800768966005,0.8754646208927459,0.5121951219512195,0.4814864515215629,0.24260993921892196,0.224908596085528,-0.4945281024022382,0.267956962847983,3.2246433537697414,1.0,0.9390243902439024,5.0,0.0036295446222916927,0.17058565270317572,82,0.005335772721103541,1.8533614712519126,82,pf_earnings_in_window_h40_q75_trd_xgb_d3e01r100_expanding_cap500k_pit_s40_shufearnings_in_window16,pf_earnings_in_window,40,q75,tradable,xgb,3,0.1,100,expanding,500000,pit,all,40,0,5,invvol,volq,15.0,turnover,drop,earnings_in_window,16.0,,,,,
82,13.02,2.940149331513427,2.142442100631625,1.372335490721838,0.08634810146115934,0.06026048372405235,0.026087617737106994,0.0061308737778773235,0.8896403110401164,0.5975609756097561,0.4797358163608827,0.24653832563564868,0.22680666282528478,-0.5549177059588113,-0.13966662219328657,3.140612780084937,1.0,0.9365853658536585,5.0,0.00468892214132062,0.21842771992380988,82,0.006081881628100165,2.2787745179055015,82,pf_days_to_next_filing_est_h40_q75_trd_xgb_d3e01r100_expanding_cap500k_pit_s40_shufdays_to_next_filing_est0,pf_days_to_next_filing_est,40,q75,tradable,xgb,3,0.1,100,expanding,500000,pit,all,40,0,5,invvol,volq,15.0,turnover,drop,days_to_next_filing_est,0.0,,,,,
82,13.02,2.9367563891982043,2.142442100631625,1.3707518109042027,0.0862517745734579,0.06026048372405235,0.025991290849405546,0.005460901416658184,0.7889742573717505,0.5121951219512195,0.49638801307003244,0.21864161275993435,0.21069861724437605,-0.33660365812257387,0.3473837088052588,2.7434081292916686,1.0,0.9512195121951219,5.0,0.002887553768661903,0.13313401468618904,82,0.006160102040167578,1.961894225234328,82,pf_realized_skew_120_h40_q75_trd_xgb_d3e01r100_expanding_cap500k_pit_s40,pf_realized_skew_120,40,q75,tradable,xgb,3,0.1,100,expanding,500000,pit,all,40,0,5,invvol,volq,15.0,turnover,drop,,0.0,,,,,
82,13.02,2.936120541181002,2.142442100631625,1.3704550243459965,0.08623371118239054,0.06026048372405235,0.02597322745833819,0.006527166897923441,0.9033636748454313,0.5609756097560976,0.4744165926374093,0.2503413627649977,0.23460994990449957,-0.561752118181138,-0.5858836950637473,3.3117047499052847,1.0,0.948780487804878,5.0,0.0028474051452783587,0.1321692146589571,82,0.006421179941172238,2.2351024209416988,82,pf_momentum_5_ind_rel_h40_q75_trd_xgb_d3e01r100_expanding_cap500k_pit_s40_shufmomentum_5_ind_rel6,pf_momentum_5_ind_rel,40,q75,tradable,xgb,3,0.1,100,expanding,500000,pit,all,40,0,5,invvol,volq,15.0,turnover,drop,momentum_5_ind_rel,6.0,,,,,
82,13.02,2.9331512523125767,2.142442100631625,1.369069087770371,0.08614931075546117,0.06026048372405235,0.025888827031408823,0.005717843523754026,0.864984612732079,0.4878048780487805,0.488475164884932,0.23970570519027506,0.21742417030654643,-0.3661873510982451,0.07557184685260937,2.46440741033064,1.0,0.9317073170731708,5.0,0.003973732265272317,0.18671138474271107,82,0.005578446066190375,1.9519600347727442,82,pf_earnings_in_window_h40_q75_trd_xgb_d3e01r100_expanding_cap500k_pit_s40_shufearnings_in_window17,pf_earnings_in_window,40,q75,tradable,xgb,3,0.1,100,expanding,500000,pit,all,40,0,5,invvol,volq,15.0,turnover,drop,earnings_in_window,17.0,,,,,
82,13.02,2.9202986719331285,2.142442100631625,1.3630700549957355,0.08578307107771876,0.06026048372405235,0.025522587353666415,0.005983832856936796,0.8309547190486575,0.5121951219512195,0.4723665378971797,0.23027529505018016,0.22838476327069296,-0.3681824002567944,0.37649785481879133,3.4681006485587464,1.0,0.9439024390243902,5.0,0.0031156583014868003,0.14479297286324969,82,0.005642532990286418,1.9156498924320473,82,pf_rate_beta_250_h40_q75_trd_xgb_d3e01r100_expanding_cap500k_pit_s40_shufrate_beta_2503,pf_rate_beta_250,40,q75,tradable,xgb,3,0.1,100,expanding,500000,pit,all,40,0,5,invvol,volq,15.0,turnover,drop,rate_beta_250,3.0,,,,,
82,13.02,2.9047730064311437,2.142442100631625,1.3558233408383693,0.08533867099827264,0.06026048372405235,0.025078187274220287,0.005850676940720968,0.8669643450610635,0.524390243902439,0.47900691745258783,0.24025433128953977,0.2234681678937979,-0.444634251107055,-0.09860518111457497,2.9111921007128996,1.0,0.9463414634146342,5.0,0.004239430201166092,0.19580776547333265,82,0.007204351837541225,2.458408004642992,82,pf_pct_from_low_252_ind_rel_h40_q75_trd_xgb_d3e01r100_expanding_cap500k_pit_s40_shufpct_from_low_252_ind_rel6,pf_pct_from_low_252_ind_rel,40,q75,tradable,xgb,3,0.1,100,expanding,500000,pit,all,40,0,5,invvol,volq,15.0,turnover,drop,pct_from_low_252_ind_rel,6.0,,,,,
82,13.02,2.9005335903785916,2.142442100631625,1.3538445634182923,0.08521694261583757,0.06026048372405235,0.024956458891785216,0.006166488759013429,0.8944859963990047,0.5609756097560976,0.47559742908241337,0.24788116851283437,0.2292517806329443,-0.5595229327470277,-0.540390730884308,3.671809789257741,1.0,0.9390243902439024,5.0,0.003063464704763804,0.1412634885844402,82,0.006672600462228291,2.334423358052009,82,pf_pct_from_high_252_ind_rel_h40_q75_trd_xgb_d3e01r100_expanding_cap500k_pit_s40_shufpct_from_high_252_ind_rel7,pf_pct_from_high_252_ind_rel,40,q75,tradable,xgb,3,0.1,100,expanding,500000,pit,all,40,0,5,invvol,volq,15.0,turnover,drop,pct_from_high_252_ind_rel,7.0,,,,,
66,12.39,2.2628737729730624,1.6731136849603678,1.3524925373057746,0.06813703324914133,0.042418745196445506,0.025718288052695826,0.0077051448834250524,0.6972101796155227,0.4696969696969697,0.40044642751782095,0.19808205139834267,0.23207159727645504,-0.48640155890814074,-0.0728898347621461,3.5347041196817197,1.0,0.8204545454545455,2.090909090909091,0.013274580815641568,1.2653644941120723,78,0.0029625637068281504,1.0938709429816276,78,fly_mushroom_body_T20_s0,fly_mushroom_body,40,xrank,tradable,reservoir_ridge,0,0.0,0,expanding,0,pit,all,40,0,5,invvol,volq,15.0,turnover,drop,,,,,,,
82,13.02,2.8933203721748124,2.142442100631625,1.350477742815928,0.08500944803110633,0.06026048372405235,0.024748964307053978,0.004059989603753741,0.7357582918617425,0.5365853658536586,0.5769063637624406,0.20389433245899688,0.1659997588242309,-0.2338421635588439,-0.2781859598916679,3.1734878919504936,1.0,0.9390243902439024,5.0,0.011300800665485977,1.0907898001762664,82,0.003027406988992721,1.5937526573789822,82,events_h40_xrank_trd_xgb_reg_d3e01r100_expanding_cap500k_pit_s40,events,40,xrank,tradable,xgb_reg,3,0.1,100,expanding,500000,pit,all,40,0,5,invvol,volq,15.0,turnover,drop,,,,,,,
82,13.02,2.8785069348196397,2.142442100631625,1.3435634661823586,0.08458182472426623,0.06026048372405235,0.02432134100021388,0.005399415415508482,0.851315868585109,0.5853658536585366,0.49207902303339746,0.23591780433448287,0.2117567865957269,-0.5519502429191081,-0.4312496746989096,2.6451527484273,1.0,0.9512195121951219,5.0,0.0021370436712421785,0.09919265712228756,82,0.005995936244175413,2.138407541729164,82,pf_pct_from_high_252_ind_rel_h40_q75_trd_xgb_d3e01r100_expanding_cap500k_pit_s40_shufpct_from_high_252_ind_rel6,pf_pct_from_high_252_ind_rel,40,q75,tradable,xgb,3,0.1,100,expanding,500000,pit,all,40,0,5,invvol,volq,15.0,turnover,drop,pct_from_high_252_ind_rel,6.0,,,,,
82,13.02,2.854663979266796,2.142442100631625,1.3324345980809456,0.08388925850865858,0.06026048372405235,0.023628774784606232,0.0046549951674971154,0.8852652267150509,0.5487804878048781,0.5200546507645905,0.2453258963531273,0.19135150674274634,-0.4348593899643771,-0.5349050842624182,3.4601343724198186,1.0,0.9365853658536587,5.0,0.009599979123555489,0.9361245112396608,82,0.0036200235376052346,1.9069924560444458,82,events_causal_h40_xrank_trd_xgb_reg_d3e01r100_expanding_cap500k_pit_s40,events_causal,40,xrank,tradable,xgb_reg,3,0.1,100,expanding,500000,pit,all,40,0,5,invvol,volq,15.0,turnover,drop,,,,,,,
82,13.02,2.813784468618052,2.142442100631625,1.3133537974204785,0.08268930783958495,0.06026048372405235,0.022428824115532597,0.005985898651755844,0.7622035953336637,0.5487804878048781,0.4569181401419809,0.2112228907066234,0.23613492082905813,-0.5886279739412116,-0.28964898531964267,3.4435737829347848,1.0,0.9487804878048782,5.0,0.0037332061968954017,0.17348856734628962,82,0.006633292983184028,2.265852063386783,82,pf_pct_from_low_252_ind_rel_h40_q75_trd_xgb_d3e01r100_expanding_cap500k_pit_s40_shufpct_from_low_252_ind_rel2,pf_pct_from_low_252_ind_rel,40,q75,tradable,xgb,3,0.1,100,expanding,500000,pit,all,40,0,5,invvol,volq,15.0,turnover,drop,pct_from_low_252_ind_rel,2.0,,,,,
82,13.02,2.7991944940816573,2.142442100631625,1.306543823637713,0.08225714320104327,0.06026048372405235,0.02199665947699092,0.005393235470377837,0.7648624179333288,0.524390243902439,0.4603773323676199,0.21195970721971202,0.22625387573739947,-0.5295438068540439,0.3606001877053894,3.5255854563717595,1.0,0.9463414634146341,5.0,0.0035177558195941564,0.16488158291118926,82,0.005165784306069067,1.7816261271058862,82,pf_earnings_in_window_h40_q75_trd_xgb_d3e01r100_expanding_cap500k_pit_s40_shufearnings_in_window21,pf_earnings_in_window,40,q75,tradable,xgb,3,0.1,100,expanding,500000,pit,all,40,0,5,invvol,volq,15.0,turnover,drop,earnings_in_window,21.0,,,,,
82,13.02,2.7904989828567026,2.142442100631625,1.302485132286198,0.08199858636245572,0.06026048372405235,0.021738102638403367,0.005348118797038416,0.801021683821273,0.5,0.4669488748626937,0.2219802118636681,0.22246127676237162,-0.5046374900264711,-0.23322464552031968,2.6017184829093334,1.0,0.9341463414634147,5.0,0.0023866727721641675,0.11056210321169542,82,0.006820993844563196,2.407387250832459,82,pf_earnings_in_window_seasonal_h40_q75_trd_xgb_d3e01r100_expanding_cap500k_pit_s40_shufearnings_in_window_seasonal5,pf_earnings_in_window_seasonal,40,q75,tradable,xgb,3,0.1,100,expanding,500000,pit,all,40,0,5,invvol,volq,15.0,turnover,drop,earnings_in_window_seasonal,5.0,,,,,
82,13.02,2.7535101637768116,2.142442100631625,1.2852203394271584,0.08089036342770606,0.06026048372405235,0.02062987970365371,0.005676016289567378,0.7190219774657528,0.524390243902439,0.45205994252668463,0.1992563423889707,0.23435588772142754,-0.36809024515395294,-0.40682072954647897,3.2020985771504993,1.0,0.9536585365853659,5.0,0.004368893969957597,0.20630990927480344,82,0.005464570691445348,1.8566171943147158,82,pf_rate_beta_x_move_h40_q75_trd_xgb_d3e01r100_expanding_cap500k_pit_s40_shufrate_beta_x_move3,pf_rate_beta_x_move,40,q75,tradable,xgb,3,0.1,100,expanding,500000,pit,all,40,0,5,invvol,volq,15.0,turnover,drop,rate_beta_x_move,3.0,,,,,
82,13.02,2.7352413814670014,2.142442100631625,1.2766932561027482,0.08033793216819496,0.06026048372405235,0.02007744844414261,0.005798450115768703,0.8216575218318452,0.47560975609756095,0.44130183543456886,0.22769884318925054,0.24181614966697793,-0.5394967602257623,-0.09237031121378982,3.540023405196931,1.0,0.9341463414634144,5.0,0.0032015504055660925,0.149440753612984,82,0.005575007484257611,2.016445871361049,82,pf_earnings_in_window_seasonal_h40_q75_trd_xgb_d3e01r100_expanding_cap500k_pit_s40_shufearnings_in_window_seasonal4,pf_earnings_in_window_seasonal,40,q75,tradable,xgb,3,0.1,100,expanding,500000,pit,all,40,0,5,invvol,volq,15.0,turnover,drop,earnings_in_window_seasonal,4.0,,,,,
82,13.02,2.714097222889703,2.142442100631625,1.26682407057327,0.0796942833358949,0.06026048372405235,0.01943379961184255,0.0058476349583154,0.8084158588132457,0.5487804878048781,0.4391171917853697,0.22402929563309243,0.2437245546343702,-0.5521335094787296,-0.38577908228848745,2.7867134531074953,1.0,0.9317073170731707,5.0,0.002715998202994439,0.1264915186194078,82,0.005227513315805717,1.8253856690476724,82,pf_momentum_120_ind_rel_h40_q75_trd_xgb_d3e01r100_expanding_cap500k_pit_s40,pf_momentum_120_ind_rel,40,q75,tradable,xgb,3,0.1,100,expanding,500000,pit,all,40,0,5,invvol,volq,15.0,turnover,drop,,0.0,,,,,
82,13.02,2.682240512013784,2.142442100631625,1.251954725508343,0.07871573844593716,0.06026048372405235,0.018455254721884806,0.005225097806738419,0.7449753282874609,0.5365853658536586,0.44821008034406623,0.20644857005313502,0.2300335229189254,-0.5494453864380591,-0.5445582752667375,3.163834548586457,1.0,0.9512195121951219,5.0,0.003120041757125051,0.14451667775637655,82,0.006673858441908445,2.288523664659143,82,pf_momentum_5_ind_rel_h40_q75_trd_xgb_d3e01r100_expanding_cap500k_pit_s40_shufmomentum_5_ind_rel2,pf_momentum_5_ind_rel,40,q75,tradable,xgb,3,0.1,100,expanding,500000,pit,all,40,0,5,invvol,volq,15.0,turnover,drop,momentum_5_ind_rel,2.0,,,,,
82,13.02,2.6728098108416973,2.142442100631625,1.2475528790503656,0.07842399632891728,0.06026048372405235,0.01816351260486493,0.0027822234465827316,0.47864335429594645,0.47560975609756095,0.5649520279992347,0.13264229338572772,0.15526955622692196,-0.3466576971189168,0.11152398898273319,3.9789943683013735,1.0,0.8195121951219514,5.0,0.0014231577088850212,0.08843276435433163,82,-0.0006881142699641441,-0.41888000507747775,82,minimal_h40_xrank_trd_ridge_expanding_cap500k_pit_s40,minimal,40,xrank,tradable,ridge,3,0.1,100,expanding,500000,pit,all,40,0,5,invvol,volq,15.0,turnover,drop,,,,,,,
82,13.02,2.6634958169395637,2.142442100631625,1.2432055065358938,0.07813493033760666,0.06026048372405235,0.017874446613554307,0.004388800072324676,0.6526753012872557,0.47560975609756095,0.458303776984361,0.18087026179712612,0.21347616512923537,-0.4614515357962049,0.15844705967029019,3.012550297244621,1.0,0.9317073170731707,5.0,0.0026653988329198106,0.12740956678494372,82,0.004464115512475423,1.5435481677824665,82,pf_rate_beta_x_move_h40_q75_trd_xgb_d3e01r100_expanding_cap500k_pit_s40,pf_rate_beta_x_move,40,q75,tradable,xgb,3,0.1,100,expanding,500000,pit,all,40,0,5,invvol,volq,15.0,turnover,drop,,0.0,,,,,
82,13.02,2.6464510949446907,2.142442100631625,1.2352497620189948,0.0776035111026514,0.06026048372405235,0.017343027378599052,0.005174144260973766,0.6934151244636826,0.5,0.43074455086230573,0.19216013666898962,0.23861584372581618,-0.4750240126704597,0.24146982779665288,3.510614446868831,1.0,0.9512195121951219,5.0,0.004292046833476366,0.2018298975653478,82,0.004866701674673774,1.695783543486256,82,pf_earnings_in_window_h40_q75_trd_xgb_d3e01r100_expanding_cap500k_pit_s40_shufearnings_in_window2,pf_earnings_in_window,40,q75,tradable,xgb,3,0.1,100,expanding,500000,pit,all,40,0,5,invvol,volq,15.0,turnover,drop,earnings_in_window,2.0,,,,,
82,13.02,2.6343645395903943,2.142442100631625,1.229608276841527,0.07722475910152471,0.06026048372405235,0.01696427537747236,0.004813606180526258,0.7039841659632919,0.5609756097560976,0.43918505223422083,0.19508904373688205,0.22886038666635483,-0.3816021184440992,-0.0021854511796269628,2.623546153596664,1.0,0.9487804878048782,5.0,0.0027632577153060083,0.12958535795932002,82,0.005996743453316093,2.0347020260981843,82,pf_earnings_in_window_h40_q75_trd_xgb_d3e01r100_expanding_cap500k_pit_s40_shufearnings_in_window18,pf_earnings_in_window,40,q75,tradable,xgb,3,0.1,100,expanding,500000,pit,all,40,0,5,invvol,volq,15.0,turnover,drop,earnings_in_window,18.0,,,,,
82,13.02,2.607807522911375,2.142442100631625,1.2172126015179372,0.07638688440221819,0.06026048372405235,0.016126400678165842,0.005106138049905444,0.7105525906271499,0.5365853658536586,0.4253777581093979,0.19690929445910726,0.24061958462939548,-0.49603267246110505,0.06783699380002853,2.940567424757487,1.0,0.9560975609756096,5.0,0.005183430254541225,0.24485951269612594,82,0.006673395022870055,2.2638266903197364,82,pf_earnings_in_window_h40_q75_trd_xgb_d3e01r100_expanding_cap500k_pit_s40_shufearnings_in_window14,pf_earnings_in_window,40,q75,tradable,xgb,3,0.1,100,expanding,500000,pit,all,40,0,5,invvol,volq,15.0,turnover,drop,earnings_in_window,14.0,,,,,
82,13.02,2.5754154737636483,2.142442100631625,1.2020933835291865,0.0753541844991652,0.06026048372405235,0.01509370077511285,0.0018356698803791193,0.330827441736002,0.45121951219512196,0.619107351120219,0.09167934787550469,0.13205969263561707,-0.22247523280735715,-0.46715371863762134,4.443993554137041,1.0,0.8634146341463412,4.987804878048781,0.0027456579944518315,0.2044963310886518,82,0.002245505145651197,1.0163829130234183,82,events_h40_xrank_trd_ridge_expanding_cap500k_pit_s40,events,40,xrank,tradable,ridge,3,0.1,100,expanding,500000,pit,all,40,0,5,invvol,volq,15.0,turnover,drop,,,,,,,
82,13.02,2.550239160975835,2.142442100631625,1.1903421615099818,0.07454321602851333,0.06026048372405235,0.014282732304460977,0.0047966803846826184,0.6546154106373407,0.5487804878048781,0.42988181156750666,0.1814079075229148,0.23356529979228038,-0.6471347119859028,-0.7105764807299099,3.6909497190919023,1.0,0.948780487804878,5.0,0.003825294561637986,0.1776347069483514,82,0.005851586973542532,2.024984439825748,82,pf_pct_from_low_252_ind_rel_h40_q75_trd_xgb_d3e01r100_expanding_cap500k_pit_s40_shufpct_from_low_252_ind_rel7,pf_pct_from_low_252_ind_rel,40,q75,tradable,xgb,3,0.1,100,expanding,500000,pit,all,40,0,5,invvol,volq,15.0,turnover,drop,pct_from_low_252_ind_rel,7.0,,,,,
82,13.02,2.538811193902284,2.142442100631625,1.1850080770695288,0.07417266166753334,0.06026048372405235,0.013912177943480986,0.00402861732988464,0.5636508517836557,0.5365853658536586,0.43972261893584014,0.15619968600499207,0.2173387330209056,-0.37581302155068674,-0.3349253417125386,2.6919304200306167,1.0,0.9414634146341462,5.0,0.004697709059659416,0.22397548167541012,82,0.004846497839442905,1.6183880412929486,82,pf_rate_beta_x_move_h40_q75_trd_xgb_d3e01r100_expanding_cap500k_pit_s40_shufrate_beta_x_move5,pf_rate_beta_x_move,40,q75,tradable,xgb,3,0.1,100,expanding,500000,pit,all,40,0,5,invvol,volq,15.0,turnover,drop,rate_beta_x_move,5.0,,,,,
82,13.02,2.532578784638677,2.142442100631625,1.1820990559754374,0.07396992502198452,0.06026048372405235,0.013709441297932168,0.004322203768297368,0.6417680308885537,0.4878048780487805,0.4262245300073976,0.17784762427949008,0.2285592441196064,-0.49754003458881557,-0.008168111225028135,2.754050280680816,1.0,0.9439024390243903,5.0,0.002855156258670871,0.13357883539499013,82,0.005181587798720745,1.7384053268557547,82,pf_rate_beta_250_h40_q75_trd_xgb_d3e01r100_expanding_cap500k_pit_s40_shufrate_beta_2504,pf_rate_beta_250,40,q75,tradable,xgb,3,0.1,100,expanding,500000,pit,all,40,0,5,invvol,volq,15.0,turnover,drop,rate_beta_250,4.0,,,,,
82,13.02,2.525299883627219,2.142442100631625,1.178701577458136,0.07373256268879991,0.06026048372405235,0.013472078964747558,0.004024909224632674,0.5526056055649025,0.573170731707317,0.43209781392324187,0.15313881244158392,0.22111985476433024,-0.4012644032070609,-0.01830523371869304,2.619364704957984,1.0,0.9365853658536585,5.0,0.004257556832903421,0.1988824648077136,82,0.00451597854454532,1.5972419701480207,82,pf_days_to_next_filing_est_h40_q75_trd_xgb_d3e01r100_expanding_cap500k_pit_s40_shufdays_to_next_filing_est2,pf_days_to_next_filing_est,40,q75,tradable,xgb,3,0.1,100,expanding,500000,pit,all,40,0,5,invvol,volq,15.0,turnover,drop,days_to_next_filing_est,2.0,,,,,
82,13.02,2.495047538534313,2.142442100631625,1.1645810814671418,0.07273922786267684,0.06026048372405235,0.012478744138624487,0.004152870788922566,0.5939462510772069,0.524390243902439,0.42445683191705463,0.164595188011374,0.22699886053398005,-0.5888990679489379,-0.28585369554215867,2.917443522775685,1.0,0.9414634146341464,5.0,0.004421956075629826,0.20721237456285652,82,0.006011335666965223,2.0301165948334416,82,pf_earnings_in_window_h40_q75_trd_xgb_d3e01r100_expanding_cap500k_pit_s40_shufearnings_in_window20,pf_earnings_in_window,40,q75,tradable,xgb,3,0.1,100,expanding,500000,pit,all,40,0,5,invvol,volq,15.0,turnover,drop,earnings_in_window,20.0,,,,,
82,13.02,2.4842602976061983,2.142442100631625,1.159546060485742,0.07238233820363282,0.06026048372405235,0.012121854479580474,0.002886599262473542,0.6045720880214676,0.524390243902439,0.4606897403923787,0.16753983430966576,0.1918365613912162,-0.38690278402553846,0.0063225513198542395,4.159798108680246,1.0,0.9853658536585366,5.0,-0.009643599323753665,-0.47460801009091047,82,0.00021126886236244084,0.11614843889193321,82,minimal_h40_q75_trd_xgb_d3e01r100_expanding_cap500k_pit_s40,minimal,40,q75,tradable,xgb,3,0.1,100,expanding,500000,pit,all,40,0,5,invvol,volq,15.0,turnover,drop,,,,,,,
82,13.02,2.450047846701833,2.142442100631625,1.1435771571047455,0.07124089771883702,0.06026048372405235,0.010980413994784666,0.0015209684032083937,0.30420409681469257,0.5487804878048781,0.5468795210673044,0.0843014505407424,0.14587739408109945,-0.24575578655386654,-0.38458109666627455,3.337580294029979,1.0,0.9512195121951219,5.0,-0.0012198871946400456,-0.08042297294036999,82,-0.0006425916970075847,-0.4758622791948175,82,minimal_h40_xrank_trd_xgb_reg_d3e01r100_expanding_cap500k_pit_s40,minimal,40,xrank,tradable,xgb_reg,3,0.1,100,expanding,500000,pit,all,40,0,5,invvol,volq,15.0,turnover,drop,,,,,,,
82,13.02,2.4497684941629845,2.142442100631625,1.1434467673318942,0.07123151717455034,0.06026048372405235,0.010971033450497991,0.0043565931611133195,0.607054337784765,0.5487804878048781,0.4140695570442537,0.16822771871964415,0.23579158329867658,-0.5862260973170313,-0.5580627129181596,4.0352471598821085,1.0,0.9536585365853659,5.0,0.0018959015898552406,0.09055127676144017,82,0.004023517244530335,1.484003063463835,82,pf_days_to_next_filing_seasonal_h40_q75_trd_xgb_d3e01r100_expanding_cap500k_pit_s40_shufdays_to_next_filing_seasonal3,pf_days_to_next_filing_seasonal,40,q75,tradable,xgb,3,0.1,100,expanding,500000,pit,all,40,0,5,invvol,volq,15.0,turnover,drop,days_to_next_filing_seasonal,3.0,,,,,
82,13.02,2.3936664862047645,2.142442100631625,1.1172607584116623,0.06932732231341565,0.06026048372405235,0.009066838589363302,0.0034812775067266724,0.4947868348433506,0.524390243902439,0.4144839874628826,0.13711599653822487,0.22225707382865606,-0.48888122043312654,-0.29101276473457105,3.360535696927501,1.0,0.9560975609756096,5.0,0.0027471834759258632,0.12748186707598125,82,0.00692993981207006,2.358726321556081,82,pf_pct_from_high_252_ind_rel_h40_q75_trd_xgb_d3e01r100_expanding_cap500k_pit_s40_shufpct_from_high_252_ind_rel4,pf_pct_from_high_252_ind_rel,40,q75,tradable,xgb,3,0.1,100,expanding,500000,pit,all,40,0,5,invvol,volq,15.0,turnover,drop,pct_from_high_252_ind_rel,4.0,,,,,
82,13.02,2.3838116072983175,2.142442100631625,1.1126609239967478,0.06898858343564318,0.06026048372405235,0.008728099711590831,0.003396160646565385,0.4974907491431661,0.5487804878048781,0.4120917506269171,0.13786530892421534,0.2222466048938995,-0.518982514507931,-0.20090580624327148,2.560306516637935,1.0,0.9463414634146342,5.0,0.0027173401337284566,0.1272914487870534,82,0.006156832817116342,2.1879192703932393,82,pf_curve_beta_120_h40_q75_trd_xgb_d3e01r100_expanding_cap500k_pit_s40_shufcurve_beta_1207,pf_curve_beta_120,40,q75,tradable,xgb,3,0.1,100,expanding,500000,pit,all,40,0,5,invvol,volq,15.0,turnover,drop,curve_beta_120,7.0,,,,,
82,13.02,2.3560878848138556,2.142442100631625,1.0997206804885156,0.06802866277687158,0.06026048372405235,0.007768179052819235,0.0039812070222049155,0.5350922552462005,0.5365853658536586,0.3958788758389258,0.14828548912623715,0.2406549228675429,-0.5816712939944757,-0.3113427342613973,3.2794874085551804,1.0,0.9536585365853657,5.0,0.0019508309537082302,0.09053637680969008,82,0.006124165221812928,2.0758032701418463,82,pf_momentum_5_ind_rel_h40_q75_trd_xgb_d3e01r100_expanding_cap500k_pit_s40,pf_momentum_5_ind_rel,40,q75,tradable,xgb,3,0.1,100,expanding,500000,pit,all,40,0,5,invvol,volq,15.0,turnover,drop,,0.0,,,,,
82,13.02,2.309794460724153,2.142442100631625,1.0781128974468854,0.06640228371323276,0.06026048372405235,0.006141799989180408,0.0036794005661778127,0.5105230736359888,0.524390243902439,0.39181670354563064,0.1414768443051206,0.23829927644846347,-0.5416483635962359,-0.41459422219201175,3.3643913119105524,1.0,0.9463414634146341,5.0,0.0029382957063360774,0.13772641276945433,82,0.0057462881895263725,2.076220572224555,82,pf_earnings_in_window_h40_q75_trd_xgb_d3e01r100_expanding_cap500k_pit_s40_shufearnings_in_window15,pf_earnings_in_window,40,q75,tradable,xgb,3,0.1,100,expanding,500000,pit,all,40,0,5,invvol,volq,15.0,turnover,drop,earnings_in_window,15.0,,,,,
82,13.02,2.3086353271730613,2.142442100631625,1.0775718636655056,0.06636117614282266,0.06026048372405235,0.006100692418770315,0.003572209117830321,0.5088363260371799,0.4878048780487805,0.38682159154157103,0.14100941053034696,0.239631455778123,-0.4439506550682487,0.07199614028470336,2.9623184408444314,1.0,0.9512195121951219,5.0,0.0024010762607143588,0.11347738899115718,82,0.006180769808938463,2.1742758793007413,82,pf_earnings_in_window_h40_q75_trd_xgb_d3e01r100_expanding_cap500k_pit_s40_shufearnings_in_window13,pf_earnings_in_window,40,q75,tradable,xgb,3,0.1,100,expanding,500000,pit,all,40,0,5,invvol,volq,15.0,turnover,drop,earnings_in_window,13.0,,,,,
82,13.02,2.2952957093848454,2.142442100631625,1.0713455027364132,0.06588672285812347,0.06026048372405235,0.00562623913407112,0.0029660969153855474,0.45620818507056604,0.4878048780487805,0.40071598572950756,0.12642502896151225,0.22179737959608803,-0.5150571250200432,-0.3810872045744038,3.022744274613513,1.0,0.8829268292682926,4.987804878048781,0.003086119903363601,0.13533165076548212,82,0.0018672947208833873,0.7548457583362312,82,price_fund_h40_q75_trd_xgb_d2e01r100_expanding_pit_s40,price_fund,40,q75,tradable,xgb,2,0.1,100,expanding,0,pit,all,40,0,5,invvol,volq,15.0,turnover,drop,,,,,,,
82,13.02,2.28435189478042,2.142442100631625,1.0662373998844392,0.06549557692374619,0.06026048372405235,0.005235093199693841,0.0038265901927699215,0.5239626758367666,0.5121951219512195,0.38019065715992345,0.1452012450350236,0.24802432998904297,-0.5783853676282038,-0.09089126533471228,3.337689639539632,1.0,0.9390243902439024,5.0,0.0017514242683977662,0.08236043409736674,82,0.0052346532321753325,1.8002555268637759,82,pf_momentum_60_ind_rel_h40_q75_trd_xgb_d3e01r100_expanding_cap500k_pit_s40,pf_momentum_60_ind_rel,40,q75,tradable,xgb,3,0.1,100,expanding,500000,pit,all,40,0,5,invvol,volq,15.0,turnover,drop,,0.0,,,,,
82,13.02,2.2773232455568597,2.142442100631625,1.0629567281587071,0.06524345065539294,0.06026048372405235,0.004982966931340593,0.0026723767378139265,0.40282140147164874,0.4878048780487805,0.3989102867352584,0.11163041132085963,0.21816462691702315,-0.42101651463001766,-0.09562704938034024,2.7050622996768556,1.0,0.9536585365853657,5.0,0.005521326143862062,0.25995945993575975,82,0.006273179424884623,2.1831414153252178,82,pf_d_y10_20_h40_q75_trd_xgb_d3e01r100_expanding_cap500k_pit_s40_shufd_y10_200,pf_d_y10_20,40,q75,tradable,xgb,3,0.1,100,expanding,500000,pit,all,40,0,5,invvol,volq,15.0,turnover,drop,d_y10_20,0.0,,,,,
82,13.02,2.2773232455568597,2.142442100631625,1.0629567281587071,0.06524345065539294,0.06026048372405235,0.004982966931340593,0.0026723767378139265,0.40282140147164874,0.4878048780487805,0.3989102867352584,0.11163041132085963,0.21816462691702315,-0.42101651463001766,-0.09562704938034024,2.7050622996768556,1.0,0.9536585365853657,5.0,0.005521326143862062,0.25995945993575975,82,0.006273179424884623,2.1831414153252178,82,pf_d_y10_20_h40_q75_trd_xgb_d3e01r100_expanding_cap500k_pit_s40_shufd_y10_201,pf_d_y10_20,40,q75,tradable,xgb,3,0.1,100,expanding,500000,pit,all,40,0,5,invvol,volq,15.0,turnover,drop,d_y10_20,1.0,,,,,
82,13.02,2.2773232455568597,2.142442100631625,1.0629567281587071,0.06524345065539294,0.06026048372405235,0.004982966931340593,0.0026723767378139265,0.40282140147164874,0.4878048780487805,0.3989102867352584,0.11163041132085963,0.21816462691702315,-0.42101651463001766,-0.09562704938034024,2.7050622996768556,1.0,0.9536585365853657,5.0,0.005521326143862062,0.25995945993575975,82,0.006273179424884623,2.1831414153252178,82,pf_d_y10_20_h40_q75_trd_xgb_d3e01r100_expanding_cap500k_pit_s40_shufd_y10_207,pf_d_y10_20,40,q75,tradable,xgb,3,0.1,100,expanding,500000,pit,all,40,0,5,invvol,volq,15.0,turnover,drop,d_y10_20,7.0,,,,,
82,13.02,2.2773232455568597,2.142442100631625,1.0629567281587071,0.06524345065539294,0.06026048372405235,0.004982966931340593,0.0026723767378139265,0.40282140147164874,0.4878048780487805,0.3989102867352584,0.11163041132085963,0.21816462691702315,-0.42101651463001766,-0.09562704938034024,2.7050622996768556,1.0,0.9536585365853657,5.0,0.005521326143862062,0.25995945993575975,82,0.006273179424884623,2.1831414153252178,82,pf_d_y10_20_h40_q75_trd_xgb_d3e01r100_expanding_cap500k_pit_s40_shufd_y10_204,pf_d_y10_20,40,q75,tradable,xgb,3,0.1,100,expanding,500000,pit,all,40,0,5,invvol,volq,15.0,turnover,drop,d_y10_20,4.0,,,,,
82,13.02,2.2773232455568597,2.142442100631625,1.0629567281587071,0.06524345065539294,0.06026048372405235,0.004982966931340593,0.0026723767378139265,0.40282140147164874,0.4878048780487805,0.3989102867352584,0.11163041132085963,0.21816462691702315,-0.42101651463001766,-0.09562704938034024,2.7050622996768556,1.0,0.9536585365853657,5.0,0.005521326143862062,0.25995945993575975,82,0.006273179424884623,2.1831414153252178,82,pf_d_y10_20_h40_q75_trd_xgb_d3e01r100_expanding_cap500k_pit_s40_shufd_y10_206,pf_d_y10_20,40,q75,tradable,xgb,3,0.1,100,expanding,500000,pit,all,40,0,5,invvol,volq,15.0,turnover,drop,d_y10_20,6.0,,,,,
82,13.02,2.2773232455568597,2.142442100631625,1.0629567281587071,0.06524345065539294,0.06026048372405235,0.004982966931340593,0.0026723767378139265,0.40282140147164874,0.4878048780487805,0.3989102867352584,0.11163041132085963,0.21816462691702315,-0.42101651463001766,-0.09562704938034024,2.7050622996768556,1.0,0.9536585365853657,5.0,0.005521326143862062,0.25995945993575975,82,0.006273179424884623,2.1831414153252178,82,pf_d_y10_20_h40_q75_trd_xgb_d3e01r100_expanding_cap500k_pit_s40,pf_d_y10_20,40,q75,tradable,xgb,3,0.1,100,expanding,500000,pit,all,40,0,5,invvol,volq,15.0,turnover,drop,,0.0,,,,,
82,13.02,2.2773232455568597,2.142442100631625,1.0629567281587071,0.06524345065539294,0.06026048372405235,0.004982966931340593,0.0026723767378139265,0.40282140147164874,0.4878048780487805,0.3989102867352584,0.11163041132085963,0.21816462691702315,-0.42101651463001766,-0.09562704938034024,2.7050622996768556,1.0,0.9536585365853657,5.0,0.005521326143862062,0.25995945993575975,82,0.006273179424884623,2.1831414153252178,82,pf_d_y10_20_h40_q75_trd_xgb_d3e01r100_expanding_cap500k_pit_s40_shufd_y10_205,pf_d_y10_20,40,q75,tradable,xgb,3,0.1,100,expanding,500000,pit,all,40,0,5,invvol,volq,15.0,turnover,drop,d_y10_20,5.0,,,,,
82,13.02,2.2773232455568597,2.142442100631625,1.0629567281587071,0.06524345065539294,0.06026048372405235,0.004982966931340593,0.0026723767378139265,0.40282140147164874,0.4878048780487805,0.3989102867352584,0.11163041132085963,0.21816462691702315,-0.42101651463001766,-0.09562704938034024,2.7050622996768556,1.0,0.9536585365853657,5.0,0.005521326143862062,0.25995945993575975,82,0.006273179424884623,2.1831414153252178,82,pf_d_y10_20_h40_q75_trd_xgb_d3e01r100_expanding_cap500k_pit_s40_shufd_y10_202,pf_d_y10_20,40,q75,tradable,xgb,3,0.1,100,expanding,500000,pit,all,40,0,5,invvol,volq,15.0,turnover,drop,d_y10_20,2.0,,,,,
82,13.02,2.2773232455568597,2.142442100631625,1.0629567281587071,0.06524345065539294,0.06026048372405235,0.004982966931340593,0.0026723767378139265,0.40282140147164874,0.4878048780487805,0.3989102867352584,0.11163041132085963,0.21816462691702315,-0.42101651463001766,-0.09562704938034024,2.7050622996768556,1.0,0.9536585365853657,5.0,0.005521326143862062,0.25995945993575975,82,0.006273179424884623,2.1831414153252178,82,pf_d_y10_20_h40_q75_trd_xgb_d3e01r100_expanding_cap500k_pit_s40_shufd_y10_203,pf_d_y10_20,40,q75,tradable,xgb,3,0.1,100,expanding,500000,pit,all,40,0,5,invvol,volq,15.0,turnover,drop,d_y10_20,3.0,,,,,
82,13.02,2.2702580053847687,2.142442100631625,1.0596589773490082,0.06498928676930604,0.06026048372405235,0.004728803045253693,0.0028717093733075937,0.4156866382243883,0.47560975609756095,0.38933685736097856,0.11519564312135928,0.22675317791356542,-0.5248650455743953,0.20301906156220684,3.273946388290143,1.0,0.9292682926829267,5.0,0.0023747100367780155,0.11113016753721926,82,0.0055894787924281415,2.0063164630307346,82,pf_earnings_in_window_h40_q75_trd_xgb_d3e01r100_expanding_cap500k_pit_s40_shufearnings_in_window22,pf_earnings_in_window,40,q75,tradable,xgb,3,0.1,100,expanding,500000,pit,all,40,0,5,invvol,volq,15.0,turnover,drop,earnings_in_window,22.0,,,,,
82,13.02,2.264775700470643,2.142442100631625,1.0571000727641378,0.0647915635044416,0.06026048372405235,0.004531079780389247,0.0032460656273790084,0.42353201999341966,0.5121951219512195,0.3871710723996286,0.11736976592279584,0.23411046636186328,-0.5880340072715697,-0.24121785678766935,4.31066138969341,1.0,0.9463414634146341,5.0,0.002647674280794561,0.1245480366172657,82,0.006246721321701763,2.106643365233363,82,pf_earnings_in_window_h40_q75_trd_xgb_d3e01r100_expanding_cap500k_pit_s40_shufearnings_in_window1,pf_earnings_in_window,40,q75,tradable,xgb,3,0.1,100,expanding,500000,pit,all,40,0,5,invvol,volq,15.0,turnover,drop,earnings_in_window,1.0,,,,,
82,13.02,2.2629925021003614,2.142442100631625,1.056267752315545,0.0647271559312812,0.06026048372405235,0.00446667220722885,0.0028526272367495834,0.40759486788910854,0.524390243902439,0.3905165175919376,0.11295324078736912,0.2257604990530255,-0.43447091621855005,-0.06329120134867627,2.6645431206970733,1.0,0.9390243902439023,5.0,0.001235271555923855,0.05740230253840774,82,0.005336131289729192,1.8906004082291996,82,pf_earnings_in_window_h40_q75_trd_xgb_d3e01r100_expanding_cap500k_pit_s40,pf_earnings_in_window,40,q75,tradable,xgb,3,0.1,100,expanding,500000,pit,all,40,0,5,invvol,volq,15.0,turnover,drop,,0.0,,,,,
82,13.02,2.244763094855496,2.142442100631625,1.047759047581125,0.06406602422188601,0.06026048372405235,0.0038055404978336593,0.0026623383977995995,0.418129434030196,0.5609756097560976,0.4029186265738186,0.11587259399730318,0.21583737704163738,-0.6723593340392703,-1.0774411880852877,5.254762447532196,1.0,0.8621951219512195,4.987804878048781,0.01981395486413036,1.3372112093016502,82,0.006781645463436609,2.4137445364984855,82,fund_events_h40_xrank_trd_xgb_reg_d3e01r100_expanding_cap500k_pit_s40,fund_events,40,xrank,tradable,xgb_reg,3,0.1,100,expanding,500000,pit,all,40,0,5,invvol,volq,15.0,turnover,drop,,,,,,,
82,13.02,2.217869145527477,2.142442100631625,1.0352061065611131,0.06308154555885337,0.06026048372405235,0.0028210618348010197,0.0027151202329574464,0.3898922822055146,0.524390243902439,0.3855910202787092,0.10804747631188993,0.2263986388608217,-0.5490361266836268,-0.34660622691126164,3.550712297659382,1.0,0.9512195121951219,5.0,0.0030926836389647415,0.14353675811664476,82,0.006177745425859541,2.130227411548222,82,pf_pct_from_low_252_ind_rel_h40_q75_trd_xgb_d3e01r100_expanding_cap500k_pit_s40_shufpct_from_low_252_ind_rel5,pf_pct_from_low_252_ind_rel,40,q75,tradable,xgb,3,0.1,100,expanding,500000,pit,all,40,0,5,invvol,volq,15.0,turnover,drop,pct_from_low_252_ind_rel,5.0,,,,,
82,13.02,2.2176710452667696,2.142442100631625,1.035113641863631,0.06307425310664572,0.06026048372405235,0.0028137693825933674,0.002854447172067862,0.37372450443255256,0.5365853658536586,0.38727165960048826,0.10356703987940057,0.22768168642923145,-0.4463405404121762,-0.7217860584735827,3.6942099390177074,1.0,0.9048780487804877,5.0,0.0012950425592599811,0.05925341711682742,82,0.002061186238221196,0.808329821254137,82,price_fund_h40_q75_trd_xgb_d5e01r100_expanding_pit_s40,price_fund,40,q75,tradable,xgb,5,0.1,100,expanding,0,pit,all,40,0,5,invvol,volq,15.0,turnover,drop,,,,,,,
82,13.02,2.192975829395089,2.142442100631625,1.0235869752319402,0.06216043044800146,0.06026048372405235,0.0018999467239491086,0.0021512097335626397,0.31275389494907824,0.5,0.3843062651676703,0.08667078215759537,0.21791519075849206,-0.4333948596096119,0.13781212591784278,2.840035871650387,1.0,0.9390243902439024,5.0,0.0024198994977254087,0.11241577523121081,82,0.006223737103182914,2.1386279754350173,82,pf_earnings_in_window_h40_q75_trd_xgb_d3e01r100_expanding_cap500k_pit_s40_shufearnings_in_window4,pf_earnings_in_window,40,q75,tradable,xgb,3,0.1,100,expanding,500000,pit,all,40,0,5,invvol,volq,15.0,turnover,drop,earnings_in_window,4.0,,,,,
82,13.02,2.1847249277878635,2.142442100631625,1.0197358085634018,0.06185299560736435,0.06026048372405235,0.0015925118833119978,0.0025071219575343137,0.394525690213745,0.5,0.38278246526450116,0.10933149260269898,0.22463791860816013,-0.5900563636496513,-0.5418223813980552,3.4473824410805705,1.0,0.9365853658536585,5.0,0.0020716713451615827,0.0993484447747953,82,0.0042423672550207835,1.6003224729226286,82,pf_days_to_next_filing_seasonal_h40_q75_trd_xgb_d3e01r100_expanding_cap500k_pit_s40_shufdays_to_next_filing_seasonal4,pf_days_to_next_filing_seasonal,40,q75,tradable,xgb,3,0.1,100,expanding,500000,pit,all,40,0,5,invvol,volq,15.0,turnover,drop,days_to_next_filing_seasonal,4.0,,,,,
82,13.02,2.1039446416307626,2.142442100631625,0.9820310387900271,0.058785101231592085,0.06026048372405235,-0.0014753824924602643,0.0022709115042418336,0.33246138308965245,0.5365853658536586,0.36273781763612634,0.09213214791223512,0.23295053886208278,-0.5770720596017361,-0.17956320984106883,3.796026136171889,1.0,0.948780487804878,5.0,0.003822639633747615,0.17940241419964026,82,0.006038235340366144,2.1516445201429693,82,pf_earnings_in_window_h40_q75_trd_xgb_d3e01r100_expanding_cap500k_pit_s40_shufearnings_in_window8,pf_earnings_in_window,40,q75,tradable,xgb,3,0.1,100,expanding,500000,pit,all,40,0,5,invvol,volq,15.0,turnover,drop,earnings_in_window,8.0,,,,,
82,13.02,2.0798551011449216,2.142442100631625,0.9707870754274983,0.05784916082413116,0.06026048372405235,-0.0024113228999211866,0.0010205912903569554,0.15294320407756182,0.5,0.38049241909835174,0.042383827466798675,0.20138729389741386,-0.4447902352943207,-0.21973342176087973,2.3411020770635673,1.0,0.8926829268292683,5.0,0.014497199365495664,0.8749688532746502,82,0.006509157448418218,1.9311142748119328,82,price_fund_causal_events_h40_xrank_trd_xgb_reg_d3e01r100_expanding_cap500k_pit_s40,price_fund_causal_events,40,xrank,tradable,xgb_reg,3,0.1,100,expanding,500000,pit,all,40,0,5,invvol,volq,15.0,turnover,drop,,,,,,,
82,13.02,1.8908097973771112,2.142442100631625,0.8825488431261088,0.05013592340744766,0.06026048372405235,-0.010124560316604692,0.0014967449516256595,0.1898682001607562,0.524390243902439,0.32481541404937275,0.05261653229759757,0.24513866589525365,-0.5481989247762389,-0.401136921411181,3.32716285145628,1.0,0.9390243902439024,5.0,0.0023165837808315454,0.10695650464229003,82,0.004987081742472279,1.7070757280645141,82,pf_relative_strength_20_ind_rel_h40_q75_trd_xgb_d3e01r100_expanding_cap500k_pit_s40,pf_relative_strength_20_ind_rel,40,q75,tradable,xgb,3,0.1,100,expanding,500000,pit,all,40,0,5,invvol,volq,15.0,turnover,drop,,0.0,,,,,
82,13.02,1.8908097973771112,2.142442100631625,0.8825488431261088,0.05013592340744766,0.06026048372405235,-0.010124560316604692,0.0014967449516256595,0.1898682001607562,0.524390243902439,0.32481541404937275,0.05261653229759757,0.24513866589525365,-0.5481989247762389,-0.401136921411181,3.32716285145628,1.0,0.9390243902439024,5.0,0.0023165837808315454,0.10695650464229003,82,0.004987081742472279,1.7070757280645141,82,pf_momentum_20_ind_rel_h40_q75_trd_xgb_d3e01r100_expanding_cap500k_pit_s40,pf_momentum_20_ind_rel,40,q75,tradable,xgb,3,0.1,100,expanding,500000,pit,all,40,0,5,invvol,volq,15.0,turnover,drop,,0.0,,,,,
82,13.02,1.8440900283198858,2.142442100631625,0.860742060556138,0.04812014534329556,0.06026048372405235,-0.012140338380756788,-0.0009141626191116985,-0.1354934489494614,0.5121951219512195,0.3500932456630091,-0.037548127736641145,0.1840727553438932,-0.4323124536093156,-0.6281373631151449,4.667651856796265,1.0,0.9707317073170731,5.0,-0.013833694598884304,-0.910882863579168,82,-0.002965149026936963,-1.1186144229714052,82,novol_h40_xrank_trd_xgb_reg_d3e01r100_expanding_cap500k_pit_s40,novol,40,xrank,tradable,xgb_reg,3,0.1,100,expanding,500000,pit,all,40,0,5,invvol,volq,15.0,turnover,drop,,,,,,,
82,13.02,1.8120985161643317,2.142442100631625,0.845809796040741,0.04671245702876825,0.06026048372405235,-0.013548026695284099,0.0014214521990334192,0.18289904551739936,0.5609756097560976,0.3113525914102159,0.05068523074173582,0.25421557102463843,-0.6786192306191667,-0.5811229654377078,3.723868240723083,1.0,0.9414634146341464,5.0,0.005286696488583274,0.2456989635048124,82,0.006464530161073946,2.0712983276702466,82,pf_volatility_60_ind_rel_h40_q75_trd_xgb_d3e01r100_expanding_cap500k_pit_s40,pf_volatility_60_ind_rel,40,q75,tradable,xgb,3,0.1,100,expanding,500000,pit,all,40,0,5,invvol,volq,15.0,turnover,drop,,0.0,,,,,
67,12.39,1.1009017066805495,1.3056487155198229,0.8431836937412706,0.007789432778093408,0.02176049622609666,-0.013971063448003251,0.0006496156780790884,0.054341580322147295,0.4626865671641791,0.1496159648353871,0.01543880456876665,0.2378788372415554,-0.5276842419660828,0.12727643784687928,3.098824401173914,1.0,0.8104477611940298,2.0597014925373136,0.013072467962530712,1.2320888529246277,78,0.0023645645362812473,0.899936475637895,78,fly_mushroom_body_T20_s2,fly_mushroom_body,40,xrank,tradable,reservoir_ridge,0,0.0,0,expanding,0,pit,all,40,2,5,invvol,volq,15.0,turnover,drop,,,,,,,
82,13.02,1.7915152020654443,2.142442100631625,0.8362023886373768,0.04579457119295838,0.06026048372405235,-0.014465912531093972,7.256291768036566e-05,0.009404864050145805,0.524390243902439,0.3134268717233657,0.002606288639329988,0.22543161910678264,-0.4660944554589165,-0.4122170281765867,3.1719890696613677,1.0,0.9536585365853659,5.0,0.0035731194257515126,0.16923826168656536,82,0.006413845900059372,2.2512484224243474,82,pf_rate_beta_x_move_h40_q75_trd_xgb_d3e01r100_expanding_cap500k_pit_s40_shufrate_beta_x_move7,pf_rate_beta_x_move,40,q75,tradable,xgb,3,0.1,100,expanding,500000,pit,all,40,0,5,invvol,volq,15.0,turnover,drop,rate_beta_x_move,7.0,,,,,
82,13.02,1.7907554561822234,2.142442100631625,0.8358477718741062,0.04576050534144138,0.06026048372405235,-0.014499978382610967,0.00023558385505619784,0.03375862607412544,0.47560975609756095,0.31182013065610914,0.009355236093499746,0.22988547100723042,-0.6142901198794005,-0.44446029395450076,2.853587750802066,1.0,0.9658536585365854,5.0,0.0031547518521820475,0.14656933599575228,82,0.007543196258570294,2.6660901419994074,82,pf_pct_from_high_252_ind_rel_h40_q75_trd_xgb_d3e01r100_expanding_cap500k_pit_s40_shufpct_from_high_252_ind_rel2,pf_pct_from_high_252_ind_rel,40,q75,tradable,xgb,3,0.1,100,expanding,500000,pit,all,40,0,5,invvol,volq,15.0,turnover,drop,pct_from_high_252_ind_rel,2.0,,,,,
82,13.02,1.771871717121164,2.142442100631625,0.8270336531375988,0.04490947093589348,0.06026048372405235,-0.015351012788158869,-0.0002396576772176448,-0.03531736869209585,0.5609756097560976,0.3069856312985138,-0.009787196954942796,0.2237569967880478,-0.5010749854337775,0.09878528847653671,3.7071002261875137,1.0,0.9634146341463414,5.0,0.0033598691124774216,0.15824745296189588,82,0.004784184172892639,1.7662394652837572,82,pf_days_to_next_filing_est_h40_q75_trd_xgb_d3e01r100_expanding_cap500k_pit_s40_shufdays_to_next_filing_est3,pf_days_to_next_filing_est,40,q75,tradable,xgb,3,0.1,100,expanding,500000,pit,all,40,0,5,invvol,volq,15.0,turnover,drop,days_to_next_filing_est,3.0,,,,,
82,13.02,1.7398036514088586,2.142442100631625,0.8120656567082665,0.04344488595847906,0.06026048372405235,-0.016815597765573287,-0.0021412719723250513,-0.3912414289426559,0.4024390243902439,0.3421965870807403,-0.10842135367950015,0.16573853922312468,-0.42460957350572015,-0.7935771094871426,4.6033611398441066,1.0,0.9560975609756096,5.0,0.018658345231066225,0.950706371597014,82,0.0019441258424212282,0.5740701941822648,82,price_fund_h40_q75_trd_featpct_from_high_252_expanding_pit_s40,price_fund,40,q75,tradable,feat:pct_from_high_252,3,0.1,100,expanding,0,pit,all,40,0,5,invvol,volq,15.0,turnover,drop,,,,,,,
82,13.02,1.737862083175668,2.142442100631625,0.8111594160063038,0.043355414249129254,0.06026048372405235,-0.016905069474923096,0.00013521772961888357,0.017713284180941,0.47560975609756095,0.29418917787755633,0.004908729257526524,0.24151426412555177,-0.5042314191153939,0.2001426351913155,3.2874498931482936,1.0,0.9390243902439024,5.0,0.002960715645231253,0.14001013052168032,82,0.004901231627658543,1.7116640545060817,82,pf_earnings_in_window_h40_q75_trd_xgb_d3e01r100_expanding_cap500k_pit_s40_shufearnings_in_window9,pf_earnings_in_window,40,q75,tradable,xgb,3,0.1,100,expanding,500000,pit,all,40,0,5,invvol,volq,15.0,turnover,drop,earnings_in_window,9.0,,,,,
82,13.02,1.7374380467173338,2.142442100631625,0.8109614939909509,0.04333586144444279,0.06026048372405235,-0.016924622279609558,-0.0010368643331826449,-0.19996367591179953,0.47560975609756095,0.3158909436894473,-0.05541420418506815,0.20155671160778532,-0.5841876633838294,-0.8131076162160987,5.718069554430833,1.0,0.8707317073170731,5.0,0.0148518653342384,1.0099356679188656,82,0.00403310805066139,1.6998481168994661,82,survivors_h40_xrank_trd_xgb_reg_d3e01r100_expanding_cap500k_pit_s40,survivors,40,xrank,tradable,xgb_reg,3,0.1,100,expanding,500000,pit,all,40,0,5,invvol,volq,15.0,turnover,drop,,,,,,,
82,13.02,1.6851925849703149,2.142442100631625,0.7865755552850151,0.04089238964370079,0.06026048372405235,-0.01936809408035156,-0.0013487805265506123,-0.19823083579756937,0.47560975609756095,0.2965450923880437,-0.054933997190111813,0.2080820559106056,-0.4718202083662022,-0.1362882831641946,2.776950071758425,1.0,0.8390243902439024,5.0,-0.003992244438525231,-0.2005833590059986,82,0.0017470564207282776,0.6219518223245775,82,price_fund_h40_q60_trd_xgb_d3e01r100_expanding_pit_s40,price_fund,40,q60,tradable,xgb,3,0.1,100,expanding,0,pit,all,40,0,5,invvol,volq,15.0,turnover,drop,,,,,,,
82,13.02,1.588557384210961,2.142442100631625,0.741470392008554,0.036182535836120966,0.06026048372405235,-0.024077947887931384,-0.0006717255381971203,-0.09129138417110928,0.5121951219512195,0.26718369656220387,-0.025298791791698774,0.2469062532265003,-0.6061543518006712,-0.09337839051975089,3.0005336896144397,1.0,0.9292682926829269,5.0,0.007420760860219418,0.34758120534901366,82,0.00576808785740955,2.0226234502724862,82,pf_volatility_20_ind_rel_h40_q75_trd_xgb_d3e01r100_expanding_cap500k_pit_s40,pf_volatility_20_ind_rel,40,q75,tradable,xgb,3,0.1,100,expanding,500000,pit,all,40,0,5,invvol,volq,15.0,turnover,drop,,0.0,,,,,
82,13.02,1.549290613474898,2.142442100631625,0.7231423491062573,0.03419275668230348,0.06026048372405235,-0.026067727041748867,-0.0035091004430732203,-0.6761544545486944,0.4268292682926829,0.2857337252964299,-0.18737683648870038,0.16834396136951285,-0.4048153073248939,-0.609935630167627,4.182654115219239,1.0,0.8121951219512195,5.0,0.0058274469835730095,0.4467799922310912,82,-0.0011897043162371027,-0.6340138284318195,82,survivors_h40_xrank_trd_ridge_expanding_cap500k_pit_s40,survivors,40,xrank,tradable,ridge,3,0.1,100,expanding,500000,pit,all,40,0,5,invvol,volq,15.0,turnover,drop,,,,,,,
82,13.02,1.526079557645295,2.142442100631625,0.7123084246689249,0.03299456718828053,0.06026048372405235,-0.027265916535771817,-0.0019351731684367534,-0.27327705388327456,0.4878048780487805,0.2563451392446918,-0.07573090659556161,0.22630827713492468,-0.6128310409476969,-0.11460253672651224,2.834323678437353,1.0,0.9414634146341464,5.0,0.002705355905019808,0.12714782052134954,82,0.004905554284326564,1.7040354378580602,82,pf_earnings_in_window_h40_q75_trd_xgb_d3e01r100_expanding_cap500k_pit_s40_shufearnings_in_window3,pf_earnings_in_window,40,q75,tradable,xgb,3,0.1,100,expanding,500000,pit,all,40,0,5,invvol,volq,15.0,turnover,drop,earnings_in_window,3.0,,,,,
82,13.02,1.5207997072895258,2.142442100631625,0.7098440171807539,0.03271966574487828,0.06026048372405235,-0.02754081797917407,-0.003661395624414219,-0.6916678321267841,0.47560975609756095,0.2736912769079704,-0.19167592465455052,0.17224699494283702,-0.39024049428213425,-0.33089363467044,3.3242859095180948,1.0,0.9975609756097561,5.0,0.003607050621111251,0.2605800260008263,82,0.00010561967381833469,0.050085619750687,82,price_fund_h40_q75_trd_featmomentum_20_expanding_pit_s40,price_fund,40,q75,tradable,feat:momentum_20,3,0.1,100,expanding,0,pit,all,40,0,5,invvol,volq,15.0,turnover,drop,,,,,,,
82,13.02,1.505872711648647,2.142442100631625,0.7028767364143433,0.0319376806940741,0.06026048372405235,-0.02832280302997825,-0.0031314358902353482,-0.5726114615059424,0.45121951219512196,0.26358484530780524,-0.15868286228443051,0.19151257013058567,-0.6045147789560965,-0.8905577658757983,3.7125956864633625,1.0,0.9634146341463414,5.0,0.002946255612057032,0.21249617456782838,82,0.0033962978033022736,2.0339447651960456,82,events_h40_q75_trd_xgb_d3e01r100_expanding_cap500k_pit_s40,events,40,q75,tradable,xgb,3,0.1,100,expanding,500000,pit,all,40,0,5,invvol,volq,15.0,turnover,drop,,,,,,,
55,13.1,1.5490636354482124,2.2256293884431604,0.6960114938686133,0.033970154562810606,0.06297024082229452,-0.029000086259483915,-0.0024051729866418478,-0.1875169180579767,0.45454545454545453,0.2671136029998674,-0.05180698700831005,0.23863125085728615,-0.7065048415037254,-0.935649484840064,3.745991264985267,1.0,0.8981818181818181,5.0,8.232349652899247e-05,0.0031263715562520823,55,0.004209220566729826,1.0856574947037954,55,price_fund_h60_q75_trd_xgb_d3e01r100_expanding_pit_s60,price_fund,60,q75,tradable,xgb,3,0.1,100,expanding,0,pit,all,60,0,5,invvol,volq,15.0,turnover,drop,,,,,,,
82,13.02,1.4758288942818318,2.142442100631625,0.688853572214033,0.030341827086649342,0.06026048372405235,-0.029918656637403007,-0.005820999852788007,-1.3479815448475634,0.4024390243902439,0.39643693153024523,-0.37355446794663927,0.08461078910129202,-0.22640039438621773,-0.702300971280601,4.9268158651724105,1.0,0.9585365853658536,4.987804878048781,0.00706082767491541,0.3147419358806901,82,-0.0010206742606993962,-0.7292201175350345,82,price_fund_h40_q75_trd_featnegvolatility_60_expanding_pit_s40,price_fund,40,q75,tradable,feat:-volatility_60,3,0.1,100,expanding,0,pit,all,40,0,5,invvol,volq,15.0,turnover,drop,,,,,,,
82,13.02,1.4439773933734705,2.142442100631625,0.6739866589383039,0.028616860847362924,0.06026048372405235,-0.031643622876689426,-0.002359771274061138,-0.3248461028982397,0.45121951219512196,0.2390703633200848,-0.09002179117104588,0.23147665733751352,-0.5775925589259661,-0.3034780571718525,3.3830550773237302,1.0,0.9536585365853659,5.0,0.004271431193935618,0.20204118738964488,82,0.005736838740557358,1.9795023108406118,82,pf_rate_beta_x_move_h40_q75_trd_xgb_d3e01r100_expanding_cap500k_pit_s40_shufrate_beta_x_move1,pf_rate_beta_x_move,40,q75,tradable,xgb,3,0.1,100,expanding,500000,pit,all,40,0,5,invvol,volq,15.0,turnover,drop,rate_beta_x_move,1.0,,,,,
82,13.02,1.4204261139454581,2.142442100631625,0.6629939327306416,0.027318667119131224,0.06026048372405235,-0.032941816604921126,-0.002451618170492733,-0.33227725976112304,0.4634146341463415,0.23876656084344208,-0.09208112340653009,0.22934879009949566,-0.6189672448623049,-0.9107023016686991,5.032381899648738,1.0,0.797560975609756,5.0,0.006819047839039757,0.5298523297104282,82,0.0021310454647559115,0.7976781282801546,82,price_fund_h40_raw_trd_xgb_reg_d3e01r100_expanding_pit_s40,price_fund,40,raw,tradable,xgb_reg,3,0.1,100,expanding,0,pit,all,40,0,5,invvol,volq,15.0,turnover,drop,,,,,,,
82,13.02,1.3771884781425043,2.142442100631625,0.6428124604797898,0.024882717022589596,0.06026048372405235,-0.035377766701462754,-0.0024413499595922184,-0.32865462504426185,0.5,0.2235978822932644,-0.09107721397661638,0.2451967934825501,-0.6133901172883915,-0.16248462441505712,3.712746948976156,1.0,0.9390243902439024,5.0,0.0038695563497415705,0.18300106582632342,82,0.0069505434770754425,2.392625425392965,82,pf_earnings_in_window_h40_q75_trd_xgb_d3e01r100_expanding_cap500k_pit_s40_shufearnings_in_window12,pf_earnings_in_window,40,q75,tradable,xgb,3,0.1,100,expanding,500000,pit,all,40,0,5,invvol,volq,15.0,turnover,drop,earnings_in_window,12.0,,,,,
65,12.39,1.0870300221239004,1.7110600160355338,0.6352962560848747,0.006758473218611671,0.04430744748921622,-0.03754897427060455,-0.004206620669094836,-0.3680487754880268,0.4153846153846154,0.13699919368655764,-0.1045651061829294,0.2313193677139656,-0.6120999433092938,1.0064670491373877,5.13190330105447,1.0,0.7943589743589744,2.0923076923076924,0.012508814931492451,1.1443123897673795,78,0.004232041348141337,1.5611992969010207,78,fly_mushroom_body_shuf_scram_T20_s1,fly_mushroom_body,40,xrank,tradable,reservoir_ridge,0,0.0,0,expanding,0,pit,all,40,1,5,invvol,volq,15.0,turnover,drop,,,,,,,
82,13.02,1.3579416496391303,2.142442100631625,0.633828867178622,0.023775589069295,0.06026048372405235,-0.03648489465475735,-0.005031471223296027,-1.0548476198836088,0.36585365853658536,0.22339388337625074,-0.2923207983941357,0.17240728944218928,-0.5004547871498388,-0.3916482690113658,3.857821117767616,1.0,0.7926829268292683,5.0,0.00012659675663201567,0.008201128224872744,82,-0.001846552590449262,-0.6908098754591774,82,price_fund_h40_xrank_trd_ridge_expanding_cap500k_pit_s40,price_fund,40,xrank,tradable,ridge,3,0.1,100,expanding,500000,pit,all,40,0,5,invvol,volq,15.0,turnover,drop,,,,,,,
82,13.02,1.3459165769871695,2.142442100631625,0.6282160794872227,0.02307649908955889,0.06026048372405235,-0.03718398463449346,-0.0036546099154978967,-0.5610449838560512,0.47560975609756095,0.21365269522266664,-0.15547754436221042,0.22085015838726552,-0.5933401004758005,-0.1303648521139952,3.13059893735505,1.0,0.9560975609756096,5.0,0.0038444688557263337,0.1803060307415674,82,0.005571564147450872,1.9266868796864878,82,pf_earnings_in_window_h40_q75_trd_xgb_d3e01r100_expanding_cap500k_pit_s40_shufearnings_in_window23,pf_earnings_in_window,40,q75,tradable,xgb,3,0.1,100,expanding,500000,pit,all,40,0,5,invvol,volq,15.0,turnover,drop,earnings_in_window,23.0,,,,,
82,13.02,1.2580710919681701,2.142442100631625,0.5872135781859735,0.017787197164303548,0.06026048372405235,-0.0424732865597488,-0.004554635451058087,-0.6950652552503969,0.5121951219512195,0.19264429343276643,-0.19261742314329602,0.21551382215673365,-0.5818252906102648,-0.6254457042133618,3.292454432069042,1.0,0.9634146341463414,5.0,0.0038155718565323227,0.17762204310688798,82,0.0055760866049229234,1.9957576299113127,82,pf_days_to_next_filing_est_h40_q75_trd_xgb_d3e01r100_expanding_cap500k_pit_s40_shufdays_to_next_filing_est4,pf_days_to_next_filing_est,40,q75,tradable,xgb,3,0.1,100,expanding,500000,pit,all,40,0,5,invvol,volq,15.0,turnover,drop,days_to_next_filing_est,4.0,,,,,
328,13.03,1.0905385931178597,1.9385149504617267,0.5625639321781392,0.0066748384058998855,0.05211999188957828,-0.04544515348367839,-0.0007509702200671019,-0.36622059312681154,0.49390243902439024,0.1639712794112749,-0.10146161890891217,0.2706161525444021,-0.685734425328703,-0.7374782547801861,5.724278125392245,1.0,0.8678353658536585,4.9939024390243905,0.004449367938418331,0.3704146928359081,328,0.0013002925075443824,1.7678518086217407,328,price_fund_h10_q75_trd_xgb_d3e01r100_expanding_pit_s10,price_fund,10,q75,tradable,xgb,3,0.1,100,expanding,0,pit,all,10,0,5,invvol,volq,15.0,turnover,drop,,,,,,,
82,13.02,1.1220601154449836,2.142442100631625,0.5237294931397133,0.008883572507954574,0.06026048372405235,-0.051376911216097776,-0.006741966597482037,-0.9593752072817401,0.4268292682926829,0.1433912596819501,-0.26586335435167585,0.19347933181907867,-0.419258274464266,-0.3009588324049829,3.935017770406204,1.0,0.9609756097560973,4.987804878048781,-0.02030904172896701,-1.2216487761262782,82,-0.003914259778912674,-1.3916646699923376,82,price_h40_xrank_trd_xgb_reg_d3e01r100_expanding_cap500k_pit_s40,price,40,xrank,tradable,xgb_reg,3,0.1,100,expanding,500000,pit,all,40,0,5,invvol,volq,15.0,turnover,drop,,,,,,,
82,13.02,1.01312755654464,2.142442100631625,0.47288445099447696,0.001002088881080443,0.06026048372405235,-0.059258394842971907,-0.005578595390341016,-0.6833419347806773,0.5121951219512195,0.13680085932465338,-0.1893686407268207,0.2563531651459299,-0.6328121536986364,-0.5493577071644702,3.5084486589878576,1.0,0.9097560975609755,4.987804878048781,-0.010494433620817391,-0.45876432191670935,82,-0.0003858783929404912,-0.14314796927628484,82,price_h40_q75_trd_xgb_d3e01r100_expanding_pit_s40,price,40,q75,tradable,xgb,3,0.1,100,expanding,0,pit,all,40,0,5,invvol,volq,15.0,turnover,drop,,,,,,,
82,13.02,1.0008701600306633,2.142442100631625,0.46716322449768477,6.679819524335606e-05,0.06026048372405235,-0.06019368552880899,-0.006310843292544316,-0.8494132549665953,0.45121951219512196,0.126567742098856,-0.235390549476515,0.24064705537722164,-0.713289485249897,-0.7057178626687636,4.56668588652161,1.0,0.8292682926829267,5.0,-0.014349666788715763,-0.6851829550392301,82,-0.0030242087517155457,-1.2397848232786768,82,novol_h40_q75_trd_xgb_d3e01r100_expanding_pit_s40,novol,40,q75,tradable,xgb,3,0.1,100,expanding,0,pit,all,40,0,5,invvol,volq,15.0,turnover,drop,,,,,,,
68,12.39,0.9357275224987229,2.0072917998761426,0.46616417331872767,-0.0053477297955948355,0.05785389336722213,-0.06320162316281697,-0.009050563192704862,-0.8026923032358534,0.3088235294117647,0.0792658383436453,-0.22805022461705665,0.2165630917210055,-0.4548200946333538,0.626726548801142,4.661407887439232,1.0,0.7999999999999999,2.161764705882353,0.011433674854463859,1.0266926583832756,78,0.0031897805958825,1.2296923945742748,78,fly_mushroom_body_scram_T20_s1,fly_mushroom_body,40,xrank,tradable,reservoir_ridge,0,0.0,0,expanding,0,pit,all,40,1,5,invvol,volq,15.0,turnover,drop,,,,,,,
71,12.39,0.8004562672260138,1.735804212686446,0.46114432801564326,-0.01780494937463295,0.04551840666548235,-0.0633233560401153,-0.009092902995114546,-0.9169309904595644,0.4647887323943662,0.019556661494618537,-0.2605061958233361,0.20948897930918323,-0.4949735077235512,-0.1458100186436105,3.201931247971918,1.0,0.8845070422535211,2.0140845070422535,0.01039534510207641,0.9481202175164056,78,0.0028781019339086497,1.1395742533385318,78,fly_none_T20_s1,fly_mushroom_body,40,xrank,tradable,reservoir_ridge,0,0.0,0,expanding,0,pit,all,40,1,5,invvol,volq,15.0,turnover,drop,,,,,,,
71,12.39,0.8004562672260138,1.735804212686446,0.46114432801564326,-0.01780494937463295,0.04551840666548235,-0.0633233560401153,-0.009092902995114546,-0.9169309904595644,0.4647887323943662,0.019556661494618537,-0.2605061958233361,0.20948897930918323,-0.4949735077235512,-0.1458100186436105,3.201931247971918,1.0,0.8845070422535211,2.0140845070422535,0.01039534510207641,0.9481202175164056,78,0.0028781019339086497,1.1395742533385318,78,fly_none_T20_s2,fly_mushroom_body,40,xrank,tradable,reservoir_ridge,0,0.0,0,expanding,0,pit,all,40,2,5,invvol,volq,15.0,turnover,drop,,,,,,,
82,13.02,0.9689336838609444,2.142442100631625,0.45225664841784413,-0.0024206862832212295,0.06026048372405235,-0.06268117000727358,-0.008885753992437366,-1.486848263055696,0.43902439024390244,0.07936416828980666,-0.4120374006203214,0.1794662535158388,-0.4976639780275023,-0.7056906674646815,5.892470393164935,1.0,0.8310975609756098,4.975609756097561,0.004046155995462269,0.32793422948460316,82,-0.0001674786975508713,-0.07693732900867918,82,price_fund_h40_xrank_trd_ridge_expanding_pit_s40,price_fund,40,xrank,tradable,ridge,3,0.1,100,expanding,0,pit,all,40,0,5,invvol,volq,15.0,turnover,drop,,,,,,,
67,12.39,0.8503923989105525,1.938261948409927,0.43873966550712123,-0.012995539274184065,0.05487003251967182,-0.06786557179385588,-0.00946287550835492,-0.8610639388602909,0.417910447761194,0.05695604463980073,-0.24463399471396097,0.22695229723902965,-0.640020411083075,-0.14279065878002614,4.028575420225307,1.0,0.8335820895522388,2.1044776119402986,0.01204783663757959,1.0836990279727978,78,0.003154398496598081,1.1657431313869122,78,fly_mushroom_body_shuf_scram_T20_s0,fly_mushroom_body,40,xrank,tradable,reservoir_ridge,0,0.0,0,expanding,0,pit,all,40,0,5,invvol,volq,15.0,turnover,drop,,,,,,,
66,12.39,0.600841168624539,1.5789910459983951,0.3805222139462022,-0.04028510377929695,0.03755835147713893,-0.07784345525643588,-0.011898292730942091,-1.0259786462910545,0.36363636363636365,-0.07210563525836673,-0.29148736046897217,0.22771628184964318,-0.6426379881988593,0.9472655243445529,5.403409373029901,1.0,0.8093434343434344,2.242424242424242,0.012668020652991645,1.122229698880808,78,0.0025624184707503644,0.9837900419273774,78,fly_mushroom_body_scram_T20_s0,fly_mushroom_body,40,xrank,tradable,reservoir_ridge,0,0.0,0,expanding,0,pit,all,40,0,5,invvol,volq,15.0,turnover,drop,,,,,,,
82,13.02,0.8148963511790471,2.142442100631625,0.3803586341674312,-0.015596846697518707,0.06026048372405235,-0.07585733042157106,-0.011439813235978076,-2.0559736147749463,0.4024390243902439,-0.011115164030374615,-0.5697541874480448,0.16558161762026558,-0.4759593916642735,-0.392793238686595,3.1391650177430446,1.0,0.8097560975609756,5.0,0.0033325723590910076,0.22650851814817377,82,0.0009649715743020652,0.3469324798231993,82,price_fund_events_h40_xrank_trd_ridge_expanding_cap500k_pit_s40,price_fund_events,40,xrank,tradable,ridge,3,0.1,100,expanding,500000,pit,all,40,0,5,invvol,volq,15.0,turnover,drop,,,,,,,
82,13.02,0.7703410789334263,2.142442100631625,0.35956214578975915,-0.01983839906592999,0.06026048372405235,-0.08009888278998234,-0.009625397991221609,-1.2497644673579886,0.45121951219512196,0.03962932448928404,-0.34633641866018483,0.24187734334379027,-0.4995241208961858,-0.2466395232441651,2.5040972791238394,1.0,0.873170731707317,4.987804878048781,-0.005905829525248808,-0.28572135182244696,82,-0.0035548617904097362,-0.9935491282534846,82,price_fund_h40_q75_trd_xgb_d3e01r100_expanding_pit_mid_s40,price_fund,40,q75,tradable,xgb,3,0.1,100,expanding,0,pit,mid,40,0,5,invvol,volq,15.0,turnover,drop,,,,,,,
72,12.39,0.6898464806981429,1.937111167115673,0.3561212657326802,-0.029524339630244367,0.05481946628254897,-0.08434380591279333,-0.01094112315299432,-0.9770994847753598,0.4027777777777778,0.005131961730836816,-0.27760046543109573,0.25468557558055255,-0.575224132341384,0.5727261675903638,3.603392335091355,1.0,0.8016203703703704,1.9305555555555556,0.013537342940596706,1.2364011868562492,78,0.002595179856910368,1.0095847058521563,78,fly_mushroom_body_scram_T20_s2,fly_mushroom_body,40,xrank,tradable,reservoir_ridge,0,0.0,0,expanding,0,pit,all,40,2,5,invvol,volq,15.0,turnover,drop,,,,,,,
65,12.39,0.5017430421074649,1.492766408184732,0.33611624655836536,-0.05414649757703538,0.032866113605879654,-0.08701261118291503,-0.013515053885339873,-1.1327790507817646,0.36923076923076925,-0.11681520237011786,-0.3218300660550535,0.23646026542963527,-0.7371588318818953,0.31494325077347246,5.375180078017771,1.0,0.8123076923076923,2.0307692307692307,0.011984538012389329,1.0888356059340552,78,0.003051006368676325,1.1806427117732332,78,fly_mushroom_body_shuf_scram_T20_s2,fly_mushroom_body,40,xrank,tradable,reservoir_ridge,0,0.0,0,expanding,0,pit,all,40,2,5,invvol,volq,15.0,turnover,drop,,,,,,,
82,13.02,0.7152005697621415,2.142442100631625,0.3338249232272318,-0.02541301840054877,0.06026048372405235,-0.08567350212460112,-0.009907886734786668,-1.1671500184864902,0.4634146341463415,0.030502677646003052,-0.3234421909084337,0.2559290603186535,-0.612702876212148,-0.3005743632068745,3.2866520505958428,1.0,0.8585365853658535,5.0,0.003976759756480594,0.17414674393635185,82,0.0023054983470661263,0.8959263925942673,82,price_fund_h40_q90_trd_xgb_d3e01r100_expanding_pit_s40,price_fund,40,q90,tradable,xgb,3,0.1,100,expanding,0,pit,all,40,0,5,invvol,volq,15.0,turnover,drop,,,,,,,
164,13.02,0.6055208259089143,2.0028382396865987,0.3023313685101526,-0.03779375722088929,0.05478876219349238,-0.09258251941438167,-0.005705976519205161,-1.6211472847682835,0.4817073170731707,-0.027388274342201313,-0.44925669963353576,0.24887507446202445,-0.7903788936309616,-0.3812559598832066,4.220060396684454,1.0,0.8655487804878048,4.987804878048781,0.005281962518207946,0.31356768026536463,164,0.001196227836758867,0.8944858761674674,164,price_fund_h20_q75_trd_xgb_d3e01r100_expanding_pit_s20,price_fund,20,q75,tradable,xgb,3,0.1,100,expanding,0,pit,all,20,0,5,invvol,volq,15.0,turnover,drop,,,,,,,
