arm,refit_date,refit_idx,first_used,last_used,n_min,n_seas,n_mom,w_momentum_12_1,w_pct_from_high_252,w_volatility_60,w_gross_profitability,w_accruals,w_net_issuance_pct,w_days_to_next_filing_seasonal,w_short_interest_days_to_cover,w_seas,t_momentum_12_1,t_pct_from_high_252,t_volatility_60,t_gross_profitability,t_accruals,t_net_issuance_pct,t_days_to_next_filing_seasonal,t_short_interest_days_to_cover,t_seas,opp_momentum_12_1,opp_pct_from_high_252,opp_volatility_60,opp_gross_profitability,opp_accruals,opp_net_issuance_pct,opp_days_to_next_filing_seasonal,opp_short_interest_days_to_cover,opp_seas,max_abs_diff_vs_R252
SA252,2007-01-03,0,,,0,0,0,0.11111111111111113,0.11111111111111113,-0.11111111111111113,0.11111111111111113,-0.11111111111111113,-0.11111111111111113,-0.11111111111111113,-0.11111111111111113,0.11111111111111113,,,,,,,,,,0,0,0,0,0,0,0,0,0,0.0
SA252,2007-02-02,21,,,0,0,0,0.11111111111111113,0.11111111111111113,-0.11111111111111113,0.11111111111111113,-0.11111111111111113,-0.11111111111111113,-0.11111111111111113,-0.11111111111111113,0.11111111111111113,,,,,,,,,,0,0,0,0,0,0,0,0,0,0.0
SA252,2007-03-06,42,2007-01-03,2007-01-04,0,2,2,0.11111111111111113,0.11111111111111113,-0.11111111111111113,0.11111111111111113,-0.11111111111111113,-0.11111111111111113,-0.11111111111111113,-0.11111111111111113,0.11111111111111113,,,,,,,,,,0,0,0,0,0,0,0,0,0,0.0
SA252,2007-04-04,63,2007-01-03,2007-02-05,0,23,23,0.008599640436773555,0.0016379417860526973,-0.0016379417860526973,0.45736490770111243,-0.20168340959243758,-0.16031460394907632,-0.08672532370440783,-0.0016379417860526973,0.08039828925803405,1.5250272329578922,-2.16382819751313,4.216581615585865,28.923147916222568,-13.313222076010268,-10.787564204917265,-6.294774481174243,,5.908494913716513,0,1,1,0,0,0,0,0,0,0.04767144664467239
SA252,2007-05-04,84,2007-01-03,2007-03-07,0,44,44,0.029056996096040306,0.001795766779819126,-0.001795766779819126,0.18495690362767175,-0.5906598687201401,-0.024439476267796748,-0.10239418237839945,-0.001795766779819126,0.06310527257049425,2.6180829505581453,-0.12992741754708453,3.0888465738139717,11.299606034938517,-33.89179170469078,-2.3609493472341856,-6.701975530960254,,4.514112928230601,0,1,1,0,0,0,0,0,0,0.034421543180218665
SA252,2007-06-05,105,2007-01-03,2007-04-05,0,65,65,0.003999804866763125,0.003999804866763125,-0.003999804866763125,0.44893487142334554,-0.2135029523797788,-0.04810741231116325,-0.16788045603474486,-0.003999804866763125,0.10557508838391502,0.07755764540328748,0.21012365411923453,4.470620101827586,12.223919325510742,-6.337834206711134,-2.2027439816106473,-5.197216154962168,,3.6395059734339625,0,0,1,0,0,0,0,0,0,0.11832642188258481
SA252,2007-07-05,126,2007-01-03,2007-05-07,0,86,86,0.006152354021187771,0.011415141094189929,-0.006152354021187771,0.5434612947525862,-0.23237430036536938,-0.08432212831959524,-0.058034606781354005,-0.006152354021187771,0.05193546662334187,-0.8979177371318036,1.1855410312033072,4.6001672212853375,9.833387885043486,-4.776998195570471,-2.370566908685727,-1.943291081454215,,1.844156016452955,1,0,1,0,0,0,0,0,0,0.17609668295766034
SA252,2007-08-03,147,2007-01-03,2007-06-06,0,107,107,0.006204645004638297,0.03539434817066056,-0.006204645004638297,0.33417976624431633,-0.32602765571766895,-0.06903537515875527,-0.21054427469004555,-0.006204645004638297,0.006204645004638297,-0.41404307860425354,1.5704492061060937,6.553797695355689,6.385961098410941,-6.254573879310521,-2.112640209184373,-4.393333132397626,,1.0010126355494893,1,0,1,0,0,0,0,0,0,0.25126421218258177
SA252,2007-09-04,168,2007-01-03,2007-07-06,0,128,128,0.007719910155585129,0.06951224213951947,-0.007719910155585129,0.4670725292812758,-0.24993822697924958,-0.007719910155585129,-0.14288872823690513,-0.007719910155585129,0.039708632740709585,0.09934413901181946,1.9004281233665576,2.2450707357352213,7.050232708257136,-4.2375794788029575,-0.8354102719361824,-2.8509118028210385,,1.5143665138639153,0,0,1,0,0,0,0,0,0,0.08059181406671771
SA252,2007-10-03,189,2007-01-03,2007-08-06,0,149,149,0.01851382892173921,0.21701409009330752,-0.01851382892173921,0.30651168434337805,-0.1368608537738792,-0.01851382892173921,-0.07545063635522622,-0.01851382892173921,0.1901074197472522,0.3608104581779007,2.1721729254961755,1.2836912393764892,2.6555823521922446,-1.7392358131449253,-0.03439928941643982,-1.407536640174043,,2.0268401018010125,0,0,1,0,0,0,0,0,0,0.032280842309107494
SA252,2007-11-01,210,2007-01-03,2007-09-05,0,170,170,0.0209842924290382,0.2688913308911094,-0.0170508050023372,0.16324136462119948,-0.25101703645651113,-0.0170508050023372,-0.0170508050023372,-0.0170508050023372,0.22766275559279328,1.1230692182929887,2.577000797641236,1.7498218161391634,1.9573821564367404,-2.472171175625453,0.4298843906328191,-0.9551936206916679,,2.3352023881663473,0,0,1,0,0,1,0,0,0,0.09804702801461802
SA252,2007-12-03,231,2007-01-03,2007-10-04,0,191,191,0.05779741521530455,0.25765759410280253,-0.014454981986604271,0.16852953291794093,-0.2629761271620527,-0.014454981986604271,-0.04419258763685176,-0.014454981986604271,0.16548179700523466,1.3998442562492752,2.7824829829714015,0.755899972712248,2.1658923758889546,-2.8192767545871598,0.571334830687591,-1.305725650006385,,2.144808047208845,0,0,1,0,0,1,0,0,0,0.0
SA252,2008-01-03,252,2007-01-03,2007-11-02,0,212,212,0.09964565133960761,0.2645443550566949,-0.015025254294349253,0.2081528061076931,-0.26154203586551417,-0.015025254294349253,-0.09448913655767298,-0.015025254294349253,0.026550252189769547,1.6631877862931257,2.76066474399828,-0.061717086475642675,2.385352966611526,-2.7406829245071465,0.4602929083495428,-1.6288688011969872,,1.1767041786424517,0,0,0,0,0,1,0,0,0,0.0
SA252,2008-02-04,273,2007-01-03,2007-12-04,0,233,233,0.11690374412332924,0.2835661472284317,-0.014774304241748129,0.18206303005086547,-0.24395153292627944,-0.014774304241748129,-0.06147124119919541,-0.014774304241748129,0.06772139174665441,1.7912639553813394,2.919319804090345,-0.42958203908084397,2.2322951190920066,-2.6511879607632514,0.3683564144550431,-1.4160686025775384,,1.458372798059027,0,0,0,0,0,1,0,0,0,0.0
SA252,2008-03-05,294,2007-01-05,2008-01-04,0,252,252,0.0708673528325502,0.3166941725452297,-0.018599951381052356,0.16049129326941206,-0.25933780818433366,-0.018599951381052356,-0.11820956764426507,-0.018599951381052356,0.018599951381052356,1.3810082692191459,2.702661292264688,-0.5857659326159058,1.862858670872137,-2.394292935886485,0.050162399623063285,-1.6355369711594212,,0.8486252415526913,0,0,0,0,0,1,0,0,0,0.0
SA252,2008-04-04,315,2007-02-06,2008-02-05,0,252,252,0.06687999810922038,0.35257943254885793,-0.022473396329503386,0.16402205678201395,-0.20760275371881765,-0.022473396329503386,-0.11902217352307672,-0.022473396329503386,0.022473396329503386,1.297596309559225,2.568874714704278,-0.7028358036071913,1.7298498828442923,-1.9237711589070046,-0.15558608771436627,-1.5296136452985647,,0.855289470456063,0,0,0,0,0,0,0,0,0,0.0
SA252,2008-05-05,336,2007-03-08,2008-03-06,0,252,252,0.10914301694583615,0.4390983843327235,-0.035615501323936205,0.11388209447436042,-0.20768022123510702,-0.023645195422009192,-0.023645195422009192,-0.023645195422009192,0.023645195422009192,1.4615864449326763,2.857030049851084,-1.1506246858538751,1.481628899409974,-1.878318903813314,-0.17053336368019306,-0.6685485918724089,,0.8241181553349569,0,0,0,0,0,0,0,0,0,0.0
SA252,2008-06-04,357,2007-04-09,2008-04-07,0,252,252,0.17856019002826146,0.3611284131161906,-0.051920009812440666,0.09793398783662832,-0.2255615317477644,-0.021223966864678707,-0.021223966864678707,-0.021223966864678707,0.021223966864678707,1.8413139313999987,2.701512329993253,-1.244629150353824,1.4614311191731635,-2.062768016864688,0.2466347822257467,-0.08851393620987247,,0.7364964538361192,0,0,0,0,0,1,0,0,0,0.0
SA252,2008-07-03,378,2007-05-08,2008-05-06,0,252,252,0.25156618938132314,0.29639163828418685,-0.11113737721573837,0.09746163456903935,-0.17690646450215305,-0.015587248947168246,-0.015587248947168246,-0.015587248947168246,0.01977494920605467,2.6139229586567003,2.9015006386873208,-1.713001874753074,1.625265143960797,-2.1349434727177554,0.643041677099217,0.3836323475537175,,1.1268661921874752,0,0,0,0,0,1,1,0,0,0.0
SA252,2008-08-04,399,2007-06-07,2008-06-05,0,252,252,0.24091730246227064,0.25524068869513455,-0.2102052975391156,0.05973348098664486,-0.126426859218728,-0.013124460486779625,-0.013124460486779625,-0.013124460486779625,0.06810298963776759,2.835635854936274,2.944770902790561,-2.6016300079600003,1.4551309445962741,-1.96329185756686,0.5710468180198508,0.35103351706719577,,1.5189012508846995,0,0,0,0,0,1,1,0,0,0.0
SA252,2008-09-03,420,2007-07-09,2008-07-07,0,252,252,0.20384676870153018,0.21031317313805337,-0.23342725907807796,0.07796210147493268,-0.1469349928903556,-0.015960990486171972,-0.015960990486171972,-0.015960990486171972,0.07963273325853462,2.2771561318712377,2.31766993608737,-2.462486048596489,1.4884540313615013,-1.9205881866645733,0.06973043765649292,-0.2710164519036856,,1.4989209994675805,0,0,0,0,0,1,0,0,0,0.0
SA252,2008-10-02,441,2007-08-07,2008-08-05,0,252,252,0.050411974856345076,0.14400387551739205,-0.3162731990589572,0.2857430538805284,-0.09238824804193752,-0.027794912161209898,-0.027794912161209898,-0.027794912161209898,0.027794912161209898,1.1813712328499428,1.5180943716683566,-2.137881628207995,2.0280408595041597,-1.332392660592297,-0.7712326935554137,-0.6030159487626179,,0.9596649764230195,0,0,0,0,0,0,0,0,0,0.0
SA252,2008-10-31,462,2007-09-06,2008-09-04,0,252,252,0.01729905226270029,0.16259648858624368,-0.3675167802330865,0.19046553111835232,-0.01729905226270029,-0.16620574821988857,-0.01729905226270029,-0.01729905226270029,0.04401924279162801,0.8977614239076903,1.9399155868025757,-3.124490837139763,2.101017143748554,-0.5357272700772108,-1.960779502228897,-1.0503571753497856,,1.2544604301042608,0,0,0,0,0,0,0,0,0,0.0
SA252,2008-12-02,483,2007-10-05,2008-10-03,0,252,252,0.015406125226773596,0.14674946773489764,-0.2729770726337989,0.16090709149852397,-0.015406125226773596,-0.2564285445185441,-0.041553544641560206,-0.015406125226773596,0.07516590329235447,0.929610311267555,1.9525397565889475,-2.771873645161631,2.0444358275037966,-0.14597430854434115,-2.6644583939439146,-1.2697209326154653,,1.4878962242999758,0,0,0,0,0,0,0,0,0,0.0
SA252,2009-01-02,504,2007-11-05,2008-11-03,0,252,252,0.013977088975417187,0.11753498794275571,-0.2272802157062936,0.1494543184293439,-0.013977088975417187,-0.26198580471711225,-0.029771681715379715,-0.013977088975417187,0.17204172456286335,0.8511265220616112,1.8409117817699772,-2.6260912133136776,2.069280725709074,-0.19417864118975586,-2.8743946266485905,-1.213003449915372,,2.2308838046709814,0,0,0,0,0,0,0,0,0,0.0
SA252,2009-02-03,525,2007-12-05,2008-12-03,0,252,252,0.014083649775590368,0.025056854890360344,-0.16751809618448268,0.2290638386770511,-0.014083649775590368,-0.2804706811208012,-0.09751196543929905,-0.014083649775590368,0.1581276143612346,0.36722423248103575,1.1779144986535282,-2.1894508799474925,2.626452250140884,-0.33688959993508233,-2.99146304821432,-1.6923770967970657,,2.1227744006763056,0,0,0,0,0,0,0,0,0,0.0
SA252,2009-03-05,546,2008-01-07,2009-01-05,0,252,252,0.009165868772483005,0.01819905449702211,-0.13131730277022363,0.23547870870198426,-0.009165868772483005,-0.1607696871691163,-0.08223485541564358,-0.009165868772483005,0.34450278512856103,0.5879611613010814,1.1985524225663995,-2.4326770983723147,3.5690822610172916,-0.732511006801763,-2.754003806510578,-1.897185607353687,,4.758539355950612,0,0,0,0,0,0,0,0,0,0.0
SA252,2009-04-03,567,2008-02-06,2009-02-04,0,252,252,0.008957981117372556,0.031984252832089215,-0.15537317860541142,0.23988949396203993,-0.008957981117372556,-0.14709664371580386,-0.08054599641612575,-0.008957981117372556,0.3182364911164123,0.6624424497480151,1.3570475580715495,-2.734466467049035,3.67794150064475,-1.032357141270028,-2.642073607752239,-1.899153451662449,,4.5525470186495935,0,0,0,0,0,0,0,0,0,0.0
SA252,2009-05-05,588,2008-03-07,2009-03-06,0,252,252,0.009560121810962266,0.009560121810962266,-0.027708871411218406,0.2862881451631984,-0.009560121810962266,-0.18760437864883417,-0.09593744695755474,-0.009560121810962266,0.3642206705753452,-0.16965205987449017,0.4609866365110734,-1.2898380581243807,3.9946077134176425,-1.0742166215681437,-2.9623638940846404,-2.003516993345697,,4.809791107030726,1,0,0,0,0,0,0,0,0,0.0
SA252,2009-06-04,609,2008-04-08,2009-04-06,0,252,252,0.009915657228965523,0.009915657228965523,-0.009915657228965523,0.24829734245651663,-0.011159460246999618,-0.24085718084524618,-0.13514376904514777,-0.009915657228965523,0.32487961849022773,-0.8164980380445621,-0.19415360486620728,-0.3671944503173655,3.504093644253785,-1.1125438283041966,-3.429059166563932,-2.362933045430081,,4.276430507714532,1,1,0,0,0,0,0,0,0,0.0
SA252,2009-07-06,630,2008-05-07,2009-05-06,0,252,252,0.009036872820543128,0.009036872820543128,-0.009036872820543128,0.21575333600250662,-0.009036872820543128,-0.21469302211177502,-0.24427960306194005,-0.009036872820543128,0.28008967472106255,-1.2515089845034302,-0.5538301481836637,-0.13400323148665527,3.3874778398125067,-1.003583113758431,-3.375744645025022,-3.703143088465624,,4.099409278886242,1,1,0,0,0,0,0,0,0,0.013384685567836053
SA252,2009-08-04,651,2008-06-06,2009-06-05,0,252,252,0.009234742970504866,0.009234742970504866,-0.009234742970504866,0.21977485281737538,-0.009234742970504866,-0.21709561623785953,-0.24904282849527082,-0.009234742970504866,0.26791298759697,-1.4988787683524536,-0.7314176843372867,-0.07689126795358213,3.3798697323717746,-0.9314733768966389,-3.350857159005378,-3.696803032750305,,3.9011417908724226,1,1,0,0,0,0,0,0,0,0.03519870394137202
SA252,2009-09-02,672,2008-07-08,2009-07-07,0,252,252,0.01321327278765971,0.01321327278765971,-0.01321327278765971,0.1925114844981543,-0.040417608494333644,-0.16943760274466957,-0.32839037858743564,-0.01321327278765971,0.21638983452476795,-1.6232988844524756,-0.8644946453448761,0.27094097532090894,2.4569553477920083,-1.3058864305903146,-2.2823288027695354,-3.4853068869820785,,2.63767022752199,1,1,1,0,0,0,0,0,0,0.06381855066709333
SA252,2009-10-02,693,2008-08-06,2009-08-05,0,252,252,0.014960830088156265,0.014960830088156265,-0.014960830088156265,0.1697885657358498,-0.2034443219366118,-0.05081942169658813,-0.3532931067670786,-0.014960830088156265,0.1628112635112467,-1.6518744586277976,-1.0249855918316502,0.5543297156570864,2.134887334027427,-2.3598464840374627,-1.3396831686285864,-3.361453907873487,,2.088250201037549,1,1,1,0,0,0,0,0,0,0.07512690611097922
SA252,2009-11-02,714,2008-09-05,2009-09-03,0,252,252,0.013209756428947962,0.013209756428947962,-0.013209756428947962,0.21828987610985456,-0.4705147266887784,-0.013209756428947962,-0.23193685862767935,-0.013209756428947962,0.013209756428947962,-1.985674901028976,-1.593554778638948,0.9359372388512568,2.652489788770764,-4.561872841634603,-0.9631540046492371,-2.755799661221695,,0.7239821238375151,1,1,1,0,0,0,0,0,0,0.09692899983410438
SA252,2009-12-02,735,2008-10-06,2009-10-05,0,252,252,0.012018977351531734,0.012018977351531734,-0.012018977351531734,0.21851415422602463,-0.4696858904460949,-0.01887263603004048,-0.2328324325401815,-0.012018977351531734,0.012018977351531734,-2.5670430732943545,-2.315559441943056,1.2410459346147826,2.818076096117916,-4.907869003399334,-1.1570236425117757,-2.9372066834830055,,0.6739587617964604,1,1,1,0,0,0,0,0,0,0.12860089342358294
SA252,2010-01-04,756,2008-11-04,2009-11-03,0,252,252,0.015298359460693666,0.015298359460693666,-0.015298359460693666,0.25316346722717165,-0.38072629592794394,-0.015298359460693666,-0.27432008008072245,-0.015298359460693666,0.015298359460693666,-2.719596646979158,-2.59573860398472,1.3332329641943927,2.654840624431847,-3.488674010479035,-0.8437628181176985,-2.7931339682894607,,0.8548081247587234,1,1,1,0,0,0,0,0,0,0.15865803204561704
SA252,2010-02-03,777,2008-12-04,2009-12-03,0,252,252,0.01963556840575045,0.01963556840575045,-0.01963556840575045,0.21416362090676966,-0.484385175383442,-0.01963556840575045,-0.1836377932752858,-0.01963556840575045,0.01963556840575045,-2.286170995854139,-2.569447383239401,1.5363906192874566,2.090692240129142,-3.4668762593171762,0.08804380560681167,-1.9352303405767761,,0.7602606007058569,1,1,1,0,0,1,0,0,0,0.1829882082191917
SA252,2010-03-05,798,2009-01-06,2010-01-05,0,252,252,0.025677754396235902,0.025677754396235902,-0.025677754396235902,0.2114829064509525,-0.5766714296345944,-0.025677754396235902,-0.05777913753703772,-0.025677754396235902,0.025677754396235902,-2.324439100000069,-2.861917216189649,2.0377709843384046,1.8236035877107453,-3.2458016411245394,0.22824397439558472,-1.2250163181929474,,0.47809651783309226,1,1,1,0,0,1,0,0,0,0.2894312160204718
SA252,2010-04-06,819,2009-02-05,2010-02-04,0,252,252,0.030478986087625892,0.030478986087625892,-0.030478986087625892,0.18383817224845628,-0.6028089251381624,-0.030478986087625892,-0.030478986087625892,-0.030478986087625892,0.030478986087625892,-2.0876886206496605,-3.113647592034279,2.4275047901796407,1.6031636738831427,-2.9777853613801666,0.7347095237679392,-0.5458540926667289,,0.26687789771411596,1,1,1,0,0,1,0,0,0,0.34290880286527664
SA252,2010-05-05,840,2009-03-09,2010-03-08,0,252,252,0.03227350862958374,0.03227350862958374,-0.03227350862958374,0.08481140152525427,-0.6892740380676594,-0.03227350862958374,-0.03227350862958374,-0.03227350862958374,0.03227350862958374,-1.3512203313749196,-3.2600858635555365,2.5814617049443176,1.2627895296376648,-3.135727001296139,1.40371753902979,-0.4079057100113389,,0.3223245985138418,1,1,1,0,0,1,0,0,0,0.396508249912093
SA252,2010-06-04,861,2009-04-07,2010-04-07,0,252,252,0.0313552661301466,0.0313552661301466,-0.0313552661301466,0.1286181646446209,-0.6518949724443528,-0.0313552661301466,-0.0313552661301466,-0.0313552661301466,0.0313552661301466,-0.8845511904450968,-3.3256760392802827,2.164218298559568,1.410196373747122,-3.0790605627090715,1.2038176990991005,-0.06469756635691336,,-0.020302792828279875,1,1,1,0,0,1,0,0,1,0.33607082514675385
SA252,2010-07-06,882,2009-05-07,2010-05-06,0,252,252,0.04103154743269032,0.04103154743269032,-0.04103154743269032,0.22082965457114404,-0.4919495134000236,-0.04103154743269032,-0.04103154743269032,-0.04103154743269032,0.04103154743269032,-0.6210718124056105,-2.312980627009457,1.2935243630271214,1.5381947998266485,-2.198954327050511,0.6190345442540698,0.01948093980310629,,-0.36906027497008287,1,1,1,0,0,1,1,0,1,0.3005654295772271
SA252,2010-08-04,903,2009-06-08,2010-06-07,0,252,252,0.08656648490810608,0.08656648490810608,-0.08656648490810608,0.08656648490810608,-0.30746812073515134,-0.08656648490810608,-0.08656648490810608,-0.08656648490810608,0.08656648490810608,-0.7935480735175986,-1.9591834417204392,0.9845319906023701,1.082082219318554,-1.3551814782147404,0.48829942489633327,0.36265259185830645,,-0.25463031145917137,1,1,1,0,0,1,1,0,1,0.3896051522306625
SA252,2010-09-02,924,2009-07-08,2010-07-07,0,252,252,0.059735820966571464,0.059735820966571464,-0.059735820966571464,0.522113432267428,-0.059735820966571464,-0.059735820966571464,-0.059735820966571464,-0.059735820966571464,0.059735820966571464,-0.531622605812579,-1.4900880127991527,0.5266365216898895,1.8740374264875441,-0.9650462623248517,0.07009964024656748,0.35550069252099403,,-0.022187953364741025,1,1,1,0,0,1,1,0,1,0.1776954918166832
SA252,2010-10-04,945,2009-08-06,2010-08-05,0,252,252,0.043678040883106534,0.043678040883106534,-0.043678040883106534,0.6505756729351476,-0.043678040883106534,-0.043678040883106534,-0.043678040883106534,-0.043678040883106534,0.043678040883106534,0.4949397182752932,-0.979023469809395,0.08016090570101886,2.48947997616526,-0.807843461705469,-0.3323209869654309,0.6688524972022974,,0.26896753786281363,0,1,1,0,0,0,1,0,0,0.0
SA252,2010-11-02,966,2009-09-04,2010-09-03,0,252,252,0.16880289777377047,0.04036175363621689,-0.04036175363621689,0.5486648267727112,-0.04036175363621689,-0.04036175363621689,-0.04036175363621689,-0.04036175363621689,0.04036175363621689,1.4182248851107957,-0.8941735616226273,0.23359032115003495,2.3593681575827032,-0.9191216705237134,-0.2945205579046279,0.34448631372257,,0.5992189573639563,0,1,1,0,0,0,1,0,0,0.0
SA252,2010-12-02,987,2009-10-06,2010-10-05,0,252,252,0.1614354774870164,0.03639997734937338,-0.03639997734937338,0.42759832335776365,-0.19256633505897955,-0.03639997734937338,-0.03639997734937338,-0.03639997734937338,0.03639997734937338,1.4435043350096906,-1.2881212178208188,0.7674854773282299,2.1747213995591257,-1.5290287222178576,0.11765757542182842,1.2112666074764542,,0.8585249088789536,0,1,1,0,0,1,1,0,0,0.05817010707279244
SA252,2011-01-03,1008,2009-11-04,2010-11-03,0,252,252,0.12607743030649865,0.02977377316474265,-0.02977377316474265,0.4040747913919035,-0.29120513931314196,-0.02977377316474265,-0.02977377316474265,-0.02977377316474265,0.02977377316474265,1.4234513026242719,-1.5536067616373155,1.2144811895130496,2.357150097020282,-1.9780592392568495,0.40851890469885394,1.8708722492648255,,0.7485460333404745,0,1,1,0,0,1,1,0,0,0.15561203787732505
SA252,2011-02-02,1029,2009-12-04,2010-12-03,0,252,252,0.05544987315970249,0.03552721169775008,-0.03552721169775008,0.3721422178437074,-0.3592446388100896,-0.03552721169775008,-0.03552721169775008,-0.03552721169775008,0.03552721169775008,1.1560771884701948,-1.5745190392431574,1.211192012427725,2.0474850123610318,-2.011181631326391,0.3591587915849939,1.86364816803159,,0.9478424541092126,0,1,1,0,0,1,1,0,0,0.1718759570700837
SA252,2011-03-04,1050,2010-01-06,2011-01-04,0,252,252,0.08984592749505393,0.033849832272923965,-0.033849832272923965,0.21609671672227443,-0.3755538224713222,-0.033849832272923965,-0.033849832272923965,-0.033849832272923965,0.14925437194672958,1.265425030087728,-1.3573492252888673,1.1775489207181327,1.638398190513716,-2.109470261014329,0.34358155228328036,1.4764792330918244,,1.4409309054866903,0,1,1,0,0,1,1,0,0,0.0961368011593286
SA252,2011-04-04,1071,2010-02-05,2011-02-03,0,252,252,0.11072113898687398,0.02408664472649705,-0.02408664472649705,0.19681270031883782,-0.3092168941641165,-0.02408664472649705,-0.02408664472649705,-0.02408664472649705,0.26281604289768656,1.4596785490221174,-0.944397858184236,0.9881225262481346,1.8171030151921892,-2.2837690665315273,-0.1530262006504743,1.0945939398231315,,2.091127659671793,0,1,1,0,0,0,1,0,0,0.0
SA252,2011-05-04,1092,2010-03-09,2011-03-07,0,252,252,0.029832183648164975,0.02464596915327778,-0.02464596915327778,0.32507430246670027,-0.3172888521060901,-0.02464596915327778,-0.02464596915327778,-0.02464596915327778,0.20457481601265579,1.1210428507097172,-0.43182707327200276,0.5797924057677463,2.3189755308261724,-2.2873863881465275,-1.0106554028036914,0.5777711752383612,,1.8300538507549355,0,1,1,0,0,0,1,0,0,0.0
SA252,2011-06-03,1113,2010-04-08,2011-04-05,0,252,252,0.07157095655696867,0.023763260534136667,-0.023763260534136667,0.35878783262739183,-0.3031944673267408,-0.041809605524966785,-0.023763260534136667,-0.023763260534136667,0.12958409582738523,1.3011832339007299,-0.3328174349972565,0.4429733947105404,2.5098426081386513,-2.2758959019583718,-1.1759422090453706,-0.7988142524437097,,1.5453127765915524,0,1,1,0,0,0,0,0,0,0.0
SA252,2011-07-05,1134,2010-05-07,2011-05-05,0,252,252,0.2178190315779336,0.018781680298755467,-0.018781680298755467,0.2856379528342199,-0.3685356930856085,-0.018781680298755467,-0.018781680298755467,-0.018781680298755467,0.03409892100846092,2.159741983215245,-0.2093923268158478,0.6016886198292836,2.520832791798438,-2.9622083180173657,-1.0747403170168777,-0.7094794824563918,,1.181554155251596,0,1,1,0,0,0,0,0,0,0.0
SA252,2011-08-03,1155,2010-06-08,2011-06-06,0,252,252,0.2424477401519718,0.012600396226592203,-0.012600396226592203,0.22212184894293974,-0.41491297241283426,-0.012600396226592203,-0.012600396226592203,-0.012600396226592203,0.05751545735929323,2.9241279067106145,-0.2614631126838848,0.994107390585406,2.7628163825052425,-4.292856549520175,-0.8278965576792978,-0.9001510373789401,,1.4564575297871278,0,1,1,0,0,0,0,0,0,0.0
SA252,2011-09-01,1176,2010-07-08,2011-07-06,0,252,252,0.24261369154892287,0.011169671547290084,-0.011169671547290084,0.19039847391199916,-0.42580208290770116,-0.011169671547290084,-0.011169671547290084,-0.011169671547290084,0.08533739389492649,3.1720754323146085,0.15540730033917344,0.6985427075586502,2.704602262527518,-4.81212716152792,-0.9637246450833759,-0.6064762527903893,,1.7640098774044124,0,0,1,0,0,0,0,0,0,0.0
SA252,2011-10-03,1197,2010-08-06,2011-08-04,0,252,252,0.19856248791358472,0.012780733852202623,-0.012780733852202623,0.20289024861708196,-0.37234221447148624,-0.026736807208524317,-0.012780733852202623,-0.012780733852202623,0.14834530638051235,2.5536078773705517,0.5646957840619485,0.15122630519079347,2.5874694752533007,-3.913308568798004,-1.209196181672436,-0.9595056913708951,,2.160694746451876,0,0,1,0,0,0,0,0,0,0.0
SA252,2011-11-01,1218,2010-09-07,2011-09-02,0,252,252,0.13613571149804837,0.010733972076258822,-0.010733972076258822,0.17457508430294763,-0.28810722415538176,-0.05888749064094962,-0.03554865516042524,-0.010733972076258822,0.2745439180134709,2.2682696631860124,0.9038678390303887,-0.26166820023095244,2.626379154544935,-3.684069066963677,-1.548608569340289,-1.3311789420344313,,3.5577103803046173,0,0,0,0,0,0,0,0,0,0.0
SA252,2011-12-01,1239,2010-10-06,2011-10-04,0,252,252,0.13046036572578681,0.010688113593355449,-0.010688113593355449,0.15592309964181203,-0.29863369538968626,-0.07680546607637907,-0.03212707630252819,-0.010688113593355449,0.2739859560837413,2.220611706511905,0.8279536649843666,-0.455083594267964,2.458845831679276,-3.794072993155124,-1.718606378997761,-1.3005869653415814,,3.5634641107676104,0,0,0,0,0,0,0,0,0,0.0
SA252,2012-01-03,1260,2010-11-04,2011-11-02,0,252,252,0.1729369929485053,0.026745435642297002,-0.013952947663794816,0.11664435172476917,-0.2830703276819228,-0.14076162648587678,-0.016354571559182126,-0.010942755295704034,0.21859099099794793,2.580378874198145,1.2444122610764847,-1.1275085413750643,2.0659504720037196,-3.5868286371445417,-2.2863453735563084,-1.1494557002988333,,2.997586394751636,0,0,0,0,0,0,0,0,0,0.0
SA252,2012-02-02,1281,2010-12-06,2011-12-02,0,252,252,0.1454480794666079,0.0547417384482993,-0.05661703408917801,0.12507177955662127,-0.12082462249779918,-0.23920346965591716,-0.011455184408617319,-0.011455184408617319,0.23518290746834256,2.269713993929182,1.4778774090019806,-1.4942481244264132,2.091835583742627,-2.0547592966456936,-3.0881677773425724,-0.8706159288762179,,3.0530695890973436,0,0,0,0,0,0,0,0,0,0.0
SA252,2012-03-05,1302,2011-01-05,2012-01-04,0,252,252,0.018868257070048147,0.018868257070048147,-0.018868257070048147,0.2385487222091197,-0.1367510206204278,-0.2070126647159647,-0.018868257070048147,-0.018868257070048147,0.3233463071042471,0.8545494316587234,0.48833073444929914,-0.6909737722778311,2.26428594503197,-1.7247676354670254,-2.0971477860802565,-0.8793584628656081,,2.713705224090537,0,0,0,0,0,0,0,0,0,0.0
SA252,2012-04-03,1323,2011-02-04,2012-02-03,0,252,252,0.02161447865534925,0.02161447865534925,-0.02161447865534925,0.27713070933939615,-0.1386881885683206,-0.1628447179722931,-0.02161447865534925,-0.02161447865534925,0.3132639908432438,0.529113545174391,0.25425382217698744,-0.5138713113233524,2.2821531056027142,-1.6416448473255099,-1.7534057173846826,-0.9245284673090988,,2.4493247597517964,0,0,0,0,0,0,0,0,0,0.0
SA252,2012-05-03,1344,2011-03-08,2012-03-06,0,252,252,0.02670018559100391,0.02670018559100391,-0.02670018559100391,0.30759652569321805,-0.02670018559100391,-0.19826655891450246,-0.02670018559100391,-0.02670018559100391,0.333935801846256,0.83003002956093,0.49132023906537886,-0.7465287251852961,2.1520389049162882,-0.9975548544250363,-1.7425662201438195,-0.9845002349574589,,2.250687193570553,0,0,0,0,0,0,0,0,0,0.0
SA252,2012-06-04,1365,2011-04-06,2012-04-04,0,252,252,0.05761381801423624,0.05189747115392654,-0.05189747115392654,0.3347715220721929,-0.05189747115392654,-0.26806739919086797,-0.05189747115392654,-0.05189747115392654,0.08005990495307012,1.111014692495045,0.7593158409777284,-0.947769062666146,1.6450632653742787,-0.3419535196569744,-1.5165326811315856,-1.0620712923257067,,1.1542655223327059,0,0,0,0,0,0,0,0,0,0.0
SA252,2012-07-03,1386,2011-05-06,2012-05-04,0,252,252,0.19128562042519442,0.08313300758634634,-0.08313300758634634,0.08313300758634634,-0.08313300758634634,-0.21376845408725428,-0.09614787996947316,-0.08313300758634634,0.08313300758634634,1.2300958740443921,0.8279547869939811,-0.9691672501335384,1.0716663712251615,-0.18503181674780023,-1.2571402867449768,-1.1156554812113695,,0.6509835976397785,0,0,0,0,0,0,0,0,0,0.0
SA252,2012-08-02,1407,2011-06-07,2012-06-05,0,252,252,0.09775672204573291,0.09775672204573291,-0.09775672204573291,0.09775672204573291,-0.09775672204573291,-0.09775672204573291,-0.2179462236341367,-0.09775672204573291,0.09775672204573291,1.0497064905330011,0.8591887438831004,-1.0694246065291568,0.41820707811765373,0.2477236185939074,-1.0613127879827862,-1.2229475570305808,,0.40583608919621933,0,0,0,0,1,0,0,0,0,0.0
SA252,2012-08-31,1428,2011-07-07,2012-07-05,0,252,252,0.07475404986665447,0.07475404986665447,-0.07475404986665447,0.07475404986665447,-0.07475404986665447,-0.07475404986665447,-0.40196760106676405,-0.07475404986665447,0.07475404986665447,1.0775956569193226,0.49148548100087286,-0.7105520858004442,0.26084709787551236,0.5555235046156454,-0.8634453103716121,-1.5377201660428965,,0.28681881613433463,0,0,0,0,1,0,0,0,0,0.0
SA252,2012-10-02,1449,2011-08-05,2012-08-03,0,252,252,0.09332836824979744,0.09332836824979744,-0.09332836824979744,0.09332836824979744,-0.09332836824979744,-0.09332836824979744,-0.2533730540016204,-0.09332836824979744,0.09332836824979744,0.881266932725005,-0.13811162911554062,0.014455357750059182,0.22095460276191944,0.6733143280309081,-0.5326217519692189,-1.271485571593255,,-0.4764530752045769,0,1,1,0,1,0,0,0,1,0.0
SA252,2012-11-02,1470,2011-09-06,2012-09-04,0,252,252,0.11111111111111113,0.11111111111111113,-0.11111111111111113,0.11111111111111113,-0.11111111111111113,-0.11111111111111113,-0.11111111111111113,-0.11111111111111113,0.11111111111111113,0.9139788055768131,-0.18130286776726734,0.14753527874355027,-0.8396490276462071,1.5242019252705588,0.024944503400475396,-0.3035155898748647,,-0.42702904939862624,0,1,1,1,1,1,0,0,1,0.2847514195701175
SA252,2012-12-04,1491,2011-10-05,2012-10-03,0,252,252,0.11111111111111113,0.11111111111111113,-0.11111111111111113,0.11111111111111113,-0.11111111111111113,-0.11111111111111113,-0.11111111111111113,-0.11111111111111113,0.11111111111111113,1.036560138640537,0.08432989449633276,-0.09823492982774584,-1.1461042914418154,2.315469287239075,-0.39497378204550915,-0.6657664867494775,,-0.8006851224630586,0,0,0,1,1,0,0,0,1,0.49745909913444786
SA252,2013-01-04,1512,2011-11-03,2012-11-05,0,252,252,0.11111111111111113,0.11111111111111113,-0.11111111111111113,0.11111111111111113,-0.11111111111111113,-0.11111111111111113,-0.11111111111111113,-0.11111111111111113,0.11111111111111113,0.8982348628920931,-0.1419126353433012,0.10365385166204547,-0.6915850202961701,2.423200911454404,-0.6494714593922427,-0.7432393791542771,,-0.1577575074771994,0,1,1,1,1,0,0,0,1,0.5290473667492432
SA252,2013-02-05,1533,2011-12-05,2012-12-05,0,252,252,0.11111111111111113,0.11111111111111113,-0.11111111111111113,0.11111111111111113,-0.11111111111111113,-0.11111111111111113,-0.11111111111111113,-0.11111111111111113,0.11111111111111113,1.055539118120297,-0.21561241816821705,0.23095855041117405,-0.42010173491107683,2.171545551425703,-0.675566313079954,-0.7807086325938443,,-0.011958605248271562,0,1,1,1,1,0,0,0,1,0.48311586506933346
SA252,2013-03-07,1554,2012-01-05,2013-01-07,0,252,252,0.4637634557997636,0.05865875282617612,-0.05865875282617612,0.05865875282617612,-0.05865875282617612,-0.12562527441700333,-0.05865875282617612,-0.05865875282617612,0.05865875282617612,1.790612540253007,0.36407342026985406,-0.16866570652345378,-0.7344191752957776,2.380908824775083,-1.214162879987015,-0.41340256393356895,,0.14658582943968393,0,0,0,1,1,0,0,0,0,0.4038512487189125
SA252,2013-04-08,1575,2012-02-06,2013-02-06,0,252,252,0.4822693929366138,0.048574552096946826,-0.048574552096946826,0.048574552096946826,-0.048574552096946826,-0.17770874238475812,-0.048574552096946826,-0.048574552096946826,0.048574552096946826,1.9928437260195078,0.669987748042119,-0.3672617632780494,-1.7883778133879646,2.08939124493992,-1.3658474133329745,-0.18547515188295674,,-0.0864649754615082,0,0,0,1,1,0,0,0,1,0.2429824797740805
SA252,2013-05-07,1596,2012-03-07,2013-03-08,0,252,252,0.5669673575057027,0.054009194507226944,-0.054009194507226944,0.054009194507226944,-0.054009194507226944,-0.054968280943708384,-0.054009194507226944,-0.054009194507226944,0.054009194507226944,2.049760809578149,0.5198024694827045,-0.2618339189285472,-2.496942818490043,1.1887392499922331,-1.101775783633198,-0.4779840085489544,,-0.1361239561658423,0,0,0,1,1,0,0,0,1,0.39455081016754945
SA252,2013-06-06,1617,2012-04-05,2013-04-09,0,252,252,0.4806296328050515,0.056773284240251326,-0.056773284240251326,0.056773284240251326,-0.056773284240251326,-0.12195737751318901,-0.056773284240251326,-0.056773284240251326,0.056773284240251326,1.846577116749383,-0.11236963877092926,0.4222004063570204,-1.374319088981853,0.8415342293564001,-1.214814730458597,-0.2580644291013824,,0.9166547893877426,0,1,1,1,1,0,0,0,0,0.12710306201667484
SA252,2013-07-08,1638,2012-05-07,2013-05-08,0,252,252,0.12154551762114893,0.0476422631272591,-0.0476422631272591,0.0476422631272591,-0.0476422631272591,-0.3252613894799757,-0.0476422631272591,-0.0476422631272591,0.26733951413532075,1.2551212088655066,-0.9697515093374524,1.4706349956602993,-0.1984017752524762,0.7171073554532376,-1.6827160762937674,0.4073349286974417,,1.5611394098160698,0,1,1,1,1,0,1,0,0,0.14292818057644902
SA252,2013-08-06,1659,2012-06-06,2013-06-07,0,252,252,0.04053913864137857,0.04053913864137857,-0.04053913864137857,0.04053913864137857,-0.04053913864137857,-0.5914497883652848,-0.04053913864137857,-0.04053913864137857,0.12477624114506518,0.8611480403956905,-1.2339384960213609,1.9149966025372633,0.5447474626375709,0.7466607691650144,-2.458959929063683,0.9986780424815376,,1.3077920383283754,0,1,1,0,1,0,1,0,0,0.22734154974439827
SA252,2013-09-05,1680,2012-07-06,2013-07-09,0,252,252,0.03794172123415286,0.03794172123415286,-0.03794172123415286,0.03794172123415286,-0.03794172123415286,-0.696466230126777,-0.03794172123415286,-0.03794172123415286,0.03794172123415286,0.8273336290548756,-0.8897107169772954,1.9494698028213084,1.0296751461349336,0.5065722168190575,-2.8356210721928448,1.6045306422420778,,1.0072936671412434,0,1,1,0,1,0,1,0,0,0.2363671795643943
SA252,2013-10-04,1701,2012-08-06,2013-08-07,0,252,252,0.21340292557427246,0.026533461938135793,-0.026533461938135793,0.07217192902341081,-0.026533461938135793,-0.5406559264111259,-0.026533461938135793,-0.026533461938135793,0.04110190930051191,1.8042784845484279,-0.31144963897711025,1.7361145962889302,1.2720034392484614,0.08985179467548743,-3.0376380876030975,1.6270032670609433,,1.1549059425277532,0,1,1,0,1,0,1,0,0,0.12750481133458502
SA252,2013-11-04,1722,2012-09-05,2013-09-06,0,252,252,0.22378254795015667,0.024875428838855886,-0.024875428838855886,0.2391152626898408,-0.024875428838855886,-0.3878496163268673,-0.024875428838855886,-0.024875428838855886,0.024875428838855886,1.8996128243650785,-0.35961706019925627,1.9868923181939036,1.9612508159712136,-0.32899896167724013,-2.5591675578313606,1.3444199950501348,,0.9721788408448758,0,1,1,0,0,0,1,0,0,0.16670416898987686
SA252,2013-12-04,1743,2012-10-04,2013-10-07,0,252,252,0.15642933790724528,0.020022616639938914,-0.020022616639938914,0.24913970221209855,-0.020022616639938914,-0.3985626127200276,-0.020022616639938914,-0.020022616639938914,0.09575526396093406,1.7812632120979495,-0.4175289204421229,2.192439763471937,2.244291426501879,-1.0297352897484124,-2.9905620723168553,1.4295069308872803,,1.478235515781349,0,1,1,0,0,0,1,0,0,0.16582280268093214
SA252,2014-01-06,1764,2012-11-06,2013-11-05,0,252,252,0.26243371101907126,0.018654897668956522,-0.018654897668956522,0.24474763051375628,-0.0493533980269498,-0.3027652308387545,-0.018654897668956522,-0.018654897668956522,0.06608043892564223,2.40678183111015,0.008573969470406364,2.031601353994514,2.3119751973822886,-1.2645600040416112,-2.6229798533957327,1.3000357699349576,,1.3542256843124163,0,0,1,0,0,0,1,0,0,0.14024466774386488
SA252,2014-02-05,1785,2012-12-06,2013-12-05,0,252,252,0.3378735083762549,0.01542703117347794,-0.01542703117347794,0.2572653499438629,-0.10138530041351572,-0.18340857714255548,-0.01542703117347794,-0.01542703117347794,0.05835913942989945,3.190139532207111,0.43700906268132206,2.00108482155164,2.66762708294874,-1.657192555543783,-2.1888779835868255,1.2296699188995475,,1.3782914468354102,0,0,1,0,0,0,1,0,0,0.1178220525720487
SA252,2014-03-07,1806,2013-01-08,2014-01-07,0,252,252,0.36022191494329403,0.018660316333534436,-0.018660316333534436,0.2539052749172585,-0.2059245581454299,-0.018660316333534436,-0.018660316333534436,-0.018660316333534436,0.08664667032634545,2.9304169795660946,0.008390450971601555,2.1860347478461843,2.3606697248800956,-2.103542697051513,-0.8839992952661943,0.6392580783262861,,1.4643365566672244,0,0,1,0,0,0,1,0,0,0.1653636740346894
SA252,2014-04-07,1827,2013-02-07,2014-02-06,0,252,252,0.3521162656728791,0.020323332462140575,-0.020323332462140575,0.20297113519544158,-0.1817021998899524,-0.020323332462140575,-0.020323332462140575,-0.020323332462140575,0.16159373693102405,2.732571497951041,-0.396666255066715,2.6630425094610075,1.9987099092806133,-1.8940571150348364,-0.7590974288630556,0.4593167678619875,,1.795114370303442,0,1,1,0,0,0,1,0,0,0.23618066828721812
SA252,2014-05-07,1848,2013-03-11,2014-03-10,0,252,252,0.051733293630739724,0.051733293630739724,-0.051733293630739724,0.20787778986765726,-0.10134147823699277,-0.06613972922820202,-0.051733293630739724,-0.051733293630739724,0.36597453451344925,1.0683733742340946,-0.9196888059895272,1.7024114830516286,1.4018259331243064,-1.1958921830114757,-1.1278475128614314,0.569837857809142,,1.7074255451927935,0,1,1,0,0,0,1,0,0,0.22530809900383678
SA252,2014-06-06,1869,2013-04-10,2014-04-08,0,252,252,0.05504035620017263,0.05504035620017263,-0.05504035620017263,0.05504035620017263,-0.05504035620017263,-0.1845207328056748,-0.05504035620017263,-0.05504035620017263,0.4301967737931168,0.3562363180091285,-0.610052018892562,0.6148428521566428,0.9963768266504683,-0.9379284800269938,-1.3352462548290995,0.07351381252065116,,1.7816024522598704,0,1,1,0,0,0,1,0,0,0.0
SA252,2014-07-08,1890,2013-05-09,2014-05-08,0,252,252,0.05541842491091461,0.05541842491091461,-0.05541842491091461,0.05541842491091461,-0.13332418356219045,-0.05541842491091461,-0.05541842491091461,-0.05541842491091461,0.47874684206140733,0.6037817823688086,-0.23768830499097005,0.4421034521083293,0.699896773335059,-1.2405773599240861,-0.938170210057596,-0.04476773325168938,,1.8638766670669462,0,1,1,0,0,0,0,0,0,0.0
SA252,2014-08-06,1911,2013-06-10,2014-06-09,0,252,252,0.0549542401024453,0.0549542401024453,-0.0549542401024453,0.0549542401024453,-0.26733080256926467,-0.0549542401024453,-0.0549542401024453,-0.0549542401024453,0.34798951671361816,0.7829354691706756,-0.35945523869518675,0.35143727092403476,0.5020470991723474,-1.4864607391002196,-0.601351648806182,-0.43813473082170684,,1.633235062599171,0,1,1,0,0,0,0,0,0,0.0
SA252,2014-09-05,1932,2013-07-10,2014-07-09,0,252,252,0.04626919969106478,0.04626919969106478,-0.04626919969106478,0.04626919969106478,-0.20767309345059132,-0.04626919969106478,-0.12072861545373537,-0.04626919969106478,0.3939830929492845,0.7430032698720512,-0.6357331131004669,0.010909870928213163,0.4321315972161715,-1.4488365799218608,-0.5617430064284,-1.2609265261984848,,1.8515018534573187,0,1,1,0,0,0,0,0,0,0.0
SA252,2014-10-06,1953,2013-08-08,2014-08-07,0,252,252,0.039068744392021695,0.039068744392021695,-0.039068744392021695,0.039068744392021695,-0.1118563498861387,-0.039068744392021695,-0.039068744392021695,-0.039068744392021695,0.6146624393697095,0.5490914155390548,-0.9138418939424644,-0.21848480609507456,0.24276246992023087,-1.286306487773846,-0.5301273408294039,-1.0150227619276777,,2.57328434515861,0,1,0,0,0,0,0,0,0,0.0
SA252,2014-11-04,1974,2013-09-09,2014-09-08,0,252,252,0.03660002177215551,0.03660002177215551,-0.03660002177215551,0.03660002177215551,-0.03660002177215551,-0.03660002177215551,-0.03660002177215551,-0.03660002177215551,0.707199825822756,0.18749511262705224,-0.27396755570355347,-0.7047624290947108,0.14587855932820182,-0.47173981865274767,-0.7423926826638215,-1.024578730967754,,2.932238811838025,0,1,0,0,0,0,0,0,0,0.0
SA252,2014-12-04,1995,2013-10-08,2014-10-07,0,252,252,0.04157492447191374,0.04157492447191374,-0.04157492447191374,0.04157492447191374,-0.04157492447191374,-0.04157492447191374,-0.04157492447191374,-0.04157492447191374,0.6674006042246902,-0.06902353510698327,-0.15880034180891792,-0.7600781875154314,0.33025249148006647,-0.2065352122257975,-0.5130049633912549,-0.8379987747173792,,2.6052960112424444,1,1,0,0,0,0,0,0,0,0.0
SA252,2015-01-06,2016,2013-11-06,2014-11-05,0,252,252,0.040799852913301085,0.040799852913301085,-0.040799852913301085,0.040799852913301085,-0.040799852913301085,-0.040799852913301085,-0.040799852913301085,-0.040799852913301085,0.6736011766935914,-0.2677337011381418,0.22051579986762457,-0.9290797213380477,0.5622462106723772,-0.5564350103045349,-0.3663665545408103,-0.569880076445066,,2.6509892281351632,1,0,0,0,0,0,0,0,0,0.0
SA252,2015-02-05,2037,2013-12-06,2014-12-05,0,252,252,0.029810108738390215,0.029810108738390215,-0.23910467104804511,0.029810108738390215,-0.029810108738390215,-0.029810108738390215,-0.029810108738390215,-0.029810108738390215,0.5522245677832233,0.058413466469049206,0.9739284361190413,-1.8020925825745817,0.7400311573563638,-0.7193660182518525,-0.7168152966377307,-0.9929443840094587,,2.8524741812566905,0,0,0,0,0,0,0,0,0,0.0
SA252,2015-03-09,2058,2014-01-08,2015-01-07,0,252,252,0.023441931336209823,0.08743752297897173,-0.2443157418497906,0.025637327514280793,-0.023441931336209823,-0.0708014314320439,-0.023441931336209823,-0.023441931336209823,0.47804025088007357,0.23530643737659845,1.372996242182104,-2.0422167796064046,1.1093652530014873,-0.7075750066627821,-1.3020290027156582,-0.6690479298880742,,3.03925284151679,0,0,0,0,0,0,0,0,0,0.0
SA252,2015-04-08,2079,2014-02-07,2015-02-06,0,252,252,0.025100178953252415,0.025100178953252415,-0.09542121837267808,0.1509280053975338,-0.025100178953252415,-0.05860828404197627,-0.025100178953252415,-0.025100178953252415,0.5695415974215498,0.09707996818048427,0.9729687597240395,-1.3801615062203119,1.6013025073591236,-0.5129072490740112,-1.2334974748631502,-0.05460803428876835,,3.269073851952558,0,0,0,0,0,0,0,0,0,0.0
SA252,2015-05-07,2100,2014-03-11,2015-03-10,0,252,252,0.020112865640675107,0.020112865640675107,-0.020112865640675107,0.3165671735245789,-0.020112865640675107,-0.020112865640675107,-0.020112865640675107,-0.020112865640675107,0.5426427669906954,0.5895993962958639,1.0048863764312674,-0.7153308078882925,2.5739536035301285,-0.5323506220295777,-0.8272884378046211,0.2137086426770305,,3.6979883259066066,0,0,0,0,0,0,1,0,0,0.0
SA252,2015-06-08,2121,2014-04-09,2015-04-09,0,252,252,0.02124789428587566,0.02124789428587566,-0.02124789428587566,0.4117810581133827,-0.02124789428587566,-0.02124789428587566,-0.02124789428587566,-0.02124789428587566,0.43948368188548753,0.9341140823777669,0.588274754755542,0.18421786834978704,2.9379852543181673,-0.4273675211655454,-0.37762805887602946,1.0805353168768397,,3.0683634621508364,0,0,1,0,0,0,1,0,0,0.0
SA252,2015-07-08,2142,2014-05-09,2015-05-08,0,252,252,0.049580860348864504,0.04795402402176928,-0.015977382244529315,0.3449320649302295,-0.015977382244529315,-0.015977382244529315,-0.015977382244529315,-0.015977382244529315,0.4776461394764901,1.310319047200871,1.3001369266119225,-0.08780330149727937,3.1588772156235723,0.46618328971983075,-0.7682661660843949,1.18849315806884,,3.9895143783020965,0,0,0,0,1,0,1,0,0,0.013719016012847366
SA252,2015-08-06,2163,2014-06-10,2015-06-09,0,252,252,0.050331558647174625,0.07749273132705436,-0.012371787894179438,0.2839613479549935,-0.012371787894179438,-0.012371787894179438,-0.012371787894179438,-0.012371787894179438,0.5263554225998801,1.4068252630717517,1.6263664717652686,-0.614240545393928,3.295232915273216,1.4298356863660457,-0.7342130931590802,1.066575295484577,,5.2544814630027314,0,0,0,0,1,0,1,0,0,0.038721624528470305
SA252,2015-09-04,2184,2014-07-10,2015-07-09,0,252,252,0.07666984772208985,0.10281449556756604,-0.011780635131667326,0.25759477394249103,-0.011780635131667326,-0.011780635131667326,-0.011780635131667326,-0.011780635131667326,0.5040177071095167,1.6508125144797579,1.8727415323405794,-0.8388900781355447,3.186594959129622,1.7867832235477776,-0.5146531624071504,0.9406401816173162,,5.278357673218104,0,0,0,0,1,0,1,0,0,0.07396959531226598
SA252,2015-10-06,2205,2014-08-08,2015-08-07,0,252,252,0.09167692680198032,0.13253950302886514,-0.012307621462758385,0.2236844688957242,-0.011297036847905567,-0.011297036847905567,-0.011297036847905567,-0.011297036847905567,0.49460333241904986,1.81151303688079,2.173223605563768,-1.108945572440442,2.9800277887665256,2.0567899074600837,-0.7113247497871072,0.39169634147637106,,5.378168709883846,0,0,0,0,1,0,1,0,0,0.09644336588096479
SA252,2015-11-04,2226,2014-09-09,2015-09-08,0,252,252,0.10479735401410771,0.1371786050731164,-0.012337006470926825,0.181749050843697,-0.012337006470926825,-0.012337006470926825,-0.012337006470926825,-0.012337006470926825,0.5145899577144447,1.8494552893448775,2.1119278035266427,-1.060547251170704,2.47320220080944,1.6252906836570795,-0.8295783017066627,0.3449605432643571,,5.171108760679655,0,0,0,0,1,0,1,0,0,0.060110194241038764
SA252,2015-12-04,2247,2014-10-08,2015-10-07,0,252,252,0.10872619073802137,0.12818053368182108,-0.0117190185066205,0.13201952475828774,-0.0117190185066205,-0.0117190185066205,-0.0117190185066205,-0.0117190185066205,0.5724786582887673,1.9277755699131116,2.0937821593967723,-1.039048004010805,2.1265407993314893,1.3855483231191432,-0.9745126247957087,-0.2516729674851759,,5.8850392886175005,0,0,0,0,1,0,0,0,0,0.03200045591189152
SA252,2016-01-06,2268,2014-11-06,2015-11-05,0,252,252,0.13767642580991607,0.13404117742572058,-0.022173797802944317,0.15206143150603144,-0.011415756775234584,-0.011415756775234584,-0.011415756775234584,-0.011415756775234584,0.5083841403544492,2.20602101569466,2.1741768860782877,-1.194238526972196,2.3320311084054848,1.4851724824390324,-0.6896393249248745,-0.5278894584690279,,5.453354695304486,0,0,0,0,1,0,0,0,0,0.04163757978370823
SA252,2016-02-05,2289,2014-12-08,2015-12-07,0,252,252,0.1794752941762924,0.1736383565744465,-0.06410358770997694,0.21561257203141262,-0.015490963556755798,-0.06255812496564071,-0.015490963556755798,-0.015490963556755798,0.25813917387196345,2.1585805719491287,2.1209009429159797,-1.4138127849511375,2.3918603012746833,1.9005835283970742,-1.4038362412798935,-1.0722969751877367,,2.6663855216377796,0,0,0,0,1,0,0,0,0,0.10862542376501733
SA252,2016-03-08,2310,2015-01-08,2016-01-07,0,252,252,0.1575405981608539,0.25925213426683014,-0.15833850337233324,0.1886358913547958,-0.015986299656226725,-0.14633842830522156,-0.04193554557128537,-0.015986299656226725,0.015986299656226725,1.985472570567581,2.6217144670239585,-1.9904637519456216,2.1799847082268435,2.5928880629469893,-1.9153990069754647,-1.2623217784795577,,0.8261894418377481,0,0,0,0,1,0,0,0,0,0.1895942153329762
SA252,2016-04-07,2331,2015-02-09,2016-02-08,0,252,252,0.06486383280908528,0.21492021935643824,-0.21529013833071242,0.1558980905336128,-0.014843877563490315,-0.1707516087426855,-0.13374447753699498,-0.014843877563490315,0.014843877563490315,1.4369736447343313,2.447871140388893,-2.4503632046941393,2.0502517948346357,2.0887589093155667,-2.150316741783579,-1.9010076845820263,,1.03323128239815,0,0,0,0,1,0,0,0,0,0.12608587874710717
SA252,2016-05-06,2352,2015-03-11,2016-03-09,0,252,252,0.023688433323766387,0.12146095949486295,-0.21253657530449058,0.10117070712918677,-0.023688433323766387,-0.21087101927437932,-0.2592070055020149,-0.023688433323766387,0.023688433323766387,1.0395815617351933,1.5127437422085752,-1.8972166812368068,1.427089059653781,1.439144154483195,-1.8901855871693058,-2.094234481272997,,0.8785908571522507,0,0,0,0,1,0,0,0,0,0.07260215009115363
SA252,2016-06-07,2373,2015-04-10,2016-04-08,0,252,252,0.043116765776249205,0.17168103834388457,-0.3619841090294003,0.043116765776249205,-0.043116765776249205,-0.043116765776249205,-0.20763425796921978,-0.043116765776249205,0.043116765776249205,1.0722950694907833,1.3981769858036401,-1.8395437424687326,0.5967126573717854,1.3332973500328382,-1.0263641772393823,-1.4815626919855727,,0.8028923872613725,0,0,0,0,1,0,0,0,0,0.08745592908694597
SA252,2016-07-07,2394,2015-05-11,2016-05-09,0,252,252,0.04271588950906325,0.12588436936182257,-0.36469429196874575,0.04271588950906325,-0.04271588950906325,-0.04271588950906325,-0.253126001615052,-0.04271588950906325,0.04271588950906325,0.9942765757182063,1.2947015052445836,-1.8537672893159973,0.3784420357902311,0.7301600833717148,-0.635064740143893,-1.5925804297282513,,0.7890544356914352,0,0,0,0,1,0,0,0,0,0.0
SA252,2016-08-05,2415,2015-06-10,2016-06-08,0,252,252,0.04541255320906057,0.04541255320906057,-0.27414861172690025,0.04541255320906057,-0.04541255320906057,-0.04541255320906057,-0.4079635158096758,-0.04541255320906057,0.04541255320906057,0.7125440747322509,1.0220326238180093,-1.6036846474252036,0.6347441479850306,-0.3808184347942178,-0.5358568260607652,-1.898349656606139,,0.9477867870439326,0,0,0,0,0,0,0,0,0,0.0
SA252,2016-09-06,2436,2015-07-10,2016-07-08,0,252,252,0.08193869255041927,0.08193869255041927,-0.08193869255041927,0.08193869255041927,-0.3264085521539419,-0.08193869255041927,-0.1000205999931231,-0.08193869255041927,0.08193869255041927,0.026469221445184897,0.37417570191454413,-0.9324832898839435,0.6429484575383829,-1.3983570423131821,-0.45747213173570966,-1.1220676055229677,,0.6978091539639303,0,0,0,0,0,0,0,0,0,0.0
SA252,2016-10-05,2457,2015-08-10,2016-08-08,0,252,252,0.05855289350106993,0.05855289350106993,-0.05855289350106993,0.05855289350106993,-0.5315768519914403,-0.05855289350106993,-0.05855289350106993,-0.05855289350106993,0.05855289350106993,-0.39981466840441066,-0.12166163523742335,-0.36070912082002965,0.41192859688243183,-1.907857528820035,-0.24935012631053882,-1.0551804605336228,,0.03622794935078229,1,1,0,0,0,0,0,0,0,0.0
SA252,2016-11-03,2478,2015-09-09,2016-09-07,0,252,252,0.06745629551642973,0.06745629551642973,-0.06745629551642973,0.06745629551642973,-0.460349635868562,-0.06745629551642973,-0.06745629551642973,-0.06745629551642973,0.06745629551642973,-0.4173333872624922,-0.2593379689556445,-0.05208228285499143,0.2925104903051979,-1.682441323443916,-0.1654329413255582,-0.9291706491087407,,-0.3531489733507962,1,1,0,0,0,0,0,0,1,0.0
SA252,2016-12-05,2499,2015-10-08,2016-10-06,0,252,252,0.11111111111111113,0.11111111111111113,-0.11111111111111113,0.11111111111111113,-0.11111111111111113,-0.11111111111111113,-0.11111111111111113,-0.11111111111111113,0.11111111111111113,-0.5575363363889513,-0.3740627526775942,0.10848283104236377,0.2466256241608643,-0.8367834002945641,-0.32583389193613077,-0.6887206161208913,,-0.5818403228680832,1,1,1,0,0,0,0,0,1,0.0
SA252,2017-01-05,2520,2015-11-06,2016-11-04,0,252,252,0.11111111111111113,0.11111111111111113,-0.11111111111111113,0.11111111111111113,-0.11111111111111113,-0.11111111111111113,-0.11111111111111113,-0.11111111111111113,0.11111111111111113,-1.5858070414875782,-0.8093659549932133,0.36205532018763037,-0.05584603241464542,-0.09750808163122615,-0.5424699861814408,-0.5614919831062627,,-1.3073729332900241,1,1,1,1,0,0,0,0,1,0.25658560285829024
SA252,2017-02-06,2541,2015-12-08,2016-12-06,0,252,252,0.11111111111111113,0.11111111111111113,-0.11111111111111113,0.11111111111111113,-0.11111111111111113,-0.11111111111111113,-0.11111111111111113,-0.11111111111111113,0.11111111111111113,-2.6217424870055965,-1.7340563918156922,1.2743434009112777,-0.6368815008133845,0.12351189768734741,-0.30202038975559803,0.13881908589667333,,-0.9338757659798486,1,1,1,1,1,0,1,0,1,0.3909542304625936
SA252,2017-03-08,2562,2016-01-08,2017-01-06,0,252,252,0.11111111111111113,0.11111111111111113,-0.11111111111111113,0.11111111111111113,-0.11111111111111113,-0.11111111111111113,-0.11111111111111113,-0.11111111111111113,0.11111111111111113,-2.524127844885207,-2.385322366653218,2.529900749491846,-1.387884606467058,0.11950243817586755,0.3347519298981567,0.9101229399304057,,0.3634454575542847,1,1,1,1,1,1,1,0,0,0.176073626659097
SA252,2017-04-06,2583,2016-02-09,2017-02-07,0,252,252,0.11111111111111113,0.11111111111111113,-0.11111111111111113,0.11111111111111113,-0.11111111111111113,-0.11111111111111113,-0.11111111111111113,-0.11111111111111113,0.11111111111111113,-2.6853574305806327,-2.0951314009599713,1.6928472718423793,-1.3913861995035464,0.4817704285363915,0.6069074686419257,0.7991737247103173,,-0.34403803598065485,1,1,1,1,1,1,1,0,1,0.27502054025787803
SA252,2017-05-08,2604,2016-03-10,2017-03-09,0,252,252,0.11111111111111113,0.11111111111111113,-0.11111111111111113,0.11111111111111113,-0.11111111111111113,-0.11111111111111113,-0.11111111111111113,-0.11111111111111113,0.11111111111111113,-2.410800052884875,-1.3544459877838606,0.8434700711469088,-0.3749446515812403,0.7520546609173603,0.3509502237996338,1.2619084165697416,,-0.7914595459597541,1,1,1,1,1,1,1,0,1,0.4258957820305397
SA252,2017-06-07,2625,2016-04-11,2017-04-07,0,252,252,0.11111111111111113,0.11111111111111113,-0.11111111111111113,0.11111111111111113,-0.11111111111111113,-0.11111111111111113,-0.11111111111111113,-0.11111111111111113,0.11111111111111113,-2.171956890505069,-0.5097633209736373,0.5134637146421173,0.6238563491286442,0.5829539811692409,-0.08599416456064171,1.1239506936159642,,-0.8786779617247145,1,1,1,0,1,0,1,0,1,0.4760688263914462
SA252,2017-07-07,2646,2016-05-10,2017-05-09,0,252,252,0.11111111111111113,0.11111111111111113,-0.11111111111111113,0.11111111111111113,-0.11111111111111113,-0.11111111111111113,-0.11111111111111113,-0.11111111111111113,0.11111111111111113,-2.7855187852841996,-0.3235594406252064,0.5576103532861945,0.9275363497380602,1.1086547182236994,-0.6253622479131754,1.515454238386352,,-0.6413528481246299,1,1,1,0,1,0,1,0,1,0.48215787044087266
SA252,2017-08-07,2667,2016-06-09,2017-06-08,0,252,252,0.10753224407376152,0.10753224407376152,-0.10753224407376152,0.10753224407376152,-0.10753224407376152,-0.13974204740990795,-0.10753224407376152,-0.10753224407376152,0.10753224407376152,-2.1257354166598827,-0.3644047738847909,0.6921541895943174,0.7114684944509478,2.1590867014889903,-1.1299536233188365,2.0059085963062637,,-1.3039273604721457,1,1,1,0,1,0,1,0,1,0.17348492464101975
SA252,2017-09-06,2688,2016-07-11,2017-07-10,0,252,252,0.08854148745359086,0.08854148745359086,-0.08854148745359086,0.08854148745359086,-0.08854148745359086,-0.29166810037127305,-0.08854148745359086,-0.08854148745359086,0.08854148745359086,-1.2663751260582818,0.3770086762618384,0.17127064050255264,0.6534728136659552,2.287738975751702,-1.3294140507004146,1.8197754039449807,,-1.033472558119279,1,0,1,0,1,0,1,0,1,0.3134619296614114
SA252,2017-10-05,2709,2016-08-09,2017-08-08,0,252,252,0.08672896533000109,0.08672896533000109,-0.08672896533000109,0.08672896533000109,-0.08672896533000109,-0.30616827735999125,-0.08672896533000109,-0.08672896533000109,0.08672896533000109,-0.4924358782231848,1.090621179564835,-0.4266687425331719,0.8134537237401617,1.4991842982415586,-1.3530173295565446,2.144828872753689,,-1.0162334674458013,1,0,0,0,1,0,1,0,1,0.35409330168243736
SA252,2017-11-03,2730,2016-09-08,2017-09-07,0,252,252,0.11111111111111113,0.11111111111111113,-0.11111111111111113,0.11111111111111113,-0.11111111111111113,-0.11111111111111113,-0.11111111111111113,-0.11111111111111113,0.11111111111111113,0.2638579052793443,0.9182174047042497,-0.1253312885524386,1.0382770015513374,1.0455672385638735,-0.8411114652492145,2.4256756308001406,,-0.9794213679078806,0,0,0,0,1,0,1,0,1,0.5294474730198583
SA252,2017-12-05,2751,2016-10-07,2017-10-06,0,252,252,0.07036150780226096,0.27721067871610905,-0.07036150780226096,0.230258766668064,-0.07036150780226096,-0.07036150780226096,-0.07036150780226096,-0.07036150780226096,0.07036150780226096,0.7122838992547919,1.3939805830983079,-0.4186823007622672,1.3272510408889575,0.8150343888027684,-0.6972363592744589,2.4220692309853424,,-0.7966833474458425,0,0,0,0,1,0,1,0,1,0.44801737448753515
SA252,2018-01-05,2772,2016-11-07,2017-11-06,0,252,252,0.04249718650479577,0.23855165939156808,-0.04249718650479577,0.46396803507486145,-0.04249718650479577,-0.04249718650479577,-0.04249718650479577,-0.04249718650479577,0.04249718650479577,1.0762387713456885,1.5613351824235417,-0.5111855696997591,2.09176176879969,0.2398586413108417,-0.7071346305800665,2.3789942504378847,,-0.3611450389215629,0,0,0,0,1,0,1,0,1,0.33717231348111026
SA252,2018-02-06,2793,2016-12-07,2017-12-06,0,252,252,0.03108726207795585,0.0723349013025909,-0.03108726207795585,0.6737653069546449,-0.03108726207795585,-0.06737621927502896,-0.03108726207795585,-0.03108726207795585,0.03108726207795585,1.048787702981906,1.2326834094337435,0.0670124429083639,3.167335628544836,-0.5293118451446323,-1.2167325610922997,2.002614244834015,,-1.0232061722715025,0,0,1,0,0,0,1,0,1,0.2123031729613368
SA252,2018-03-08,2814,2017-01-09,2018-01-08,0,252,252,0.12191359139092785,0.19049243720612208,-0.0179228322865352,0.5069779560742407,-0.0179228322865352,-0.09100185389603367,-0.0179228322865352,-0.0179228322865352,0.0179228322865352,1.6802138715682637,2.0628478477100542,0.37162347307101384,3.8286709821812903,-0.885624141564764,-1.5077425958195245,3.628130471989405,,-2.042312348568175,0,0,1,0,0,0,1,0,1,0.2724809523410358
SA252,2018-04-09,2835,2017-02-08,2018-02-07,0,252,252,0.25199392076660393,0.17227562823045206,-0.014724245780985775,0.4325242162566062,-0.06958500584140911,-0.014724245780985775,-0.014724245780985775,-0.014724245780985775,0.014724245780985775,2.7114215866460034,2.1700132610725706,0.8612057527119217,3.937496580063533,-1.4725879130003932,-0.9840762584493199,4.004459649718049,,-1.9020811928197805,0,0,1,0,0,0,1,0,1,0.2714676408393286
SA252,2018-05-08,2856,2017-03-10,2018-03-09,0,252,252,0.3068824306885265,0.11429238331501816,-0.013740163752121413,0.38135224759846015,-0.12877211963738835,-0.013740163752121413,-0.013740163752121413,-0.013740163752121413,0.013740163752121413,3.23346996604131,1.8318123814017282,1.4532145132234642,3.7754563517453077,-1.937194941490465,-0.5586510603254918,3.7819129302822607,,-1.7061059183575449,0,0,1,0,0,0,1,0,1,0.24103320216806337
SA252,2018-06-07,2877,2017-04-10,2018-04-10,0,252,252,0.3416293689533148,0.05148723481292071,-0.01525078267277843,0.35568365077507097,-0.1749458320948015,-0.01525078267277843,-0.01525078267277843,-0.01525078267277843,0.01525078267277843,3.2400776162334224,1.3376038851095937,2.267046972871019,3.3322321116669062,-2.147126910457307,-0.04566466174171113,4.0205656796248626,,-1.5128833454826673,0,0,1,0,0,0,1,0,1,0.2579172664461697
SA252,2018-07-09,2898,2017-05-10,2018-05-09,0,252,252,0.2842069142021097,0.01379640050309427,-0.01379640050309427,0.3298465307777496,-0.30316815200157526,-0.01379640050309427,-0.01379640050309427,-0.01379640050309427,0.01379640050309427,3.0600077109849595,0.7728540793518572,2.8382542159371464,3.3908158559456965,-3.1974438327850834,0.30577444146321825,4.002138425362794,,-2.1647597976687982,0,0,1,0,0,1,1,0,1,0.2179677562022353
SA252,2018-08-07,2919,2017-06-09,2018-06-08,0,252,252,0.14043646780994748,0.011591035621996306,-0.011591035621996306,0.35220029199507186,-0.43781702646300313,-0.011591035621996306,-0.011591035621996306,-0.011591035621996306,0.011591035621996306,2.2115955156193396,0.6106722969054128,2.3559525147483122,4.038557584334409,-4.777203700695716,0.4487070999652741,3.392927889869202,,-1.1043184927758736,0,0,1,0,0,1,1,0,1,0.18486370332342741
SA252,2018-09-06,2940,2017-07-11,2018-07-10,0,252,252,0.10054884086049944,0.011837703775694763,-0.011837703775694763,0.42448508355210024,-0.40393985293323204,-0.011837703775694763,-0.011837703775694763,-0.011837703775694763,0.011837703775694763,1.8493948046490811,0.44186952360089365,2.078435022239803,4.585873507188576,-4.412315940550933,0.48193997049940823,2.6821875929359633,,-1.0131280777697207,0,0,1,0,0,1,1,0,1,0.14097443113180988
SA252,2018-10-05,2961,2017-08-09,2018-08-08,0,252,252,0.0909842790171873,0.011420978499858495,-0.011420978499858495,0.48831939657269485,-0.3521704534109669,-0.011420978499858495,-0.011420978499858495,-0.011420978499858495,0.011420978499858495,1.7966417152288185,0.6533189948304043,1.8097824546524266,5.275635372037038,-4.083540113619252,0.4321559717016091,2.504069631609553,,-0.8513447014903855,0,0,1,0,0,1,1,0,1,0.12695210276656513
SA252,2018-11-05,2982,2017-09-08,2018-09-07,0,252,252,0.012002182943659068,0.027591359068582465,-0.012002182943659068,0.5385889671566059,-0.3618065761128573,-0.012002182943659068,-0.012002182943659068,-0.012002182943659068,0.012002182943659068,1.0385414066302177,1.229886173191181,0.6355486892137976,5.487425076628669,-4.014506426133132,0.07046021760692162,1.5480948198500257,,-0.8007494491969488,0,0,1,0,0,1,1,0,1,0.050423817328214625
SA252,2018-12-06,3003,2017-10-09,2018-10-08,0,252,252,0.015427940669571254,0.015427940669571254,-0.015427940669571254,0.5517728685103294,-0.34023154680267204,-0.015427940669571254,-0.015427940669571254,-0.015427940669571254,0.015427940669571254,0.1552153655456236,0.9940365167591395,0.012847483572045031,4.5764518436255,-3.2052946280362327,-0.15765610957021117,0.9869592293429775,,-1.2710393248784617,0,0,1,0,0,0,1,0,1,0.02531278557166993
SA252,2019-01-08,3024,2017-11-07,2018-11-06,0,252,252,0.016096898188563483,0.0821985764158248,-0.016096898188563483,0.5389520601620639,-0.2822679742907307,-0.016096898188563483,-0.016096898188563483,-0.016096898188563483,0.016096898188563483,0.13601337420032597,1.5106485451602423,-0.4527692844023461,4.348173380042736,-2.75355506995302,0.03200175786912549,0.8605411448065049,,-1.5810062363143906,0,0,0,0,0,1,1,0,1,0.07070617526802037
SA252,2019-02-07,3045,2017-12-07,2018-12-07,0,252,252,0.01549771228920003,0.1686383017465723,-0.01549771228920003,0.4994621022230638,-0.23891332229516388,-0.01549771228920003,-0.01549771228920003,-0.01549771228920003,0.01549771228920003,0.02572077912861941,2.0881496481522124,-0.8364386030168302,4.222811811851266,-2.541603804721918,0.3282092981759379,0.9725276251049626,,-0.8805180150400774,0,0,0,0,0,1,1,0,1,0.0
SA252,2019-03-11,3066,2018-01-09,2019-01-09,0,252,252,0.019184682297131234,0.019184682297131234,-0.019184682297131234,0.6043006779744211,-0.26140654594566054,-0.019184682297131234,-0.019184682297131234,-0.019184682297131234,0.019184682297131234,-1.0250050304543659,0.561968771797234,-0.5588346185061047,4.14991235515422,-2.3625794886618987,0.4775201856236809,1.061667881281291,,-0.33666854525064044,1,0,0,0,0,1,1,0,1,0.0
SA252,2019-04-09,3087,2018-02-08,2019-02-08,0,252,252,0.01953245746307089,0.01953245746307089,-0.01953245746307089,0.5745277134692359,-0.2887450842892681,-0.01953245746307089,-0.01953245746307089,-0.01953245746307089,0.01953245746307089,-1.801248123861466,0.4103840664553237,-0.3747473381498826,3.9414000494073456,-2.4782834409606935,0.5036932684169809,0.7261971358709054,,-0.11513033831728406,1,0,0,0,0,1,1,0,1,0.11811700777077283
SA252,2019-05-09,3108,2018-03-12,2019-03-12,0,252,252,0.018767052706398238,0.018767052706398238,-0.018767052706398238,0.6556487276201082,-0.21298190343510454,-0.018767052706398238,-0.018767052706398238,-0.018767052706398238,0.018767052706398238,-1.6178095167717472,0.5976094453419422,-0.44468436843958753,4.493615848356297,-2.134871344835584,0.20107190652680135,0.8313096292542065,,-0.14219230073332606,1,0,0,0,0,1,1,0,1,0.08690830853875328
SA252,2019-06-10,3129,2018-04-11,2019-04-10,0,252,252,0.03239830960096157,0.05268781793135099,-0.03298541224152942,0.71993691222135,-0.03239830960096157,-0.03239830960096157,-0.03239830960096157,-0.03239830960096157,0.03239830960096157,-0.7210694832846416,1.162625206624321,-1.1018121397313594,3.2221434423232456,-0.8235636062007673,-0.260667845304838,0.07175024858101786,,-0.4223008533217186,1,0,0,0,0,0,1,0,1,0.0
SA252,2019-07-10,3150,2018-05-10,2019-05-10,0,252,252,0.030306019363676003,0.17009584358499488,-0.20525393429898214,0.4428141059339668,-0.030306019363676003,-0.030306019363676003,-0.030306019363676003,-0.030306019363676003,0.030306019363676003,0.24296753956595896,1.561260921613702,-1.6772711778340448,2.461142423952623,0.06858442971267303,-0.6281070410244871,-0.5983693864141356,,-0.05329284494552323,0,0,0,0,1,0,0,0,1,0.0
SA252,2019-08-08,3171,2018-06-11,2019-06-11,0,252,252,0.026047530356183693,0.21109748459324773,-0.20152974179224029,0.43108759147740977,-0.026047530356183693,-0.026047530356183693,-0.026047530356183693,-0.026047530356183693,0.026047530356183693,0.6659835033863952,1.8104318593994195,-1.7736999977980525,2.6550037012436745,0.5656485075645739,-0.9930503527602176,-1.0733200721285248,,-1.0565781093678626,0,0,0,0,1,0,0,0,1,0.0
SA252,2019-09-09,3192,2018-07-11,2019-07-11,0,252,252,0.021480907148710784,0.23677440886576723,-0.2136926603389507,0.36035930045926806,-0.021480907148710784,-0.021480907148710784,-0.08176909459246007,-0.021480907148710784,0.021480907148710784,0.9986283012859752,2.1022551665374043,-1.9948027746666923,2.6775795266211357,0.8078526469852014,-0.9922821798968977,-1.3806594108264538,,-1.3181020777924952,0,0,0,0,1,0,0,0,1,0.043792238069959064
SA252,2019-10-08,3213,2018-08-09,2019-08-09,0,252,252,0.023219974404278983,0.24618261675396266,-0.28203853340929896,0.1627617714783663,-0.023219974404278983,-0.07165538509814325,-0.144481795643113,-0.023219974404278983,0.023219974404278983,0.8651629581663602,2.0602191564371237,-2.2146375723709877,1.700955860865947,1.4665068727545492,-1.308593729909274,-1.6222306412899743,,-1.6326249403437674,0,0,0,0,1,0,0,0,1,0.09830385191448404
SA252,2019-11-06,3234,2018-09-10,2019-09-10,0,252,252,0.026071489908257108,0.14063127644829237,-0.2711078851649348,0.2113521075719719,-0.026071489908257108,-0.1356984553763181,-0.13692431580545444,-0.026071489908257108,0.026071489908257108,0.6804013568379254,1.539406366660131,-2.039863414476639,1.8106637108799621,1.8886648408906512,-1.5204860015819082,-1.5251879209330845,,-1.5641192310177887,0,0,0,0,1,0,0,0,1,0.14857404262571083
SA252,2019-12-06,3255,2018-10-09,2019-10-09,0,252,252,0.03527871267690894,0.09647980484444459,-0.20003919645442117,0.41868311233951977,-0.03527871267690894,-0.10840432297706971,-0.03527871267690894,-0.03527871267690894,0.03527871267690894,0.7550642787479229,1.2734788134930835,-1.567025215138741,2.1867868200688667,1.8513606157968354,-1.307279701416157,-0.9822487838434364,,-1.2220069958427675,0,0,0,0,1,0,0,0,1,0.19432614551024746
SA252,2020-01-08,3276,2018-11-07,2019-11-07,0,252,252,0.055398282780176875,0.055398282780176875,-0.055398282780176875,0.5568137377585848,-0.055398282780176875,-0.055398282780176875,-0.055398282780176875,-0.055398282780176875,0.055398282780176875,0.6060551912177579,0.619843505731799,-0.624951840491216,2.0051101041670356,1.7633245574067766,-0.7836087825016782,-0.9567173442308067,,-0.018132046424259588,0,0,0,0,1,0,0,0,1,0.2538359737668851
SA252,2020-02-07,3297,2018-12-10,2019-12-09,0,252,252,0.06384581252363108,0.06384581252363108,-0.06384581252363108,0.489233499810951,-0.06384581252363108,-0.06384581252363108,-0.06384581252363108,-0.06384581252363108,0.06384581252363108,0.8936769213152768,0.5803267846341965,-0.47503603380649606,1.766273433562886,1.575528087974518,-0.19104377187205304,-0.8098222369621315,,-0.6402620992935169,0,0,0,0,1,0,0,0,1,0.21802687779602625
SA252,2020-03-10,3318,2019-01-10,2020-01-09,0,252,252,0.29189173269268465,0.1438473133629577,-0.059323275557073285,0.20832130060191778,-0.059323275557073285,-0.059323275557073285,-0.059323275557073285,-0.059323275557073285,0.059323275557073285,1.4920357649703002,1.242480395784225,-1.0704543019554922,1.3511628423172581,1.6980755571133517,0.16009532031264564,-1.007740091708569,,-0.23944708239524992,0,0,0,0,1,1,0,0,1,0.24634685611275087
SA252,2020-04-08,3339,2019-02-11,2020-02-10,0,252,252,0.20521390767389686,0.17331011184943854,-0.1691895219578764,0.17936419818199503,-0.031851722563597334,-0.031851722563597334,-0.14551537008240373,-0.031851722563597334,0.031851722563597334,1.6442788369268027,1.5441153504442207,-1.5311785622270853,1.5631224428250754,1.9115696950795844,0.17009481621668077,-1.4568524348780754,,-0.4617974438851356,0,0,0,0,1,1,0,0,1,0.1988601547871606
SA252,2020-05-08,3360,2019-03-13,2020-03-11,0,252,252,0.2605803386849112,0.1948478612293564,-0.16482707174086714,0.1743349800089024,-0.030272776993509786,-0.030272776993509786,-0.08431864036192346,-0.030272776993509786,0.030272776993509786,1.8607744797934374,1.6436405265071323,-1.5444729162977173,1.5758803695025345,1.131090347637999,0.4360048369033788,-1.2785295857727246,,-0.3806154302913526,0,0,0,0,1,1,0,0,1,0.00904188547891054
SA252,2020-06-09,3381,2019-04-11,2020-04-09,0,252,252,0.22172468146516097,0.03738752724510507,-0.03738752724510507,0.5165626278191033,-0.03738752724510507,-0.03738752724510507,-0.03738752724510507,-0.03738752724510507,0.03738752724510507,1.5930445199319516,0.7419233274239617,-0.5185452725381422,2.3816442698459923,0.07281647967828289,0.7546625073637842,-0.26826740007134087,,0.2894367974119999,0,0,0,0,1,1,0,0,0,0.0
SA252,2020-07-09,3402,2019-05-13,2020-05-11,11,252,252,0.038333086564114625,0.038333086564114625,-0.038333086564114625,0.6933353074870827,-0.038333086564114625,-0.038333086564114625,-0.038333086564114625,-0.038333086564114625,0.038333086564114625,0.7194988112162972,-0.10387774808299624,0.3067206428974285,2.8087124456504005,-0.35371781167077426,0.8541349892462123,0.06480960484695919,3.9253581278349934,-0.31913640439936836,0,1,1,0,0,1,1,1,1,0.5000033388236548
SA252,2020-08-07,3423,2019-06-12,2020-06-10,32,252,252,0.03837858488541409,0.03837858488541409,-0.03837858488541409,0.6929713209166872,-0.03837858488541409,-0.03837858488541409,-0.03837858488541409,-0.03837858488541409,0.03837858488541409,0.6770697393072495,-0.18512581504734546,0.4145117201367419,2.8056197824533475,-0.5520231004646163,1.1136035807535842,0.41257078416240006,7.4170161216929555,-0.30056461823998315,0,1,1,0,0,1,1,1,1,0.6797105098099755
SA252,2020-09-08,3444,2019-07-12,2020-07-10,53,252,252,0.035531725561839485,0.035531725561839485,-0.035531725561839485,0.7157461955052841,-0.035531725561839485,-0.035531725561839485,-0.035531725561839485,-0.035531725561839485,0.035531725561839485,0.4680923080453236,-0.4761099957951548,0.8099195144311622,3.0143862539397306,-0.7593059294475675,0.9523863134633362,1.02179483772069,2.533195334065919,-0.4729680191010462,0,1,1,0,0,1,1,1,1,0.3254255161766987
SA252,2020-10-07,3465,2019-08-12,2020-08-10,74,252,252,0.0268530430639834,0.0268530430639834,-0.0268530430639834,0.7851756554881326,-0.0268530430639834,-0.0268530430639834,-0.0268530430639834,-0.0268530430639834,0.0268530430639834,0.6588459699563365,-0.45577551099893504,1.08404339027928,3.9239727267307303,-0.9782647419325823,1.1286402595078384,1.5130681594064463,0.3308388813911832,0.04997931963568612,0,1,1,0,0,1,1,1,0,0.09631244691664802
SA252,2020-11-05,3486,2019-09-11,2020-09-09,95,252,252,0.09003980317416703,0.02352309748996217,-0.02352309748996217,0.7098643013280183,-0.05895731055804184,-0.02352309748996217,-0.02352309748996217,-0.02352309748996217,0.02352309748996217,1.3827718828805986,-0.0705324464299478,1.1153465902123985,4.017733109472225,-1.250635829669967,2.270536139183542,1.1754883416494435,0.32640522028348873,0.5652476111079838,0,1,1,0,0,1,1,1,0,0.20695915158803163
SA252,2020-12-07,3507,2019-10-10,2020-10-08,116,252,252,0.03471164776730958,0.03471164776730958,-0.03471164776730958,0.5960681594442991,-0.1609503061845335,-0.03471164776730958,-0.03471164776730958,-0.03471164776730958,0.03471164776730958,1.0350166642695893,-0.3879095881933467,1.375903781975839,2.717199262449473,-1.4636780923321993,2.6399438769694634,1.1525793357614862,1.1119616784952897,0.8270248448591957,0,1,1,0,0,1,1,1,0,0.30972276680454935
SA252,2021-01-07,3528,2019-11-08,2020-11-06,137,252,252,0.04295252497912635,0.04295252497912635,-0.04295252497912635,0.4203579811380348,-0.27897434400808074,-0.04295252497912635,-0.04295252497912635,-0.04295252497912635,0.04295252497912635,0.5124897264695428,-0.5769609551467872,1.4314409123610878,1.9786572066306145,-1.6494946319073303,2.555008887100234,1.0673317824444497,1.4546243234380922,0.33364435924804986,0,1,1,0,0,1,1,1,0,0.30498443334824454
SA252,2021-02-08,3549,2019-12-10,2020-12-08,158,252,252,0.038984868225210335,0.038984868225210335,-0.038984868225210335,0.42977823775246204,-0.29732768467106546,-0.038984868225210335,-0.038984868225210335,-0.038984868225210335,0.038984868225210335,0.4027780997138828,-0.6246371958055744,1.626264268940777,2.10242321525801,-1.7626745919812874,2.701654530389401,1.535916161860285,1.814411049590976,0.41188129482163494,0,1,1,0,0,1,1,1,0,0.2522275922056713
SA252,2021-03-10,3570,2020-01-10,2021-01-08,179,252,252,0.03573941780404396,0.03573941780404396,-0.03573941780404396,0.3975633619563004,-0.35226071341539184,-0.03573941780404396,-0.03573941780404396,-0.03573941780404396,0.03573941780404396,-0.14461371377060184,-1.0130067895915569,2.283665898572649,2.1123946230352852,-1.985636406689124,2.300345082659173,1.7084740528553208,1.9869351551159251,-0.8762784779715943,1,1,1,0,0,1,1,1,1,0.2309736578065849
SA252,2021-04-09,3591,2020-02-11,2021-02-09,200,252,252,0.04450969800683808,0.04450969800683808,-0.04450969800683808,0.3240069697756937,-0.3644251441764396,-0.04450969800683808,-0.04450969800683808,-0.04450969800683808,0.04450969800683808,-0.9692253118559362,-1.6733032701404746,3.0062906528341458,1.7279469065953135,-1.8187544748572604,0.5962654026405304,1.8797677452049186,1.3369184764278303,-1.1843212406094024,1,1,1,0,0,1,1,1,1,0.2997817749383478
SA252,2021-05-10,3612,2020-03-12,2021-03-11,221,252,252,0.059786955722893734,0.059786955722893734,-0.059786955722893734,0.4516081354559985,-0.12988317448374515,-0.059786955722893734,-0.059786955722893734,-0.059786955722893734,0.059786955722893734,-1.496297526223786,-1.7219034931097144,1.98225959651938,1.7553623194148817,-1.217243331615244,-0.29316106852604273,1.9994525744408775,0.5832697837237795,-1.1157222887442124,1,1,1,0,0,0,1,1,1,0.28331006556076066
SA252,2021-06-09,3633,2020-04-13,2021-04-12,242,252,252,0.06974288962454643,0.06974288962454643,-0.06974288962454643,0.4420568830036283,-0.06974288962454643,-0.06974288962454643,-0.06974288962454643,-0.06974288962454643,0.06974288962454643,-1.5150202458667041,-1.0663353864808849,1.1306219397161519,1.6338379229529998,-0.8533595812077951,-0.9014656317524248,1.1278278300581668,0.12589134764118393,-1.3724125938767915,1,1,1,0,0,0,1,1,1,0.16653521951585093
SA252,2021-07-09,3654,2020-05-12,2021-05-11,252,252,252,0.07594908845022634,0.07594908845022634,-0.07594908845022634,0.3924072923981891,-0.07594908845022634,-0.07594908845022634,-0.07594908845022634,-0.07594908845022634,0.07594908845022634,-1.1661551250747804,-0.9352450062549708,0.9309457051292336,1.5166714971903257,-1.0350230702747936,-0.9502281460900651,0.8959918181616193,-0.09628484316992303,-1.4848204184779075,1,1,1,0,0,0,1,0,1,0.198325360748703
SA252,2021-08-09,3675,2020-06-11,2021-06-10,252,252,252,0.06726787039321051,0.06726787039321051,-0.06726787039321051,0.4618570368543156,-0.06726787039321051,-0.06726787039321051,-0.06726787039321051,-0.06726787039321051,0.06726787039321051,-1.5599825502157165,-1.3115782014957282,0.8625256780835262,1.6865938138884977,-0.9453663378080737,-0.9493291175757487,0.7905389052333699,-0.33289998510380897,-0.9111117643125335,1,1,1,0,0,0,1,0,1,0.19220499551806286
SA252,2021-09-08,3696,2020-07-13,2021-07-12,252,252,252,0.07252605028184865,0.07252605028184865,-0.07252605028184865,0.414385588802705,-0.07252605028184865,-0.07793205922435435,-0.07252605028184865,-0.07252605028184865,0.07252605028184865,-1.847797326560936,-1.1180266482940595,0.5045040191135298,1.5713610312326836,-0.5977483081445714,-1.1074538857713843,0.5146456976017499,-0.626855303084246,-0.2257509589182476,1,1,1,0,0,0,1,0,1,0.32278400857194256
SA252,2021-10-07,3717,2020-08-11,2021-08-10,252,252,252,0.09857308344557959,0.09857308344557959,-0.09857308344557959,0.1993861393740524,-0.09857308344557959,-0.11060227650689054,-0.09857308344557959,-0.09857308344557959,0.09857308344557959,-1.9228673005402555,-1.0949829012973658,0.49249006797988804,1.2022723977018837,-0.929168031153768,-1.112203324316168,0.5745095877665692,-0.6316927951483265,-0.32622410254842565,1,1,1,0,0,0,1,0,1,0.40371053437079285
SA252,2021-11-05,3738,2020-09-10,2021-09-09,252,252,252,0.07780695732562164,0.07780695732562164,-0.07780695732562164,0.07780695732562164,-0.234310482333717,-0.2210408163869314,-0.07780695732562164,-0.07780695732562164,0.07780695732562164,-1.9139809725511685,-1.2842054293212373,0.5521503033634062,0.7350828833620523,-1.3011433557967433,-1.2840887550220952,1.1174301870947407,-0.7137173463777076,-0.4975611546607141,1,1,1,0,0,0,1,0,1,0.31942949400478654
SA252,2021-12-07,3759,2020-10-09,2021-10-08,252,252,252,0.06562111981650319,0.06562111981650319,-0.06562111981650319,0.16726719869035728,-0.10111848967079883,-0.3326314023828461,-0.06562111981650319,-0.0708773101734817,0.06562111981650319,-1.175703239201832,-0.7445406876067102,0.2063254643471005,1.2548984216637689,-1.1540944286741177,-1.5068968699604421,1.0383403253189922,-1.108009906523504,-0.31440774880004485,1,1,1,0,0,0,1,0,1,0.04422066837596224
SA252,2022-01-06,3780,2020-11-09,2021-11-08,252,252,252,0.02959460878882152,0.02959460878882152,-0.02959460878882152,0.29163245718013264,-0.02959460878882152,-0.3161802850223799,-0.02959460878882152,-0.21461960506455832,0.02959460878882152,-0.7328286737597206,0.29616810052460835,-0.620527769445599,1.9854242685251786,-0.5603888864188412,-2.0683712269303847,1.166352968733822,-1.7251983176936756,-0.49262545700921784,1,0,0,0,0,0,1,0,1,0.0186887656478445
SA252,2022-02-07,3801,2020-12-09,2021-12-08,252,252,252,0.014261398402042802,0.014261398402042802,-0.08812595929855031,0.11212401989868907,-0.014261398402042802,-0.2586221810113658,-0.014261398402042802,-0.46982084778118083,0.014261398402042802,-0.7377790528639672,0.8264517102658873,-1.6179335070390233,1.7862063504419625,0.1309341541699783,-2.8134419481214463,0.9262094050864377,-4.2943532922681955,-0.4322874782924786,1,0,0,0,1,0,1,0,1,0.0
SA252,2022-03-09,3822,2021-01-11,2022-01-07,252,252,252,0.00960609510213204,0.055532544182763474,-0.17148700717469367,0.05386367713913588,-0.00960609510213204,-0.2015543312506335,-0.00960609510213204,-0.4791380598442454,0.00960609510213204,-0.38192629700834574,1.5780969643995948,-2.7851895629956105,1.5607239629262157,0.32742276641206686,-3.098192128098953,0.05018035030672531,-5.987854635520966,-0.7092650749459922,1,0,0,0,1,0,1,0,1,0.0
SA252,2022-04-07,3843,2021-02-10,2022-02-08,252,252,252,0.010557962497420423,0.1340990564386101,-0.20375779678982006,0.0304379577332745,-0.010557962497420423,-0.18312845568666988,-0.010557962497420423,-0.40634488336194385,0.010557962497420423,0.5461625948461132,2.2701224925867454,-2.929896955398385,1.2882938610618409,-0.03907407136622645,-2.734505646628436,0.09732626024958571,-4.848705500338954,-0.31935279662614907,0,0,0,0,0,0,1,0,1,0.0
SA252,2022-05-09,3864,2021-03-12,2022-03-10,252,252,252,0.09973212563117569,0.1497160245944599,-0.18900342370600243,0.00981806776289688,-0.00981806776289688,-0.15259308633076968,-0.00981806776289688,-0.36968306868600487,0.00981806776289688,2.015801968775057,2.5249031500907595,-2.9250572339728467,0.9862333009756632,-0.5597006233775121,-2.554206897078353,-0.496385138086965,-4.765334255311023,-0.07958536951667515,0,0,0,0,0,0,0,0,1,0.0
SA252,2022-06-08,3885,2021-04-13,2022-04-08,252,252,252,0.15245374448147178,0.13968335138983376,-0.18742593060964982,0.009556730661316308,-0.009556730661316308,-0.15100294933970831,-0.009556730661316308,-0.33120710153407124,0.009556730661316308,2.595249985422037,2.461622769753713,-2.9611929775138655,0.9396134010721967,0.049991094154870165,-2.580069112452205,-0.7818402769498962,-4.465694632106039,-0.13613271785868516,0,0,0,0,1,0,0,0,1,0.0
SA252,2022-07-11,3906,2021-05-12,2022-05-10,252,252,252,0.13122131311364585,0.22557220570087597,-0.21010733753837205,0.0071664063150658755,-0.0071664063150658755,-0.17492973361198963,-0.0071664063150658755,-0.22950378477485306,0.0071664063150658755,2.831061585745988,4.147633496954498,-3.9318367993824905,0.9110576783386304,1.0795433103693188,-3.4409686797165873,-1.0148169491716925,-4.20249473285333,-0.04836433585314586,0,0,0,0,1,0,0,0,1,0.0
SA252,2022-08-09,3927,2021-06-11,2022-06-09,252,252,252,0.153721048012625,0.251081209844914,-0.24760824368861092,0.009299795560826073,-0.009299795560826073,-0.22560898298459756,-0.009299795560826073,-0.08478133322594844,0.009299795560826073,2.6529508310930057,3.699857305493404,-3.6625127624484755,0.5273575096242085,1.2871270765147231,-3.425956371932948,-0.475458557100799,-1.91164727946361,-0.024920330209073308,0,0,0,0,1,0,0,0,1,0.016945700009552013
SA252,2022-09-08,3948,2021-07-13,2022-07-12,252,252,252,0.21849709527257186,0.20203719850788732,-0.2282265940964403,0.016299202476638328,-0.016299202476638328,-0.24764144992367867,-0.016299202476638328,-0.03840085229286887,0.016299202476638328,2.3405385667534597,2.239552663987502,-2.4002316642397554,-0.35094659844909565,0.7989839648816931,-2.5193470372469053,0.07607051031900097,-1.2355995782487448,-0.600524770114494,0,0,0,1,1,0,1,0,1,0.0
SA252,2022-10-07,3969,2021-08-11,2022-08-10,252,252,252,0.2503915537042799,0.2165737476150585,-0.21978291959202279,0.015432701136455167,-0.015432701136455167,-0.2122085444890988,-0.015432701136455167,-0.039312430053719635,0.015432701136455167,2.622473936936447,2.4033431069527253,-2.424137729673589,-0.5900458153661043,0.7070288669717242,-2.3750576947791675,0.050224861315055803,-1.254734603528709,-0.6286501960477127,0,0,0,1,1,0,1,0,1,0.0
SA252,2022-11-07,3990,2021-09-10,2022-09-09,252,252,252,0.20500929806850482,0.2437745959196715,-0.2507997487830935,0.013110410277632234,-0.013110410277632234,-0.21518652143532319,-0.013110410277632234,-0.032788194682878156,0.013110410277632234,2.5637138253275924,2.8593971565907217,-2.912981695248583,-0.192556529740683,0.6964586688577284,-2.6413408648427614,-0.3510109952020691,-1.2500928192828438,-0.22221524222888828,0,0,0,1,1,0,0,0,1,0.0
SA252,2022-12-07,4011,2021-10-11,2022-10-10,252,252,252,0.18503337040743437,0.23870384019881555,-0.2511320449684764,0.012670862047536735,-0.012670862047536735,-0.22588801616060095,-0.012670862047536735,-0.048559280074525965,0.012670862047536735,2.4603060921447377,2.883880033602138,-2.9819649525526755,-0.06331903764490869,0.8876438419996436,-2.782735975761921,-0.77925452621575,-1.3832358042597905,-0.5159124945549904,0,0,0,1,1,0,0,0,1,0.0
SA252,2023-01-09,4032,2021-11-09,2022-11-08,252,252,252,0.21241226701939617,0.20314464776413832,-0.24381650033300356,0.01214220582476129,-0.01214220582476129,-0.22530095649328635,-0.01214220582476129,-0.06675680509113067,0.01214220582476129,2.7493713258115693,2.6730456615211597,-3.0080082964480375,0.02664747191294612,0.9127135759052657,-2.855519167973877,-1.0200393788228759,-1.5497914139702296,-0.5184021782305214,0,0,0,0,1,0,0,0,1,0.0
SA252,2023-02-08,4053,2021-12-09,2022-12-08,252,252,252,0.17395008689864708,0.13398525740013514,-0.23349461399512064,0.018742344483509334,-0.018742344483509334,-0.31954986536390895,-0.02625874286673813,-0.05653440002492204,0.018742344483509334,1.9281127398533255,1.7148799208019232,-2.2458132663208894,0.4485025224778273,0.5422136990644123,-2.7049620747557412,-1.1401038322064894,-1.3016399579821216,-0.6449434751810537,0,0,0,0,1,0,0,0,1,0.0
SA252,2023-03-10,4074,2022-01-10,2023-01-10,252,252,252,0.05067739231947831,0.05067739231947831,-0.088041708041189,0.05067739231947831,-0.05067739231947831,-0.5572165457224627,-0.05067739231947831,-0.05067739231947831,0.05067739231947831,1.0513027628988707,0.8748261613424569,-1.1737297520877952,0.8558419835233676,0.5328558968444919,-2.099536736637279,-0.8280740187940119,-0.973098512871137,0.20487967027182563,0,0,0,0,1,0,0,0,0,0.0
SA252,2023-04-11,4095,2022-02-09,2023-02-09,252,252,252,0.05619688285015977,0.031314832010369865,-0.0966109721153693,0.17674859572058552,-0.031314832010369865,-0.4463190916847504,-0.031314832010369865,-0.09886512958765543,0.031314832010369865,1.1794577177726844,1.0116856232031768,-1.3085150579232765,1.5644245374270425,0.9914852772487086,-2.425264205590988,-1.0139927172730856,-1.3157134279210452,0.685080557549933,0,0,0,0,1,0,0,0,0,0.0
SA252,2023-05-10,4116,2022-03-11,2023-03-13,252,252,252,0.05395273559566354,0.02857724945342554,-0.08831920874859214,0.2287441216544259,-0.02857724945342554,-0.39872164486767747,-0.02857724945342554,-0.11595329131993869,0.02857724945342554,1.188796110988898,1.0009050771731387,-1.309054266725468,1.8004413511777162,1.086800432623062,-2.3952415032716976,-0.8233265675662932,-1.4057538550339366,0.8488053425617302,0,0,0,0,1,0,0,0,0,0.0
SA252,2023-06-09,4137,2022-04-11,2023-04-12,252,252,252,0.04200806661914483,0.04200806661914483,-0.04200806661914483,0.28706707761131767,-0.04200806661914483,-0.3540277907035763,-0.04200806661914483,-0.04200806661914483,0.1068567319702369,0.9346956136547229,0.6627950807463158,-0.8591842358090123,1.6833617938524437,0.23028388172776884,-1.8427614484457875,-0.15100480102331248,-0.9548381908410755,1.2543719351309965,0,0,0,0,1,0,0,0,0,0.0
SA252,2023-07-12,4158,2022-05-11,2023-05-11,252,252,252,0.053412501656839334,0.053412501656839334,-0.053412501656839334,0.3545206913441975,-0.053412501656839334,-0.1948990016055919,-0.053412501656839334,-0.053412501656839334,0.13010529710917446,0.7676645104765538,0.32741751203276637,-0.1751741918320821,1.6637410350518604,-0.525441932297808,-1.3648939771774116,0.3604784530064297,-0.9392917045903083,1.243585851763816,0,0,0,0,0,0,1,0,0,0.0
SA252,2023-08-10,4179,2022-06-10,2023-06-12,252,252,252,0.028727470961618925,0.028727470961618925,-0.028727470961618925,0.2119122979636704,-0.028727470961618925,-0.22068110115101727,-0.028727470961618925,-0.3950417751155987,0.028727470961618925,0.6536863827106072,0.28761295275252774,0.06322715628620303,1.7376643013469368,-0.5219141601593502,-1.7681884056061052,-0.0458556706108204,-2.3751359304945105,0.465746178661659,0,0,1,0,0,0,0,0,0,0.0
SA252,2023-09-11,4200,2022-07-13,2023-07-13,252,252,252,0.017304299869167532,0.017304299869167532,-0.017304299869167532,0.25106065926744686,-0.017304299869167532,-0.2770963479014141,-0.017304299869167532,-0.36801719361613383,0.017304299869167532,0.6799702266007996,0.5106280756409161,-0.3356472220265282,2.4508570769441063,-0.06288371310632888,-2.6013149910510913,-0.8288280271513457,-3.1267384199222055,0.3283582058585247,0,0,0,0,0,0,0,0,0,0.0
SA252,2023-10-10,4221,2022-08-11,2023-08-11,252,252,252,0.012867588010162249,0.012867588010162249,-0.012867588010162249,0.3686759848476574,-0.012867588010162249,-0.25362846617903434,-0.01646617241285001,-0.2968914365096471,0.012867588010162249,0.6509612482406354,0.6288014855844322,-0.6812591127217816,3.865152230212014,0.35540460334888885,-2.9710645536578406,-1.1279662699788473,-3.3072811802427577,0.3482538206922757,0,0,0,0,1,0,0,0,0,0.0
SA252,2023-11-08,4242,2022-09-12,2023-09-12,252,252,252,0.011508024162165629,0.011508024162165629,-0.011508024162165629,0.38969434109421786,-0.011508024162165629,-0.23468239448857006,-0.0444690142430802,-0.2736141293633038,0.011508024162165629,0.43152377841250916,0.598922844539777,-0.7626450590110285,4.386283653934243,0.5937227631814033,-3.0392935501484604,-1.3864174563456237,-3.3775943246873923,0.32501505935259434,0,0,0,0,1,0,0,0,0,0.0
SA252,2023-12-08,4263,2022-10-11,2023-10-11,252,252,252,0.012510560698697477,0.012510560698697477,-0.012510560698697477,0.3834929774862236,-0.012510560698697477,-0.2471586988116103,-0.012510560698697477,-0.2942849595099813,0.012510560698697477,0.28620764815206684,0.46813386919471156,-0.633234068186722,4.065354037458533,0.4248525881570704,-2.975600492768825,-0.8141671191515807,-3.352292328037867,0.44667608511835033,0,0,0,0,1,0,0,0,0,0.0
SA252,2024-01-10,4284,2022-11-09,2023-11-09,252,252,252,0.022362176133055547,0.022362176133055547,-0.022362176133055547,0.4246264378591487,-0.022362176133055547,-0.2020373199577215,-0.022362176133055547,-0.23916318538479658,0.022362176133055547,0.10060720342903831,-0.032412293615635066,-0.03795632004107821,2.8988600900583648,-0.09543735250746833,-1.9034779028462796,-0.3836996862882158,-2.0694987105090723,0.9609830568397102,0,1,0,0,0,0,0,0,0,0.0
SA252,2024-02-09,4305,2022-12-09,2023-12-11,252,252,252,0.028519970415472832,0.028519970415472832,-0.028519970415472832,0.42751507684881634,-0.028519970415472832,-0.17642409545854343,-0.028519970415472832,-0.19637083779469663,0.05709013782057931,0.6522448312652308,0.24418268135705357,-0.10377011134192303,2.4990025256718997,0.10818922631804695,-1.6185984518512289,-0.08375388357152463,-1.6885380136585286,1.2001760064575888,0,0,0,0,1,0,0,0,0,0.0
SA252,2024-03-12,4326,2023-01-11,2024-01-11,252,252,252,0.1490721856283632,0.019588325863468217,-0.019588325863468217,0.32095431866385393,-0.019588325863468217,-0.15199779435320285,-0.019588325863468217,-0.22989048727633168,0.06973191062437538,1.7610256571562322,0.9539733853298411,-0.6140033761593985,2.638497954858033,0.26089207458920843,-1.7759611281364034,-0.23754325833158355,-2.173609673836763,1.3559870869537851,0,0,0,0,1,0,0,0,0,0.0
SA252,2024-04-11,4347,2023-02-10,2024-02-12,252,252,252,0.14232486256607743,0.019345137466420012,-0.019345137466420012,0.3377809374655019,-0.019345137466420012,-0.13679803207088562,-0.019345137466420012,-0.2305737812573694,0.0751418367744857,1.7357138857923862,0.888079564066223,-0.5467399176449184,2.7460766978360027,0.39107538184952606,-1.7071442749287493,0.01218224745071286,-2.1918952845778827,1.3884275152085097,0,0,0,0,1,0,1,0,0,0.0
SA252,2024-05-10,4368,2023-03-14,2024-03-13,252,252,252,0.138038876892116,0.0248300945375738,-0.0248300945375738,0.206317389101415,-0.0248300945375738,-0.20843599348375091,-0.0248300945375738,-0.30338433782862334,0.044503024543799556,1.5559337548362153,0.7967069735638739,-0.6157856073514615,1.83091664749487,1.0174576456735953,-1.839449053117128,-0.21238425083903223,-2.2218412514279042,1.1792301856783347,0,0,0,0,1,0,0,0,0,0.0
SA252,2024-06-11,4389,2023-04-13,2024-04-12,252,252,252,0.09133316672799707,0.02316831824044689,-0.02316831824044689,0.14851252825701547,-0.02316831824044689,-0.26256724958085353,-0.02316831824044689,-0.3817454642318994,0.02316831824044689,1.3942157811374891,0.7804601345987837,-0.7676941402646604,1.6410155744396873,2.323322584012631,-2.133303016886516,-0.47472168785121277,-2.64770468132406,0.8010084923401795,0,0,0,0,1,0,0,0,0,0.21571747643735875
SA252,2024-07-12,4410,2023-05-12,2024-05-13,252,252,252,0.13860897912013947,0.03323229609426825,-0.04274273671501707,0.13504153624599666,-0.018257761551552995,-0.19930280951246981,-0.018257761551552995,-0.36279832705349896,0.051757792155503815,1.7591783841012507,1.1820173628647348,-1.234107212947917,1.73963906180224,3.585272931928932,-2.091605939477927,-0.5085438624103772,-2.9870909477544334,1.283483777621695,0,0,0,0,1,0,0,0,0,0.3064275537475934
SA252,2024-08-12,4431,2023-06-13,2024-06-12,252,252,252,0.26187322751990016,0.0939565258380231,-0.11021904508099696,0.015302214556627733,-0.015302214556627733,-0.10883166558851304,-0.015302214556627733,-0.182441907788195,0.1967709845144885,2.711342018835287,1.61400606748994,-1.7202816603643727,0.9788931565286076,3.926824564869164,-1.711215132853928,-0.33426107129345217,-2.192258199707279,2.285898742213509,0,0,0,0,1,0,0,0,0,0.29733171434658096
SA252,2024-09-11,4452,2023-07-14,2024-07-15,252,252,252,0.2555880894370259,0.1043105837098698,-0.12387076772325388,0.01487150856427252,-0.01487150856427252,-0.06812149985139711,-0.01487150856427252,-0.10575045626595671,0.29774407731967906,2.71864265371876,1.7014122559191254,-1.832940163319022,0.3918646183057211,3.6911973706559102,-1.4580671796474836,-0.38000139086114526,-1.7110943439861428,3.002110788107824,0,0,0,0,1,0,0,0,0,0.2740241548656262
SA252,2024-10-10,4473,2023-08-14,2024-08-13,252,252,252,0.273169590550442,0.10197859721659304,-0.1066281926302038,0.014757919286600437,-0.014757919286600437,-0.04922498720023236,-0.014757919286600437,-0.10035789930706718,0.3243669752356602,2.8510034188794378,1.6910093166669184,-1.722515081966993,0.16621757810189638,3.616480003966047,-1.3335496437151988,-0.2772909185458554,-1.6800274304128218,3.1979180732487924,0,0,0,0,1,0,0,0,0,0.26681099844580936
SA252,2024-11-08,4494,2023-09-13,2024-09-12,252,252,252,0.34518935967318143,0.0640075590598724,-0.0190552170352008,0.0190552170352008,-0.0190552170352008,-0.0190552170352008,-0.0190552170352008,-0.09925935433108733,0.39626764175985474,2.8115215325834986,1.335905694181446,-1.0933019776365607,-0.3016772761556656,2.906677780863068,-0.8229983279043427,0.6258276405765439,-1.5209038246466835,3.079575588290742,0,0,0,1,1,0,1,0,0,0.2512197796470622
SA252,2024-12-10,4515,2023-10-12,2024-10-11,252,252,252,0.34561535281397393,0.05198741396027229,-0.019584319779790162,0.019584319779790162,-0.019584319779790162,-0.019584319779790162,-0.019584319779790162,-0.04793780040353014,0.45653783392327263,2.7647554610021645,1.2654542743624937,-0.7213324326181012,-0.3328099510826892,2.47019586720738,-0.46054635606618255,0.7958859242624595,-1.2447764382044,3.3311396007452463,0,0,0,1,1,0,1,0,0,0.20742662077966312
SA252,2025-01-13,4536,2023-11-10,2024-11-11,252,252,252,0.2418750560366588,0.3230065183738338,-0.04143904717329693,0.010502936901829343,-0.010502936901829343,-0.01345324200281618,-0.010502936901829343,-0.1115570392717701,0.2371602864361362,3.302927821974541,4.075392353519465,-1.3945472353173836,0.42103539303737525,1.9260964528728826,-1.1280902868270395,0.6264882037316633,-2.062150904213656,3.258037810308362,0,0,0,0,1,0,1,0,0,0.07899882361086348
SA252,2025-02-12,4557,2023-12-12,2024-12-11,252,252,252,0.21619433379719136,0.3770669504584368,-0.08189640621868702,0.010599901149317274,-0.010599901149317274,-0.03149975715250367,-0.010599901149317274,-0.16762109500754058,0.09392175391768898,3.0395882070194227,4.557268555119717,-1.7726148108839852,0.695737529700169,1.297632774989281,-1.2971702915789223,0.31769711112496113,-2.5813458318744495,1.886062545250607,0,0,0,0,1,0,1,0,0,0.02030152848377187
SA252,2025-03-14,4578,2024-01-12,2025-01-14,252,252,252,0.21222167102108133,0.4423287035696389,-0.09617015751277382,0.009769080371759352,-0.009769080371759352,-0.039630106762303115,-0.009769080371759352,-0.15194339019005929,0.02839872982886559,3.1723812574474857,5.5278438372595575,-1.984434090549448,0.35398202784887806,1.5230771405536803,-1.4056687554425962,-0.4140442205738117,-2.555349985954668,1.2907001349990035,0,0,0,0,1,0,0,0,0,0.03930257766620555
SA252,2025-04-14,4599,2024-02-13,2025-02-13,252,252,252,0.1849470883314104,0.43594943548504833,-0.10206662965741509,0.010296241741181617,-0.010296241741181617,-0.05567835032607313,-0.010296241741181617,-0.16518220098217248,0.025287569994335644,2.7962582171287047,5.234063714154966,-1.9912998570068705,0.07555981315665385,1.745148276527455,-1.5407638216513297,-0.8369917037265252,-2.6042960638880244,1.245600002699952,0,0,0,0,1,0,0,0,0,0.06164711485448646
SA252,2025-05-14,4620,2024-03-14,2025-03-17,252,252,252,0.21474197342701146,0.4107413625086261,-0.09079225602363876,0.011808423716673098,-0.011808423716673098,-0.025522900409050395,-0.011808423716673098,-0.18465688242466471,0.038119354056989546,2.8185490170360588,4.478375881182796,-1.7688770169674988,0.22695383452231835,1.7292160531323262,-1.2161414683402063,-0.8042077797817,-2.5637724971194538,1.3228149240881855,0,0,0,0,1,0,0,0,0,0.06834505433946747
SA252,2025-06-13,4641,2024-04-15,2025-04-15,252,252,252,0.33517847582831906,0.2826217282886502,-0.024501050349949077,0.015516009324157767,-0.015516009324157767,-0.015516009324157767,-0.015516009324157767,-0.22914205430284465,0.06649265393360619,3.1602105852466873,2.821484651008943,-1.1579081955809474,0.4036397032008873,1.3382319287359876,-0.9875048959455668,-0.4192321009195366,-2.476810496279351,1.428542240111186,0,0,0,0,1,0,0,0,0,0.035093359113292484
SA252,2025-07-16,4662,2024-05-14,2025-05-15,252,252,252,0.38070956493532204,0.028379772756381462,-0.028379772756381462,0.028379772756381462,-0.028379772756381462,-0.028379772756381462,-0.028379772756381462,-0.378284005952827,0.07072779257356206,2.3414820767009696,1.0357045532955855,-0.4914424862157182,0.21582294844743358,0.8848846407922493,-1.035427466519673,-0.5060739704249971,-2.332935288806237,1.2492190236359741,0,0,0,0,1,0,0,0,0,0.0
SA252,2025-08-14,4683,2024-06-13,2025-06-16,252,252,252,0.1532132227000229,0.02359000479946262,-0.02359000479946262,0.02359000479946262,-0.02359000479946262,-0.02359000479946262,-0.02359000479946262,-0.6382198853969908,0.06702686310621049,1.649483643612964,0.5983633752655841,-0.10554608727110185,0.3699673733039095,0.7152017830050327,-0.9697952240892652,-0.2695118958645365,-3.7054673825735276,1.2841324691368328,0,0,0,0,1,0,0,0,0,0.0
SA252,2025-09-15,4704,2024-07-16,2025-07-17,252,252,252,0.11362776999095672,0.024607204483199578,-0.024607204483199578,0.024607204483199578,-0.024607204483199578,-0.024607204483199578,-0.024607204483199578,-0.6651181431875164,0.07361085992232941,1.4617662687711455,0.32803012928323005,0.1992353851812234,0.7584338901928784,0.4748858820596655,-0.6995173495891476,0.2191921882271717,-3.7029406921928976,1.299143529174908,0,0,1,0,1,0,1,0,0,0.0
SA252,2025-10-14,4725,2024-08-14,2025-08-15,252,252,252,0.08729844558602763,0.03304559354958907,-0.03304559354958907,0.03304559354958907,-0.03304559354958907,-0.03304559354958907,-0.03304559354958907,-0.681382399566849,0.03304559354958907,1.2641757529790631,-0.014715465218219969,0.528605597988185,0.2412743281934476,0.23598422752396023,0.07943097686934478,0.40779025721892076,-3.0619463183324247,0.9011145054068534,0,1,1,0,1,1,1,0,0,0.0
SA252,2025-11-12,4746,2024-09-13,2025-09-16,252,252,252,0.07989108776366355,0.03802461027314125,-0.03802461027314125,0.03802461027314125,-0.03802461027314125,-0.03802461027314125,-0.03802461027314125,-0.6539366403243477,0.03802461027314125,1.2101036333831796,-0.05478381343097341,0.6306680075261776,-0.22791748157816072,0.10220887438608212,0.5551350914564595,0.5939447467415964,-2.7197721045053207,0.6181495580618731,0,1,1,1,1,1,1,0,0,0.0
SA252,2025-12-12,4767,2024-10-14,2025-10-15,252,252,252,0.05267277216330403,0.05267277216330403,-0.05267277216330403,0.05267277216330403,-0.05267277216330403,-0.05267277216330403,-0.05267277216330403,-0.5786178226935678,0.05267277216330403,0.9235308399748305,0.05083552176126568,0.4817216206442988,-0.4315738519999648,0.161614151215046,0.5065581067620297,0.2751852082277533,-2.098514087885198,0.2294105547162868,0,0,1,1,1,1,1,0,0,0.0
SA252,2026-01-14,4788,2024-11-12,2025-11-13,252,252,252,0.0678338965170288,0.0678338965170288,-0.0678338965170288,0.0678338965170288,-0.0678338965170288,-0.0678338965170288,-0.0678338965170288,-0.45732882786376955,0.0678338965170288,0.7444125086978042,0.024801648928721724,0.4373791985524611,-1.0940097449580743,0.4848297995797612,0.2818717773824441,0.3152213153695948,-1.6741892348008687,0.4028342027684381,0,0,1,1,1,1,1,0,0,0.0
SA252,2026-02-13,4809,2024-12-12,2025-12-15,252,252,252,0.07719253405387451,0.07719253405387451,-0.07719253405387451,0.07719253405387451,-0.07719253405387451,-0.07719253405387451,-0.07719253405387451,-0.382459727569004,0.07719253405387451,0.7299525360563881,-0.0339651611414984,0.49260641758181695,-2.5770666478817756,1.050133112955557,0.09726933144170702,0.346674002903727,-1.4954620705962007,0.6317072935245969,0,1,1,1,1,1,1,0,0,0.4916263342129008
SA252,2026-03-17,4830,2025-01-15,2026-01-15,252,252,252,0.11111111111111113,0.11111111111111113,-0.11111111111111113,0.11111111111111113,-0.11111111111111113,-0.11111111111111113,-0.11111111111111113,-0.11111111111111113,0.11111111111111113,0.9563338063853879,0.06509804364562528,0.6738390696762034,-3.0284283672715113,1.1477328718156559,0.03416379151775131,0.49617775073011056,-0.9801004847057628,0.642463862688205,0,0,1,1,1,1,1,0,0,0.5941443313533354
SA252,2026-04-16,4851,2025-02-14,2026-02-17,252,252,252,0.19605376623028514,0.10049327922121438,-0.10049327922121438,0.10049327922121438,-0.10049327922121438,-0.10049327922121438,-0.10049327922121438,-0.10049327922121438,0.10049327922121438,1.1950914207891603,0.1121769316555331,1.2303477783989158,-3.149605301517065,0.7902236126352946,0.1984734193007357,0.9747871158205137,-0.630313694843158,0.7027801476218517,0,0,1,1,1,1,1,0,0,0.5765382713726943
SA252,2026-05-15,4872,2025-03-18,2026-03-18,252,252,252,0.1667322617662829,0.10415846727921467,-0.10415846727921467,0.10415846727921467,-0.10415846727921467,-0.10415846727921467,-0.10415846727921467,-0.10415846727921467,0.10415846727921467,1.1600755715033022,-0.20490433799669872,1.844781604919765,-3.912021898644872,-0.07986859006973812,0.5925759564894307,1.3562831534261446,-0.11516832617863912,-1.0010500360491676,0,1,1,1,0,1,1,0,1,0.505923855349825
SA252,2026-06-16,4893,2025-04-16,2026-04-17,252,252,252,0.11111111111111113,0.11111111111111113,-0.11111111111111113,0.11111111111111113,-0.11111111111111113,-0.11111111111111113,-0.11111111111111113,-0.11111111111111113,0.11111111111111113,1.0659227468443158,-0.00648494925443233,1.876486509142233,-5.00311262044969,-0.29347437155029377,0.6077469331297295,1.362033363839536,0.7220311312767003,-1.0839002725369398,0,1,1,1,0,1,1,1,1,0.5741618198633953
SA252,2026-07-17,4914,2025-05-16,2026-05-18,252,252,252,0.34609078283953193,0.08173865214505852,-0.08173865214505852,0.08173865214505852,-0.08173865214505852,-0.08173865214505852,-0.08173865214505852,-0.08173865214505852,0.08173865214505852,1.423411414009296,0.6572947090853339,1.6032986138626057,-3.3666414441474792,-0.009550126377991686,0.41973845542297056,1.3994144463244982,2.0283998341748717,-1.2044340417725594,0,0,1,1,0,1,1,1,1,0.36265100076959755
