date,action,ticker,name,value,contraticker,contraname,side
2026-09-01,listed,TLACU,THREE LIONS ACQUISITION CORP,138.6,TLACU,N/A,base_only
2026-09-01,tickerchangefrom,AGGM,ISHARES GOVERNMENT/CREDIT BOND ETF,,GBF,N/A,base_only
2026-09-01,tickerchangeto,AGGM,ISHARES GOVERNMENT/CREDIT BOND ETF,,AGGM,N/A,base_only
2026-09-02,listed,GIXI,GIX INTERNET LTD,,GIXI,N/A,base_only
2026-09-02,relation,FVN,FUTURE VISION II ACQUISITION CORP,,FVNNU,FUTURE VISION II ACQUISITION CORP,base_only
2026-09-02,relation,FVNNU,FUTURE VISION II ACQUISITION CORP,,FVN,FUTURE VISION II ACQUISITION CORP,base_only
2026-09-02,relation,GLU,GABELLI GLOBAL UTILITY & INCOME TRUST,,GLU-PB,GABELLI GLOBAL UTILITY & INCOME TRUST,base_only
2026-09-02,relation,GLU-PB,GABELLI GLOBAL UTILITY & INCOME TRUST,,GLU,GABELLI GLOBAL UTILITY & INCOME TRUST,base_only
2026-09-02,relation,PCG,PG&E CORP,,PCG-PI,PG&E CORP,base_only
2026-09-02,relation,PCG-PI,PG&E CORP,,PCG,PG&E CORP,base_only
2026-09-02,tickerchangefrom,YFOR,YY GROUP HOLDING LTD,,YYGH,N/A,base_only
2026-09-02,tickerchangeto,YFOR,YY GROUP HOLDING LTD,,YFOR,N/A,base_only
2026-09-03,listed,TRBG,TURBOGEN LTD,,TURGF,N/A,base_only
2026-09-03,relation,DTSQ,DT CLOUD STAR ACQUISITION CORP,,DTSQU,DT CLOUD STAR ACQUISITION CORP,base_only
2026-09-03,relation,DTSQU,DT CLOUD STAR ACQUISITION CORP,,DTSQ,DT CLOUD STAR ACQUISITION CORP,base_only
2026-09-03,relation,PCG,PG&E CORP,,PCG-PE,PG&E CORP,base_only
2026-09-03,relation,PCG-PE,PG&E CORP,,PCG,PG&E CORP,base_only
2026-09-04,dividend,MUSI,AMERICAN CENTURY MULTISECTOR INCOME ETF,0.1647,N/A,N/A,base_only
2026-09-04,relation,AACI,ARMADA ACQUISITION CORP III,,AACIU,ARMADA ACQUISITION CORP III,base_only
2026-09-04,relation,AACIU,ARMADA ACQUISITION CORP III,,AACI,ARMADA ACQUISITION CORP III,base_only
2026-09-04,relation,AACO,ABONY ACQUISITION CORP I,,AACOU,ABONY ACQUISITION CORP I,base_only
2026-09-04,relation,AACOU,ABONY ACQUISITION CORP I,,AACO,ABONY ACQUISITION CORP I,base_only
2026-09-04,relation,AACP,APOGEE ACQUISITION CORP,,AACPU,APOGEE ACQUISITION CORP,base_only
2026-09-04,relation,AACPU,APOGEE ACQUISITION CORP,,AACP,APOGEE ACQUISITION CORP,base_only
2026-09-04,relation,ACAA,AVERIN CAPITAL ACQUISITION CORP,,ACAAU,AVERIN CAPITAL ACQUISITION CORP,base_only
2026-09-04,relation,ACAAU,AVERIN CAPITAL ACQUISITION CORP,,ACAA,AVERIN CAPITAL ACQUISITION CORP,base_only
2026-09-04,relation,ACGC,ACP HOLDINGS ACQUISITION CORP,,ACGCU,ACP HOLDINGS ACQUISITION CORP,base_only
2026-09-04,relation,ACGCU,ACP HOLDINGS ACQUISITION CORP,,ACGC,ACP HOLDINGS ACQUISITION CORP,base_only
2026-09-04,relation,ACP,ABRDN INCOME CREDIT STRATEGIES FUND,,ACP-PA,ABRDN INCOME CREDIT STRATEGIES FUND,base_only
2026-09-04,relation,ACP-PA,ABRDN INCOME CREDIT STRATEGIES FUND,,ACP,ABRDN INCOME CREDIT STRATEGIES FUND,base_only
2026-09-04,relation,ADAC,AMERICAN DRIVE ACQUISITION CO,,ADACU,AMERICAN DRIVE ACQUISITION CO,base_only
2026-09-04,relation,ADACU,AMERICAN DRIVE ACQUISITION CO,,ADAC,AMERICAN DRIVE ACQUISITION CO,base_only
2026-09-04,relation,AEAQ,ACTIVATE ENERGY ACQUISITION CORP,,AEAQU,ACTIVATE ENERGY ACQUISITION CORP,base_only
2026-09-04,relation,AEAQU,ACTIVATE ENERGY ACQUISITION CORP,,AEAQ,ACTIVATE ENERGY ACQUISITION CORP,base_only
2026-09-04,relation,AESP,AEON ACQUISITION I CORP,,AESPU,AEON ACQUISITION I CORP,base_only
2026-09-04,relation,AESPU,AEON ACQUISITION I CORP,,AESP,AEON ACQUISITION I CORP,base_only
2026-09-04,relation,AFJK,AIMEI HEALTH TECHNOLOGY CO LTD,,AFJKU,AIMEI HEALTH TECHNOLOGY CO LTD,base_only
2026-09-04,relation,AFJKU,AIMEI HEALTH TECHNOLOGY CO LTD,,AFJK,AIMEI HEALTH TECHNOLOGY CO LTD,base_only
2026-09-04,relation,AIIA,AI INFRASTRUCTURE ACQUISITION CORP,,AIIA.U,AI INFRASTRUCTURE ACQUISITION CORP,base_only
2026-09-04,relation,AIIA.U,AI INFRASTRUCTURE ACQUISITION CORP,,AIIA,AI INFRASTRUCTURE ACQUISITION CORP,base_only
2026-09-04,relation,ALDF,ALDEL FINANCIAL II INC,,ALDFU,ALDEL FINANCIAL II INC,base_only
2026-09-04,relation,ALDFU,ALDEL FINANCIAL II INC,,ALDF,ALDEL FINANCIAL II INC,base_only
2026-09-04,relation,ALF,CENTURION ACQUISITION CORP,,ALFUU,CENTURION ACQUISITION CORP,base_only
2026-09-04,relation,ALFUU,CENTURION ACQUISITION CORP,,ALF,CENTURION ACQUISITION CORP,base_only
2026-09-04,relation,ALIS,CALISA ACQUISITION CORP,,ALISU,CALISA ACQUISITION CORP,base_only
2026-09-04,relation,ALISU,CALISA ACQUISITION CORP,,ALIS,CALISA ACQUISITION CORP,base_only
2026-09-04,relation,ALOV,ALDABRA 4 LIQUIDITY OPPORTUNITY VEHICLE INC,,ALOVU,ALDABRA 4 LIQUIDITY OPPORTUNITY VEHICLE INC,base_only
2026-09-04,relation,ALOVU,ALDABRA 4 LIQUIDITY OPPORTUNITY VEHICLE INC,,ALOV,ALDABRA 4 LIQUIDITY OPPORTUNITY VEHICLE INC,base_only
2026-09-04,relation,ANH,ANWORTH MORTGAGE ASSET CORP,,RC-PC,ANWORTH MORTGAGE ASSET CORP,base_only
2026-09-04,relation,APAC,STONEBRIDGE ACQUISITION II CORP,,APACU,STONEBRIDGE ACQUISITION II CORP,base_only
2026-09-04,relation,APACU,STONEBRIDGE ACQUISITION II CORP,,APAC,STONEBRIDGE ACQUISITION II CORP,base_only
2026-09-04,relation,ARCI,ARCHIMEDES TECH SPAC PARTNERS III CO,,ARCIU,ARCHIMEDES TECH SPAC PARTNERS III CO,base_only
2026-09-04,relation,ARCIU,ARCHIMEDES TECH SPAC PARTNERS III CO,,ARCI,ARCHIMEDES TECH SPAC PARTNERS III CO,base_only
2026-09-04,relation,ARTC,ART TECHNOLOGY ACQUISITION CORP,,ARTCU,ART TECHNOLOGY ACQUISITION CORP,base_only
2026-09-04,relation,ARTCU,ART TECHNOLOGY ACQUISITION CORP,,ARTC,ART TECHNOLOGY ACQUISITION CORP,base_only
2026-09-04,relation,ASPC,ASPAC III ACQUISITION CORP,,ASPCU,ASPAC III ACQUISITION CORP,base_only
2026-09-04,relation,ASPCU,ASPAC III ACQUISITION CORP,,ASPC,ASPAC III ACQUISITION CORP,base_only
2026-09-04,relation,ATII,ARCHIMEDES TECH SPAC PARTNERS II CO,,ATIIU,ARCHIMEDES TECH SPAC PARTNERS II CO,base_only
2026-09-04,relation,ATIIU,ARCHIMEDES TECH SPAC PARTNERS II CO,,ATII,ARCHIMEDES TECH SPAC PARTNERS II CO,base_only
2026-09-04,relation,AXIN,AXIOM INTELLIGENCE ACQUISITION CORP 1,,AXINU,AXIOM INTELLIGENCE ACQUISITION CORP 1,base_only
2026-09-04,relation,AXINU,AXIOM INTELLIGENCE ACQUISITION CORP 1,,AXIN,AXIOM INTELLIGENCE ACQUISITION CORP 1,base_only
2026-09-04,relation,BACC,BLUE ACQUISITION CORP,,BACCU,BLUE ACQUISITION CORP,base_only
2026-09-04,relation,BACCU,BLUE ACQUISITION CORP,,BACC,BLUE ACQUISITION CORP,base_only
2026-09-04,relation,BCSS,BAIN CAPITAL GSS INVESTMENT CORP,,BCSS.U,BAIN CAPITAL GSS INVESTMENT CORP,base_only
2026-09-04,relation,BCSS.U,BAIN CAPITAL GSS INVESTMENT CORP,,BCSS,BAIN CAPITAL GSS INVESTMENT CORP,base_only
2026-09-04,relation,BDCI,BTC DEVELOPMENT CORP,,BDCIU,BTC DEVELOPMENT CORP,base_only
2026-09-04,relation,BDCIU,BTC DEVELOPMENT CORP,,BDCI,BTC DEVELOPMENT CORP,base_only
2026-09-04,relation,BEAG,BOLD EAGLE ACQUISITION CORP,,BEAGU,BOLD EAGLE ACQUISITION CORP,base_only
2026-09-04,relation,BEAGU,BOLD EAGLE ACQUISITION CORP,,BEAG,BOLD EAGLE ACQUISITION CORP,base_only
2026-09-04,relation,BEBE,TGE VALUE CREATIVE SOLUTIONS CORP,,BEBE.U,TGE VALUE CREATIVE SOLUTIONS CORP,base_only
2026-09-04,relation,BEBE.U,TGE VALUE CREATIVE SOLUTIONS CORP,,BEBE,TGE VALUE CREATIVE SOLUTIONS CORP,base_only
2026-09-04,relation,BFH,BREAD FINANCIAL HOLDINGS INC,,BFH-PB,BREAD FINANCIAL HOLDINGS INC,base_only
2026-09-04,relation,BFH-PB,BREAD FINANCIAL HOLDINGS INC,,BFH,BREAD FINANCIAL HOLDINGS INC,base_only
2026-09-04,relation,BHAV,BHAV ACQUISITION CORP,,BHAVU,BHAV ACQUISITION CORP,base_only
2026-09-04,relation,BHAVU,BHAV ACQUISITION CORP,,BHAV,BHAV ACQUISITION CORP,base_only
2026-09-04,relation,BID,TRIBECA STRATEGIC ACQUISITION CORP,,BIDWU,TRIBECA STRATEGIC ACQUISITION CORP,base_only
2026-09-04,relation,BIDWU,TRIBECA STRATEGIC ACQUISITION CORP,,BID,TRIBECA STRATEGIC ACQUISITION CORP,base_only
2026-09-04,relation,BIII,BLACK SPADE ACQUISITION III CO,,BIII.U,BLACK SPADE ACQUISITION III CO,base_only
2026-09-04,relation,BIII.U,BLACK SPADE ACQUISITION III CO,,BIII,BLACK SPADE ACQUISITION III CO,base_only
2026-09-04,relation,BIO,BIO-RAD LABORATORIES INC,,BIO.B,BIO-RAD LABORATORIES INC,base_only
2026-09-04,relation,BIO.B,BIO-RAD LABORATORIES INC,,BIO,BIO-RAD LABORATORIES INC,base_only
2026-09-04,relation,BIP,BROOKFIELD INFRASTRUCTURE PARTNERS LP,,BIPJ,BROOKFIELD INFRASTRUCTURE PARTNERS LP,base_only
2026-09-04,relation,BIPJ,BROOKFIELD INFRASTRUCTURE PARTNERS LP,,BIP,BROOKFIELD INFRASTRUCTURE PARTNERS LP,base_only
2026-09-04,relation,BIXI,BITCOIN INFRASTRUCTURE ACQUISITION CORP LTD,,BIXIU,BITCOIN INFRASTRUCTURE ACQUISITION CORP LTD,base_only
2026-09-04,relation,BIXIU,BITCOIN INFRASTRUCTURE ACQUISITION CORP LTD,,BIXI,BITCOIN INFRASTRUCTURE ACQUISITION CORP LTD,base_only
2026-09-04,relation,BLRK,BLUEROCK ACQUISITION CORP,,BLRKU,BLUEROCK ACQUISITION CORP,base_only
2026-09-04,relation,BLRKU,BLUEROCK ACQUISITION CORP,,BLRK,BLUEROCK ACQUISITION CORP,base_only
2026-09-04,relation,BLUW,BLUE WATER ACQUISITION CORP III,,BLUWU,BLUE WATER ACQUISITION CORP III,base_only
2026-09-04,relation,BLUWU,BLUE WATER ACQUISITION CORP III,,BLUW,BLUE WATER ACQUISITION CORP III,base_only
2026-09-04,relation,BLZR,TRAILBLAZER ACQUISITION CORP,,BLZRU,TRAILBLAZER ACQUISITION CORP,base_only
2026-09-04,relation,BLZRU,TRAILBLAZER ACQUISITION CORP,,BLZR,TRAILBLAZER ACQUISITION CORP,base_only
2026-09-04,relation,BNY,BANK OF NEW YORK MELLON CORP,,BNY-PK,BANK OF NEW YORK MELLON CORP,base_only
2026-09-04,relation,BNY-PK,BANK OF NEW YORK MELLON CORP,,BNY,BANK OF NEW YORK MELLON CORP,base_only
2026-09-04,relation,BPAC,BLUEPORT ACQUISITION LTD,,BPACU,BLUEPORT ACQUISITION LTD,base_only
2026-09-04,relation,BPACU,BLUEPORT ACQUISITION LTD,,BPAC,BLUEPORT ACQUISITION LTD,base_only
2026-09-04,relation,BPOP,POPULAR INC,,BPOPM,POPULAR INC,base_only
2026-09-04,relation,BPOPM,POPULAR INC,,BPOP,POPULAR INC,base_only
2026-09-04,relation,BSAA,BEST SPAC I ACQUISITION CORP,,BSAAU,BEST SPAC I ACQUISITION CORP,base_only
2026-09-04,relation,BSAAU,BEST SPAC I ACQUISITION CORP,,BSAA,BEST SPAC I ACQUISITION CORP,base_only
2026-09-04,relation,BWB,BRIDGEWATER BANCSHARES INC,,BWBBP,BRIDGEWATER BANCSHARES INC,base_only
2026-09-04,relation,BWBBP,BRIDGEWATER BANCSHARES INC,,BWB,BRIDGEWATER BANCSHARES INC,base_only
2026-09-04,relation,CAII,COLLECTIVE ACQUISITION CORP II,,CAIIU,COLLECTIVE ACQUISITION CORP II,base_only
2026-09-04,relation,CAIIU,COLLECTIVE ACQUISITION CORP II,,CAII,COLLECTIVE ACQUISITION CORP II,base_only
2026-09-04,relation,CAPN,CAYSON ACQUISITION CORP,,CAPNU,CAYSON ACQUISITION CORP,base_only
2026-09-04,relation,CAPNU,CAYSON ACQUISITION CORP,,CAPN,CAYSON ACQUISITION CORP,base_only
2026-09-04,relation,CAQ,CAMBRIDGE ACQUISITION CORP,,CAQUU,CAMBRIDGE ACQUISITION CORP,base_only
2026-09-04,relation,CAQUU,CAMBRIDGE ACQUISITION CORP,,CAQ,CAMBRIDGE ACQUISITION CORP,base_only
2026-09-04,relation,CCAQ,COLLECTIVE ACQUISITION CORP,,CCAQU,COLLECTIVE ACQUISITION CORP,base_only
2026-09-04,relation,CCAQU,COLLECTIVE ACQUISITION CORP,,CCAQ,COLLECTIVE ACQUISITION CORP,base_only
2026-09-04,relation,CCCT,COLUMBUS CIRCLE CAPITAL CORP III,,CCCTU,COLUMBUS CIRCLE CAPITAL CORP III,base_only
2026-09-04,relation,CCCTU,COLUMBUS CIRCLE CAPITAL CORP III,,CCCT,COLUMBUS CIRCLE CAPITAL CORP III,base_only
2026-09-04,relation,CCII,COHEN CIRCLE ACQUISITION CORP II,,CCIIU,COHEN CIRCLE ACQUISITION CORP II,base_only
2026-09-04,relation,CCIIU,COHEN CIRCLE ACQUISITION CORP II,,CCII,COHEN CIRCLE ACQUISITION CORP II,base_only
2026-09-04,relation,CCZ,COMCAST CORP,,CMCSA,COMCAST CORP,base_only
2026-09-04,relation,CHAR,CHARLTON ARIA ACQUISITION CORP,,CHARU,CHARLTON ARIA ACQUISITION CORP,base_only
2026-09-04,relation,CHARU,CHARLTON ARIA ACQUISITION CORP,,CHAR,CHARLTON ARIA ACQUISITION CORP,base_only
2026-09-04,relation,CHEC,CHENGHE ACQUISITION III CO,,CHECU,CHENGHE ACQUISITION III CO,base_only
2026-09-04,relation,CHECU,CHENGHE ACQUISITION III CO,,CHEC,CHENGHE ACQUISITION III CO,base_only
2026-09-04,relation,CHMI,CHERRY HILL MORTGAGE INVESTMENT CORP,,CHMI-PB,CHERRY HILL MORTGAGE INVESTMENT CORP,base_only
2026-09-04,relation,CHMI-PB,CHERRY HILL MORTGAGE INVESTMENT CORP,,CHMI,CHERRY HILL MORTGAGE INVESTMENT CORP,base_only
2026-09-04,relation,CHPG,CHAMPIONSGATE ACQUISITION CORP,,CHPGU,CHAMPIONSGATE ACQUISITION CORP,base_only
2026-09-04,relation,CHPGU,CHAMPIONSGATE ACQUISITION CORP,,CHPG,CHAMPIONSGATE ACQUISITION CORP,base_only
2026-09-04,relation,CLBR,COLOMBIER ACQUISITION CORP III,,CLBR.U,COLOMBIER ACQUISITION CORP III,base_only
2026-09-04,relation,CLBR.U,COLOMBIER ACQUISITION CORP III,,CLBR,COLOMBIER ACQUISITION CORP III,base_only
2026-09-04,relation,CMCSA,COMCAST CORP,,CCZ,COMCAST CORP,base_only
2026-09-04,relation,COLA,COLUMBUS ACQUISITION CORP,,COLAU,COLUMBUS ACQUISITION CORP,base_only
2026-09-04,relation,COLAU,COLUMBUS ACQUISITION CORP,,COLA,COLUMBUS ACQUISITION CORP,base_only
2026-09-04,relation,COPL,COPLEY ACQUISITION CORP,,COPL.U,COPLEY ACQUISITION CORP,base_only
2026-09-04,relation,COPL.U,COPLEY ACQUISITION CORP,,COPL,COPLEY ACQUISITION CORP,base_only
2026-09-04,relation,CRAC,CROWN RESERVE ACQUISITION CORP I,,CRACU,CROWN RESERVE ACQUISITION CORP I,base_only
2026-09-04,relation,CRACU,CROWN RESERVE ACQUISITION CORP I,,CRAC,CROWN RESERVE ACQUISITION CORP I,base_only
2026-09-04,relation,CRAN,CRANE HARBOR ACQUISITION CORP II,,CRANU,CRANE HARBOR ACQUISITION CORP II,base_only
2026-09-04,relation,CRANU,CRANE HARBOR ACQUISITION CORP II,,CRAN,CRANE HARBOR ACQUISITION CORP II,base_only
2026-09-04,relation,CTA-PA,DUPONT E I DE NEMOURS & CO,,DD1,DUPONT E I DE NEMOURS & CO,base_only
2026-09-04,relation,CTAA,CLEARTHINK 1 ACQUISITION CORP,,CTAAU,CLEARTHINK 1 ACQUISITION CORP,base_only
2026-09-04,relation,CTAAU,CLEARTHINK 1 ACQUISITION CORP,,CTAA,CLEARTHINK 1 ACQUISITION CORP,base_only
2026-09-04,relation,CUB,LIONHEART HOLDINGS,,CUBWU,LIONHEART HOLDINGS,base_only
2026-09-04,relation,CUBWU,LIONHEART HOLDINGS,,CUB,LIONHEART HOLDINGS,base_only
2026-09-04,relation,CXII,CHURCHILL CAPITAL CORP XII,,CXIIU,CHURCHILL CAPITAL CORP XII,base_only
2026-09-04,relation,CXIIU,CHURCHILL CAPITAL CORP XII,,CXII,CHURCHILL CAPITAL CORP XII,base_only
2026-09-04,relation,DAAQ,DIGITAL ASSET ACQUISITION CORP,,DAAQU,DIGITAL ASSET ACQUISITION CORP,base_only
2026-09-04,relation,DAAQU,DIGITAL ASSET ACQUISITION CORP,,DAAQ,DIGITAL ASSET ACQUISITION CORP,base_only
2026-09-04,relation,DBCA,D BORAL ACQUISITION I CORP,,DBCAU,D BORAL ACQUISITION I CORP,base_only
2026-09-04,relation,DBCAU,D BORAL ACQUISITION I CORP,,DBCA,D BORAL ACQUISITION I CORP,base_only
2026-09-04,relation,DD1,DUPONT E I DE NEMOURS & CO,,CTA-PA,DUPONT E I DE NEMOURS & CO,base_only
2026-09-04,relation,DGAC,DISCIPLINED GROWTH ACQUISITION CORP,,DGAC.U,DISCIPLINED GROWTH ACQUISITION CORP,base_only
2026-09-04,relation,DGAC.U,DISCIPLINED GROWTH ACQUISITION CORP,,DGAC,DISCIPLINED GROWTH ACQUISITION CORP,base_only
2026-09-04,relation,DMAA,DRUGS MADE IN AMERICA ACQUISITION CORP,,DMAAU,DRUGS MADE IN AMERICA ACQUISITION CORP,base_only
2026-09-04,relation,DMAAU,DRUGS MADE IN AMERICA ACQUISITION CORP,,DMAA,DRUGS MADE IN AMERICA ACQUISITION CORP,base_only
2026-09-04,relation,DMII,DRUGS MADE IN AMERICA ACQUISITION II CORP,,DMIIU,DRUGS MADE IN AMERICA ACQUISITION II CORP,base_only
2026-09-04,relation,DMIIU,DRUGS MADE IN AMERICA ACQUISITION II CORP,,DMII,DRUGS MADE IN AMERICA ACQUISITION II CORP,base_only
2026-09-04,relation,DNMX,DYNAMIX CORP III,,DNMXU,DYNAMIX CORP III,base_only
2026-09-04,relation,DNMXU,DYNAMIX CORP III,,DNMX,DYNAMIX CORP III,base_only
2026-09-04,relation,DRDB,ROMAN DBDR ACQUISITION CORP II,,DRDBU,ROMAN DBDR ACQUISITION CORP II,base_only
2026-09-04,relation,DRDBU,ROMAN DBDR ACQUISITION CORP II,,DRDB,ROMAN DBDR ACQUISITION CORP II,base_only
2026-09-04,relation,DSAC,DAEDALUS SPECIAL ACQUISITION CORP,,DSACU,DAEDALUS SPECIAL ACQUISITION CORP,base_only
2026-09-04,relation,DSACU,DAEDALUS SPECIAL ACQUISITION CORP,,DSAC,DAEDALUS SPECIAL ACQUISITION CORP,base_only
2026-09-04,relation,DYNC,DYNAMIX CORP,,DYNCU,DYNAMIX CORP,base_only
2026-09-04,relation,DYNCU,DYNAMIX CORP,,DYNC,DYNAMIX CORP,base_only
2026-09-04,relation,DYOR,INSIGHT DIGITAL PARTNERS II,,DYORU,INSIGHT DIGITAL PARTNERS II,base_only
2026-09-04,relation,DYORU,INSIGHT DIGITAL PARTNERS II,,DYOR,INSIGHT DIGITAL PARTNERS II,base_only
2026-09-04,relation,EFC,ELLINGTON FINANCIAL INC,,EFC-PD,ELLINGTON FINANCIAL INC,base_only
2026-09-04,relation,EFC-PD,ELLINGTON FINANCIAL INC,,EFC,ELLINGTON FINANCIAL INC,base_only
2026-09-04,relation,EGHA,EGH ACQUISITION CORP,,EGHAU,EGH ACQUISITION CORP,base_only
2026-09-04,relation,EGHAU,EGH ACQUISITION CORP,,EGHA,EGH ACQUISITION CORP,base_only
2026-09-04,relation,ESBA,EMPIRE STATE REALTY OP LP,,OGCP,EMPIRE STATE REALTY OP LP,base_only
2026-09-04,relation,ETSS,ENERGY TRANSITION SPECIAL OPPORTUNITIES,,ETSS.U,ENERGY TRANSITION SPECIAL OPPORTUNITIES,base_only
2026-09-04,relation,ETSS.U,ENERGY TRANSITION SPECIAL OPPORTUNITIES,,ETSS,ENERGY TRANSITION SPECIAL OPPORTUNITIES,base_only
2026-09-04,relation,EURK,EUREKA ACQUISITION CORP,,EURKU,EUREKA ACQUISITION CORP,base_only
2026-09-04,relation,EURKU,EUREKA ACQUISITION CORP,,EURK,EUREKA ACQUISITION CORP,base_only
2026-09-04,relation,EVAC,EQV VENTURES ACQUISITION CORP II,,EVAC.U,EQV VENTURES ACQUISITION CORP II,base_only
2026-09-04,relation,EVAC.U,EQV VENTURES ACQUISITION CORP II,,EVAC,EQV VENTURES ACQUISITION CORP II,base_only
2026-09-04,relation,EVOX,EVOLUTION GLOBAL ACQUISITION CORP,,EVOXU,EVOLUTION GLOBAL ACQUISITION CORP,base_only
2026-09-04,relation,EVOXU,EVOLUTION GLOBAL ACQUISITION CORP,,EVOX,EVOLUTION GLOBAL ACQUISITION CORP,base_only
2026-09-04,relation,FACT,FACT II ACQUISITION CORP,,FACTU,FACT II ACQUISITION CORP,base_only
2026-09-04,relation,FACTU,FACT II ACQUISITION CORP,,FACT,FACT II ACQUISITION CORP,base_only
2026-09-04,relation,FDMM,FREEDOM METALS ACQUISITION CORP,,FDMMU,FREEDOM METALS ACQUISITION CORP,base_only
2026-09-04,relation,FDMMU,FREEDOM METALS ACQUISITION CORP,,FDMM,FREEDOM METALS ACQUISITION CORP,base_only
2026-09-04,relation,FERA,FIFTH ERA ACQUISITION CORP I,,FERAU,FIFTH ERA ACQUISITION CORP I,base_only
2026-09-04,relation,FERAU,FIFTH ERA ACQUISITION CORP I,,FERA,FIFTH ERA ACQUISITION CORP I,base_only
2026-09-04,relation,FGII,FG IMPERII ACQUISITION CORP,,FGIIU,FG IMPERII ACQUISITION CORP,base_only
2026-09-04,relation,FGIIU,FG IMPERII ACQUISITION CORP,,FGII,FG IMPERII ACQUISITION CORP,base_only
2026-09-04,relation,FGNX,FG NEXUS INC,,FGNXP,FG NEXUS INC,base_only
2026-09-04,relation,FGNXP,FG NEXUS INC,,FGNX,FG NEXUS INC,base_only
2026-09-04,relation,FIGX,FIGX CAPITAL ACQUISITION CORP,,FIGXU,FIGX CAPITAL ACQUISITION CORP,base_only
2026-09-04,relation,FIGXU,FIGX CAPITAL ACQUISITION CORP,,FIGX,FIGX CAPITAL ACQUISITION CORP,base_only
2026-09-04,relation,FITB,FIFTH THIRD BANCORP,,FITB-PI,FIFTH THIRD BANCORP,base_only
2026-09-04,relation,FITB,FIFTH THIRD BANCORP,,FITB-PK,FIFTH THIRD BANCORP,base_only
2026-09-04,relation,FITB,FIFTH THIRD BANCORP,,FITB-PM,FIFTH THIRD BANCORP,base_only
2026-09-04,relation,FITB-PI,FIFTH THIRD BANCORP,,FITB,FIFTH THIRD BANCORP,base_only
2026-09-04,relation,FITB-PK,FIFTH THIRD BANCORP,,FITB,FIFTH THIRD BANCORP,base_only
2026-09-04,relation,FITB-PM,FIFTH THIRD BANCORP,,FITB,FIFTH THIRD BANCORP,base_only
2026-09-04,relation,FMAC,FUTURE MONEY ACQUISITION CORP,,FMACU,FUTURE MONEY ACQUISITION CORP,base_only
2026-09-04,relation,FMACU,FUTURE MONEY ACQUISITION CORP,,FMAC,FUTURE MONEY ACQUISITION CORP,base_only
2026-09-04,relation,FSHP,FLAG SHIP ACQUISITION CORP,,FSHPU,FLAG SHIP ACQUISITION CORP,base_only
2026-09-04,relation,FSHPU,FLAG SHIP ACQUISITION CORP,,FSHP,FLAG SHIP ACQUISITION CORP,base_only
2026-09-04,relation,FTHA,FOREFRONT TECH HOLDINGS ACQUISITION CORP,,FTHAU,FOREFRONT TECH HOLDINGS ACQUISITION CORP,base_only
2026-09-04,relation,FTHAU,FOREFRONT TECH HOLDINGS ACQUISITION CORP,,FTHA,FOREFRONT TECH HOLDINGS ACQUISITION CORP,base_only
2026-09-04,relation,FTRA,FUTURECORP SPACE ACQUISITION 1,,FTRA.U,FUTURECORP SPACE ACQUISITION 1,base_only
2026-09-04,relation,FTRA.U,FUTURECORP SPACE ACQUISITION 1,,FTRA,FUTURECORP SPACE ACQUISITION 1,base_only
2026-09-04,relation,FWAC,FUTUREWAVE ACQUISITION CORP,,FWACU,FUTUREWAVE ACQUISITION CORP,base_only
2026-09-04,relation,FWACU,FUTUREWAVE ACQUISITION CORP,,FWAC,FUTUREWAVE ACQUISITION CORP,base_only
2026-09-04,relation,FXAC,FORTUNEX ACQUISITION CORP,,FXACU,FORTUNEX ACQUISITION CORP,base_only
2026-09-04,relation,FXACU,FORTUNEX ACQUISITION CORP,,FXAC,FORTUNEX ACQUISITION CORP,base_only
2026-09-04,relation,GAIN,GLADSTONE INVESTMENT CORPORATION,,GAINZ,GLADSTONE INVESTMENT CORPORATION,base_only
2026-09-04,relation,GAINZ,GLADSTONE INVESTMENT CORPORATION,,GAIN,GLADSTONE INVESTMENT CORPORATION,base_only
2026-09-04,relation,GCGR,GENERAL CATALYST GLOBAL RESILIENCE MERGER CORP,,GCGRU,GENERAL CATALYST GLOBAL RESILIENCE MERGER CORP,base_only
2026-09-04,relation,GCGRU,GENERAL CATALYST GLOBAL RESILIENCE MERGER CORP,,GCGR,GENERAL CATALYST GLOBAL RESILIENCE MERGER CORP,base_only
2026-09-04,relation,GECC,GREAT ELM CAPITAL CORP,,GECCH,GREAT ELM CAPITAL CORP,base_only
2026-09-04,relation,GECC,GREAT ELM CAPITAL CORP,,GECCI,GREAT ELM CAPITAL CORP,base_only
2026-09-04,relation,GECCH,GREAT ELM CAPITAL CORP,,GECC,GREAT ELM CAPITAL CORP,base_only
2026-09-04,relation,GECCI,GREAT ELM CAPITAL CORP,,GECC,GREAT ELM CAPITAL CORP,base_only
2026-09-04,relation,GHXI,GORES HOLDINGS XI INC,,GHXIU,GORES HOLDINGS XI INC,base_only
2026-09-04,relation,GHXIU,GORES HOLDINGS XI INC,,GHXI,GORES HOLDINGS XI INC,base_only
2026-09-04,relation,GIW,GIGCAPITAL8 CORP,,GIWWU,GIGCAPITAL8 CORP,base_only
2026-09-04,relation,GIWWU,GIGCAPITAL8 CORP,,GIW,GIGCAPITAL8 CORP,base_only
2026-09-04,relation,GIX,GIGCAPITAL9 CORP,,GIXXU,GIGCAPITAL9 CORP,base_only
2026-09-04,relation,GIXXU,GIGCAPITAL9 CORP,,GIX,GIGCAPITAL9 CORP,base_only
2026-09-04,relation,GJO,SYNTHETIC FIXED INCOME SECURITIES INC,,GJP,SYNTHETIC FIXED INCOME SECURITIES INC,base_only
2026-09-04,relation,GJP,SYNTHETIC FIXED INCOME SECURITIES INC,,GJO,SYNTHETIC FIXED INCOME SECURITIES INC,base_only
2026-09-04,relation,GLU,GABELLI GLOBAL UTILITY & INCOME TRUST,,GLU-PA,GABELLI GLOBAL UTILITY & INCOME TRUST,base_only
2026-09-04,relation,GLU-PA,GABELLI GLOBAL UTILITY & INCOME TRUST,,GLU,GABELLI GLOBAL UTILITY & INCOME TRUST,base_only
2026-09-04,relation,GNT,GAMCO NATURAL RESOURCES GOLD & INCOME TRUST,,GNT-PA,GAMCO NATURAL RESOURCES GOLD & INCOME TRUST,base_only
2026-09-04,relation,GNT-PA,GAMCO NATURAL RESOURCES GOLD & INCOME TRUST,,GNT,GAMCO NATURAL RESOURCES GOLD & INCOME TRUST,base_only
2026-09-04,relation,GPAC,GENERAL PURPOSE ACQUISITION CORP,,GPACU,GENERAL PURPOSE ACQUISITION CORP,base_only
2026-09-04,relation,GPACU,GENERAL PURPOSE ACQUISITION CORP,,GPAC,GENERAL PURPOSE ACQUISITION CORP,base_only
2026-09-04,relation,GPAT,GP-ACT III ACQUISITION CORP,,GPATU,GP-ACT III ACQUISITION CORP,base_only
2026-09-04,relation,GPATU,GP-ACT III ACQUISITION CORP,,GPAT,GP-ACT III ACQUISITION CORP,base_only
2026-09-04,relation,GRBK,GREEN BRICK PARTNERS INC,,GRBK-PA,GREEN BRICK PARTNERS INC,base_only
2026-09-04,relation,GRBK-PA,GREEN BRICK PARTNERS INC,,GRBK,GREEN BRICK PARTNERS INC,base_only
2026-09-04,relation,GSHR,GESHER ACQUISITION CORP II,,GSHRU,GESHER ACQUISITION CORP II,base_only
2026-09-04,relation,GSHRU,GESHER ACQUISITION CORP II,,GSHR,GESHER ACQUISITION CORP II,base_only
2026-09-04,relation,GSRF,GSR IV ACQUISITION CORP,,GSRFU,GSR IV ACQUISITION CORP,base_only
2026-09-04,relation,GSRFU,GSR IV ACQUISITION CORP,,GSRF,GSR IV ACQUISITION CORP,base_only
2026-09-04,relation,GSRV,GSR V ACQUISITION CORP,,GSRVU,GSR V ACQUISITION CORP,base_only
2026-09-04,relation,GSRVU,GSR V ACQUISITION CORP,,GSRV,GSR V ACQUISITION CORP,base_only
2026-09-04,relation,GUAC,BERTO ACQUISITION CORP II,,GUACU,BERTO ACQUISITION CORP II,base_only
2026-09-04,relation,GUACU,BERTO ACQUISITION CORP II,,GUAC,BERTO ACQUISITION CORP II,base_only
2026-09-04,relation,HACQ,HCM IV ACQUISITION CORP,,HACQU,HCM IV ACQUISITION CORP,base_only
2026-09-04,relation,HACQU,HCM IV ACQUISITION CORP,,HACQ,HCM IV ACQUISITION CORP,base_only
2026-09-04,relation,HAVA,HARVARD AVE ACQUISITION CORP,,HAVAU,HARVARD AVE ACQUISITION CORP,base_only
2026-09-04,relation,HAVAU,HARVARD AVE ACQUISITION CORP,,HAVA,HARVARD AVE ACQUISITION CORP,base_only
2026-09-04,relation,HCAC,HALL CHADWICK ACQUISITION CORP,,HCACU,HALL CHADWICK ACQUISITION CORP,base_only
2026-09-04,relation,HCACU,HALL CHADWICK ACQUISITION CORP,,HCAC,HALL CHADWICK ACQUISITION CORP,base_only
2026-09-04,relation,HCIC,HENNESSY CAPITAL INVESTMENT CORP VIII,,HCICU,HENNESSY CAPITAL INVESTMENT CORP VIII,base_only
2026-09-04,relation,HCICU,HENNESSY CAPITAL INVESTMENT CORP VIII,,HCIC,HENNESSY CAPITAL INVESTMENT CORP VIII,base_only
2026-09-04,relation,HL,HECLA MINING CO,,HL-PB,HECLA MINING CO,base_only
2026-09-04,relation,HL-PB,HECLA MINING CO,,HL,HECLA MINING CO,base_only
2026-09-04,relation,HPP,HUDSON PACIFIC PROPERTIES INC,,HPP-PC,HUDSON PACIFIC PROPERTIES INC,base_only
2026-09-04,relation,HPP-PC,HUDSON PACIFIC PROPERTIES INC,,HPP,HUDSON PACIFIC PROPERTIES INC,base_only
2026-09-04,relation,HVII,HENNESSY CAPITAL INVESTMENT CORP VII,,HVIIU,HENNESSY CAPITAL INVESTMENT CORP VII,base_only
2026-09-04,relation,HVIIU,HENNESSY CAPITAL INVESTMENT CORP VII,,HVII,HENNESSY CAPITAL INVESTMENT CORP VII,base_only
2026-09-04,relation,IACO,IDEA ACQUISITION CORP,,IACOU,IDEA ACQUISITION CORP,base_only
2026-09-04,relation,IACOU,IDEA ACQUISITION CORP,,IACO,IDEA ACQUISITION CORP,base_only
2026-09-04,relation,IDAC,IRON DOME ACQUISITION I CORP,,IDACU,IRON DOME ACQUISITION I CORP,base_only
2026-09-04,relation,IDACU,IRON DOME ACQUISITION I CORP,,IDAC,IRON DOME ACQUISITION I CORP,base_only
2026-09-04,relation,IGAC,INVEST GREEN ACQUISITION CORP,,IGACU,INVEST GREEN ACQUISITION CORP,base_only
2026-09-04,relation,IGACU,INVEST GREEN ACQUISITION CORP,,IGAC,INVEST GREEN ACQUISITION CORP,base_only
2026-09-04,relation,ILLU,ILLUMINATION ACQUISITION CORP I,,ILLUU,ILLUMINATION ACQUISITION CORP I,base_only
2026-09-04,relation,ILLUU,ILLUMINATION ACQUISITION CORP I,,ILLU,ILLUMINATION ACQUISITION CORP I,base_only
2026-09-04,relation,INAC,INDIGO ACQUISITION CORP,,INACU,INDIGO ACQUISITION CORP,base_only
2026-09-04,relation,INACU,INDIGO ACQUISITION CORP,,INAC,INDIGO ACQUISITION CORP,base_only
2026-09-04,relation,IPFX,INFLECTION POINT ACQUISITION CORP VI,,IPFXU,INFLECTION POINT ACQUISITION CORP VI,base_only
2026-09-04,relation,IPFXU,INFLECTION POINT ACQUISITION CORP VI,,IPFX,INFLECTION POINT ACQUISITION CORP VI,base_only
2026-09-04,relation,IPVV,INTERPRIVATE INVESTMENT PARTNERS V INC,,IPVVU,INTERPRIVATE INVESTMENT PARTNERS V INC,base_only
2026-09-04,relation,IPVVU,INTERPRIVATE INVESTMENT PARTNERS V INC,,IPVV,INTERPRIVATE INVESTMENT PARTNERS V INC,base_only
2026-09-04,relation,IRAB,IRIS ACQUISITION CORP II,,IRAB.U,IRIS ACQUISITION CORP II,base_only
2026-09-04,relation,IRAB.U,IRIS ACQUISITION CORP II,,IRAB,IRIS ACQUISITION CORP II,base_only
2026-09-04,relation,ISNR,SNOW ROTHSCHILD ACQUISITION CORP,,ISNRU,SNOW ROTHSCHILD ACQUISITION CORP,base_only
2026-09-04,relation,ISNRU,SNOW ROTHSCHILD ACQUISITION CORP,,ISNR,SNOW ROTHSCHILD ACQUISITION CORP,base_only
2026-09-04,relation,ITHA,ITHAX ACQUISITION CORP III,,ITHAU,ITHAX ACQUISITION CORP III,base_only
2026-09-04,relation,ITHAU,ITHAX ACQUISITION CORP III,,ITHA,ITHAX ACQUISITION CORP III,base_only
2026-09-04,relation,JACS,JACKSON ACQUISITION CO II,,JACS.U,JACKSON ACQUISITION CO II,base_only
2026-09-04,relation,JACS.U,JACKSON ACQUISITION CO II,,JACS,JACKSON ACQUISITION CO II,base_only
2026-09-04,relation,JENA,JENA ACQUISITION CORP II,,JENA.U,JENA ACQUISITION CORP II,base_only
2026-09-04,relation,JENA.U,JENA ACQUISITION CORP II,,JENA,JENA ACQUISITION CORP II,base_only
2026-09-04,relation,KBON,KARBON CAPITAL PARTNERS CORP,,KBONU,KARBON CAPITAL PARTNERS CORP,base_only
2026-09-04,relation,KBONU,KARBON CAPITAL PARTNERS CORP,,KBON,KARBON CAPITAL PARTNERS CORP,base_only
2026-09-04,relation,KCA.U,KENSINGTON CAPITAL ACQUISITION CORP VI,,KCAC.U,KENSINGTON CAPITAL ACQUISITION CORP VI,base_only
2026-09-04,relation,KCAC.U,KENSINGTON CAPITAL ACQUISITION CORP VI,,KCA.U,KENSINGTON CAPITAL ACQUISITION CORP VI,base_only
2026-09-04,relation,KCHV,KOCHAV DEFENSE ACQUISITION CORP,,KCHVU,KOCHAV DEFENSE ACQUISITION CORP,base_only
2026-09-04,relation,KCHVU,KOCHAV DEFENSE ACQUISITION CORP,,KCHV,KOCHAV DEFENSE ACQUISITION CORP,base_only
2026-09-04,relation,KEYY,KEYSTONE ACQUISITION CORP,,KEYYU,KEYSTONE ACQUISITION CORP,base_only
2026-09-04,relation,KEYYU,KEYSTONE ACQUISITION CORP,,KEYY,KEYSTONE ACQUISITION CORP,base_only
2026-09-04,relation,KFII,K&F GROWTH ACQUISITION CORP II,,KFIIU,K&F GROWTH ACQUISITION CORP II,base_only
2026-09-04,relation,KFIIU,K&F GROWTH ACQUISITION CORP II,,KFII,K&F GROWTH ACQUISITION CORP II,base_only
2026-09-04,relation,KIM,KIMCO REALTY CORP,,KIM-PN,KIMCO REALTY CORP,base_only
2026-09-04,relation,KIM-PN,KIMCO REALTY CORP,,KIM,KIMCO REALTY CORP,base_only
2026-09-04,relation,KPET,KPET ULTRA PACELINE CORP,,KPET.U,KPET ULTRA PACELINE CORP,base_only
2026-09-04,relation,KPET.U,KPET ULTRA PACELINE CORP,,KPET,KPET ULTRA PACELINE CORP,base_only
2026-09-04,relation,KRAQ,KRAKACQUISITION CORP,,KRAQU,KRAKACQUISITION CORP,base_only
2026-09-04,relation,KRAQU,KRAKACQUISITION CORP,,KRAQ,KRAKACQUISITION CORP,base_only
2026-09-04,relation,KTWO,K2 CAPITAL ACQUISITION CORP,,KTWOU,K2 CAPITAL ACQUISITION CORP,base_only
2026-09-04,relation,KTWOU,K2 CAPITAL ACQUISITION CORP,,KTWO,K2 CAPITAL ACQUISITION CORP,base_only
2026-09-04,relation,LAFA,LAFAYETTE ACQUISITION CORP,,LAFAU,LAFAYETTE ACQUISITION CORP,base_only
2026-09-04,relation,LAFAU,LAFAYETTE ACQUISITION CORP,,LAFA,LAFAYETTE ACQUISITION CORP,base_only
2026-09-04,relation,LATA,GALATA ACQUISITION CORP II,,LATAU,GALATA ACQUISITION CORP II,base_only
2026-09-04,relation,LATAU,GALATA ACQUISITION CORP II,,LATA,GALATA ACQUISITION CORP II,base_only
2026-09-04,relation,LBTYA,LIBERTY GLOBAL LTD,,LBTYB,LIBERTY GLOBAL LTD,base_only
2026-09-04,relation,LBTYB,LIBERTY GLOBAL LTD,,LBTYA,LIBERTY GLOBAL LTD,base_only
2026-09-04,relation,LCCC,LAKESHORE ACQUISITION III CORP,,LCCCU,LAKESHORE ACQUISITION III CORP,base_only
2026-09-04,relation,LCCCU,LAKESHORE ACQUISITION III CORP,,LCCC,LAKESHORE ACQUISITION III CORP,base_only
2026-09-04,relation,LEGO,LEGATO MERGER CORP IV,,LEGO.U,LEGATO MERGER CORP IV,base_only
2026-09-04,relation,LEGO.U,LEGATO MERGER CORP IV,,LEGO,LEGATO MERGER CORP IV,base_only
2026-09-04,relation,LFAC,LEAPFROG ACQUISITION CORP,,LFACU,LEAPFROG ACQUISITION CORP,base_only
2026-09-04,relation,LFACU,LEAPFROG ACQUISITION CORP,,LFAC,LEAPFROG ACQUISITION CORP,base_only
2026-09-04,relation,LKSP,LAKE SUPERIOR ACQUISITION CORP,,LKSPU,LAKE SUPERIOR ACQUISITION CORP,base_only
2026-09-04,relation,LKSPU,LAKE SUPERIOR ACQUISITION CORP,,LKSP,LAKE SUPERIOR ACQUISITION CORP,base_only
2026-09-04,relation,LPAA,LAUNCH ONE ACQUISITION CORP,,LPAAU,LAUNCH ONE ACQUISITION CORP,base_only
2026-09-04,relation,LPAAU,LAUNCH ONE ACQUISITION CORP,,LPAA,LAUNCH ONE ACQUISITION CORP,base_only
2026-09-04,relation,LPBB,LAUNCH TWO ACQUISITION CORP,,LPBBU,LAUNCH TWO ACQUISITION CORP,base_only
2026-09-04,relation,LPBBU,LAUNCH TWO ACQUISITION CORP,,LPBB,LAUNCH TWO ACQUISITION CORP,base_only
2026-09-04,relation,LPCV,LAUNCHPAD CADENZA ACQUISITION CORP I,,LPCVU,LAUNCHPAD CADENZA ACQUISITION CORP I,base_only
2026-09-04,relation,LPCVU,LAUNCHPAD CADENZA ACQUISITION CORP I,,LPCV,LAUNCHPAD CADENZA ACQUISITION CORP I,base_only
2026-09-04,relation,LWAC,LIGHTWAVE ACQUISITION CORP,,LWACU,LIGHTWAVE ACQUISITION CORP,base_only
2026-09-04,relation,LWACU,LIGHTWAVE ACQUISITION CORP,,LWAC,LIGHTWAVE ACQUISITION CORP,base_only
2026-09-04,relation,MACI,MELAR ACQUISITION CORP I,,MACIU,MELAR ACQUISITION CORP I,base_only
2026-09-04,relation,MACIU,MELAR ACQUISITION CORP I,,MACI,MELAR ACQUISITION CORP I,base_only
2026-09-04,relation,MBVI,M3-BRIGADE ACQUISITION VI CORP,,MBVIU,M3-BRIGADE ACQUISITION VI CORP,base_only
2026-09-04,relation,MBVIU,M3-BRIGADE ACQUISITION VI CORP,,MBVI,M3-BRIGADE ACQUISITION VI CORP,base_only
2026-09-04,relation,MCAH,MOUNTAIN CREST ACQUISITION 6 CORP,,MCAHU,MOUNTAIN CREST ACQUISITION 6 CORP,base_only
2026-09-04,relation,MCAHU,MOUNTAIN CREST ACQUISITION 6 CORP,,MCAH,MOUNTAIN CREST ACQUISITION 6 CORP,base_only
2026-09-04,relation,METC,RAMACO RESOURCES INC,,METCI,RAMACO RESOURCES INC,base_only
2026-09-04,relation,METCI,RAMACO RESOURCES INC,,METC,RAMACO RESOURCES INC,base_only
2026-09-04,relation,MIAC,MERIDIAN3 INDUSTRIALS ACQUISITION CORP,,MIACU,MERIDIAN3 INDUSTRIALS ACQUISITION CORP,base_only
2026-09-04,relation,MIACU,MERIDIAN3 INDUSTRIALS ACQUISITION CORP,,MIAC,MERIDIAN3 INDUSTRIALS ACQUISITION CORP,base_only
2026-09-04,relation,MKLY,MCKINLEY ACQUISITION CORP,,MKLYU,MCKINLEY ACQUISITION CORP,base_only
2026-09-04,relation,MKLYU,MCKINLEY ACQUISITION CORP,,MKLY,MCKINLEY ACQUISITION CORP,base_only
2026-09-04,relation,MLAA,MOUNTAIN LAKE ACQUISITION CORP II,,MLAAU,MOUNTAIN LAKE ACQUISITION CORP II,base_only
2026-09-04,relation,MLAAU,MOUNTAIN LAKE ACQUISITION CORP II,,MLAA,MOUNTAIN LAKE ACQUISITION CORP II,base_only
2026-09-04,relation,MLCI,MOUNT LOGAN CAPITAL INC,,MLCIL,MOUNT LOGAN CAPITAL INC,base_only
2026-09-04,relation,MLCIL,MOUNT LOGAN CAPITAL INC,,MLCI,MOUNT LOGAN CAPITAL INC,base_only
2026-09-04,relation,MMTX,MILUNA ACQUISITION CORP,,MMTXU,MILUNA ACQUISITION CORP,base_only
2026-09-04,relation,MMTXU,MILUNA ACQUISITION CORP,,MMTX,MILUNA ACQUISITION CORP,base_only
2026-09-04,relation,MRCO,MERCATOR ACQUISITION CORP,,MRCOU,MERCATOR ACQUISITION CORP,base_only
2026-09-04,relation,MRCOU,MERCATOR ACQUISITION CORP,,MRCO,MERCATOR ACQUISITION CORP,base_only
2026-09-04,relation,MTAL,METALS ACQUISITION CORP II,,MTAL.U,METALS ACQUISITION CORP II,base_only
2026-09-04,relation,MTAL.U,METALS ACQUISITION CORP II,,MTAL,METALS ACQUISITION CORP II,base_only
2026-09-04,relation,MTB,M&T BANK CORP,,MTB-PL,M&T BANK CORP,base_only
2026-09-04,relation,MTB-PL,M&T BANK CORP,,MTB,M&T BANK CORP,base_only
2026-09-04,relation,MTNE,CH4 NATURAL SOLUTIONS CORP,,MTNE.U,CH4 NATURAL SOLUTIONS CORP,base_only
2026-09-04,relation,MTNE.U,CH4 NATURAL SOLUTIONS CORP,,MTNE,CH4 NATURAL SOLUTIONS CORP,base_only
2026-09-04,relation,MUZE,MUZERO ACQUISITION CORP,,MUZEU,MUZERO ACQUISITION CORP,base_only
2026-09-04,relation,MUZEU,MUZERO ACQUISITION CORP,,MUZE,MUZERO ACQUISITION CORP,base_only
2026-09-04,relation,MYX,MAYWOOD ACQUISITION CORP 2,,MYXXU,MAYWOOD ACQUISITION CORP 2,base_only
2026-09-04,relation,MYXXU,MAYWOOD ACQUISITION CORP 2,,MYX,MAYWOOD ACQUISITION CORP 2,base_only
2026-09-04,relation,NBRG,NEWBRIDGE ACQUISITION LTD,,NBRGU,NEWBRIDGE ACQUISITION LTD,base_only
2026-09-04,relation,NBRGU,NEWBRIDGE ACQUISITION LTD,,NBRG,NEWBRIDGE ACQUISITION LTD,base_only
2026-09-04,relation,NEWT,NEWTEKONE INC,,NEWTO,NEWTEKONE INC,base_only
2026-09-04,relation,NEWTO,NEWTEKONE INC,,NEWT,NEWTEKONE INC,base_only
2026-09-04,relation,NHIV,NEWHOLD INVESTMENT CORP IV,,NHIVU,NEWHOLD INVESTMENT CORP IV,base_only
2026-09-04,relation,NHIVU,NEWHOLD INVESTMENT CORP IV,,NHIV,NEWHOLD INVESTMENT CORP IV,base_only
2026-09-04,relation,NMP,NMP ACQUISITION CORP,,NMPAU,NMP ACQUISITION CORP,base_only
2026-09-04,relation,NMPAU,NMP ACQUISITION CORP,,NMP,NMP ACQUISITION CORP,base_only
2026-09-04,relation,NOEM,CO2 ENERGY TRANSITION CORP,,NOEMU,CO2 ENERGY TRANSITION CORP,base_only
2026-09-04,relation,NOEMU,CO2 ENERGY TRANSITION CORP,,NOEM,CO2 ENERGY TRANSITION CORP,base_only
2026-09-04,relation,NPAC,NEW PROVIDENCE ACQUISITION CORP III,,NPACU,NEW PROVIDENCE ACQUISITION CORP III,base_only
2026-09-04,relation,NPACU,NEW PROVIDENCE ACQUISITION CORP III,,NPAC,NEW PROVIDENCE ACQUISITION CORP III,base_only
2026-09-04,relation,NTWO,NEWBURY STREET II ACQUISITION CORP,,NTWOU,NEWBURY STREET II ACQUISITION CORP,base_only
2026-09-04,relation,NTWOU,NEWBURY STREET II ACQUISITION CORP,,NTWO,NEWBURY STREET II ACQUISITION CORP,base_only
2026-09-04,relation,OACC,OAKTREE ACQUISITION CORP III LIFE SCIENCES,,OACCU,OAKTREE ACQUISITION CORP III LIFE SCIENCES,base_only
2026-09-04,relation,OACCU,OAKTREE ACQUISITION CORP III LIFE SCIENCES,,OACC,OAKTREE ACQUISITION CORP III LIFE SCIENCES,base_only
2026-09-04,relation,OBA,OXLEY BRIDGE ACQUISITION LTD,,OBAWU,OXLEY BRIDGE ACQUISITION LTD,base_only
2026-09-04,relation,OBAWU,OXLEY BRIDGE ACQUISITION LTD,,OBA,OXLEY BRIDGE ACQUISITION LTD,base_only
2026-09-04,relation,OCAC,OCEAN CAPITAL ACQUISITION CORP,,OCAC.U,OCEAN CAPITAL ACQUISITION CORP,base_only
2026-09-04,relation,OCAC.U,OCEAN CAPITAL ACQUISITION CORP,,OCAC,OCEAN CAPITAL ACQUISITION CORP,base_only
2026-09-04,relation,OFS,OFS CAPITAL CORP,,OFSSH,OFS CAPITAL CORP,base_only
2026-09-04,relation,OFS,OFS CAPITAL CORP,,OFSSO,OFS CAPITAL CORP,base_only
2026-09-04,relation,OFSSH,OFS CAPITAL CORP,,OFS,OFS CAPITAL CORP,base_only
2026-09-04,relation,OFSSO,OFS CAPITAL CORP,,OFS,OFS CAPITAL CORP,base_only
2026-09-04,relation,OGCP,EMPIRE STATE REALTY OP LP,,ESBA,EMPIRE STATE REALTY OP LP,base_only
2026-09-04,relation,OHAC,OCEANHAWK ACQUISITION CORP,,OHACU,OCEANHAWK ACQUISITION CORP,base_only
2026-09-04,relation,OHACU,OCEANHAWK ACQUISITION CORP,,OHAC,OCEANHAWK ACQUISITION CORP,base_only
2026-09-04,relation,OIM,ONEIM ACQUISITION CORP,,OIMAU,ONEIM ACQUISITION CORP,base_only
2026-09-04,relation,OIMAU,ONEIM ACQUISITION CORP,,OIM,ONEIM ACQUISITION CORP,base_only
2026-09-04,relation,OPP,RIVERNORTH/DOUBLELINE STRATEGIC OPPORTUNITY FUND INC,,OPP-PC,RIVERNORTH/DOUBLELINE STRATEGIC OPPORTUNITY FUND INC,base_only
2026-09-04,relation,OPP-PC,RIVERNORTH/DOUBLELINE STRATEGIC OPPORTUNITY FUND INC,,OPP,RIVERNORTH/DOUBLELINE STRATEGIC OPPORTUNITY FUND INC,base_only
2026-09-04,relation,ORIQ,ORIGIN INVESTMENT CORP I,,ORIQU,ORIGIN INVESTMENT CORP I,base_only
2026-09-04,relation,ORIQU,ORIGIN INVESTMENT CORP I,,ORIQ,ORIGIN INVESTMENT CORP I,base_only
2026-09-04,relation,OSPR,OSPREY ACQUISITION CORP III,,OSPRU,OSPREY ACQUISITION CORP III,base_only
2026-09-04,relation,OSPRU,OSPREY ACQUISITION CORP III,,OSPR,OSPREY ACQUISITION CORP III,base_only
2026-09-04,relation,OTGA,OTG ACQUISITION CORP I,,OTGAU,OTG ACQUISITION CORP I,base_only
2026-09-04,relation,OTGAU,OTG ACQUISITION CORP I,,OTGA,OTG ACQUISITION CORP I,base_only
2026-09-04,relation,OXSQ,OXFORD SQUARE CAPITAL CORP,,OXSQG,OXFORD SQUARE CAPITAL CORP,base_only
2026-09-04,relation,OXSQG,OXFORD SQUARE CAPITAL CORP,,OXSQ,OXFORD SQUARE CAPITAL CORP,base_only
2026-09-04,relation,OYSE,OYSTER ENTERPRISES II ACQUISITION CORP,,OYSEU,OYSTER ENTERPRISES II ACQUISITION CORP,base_only
2026-09-04,relation,OYSEU,OYSTER ENTERPRISES II ACQUISITION CORP,,OYSE,OYSTER ENTERPRISES II ACQUISITION CORP,base_only
2026-09-04,relation,PAAC,PROEM ACQUISITION CORP I,,PAACU,PROEM ACQUISITION CORP I,base_only
2026-09-04,relation,PAACU,PROEM ACQUISITION CORP I,,PAAC,PROEM ACQUISITION CORP I,base_only
2026-09-04,relation,PAII,PYROPHYTE ACQUISITION CORP II,,PAII.U,PYROPHYTE ACQUISITION CORP II,base_only
2026-09-04,relation,PAII.U,PYROPHYTE ACQUISITION CORP II,,PAII,PYROPHYTE ACQUISITION CORP II,base_only
2026-09-04,relation,PALO,PALOMA ACQUISITION CORP I,,PALOU,PALOMA ACQUISITION CORP I,base_only
2026-09-04,relation,PALOU,PALOMA ACQUISITION CORP I,,PALO,PALOMA ACQUISITION CORP I,base_only
2026-09-04,relation,PCG,PG&E CORP,,PCG-PG,PG&E CORP,base_only
2026-09-04,relation,PCG,PG&E CORP,,PCG-PH,PG&E CORP,base_only
2026-09-04,relation,PCG-PG,PG&E CORP,,PCG,PG&E CORP,base_only
2026-09-04,relation,PCG-PH,PG&E CORP,,PCG,PG&E CORP,base_only
2026-09-04,relation,PCT,PURECYCLE TECHNOLOGIES INC,,PCTTU,PURECYCLE TECHNOLOGIES INC,base_only
2026-09-04,relation,PCTTU,PURECYCLE TECHNOLOGIES INC,,PCT,PURECYCLE TECHNOLOGIES INC,base_only
2026-09-04,relation,PEB,PEBBLEBROOK HOTEL TRUST,,PEB-PF,PEBBLEBROOK HOTEL TRUST,base_only
2026-09-04,relation,PEB-PF,PEBBLEBROOK HOTEL TRUST,,PEB,PEBBLEBROOK HOTEL TRUST,base_only
2026-09-04,relation,PECE,PEACE ACQUISITION CORP,,PECEU,PEACE ACQUISITION CORP,base_only
2026-09-04,relation,PECEU,PEACE ACQUISITION CORP,,PECE,PEACE ACQUISITION CORP,base_only
2026-09-04,relation,PGAC,PANTAGES CAPITAL ACQUISITION CORP,,PGACU,PANTAGES CAPITAL ACQUISITION CORP,base_only
2026-09-04,relation,PGACU,PANTAGES CAPITAL ACQUISITION CORP,,PGAC,PANTAGES CAPITAL ACQUISITION CORP,base_only
2026-09-04,relation,PLCI,PELICAN ACQUISITION II CORP,,PLCIU,PELICAN ACQUISITION II CORP,base_only
2026-09-04,relation,PLCIU,PELICAN ACQUISITION II CORP,,PLCI,PELICAN ACQUISITION II CORP,base_only
2026-09-04,relation,PLMK,PLUM ACQUISITION CORP IV,,PLMKU,PLUM ACQUISITION CORP IV,base_only
2026-09-04,relation,PLMKU,PLUM ACQUISITION CORP IV,,PLMK,PLUM ACQUISITION CORP IV,base_only
2026-09-04,relation,PLUN,PLUTONIAN ACQUISITION CORP II,,PLUN.U,PLUTONIAN ACQUISITION CORP II,base_only
2026-09-04,relation,PLUN.U,PLUTONIAN ACQUISITION CORP II,,PLUN,PLUTONIAN ACQUISITION CORP II,base_only
2026-09-04,relation,PNFP,PINNACLE FINANCIAL PARTNERS INC,,PNFP-PC,PINNACLE FINANCIAL PARTNERS INC,base_only
2026-09-04,relation,PNFP-PC,PINNACLE FINANCIAL PARTNERS INC,,PNFP,PINNACLE FINANCIAL PARTNERS INC,base_only
2026-09-04,relation,POLE,ANDRETTI ACQUISITION CORP II,,POLEU,ANDRETTI ACQUISITION CORP II,base_only
2026-09-04,relation,POLEU,ANDRETTI ACQUISITION CORP II,,POLE,ANDRETTI ACQUISITION CORP II,base_only
2026-09-04,relation,PONO,PONO CAPITAL FOUR INC,,PONOU,PONO CAPITAL FOUR INC,base_only
2026-09-04,relation,PONOU,PONO CAPITAL FOUR INC,,PONO,PONO CAPITAL FOUR INC,base_only
2026-09-04,relation,PRHI,PRESURANCE HOLDINGS INC,,PRHIZ,PRESURANCE HOLDINGS INC,base_only
2026-09-04,relation,PRHIZ,PRESURANCE HOLDINGS INC,,PRHI,PRESURANCE HOLDINGS INC,base_only
2026-09-04,relation,PTAC,PATRIOT ACQUISITION CORP,,PTACU,PATRIOT ACQUISITION CORP,base_only
2026-09-04,relation,PTACU,PATRIOT ACQUISITION CORP,,PTAC,PATRIOT ACQUISITION CORP,base_only
2026-09-04,relation,PTOR,PRAETORIAN ACQUISITION CORP,,PTORU,PRAETORIAN ACQUISITION CORP,base_only
2026-09-04,relation,PTORU,PRAETORIAN ACQUISITION CORP,,PTOR,PRAETORIAN ACQUISITION CORP,base_only
2026-09-04,relation,QADR,QDRO ACQUISITION CORP,,QADRU,QDRO ACQUISITION CORP,base_only
2026-09-04,relation,QADRU,QDRO ACQUISITION CORP,,QADR,QDRO ACQUISITION CORP,base_only
2026-09-04,relation,QETA,QUETTA ACQUISITION CORP,,QETAU,QUETTA ACQUISITION CORP,base_only
2026-09-04,relation,QETAU,QUETTA ACQUISITION CORP,,QETA,QUETTA ACQUISITION CORP,base_only
2026-09-04,relation,QRED,QUASAREDGE ACQUISITION CORP,,QRED.U,QUASAREDGE ACQUISITION CORP,base_only
2026-09-04,relation,QRED.U,QUASAREDGE ACQUISITION CORP,,QRED,QUASAREDGE ACQUISITION CORP,base_only
2026-09-04,relation,QSEA,QUARTZSEA ACQUISITION CORP,,QSEAU,QUARTZSEA ACQUISITION CORP,base_only
2026-09-04,relation,QSEAU,QUARTZSEA ACQUISITION CORP,,QSEA,QUARTZSEA ACQUISITION CORP,base_only
2026-09-04,relation,QUMS,QUANTUMSPHERE ACQUISITION CORP,,QUMSU,QUANTUMSPHERE ACQUISITION CORP,base_only
2026-09-04,relation,QUMSU,QUANTUMSPHERE ACQUISITION CORP,,QUMS,QUANTUMSPHERE ACQUISITION CORP,base_only
2026-09-04,relation,RAC,RITHM ACQUISITION CORP,,RAC.U,RITHM ACQUISITION CORP,base_only
2026-09-04,relation,RAC.U,RITHM ACQUISITION CORP,,RAC,RITHM ACQUISITION CORP,base_only
2026-09-04,relation,RANG,RANGE CAPITAL ACQUISITION CORP,,RANGU,RANGE CAPITAL ACQUISITION CORP,base_only
2026-09-04,relation,RANGU,RANGE CAPITAL ACQUISITION CORP,,RANG,RANGE CAPITAL ACQUISITION CORP,base_only
2026-09-04,relation,RC-PC,ANWORTH MORTGAGE ASSET CORP,,ANH,ANWORTH MORTGAGE ASSET CORP,base_only
2026-09-04,relation,RDAC,RISING DRAGON ACQUISITION CORP,,RDACU,RISING DRAGON ACQUISITION CORP,base_only
2026-09-04,relation,RDACU,RISING DRAGON ACQUISITION CORP,,RDAC,RISING DRAGON ACQUISITION CORP,base_only
2026-09-04,relation,RDAG,REPUBLIC DIGITAL ACQUISITION CO,,RDAGU,REPUBLIC DIGITAL ACQUISITION CO,base_only
2026-09-04,relation,RDAGU,REPUBLIC DIGITAL ACQUISITION CO,,RDAG,REPUBLIC DIGITAL ACQUISITION CO,base_only
2026-09-04,relation,RFAI,RF ACQUISITION CORP II,,RFAIU,RF ACQUISITION CORP II,base_only
2026-09-04,relation,RFAIU,RF ACQUISITION CORP II,,RFAI,RF ACQUISITION CORP II,base_only
2026-09-04,relation,RIBB,RIBBON ACQUISITION CORP,,RIBBU,RIBBON ACQUISITION CORP,base_only
2026-09-04,relation,RIBBU,RIBBON ACQUISITION CORP,,RIBB,RIBBON ACQUISITION CORP,base_only
2026-09-04,relation,RNGT,RANGE CAPITAL ACQUISITION CORP II,,RNGTU,RANGE CAPITAL ACQUISITION CORP II,base_only
2026-09-04,relation,RNGTU,RANGE CAPITAL ACQUISITION CORP II,,RNGT,RANGE CAPITAL ACQUISITION CORP II,base_only
2026-09-04,relation,RPT,RITHM PROPERTY TRUST INC,,RPT-PC,RITHM PROPERTY TRUST INC,base_only
2026-09-04,relation,RPT-PC,RITHM PROPERTY TRUST INC,,RPT,RITHM PROPERTY TRUST INC,base_only
2026-09-04,relation,SAC,SAFEGUARD ACQUISITION CORP,,SAC.U,SAFEGUARD ACQUISITION CORP,base_only
2026-09-04,relation,SAC.U,SAFEGUARD ACQUISITION CORP,,SAC,SAFEGUARD ACQUISITION CORP,base_only
2026-09-04,relation,SAGU,SHREYA ACQUISITION GROUP,,SAGU.U,SHREYA ACQUISITION GROUP,base_only
2026-09-04,relation,SAGU.U,SHREYA ACQUISITION GROUP,,SAGU,SHREYA ACQUISITION GROUP,base_only
2026-09-04,relation,SBXD,SILVERBOX CORP IV,,SBXD.U,SILVERBOX CORP IV,base_only
2026-09-04,relation,SBXD.U,SILVERBOX CORP IV,,SBXD,SILVERBOX CORP IV,base_only
2026-09-04,relation,SBXE,SILVERBOX CORP V,,SBXE.U,SILVERBOX CORP V,base_only
2026-09-04,relation,SBXE.U,SILVERBOX CORP V,,SBXE,SILVERBOX CORP V,base_only
2026-09-04,relation,SCII,SC II ACQUISITION CORP,,SCIIU,SC II ACQUISITION CORP,base_only
2026-09-04,relation,SCIIU,SC II ACQUISITION CORP,,SCII,SC II ACQUISITION CORP,base_only
2026-09-04,relation,SCPQ,SOCIAL COMMERCE PARTNERS CORP,,SCPQU,SOCIAL COMMERCE PARTNERS CORP,base_only
2026-09-04,relation,SCPQU,SOCIAL COMMERCE PARTNERS CORP,,SCPQ,SOCIAL COMMERCE PARTNERS CORP,base_only
2026-09-04,relation,SDHI,SIDDHI ACQUISITION CORP (CAYMAN ISLANDS),,SDHIU,SIDDHI ACQUISITION CORP (CAYMAN ISLANDS),base_only
2026-09-04,relation,SDHIU,SIDDHI ACQUISITION CORP (CAYMAN ISLANDS),,SDHI,SIDDHI ACQUISITION CORP (CAYMAN ISLANDS),base_only
2026-09-04,relation,SIMA,SIM ACQUISITION CORP I,,SIMAU,SIM ACQUISITION CORP I,base_only
2026-09-04,relation,SIMAU,SIM ACQUISITION CORP I,,SIMA,SIM ACQUISITION CORP I,base_only
2026-09-04,relation,SNUS-PH,SANTANDER HOLDINGS USA INC,,SOV,SANTANDER HOLDINGS USA INC,base_only
2026-09-04,relation,SNUS-PI,SANTANDER HOLDINGS USA INC,,SOV,SANTANDER HOLDINGS USA INC,base_only
2026-09-04,relation,SOCA,SOLARIUS CAPITAL ACQUISITION CORP,,SOCAU,SOLARIUS CAPITAL ACQUISITION CORP,base_only
2026-09-04,relation,SOCAU,SOLARIUS CAPITAL ACQUISITION CORP,,SOCA,SOLARIUS CAPITAL ACQUISITION CORP,base_only
2026-09-04,relation,SORN,SOREN ACQUISITION CORP,,SORNU,SOREN ACQUISITION CORP,base_only
2026-09-04,relation,SORNU,SOREN ACQUISITION CORP,,SORN,SOREN ACQUISITION CORP,base_only
2026-09-04,relation,SOUL,SOULPOWER ACQUISITION CORP,,SOUL.U,SOULPOWER ACQUISITION CORP,base_only
2026-09-04,relation,SOUL.U,SOULPOWER ACQUISITION CORP,,SOUL,SOULPOWER ACQUISITION CORP,base_only
2026-09-04,relation,SOV,SANTANDER HOLDINGS USA INC,,SNUS-PH,SANTANDER HOLDINGS USA INC,base_only
2026-09-04,relation,SOV,SANTANDER HOLDINGS USA INC,,SNUS-PI,SANTANDER HOLDINGS USA INC,base_only
2026-09-04,relation,SPEG,SILVER PEGASUS ACQUISITION CORP,,SPEGU,SILVER PEGASUS ACQUISITION CORP,base_only
2026-09-04,relation,SPEGU,SILVER PEGASUS ACQUISITION CORP,,SPEG,SILVER PEGASUS ACQUISITION CORP,base_only
2026-09-04,relation,SPKL,SPARK I ACQUISITION CORP,,SPKLU,SPARK I ACQUISITION CORP,base_only
2026-09-04,relation,SPKLU,SPARK I ACQUISITION CORP,,SPKL,SPARK I ACQUISITION CORP,base_only
2026-09-04,relation,SSAC,SPACSPHERE ACQUISITION CORP,,SSACU,SPACSPHERE ACQUISITION CORP,base_only
2026-09-04,relation,SSACU,SPACSPHERE ACQUISITION CORP,,SSAC,SPACSPHERE ACQUISITION CORP,base_only
2026-09-04,relation,SSEA,STARRY SEA ACQUISITION CORP,,SSEAU,STARRY SEA ACQUISITION CORP,base_only
2026-09-04,relation,SSEAU,STARRY SEA ACQUISITION CORP,,SSEA,STARRY SEA ACQUISITION CORP,base_only
2026-09-04,relation,SUMA,SUMA ACQUISITION CORP,,SUMAU,SUMA ACQUISITION CORP,base_only
2026-09-04,relation,SUMAU,SUMA ACQUISITION CORP,,SUMA,SUMA ACQUISITION CORP,base_only
2026-09-04,relation,SVAQ,SILICON VALLEY ACQUISITION CORP,,SVAQU,SILICON VALLEY ACQUISITION CORP,base_only
2026-09-04,relation,SVAQU,SILICON VALLEY ACQUISITION CORP,,SVAQ,SILICON VALLEY ACQUISITION CORP,base_only
2026-09-04,relation,SVCC,STELLAR V CAPITAL CORP (CAYMAN ISLANDS),,SVCCU,STELLAR V CAPITAL CORP (CAYMAN ISLANDS),base_only
2026-09-04,relation,SVCCU,STELLAR V CAPITAL CORP (CAYMAN ISLANDS),,SVCC,STELLAR V CAPITAL CORP (CAYMAN ISLANDS),base_only
2026-09-04,relation,SVIV,SPRING VALLEY ACQUISITION CORP IV,,SVIVU,SPRING VALLEY ACQUISITION CORP IV,base_only
2026-09-04,relation,SVIVU,SPRING VALLEY ACQUISITION CORP IV,,SVIV,SPRING VALLEY ACQUISITION CORP IV,base_only
2026-09-04,relation,SZZL,SIZZLE ACQUISITION CORP II,,SZZLU,SIZZLE ACQUISITION CORP II,base_only
2026-09-04,relation,SZZLU,SIZZLE ACQUISITION CORP II,,SZZL,SIZZLE ACQUISITION CORP II,base_only
2026-09-04,relation,TACH,TITAN ACQUISITION CORP,,TACHU,TITAN ACQUISITION CORP,base_only
2026-09-04,relation,TACHU,TITAN ACQUISITION CORP,,TACH,TITAN ACQUISITION CORP,base_only
2026-09-04,relation,TACO,BERTO ACQUISITION CORP,,TACOU,BERTO ACQUISITION CORP,base_only
2026-09-04,relation,TACOU,BERTO ACQUISITION CORP,,TACO,BERTO ACQUISITION CORP,base_only
2026-09-04,relation,TDAC,TRANSLATIONAL DEVELOPMENT ACQUISITION CORP,,TDACU,TRANSLATIONAL DEVELOPMENT ACQUISITION CORP,base_only
2026-09-04,relation,TDACU,TRANSLATIONAL DEVELOPMENT ACQUISITION CORP,,TDAC,TRANSLATIONAL DEVELOPMENT ACQUISITION CORP,base_only
2026-09-04,relation,TDWD,TAILWIND 20 ACQUISITION CORP,,TDWDU,TAILWIND 20 ACQUISITION CORP,base_only
2026-09-04,relation,TDWDU,TAILWIND 20 ACQUISITION CORP,,TDWD,TAILWIND 20 ACQUISITION CORP,base_only
2026-09-04,relation,THEO,BOA ACQUISITION CORP II,,THEOU,BOA ACQUISITION CORP II,base_only
2026-09-04,relation,THEOU,BOA ACQUISITION CORP II,,THEO,BOA ACQUISITION CORP II,base_only
2026-09-04,relation,TMTS,SPARTACUS ACQUISITION CORP II,,TMTSU,SPARTACUS ACQUISITION CORP II,base_only
2026-09-04,relation,TMTSU,SPARTACUS ACQUISITION CORP II,,TMTS,SPARTACUS ACQUISITION CORP II,base_only
2026-09-04,relation,TONT,GRAF GLOBAL CORP,,TONT.U,GRAF GLOBAL CORP,base_only
2026-09-04,relation,TONT.U,GRAF GLOBAL CORP,,TONT,GRAF GLOBAL CORP,base_only
2026-09-04,relation,TPTA,TERRA PROPERTY TRUST INC,,TPTS,TERRA PROPERTY TRUST INC,base_only
2026-09-04,relation,TPTS,TERRA PROPERTY TRUST INC,,TPTA,TERRA PROPERTY TRUST INC,base_only
2026-09-04,relation,TRGS,TRG LATIN AMERICA ACQUISITIONS CORP,,TRGSU,TRG LATIN AMERICA ACQUISITIONS CORP,base_only
2026-09-04,relation,TRGSU,TRG LATIN AMERICA ACQUISITIONS CORP,,TRGS,TRG LATIN AMERICA ACQUISITIONS CORP,base_only
2026-09-04,relation,TVAI,THAYER VENTURES ACQUISITION CORP II,,TVAIU,THAYER VENTURES ACQUISITION CORP II,base_only
2026-09-04,relation,TVAIU,THAYER VENTURES ACQUISITION CORP II,,TVAI,THAYER VENTURES ACQUISITION CORP II,base_only
2026-09-04,relation,TVIV,TEXAS VENTURES ACQUISITION IV CORP,,TVIVU,TEXAS VENTURES ACQUISITION IV CORP,base_only
2026-09-04,relation,TVIVU,TEXAS VENTURES ACQUISITION IV CORP,,TVIV,TEXAS VENTURES ACQUISITION IV CORP,base_only
2026-09-04,relation,TWLV,TWELVE SEAS INVESTMENT CO III,,TWLVU,TWELVE SEAS INVESTMENT CO III,base_only
2026-09-04,relation,TWLVU,TWELVE SEAS INVESTMENT CO III,,TWLV,TWELVE SEAS INVESTMENT CO III,base_only
2026-09-04,relation,VACI,VIKING ACQUISITION CORP I,,VACI.U,VIKING ACQUISITION CORP I,base_only
2026-09-04,relation,VACI.U,VIKING ACQUISITION CORP I,,VACI,VIKING ACQUISITION CORP I,base_only
2026-09-04,relation,VECA,VERNAL CAPITAL ACQUISITION CORP,,VECA.U,VERNAL CAPITAL ACQUISITION CORP,base_only
2026-09-04,relation,VECA.U,VERNAL CAPITAL ACQUISITION CORP,,VECA,VERNAL CAPITAL ACQUISITION CORP,base_only
2026-09-04,relation,VHCP,VINE HILL CAPITAL INVESTMENT CORP II,,VHCPU,VINE HILL CAPITAL INVESTMENT CORP II,base_only
2026-09-04,relation,VHCPU,VINE HILL CAPITAL INVESTMENT CORP II,,VHCP,VINE HILL CAPITAL INVESTMENT CORP II,base_only
2026-09-04,relation,VII,VIKING ACQUISITION CORP II,,VII.U,VIKING ACQUISITION CORP II,base_only
2026-09-04,relation,VII.U,VIKING ACQUISITION CORP II,,VII,VIKING ACQUISITION CORP II,base_only
2026-09-04,relation,VLOS,VELOS ACQUISITION I CORP,,VLOSU,VELOS ACQUISITION I CORP,base_only
2026-09-04,relation,VLOSU,VELOS ACQUISITION I CORP,,VLOS,VELOS ACQUISITION I CORP,base_only
2026-09-04,relation,VNME,VENDOME ACQUISITION CORP I,,VNMEU,VENDOME ACQUISITION CORP I,base_only
2026-09-04,relation,VNMEU,VENDOME ACQUISITION CORP I,,VNME,VENDOME ACQUISITION CORP I,base_only
2026-09-04,relation,WENC,WEST ENCLAVE MERGER CORP,,WENC.U,WEST ENCLAVE MERGER CORP,base_only
2026-09-04,relation,WENC.U,WEST ENCLAVE MERGER CORP,,WENC,WEST ENCLAVE MERGER CORP,base_only
2026-09-04,relation,WENN,WEN ACQUISITION CORP,,WENNU,WEN ACQUISITION CORP,base_only
2026-09-04,relation,WENNU,WEN ACQUISITION CORP,,WENN,WEN ACQUISITION CORP,base_only
2026-09-04,relation,WHLR,WHEELER REAL ESTATE INVESTMENT TRUST INC,,WHLRD,WHEELER REAL ESTATE INVESTMENT TRUST INC,base_only
2026-09-04,relation,WHLR,WHEELER REAL ESTATE INVESTMENT TRUST INC,,WHLRP,WHEELER REAL ESTATE INVESTMENT TRUST INC,base_only
2026-09-04,relation,WHLRD,WHEELER REAL ESTATE INVESTMENT TRUST INC,,WHLR,WHEELER REAL ESTATE INVESTMENT TRUST INC,base_only
2026-09-04,relation,WHLRP,WHEELER REAL ESTATE INVESTMENT TRUST INC,,WHLR,WHEELER REAL ESTATE INVESTMENT TRUST INC,base_only
2026-09-04,relation,WLII,WILLOW LANE ACQUISITION CORP II,,WLIIU,WILLOW LANE ACQUISITION CORP II,base_only
2026-09-04,relation,WLIIU,WILLOW LANE ACQUISITION CORP II,,WLII,WILLOW LANE ACQUISITION CORP II,base_only
2026-09-04,relation,WPAC,WHITE PEARL ACQUISITION CORP,,WPAC.U,WHITE PEARL ACQUISITION CORP,base_only
2026-09-04,relation,WPAC.U,WHITE PEARL ACQUISITION CORP,,WPAC,WHITE PEARL ACQUISITION CORP,base_only
2026-09-04,relation,WSTN,WESTIN ACQUISITION CORP,,WSTNU,WESTIN ACQUISITION CORP,base_only
2026-09-04,relation,WSTNU,WESTIN ACQUISITION CORP,,WSTN,WESTIN ACQUISITION CORP,base_only
2026-09-04,relation,WTG,WINTERGREEN ACQUISITION CORP,,WTGUU,WINTERGREEN ACQUISITION CORP,base_only
2026-09-04,relation,WTGUU,WINTERGREEN ACQUISITION CORP,,WTG,WINTERGREEN ACQUISITION CORP,base_only
2026-09-04,relation,XCBE,X3 ACQUISITION CORP LTD,,XCBEU,X3 ACQUISITION CORP LTD,base_only
2026-09-04,relation,XCBEU,X3 ACQUISITION CORP LTD,,XCBE,X3 ACQUISITION CORP LTD,base_only
2026-09-04,relation,XRPN,ARMADA ACQUISITION CORP II,,XRPNU,ARMADA ACQUISITION CORP II,base_only
2026-09-04,relation,XRPNU,ARMADA ACQUISITION CORP II,,XRPN,ARMADA ACQUISITION CORP II,base_only
2026-09-04,relation,XSLL,XSOLLA SPAC 1,,XSLLU,XSOLLA SPAC 1,base_only
2026-09-04,relation,XSLLU,XSOLLA SPAC 1,,XSLL,XSOLLA SPAC 1,base_only
2026-09-04,relation,YCY,AA MISSION ACQUISITION CORP II,,YCY.U,AA MISSION ACQUISITION CORP II,base_only
2026-09-04,relation,YCY.U,AA MISSION ACQUISITION CORP II,,YCY,AA MISSION ACQUISITION CORP II,base_only
2026-09-04,relation,YHNA,YHN ACQUISITION I LTD,,YHNAU,YHN ACQUISITION I LTD,base_only
2026-09-04,relation,YHNAU,YHN ACQUISITION I LTD,,YHNA,YHN ACQUISITION I LTD,base_only
2026-09-04,relation,YICC,YORKVILLE INTERNATIONAL CAPITAL CORP,,YICCU,YORKVILLE INTERNATIONAL CAPITAL CORP,base_only
2026-09-04,relation,YICCU,YORKVILLE INTERNATIONAL CAPITAL CORP,,YICC,YORKVILLE INTERNATIONAL CAPITAL CORP,base_only
2026-09-04,relation,ZKP,LAFAYETTE DIGITAL ACQUISITION CORP I,,ZKPU,LAFAYETTE DIGITAL ACQUISITION CORP I,base_only
2026-09-04,relation,ZKPU,LAFAYETTE DIGITAL ACQUISITION CORP I,,ZKP,LAFAYETTE DIGITAL ACQUISITION CORP I,base_only
2026-09-08,relation,AAC,ARES ACQUISITION CORP III,,AAC.U,ARES ACQUISITION CORP III,base_only
2026-09-08,relation,AAC.U,ARES ACQUISITION CORP III,,AAC,ARES ACQUISITION CORP III,base_only
2026-09-08,relation,ABR,ARBOR REALTY TRUST INC,,ABR-PD,ARBOR REALTY TRUST INC,base_only
2026-09-08,relation,ABR,ARBOR REALTY TRUST INC,,ABR-PE,ARBOR REALTY TRUST INC,base_only
2026-09-08,relation,ABR,ARBOR REALTY TRUST INC,,ABR-PF,ARBOR REALTY TRUST INC,base_only
2026-09-08,relation,ABR-PD,ARBOR REALTY TRUST INC,,ABR,ARBOR REALTY TRUST INC,base_only
2026-09-08,relation,ABR-PE,ARBOR REALTY TRUST INC,,ABR,ARBOR REALTY TRUST INC,base_only
2026-09-08,relation,ABR-PF,ARBOR REALTY TRUST INC,,ABR,ARBOR REALTY TRUST INC,base_only
2026-09-08,relation,ABX,ABACUS GLOBAL MANAGEMENT INC,,ABXL,ABACUS GLOBAL MANAGEMENT INC,base_only
2026-09-08,relation,ABXL,ABACUS GLOBAL MANAGEMENT INC,,ABX,ABACUS GLOBAL MANAGEMENT INC,base_only
2026-09-08,relation,ACGL,ARCH CAPITAL GROUP LTD,,ACGLN,ARCH CAPITAL GROUP LTD,base_only
2026-09-08,relation,ACGL,ARCH CAPITAL GROUP LTD,,ACGLO,ARCH CAPITAL GROUP LTD,base_only
2026-09-08,relation,ACGLN,ARCH CAPITAL GROUP LTD,,ACGL,ARCH CAPITAL GROUP LTD,base_only
2026-09-08,relation,ACGLO,ARCH CAPITAL GROUP LTD,,ACGL,ARCH CAPITAL GROUP LTD,base_only
2026-09-08,relation,ACR,ACRES COMMERCIAL REALTY CORP,,ACR-PC,ACRES COMMERCIAL REALTY CORP,base_only
2026-09-08,relation,ACR,ACRES COMMERCIAL REALTY CORP,,ACR-PD,ACRES COMMERCIAL REALTY CORP,base_only
2026-09-08,relation,ACR-PC,ACRES COMMERCIAL REALTY CORP,,ACR,ACRES COMMERCIAL REALTY CORP,base_only
2026-09-08,relation,ACR-PD,ACRES COMMERCIAL REALTY CORP,,ACR,ACRES COMMERCIAL REALTY CORP,base_only
2026-09-08,relation,AD,ARRAY DIGITAL INFRASTRUCTURE INC,,UZD,ARRAY DIGITAL INFRASTRUCTURE INC,base_only
2026-09-08,relation,AD,ARRAY DIGITAL INFRASTRUCTURE INC,,UZE,ARRAY DIGITAL INFRASTRUCTURE INC,base_only
2026-09-08,relation,AD,ARRAY DIGITAL INFRASTRUCTURE INC,,UZF,ARRAY DIGITAL INFRASTRUCTURE INC,base_only
2026-09-08,relation,ADAM,ADAMAS TRUST INC,,ADAMG,ADAMAS TRUST INC,base_only
2026-09-08,relation,ADAM,ADAMAS TRUST INC,,ADAMH,ADAMAS TRUST INC,base_only
2026-09-08,relation,ADAM,ADAMAS TRUST INC,,ADAMI,ADAMAS TRUST INC,base_only
2026-09-08,relation,ADAM,ADAMAS TRUST INC,,ADAMK,ADAMAS TRUST INC,base_only
2026-09-08,relation,ADAM,ADAMAS TRUST INC,,ADAML,ADAMAS TRUST INC,base_only
2026-09-08,relation,ADAM,ADAMAS TRUST INC,,ADAMM,ADAMAS TRUST INC,base_only
2026-09-08,relation,ADAM,ADAMAS TRUST INC,,ADAMN,ADAMAS TRUST INC,base_only
2026-09-08,relation,ADAM,ADAMAS TRUST INC,,ADAMO,ADAMAS TRUST INC,base_only
2026-09-08,relation,ADAM,ADAMAS TRUST INC,,ADAMZ,ADAMAS TRUST INC,base_only
2026-09-08,relation,ADAMG,ADAMAS TRUST INC,,ADAM,ADAMAS TRUST INC,base_only
2026-09-08,relation,ADAMH,ADAMAS TRUST INC,,ADAM,ADAMAS TRUST INC,base_only
2026-09-08,relation,ADAMI,ADAMAS TRUST INC,,ADAM,ADAMAS TRUST INC,base_only
2026-09-08,relation,ADAMK,ADAMAS TRUST INC,,ADAM,ADAMAS TRUST INC,base_only
2026-09-08,relation,ADAML,ADAMAS TRUST INC,,ADAM,ADAMAS TRUST INC,base_only
2026-09-08,relation,ADAMM,ADAMAS TRUST INC,,ADAM,ADAMAS TRUST INC,base_only
2026-09-08,relation,ADAMN,ADAMAS TRUST INC,,ADAM,ADAMAS TRUST INC,base_only
2026-09-08,relation,ADAMO,ADAMAS TRUST INC,,ADAM,ADAMAS TRUST INC,base_only
2026-09-08,relation,ADAMZ,ADAMAS TRUST INC,,ADAM,ADAMAS TRUST INC,base_only
2026-09-08,relation,ADC,AGREE REALTY CORP,,ADC-PA,AGREE REALTY CORP,base_only
2026-09-08,relation,ADC-PA,AGREE REALTY CORP,,ADC,AGREE REALTY CORP,base_only
2026-09-08,relation,AEL,AMERICAN EQUITY INVESTMENT LIFE HOLDING CO,,ANG-PD,AMERICAN EQUITY INVESTMENT LIFE HOLDING CO,base_only
2026-09-08,relation,AFG,AMERICAN FINANCIAL GROUP INC,,AFGB,AMERICAN FINANCIAL GROUP INC,base_only
2026-09-08,relation,AFG,AMERICAN FINANCIAL GROUP INC,,AFGC,AMERICAN FINANCIAL GROUP INC,base_only
2026-09-08,relation,AFG,AMERICAN FINANCIAL GROUP INC,,AFGD,AMERICAN FINANCIAL GROUP INC,base_only
2026-09-08,relation,AFG,AMERICAN FINANCIAL GROUP INC,,AFGE,AMERICAN FINANCIAL GROUP INC,base_only
2026-09-08,relation,AFGB,AMERICAN FINANCIAL GROUP INC,,AFG,AMERICAN FINANCIAL GROUP INC,base_only
2026-09-08,relation,AFGC,AMERICAN FINANCIAL GROUP INC,,AFG,AMERICAN FINANCIAL GROUP INC,base_only
2026-09-08,relation,AFGD,AMERICAN FINANCIAL GROUP INC,,AFG,AMERICAN FINANCIAL GROUP INC,base_only
2026-09-08,relation,AFGE,AMERICAN FINANCIAL GROUP INC,,AFG,AMERICAN FINANCIAL GROUP INC,base_only
2026-09-08,relation,AGM,FEDERAL AGRICULTURAL MORTGAGE CORP,,AGM-PD,FEDERAL AGRICULTURAL MORTGAGE CORP,base_only
2026-09-08,relation,AGM,FEDERAL AGRICULTURAL MORTGAGE CORP,,AGM-PE,FEDERAL AGRICULTURAL MORTGAGE CORP,base_only
2026-09-08,relation,AGM,FEDERAL AGRICULTURAL MORTGAGE CORP,,AGM-PF,FEDERAL AGRICULTURAL MORTGAGE CORP,base_only
2026-09-08,relation,AGM,FEDERAL AGRICULTURAL MORTGAGE CORP,,AGM-PG,FEDERAL AGRICULTURAL MORTGAGE CORP,base_only
2026-09-08,relation,AGM,FEDERAL AGRICULTURAL MORTGAGE CORP,,AGM-PH,FEDERAL AGRICULTURAL MORTGAGE CORP,base_only
2026-09-08,relation,AGM,FEDERAL AGRICULTURAL MORTGAGE CORP,,AGM-PI,FEDERAL AGRICULTURAL MORTGAGE CORP,base_only
2026-09-08,relation,AGM,FEDERAL AGRICULTURAL MORTGAGE CORP,,AGM.A,FEDERAL AGRICULTURAL MORTGAGE CORP,base_only
2026-09-08,relation,AGM-PD,FEDERAL AGRICULTURAL MORTGAGE CORP,,AGM,FEDERAL AGRICULTURAL MORTGAGE CORP,base_only
2026-09-08,relation,AGM-PE,FEDERAL AGRICULTURAL MORTGAGE CORP,,AGM,FEDERAL AGRICULTURAL MORTGAGE CORP,base_only
2026-09-08,relation,AGM-PF,FEDERAL AGRICULTURAL MORTGAGE CORP,,AGM,FEDERAL AGRICULTURAL MORTGAGE CORP,base_only
2026-09-08,relation,AGM-PG,FEDERAL AGRICULTURAL MORTGAGE CORP,,AGM,FEDERAL AGRICULTURAL MORTGAGE CORP,base_only
2026-09-08,relation,AGM-PH,FEDERAL AGRICULTURAL MORTGAGE CORP,,AGM,FEDERAL AGRICULTURAL MORTGAGE CORP,base_only
2026-09-08,relation,AGM-PI,FEDERAL AGRICULTURAL MORTGAGE CORP,,AGM,FEDERAL AGRICULTURAL MORTGAGE CORP,base_only
2026-09-08,relation,AGM.A,FEDERAL AGRICULTURAL MORTGAGE CORP,,AGM,FEDERAL AGRICULTURAL MORTGAGE CORP,base_only
2026-09-08,relation,AGNC,AGNC INVESTMENT CORP,,AGNCL,AGNC INVESTMENT CORP,base_only
2026-09-08,relation,AGNC,AGNC INVESTMENT CORP,,AGNCM,AGNC INVESTMENT CORP,base_only
2026-09-08,relation,AGNC,AGNC INVESTMENT CORP,,AGNCN,AGNC INVESTMENT CORP,base_only
2026-09-08,relation,AGNC,AGNC INVESTMENT CORP,,AGNCO,AGNC INVESTMENT CORP,base_only
2026-09-08,relation,AGNC,AGNC INVESTMENT CORP,,AGNCP,AGNC INVESTMENT CORP,base_only
2026-09-08,relation,AGNC,AGNC INVESTMENT CORP,,AGNCZ,AGNC INVESTMENT CORP,base_only
2026-09-08,relation,AGNCL,AGNC INVESTMENT CORP,,AGNC,AGNC INVESTMENT CORP,base_only
2026-09-08,relation,AGNCM,AGNC INVESTMENT CORP,,AGNC,AGNC INVESTMENT CORP,base_only
2026-09-08,relation,AGNCN,AGNC INVESTMENT CORP,,AGNC,AGNC INVESTMENT CORP,base_only
2026-09-08,relation,AGNCO,AGNC INVESTMENT CORP,,AGNC,AGNC INVESTMENT CORP,base_only
2026-09-08,relation,AGNCP,AGNC INVESTMENT CORP,,AGNC,AGNC INVESTMENT CORP,base_only
2026-09-08,relation,AGNCZ,AGNC INVESTMENT CORP,,AGNC,AGNC INVESTMENT CORP,base_only
2026-09-08,relation,AHL-PD,ASPEN INSURANCE HOLDINGS LTD,,AHL2,ASPEN INSURANCE HOLDINGS LTD,base_only
2026-09-08,relation,AHL-PE,ASPEN INSURANCE HOLDINGS LTD,,AHL2,ASPEN INSURANCE HOLDINGS LTD,base_only
2026-09-08,relation,AHL-PF,ASPEN INSURANCE HOLDINGS LTD,,AHL2,ASPEN INSURANCE HOLDINGS LTD,base_only
2026-09-08,relation,AHL2,ASPEN INSURANCE HOLDINGS LTD,,AHL-PD,ASPEN INSURANCE HOLDINGS LTD,base_only
2026-09-08,relation,AHL2,ASPEN INSURANCE HOLDINGS LTD,,AHL-PE,ASPEN INSURANCE HOLDINGS LTD,base_only
2026-09-08,relation,AHL2,ASPEN INSURANCE HOLDINGS LTD,,AHL-PF,ASPEN INSURANCE HOLDINGS LTD,base_only
2026-09-08,relation,AHRT,AH REALTY TRUST INC,,AHRT-PA,AH REALTY TRUST INC,base_only
2026-09-08,relation,AHRT-PA,AH REALTY TRUST INC,,AHRT,AH REALTY TRUST INC,base_only
2026-09-08,relation,AHT,ASHFORD HOSPITALITY TRUST INC,,AHT-PD,ASHFORD HOSPITALITY TRUST INC,base_only
2026-09-08,relation,AHT,ASHFORD HOSPITALITY TRUST INC,,AHT-PF,ASHFORD HOSPITALITY TRUST INC,base_only
2026-09-08,relation,AHT,ASHFORD HOSPITALITY TRUST INC,,AHT-PG,ASHFORD HOSPITALITY TRUST INC,base_only
2026-09-08,relation,AHT,ASHFORD HOSPITALITY TRUST INC,,AHT-PH,ASHFORD HOSPITALITY TRUST INC,base_only
2026-09-08,relation,AHT,ASHFORD HOSPITALITY TRUST INC,,AHT-PI,ASHFORD HOSPITALITY TRUST INC,base_only
2026-09-08,relation,AHT-PD,ASHFORD HOSPITALITY TRUST INC,,AHT,ASHFORD HOSPITALITY TRUST INC,base_only
2026-09-08,relation,AHT-PF,ASHFORD HOSPITALITY TRUST INC,,AHT,ASHFORD HOSPITALITY TRUST INC,base_only
2026-09-08,relation,AHT-PG,ASHFORD HOSPITALITY TRUST INC,,AHT,ASHFORD HOSPITALITY TRUST INC,base_only
2026-09-08,relation,AHT-PH,ASHFORD HOSPITALITY TRUST INC,,AHT,ASHFORD HOSPITALITY TRUST INC,base_only
2026-09-08,relation,AHT-PI,ASHFORD HOSPITALITY TRUST INC,,AHT,ASHFORD HOSPITALITY TRUST INC,base_only
2026-09-08,relation,AIRT,AIR T INC,,AIRTP,AIR T INC,base_only
2026-09-08,relation,AIRTP,AIR T INC,,AIRT,AIR T INC,base_only
2026-09-08,relation,AIZ,ASSURANT INC,,AIZN,ASSURANT INC,base_only
2026-09-08,relation,AIZN,ASSURANT INC,,AIZ,ASSURANT INC,base_only
2026-09-08,relation,AKO.A,ANDINA BOTTLING CO INC,,AKO.B,ANDINA BOTTLING CO INC,base_only
2026-09-08,relation,AKO.B,ANDINA BOTTLING CO INC,,AKO.A,ANDINA BOTTLING CO INC,base_only
2026-09-08,relation,ALB,ALBEMARLE CORP,,ALB-PA,ALBEMARLE CORP,base_only
2026-09-08,relation,ALB-PA,ALBEMARLE CORP,,ALB,ALBEMARLE CORP,base_only
2026-09-08,relation,ALL,ALLSTATE CORP,,ALL-PB,ALLSTATE CORP,base_only
2026-09-08,relation,ALL,ALLSTATE CORP,,ALL-PH,ALLSTATE CORP,base_only
2026-09-08,relation,ALL,ALLSTATE CORP,,ALL-PI,ALLSTATE CORP,base_only
2026-09-08,relation,ALL,ALLSTATE CORP,,ALL-PJ,ALLSTATE CORP,base_only
2026-09-08,relation,ALL-PB,ALLSTATE CORP,,ALL,ALLSTATE CORP,base_only
2026-09-08,relation,ALL-PH,ALLSTATE CORP,,ALL,ALLSTATE CORP,base_only
2026-09-08,relation,ALL-PI,ALLSTATE CORP,,ALL,ALLSTATE CORP,base_only
2026-09-08,relation,ALL-PJ,ALLSTATE CORP,,ALL,ALLSTATE CORP,base_only
2026-09-08,relation,ALPX,ALPEX ACQUISITION CORP,,ALPXU,ALPEX ACQUISITION CORP,base_only
2026-09-08,relation,ALPXU,ALPEX ACQUISITION CORP,,ALPX,ALPEX ACQUISITION CORP,base_only
2026-09-08,relation,ALTG,ALTA EQUIPMENT GROUP INC,,ALTG-PA,ALTA EQUIPMENT GROUP INC,base_only
2026-09-08,relation,ALTG-PA,ALTA EQUIPMENT GROUP INC,,ALTG,ALTA EQUIPMENT GROUP INC,base_only
2026-09-08,relation,ALUB,ALUSSA ENERGY ACQUISITION CORP II,,ALUB.U,ALUSSA ENERGY ACQUISITION CORP II,base_only
2026-09-08,relation,ALUB.U,ALUSSA ENERGY ACQUISITION CORP II,,ALUB,ALUSSA ENERGY ACQUISITION CORP II,base_only
2026-09-08,relation,AMG,AFFILIATED MANAGERS GROUP INC,,MGR,AFFILIATED MANAGERS GROUP INC,base_only
2026-09-08,relation,AMG,AFFILIATED MANAGERS GROUP INC,,MGRB,AFFILIATED MANAGERS GROUP INC,base_only
2026-09-08,relation,AMG,AFFILIATED MANAGERS GROUP INC,,MGRD,AFFILIATED MANAGERS GROUP INC,base_only
2026-09-08,relation,AMG,AFFILIATED MANAGERS GROUP INC,,MGRE,AFFILIATED MANAGERS GROUP INC,base_only
2026-09-08,relation,AMH,AMERICAN HOMES 4 RENT,,AMH-PG,AMERICAN HOMES 4 RENT,base_only
2026-09-08,relation,AMH,AMERICAN HOMES 4 RENT,,AMH-PH,AMERICAN HOMES 4 RENT,base_only
2026-09-08,relation,AMH-PG,AMERICAN HOMES 4 RENT,,AMH,AMERICAN HOMES 4 RENT,base_only
2026-09-08,relation,AMH-PH,AMERICAN HOMES 4 RENT,,AMH,AMERICAN HOMES 4 RENT,base_only
2026-09-08,relation,ANG-PD,AMERICAN EQUITY INVESTMENT LIFE HOLDING CO,,AEL,AMERICAN EQUITY INVESTMENT LIFE HOLDING CO,base_only
2026-09-08,relation,AOMD,ANGEL OAK MORTGAGE REIT INC,,AOMR,ANGEL OAK MORTGAGE REIT INC,base_only
2026-09-08,relation,AOMN,ANGEL OAK MORTGAGE REIT INC,,AOMR,ANGEL OAK MORTGAGE REIT INC,base_only
2026-09-08,relation,AOMR,ANGEL OAK MORTGAGE REIT INC,,AOMD,ANGEL OAK MORTGAGE REIT INC,base_only
2026-09-08,relation,AOMR,ANGEL OAK MORTGAGE REIT INC,,AOMN,ANGEL OAK MORTGAGE REIT INC,base_only
2026-09-08,relation,APMC,AMPERCAP ACQUISITION CO,,APMCU,AMPERCAP ACQUISITION CO,base_only
2026-09-08,relation,APMCU,AMPERCAP ACQUISITION CO,,APMC,AMPERCAP ACQUISITION CO,base_only
2026-09-08,relation,APO,APOLLO GLOBAL MANAGEMENT INC,,APOS,APOLLO GLOBAL MANAGEMENT INC,base_only
2026-09-08,relation,APOS,APOLLO GLOBAL MANAGEMENT INC,,APO,APOLLO GLOBAL MANAGEMENT INC,base_only
2026-09-08,relation,APXT,APEX TREASURY CORP,,APXTU,APEX TREASURY CORP,base_only
2026-09-08,relation,APXTU,APEX TREASURY CORP,,APXT,APEX TREASURY CORP,base_only
2026-09-08,relation,AQN,ALGONQUIN POWER & UTILITIES CORP,,AQNB,ALGONQUIN POWER & UTILITIES CORP,base_only
2026-09-08,relation,AQNB,ALGONQUIN POWER & UTILITIES CORP,,AQN,ALGONQUIN POWER & UTILITIES CORP,base_only
2026-09-08,relation,ARCL,ARC GROUP ACQUISITION I CORP,,ARCLU,ARC GROUP ACQUISITION I CORP,base_only
2026-09-08,relation,ARCLU,ARC GROUP ACQUISITION I CORP,,ARCL,ARC GROUP ACQUISITION I CORP,base_only
2026-09-08,relation,ARES,ARES MANAGEMENT CORP,,ARES-PB,ARES MANAGEMENT CORP,base_only
2026-09-08,relation,ARES-PB,ARES MANAGEMENT CORP,,ARES,ARES MANAGEMENT CORP,base_only
2026-09-08,relation,ARR,ARMOUR RESIDENTIAL REIT INC,,ARR-PC,ARMOUR RESIDENTIAL REIT INC,base_only
2026-09-08,relation,ARR-PC,ARMOUR RESIDENTIAL REIT INC,,ARR,ARMOUR RESIDENTIAL REIT INC,base_only
2026-09-08,relation,ASB,ASSOCIATED BANC-CORP,,ASB-PE,ASSOCIATED BANC-CORP,base_only
2026-09-08,relation,ASB,ASSOCIATED BANC-CORP,,ASB-PF,ASSOCIATED BANC-CORP,base_only
2026-09-08,relation,ASB,ASSOCIATED BANC-CORP,,ASBA,ASSOCIATED BANC-CORP,base_only
2026-09-08,relation,ASB-PE,ASSOCIATED BANC-CORP,,ASB,ASSOCIATED BANC-CORP,base_only
2026-09-08,relation,ASB-PF,ASSOCIATED BANC-CORP,,ASB,ASSOCIATED BANC-CORP,base_only
2026-09-08,relation,ASBA,ASSOCIATED BANC-CORP,,ASB,ASSOCIATED BANC-CORP,base_only
2026-09-08,relation,ASST,STRIVE INC,,SATA,STRIVE INC,base_only
2026-09-08,relation,ATH,ATHENE HOLDING LTD,,ATH-PA,ATHENE HOLDING LTD,base_only
2026-09-08,relation,ATH,ATHENE HOLDING LTD,,ATH-PB,ATHENE HOLDING LTD,base_only
2026-09-08,relation,ATH,ATHENE HOLDING LTD,,ATH-PD,ATHENE HOLDING LTD,base_only
2026-09-08,relation,ATH,ATHENE HOLDING LTD,,ATH-PE,ATHENE HOLDING LTD,base_only
2026-09-08,relation,ATH,ATHENE HOLDING LTD,,ATHS,ATHENE HOLDING LTD,base_only
2026-09-08,relation,ATH-PA,ATHENE HOLDING LTD,,ATH,ATHENE HOLDING LTD,base_only
2026-09-08,relation,ATH-PB,ATHENE HOLDING LTD,,ATH,ATHENE HOLDING LTD,base_only
2026-09-08,relation,ATH-PD,ATHENE HOLDING LTD,,ATH,ATHENE HOLDING LTD,base_only
2026-09-08,relation,ATH-PE,ATHENE HOLDING LTD,,ATH,ATHENE HOLDING LTD,base_only
2026-09-08,relation,ATHS,ATHENE HOLDING LTD,,ATH,ATHENE HOLDING LTD,base_only
2026-09-08,relation,ATLC,ATLANTICUS HOLDINGS CORP,,ATLCL,ATLANTICUS HOLDINGS CORP,base_only
2026-09-08,relation,ATLC,ATLANTICUS HOLDINGS CORP,,ATLCP,ATLANTICUS HOLDINGS CORP,base_only
2026-09-08,relation,ATLC,ATLANTICUS HOLDINGS CORP,,ATLCZ,ATLANTICUS HOLDINGS CORP,base_only
2026-09-08,relation,ATLCL,ATLANTICUS HOLDINGS CORP,,ATLC,ATLANTICUS HOLDINGS CORP,base_only
2026-09-08,relation,ATLCP,ATLANTICUS HOLDINGS CORP,,ATLC,ATLANTICUS HOLDINGS CORP,base_only
2026-09-08,relation,ATLCZ,ATLANTICUS HOLDINGS CORP,,ATLC,ATLANTICUS HOLDINGS CORP,base_only
2026-09-08,relation,ATLQ,JAB ACQUISITION CORP I,,ATLQU,JAB ACQUISITION CORP I,base_only
2026-09-08,relation,ATLQU,JAB ACQUISITION CORP I,,ATLQ,JAB ACQUISITION CORP I,base_only
2026-09-08,relation,AUB,ATLANTIC UNION BANKSHARES CORP,,AUB-PA,ATLANTIC UNION BANKSHARES CORP,base_only
2026-09-08,relation,AUB-PA,ATLANTIC UNION BANKSHARES CORP,,AUB,ATLANTIC UNION BANKSHARES CORP,base_only
2026-09-08,relation,AXS,AXIS CAPITAL HOLDINGS LTD,,AXS-PE,AXIS CAPITAL HOLDINGS LTD,base_only
2026-09-08,relation,AXS-PE,AXIS CAPITAL HOLDINGS LTD,,AXS,AXIS CAPITAL HOLDINGS LTD,base_only
2026-09-08,relation,BA,BOEING CO,,BA-PA,BOEING CO,base_only
2026-09-08,relation,BA-PA,BOEING CO,,BA,BOEING CO,base_only
2026-09-08,relation,BAC,BANK OF AMERICA CORP,,BAC-PB,BANK OF AMERICA CORP,base_only
2026-09-08,relation,BAC,BANK OF AMERICA CORP,,BAC-PE,BANK OF AMERICA CORP,base_only
2026-09-08,relation,BAC,BANK OF AMERICA CORP,,BAC-PK,BANK OF AMERICA CORP,base_only
2026-09-08,relation,BAC,BANK OF AMERICA CORP,,BAC-PL,BANK OF AMERICA CORP,base_only
2026-09-08,relation,BAC,BANK OF AMERICA CORP,,BAC-PM,BANK OF AMERICA CORP,base_only
2026-09-08,relation,BAC,BANK OF AMERICA CORP,,BAC-PN,BANK OF AMERICA CORP,base_only
2026-09-08,relation,BAC,BANK OF AMERICA CORP,,BAC-PO,BANK OF AMERICA CORP,base_only
2026-09-08,relation,BAC,BANK OF AMERICA CORP,,BAC-PP,BANK OF AMERICA CORP,base_only
2026-09-08,relation,BAC,BANK OF AMERICA CORP,,BAC-PQ,BANK OF AMERICA CORP,base_only
2026-09-08,relation,BAC,BANK OF AMERICA CORP,,BAC-PS,BANK OF AMERICA CORP,base_only
2026-09-08,relation,BAC,BANK OF AMERICA CORP,,BML-PG,BANK OF AMERICA CORP,base_only
2026-09-08,relation,BAC,BANK OF AMERICA CORP,,BML-PH,BANK OF AMERICA CORP,base_only
2026-09-08,relation,BAC,BANK OF AMERICA CORP,,BML-PJ,BANK OF AMERICA CORP,base_only
2026-09-08,relation,BAC,BANK OF AMERICA CORP,,BML-PL,BANK OF AMERICA CORP,base_only
2026-09-08,relation,BAC-PB,BANK OF AMERICA CORP,,BAC,BANK OF AMERICA CORP,base_only
2026-09-08,relation,BAC-PE,BANK OF AMERICA CORP,,BAC,BANK OF AMERICA CORP,base_only
2026-09-08,relation,BAC-PK,BANK OF AMERICA CORP,,BAC,BANK OF AMERICA CORP,base_only
2026-09-08,relation,BAC-PL,BANK OF AMERICA CORP,,BAC,BANK OF AMERICA CORP,base_only
2026-09-08,relation,BAC-PM,BANK OF AMERICA CORP,,BAC,BANK OF AMERICA CORP,base_only
2026-09-08,relation,BAC-PN,BANK OF AMERICA CORP,,BAC,BANK OF AMERICA CORP,base_only
2026-09-08,relation,BAC-PO,BANK OF AMERICA CORP,,BAC,BANK OF AMERICA CORP,base_only
2026-09-08,relation,BAC-PP,BANK OF AMERICA CORP,,BAC,BANK OF AMERICA CORP,base_only
2026-09-08,relation,BAC-PQ,BANK OF AMERICA CORP,,BAC,BANK OF AMERICA CORP,base_only
2026-09-08,relation,BAC-PS,BANK OF AMERICA CORP,,BAC,BANK OF AMERICA CORP,base_only
2026-09-08,relation,BANC,BANC OF CALIFORNIA INC,,BANC-PF,BANC OF CALIFORNIA INC,base_only
2026-09-08,relation,BANC-PF,BANC OF CALIFORNIA INC,,BANC,BANC OF CALIFORNIA INC,base_only
2026-09-08,relation,BANF,BANCFIRST CORP,,BANFP,BANCFIRST CORP,base_only
2026-09-08,relation,BANFP,BANCFIRST CORP,,BANF,BANCFIRST CORP,base_only
2026-09-08,relation,BATRA,ATLANTA BRAVES HOLDINGS INC,,BATRK,ATLANTA BRAVES HOLDINGS INC,base_only
2026-09-08,relation,BATRK,ATLANTA BRAVES HOLDINGS INC,,BATRA,ATLANTA BRAVES HOLDINGS INC,base_only
2026-09-08,relation,BBD,BANK BRADESCO,,BBDO,BANK BRADESCO,base_only
2026-09-08,relation,BBDO,BANK BRADESCO,,BBD,BANK BRADESCO,base_only
2026-09-08,relation,BC,BRUNSWICK CORP,,BC-PC,BRUNSWICK CORP,base_only
2026-09-08,relation,BC-PC,BRUNSWICK CORP,,BC,BRUNSWICK CORP,base_only
2026-09-08,relation,BCCQ,BLEICHROEDER ACQUISITION CORP III,,BCCQU,BLEICHROEDER ACQUISITION CORP III,base_only
2026-09-08,relation,BCCQU,BLEICHROEDER ACQUISITION CORP III,,BCCQ,BLEICHROEDER ACQUISITION CORP III,base_only
2026-09-08,relation,BCTX,BRIACELL THERAPEUTICS CORP,,BCTXL,BRIACELL THERAPEUTICS CORP,base_only
2026-09-08,relation,BCTXL,BRIACELL THERAPEUTICS CORP,,BCTX,BRIACELL THERAPEUTICS CORP,base_only
2026-09-08,relation,BCV,BANCROFT FUND LTD,,BCV-PA,BANCROFT FUND LTD,base_only
2026-09-08,relation,BCV-PA,BANCROFT FUND LTD,,BCV,BANCROFT FUND LTD,base_only
2026-09-08,relation,BELFA,BEL FUSE INC,,BELFB,BEL FUSE INC,base_only
2026-09-08,relation,BELFB,BEL FUSE INC,,BELFA,BEL FUSE INC,base_only
2026-09-08,relation,BEP,BROOKFIELD RENEWABLE PARTNERS LP,,BEP-PA,BROOKFIELD RENEWABLE PARTNERS LP,base_only
2026-09-08,relation,BEP,BROOKFIELD RENEWABLE PARTNERS LP,,BEPJ,BROOKFIELD RENEWABLE PARTNERS LP,base_only
2026-09-08,relation,BEP-PA,BROOKFIELD RENEWABLE PARTNERS LP,,BEP,BROOKFIELD RENEWABLE PARTNERS LP,base_only
2026-09-08,relation,BEPH,BROOKFIELD BRP HOLDINGS (CANADA) INC,,BEPI,BROOKFIELD BRP HOLDINGS (CANADA) INC,base_only
2026-09-08,relation,BEPI,BROOKFIELD BRP HOLDINGS (CANADA) INC,,BEPH,BROOKFIELD BRP HOLDINGS (CANADA) INC,base_only
2026-09-08,relation,BEPJ,BROOKFIELD RENEWABLE PARTNERS LP,,BEP,BROOKFIELD RENEWABLE PARTNERS LP,base_only
2026-09-08,relation,BF.A,BROWN FORMAN CORP,,BF.B,BROWN FORMAN CORP,base_only
2026-09-08,relation,BF.B,BROWN FORMAN CORP,,BF.A,BROWN FORMAN CORP,base_only
2026-09-08,relation,BFH,BREAD FINANCIAL HOLDINGS INC,,BFH-PA,BREAD FINANCIAL HOLDINGS INC,base_only
2026-09-08,relation,BFH-PA,BREAD FINANCIAL HOLDINGS INC,,BFH,BREAD FINANCIAL HOLDINGS INC,base_only
2026-09-08,relation,BFS,SAUL CENTERS INC,,BFS-PD,SAUL CENTERS INC,base_only
2026-09-08,relation,BFS,SAUL CENTERS INC,,BFS-PE,SAUL CENTERS INC,base_only
2026-09-08,relation,BFS-PD,SAUL CENTERS INC,,BFS,SAUL CENTERS INC,base_only
2026-09-08,relation,BFS-PE,SAUL CENTERS INC,,BFS,SAUL CENTERS INC,base_only
2026-09-08,relation,BH,BIGLARI HOLDINGS INC,,BH.A,BIGLARI HOLDINGS INC,base_only
2026-09-08,relation,BH.A,BIGLARI HOLDINGS INC,,BH,BIGLARI HOLDINGS INC,base_only
2026-09-08,relation,BHF,BRIGHTHOUSE FINANCIAL INC,,BHFAL,BRIGHTHOUSE FINANCIAL INC,base_only
2026-09-08,relation,BHF,BRIGHTHOUSE FINANCIAL INC,,BHFAM,BRIGHTHOUSE FINANCIAL INC,base_only
2026-09-08,relation,BHF,BRIGHTHOUSE FINANCIAL INC,,BHFAN,BRIGHTHOUSE FINANCIAL INC,base_only
2026-09-08,relation,BHF,BRIGHTHOUSE FINANCIAL INC,,BHFAO,BRIGHTHOUSE FINANCIAL INC,base_only
2026-09-08,relation,BHF,BRIGHTHOUSE FINANCIAL INC,,BHFAP,BRIGHTHOUSE FINANCIAL INC,base_only
2026-09-08,relation,BHFAL,BRIGHTHOUSE FINANCIAL INC,,BHF,BRIGHTHOUSE FINANCIAL INC,base_only
2026-09-08,relation,BHFAM,BRIGHTHOUSE FINANCIAL INC,,BHF,BRIGHTHOUSE FINANCIAL INC,base_only
2026-09-08,relation,BHFAN,BRIGHTHOUSE FINANCIAL INC,,BHF,BRIGHTHOUSE FINANCIAL INC,base_only
2026-09-08,relation,BHFAO,BRIGHTHOUSE FINANCIAL INC,,BHF,BRIGHTHOUSE FINANCIAL INC,base_only
2026-09-08,relation,BHFAP,BRIGHTHOUSE FINANCIAL INC,,BHF,BRIGHTHOUSE FINANCIAL INC,base_only
2026-09-08,relation,BHR,BRAEMAR HOTELS & RESORTS INC,,BHR-PB,BRAEMAR HOTELS & RESORTS INC,base_only
2026-09-08,relation,BHR,BRAEMAR HOTELS & RESORTS INC,,BHR-PD,BRAEMAR HOTELS & RESORTS INC,base_only
2026-09-08,relation,BHR-PB,BRAEMAR HOTELS & RESORTS INC,,BHR,BRAEMAR HOTELS & RESORTS INC,base_only
2026-09-08,relation,BHR-PD,BRAEMAR HOTELS & RESORTS INC,,BHR,BRAEMAR HOTELS & RESORTS INC,base_only
2026-09-08,relation,BIP,BROOKFIELD INFRASTRUCTURE PARTNERS LP,,BIP-PA,BROOKFIELD INFRASTRUCTURE PARTNERS LP,base_only
2026-09-08,relation,BIP,BROOKFIELD INFRASTRUCTURE PARTNERS LP,,BIP-PB,BROOKFIELD INFRASTRUCTURE PARTNERS LP,base_only
2026-09-08,relation,BIP,BROOKFIELD INFRASTRUCTURE PARTNERS LP,,BIPI,BROOKFIELD INFRASTRUCTURE PARTNERS LP,base_only
2026-09-08,relation,BIP-PA,BROOKFIELD INFRASTRUCTURE PARTNERS LP,,BIP,BROOKFIELD INFRASTRUCTURE PARTNERS LP,base_only
2026-09-08,relation,BIP-PB,BROOKFIELD INFRASTRUCTURE PARTNERS LP,,BIP,BROOKFIELD INFRASTRUCTURE PARTNERS LP,base_only
2026-09-08,relation,BIPI,BROOKFIELD INFRASTRUCTURE PARTNERS LP,,BIP,BROOKFIELD INFRASTRUCTURE PARTNERS LP,base_only
2026-09-08,relation,BKHA,BLACK HAWK ACQUISITION CORP,,BKHAU,BLACK HAWK ACQUISITION CORP,base_only
2026-09-08,relation,BKHAU,BLACK HAWK ACQUISITION CORP,,BKHA,BLACK HAWK ACQUISITION CORP,base_only
2026-09-08,relation,BML-PG,BANK OF AMERICA CORP,,BAC,BANK OF AMERICA CORP,base_only
2026-09-08,relation,BML-PH,BANK OF AMERICA CORP,,BAC,BANK OF AMERICA CORP,base_only
2026-09-08,relation,BML-PJ,BANK OF AMERICA CORP,,BAC,BANK OF AMERICA CORP,base_only
2026-09-08,relation,BML-PL,BANK OF AMERICA CORP,,BAC,BANK OF AMERICA CORP,base_only
2026-09-08,relation,BMNP,BITMINE IMMERSION TECHNOLOGIES INC,,BMNR,BITMINE IMMERSION TECHNOLOGIES INC,base_only
2026-09-08,relation,BMNR,BITMINE IMMERSION TECHNOLOGIES INC,,BMNP,BITMINE IMMERSION TECHNOLOGIES INC,base_only
2026-09-08,relation,BN,BROOKFIELD CORP,,BNH,BROOKFIELD CORP,base_only
2026-09-08,relation,BNH,BROOKFIELD CORP,,BN,BROOKFIELD CORP,base_only
2026-09-08,relation,BOH,BANK OF HAWAII CORP,,BOH-PA,BANK OF HAWAII CORP,base_only
2026-09-08,relation,BOH,BANK OF HAWAII CORP,,BOH-PB,BANK OF HAWAII CORP,base_only
2026-09-08,relation,BOH-PA,BANK OF HAWAII CORP,,BOH,BANK OF HAWAII CORP,base_only
2026-09-08,relation,BOH-PB,BANK OF HAWAII CORP,,BOH,BANK OF HAWAII CORP,base_only
2026-09-08,relation,BPY,BROOKFIELD PROPERTY PARTNERS LP,,BPYPM,BROOKFIELD PROPERTY PARTNERS LP,base_only
2026-09-08,relation,BPY,BROOKFIELD PROPERTY PARTNERS LP,,BPYPN,BROOKFIELD PROPERTY PARTNERS LP,base_only
2026-09-08,relation,BPY,BROOKFIELD PROPERTY PARTNERS LP,,BPYPO,BROOKFIELD PROPERTY PARTNERS LP,base_only
2026-09-08,relation,BPY,BROOKFIELD PROPERTY PARTNERS LP,,BPYPP,BROOKFIELD PROPERTY PARTNERS LP,base_only
2026-09-08,relation,BPYPM,BROOKFIELD PROPERTY PARTNERS LP,,BPY,BROOKFIELD PROPERTY PARTNERS LP,base_only
2026-09-08,relation,BPYPN,BROOKFIELD PROPERTY PARTNERS LP,,BPY,BROOKFIELD PROPERTY PARTNERS LP,base_only
2026-09-08,relation,BPYPO,BROOKFIELD PROPERTY PARTNERS LP,,BPY,BROOKFIELD PROPERTY PARTNERS LP,base_only
2026-09-08,relation,BPYPP,BROOKFIELD PROPERTY PARTNERS LP,,BPY,BROOKFIELD PROPERTY PARTNERS LP,base_only
2026-09-08,relation,BRK.A,BERKSHIRE HATHAWAY INC,,BRK.B,BERKSHIRE HATHAWAY INC,base_only
2026-09-08,relation,BRK.B,BERKSHIRE HATHAWAY INC,,BRK.A,BERKSHIRE HATHAWAY INC,base_only
2026-09-08,relation,BRKH,BURTECH ACQUISITION CORP II,,BRKHU,BURTECH ACQUISITION CORP II,base_only
2026-09-08,relation,BRKHU,BURTECH ACQUISITION CORP II,,BRKH,BURTECH ACQUISITION CORP II,base_only
2026-09-08,relation,BRKR,BRUKER CORP,,BRKRP,BRUKER CORP,base_only
2026-09-08,relation,BRKRP,BRUKER CORP,,BRKR,BRUKER CORP,base_only
2026-09-08,relation,BTCK,TEUCRIUM COMMODITY TRUST,,TAGS,TEUCRIUM COMMODITY TRUST,base_only
2026-09-08,relation,BTSG,BRIGHTSPRING HEALTH SERVICES INC,,BTSGU,BRIGHTSPRING HEALTH SERVICES INC,base_only
2026-09-08,relation,BTSGU,BRIGHTSPRING HEALTH SERVICES INC,,BTSG,BRIGHTSPRING HEALTH SERVICES INC,base_only
2026-09-08,relation,BUSE,FIRST BUSEY CORP,,BUSEP,FIRST BUSEY CORP,base_only
2026-09-08,relation,BUSEP,FIRST BUSEY CORP,,BUSE,FIRST BUSEY CORP,base_only
2026-09-08,relation,BW,BABCOCK & WILCOX ENTERPRISES INC,,BW-PA,BABCOCK & WILCOX ENTERPRISES INC,base_only
2026-09-08,relation,BW-PA,BABCOCK & WILCOX ENTERPRISES INC,,BW,BABCOCK & WILCOX ENTERPRISES INC,base_only
2026-09-08,relation,BWIV,BLUE WATER ACQUISITION CORP IV,,BWIV.U,BLUE WATER ACQUISITION CORP IV,base_only
2026-09-08,relation,BWIV.U,BLUE WATER ACQUISITION CORP IV,,BWIV,BLUE WATER ACQUISITION CORP IV,base_only
2026-09-08,relation,C,CITIGROUP INC,,C-PN,CITIGROUP INC,base_only
2026-09-08,relation,C,CITIGROUP INC,,C-PR,CITIGROUP INC,base_only
2026-09-08,relation,C-PN,CITIGROUP INC,,C,CITIGROUP INC,base_only
2026-09-08,relation,C-PR,CITIGROUP INC,,C,CITIGROUP INC,base_only
2026-09-08,relation,CCID,CARLYLE CREDIT INCOME FUND,,CCIF,CARLYLE CREDIT INCOME FUND,base_only
2026-09-08,relation,CCIF,CARLYLE CREDIT INCOME FUND,,CCID,CARLYLE CREDIT INCOME FUND,base_only
2026-09-08,relation,CCNE,CNB FINANCIAL CORP,,CCNEP,CNB FINANCIAL CORP,base_only
2026-09-08,relation,CCNEP,CNB FINANCIAL CORP,,CCNE,CNB FINANCIAL CORP,base_only
2026-09-08,relation,CCXI,CHURCHILL CAPITAL CORP XI,,CCXIU,CHURCHILL CAPITAL CORP XI,base_only
2026-09-08,relation,CCXIU,CHURCHILL CAPITAL CORP XI,,CCXI,CHURCHILL CAPITAL CORP XI,base_only
2026-09-08,relation,CDR,CEDAR REALTY TRUST INC,,CDR-PB,CEDAR REALTY TRUST INC,base_only
2026-09-08,relation,CDR,CEDAR REALTY TRUST INC,,CDR-PC,CEDAR REALTY TRUST INC,base_only
2026-09-08,relation,CDR-PB,CEDAR REALTY TRUST INC,,CDR,CEDAR REALTY TRUST INC,base_only
2026-09-08,relation,CDR-PC,CEDAR REALTY TRUST INC,,CDR,CEDAR REALTY TRUST INC,base_only
2026-09-08,relation,CDZI,CADIZ INC,,CDZIP,CADIZ INC,base_only
2026-09-08,relation,CDZIP,CADIZ INC,,CDZI,CADIZ INC,base_only
2026-09-08,relation,CENT,CENTRAL GARDEN & PET CO,,CENTA,CENTRAL GARDEN & PET CO,base_only
2026-09-08,relation,CENTA,CENTRAL GARDEN & PET CO,,CENT,CENTRAL GARDEN & PET CO,base_only
2026-09-08,relation,CFG,CITIZENS FINANCIAL GROUP INC,,CFG-PE,CITIZENS FINANCIAL GROUP INC,base_only
2026-09-08,relation,CFG,CITIZENS FINANCIAL GROUP INC,,CFG-PH,CITIZENS FINANCIAL GROUP INC,base_only
2026-09-08,relation,CFG,CITIZENS FINANCIAL GROUP INC,,CFG-PI,CITIZENS FINANCIAL GROUP INC,base_only
2026-09-08,relation,CFG-PE,CITIZENS FINANCIAL GROUP INC,,CFG,CITIZENS FINANCIAL GROUP INC,base_only
2026-09-08,relation,CFG-PH,CITIZENS FINANCIAL GROUP INC,,CFG,CITIZENS FINANCIAL GROUP INC,base_only
2026-09-08,relation,CFG-PI,CITIZENS FINANCIAL GROUP INC,,CFG,CITIZENS FINANCIAL GROUP INC,base_only
2026-09-08,relation,CFR,CULLEN/FROST BANKERS INC,,CFR-PB,CULLEN/FROST BANKERS INC,base_only
2026-09-08,relation,CFR-PB,CULLEN/FROST BANKERS INC,,CFR,CULLEN/FROST BANKERS INC,base_only
2026-09-08,relation,CG,CARLYLE GROUP INC,,CGABL,CARLYLE GROUP INC,base_only
2026-09-08,relation,CGABL,CARLYLE GROUP INC,,CG,CARLYLE GROUP INC,base_only
2026-09-08,relation,CGCF,CARTESIAN GROWTH CORP IV,,CGCFU,CARTESIAN GROWTH CORP IV,base_only
2026-09-08,relation,CGCFU,CARTESIAN GROWTH CORP IV,,CGCF,CARTESIAN GROWTH CORP IV,base_only
2026-09-08,relation,CHMI,CHERRY HILL MORTGAGE INVESTMENT CORP,,CHMI-PA,CHERRY HILL MORTGAGE INVESTMENT CORP,base_only
2026-09-08,relation,CHMI-PA,CHERRY HILL MORTGAGE INVESTMENT CORP,,CHMI,CHERRY HILL MORTGAGE INVESTMENT CORP,base_only
2026-09-08,relation,CHSCL,CHS INC,,CHSCP,CHS INC,base_only
2026-09-08,relation,CHSCM,CHS INC,,CHSCP,CHS INC,base_only
2026-09-08,relation,CHSCN,CHS INC,,CHSCP,CHS INC,base_only
2026-09-08,relation,CHSCO,CHS INC,,CHSCP,CHS INC,base_only
2026-09-08,relation,CHSCP,CHS INC,,CHSCL,CHS INC,base_only
2026-09-08,relation,CHSCP,CHS INC,,CHSCM,CHS INC,base_only
2026-09-08,relation,CHSCP,CHS INC,,CHSCN,CHS INC,base_only
2026-09-08,relation,CHSCP,CHS INC,,CHSCO,CHS INC,base_only
2026-09-08,relation,CHTR,CHARTER COMMUNICATIONS INC,,CHTRP,CHARTER COMMUNICATIONS INC,base_only
2026-09-08,relation,CHTRP,CHARTER COMMUNICATIONS INC,,CHTR,CHARTER COMMUNICATIONS INC,base_only
2026-09-08,relation,CICB,CION INVESTMENT CORP,,CION,CION INVESTMENT CORP,base_only
2026-09-08,relation,CICC,CION INVESTMENT CORP,,CION,CION INVESTMENT CORP,base_only
2026-09-08,relation,CIG,ENERGY CO OF MINAS GERAIS,,CIG.C,ENERGY CO OF MINAS GERAIS,base_only
2026-09-08,relation,CIG.C,ENERGY CO OF MINAS GERAIS,,CIG,ENERGY CO OF MINAS GERAIS,base_only
2026-09-08,relation,CIM,CHIMERA INVESTMENT CORP,,CIM-PA,CHIMERA INVESTMENT CORP,base_only
2026-09-08,relation,CIM,CHIMERA INVESTMENT CORP,,CIM-PB,CHIMERA INVESTMENT CORP,base_only
2026-09-08,relation,CIM,CHIMERA INVESTMENT CORP,,CIM-PC,CHIMERA INVESTMENT CORP,base_only
2026-09-08,relation,CIM,CHIMERA INVESTMENT CORP,,CIM-PD,CHIMERA INVESTMENT CORP,base_only
2026-09-08,relation,CIM,CHIMERA INVESTMENT CORP,,CIMN,CHIMERA INVESTMENT CORP,base_only
2026-09-08,relation,CIM,CHIMERA INVESTMENT CORP,,CIMO,CHIMERA INVESTMENT CORP,base_only
2026-09-08,relation,CIM,CHIMERA INVESTMENT CORP,,CIMP,CHIMERA INVESTMENT CORP,base_only
2026-09-08,relation,CIM-PA,CHIMERA INVESTMENT CORP,,CIM,CHIMERA INVESTMENT CORP,base_only
2026-09-08,relation,CIM-PB,CHIMERA INVESTMENT CORP,,CIM,CHIMERA INVESTMENT CORP,base_only
2026-09-08,relation,CIM-PC,CHIMERA INVESTMENT CORP,,CIM,CHIMERA INVESTMENT CORP,base_only
2026-09-08,relation,CIM-PD,CHIMERA INVESTMENT CORP,,CIM,CHIMERA INVESTMENT CORP,base_only
2026-09-08,relation,CIMN,CHIMERA INVESTMENT CORP,,CIM,CHIMERA INVESTMENT CORP,base_only
2026-09-08,relation,CIMO,CHIMERA INVESTMENT CORP,,CIM,CHIMERA INVESTMENT CORP,base_only
2026-09-08,relation,CIMP,CHIMERA INVESTMENT CORP,,CIM,CHIMERA INVESTMENT CORP,base_only
2026-09-08,relation,CION,CION INVESTMENT CORP,,CICB,CION INVESTMENT CORP,base_only
2026-09-08,relation,CION,CION INVESTMENT CORP,,CICC,CION INVESTMENT CORP,base_only
2026-09-08,relation,CLDT,CHATHAM LODGING TRUST,,CLDT-PA,CHATHAM LODGING TRUST,base_only
2026-09-08,relation,CLDT-PA,CHATHAM LODGING TRUST,,CLDT,CHATHAM LODGING TRUST,base_only
2026-09-08,relation,CMRE,COSTAMARE INC,,CMRE-PB,COSTAMARE INC,base_only
2026-09-08,relation,CMRE,COSTAMARE INC,,CMRE-PC,COSTAMARE INC,base_only
2026-09-08,relation,CMRE,COSTAMARE INC,,CMRE-PD,COSTAMARE INC,base_only
2026-09-08,relation,CMRE-PB,COSTAMARE INC,,CMRE,COSTAMARE INC,base_only
2026-09-08,relation,CMRE-PC,COSTAMARE INC,,CMRE,COSTAMARE INC,base_only
2026-09-08,relation,CMRE-PD,COSTAMARE INC,,CMRE,COSTAMARE INC,base_only
2026-09-08,relation,CMS,CMS ENERGY CORP,,CMS-PB,CMS ENERGY CORP,base_only
2026-09-08,relation,CMS,CMS ENERGY CORP,,CMS-PC,CMS ENERGY CORP,base_only
2026-09-08,relation,CMS,CMS ENERGY CORP,,CMSA,CMS ENERGY CORP,base_only
2026-09-08,relation,CMS,CMS ENERGY CORP,,CMSC,CMS ENERGY CORP,base_only
2026-09-08,relation,CMS,CMS ENERGY CORP,,CMSD,CMS ENERGY CORP,base_only
2026-09-08,relation,CMS-PB,CMS ENERGY CORP,,CMS,CMS ENERGY CORP,base_only
2026-09-08,relation,CMS-PC,CMS ENERGY CORP,,CMS,CMS ENERGY CORP,base_only
2026-09-08,relation,CMSA,CMS ENERGY CORP,,CMS,CMS ENERGY CORP,base_only
2026-09-08,relation,CMSC,CMS ENERGY CORP,,CMS,CMS ENERGY CORP,base_only
2026-09-08,relation,CMSD,CMS ENERGY CORP,,CMS,CMS ENERGY CORP,base_only
2026-09-08,relation,CNO,CNO FINANCIAL GROUP INC,,CNO-PA,CNO FINANCIAL GROUP INC,base_only
2026-09-08,relation,CNO-PA,CNO FINANCIAL GROUP INC,,CNO,CNO FINANCIAL GROUP INC,base_only
2026-09-08,relation,CNOB,CONNECTONE BANCORP INC,,CNOBP,CONNECTONE BANCORP INC,base_only
2026-09-08,relation,CNOBP,CONNECTONE BANCORP INC,,CNOB,CONNECTONE BANCORP INC,base_only
2026-09-08,relation,CODI,COMPASS DIVERSIFIED HOLDINGS,,CODI-PA,COMPASS DIVERSIFIED HOLDINGS,base_only
2026-09-08,relation,CODI,COMPASS DIVERSIFIED HOLDINGS,,CODI-PB,COMPASS DIVERSIFIED HOLDINGS,base_only
2026-09-08,relation,CODI,COMPASS DIVERSIFIED HOLDINGS,,CODI-PC,COMPASS DIVERSIFIED HOLDINGS,base_only
2026-09-08,relation,CODI-PA,COMPASS DIVERSIFIED HOLDINGS,,CODI,COMPASS DIVERSIFIED HOLDINGS,base_only
2026-09-08,relation,CODI-PB,COMPASS DIVERSIFIED HOLDINGS,,CODI,COMPASS DIVERSIFIED HOLDINGS,base_only
2026-09-08,relation,CODI-PC,COMPASS DIVERSIFIED HOLDINGS,,CODI,COMPASS DIVERSIFIED HOLDINGS,base_only
2026-09-08,relation,COF,CAPITAL ONE FINANCIAL CORP,,COF-PI,CAPITAL ONE FINANCIAL CORP,base_only
2026-09-08,relation,COF,CAPITAL ONE FINANCIAL CORP,,COF-PJ,CAPITAL ONE FINANCIAL CORP,base_only
2026-09-08,relation,COF,CAPITAL ONE FINANCIAL CORP,,COF-PK,CAPITAL ONE FINANCIAL CORP,base_only
2026-09-08,relation,COF,CAPITAL ONE FINANCIAL CORP,,COF-PL,CAPITAL ONE FINANCIAL CORP,base_only
2026-09-08,relation,COF,CAPITAL ONE FINANCIAL CORP,,COF-PN,CAPITAL ONE FINANCIAL CORP,base_only
2026-09-08,relation,COF-PI,CAPITAL ONE FINANCIAL CORP,,COF,CAPITAL ONE FINANCIAL CORP,base_only
2026-09-08,relation,COF-PJ,CAPITAL ONE FINANCIAL CORP,,COF,CAPITAL ONE FINANCIAL CORP,base_only
2026-09-08,relation,COF-PK,CAPITAL ONE FINANCIAL CORP,,COF,CAPITAL ONE FINANCIAL CORP,base_only
2026-09-08,relation,COF-PL,CAPITAL ONE FINANCIAL CORP,,COF,CAPITAL ONE FINANCIAL CORP,base_only
2026-09-08,relation,COF-PN,CAPITAL ONE FINANCIAL CORP,,COF,CAPITAL ONE FINANCIAL CORP,base_only
2026-09-08,relation,CRAQ,CAL REDWOOD ACQUISITION CORP,,CRAQU,CAL REDWOOD ACQUISITION CORP,base_only
2026-09-08,relation,CRAQU,CAL REDWOOD ACQUISITION CORP,,CRAQ,CAL REDWOOD ACQUISITION CORP,base_only
2026-09-08,relation,CRBD,COREBRIDGE FINANCIAL INC,,CRBG,COREBRIDGE FINANCIAL INC,base_only
2026-09-08,relation,CRBG,COREBRIDGE FINANCIAL INC,,CRBD,COREBRIDGE FINANCIAL INC,base_only
2026-09-08,relation,CRD.A,CRAWFORD & CO,,CRD.B,CRAWFORD & CO,base_only
2026-09-08,relation,CRD.B,CRAWFORD & CO,,CRD.A,CRAWFORD & CO,base_only
2026-09-08,relation,CTA-PB,DUPONT E I DE NEMOURS & CO,,DD1,DUPONT E I DE NEMOURS & CO,base_only
2026-09-08,relation,CTGG,QWEST CORP,,CTQ,QWEST CORP,base_only
2026-09-08,relation,CTHH,QWEST CORP,,CTQ,QWEST CORP,base_only
2026-09-08,relation,CTO,CTO REALTY GROWTH INC,,CTO-PA,CTO REALTY GROWTH INC,base_only
2026-09-08,relation,CTO-PA,CTO REALTY GROWTH INC,,CTO,CTO REALTY GROWTH INC,base_only
2026-09-08,relation,CTQ,QWEST CORP,,CTGG,QWEST CORP,base_only
2026-09-08,relation,CTQ,QWEST CORP,,CTHH,QWEST CORP,base_only
2026-09-08,relation,CUBB,CUSTOMERS BANCORP INC,,CUBI,CUSTOMERS BANCORP INC,base_only
2026-09-08,relation,CUBI,CUSTOMERS BANCORP INC,,CUBB,CUSTOMERS BANCORP INC,base_only
2026-09-08,relation,DBRG,DIGITALBRIDGE GROUP INC,,DBRG-PH,DIGITALBRIDGE GROUP INC,base_only
2026-09-08,relation,DBRG,DIGITALBRIDGE GROUP INC,,DBRG-PI,DIGITALBRIDGE GROUP INC,base_only
2026-09-08,relation,DBRG,DIGITALBRIDGE GROUP INC,,DBRG-PJ,DIGITALBRIDGE GROUP INC,base_only
2026-09-08,relation,DBRG-PH,DIGITALBRIDGE GROUP INC,,DBRG,DIGITALBRIDGE GROUP INC,base_only
2026-09-08,relation,DBRG-PI,DIGITALBRIDGE GROUP INC,,DBRG,DIGITALBRIDGE GROUP INC,base_only
2026-09-08,relation,DBRG-PJ,DIGITALBRIDGE GROUP INC,,DBRG,DIGITALBRIDGE GROUP INC,base_only
2026-09-08,relation,DCBG,DIME COMMERCIAL BANCSHARES INC,,DCOM,DIME COMMERCIAL BANCSHARES INC,base_only
2026-09-08,relation,DCOM,DIME COMMERCIAL BANCSHARES INC,,DCBG,DIME COMMERCIAL BANCSHARES INC,base_only
2026-09-08,relation,DCOM,DIME COMMERCIAL BANCSHARES INC,,DCOM-P,DIME COMMERCIAL BANCSHARES INC,base_only
2026-09-08,relation,DCOM-P,DIME COMMERCIAL BANCSHARES INC,,DCOM,DIME COMMERCIAL BANCSHARES INC,base_only
2026-09-08,relation,DD1,DUPONT E I DE NEMOURS & CO,,CTA-PB,DUPONT E I DE NEMOURS & CO,base_only
2026-09-08,relation,DGICA,DONEGAL GROUP INC,,DGICB,DONEGAL GROUP INC,base_only
2026-09-08,relation,DGICB,DONEGAL GROUP INC,,DGICA,DONEGAL GROUP INC,base_only
2026-09-08,relation,DHC,DIVERSIFIED HEALTHCARE TRUST,,DHCNI,DIVERSIFIED HEALTHCARE TRUST,base_only
2026-09-08,relation,DHC,DIVERSIFIED HEALTHCARE TRUST,,DHCNL,DIVERSIFIED HEALTHCARE TRUST,base_only
2026-09-08,relation,DHCNI,DIVERSIFIED HEALTHCARE TRUST,,DHC,DIVERSIFIED HEALTHCARE TRUST,base_only
2026-09-08,relation,DHCNL,DIVERSIFIED HEALTHCARE TRUST,,DHC,DIVERSIFIED HEALTHCARE TRUST,base_only
2026-09-08,relation,DLNG,DYNAGAS LNG PARTNERS LP,,DLNG-PA,DYNAGAS LNG PARTNERS LP,base_only
2026-09-08,relation,DLNG-PA,DYNAGAS LNG PARTNERS LP,,DLNG,DYNAGAS LNG PARTNERS LP,base_only
2026-09-08,relation,DLR,DIGITAL REALTY TRUST INC,,DLR-PJ,DIGITAL REALTY TRUST INC,base_only
2026-09-08,relation,DLR,DIGITAL REALTY TRUST INC,,DLR-PK,DIGITAL REALTY TRUST INC,base_only
2026-09-08,relation,DLR,DIGITAL REALTY TRUST INC,,DLR-PL,DIGITAL REALTY TRUST INC,base_only
2026-09-08,relation,DLR-PJ,DIGITAL REALTY TRUST INC,,DLR,DIGITAL REALTY TRUST INC,base_only
2026-09-08,relation,DLR-PK,DIGITAL REALTY TRUST INC,,DLR,DIGITAL REALTY TRUST INC,base_only
2026-09-08,relation,DLR-PL,DIGITAL REALTY TRUST INC,,DLR,DIGITAL REALTY TRUST INC,base_only
2026-09-08,relation,DSX,DIANA SHIPPING INC,,DSX-PB,DIANA SHIPPING INC,base_only
2026-09-08,relation,DSX-PB,DIANA SHIPPING INC,,DSX,DIANA SHIPPING INC,base_only
2026-09-08,relation,DTB,DTE ENERGY CO,,DTE,DTE ENERGY CO,base_only
2026-09-08,relation,DTE,DTE ENERGY CO,,DTB,DTE ENERGY CO,base_only
2026-09-08,relation,DTE,DTE ENERGY CO,,DTG,DTE ENERGY CO,base_only
2026-09-08,relation,DTE,DTE ENERGY CO,,DTK,DTE ENERGY CO,base_only
2026-09-08,relation,DTE,DTE ENERGY CO,,DTW,DTE ENERGY CO,base_only
2026-09-08,relation,DTG,DTE ENERGY CO,,DTE,DTE ENERGY CO,base_only
2026-09-08,relation,DTK,DTE ENERGY CO,,DTE,DTE ENERGY CO,base_only
2026-09-08,relation,DTW,DTE ENERGY CO,,DTE,DTE ENERGY CO,base_only
2026-09-08,relation,DUK,DUKE ENERGY CORP,,DUK-PA,DUKE ENERGY CORP,base_only
2026-09-08,relation,DUK,DUKE ENERGY CORP,,DUKB,DUKE ENERGY CORP,base_only
2026-09-08,relation,DUK,DUKE ENERGY CORP,,DUKU,DUKE ENERGY CORP,base_only
2026-09-08,relation,DUK-PA,DUKE ENERGY CORP,,DUK,DUKE ENERGY CORP,base_only
2026-09-08,relation,DUKB,DUKE ENERGY CORP,,DUK,DUKE ENERGY CORP,base_only
2026-09-08,relation,DUKU,DUKE ENERGY CORP,,DUK,DUKE ENERGY CORP,base_only
2026-09-08,relation,DX,DYNEX CAPITAL INC,,DX-PC,DYNEX CAPITAL INC,base_only
2026-09-08,relation,DX-PC,DYNEX CAPITAL INC,,DX,DYNEX CAPITAL INC,base_only
2026-09-08,relation,EAI,ENTERGY ARKANSAS LLC,,EGRKM,ENTERGY ARKANSAS LLC,base_only
2026-09-08,relation,EARN,ELLINGTON CREDIT CO,,ELLA,ELLINGTON CREDIT CO,base_only
2026-09-08,relation,ECC,EAGLE POINT CREDIT CO,,ECC-PD,EAGLE POINT CREDIT CO,base_only
2026-09-08,relation,ECC,EAGLE POINT CREDIT CO,,ECCC,EAGLE POINT CREDIT CO,base_only
2026-09-08,relation,ECC,EAGLE POINT CREDIT CO,,ECCU,EAGLE POINT CREDIT CO,base_only
2026-09-08,relation,ECC,EAGLE POINT CREDIT CO,,ECCV,EAGLE POINT CREDIT CO,base_only
2026-09-08,relation,ECC-PD,EAGLE POINT CREDIT CO,,ECC,EAGLE POINT CREDIT CO,base_only
2026-09-08,relation,ECCC,EAGLE POINT CREDIT CO,,ECC,EAGLE POINT CREDIT CO,base_only
2026-09-08,relation,ECCU,EAGLE POINT CREDIT CO,,ECC,EAGLE POINT CREDIT CO,base_only
2026-09-08,relation,ECCV,EAGLE POINT CREDIT CO,,ECC,EAGLE POINT CREDIT CO,base_only
2026-09-08,relation,ECF,ELLSWORTH GROWTH & INCOME FUND LTD,,ECF-PA,ELLSWORTH GROWTH & INCOME FUND LTD,base_only
2026-09-08,relation,ECF-PA,ELLSWORTH GROWTH & INCOME FUND LTD,,ECF,ELLSWORTH GROWTH & INCOME FUND LTD,base_only
2026-09-08,relation,EFC,ELLINGTON FINANCIAL INC,,EFC-PB,ELLINGTON FINANCIAL INC,base_only
2026-09-08,relation,EFC,ELLINGTON FINANCIAL INC,,EFC-PC,ELLINGTON FINANCIAL INC,base_only
2026-09-08,relation,EFC-PB,ELLINGTON FINANCIAL INC,,EFC,ELLINGTON FINANCIAL INC,base_only
2026-09-08,relation,EFC-PC,ELLINGTON FINANCIAL INC,,EFC,ELLINGTON FINANCIAL INC,base_only
2026-09-08,relation,EFSC,ENTERPRISE FINANCIAL SERVICES CORP,,EFSCP,ENTERPRISE FINANCIAL SERVICES CORP,base_only
2026-09-08,relation,EFSCP,ENTERPRISE FINANCIAL SERVICES CORP,,EFSC,ENTERPRISE FINANCIAL SERVICES CORP,base_only
2026-09-08,relation,EGRKM,ENTERGY ARKANSAS LLC,,EAI,ENTERGY ARKANSAS LLC,base_only
2026-09-08,relation,EIC,EAGLE POINT INCOME CO INC,,EICA,EAGLE POINT INCOME CO INC,base_only
2026-09-08,relation,EICA,EAGLE POINT INCOME CO INC,,EIC,EAGLE POINT INCOME CO INC,base_only
2026-09-08,relation,ELC,ENTERGY LOUISIANA LLC,,ELJ,ENTERGY LOUISIANA LLC,base_only
2026-09-08,relation,ELJ,ENTERGY LOUISIANA LLC,,ELC,ENTERGY LOUISIANA LLC,base_only
2026-09-08,relation,ELLA,ELLINGTON CREDIT CO,,EARN,ELLINGTON CREDIT CO,base_only
2026-09-08,relation,ELP,ENERGY CO OF PARANA,,ELPC,ENERGY CO OF PARANA,base_only
2026-09-08,relation,ELPC,ENERGY CO OF PARANA,,ELP,ENERGY CO OF PARANA,base_only
2026-09-08,relation,EMP,ENTERGY MISSISSIPPI LLC,,EYMSN,ENTERGY MISSISSIPPI LLC,base_only
2026-09-08,relation,ENJ,ENTERGY NEW ORLEANS LLC,,EYNON,ENTERGY NEW ORLEANS LLC,base_only
2026-09-08,relation,ENO,ENTERGY NEW ORLEANS LLC,,EYNON,ENTERGY NEW ORLEANS LLC,base_only
2026-09-08,relation,EP-PC,EL PASO CORP,,EP1,EL PASO CORP,base_only
2026-09-08,relation,EP1,EL PASO CORP,,EP-PC,EL PASO CORP,base_only
2026-09-08,relation,EPR,EPR PROPERTIES,,EPR-PC,EPR PROPERTIES,base_only
2026-09-08,relation,EPR,EPR PROPERTIES,,EPR-PE,EPR PROPERTIES,base_only
2026-09-08,relation,EPR,EPR PROPERTIES,,EPR-PG,EPR PROPERTIES,base_only
2026-09-08,relation,EPR-PC,EPR PROPERTIES,,EPR,EPR PROPERTIES,base_only
2026-09-08,relation,EPR-PE,EPR PROPERTIES,,EPR,EPR PROPERTIES,base_only
2026-09-08,relation,EPR-PG,EPR PROPERTIES,,EPR,EPR PROPERTIES,base_only
2026-09-08,relation,EQH,EQUITABLE HOLDINGS INC,,EQH-PA,EQUITABLE HOLDINGS INC,base_only
2026-09-08,relation,EQH,EQUITABLE HOLDINGS INC,,EQH-PC,EQUITABLE HOLDINGS INC,base_only
2026-09-08,relation,EQH-PA,EQUITABLE HOLDINGS INC,,EQH,EQUITABLE HOLDINGS INC,base_only
2026-09-08,relation,EQH-PC,EQUITABLE HOLDINGS INC,,EQH,EQUITABLE HOLDINGS INC,base_only
2026-09-08,relation,ESBA,EMPIRE STATE REALTY OP LP,,FISK,EMPIRE STATE REALTY OP LP,base_only
2026-09-08,relation,ET,ENERGY TRANSFER LP,,ET-PI,ENERGY TRANSFER LP,base_only
2026-09-08,relation,ET-PI,ENERGY TRANSFER LP,,ET,ENERGY TRANSFER LP,base_only
2026-09-08,relation,ETI-P,ENTERGY TEXAS INC,,EZT,ENTERGY TEXAS INC,base_only
2026-09-08,relation,EWAV,EAST WEST AVE ACQUISITION CORP,,EWAVU,EAST WEST AVE ACQUISITION CORP,base_only
2026-09-08,relation,EWAVU,EAST WEST AVE ACQUISITION CORP,,EWAV,EAST WEST AVE ACQUISITION CORP,base_only
2026-09-08,relation,EYMSN,ENTERGY MISSISSIPPI LLC,,EMP,ENTERGY MISSISSIPPI LLC,base_only
2026-09-08,relation,EYNON,ENTERGY NEW ORLEANS LLC,,ENJ,ENTERGY NEW ORLEANS LLC,base_only
2026-09-08,relation,EYNON,ENTERGY NEW ORLEANS LLC,,ENO,ENTERGY NEW ORLEANS LLC,base_only
2026-09-08,relation,EZT,ENTERGY TEXAS INC,,ETI-P,ENTERGY TEXAS INC,base_only
2026-09-08,relation,F,FORD MOTOR CO,,F-PB,FORD MOTOR CO,base_only
2026-09-08,relation,F,FORD MOTOR CO,,F-PC,FORD MOTOR CO,base_only
2026-09-08,relation,F,FORD MOTOR CO,,F-PD,FORD MOTOR CO,base_only
2026-09-08,relation,F-PB,FORD MOTOR CO,,F,FORD MOTOR CO,base_only
2026-09-08,relation,F-PC,FORD MOTOR CO,,F,FORD MOTOR CO,base_only
2026-09-08,relation,F-PD,FORD MOTOR CO,,F,FORD MOTOR CO,base_only
2026-09-08,relation,FBIO,FORTRESS BIOTECH INC,,FBIOP,FORTRESS BIOTECH INC,base_only
2026-09-08,relation,FBIOP,FORTRESS BIOTECH INC,,FBIO,FORTRESS BIOTECH INC,base_only
2026-09-08,relation,FBRT,FRANKLIN BSP REALTY TRUST INC,,FBRT-PE,FRANKLIN BSP REALTY TRUST INC,base_only
2026-09-08,relation,FBRT-PE,FRANKLIN BSP REALTY TRUST INC,,FBRT,FRANKLIN BSP REALTY TRUST INC,base_only
2026-09-08,relation,FCNCA,FIRST CITIZENS BANCSHARES INC,,FCNCN,FIRST CITIZENS BANCSHARES INC,base_only
2026-09-08,relation,FCNCA,FIRST CITIZENS BANCSHARES INC,,FCNCO,FIRST CITIZENS BANCSHARES INC,base_only
2026-09-08,relation,FCNCA,FIRST CITIZENS BANCSHARES INC,,FCNCP,FIRST CITIZENS BANCSHARES INC,base_only
2026-09-08,relation,FCNCN,FIRST CITIZENS BANCSHARES INC,,FCNCA,FIRST CITIZENS BANCSHARES INC,base_only
2026-09-08,relation,FCNCO,FIRST CITIZENS BANCSHARES INC,,FCNCA,FIRST CITIZENS BANCSHARES INC,base_only
2026-09-08,relation,FCNCP,FIRST CITIZENS BANCSHARES INC,,FCNCA,FIRST CITIZENS BANCSHARES INC,base_only
2026-09-08,relation,FCRS,FUTURECREST ACQUISITION CORP,,FCRS.U,FUTURECREST ACQUISITION CORP,base_only
2026-09-08,relation,FCRS.U,FUTURECREST ACQUISITION CORP,,FCRS,FUTURECREST ACQUISITION CORP,base_only
2026-09-08,relation,FG,F&G ANNUITIES & LIFE INC,,FGN,F&G ANNUITIES & LIFE INC,base_only
2026-09-08,relation,FG,F&G ANNUITIES & LIFE INC,,FGSN,F&G ANNUITIES & LIFE INC,base_only
2026-09-08,relation,FGBI,FIRST GUARANTY BANCSHARES INC,,FGBIP,FIRST GUARANTY BANCSHARES INC,base_only
2026-09-08,relation,FGBIP,FIRST GUARANTY BANCSHARES INC,,FGBI,FIRST GUARANTY BANCSHARES INC,base_only
2026-09-08,relation,FGN,F&G ANNUITIES & LIFE INC,,FG,F&G ANNUITIES & LIFE INC,base_only
2026-09-08,relation,FGSN,F&G ANNUITIES & LIFE INC,,FG,F&G ANNUITIES & LIFE INC,base_only
2026-09-08,relation,FHN,FIRST HORIZON CORP,,FHN-PE,FIRST HORIZON CORP,base_only
2026-09-08,relation,FHN,FIRST HORIZON CORP,,FHN-PF,FIRST HORIZON CORP,base_only
2026-09-08,relation,FHN,FIRST HORIZON CORP,,FHN-PH,FIRST HORIZON CORP,base_only
2026-09-08,relation,FHN-PE,FIRST HORIZON CORP,,FHN,FIRST HORIZON CORP,base_only
2026-09-08,relation,FHN-PF,FIRST HORIZON CORP,,FHN,FIRST HORIZON CORP,base_only
2026-09-08,relation,FHN-PH,FIRST HORIZON CORP,,FHN,FIRST HORIZON CORP,base_only
2026-09-08,relation,FISK,EMPIRE STATE REALTY OP LP,,ESBA,EMPIRE STATE REALTY OP LP,base_only
2026-09-08,relation,FITB,FIFTH THIRD BANCORP,,FITB-PA,FIFTH THIRD BANCORP,base_only
2026-09-08,relation,FITB-PA,FIFTH THIRD BANCORP,,FITB,FIFTH THIRD BANCORP,base_only
2026-09-08,relation,FLG,FLAGSTAR BANK NATIONAL ASSOCIATION,,FLG-PA,FLAGSTAR BANK NATIONAL ASSOCIATION,base_only
2026-09-08,relation,FLG,FLAGSTAR BANK NATIONAL ASSOCIATION,,FLG-PU,FLAGSTAR BANK NATIONAL ASSOCIATION,base_only
2026-09-08,relation,FLG-PA,FLAGSTAR BANK NATIONAL ASSOCIATION,,FLG,FLAGSTAR BANK NATIONAL ASSOCIATION,base_only
2026-09-08,relation,FLG-PU,FLAGSTAR BANK NATIONAL ASSOCIATION,,FLG,FLAGSTAR BANK NATIONAL ASSOCIATION,base_only
2026-09-08,relation,FOUR,SHIFT4 PAYMENTS INC,,FOUR-PA,SHIFT4 PAYMENTS INC,base_only
2026-09-08,relation,FOUR-PA,SHIFT4 PAYMENTS INC,,FOUR,SHIFT4 PAYMENTS INC,base_only
2026-09-08,relation,FOX,FOX CORP,,FOXA,FOX CORP,base_only
2026-09-08,relation,FOXA,FOX CORP,,FOX,FOX CORP,base_only
2026-09-08,relation,FRME,FIRST MERCHANTS CORP,,FRMEP,FIRST MERCHANTS CORP,base_only
2026-09-08,relation,FRMEP,FIRST MERCHANTS CORP,,FRME,FIRST MERCHANTS CORP,base_only
2026-09-08,relation,FRT,FEDERAL REALTY INVESTMENT TRUST,,FRT-PC,FEDERAL REALTY INVESTMENT TRUST,base_only
2026-09-08,relation,FRT-PC,FEDERAL REALTY INVESTMENT TRUST,,FRT,FEDERAL REALTY INVESTMENT TRUST,base_only
2026-09-08,relation,FTAI,FTAI AVIATION LTD,,FTAIM,FTAI AVIATION LTD,base_only
2026-09-08,relation,FTAIM,FTAI AVIATION LTD,,FTAI,FTAI AVIATION LTD,base_only
2026-09-08,relation,FULT,FULTON FINANCIAL CORP,,FULTP,FULTON FINANCIAL CORP,base_only
2026-09-08,relation,FULTP,FULTON FINANCIAL CORP,,FULT,FULTON FINANCIAL CORP,base_only
2026-09-08,relation,FWONA,LIBERTY MEDIA CORP,,FWONK,LIBERTY MEDIA CORP,base_only
2026-09-08,relation,FWONK,LIBERTY MEDIA CORP,,FWONA,LIBERTY MEDIA CORP,base_only
2026-09-08,relation,GAB,GABELLI EQUITY TRUST INC,,GAB-PG,GABELLI EQUITY TRUST INC,base_only
2026-09-08,relation,GAB,GABELLI EQUITY TRUST INC,,GAB-PH,GABELLI EQUITY TRUST INC,base_only
2026-09-08,relation,GAB,GABELLI EQUITY TRUST INC,,GAB-PK,GABELLI EQUITY TRUST INC,base_only
2026-09-08,relation,GAB-PG,GABELLI EQUITY TRUST INC,,GAB,GABELLI EQUITY TRUST INC,base_only
2026-09-08,relation,GAB-PH,GABELLI EQUITY TRUST INC,,GAB,GABELLI EQUITY TRUST INC,base_only
2026-09-08,relation,GAB-PK,GABELLI EQUITY TRUST INC,,GAB,GABELLI EQUITY TRUST INC,base_only
2026-09-08,relation,GAIN,GLADSTONE INVESTMENT CORPORATION,,GAING,GLADSTONE INVESTMENT CORPORATION,base_only
2026-09-08,relation,GAIN,GLADSTONE INVESTMENT CORPORATION,,GAINI,GLADSTONE INVESTMENT CORPORATION,base_only
2026-09-08,relation,GAING,GLADSTONE INVESTMENT CORPORATION,,GAIN,GLADSTONE INVESTMENT CORPORATION,base_only
2026-09-08,relation,GAINI,GLADSTONE INVESTMENT CORPORATION,,GAIN,GLADSTONE INVESTMENT CORPORATION,base_only
2026-09-08,relation,GAM,GENERAL AMERICAN INVESTORS CO INC,,GAM-PB,GENERAL AMERICAN INVESTORS CO INC,base_only
2026-09-08,relation,GAM-PB,GENERAL AMERICAN INVESTORS CO INC,,GAM,GENERAL AMERICAN INVESTORS CO INC,base_only
2026-09-08,relation,GDV,GABELLI DIVIDEND & INCOME TRUST,,GDV-PH,GABELLI DIVIDEND & INCOME TRUST,base_only
2026-09-08,relation,GDV,GABELLI DIVIDEND & INCOME TRUST,,GDV-PK,GABELLI DIVIDEND & INCOME TRUST,base_only
2026-09-08,relation,GDV-PH,GABELLI DIVIDEND & INCOME TRUST,,GDV,GABELLI DIVIDEND & INCOME TRUST,base_only
2026-09-08,relation,GDV-PK,GABELLI DIVIDEND & INCOME TRUST,,GDV,GABELLI DIVIDEND & INCOME TRUST,base_only
2026-09-08,relation,GECC,GREAT ELM CAPITAL CORP,,GECCG,GREAT ELM CAPITAL CORP,base_only
2026-09-08,relation,GECCG,GREAT ELM CAPITAL CORP,,GECC,GREAT ELM CAPITAL CORP,base_only
2026-09-08,relation,GEF,GREIF INC,,GEF.B,GREIF INC,base_only
2026-09-08,relation,GEF.B,GREIF INC,,GEF,GREIF INC,base_only
2026-09-08,relation,GEG,GREAT ELM GROUP INC,,GEGGL,GREAT ELM GROUP INC,base_only
2026-09-08,relation,GEGGL,GREAT ELM GROUP INC,,GEG,GREAT ELM GROUP INC,base_only
2026-09-08,relation,GGN,GAMCO GLOBAL GOLD NATURAL RESOURCES & INCOME TRUST,,GGN-PB,GAMCO GLOBAL GOLD NATURAL RESOURCES & INCOME TRUST,base_only
2026-09-08,relation,GGN-PB,GAMCO GLOBAL GOLD NATURAL RESOURCES & INCOME TRUST,,GGN,GAMCO GLOBAL GOLD NATURAL RESOURCES & INCOME TRUST,base_only
2026-09-08,relation,GGT,GABELLI MULTIMEDIA TRUST INC,,GGT-PE,GABELLI MULTIMEDIA TRUST INC,base_only
2026-09-08,relation,GGT,GABELLI MULTIMEDIA TRUST INC,,GGT-PG,GABELLI MULTIMEDIA TRUST INC,base_only
2026-09-08,relation,GGT-PE,GABELLI MULTIMEDIA TRUST INC,,GGT,GABELLI MULTIMEDIA TRUST INC,base_only
2026-09-08,relation,GGT-PG,GABELLI MULTIMEDIA TRUST INC,,GGT,GABELLI MULTIMEDIA TRUST INC,base_only
2026-09-08,relation,GL,GLOBE LIFE INC,,GL-PD,GLOBE LIFE INC,base_only
2026-09-08,relation,GL-PD,GLOBE LIFE INC,,GL,GLOBE LIFE INC,base_only
2026-09-08,relation,GLED,GALAXYEDGE ACQUISITION CORP,,GLED.U,GALAXYEDGE ACQUISITION CORP,base_only
2026-09-08,relation,GLED.U,GALAXYEDGE ACQUISITION CORP,,GLED,GALAXYEDGE ACQUISITION CORP,base_only
2026-09-08,relation,GLIBA,LIBERTY CAPITAL CORP,,GLIBK,LIBERTY CAPITAL CORP,base_only
2026-09-08,relation,GLIBK,LIBERTY CAPITAL CORP,,GLIBA,LIBERTY CAPITAL CORP,base_only
2026-09-08,relation,GLOP,GASLOG PARTNERS LP,,GLOP-PA,GASLOG PARTNERS LP,base_only
2026-09-08,relation,GLOP,GASLOG PARTNERS LP,,GLOP-PB,GASLOG PARTNERS LP,base_only
2026-09-08,relation,GLOP,GASLOG PARTNERS LP,,GLOP-PC,GASLOG PARTNERS LP,base_only
2026-09-08,relation,GLOP-PA,GASLOG PARTNERS LP,,GLOP,GASLOG PARTNERS LP,base_only
2026-09-08,relation,GLOP-PB,GASLOG PARTNERS LP,,GLOP,GASLOG PARTNERS LP,base_only
2026-09-08,relation,GLOP-PC,GASLOG PARTNERS LP,,GLOP,GASLOG PARTNERS LP,base_only
2026-09-08,relation,GNL,GLOBAL NET LEASE INC,,GNL-PA,GLOBAL NET LEASE INC,base_only
2026-09-08,relation,GNL,GLOBAL NET LEASE INC,,GNL-PB,GLOBAL NET LEASE INC,base_only
2026-09-08,relation,GNL,GLOBAL NET LEASE INC,,GNL-PD,GLOBAL NET LEASE INC,base_only
2026-09-08,relation,GNL,GLOBAL NET LEASE INC,,GNL-PE,GLOBAL NET LEASE INC,base_only
2026-09-08,relation,GNL-PA,GLOBAL NET LEASE INC,,GNL,GLOBAL NET LEASE INC,base_only
2026-09-08,relation,GNL-PB,GLOBAL NET LEASE INC,,GNL,GLOBAL NET LEASE INC,base_only
2026-09-08,relation,GNL-PD,GLOBAL NET LEASE INC,,GNL,GLOBAL NET LEASE INC,base_only
2026-09-08,relation,GNL-PE,GLOBAL NET LEASE INC,,GNL,GLOBAL NET LEASE INC,base_only
2026-09-08,relation,GOOD,GLADSTONE COMMERCIAL CORP,,GOODN,GLADSTONE COMMERCIAL CORP,base_only
2026-09-08,relation,GOOD,GLADSTONE COMMERCIAL CORP,,GOODO,GLADSTONE COMMERCIAL CORP,base_only
2026-09-08,relation,GOODN,GLADSTONE COMMERCIAL CORP,,GOOD,GLADSTONE COMMERCIAL CORP,base_only
2026-09-08,relation,GOODO,GLADSTONE COMMERCIAL CORP,,GOOD,GLADSTONE COMMERCIAL CORP,base_only
2026-09-08,relation,GOOG,ALPHABET INC,,GOOGL,ALPHABET INC,base_only
2026-09-08,relation,GOOGL,ALPHABET INC,,GOOG,ALPHABET INC,base_only
2026-09-08,relation,GOOGL,ALPHABET INC,,GOOGM,ALPHABET INC,base_only
2026-09-08,relation,GOOGL,ALPHABET INC,,GOOGN,ALPHABET INC,base_only
2026-09-08,relation,GOOGM,ALPHABET INC,,GOOGL,ALPHABET INC,base_only
2026-09-08,relation,GOOGN,ALPHABET INC,,GOOGL,ALPHABET INC,base_only
2026-09-08,relation,GPE,GEORGIA POWER CO,,GPJA,GEORGIA POWER CO,base_only
2026-09-08,relation,GPJA,GEORGIA POWER CO,,GPE,GEORGIA POWER CO,base_only
2026-09-08,relation,GPMT,GRANITE POINT MORTGAGE TRUST INC,,GPMT-PA,GRANITE POINT MORTGAGE TRUST INC,base_only
2026-09-08,relation,GPMT-PA,GRANITE POINT MORTGAGE TRUST INC,,GPMT,GRANITE POINT MORTGAGE TRUST INC,base_only
2026-09-08,relation,GPUS,HYPERSCALE DATA INC,,GPUS-PD,HYPERSCALE DATA INC,base_only
2026-09-08,relation,GPUS-PD,HYPERSCALE DATA INC,,GPUS,HYPERSCALE DATA INC,base_only
2026-09-08,relation,GREEL,VULCAN INFRASTRUCTURE & POWER INC,,VIP,VULCAN INFRASTRUCTURE & POWER INC,base_only
2026-09-08,relation,GS,GOLDMAN SACHS GROUP INC,,GS-PA,GOLDMAN SACHS GROUP INC,base_only
2026-09-08,relation,GS,GOLDMAN SACHS GROUP INC,,GS-PC,GOLDMAN SACHS GROUP INC,base_only
2026-09-08,relation,GS,GOLDMAN SACHS GROUP INC,,GS-PD,GOLDMAN SACHS GROUP INC,base_only
2026-09-08,relation,GS-PA,GOLDMAN SACHS GROUP INC,,GS,GOLDMAN SACHS GROUP INC,base_only
2026-09-08,relation,GS-PC,GOLDMAN SACHS GROUP INC,,GS,GOLDMAN SACHS GROUP INC,base_only
2026-09-08,relation,GS-PD,GOLDMAN SACHS GROUP INC,,GS,GOLDMAN SACHS GROUP INC,base_only
2026-09-08,relation,GSL,GLOBAL SHIP LEASE INC,,GSL-PB,GLOBAL SHIP LEASE INC,base_only
2026-09-08,relation,GSL-PB,GLOBAL SHIP LEASE INC,,GSL,GLOBAL SHIP LEASE INC,base_only
2026-09-08,relation,GTEN,GORES HOLDINGS X INC,,GTENU,GORES HOLDINGS X INC,base_only
2026-09-08,relation,GTENU,GORES HOLDINGS X INC,,GTEN,GORES HOLDINGS X INC,base_only
2026-09-08,relation,GTERA,GLOBA TERRA ACQUISITION CORP,,GTERU,GLOBA TERRA ACQUISITION CORP,base_only
2026-09-08,relation,GTERU,GLOBA TERRA ACQUISITION CORP,,GTERA,GLOBA TERRA ACQUISITION CORP,base_only
2026-09-08,relation,GTN,GRAY MEDIA INC,,GTN.A,GRAY MEDIA INC,base_only
2026-09-08,relation,GTN.A,GRAY MEDIA INC,,GTN,GRAY MEDIA INC,base_only
2026-09-08,relation,GUT,GABELLI UTILITY TRUST,,GUT-PC,GABELLI UTILITY TRUST,base_only
2026-09-08,relation,GUT-PC,GABELLI UTILITY TRUST,,GUT,GABELLI UTILITY TRUST,base_only
2026-09-08,relation,HBAN,HUNTINGTON BANCSHARES INC,,HBANL,HUNTINGTON BANCSHARES INC,base_only
2026-09-08,relation,HBAN,HUNTINGTON BANCSHARES INC,,HBANM,HUNTINGTON BANCSHARES INC,base_only
2026-09-08,relation,HBAN,HUNTINGTON BANCSHARES INC,,HBANP,HUNTINGTON BANCSHARES INC,base_only
2026-09-08,relation,HBAN,HUNTINGTON BANCSHARES INC,,HBANZ,HUNTINGTON BANCSHARES INC,base_only
2026-09-08,relation,HBANL,HUNTINGTON BANCSHARES INC,,HBAN,HUNTINGTON BANCSHARES INC,base_only
2026-09-08,relation,HBANM,HUNTINGTON BANCSHARES INC,,HBAN,HUNTINGTON BANCSHARES INC,base_only
2026-09-08,relation,HBANP,HUNTINGTON BANCSHARES INC,,HBAN,HUNTINGTON BANCSHARES INC,base_only
2026-09-08,relation,HBANZ,HUNTINGTON BANCSHARES INC,,HBAN,HUNTINGTON BANCSHARES INC,base_only
2026-09-08,relation,HCMA,HCM III ACQUISITION CORP,,HCMAU,HCM III ACQUISITION CORP,base_only
2026-09-08,relation,HCMAU,HCM III ACQUISITION CORP,,HCMA,HCM III ACQUISITION CORP,base_only
2026-09-08,relation,HCXY,HERCULES CAPITAL INC,,HTGC,HERCULES CAPITAL INC,base_only
2026-09-08,relation,HEI,HEICO CORP,,HEI.A,HEICO CORP,base_only
2026-09-08,relation,HEI.A,HEICO CORP,,HEI,HEICO CORP,base_only
2026-09-08,relation,HFRO,HIGHLAND OPPORTUNITIES & INCOME FUND,,HFRO-PA,HIGHLAND OPPORTUNITIES & INCOME FUND,base_only
2026-09-08,relation,HFRO,HIGHLAND OPPORTUNITIES & INCOME FUND,,HFRO-PB,HIGHLAND OPPORTUNITIES & INCOME FUND,base_only
2026-09-08,relation,HFRO-PA,HIGHLAND OPPORTUNITIES & INCOME FUND,,HFRO,HIGHLAND OPPORTUNITIES & INCOME FUND,base_only
2026-09-08,relation,HFRO-PB,HIGHLAND OPPORTUNITIES & INCOME FUND,,HFRO,HIGHLAND OPPORTUNITIES & INCOME FUND,base_only
2026-09-08,relation,HIG,HARTFORD INSURANCE GROUP INC,,HIG-PG,HARTFORD INSURANCE GROUP INC,base_only
2026-09-08,relation,HIG-PG,HARTFORD INSURANCE GROUP INC,,HIG,HARTFORD INSURANCE GROUP INC,base_only
2026-09-08,relation,HOV,HOVNANIAN ENTERPRISES INC,,HOVNP,HOVNANIAN ENTERPRISES INC,base_only
2026-09-08,relation,HOVNP,HOVNANIAN ENTERPRISES INC,,HOV,HOVNANIAN ENTERPRISES INC,base_only
2026-09-08,relation,HPE,HEWLETT PACKARD ENTERPRISE CO,,HPE-PC,HEWLETT PACKARD ENTERPRISE CO,base_only
2026-09-08,relation,HPE-PC,HEWLETT PACKARD ENTERPRISE CO,,HPE,HEWLETT PACKARD ENTERPRISE CO,base_only
2026-09-08,relation,HRZN,HORIZON TECHNOLOGY FINANCE CORP,,HTFC,HORIZON TECHNOLOGY FINANCE CORP,base_only
2026-09-08,relation,HTFC,HORIZON TECHNOLOGY FINANCE CORP,,HRZN,HORIZON TECHNOLOGY FINANCE CORP,base_only
2026-09-08,relation,HTGC,HERCULES CAPITAL INC,,HCXY,HERCULES CAPITAL INC,base_only
2026-09-08,relation,HVMC,HIGHVIEW MERGER CORP,,HVMCU,HIGHVIEW MERGER CORP,base_only
2026-09-08,relation,HVMCU,HIGHVIEW MERGER CORP,,HVMC,HIGHVIEW MERGER CORP,base_only
2026-09-08,relation,HVT,HAVERTY FURNITURE COMPANIES INC,,HVT.A,HAVERTY FURNITURE COMPANIES INC,base_only
2026-09-08,relation,HVT.A,HAVERTY FURNITURE COMPANIES INC,,HVT,HAVERTY FURNITURE COMPANIES INC,base_only
2026-09-08,relation,HWC,HANCOCK WHITNEY CORP,,HWCPZ,HANCOCK WHITNEY CORP,base_only
2026-09-08,relation,HWCPZ,HANCOCK WHITNEY CORP,,HWC,HANCOCK WHITNEY CORP,base_only
2026-09-08,relation,IACQ,IRENIC ACQUISITION CORP,,IACQU,IRENIC ACQUISITION CORP,base_only
2026-09-08,relation,IACQU,IRENIC ACQUISITION CORP,,IACQ,IRENIC ACQUISITION CORP,base_only
2026-09-08,relation,IEAG,INFINITE EAGLE ACQUISITION CORP,,IEAGU,INFINITE EAGLE ACQUISITION CORP,base_only
2026-09-08,relation,IEAGU,INFINITE EAGLE ACQUISITION CORP,,IEAG,INFINITE EAGLE ACQUISITION CORP,base_only
2026-09-08,relation,IIPR,INNOVATIVE INDUSTRIAL PROPERTIES INC,,IIPR-PA,INNOVATIVE INDUSTRIAL PROPERTIES INC,base_only
2026-09-08,relation,IIPR-PA,INNOVATIVE INDUSTRIAL PROPERTIES INC,,IIPR,INNOVATIVE INDUSTRIAL PROPERTIES INC,base_only
2026-09-08,relation,IMPP,IMPERIAL PETROLEUM INC/MARSHALL ISLANDS,,IMPPP,IMPERIAL PETROLEUM INC/MARSHALL ISLANDS,base_only
2026-09-08,relation,IMPPP,IMPERIAL PETROLEUM INC/MARSHALL ISLANDS,,IMPP,IMPERIAL PETROLEUM INC/MARSHALL ISLANDS,base_only
2026-09-08,relation,INBK,FIRST INTERNET BANCORP,,INBKZ,FIRST INTERNET BANCORP,base_only
2026-09-08,relation,INBKZ,FIRST INTERNET BANCORP,,INBK,FIRST INTERNET BANCORP,base_only
2026-09-08,relation,INN,SUMMIT HOTEL PROPERTIES INC,,INN-PE,SUMMIT HOTEL PROPERTIES INC,base_only
2026-09-08,relation,INN,SUMMIT HOTEL PROPERTIES INC,,INN-PF,SUMMIT HOTEL PROPERTIES INC,base_only
2026-09-08,relation,INN-PE,SUMMIT HOTEL PROPERTIES INC,,INN,SUMMIT HOTEL PROPERTIES INC,base_only
2026-09-08,relation,INN-PF,SUMMIT HOTEL PROPERTIES INC,,INN,SUMMIT HOTEL PROPERTIES INC,base_only
2026-09-08,relation,IPEX,INFLECTION POINT ACQUISITION CORP V,,IPEXU,INFLECTION POINT ACQUISITION CORP V,base_only
2026-09-08,relation,IPEXU,INFLECTION POINT ACQUISITION CORP V,,IPEX,INFLECTION POINT ACQUISITION CORP V,base_only
2026-09-08,relation,IRHO,IRON HORSE ACQUISITION II CORP,,IRHOU,IRON HORSE ACQUISITION II CORP,base_only
2026-09-08,relation,IRHOU,IRON HORSE ACQUISITION II CORP,,IRHO,IRON HORSE ACQUISITION II CORP,base_only
2026-09-08,relation,IVR,INVESCO MORTGAGE CAPITAL INC,,IVR-PC,INVESCO MORTGAGE CAPITAL INC,base_only
2026-09-08,relation,IVR-PC,INVESCO MORTGAGE CAPITAL INC,,IVR,INVESCO MORTGAGE CAPITAL INC,base_only
2026-09-08,relation,JONE,JONES VENTURES INTL ACQUISITION1 CORP,,JONEU,JONES VENTURES INTL ACQUISITION1 CORP,base_only
2026-09-08,relation,JONEU,JONES VENTURES INTL ACQUISITION1 CORP,,JONE,JONES VENTURES INTL ACQUISITION1 CORP,base_only
2026-09-08,relation,JPM,JPMORGAN CHASE & CO,,JPM-PC,JPMORGAN CHASE & CO,base_only
2026-09-08,relation,JPM,JPMORGAN CHASE & CO,,JPM-PD,JPMORGAN CHASE & CO,base_only
2026-09-08,relation,JPM,JPMORGAN CHASE & CO,,JPM-PJ,JPMORGAN CHASE & CO,base_only
2026-09-08,relation,JPM,JPMORGAN CHASE & CO,,JPM-PK,JPMORGAN CHASE & CO,base_only
2026-09-08,relation,JPM,JPMORGAN CHASE & CO,,JPM-PL,JPMORGAN CHASE & CO,base_only
2026-09-08,relation,JPM,JPMORGAN CHASE & CO,,JPM-PM,JPMORGAN CHASE & CO,base_only
2026-09-08,relation,JPM-PC,JPMORGAN CHASE & CO,,JPM,JPMORGAN CHASE & CO,base_only
2026-09-08,relation,JPM-PD,JPMORGAN CHASE & CO,,JPM,JPMORGAN CHASE & CO,base_only
2026-09-08,relation,JPM-PJ,JPMORGAN CHASE & CO,,JPM,JPMORGAN CHASE & CO,base_only
2026-09-08,relation,JPM-PK,JPMORGAN CHASE & CO,,JPM,JPMORGAN CHASE & CO,base_only
2026-09-08,relation,JPM-PL,JPMORGAN CHASE & CO,,JPM,JPMORGAN CHASE & CO,base_only
2026-09-08,relation,JPM-PM,JPMORGAN CHASE & CO,,JPM,JPMORGAN CHASE & CO,base_only
2026-09-08,relation,JSM,SLM CORP,,SLM,SLM CORP,base_only
2026-09-08,relation,JXN,JACKSON FINANCIAL INC,,JXN-PA,JACKSON FINANCIAL INC,base_only
2026-09-08,relation,JXN-PA,JACKSON FINANCIAL INC,,JXN,JACKSON FINANCIAL INC,base_only
2026-09-08,relation,KELYA,KELLY SERVICES INC,,KELYB,KELLY SERVICES INC,base_only
2026-09-08,relation,KELYB,KELLY SERVICES INC,,KELYA,KELLY SERVICES INC,base_only
2026-09-08,relation,KEY,KEYCORP,,KEY-PI,KEYCORP,base_only
2026-09-08,relation,KEY,KEYCORP,,KEY-PJ,KEYCORP,base_only
2026-09-08,relation,KEY,KEYCORP,,KEY-PK,KEYCORP,base_only
2026-09-08,relation,KEY,KEYCORP,,KEY-PL,KEYCORP,base_only
2026-09-08,relation,KEY-PI,KEYCORP,,KEY,KEYCORP,base_only
2026-09-08,relation,KEY-PJ,KEYCORP,,KEY,KEYCORP,base_only
2026-09-08,relation,KEY-PK,KEYCORP,,KEY,KEYCORP,base_only
2026-09-08,relation,KEY-PL,KEYCORP,,KEY,KEYCORP,base_only
2026-09-08,relation,KIM,KIMCO REALTY CORP,,KIM-PL,KIMCO REALTY CORP,base_only
2026-09-08,relation,KIM,KIMCO REALTY CORP,,KIM-PM,KIMCO REALTY CORP,base_only
2026-09-08,relation,KIM-PL,KIMCO REALTY CORP,,KIM,KIMCO REALTY CORP,base_only
2026-09-08,relation,KIM-PM,KIMCO REALTY CORP,,KIM,KIMCO REALTY CORP,base_only
2026-09-08,relation,KKR,KKR & CO INC,,KKR-PD,KKR & CO INC,base_only
2026-09-08,relation,KKR,KKR & CO INC,,KKRT,KKR & CO INC,base_only
2026-09-08,relation,KKR-PD,KKR & CO INC,,KKR,KKR & CO INC,base_only
2026-09-08,relation,KKRT,KKR & CO INC,,KKR,KKR & CO INC,base_only
2026-09-08,relation,KMPB,KEMPER CORP,,KMPR,KEMPER CORP,base_only
2026-09-08,relation,KMPR,KEMPER CORP,,KMPB,KEMPER CORP,base_only
2026-09-08,relation,KOYN,CSLM DIGITAL ASSET ACQUISITION CORP III LTD,,KOYNU,CSLM DIGITAL ASSET ACQUISITION CORP III LTD,base_only
2026-09-08,relation,KOYNU,CSLM DIGITAL ASSET ACQUISITION CORP III LTD,,KOYN,CSLM DIGITAL ASSET ACQUISITION CORP III LTD,base_only
2026-09-08,relation,KREF,KKR REAL ESTATE FINANCE TRUST INC,,KREF-PA,KKR REAL ESTATE FINANCE TRUST INC,base_only
2026-09-08,relation,KREF-PA,KKR REAL ESTATE FINANCE TRUST INC,,KREF,KKR REAL ESTATE FINANCE TRUST INC,base_only
2026-09-08,relation,KRSP,RICE ACQUISITION CORP 3,,KRSP.U,RICE ACQUISITION CORP 3,base_only
2026-09-08,relation,KRSP.U,RICE ACQUISITION CORP 3,,KRSP,RICE ACQUISITION CORP 3,base_only
2026-09-08,relation,LAND,GLADSTONE LAND CORP,,LANDO,GLADSTONE LAND CORP,base_only
2026-09-08,relation,LAND,GLADSTONE LAND CORP,,LANDP,GLADSTONE LAND CORP,base_only
2026-09-08,relation,LANDO,GLADSTONE LAND CORP,,LAND,GLADSTONE LAND CORP,base_only
2026-09-08,relation,LANDP,GLADSTONE LAND CORP,,LAND,GLADSTONE LAND CORP,base_only
2026-09-08,relation,LBTYA,LIBERTY GLOBAL LTD,,LBTYK,LIBERTY GLOBAL LTD,base_only
2026-09-08,relation,LBTYK,LIBERTY GLOBAL LTD,,LBTYA,LIBERTY GLOBAL LTD,base_only
2026-09-08,relation,LEN,LENNAR CORP,,LEN.B,LENNAR CORP,base_only
2026-09-08,relation,LEN.B,LENNAR CORP,,LEN,LENNAR CORP,base_only
2026-09-08,relation,LFMD,LIFEMD INC,,LFMDP,LIFEMD INC,base_only
2026-09-08,relation,LFMDP,LIFEMD INC,,LFMD,LIFEMD INC,base_only
2026-09-08,relation,LFT,LUMENT FINANCE TRUST INC,,LFT-PA,LUMENT FINANCE TRUST INC,base_only
2026-09-08,relation,LFT-PA,LUMENT FINANCE TRUST INC,,LFT,LUMENT FINANCE TRUST INC,base_only
2026-09-08,relation,LILA,LIBERTY LATIN AMERICA LTD,,LILAK,LIBERTY LATIN AMERICA LTD,base_only
2026-09-08,relation,LILA,LIBERTY LATIN AMERICA LTD,,LILAP,LIBERTY LATIN AMERICA LTD,base_only
2026-09-08,relation,LILAK,LIBERTY LATIN AMERICA LTD,,LILA,LIBERTY LATIN AMERICA LTD,base_only
2026-09-08,relation,LILAP,LIBERTY LATIN AMERICA LTD,,LILA,LIBERTY LATIN AMERICA LTD,base_only
2026-09-08,relation,LLYVA,LIBERTY LIVE HOLDINGS INC,,LLYVK,LIBERTY LIVE HOLDINGS INC,base_only
2026-09-08,relation,LLYVK,LIBERTY LIVE HOLDINGS INC,,LLYVA,LIBERTY LIVE HOLDINGS INC,base_only
2026-09-08,relation,LNC,LINCOLN NATIONAL CORP,,LNC-PD,LINCOLN NATIONAL CORP,base_only
2026-09-08,relation,LNC-PD,LINCOLN NATIONAL CORP,,LNC,LINCOLN NATIONAL CORP,base_only
2026-09-08,relation,LOB,LIVE OAK BANCSHARES INC,,LOB-PA,LIVE OAK BANCSHARES INC,base_only
2026-09-08,relation,LOB-PA,LIVE OAK BANCSHARES INC,,LOB,LIVE OAK BANCSHARES INC,base_only
2026-09-08,relation,LTGR,LONG TABLE GROWTH CORP,,LTGRU,LONG TABLE GROWTH CORP,base_only
2026-09-08,relation,LTGRU,LONG TABLE GROWTH CORP,,LTGR,LONG TABLE GROWTH CORP,base_only
2026-09-08,relation,LXP,LXP INDUSTRIAL TRUST,,LXP-PC,LXP INDUSTRIAL TRUST,base_only
2026-09-08,relation,LXP-PC,LXP INDUSTRIAL TRUST,,LXP,LXP INDUSTRIAL TRUST,base_only
2026-09-08,relation,MAA,MID AMERICA APARTMENT COMMUNITIES INC,,MAA-PI,MID AMERICA APARTMENT COMMUNITIES INC,base_only
2026-09-08,relation,MAA-PI,MID AMERICA APARTMENT COMMUNITIES INC,,MAA,MID AMERICA APARTMENT COMMUNITIES INC,base_only
2026-09-08,relation,MBIN,MERCHANTS BANCORP,,MBINL,MERCHANTS BANCORP,base_only
2026-09-08,relation,MBIN,MERCHANTS BANCORP,,MBINM,MERCHANTS BANCORP,base_only
2026-09-08,relation,MBIN,MERCHANTS BANCORP,,MBINN,MERCHANTS BANCORP,base_only
2026-09-08,relation,MBINL,MERCHANTS BANCORP,,MBIN,MERCHANTS BANCORP,base_only
2026-09-08,relation,MBINM,MERCHANTS BANCORP,,MBIN,MERCHANTS BANCORP,base_only
2026-09-08,relation,MBINN,MERCHANTS BANCORP,,MBIN,MERCHANTS BANCORP,base_only
2026-09-08,relation,MBNKO,MEDALLION FINANCIAL CORP,,MFIN,MEDALLION FINANCIAL CORP,base_only
2026-09-08,relation,MCGA,YORKVILLE ACQUISITION CORP,,MCGAU,YORKVILLE ACQUISITION CORP,base_only
2026-09-08,relation,MCGAU,YORKVILLE ACQUISITION CORP,,MCGA,YORKVILLE ACQUISITION CORP,base_only
2026-09-08,relation,MCHP,MICROCHIP TECHNOLOGY INC,,MCHPP,MICROCHIP TECHNOLOGY INC,base_only
2026-09-08,relation,MCHPP,MICROCHIP TECHNOLOGY INC,,MCHP,MICROCHIP TECHNOLOGY INC,base_only
2026-09-08,relation,MER,MERRILL LYNCH & CO INC,,MER-PK,MERRILL LYNCH & CO INC,base_only
2026-09-08,relation,MER-PK,MERRILL LYNCH & CO INC,,MER,MERRILL LYNCH & CO INC,base_only
2026-09-08,relation,MESH,MESHFLOW ACQUISITION CORP,,MESHU,MESHFLOW ACQUISITION CORP,base_only
2026-09-08,relation,MESHU,MESHFLOW ACQUISITION CORP,,MESH,MESHFLOW ACQUISITION CORP,base_only
2026-09-08,relation,MET,METLIFE INC,,MET-PA,METLIFE INC,base_only
2026-09-08,relation,MET,METLIFE INC,,MET-PE,METLIFE INC,base_only
2026-09-08,relation,MET,METLIFE INC,,MET-PF,METLIFE INC,base_only
2026-09-08,relation,MET-PA,METLIFE INC,,MET,METLIFE INC,base_only
2026-09-08,relation,MET-PE,METLIFE INC,,MET,METLIFE INC,base_only
2026-09-08,relation,MET-PF,METLIFE INC,,MET,METLIFE INC,base_only
2026-09-08,relation,METC,RAMACO RESOURCES INC,,METCB,RAMACO RESOURCES INC,base_only
2026-09-08,relation,METC,RAMACO RESOURCES INC,,METCZ,RAMACO RESOURCES INC,base_only
2026-09-08,relation,METCB,RAMACO RESOURCES INC,,METC,RAMACO RESOURCES INC,base_only
2026-09-08,relation,METCZ,RAMACO RESOURCES INC,,METC,RAMACO RESOURCES INC,base_only
2026-09-08,relation,MEVO,M EVO GLOBAL ACQUISITION CORP II,,MEVOU,M EVO GLOBAL ACQUISITION CORP II,base_only
2026-09-08,relation,MEVOU,M EVO GLOBAL ACQUISITION CORP II,,MEVO,M EVO GLOBAL ACQUISITION CORP II,base_only
2026-09-08,relation,MFA,MFA FINANCIAL INC,,MFA-PB,MFA FINANCIAL INC,base_only
2026-09-08,relation,MFA,MFA FINANCIAL INC,,MFA-PC,MFA FINANCIAL INC,base_only
2026-09-08,relation,MFA,MFA FINANCIAL INC,,MFAN,MFA FINANCIAL INC,base_only
2026-09-08,relation,MFA,MFA FINANCIAL INC,,MFAO,MFA FINANCIAL INC,base_only
2026-09-08,relation,MFA-PB,MFA FINANCIAL INC,,MFA,MFA FINANCIAL INC,base_only
2026-09-08,relation,MFA-PC,MFA FINANCIAL INC,,MFA,MFA FINANCIAL INC,base_only
2026-09-08,relation,MFAN,MFA FINANCIAL INC,,MFA,MFA FINANCIAL INC,base_only
2026-09-08,relation,MFAO,MFA FINANCIAL INC,,MFA,MFA FINANCIAL INC,base_only
2026-09-08,relation,MFIC,MIDCAP FINANCIAL INVESTMENT CORP,,MFICL,MIDCAP FINANCIAL INVESTMENT CORP,base_only
2026-09-08,relation,MFICL,MIDCAP FINANCIAL INVESTMENT CORP,,MFIC,MIDCAP FINANCIAL INVESTMENT CORP,base_only
2026-09-08,relation,MFIN,MEDALLION FINANCIAL CORP,,MBNKO,MEDALLION FINANCIAL CORP,base_only
2026-09-08,relation,MGR,AFFILIATED MANAGERS GROUP INC,,AMG,AFFILIATED MANAGERS GROUP INC,base_only
2026-09-08,relation,MGRB,AFFILIATED MANAGERS GROUP INC,,AMG,AFFILIATED MANAGERS GROUP INC,base_only
2026-09-08,relation,MGRD,AFFILIATED MANAGERS GROUP INC,,AMG,AFFILIATED MANAGERS GROUP INC,base_only
2026-09-08,relation,MGRE,AFFILIATED MANAGERS GROUP INC,,AMG,AFFILIATED MANAGERS GROUP INC,base_only
2026-09-08,relation,MHLA,MAIDEN HOLDINGS LTD,,MHLD,MAIDEN HOLDINGS LTD,base_only
2026-09-08,relation,MHLD,MAIDEN HOLDINGS LTD,,MHLA,MAIDEN HOLDINGS LTD,base_only
2026-09-08,relation,MITN,TPG MORTGAGE INVESTMENT TRUST INC,,MITT,TPG MORTGAGE INVESTMENT TRUST INC,base_only
2026-09-08,relation,MITP,TPG MORTGAGE INVESTMENT TRUST INC,,MITT,TPG MORTGAGE INVESTMENT TRUST INC,base_only
2026-09-08,relation,MITT,TPG MORTGAGE INVESTMENT TRUST INC,,MITN,TPG MORTGAGE INVESTMENT TRUST INC,base_only
2026-09-08,relation,MITT,TPG MORTGAGE INVESTMENT TRUST INC,,MITP,TPG MORTGAGE INVESTMENT TRUST INC,base_only
2026-09-08,relation,MITT,TPG MORTGAGE INVESTMENT TRUST INC,,MITT-PA,TPG MORTGAGE INVESTMENT TRUST INC,base_only
2026-09-08,relation,MITT,TPG MORTGAGE INVESTMENT TRUST INC,,MITT-PB,TPG MORTGAGE INVESTMENT TRUST INC,base_only
2026-09-08,relation,MITT,TPG MORTGAGE INVESTMENT TRUST INC,,MITT-PC,TPG MORTGAGE INVESTMENT TRUST INC,base_only
2026-09-08,relation,MITT-PA,TPG MORTGAGE INVESTMENT TRUST INC,,MITT,TPG MORTGAGE INVESTMENT TRUST INC,base_only
2026-09-08,relation,MITT-PB,TPG MORTGAGE INVESTMENT TRUST INC,,MITT,TPG MORTGAGE INVESTMENT TRUST INC,base_only
2026-09-08,relation,MITT-PC,TPG MORTGAGE INVESTMENT TRUST INC,,MITT,TPG MORTGAGE INVESTMENT TRUST INC,base_only
2026-09-08,relation,MKC,MCCORMICK & CO INC,,MKC.V,MCCORMICK & CO INC,base_only
2026-09-08,relation,MKC.V,MCCORMICK & CO INC,,MKC,MCCORMICK & CO INC,base_only
2026-09-08,relation,MNSB,MAINSTREET BANCSHARES INC,,MNSBP,MAINSTREET BANCSHARES INC,base_only
2026-09-08,relation,MNSBP,MAINSTREET BANCSHARES INC,,MNSB,MAINSTREET BANCSHARES INC,base_only
2026-09-08,relation,MOG.A,MOOG INC,,MOG.B,MOOG INC,base_only
2026-09-08,relation,MOG.B,MOOG INC,,MOG.A,MOOG INC,base_only
2026-09-08,relation,MS,MORGAN STANLEY,,MS-PA,MORGAN STANLEY,base_only
2026-09-08,relation,MS,MORGAN STANLEY,,MS-PE,MORGAN STANLEY,base_only
2026-09-08,relation,MS,MORGAN STANLEY,,MS-PF,MORGAN STANLEY,base_only
2026-09-08,relation,MS,MORGAN STANLEY,,MS-PI,MORGAN STANLEY,base_only
2026-09-08,relation,MS,MORGAN STANLEY,,MS-PK,MORGAN STANLEY,base_only
2026-09-08,relation,MS,MORGAN STANLEY,,MS-PL,MORGAN STANLEY,base_only
2026-09-08,relation,MS,MORGAN STANLEY,,MS-PO,MORGAN STANLEY,base_only
2026-09-08,relation,MS,MORGAN STANLEY,,MS-PP,MORGAN STANLEY,base_only
2026-09-08,relation,MS,MORGAN STANLEY,,MS-PQ,MORGAN STANLEY,base_only
2026-09-08,relation,MS-PA,MORGAN STANLEY,,MS,MORGAN STANLEY,base_only
2026-09-08,relation,MS-PE,MORGAN STANLEY,,MS,MORGAN STANLEY,base_only
2026-09-08,relation,MS-PF,MORGAN STANLEY,,MS,MORGAN STANLEY,base_only
2026-09-08,relation,MS-PI,MORGAN STANLEY,,MS,MORGAN STANLEY,base_only
2026-09-08,relation,MS-PK,MORGAN STANLEY,,MS,MORGAN STANLEY,base_only
2026-09-08,relation,MS-PL,MORGAN STANLEY,,MS,MORGAN STANLEY,base_only
2026-09-08,relation,MS-PO,MORGAN STANLEY,,MS,MORGAN STANLEY,base_only
2026-09-08,relation,MS-PP,MORGAN STANLEY,,MS,MORGAN STANLEY,base_only
2026-09-08,relation,MS-PQ,MORGAN STANLEY,,MS,MORGAN STANLEY,base_only
2026-09-08,relation,MSBI,MIDLAND STATES BANCORP INC,,MSBIP,MIDLAND STATES BANCORP INC,base_only
2026-09-08,relation,MSBIP,MIDLAND STATES BANCORP INC,,MSBI,MIDLAND STATES BANCORP INC,base_only
2026-09-08,relation,MSTR,STRATEGY INC,,STRC,STRATEGY INC,base_only
2026-09-08,relation,MSTR,STRATEGY INC,,STRD,STRATEGY INC,base_only
2026-09-08,relation,MSTR,STRATEGY INC,,STRF,STRATEGY INC,base_only
2026-09-08,relation,MSTR,STRATEGY INC,,STRK,STRATEGY INC,base_only
2026-09-08,relation,MTB,M&T BANK CORP,,MTB-PH,M&T BANK CORP,base_only
2026-09-08,relation,MTB,M&T BANK CORP,,MTB-PJ,M&T BANK CORP,base_only
2026-09-08,relation,MTB,M&T BANK CORP,,MTB-PK,M&T BANK CORP,base_only
2026-09-08,relation,MTB-PH,M&T BANK CORP,,MTB,M&T BANK CORP,base_only
2026-09-08,relation,MTB-PJ,M&T BANK CORP,,MTB,M&T BANK CORP,base_only
2026-09-08,relation,MTB-PK,M&T BANK CORP,,MTB,M&T BANK CORP,base_only
2026-09-08,relation,MZYX,MOZAYYX ACQUISITION CORP,,MZYX.U,MOZAYYX ACQUISITION CORP,base_only
2026-09-08,relation,MZYX.U,MOZAYYX ACQUISITION CORP,,MZYX,MOZAYYX ACQUISITION CORP,base_only
2026-09-08,relation,NCO,SOUTHERN CROSS ACQUISITION I CORP,,NCOOU,SOUTHERN CROSS ACQUISITION I CORP,base_only
2026-09-08,relation,NCOOU,SOUTHERN CROSS ACQUISITION I CORP,,NCO,SOUTHERN CROSS ACQUISITION I CORP,base_only
2026-09-08,relation,NCV,VIRTUS CONVERTIBLE & INCOME FUND,,NCV-PA,VIRTUS CONVERTIBLE & INCOME FUND,base_only
2026-09-08,relation,NCV-PA,VIRTUS CONVERTIBLE & INCOME FUND,,NCV,VIRTUS CONVERTIBLE & INCOME FUND,base_only
2026-09-08,relation,NCZ,VIRTUS CONVERTIBLE & INCOME FUND II,,NCZ-PA,VIRTUS CONVERTIBLE & INCOME FUND II,base_only
2026-09-08,relation,NCZ-PA,VIRTUS CONVERTIBLE & INCOME FUND II,,NCZ,VIRTUS CONVERTIBLE & INCOME FUND II,base_only
2026-09-08,relation,NEE,NEXTERA ENERGY INC,,NEE-PN,NEXTERA ENERGY INC,base_only
2026-09-08,relation,NEE,NEXTERA ENERGY INC,,NEE-PS,NEXTERA ENERGY INC,base_only
2026-09-08,relation,NEE,NEXTERA ENERGY INC,,NEE-PT,NEXTERA ENERGY INC,base_only
2026-09-08,relation,NEE,NEXTERA ENERGY INC,,NEE-PU,NEXTERA ENERGY INC,base_only
2026-09-08,relation,NEE,NEXTERA ENERGY INC,,NEE-PV,NEXTERA ENERGY INC,base_only
2026-09-08,relation,NEE,NEXTERA ENERGY INC,,NEE-PW,NEXTERA ENERGY INC,base_only
2026-09-08,relation,NEE-PN,NEXTERA ENERGY INC,,NEE,NEXTERA ENERGY INC,base_only
2026-09-08,relation,NEE-PS,NEXTERA ENERGY INC,,NEE,NEXTERA ENERGY INC,base_only
2026-09-08,relation,NEE-PT,NEXTERA ENERGY INC,,NEE,NEXTERA ENERGY INC,base_only
2026-09-08,relation,NEE-PU,NEXTERA ENERGY INC,,NEE,NEXTERA ENERGY INC,base_only
2026-09-08,relation,NEE-PV,NEXTERA ENERGY INC,,NEE,NEXTERA ENERGY INC,base_only
2026-09-08,relation,NEE-PW,NEXTERA ENERGY INC,,NEE,NEXTERA ENERGY INC,base_only
2026-09-08,relation,NEWT,NEWTEKONE INC,,NEWTG,NEWTEKONE INC,base_only
2026-09-08,relation,NEWT,NEWTEKONE INC,,NEWTH,NEWTEKONE INC,base_only
2026-09-08,relation,NEWT,NEWTEKONE INC,,NEWTI,NEWTEKONE INC,base_only
2026-09-08,relation,NEWT,NEWTEKONE INC,,NEWTP,NEWTEKONE INC,base_only
2026-09-08,relation,NEWTG,NEWTEKONE INC,,NEWT,NEWTEKONE INC,base_only
2026-09-08,relation,NEWTH,NEWTEKONE INC,,NEWT,NEWTEKONE INC,base_only
2026-09-08,relation,NEWTI,NEWTEKONE INC,,NEWT,NEWTEKONE INC,base_only
2026-09-08,relation,NEWTP,NEWTEKONE INC,,NEWT,NEWTEKONE INC,base_only
2026-09-08,relation,NGL,NGL ENERGY PARTNERS LP,,NGL-PB,NGL ENERGY PARTNERS LP,base_only
2026-09-08,relation,NGL,NGL ENERGY PARTNERS LP,,NGL-PC,NGL ENERGY PARTNERS LP,base_only
2026-09-08,relation,NGL-PB,NGL ENERGY PARTNERS LP,,NGL,NGL ENERGY PARTNERS LP,base_only
2026-09-08,relation,NGL-PC,NGL ENERGY PARTNERS LP,,NGL,NGL ENERGY PARTNERS LP,base_only
2026-09-08,relation,NHIC,NEWHOLD INVESTMENT CORP III,,NHICU,NEWHOLD INVESTMENT CORP III,base_only
2026-09-08,relation,NHICU,NEWHOLD INVESTMENT CORP III,,NHIC,NEWHOLD INVESTMENT CORP III,base_only
2026-09-08,relation,NHPAP,NATIONAL HEALTHCARE PROPERTIES INC,,NHPBP,NATIONAL HEALTHCARE PROPERTIES INC,base_only
2026-09-08,relation,NHPBP,NATIONAL HEALTHCARE PROPERTIES INC,,NHPAP,NATIONAL HEALTHCARE PROPERTIES INC,base_only
2026-09-08,relation,NLY,ANNALY CAPITAL MANAGEMENT INC,,NLY-PF,ANNALY CAPITAL MANAGEMENT INC,base_only
2026-09-08,relation,NLY,ANNALY CAPITAL MANAGEMENT INC,,NLY-PG,ANNALY CAPITAL MANAGEMENT INC,base_only
2026-09-08,relation,NLY,ANNALY CAPITAL MANAGEMENT INC,,NLY-PI,ANNALY CAPITAL MANAGEMENT INC,base_only
2026-09-08,relation,NLY,ANNALY CAPITAL MANAGEMENT INC,,NLY-PJ,ANNALY CAPITAL MANAGEMENT INC,base_only
2026-09-08,relation,NLY-PF,ANNALY CAPITAL MANAGEMENT INC,,NLY,ANNALY CAPITAL MANAGEMENT INC,base_only
2026-09-08,relation,NLY-PG,ANNALY CAPITAL MANAGEMENT INC,,NLY,ANNALY CAPITAL MANAGEMENT INC,base_only
2026-09-08,relation,NLY-PI,ANNALY CAPITAL MANAGEMENT INC,,NLY,ANNALY CAPITAL MANAGEMENT INC,base_only
2026-09-08,relation,NLY-PJ,ANNALY CAPITAL MANAGEMENT INC,,NLY,ANNALY CAPITAL MANAGEMENT INC,base_only
2026-09-08,relation,NMFC,NEW MOUNTAIN FINANCE CORP,,NMFCZ,NEW MOUNTAIN FINANCE CORP,base_only
2026-09-08,relation,NMFCZ,NEW MOUNTAIN FINANCE CORP,,NMFC,NEW MOUNTAIN FINANCE CORP,base_only
2026-09-08,relation,NOVT,NOVANTA INC,,NOVTU,NOVANTA INC,base_only
2026-09-08,relation,NOVTU,NOVANTA INC,,NOVT,NOVANTA INC,base_only
2026-09-08,relation,NREF,NEXPOINT REAL ESTATE FINANCE INC,,NREF-PA,NEXPOINT REAL ESTATE FINANCE INC,base_only
2026-09-08,relation,NREF-PA,NEXPOINT REAL ESTATE FINANCE INC,,NREF,NEXPOINT REAL ESTATE FINANCE INC,base_only
2026-09-08,relation,NSAI,NORTHSTRIVE ACQUISITION CORP I,,NSAIU,NORTHSTRIVE ACQUISITION CORP I,base_only
2026-09-08,relation,NSAIU,NORTHSTRIVE ACQUISITION CORP I,,NSAI,NORTHSTRIVE ACQUISITION CORP I,base_only
2026-09-08,relation,NSLR,NEOSTELLAR CAPITAL CORP,,NSLRL,NEOSTELLAR CAPITAL CORP,base_only
2026-09-08,relation,NSLRL,NEOSTELLAR CAPITAL CORP,,NSLR,NEOSTELLAR CAPITAL CORP,base_only
2026-09-08,relation,NTRS,NORTHERN TRUST CORP,,NTRSO,NORTHERN TRUST CORP,base_only
2026-09-08,relation,NTRSO,NORTHERN TRUST CORP,,NTRS,NORTHERN TRUST CORP,base_only
2026-09-08,relation,NWAX,NEW AMERICA ACQUISITION I CORP,,NWAX.U,NEW AMERICA ACQUISITION I CORP,base_only
2026-09-08,relation,NWAX.U,NEW AMERICA ACQUISITION I CORP,,NWAX,NEW AMERICA ACQUISITION I CORP,base_only
2026-09-08,relation,NWS,NEWS CORP,,NWSA,NEWS CORP,base_only
2026-09-08,relation,NWSA,NEWS CORP,,NWS,NEWS CORP,base_only
2026-09-08,relation,NXDT,NEXPOINT DIVERSIFIED REAL ESTATE TRUST,,NXDT-PA,NEXPOINT DIVERSIFIED REAL ESTATE TRUST,base_only
2026-09-08,relation,NXDT-PA,NEXPOINT DIVERSIFIED REAL ESTATE TRUST,,NXDT,NEXPOINT DIVERSIFIED REAL ESTATE TRUST,base_only
2026-09-08,relation,OAK,OAKTREE CAPITAL GROUP LLC,,OAK-PA,OAKTREE CAPITAL GROUP LLC,base_only
2026-09-08,relation,OAK,OAKTREE CAPITAL GROUP LLC,,OAK-PB,OAKTREE CAPITAL GROUP LLC,base_only
2026-09-08,relation,OAK-PA,OAKTREE CAPITAL GROUP LLC,,OAK,OAKTREE CAPITAL GROUP LLC,base_only
2026-09-08,relation,OAK-PB,OAKTREE CAPITAL GROUP LLC,,OAK,OAKTREE CAPITAL GROUP LLC,base_only
2026-09-08,relation,OCCI,OFS CREDIT COMPANY INC,,OCCIM,OFS CREDIT COMPANY INC,base_only
2026-09-08,relation,OCCI,OFS CREDIT COMPANY INC,,OCCIN,OFS CREDIT COMPANY INC,base_only
2026-09-08,relation,OCCIM,OFS CREDIT COMPANY INC,,OCCI,OFS CREDIT COMPANY INC,base_only
2026-09-08,relation,OCCIN,OFS CREDIT COMPANY INC,,OCCI,OFS CREDIT COMPANY INC,base_only
2026-09-08,relation,ONB,OLD NATIONAL BANCORP,,ONBPO,OLD NATIONAL BANCORP,base_only
2026-09-08,relation,ONB,OLD NATIONAL BANCORP,,ONBPP,OLD NATIONAL BANCORP,base_only
2026-09-08,relation,ONBPO,OLD NATIONAL BANCORP,,ONB,OLD NATIONAL BANCORP,base_only
2026-09-08,relation,ONBPP,OLD NATIONAL BANCORP,,ONB,OLD NATIONAL BANCORP,base_only
2026-09-08,relation,ONCH,1RT ACQUISITION CORP,,ONCHU,1RT ACQUISITION CORP,base_only
2026-09-08,relation,ONCHU,1RT ACQUISITION CORP,,ONCH,1RT ACQUISITION CORP,base_only
2026-09-08,relation,OPP,RIVERNORTH/DOUBLELINE STRATEGIC OPPORTUNITY FUND INC,,OPP-PA,RIVERNORTH/DOUBLELINE STRATEGIC OPPORTUNITY FUND INC,base_only
2026-09-08,relation,OPP,RIVERNORTH/DOUBLELINE STRATEGIC OPPORTUNITY FUND INC,,OPP-PB,RIVERNORTH/DOUBLELINE STRATEGIC OPPORTUNITY FUND INC,base_only
2026-09-08,relation,OPP-PA,RIVERNORTH/DOUBLELINE STRATEGIC OPPORTUNITY FUND INC,,OPP,RIVERNORTH/DOUBLELINE STRATEGIC OPPORTUNITY FUND INC,base_only
2026-09-08,relation,OPP-PB,RIVERNORTH/DOUBLELINE STRATEGIC OPPORTUNITY FUND INC,,OPP,RIVERNORTH/DOUBLELINE STRATEGIC OPPORTUNITY FUND INC,base_only
2026-09-08,relation,ORCL,ORACLE CORP,,ORCL-PD,ORACLE CORP,base_only
2026-09-08,relation,ORCL-PD,ORACLE CORP,,ORCL,ORACLE CORP,base_only
2026-09-08,relation,OTAI,STARLINK AI ACQUISITION CORP,,OTAI.U,STARLINK AI ACQUISITION CORP,base_only
2026-09-08,relation,OTAI.U,STARLINK AI ACQUISITION CORP,,OTAI,STARLINK AI ACQUISITION CORP,base_only
2026-09-08,relation,OXLC,OXFORD LANE CAPITAL CORP,,OXLCG,OXFORD LANE CAPITAL CORP,base_only
2026-09-08,relation,OXLC,OXFORD LANE CAPITAL CORP,,OXLCI,OXFORD LANE CAPITAL CORP,base_only
2026-09-08,relation,OXLC,OXFORD LANE CAPITAL CORP,,OXLCL,OXFORD LANE CAPITAL CORP,base_only
2026-09-08,relation,OXLC,OXFORD LANE CAPITAL CORP,,OXLCM,OXFORD LANE CAPITAL CORP,base_only
2026-09-08,relation,OXLC,OXFORD LANE CAPITAL CORP,,OXLCN,OXFORD LANE CAPITAL CORP,base_only
2026-09-08,relation,OXLC,OXFORD LANE CAPITAL CORP,,OXLCO,OXFORD LANE CAPITAL CORP,base_only
2026-09-08,relation,OXLC,OXFORD LANE CAPITAL CORP,,OXLCZ,OXFORD LANE CAPITAL CORP,base_only
2026-09-08,relation,OXLCG,OXFORD LANE CAPITAL CORP,,OXLC,OXFORD LANE CAPITAL CORP,base_only
2026-09-08,relation,OXLCI,OXFORD LANE CAPITAL CORP,,OXLC,OXFORD LANE CAPITAL CORP,base_only
2026-09-08,relation,OXLCL,OXFORD LANE CAPITAL CORP,,OXLC,OXFORD LANE CAPITAL CORP,base_only
2026-09-08,relation,OXLCM,OXFORD LANE CAPITAL CORP,,OXLC,OXFORD LANE CAPITAL CORP,base_only
2026-09-08,relation,OXLCN,OXFORD LANE CAPITAL CORP,,OXLC,OXFORD LANE CAPITAL CORP,base_only
2026-09-08,relation,OXLCO,OXFORD LANE CAPITAL CORP,,OXLC,OXFORD LANE CAPITAL CORP,base_only
2026-09-08,relation,OXLCZ,OXFORD LANE CAPITAL CORP,,OXLC,OXFORD LANE CAPITAL CORP,base_only
2026-09-08,relation,OXSQ,OXFORD SQUARE CAPITAL CORP,,OXSQH,OXFORD SQUARE CAPITAL CORP,base_only
2026-09-08,relation,OXSQH,OXFORD SQUARE CAPITAL CORP,,OXSQ,OXFORD SQUARE CAPITAL CORP,base_only
2026-09-08,relation,OZK,BANK OF THE OZARKS INC,,OZKAP,BANK OF THE OZARKS INC,base_only
2026-09-08,relation,OZKAP,BANK OF THE OZARKS INC,,OZK,BANK OF THE OZARKS INC,base_only
2026-09-08,relation,PACH,PIONEER ACQUISITION I CORP,,PACHU,PIONEER ACQUISITION I CORP,base_only
2026-09-08,relation,PACHU,PIONEER ACQUISITION I CORP,,PACH,PIONEER ACQUISITION I CORP,base_only
2026-09-08,relation,PBI,PITNEY BOWES INC,,PBI-PB,PITNEY BOWES INC,base_only
2026-09-08,relation,PBI-PB,PITNEY BOWES INC,,PBI,PITNEY BOWES INC,base_only
2026-09-08,relation,PBR,PETROBRAS - PETROLEO BRASILEIRO SA,,PBR.A,PETROBRAS - PETROLEO BRASILEIRO SA,base_only
2026-09-08,relation,PBR.A,PETROBRAS - PETROLEO BRASILEIRO SA,,PBR,PETROBRAS - PETROLEO BRASILEIRO SA,base_only
2026-09-08,relation,PCAP,PROCAP ACQUISITION CORP,,PCAPU,PROCAP ACQUISITION CORP,base_only
2026-09-08,relation,PCAPU,PROCAP ACQUISITION CORP,,PCAP,PROCAP ACQUISITION CORP,base_only
2026-09-08,relation,PCG,PG&E CORP,,PCG-PA,PG&E CORP,base_only
2026-09-08,relation,PCG,PG&E CORP,,PCG-PB,PG&E CORP,base_only
2026-09-08,relation,PCG,PG&E CORP,,PCG-PC,PG&E CORP,base_only
2026-09-08,relation,PCG,PG&E CORP,,PCG-PD,PG&E CORP,base_only
2026-09-08,relation,PCG,PG&E CORP,,PCG-PX,PG&E CORP,base_only
2026-09-08,relation,PCG-PA,PG&E CORP,,PCG,PG&E CORP,base_only
2026-09-08,relation,PCG-PB,PG&E CORP,,PCG,PG&E CORP,base_only
2026-09-08,relation,PCG-PC,PG&E CORP,,PCG,PG&E CORP,base_only
2026-09-08,relation,PCG-PD,PG&E CORP,,PCG,PG&E CORP,base_only
2026-09-08,relation,PCG-PX,PG&E CORP,,PCG,PG&E CORP,base_only
2026-09-08,relation,PDCC,PEARL DIVER CREDIT CO INC,,PDPA,PEARL DIVER CREDIT CO INC,base_only
2026-09-08,relation,PDPA,PEARL DIVER CREDIT CO INC,,PDCC,PEARL DIVER CREDIT CO INC,base_only
2026-09-08,relation,PEB,PEBBLEBROOK HOTEL TRUST,,PEB-PE,PEBBLEBROOK HOTEL TRUST,base_only
2026-09-08,relation,PEB,PEBBLEBROOK HOTEL TRUST,,PEB-PG,PEBBLEBROOK HOTEL TRUST,base_only
2026-09-08,relation,PEB,PEBBLEBROOK HOTEL TRUST,,PEB-PH,PEBBLEBROOK HOTEL TRUST,base_only
2026-09-08,relation,PEB-PE,PEBBLEBROOK HOTEL TRUST,,PEB,PEBBLEBROOK HOTEL TRUST,base_only
2026-09-08,relation,PEB-PG,PEBBLEBROOK HOTEL TRUST,,PEB,PEBBLEBROOK HOTEL TRUST,base_only
2026-09-08,relation,PEB-PH,PEBBLEBROOK HOTEL TRUST,,PEB,PEBBLEBROOK HOTEL TRUST,base_only
2026-09-08,relation,PFH,PRUDENTIAL FINANCIAL INC,,PRU,PRUDENTIAL FINANCIAL INC,base_only
2026-09-08,relation,PFLA,PENNANTPARK FLOATING RATE CAPITAL LTD,,PFLT,PENNANTPARK FLOATING RATE CAPITAL LTD,base_only
2026-09-08,relation,PFLT,PENNANTPARK FLOATING RATE CAPITAL LTD,,PFLA,PENNANTPARK FLOATING RATE CAPITAL LTD,base_only
2026-09-08,relation,PFX,PHENIXFIN CORP,,PFXNZ,PHENIXFIN CORP,base_only
2026-09-08,relation,PFXNZ,PHENIXFIN CORP,,PFX,PHENIXFIN CORP,base_only
2026-09-08,relation,PINE,ALPINE INCOME PROPERTY TRUST INC,,PINE-PA,ALPINE INCOME PROPERTY TRUST INC,base_only
2026-09-08,relation,PINE-PA,ALPINE INCOME PROPERTY TRUST INC,,PINE,ALPINE INCOME PROPERTY TRUST INC,base_only
2026-09-08,relation,PMT,PENNYMAC MORTGAGE INVESTMENT TRUST,,PMT-PA,PENNYMAC MORTGAGE INVESTMENT TRUST,base_only
2026-09-08,relation,PMT,PENNYMAC MORTGAGE INVESTMENT TRUST,,PMT-PB,PENNYMAC MORTGAGE INVESTMENT TRUST,base_only
2026-09-08,relation,PMT,PENNYMAC MORTGAGE INVESTMENT TRUST,,PMT-PC,PENNYMAC MORTGAGE INVESTMENT TRUST,base_only
2026-09-08,relation,PMT,PENNYMAC MORTGAGE INVESTMENT TRUST,,PMTU,PENNYMAC MORTGAGE INVESTMENT TRUST,base_only
2026-09-08,relation,PMT,PENNYMAC MORTGAGE INVESTMENT TRUST,,PMTV,PENNYMAC MORTGAGE INVESTMENT TRUST,base_only
2026-09-08,relation,PMT,PENNYMAC MORTGAGE INVESTMENT TRUST,,PMTW,PENNYMAC MORTGAGE INVESTMENT TRUST,base_only
2026-09-08,relation,PMT-PA,PENNYMAC MORTGAGE INVESTMENT TRUST,,PMT,PENNYMAC MORTGAGE INVESTMENT TRUST,base_only
2026-09-08,relation,PMT-PB,PENNYMAC MORTGAGE INVESTMENT TRUST,,PMT,PENNYMAC MORTGAGE INVESTMENT TRUST,base_only
2026-09-08,relation,PMT-PC,PENNYMAC MORTGAGE INVESTMENT TRUST,,PMT,PENNYMAC MORTGAGE INVESTMENT TRUST,base_only
2026-09-08,relation,PMTR,PERIMETER ACQUISITION CORP I,,PMTRU,PERIMETER ACQUISITION CORP I,base_only
2026-09-08,relation,PMTRU,PERIMETER ACQUISITION CORP I,,PMTR,PERIMETER ACQUISITION CORP I,base_only
2026-09-08,relation,PMTU,PENNYMAC MORTGAGE INVESTMENT TRUST,,PMT,PENNYMAC MORTGAGE INVESTMENT TRUST,base_only
2026-09-08,relation,PMTV,PENNYMAC MORTGAGE INVESTMENT TRUST,,PMT,PENNYMAC MORTGAGE INVESTMENT TRUST,base_only
2026-09-08,relation,PMTW,PENNYMAC MORTGAGE INVESTMENT TRUST,,PMT,PENNYMAC MORTGAGE INVESTMENT TRUST,base_only
2026-09-08,relation,PNFP,PINNACLE FINANCIAL PARTNERS INC,,PNFP-PA,PINNACLE FINANCIAL PARTNERS INC,base_only
2026-09-08,relation,PNFP,PINNACLE FINANCIAL PARTNERS INC,,PNFP-PB,PINNACLE FINANCIAL PARTNERS INC,base_only
2026-09-08,relation,PNFP-PA,PINNACLE FINANCIAL PARTNERS INC,,PNFP,PINNACLE FINANCIAL PARTNERS INC,base_only
2026-09-08,relation,PNFP-PB,PINNACLE FINANCIAL PARTNERS INC,,PNFP,PINNACLE FINANCIAL PARTNERS INC,base_only
2026-09-08,relation,POWW,OUTDOOR HOLDING CO,,POWWP,OUTDOOR HOLDING CO,base_only
2026-09-08,relation,POWWP,OUTDOOR HOLDING CO,,POWW,OUTDOOR HOLDING CO,base_only
2026-09-08,relation,PPL,PPL CORP,,PPLC,PPL CORP,base_only
2026-09-08,relation,PPLC,PPL CORP,,PPL,PPL CORP,base_only
2026-09-08,relation,PRH,PRUDENTIAL FINANCIAL INC,,PRU,PRUDENTIAL FINANCIAL INC,base_only
2026-09-08,relation,PRIF-PA,PRIORITY INCOME FUND INC,,PRIF-PD,PRIORITY INCOME FUND INC,base_only
2026-09-08,relation,PRIF-PA,PRIORITY INCOME FUND INC,,PRIF-PK,PRIORITY INCOME FUND INC,base_only
2026-09-08,relation,PRIF-PA,PRIORITY INCOME FUND INC,,PRIF-PL,PRIORITY INCOME FUND INC,base_only
2026-09-08,relation,PRIF-PD,PRIORITY INCOME FUND INC,,PRIF-PA,PRIORITY INCOME FUND INC,base_only
2026-09-08,relation,PRIF-PK,PRIORITY INCOME FUND INC,,PRIF-PA,PRIORITY INCOME FUND INC,base_only
2026-09-08,relation,PRIF-PL,PRIORITY INCOME FUND INC,,PRIF-PA,PRIORITY INCOME FUND INC,base_only
2026-09-08,relation,PRS,PRUDENTIAL FINANCIAL INC,,PRU,PRUDENTIAL FINANCIAL INC,base_only
2026-09-08,relation,PRU,PRUDENTIAL FINANCIAL INC,,PFH,PRUDENTIAL FINANCIAL INC,base_only
2026-09-08,relation,PRU,PRUDENTIAL FINANCIAL INC,,PRH,PRUDENTIAL FINANCIAL INC,base_only
2026-09-08,relation,PRU,PRUDENTIAL FINANCIAL INC,,PRS,PRUDENTIAL FINANCIAL INC,base_only
2026-09-08,relation,PSA,PUBLIC STORAGE,,PSA-PF,PUBLIC STORAGE,base_only
2026-09-08,relation,PSA,PUBLIC STORAGE,,PSA-PG,PUBLIC STORAGE,base_only
2026-09-08,relation,PSA,PUBLIC STORAGE,,PSA-PH,PUBLIC STORAGE,base_only
2026-09-08,relation,PSA,PUBLIC STORAGE,,PSA-PI,PUBLIC STORAGE,base_only
2026-09-08,relation,PSA,PUBLIC STORAGE,,PSA-PJ,PUBLIC STORAGE,base_only
2026-09-08,relation,PSA,PUBLIC STORAGE,,PSA-PK,PUBLIC STORAGE,base_only
2026-09-08,relation,PSA,PUBLIC STORAGE,,PSA-PL,PUBLIC STORAGE,base_only
2026-09-08,relation,PSA,PUBLIC STORAGE,,PSA-PM,PUBLIC STORAGE,base_only
2026-09-08,relation,PSA,PUBLIC STORAGE,,PSA-PN,PUBLIC STORAGE,base_only
2026-09-08,relation,PSA,PUBLIC STORAGE,,PSA-PO,PUBLIC STORAGE,base_only
2026-09-08,relation,PSA,PUBLIC STORAGE,,PSA-PP,PUBLIC STORAGE,base_only
2026-09-08,relation,PSA,PUBLIC STORAGE,,PSA-PQ,PUBLIC STORAGE,base_only
2026-09-08,relation,PSA,PUBLIC STORAGE,,PSA-PR,PUBLIC STORAGE,base_only
2026-09-08,relation,PSA,PUBLIC STORAGE,,PSA-PS,PUBLIC STORAGE,base_only
2026-09-08,relation,PSA,PUBLIC STORAGE,,PSA-PT,PUBLIC STORAGE,base_only
2026-09-08,relation,PSA,PUBLIC STORAGE,,PSA-PU,PUBLIC STORAGE,base_only
2026-09-08,relation,PSA-PF,PUBLIC STORAGE,,PSA,PUBLIC STORAGE,base_only
2026-09-08,relation,PSA-PG,PUBLIC STORAGE,,PSA,PUBLIC STORAGE,base_only
2026-09-08,relation,PSA-PH,PUBLIC STORAGE,,PSA,PUBLIC STORAGE,base_only
2026-09-08,relation,PSA-PI,PUBLIC STORAGE,,PSA,PUBLIC STORAGE,base_only
2026-09-08,relation,PSA-PJ,PUBLIC STORAGE,,PSA,PUBLIC STORAGE,base_only
2026-09-08,relation,PSA-PK,PUBLIC STORAGE,,PSA,PUBLIC STORAGE,base_only
2026-09-08,relation,PSA-PL,PUBLIC STORAGE,,PSA,PUBLIC STORAGE,base_only
2026-09-08,relation,PSA-PM,PUBLIC STORAGE,,PSA,PUBLIC STORAGE,base_only
2026-09-08,relation,PSA-PN,PUBLIC STORAGE,,PSA,PUBLIC STORAGE,base_only
2026-09-08,relation,PSA-PO,PUBLIC STORAGE,,PSA,PUBLIC STORAGE,base_only
2026-09-08,relation,PSA-PP,PUBLIC STORAGE,,PSA,PUBLIC STORAGE,base_only
2026-09-08,relation,PSA-PQ,PUBLIC STORAGE,,PSA,PUBLIC STORAGE,base_only
2026-09-08,relation,PSA-PR,PUBLIC STORAGE,,PSA,PUBLIC STORAGE,base_only
2026-09-08,relation,PSA-PS,PUBLIC STORAGE,,PSA,PUBLIC STORAGE,base_only
2026-09-08,relation,PSA-PT,PUBLIC STORAGE,,PSA,PUBLIC STORAGE,base_only
2026-09-08,relation,PSA-PU,PUBLIC STORAGE,,PSA,PUBLIC STORAGE,base_only
2026-09-08,relation,PSEC,PROSPECT CAPITAL CORP,,PSEC-PA,PROSPECT CAPITAL CORP,base_only
2026-09-08,relation,PSEC-PA,PROSPECT CAPITAL CORP,,PSEC,PROSPECT CAPITAL CORP,base_only
2026-09-08,relation,PW,POWER REIT,,PW-PA,POWER REIT,base_only
2026-09-08,relation,PW-PA,POWER REIT,,PW,POWER REIT,base_only
2026-09-08,relation,QXO,QXO INC,,QXO-PB,QXO INC,base_only
2026-09-08,relation,QXO-PB,QXO INC,,QXO,QXO INC,base_only
2026-09-08,relation,RC,READY CAPITAL CORP,,RC-PE,READY CAPITAL CORP,base_only
2026-09-08,relation,RC,READY CAPITAL CORP,,RCD,READY CAPITAL CORP,base_only
2026-09-08,relation,RC-PE,READY CAPITAL CORP,,RC,READY CAPITAL CORP,base_only
2026-09-08,relation,RCD,READY CAPITAL CORP,,RC,READY CAPITAL CORP,base_only
2026-09-08,relation,RDI,READING INTERNATIONAL INC,,RDIB,READING INTERNATIONAL INC,base_only
2026-09-08,relation,RDIB,READING INTERNATIONAL INC,,RDI,READING INTERNATIONAL INC,base_only
2026-09-08,relation,REG,REGENCY CENTERS CORP,,REGCO,REGENCY CENTERS CORP,base_only
2026-09-08,relation,REG,REGENCY CENTERS CORP,,REGCP,REGENCY CENTERS CORP,base_only
2026-09-08,relation,REGCO,REGENCY CENTERS CORP,,REG,REGENCY CENTERS CORP,base_only
2026-09-08,relation,REGCP,REGENCY CENTERS CORP,,REG,REGENCY CENTERS CORP,base_only
2026-09-08,relation,REXR,REXFORD INDUSTRIAL REALTY INC,,REXR-PB,REXFORD INDUSTRIAL REALTY INC,base_only
2026-09-08,relation,REXR,REXFORD INDUSTRIAL REALTY INC,,REXR-PC,REXFORD INDUSTRIAL REALTY INC,base_only
2026-09-08,relation,REXR-PB,REXFORD INDUSTRIAL REALTY INC,,REXR,REXFORD INDUSTRIAL REALTY INC,base_only
2026-09-08,relation,REXR-PC,REXFORD INDUSTRIAL REALTY INC,,REXR,REXFORD INDUSTRIAL REALTY INC,base_only
2026-09-08,relation,RF,REGIONS FINANCIAL CORP,,RF-PC,REGIONS FINANCIAL CORP,base_only
2026-09-08,relation,RF,REGIONS FINANCIAL CORP,,RF-PE,REGIONS FINANCIAL CORP,base_only
2026-09-08,relation,RF,REGIONS FINANCIAL CORP,,RF-PF,REGIONS FINANCIAL CORP,base_only
2026-09-08,relation,RF-PC,REGIONS FINANCIAL CORP,,RF,REGIONS FINANCIAL CORP,base_only
2026-09-08,relation,RF-PE,REGIONS FINANCIAL CORP,,RF,REGIONS FINANCIAL CORP,base_only
2026-09-08,relation,RF-PF,REGIONS FINANCIAL CORP,,RF,REGIONS FINANCIAL CORP,base_only
2026-09-08,relation,RFAM,RF ACQUISITION CORP III,,RFAMU,RF ACQUISITION CORP III,base_only
2026-09-08,relation,RFAMU,RF ACQUISITION CORP III,,RFAM,RF ACQUISITION CORP III,base_only
2026-09-08,relation,RGA,REINSURANCE GROUP OF AMERICA INC,,RZC,REINSURANCE GROUP OF AMERICA INC,base_only
2026-09-08,relation,RILY,BRC GROUP HOLDINGS INC,,RILYG,BRC GROUP HOLDINGS INC,base_only
2026-09-08,relation,RILY,BRC GROUP HOLDINGS INC,,RILYL,BRC GROUP HOLDINGS INC,base_only
2026-09-08,relation,RILY,BRC GROUP HOLDINGS INC,,RILYN,BRC GROUP HOLDINGS INC,base_only
2026-09-08,relation,RILY,BRC GROUP HOLDINGS INC,,RILYP,BRC GROUP HOLDINGS INC,base_only
2026-09-08,relation,RILY,BRC GROUP HOLDINGS INC,,RILYT,BRC GROUP HOLDINGS INC,base_only
2026-09-08,relation,RILY,BRC GROUP HOLDINGS INC,,RILYZ,BRC GROUP HOLDINGS INC,base_only
2026-09-08,relation,RILYG,BRC GROUP HOLDINGS INC,,RILY,BRC GROUP HOLDINGS INC,base_only
2026-09-08,relation,RILYL,BRC GROUP HOLDINGS INC,,RILY,BRC GROUP HOLDINGS INC,base_only
2026-09-08,relation,RILYN,BRC GROUP HOLDINGS INC,,RILY,BRC GROUP HOLDINGS INC,base_only
2026-09-08,relation,RILYP,BRC GROUP HOLDINGS INC,,RILY,BRC GROUP HOLDINGS INC,base_only
2026-09-08,relation,RILYT,BRC GROUP HOLDINGS INC,,RILY,BRC GROUP HOLDINGS INC,base_only
2026-09-08,relation,RILYZ,BRC GROUP HOLDINGS INC,,RILY,BRC GROUP HOLDINGS INC,base_only
2026-09-08,relation,RITM,RITHM CAPITAL CORP,,RITM-PA,RITHM CAPITAL CORP,base_only
2026-09-08,relation,RITM,RITHM CAPITAL CORP,,RITM-PB,RITHM CAPITAL CORP,base_only
2026-09-08,relation,RITM,RITHM CAPITAL CORP,,RITM-PC,RITHM CAPITAL CORP,base_only
2026-09-08,relation,RITM,RITHM CAPITAL CORP,,RITM-PD,RITHM CAPITAL CORP,base_only
2026-09-08,relation,RITM,RITHM CAPITAL CORP,,RITM-PE,RITHM CAPITAL CORP,base_only
2026-09-08,relation,RITM,RITHM CAPITAL CORP,,RITM-PF,RITHM CAPITAL CORP,base_only
2026-09-08,relation,RITM-PA,RITHM CAPITAL CORP,,RITM,RITHM CAPITAL CORP,base_only
2026-09-08,relation,RITM-PB,RITHM CAPITAL CORP,,RITM,RITHM CAPITAL CORP,base_only
2026-09-08,relation,RITM-PC,RITHM CAPITAL CORP,,RITM,RITHM CAPITAL CORP,base_only
2026-09-08,relation,RITM-PD,RITHM CAPITAL CORP,,RITM,RITHM CAPITAL CORP,base_only
2026-09-08,relation,RITM-PE,RITHM CAPITAL CORP,,RITM,RITHM CAPITAL CORP,base_only
2026-09-08,relation,RITM-PF,RITHM CAPITAL CORP,,RITM,RITHM CAPITAL CORP,base_only
2026-09-08,relation,RIV,RIVERNORTH OPPORTUNITIES FUND INC,,RIV-PA,RIVERNORTH OPPORTUNITIES FUND INC,base_only
2026-09-08,relation,RIV-PA,RIVERNORTH OPPORTUNITIES FUND INC,,RIV,RIVERNORTH OPPORTUNITIES FUND INC,base_only
2026-09-08,relation,RLJ,RLJ LODGING TRUST,,RLJ-PA,RLJ LODGING TRUST,base_only
2026-09-08,relation,RLJ-PA,RLJ LODGING TRUST,,RLJ,RLJ LODGING TRUST,base_only
2026-09-08,relation,RNR,RENAISSANCERE HOLDINGS LTD,,RNR-PF,RENAISSANCERE HOLDINGS LTD,base_only
2026-09-08,relation,RNR,RENAISSANCERE HOLDINGS LTD,,RNR-PG,RENAISSANCERE HOLDINGS LTD,base_only
2026-09-08,relation,RNR-PF,RENAISSANCERE HOLDINGS LTD,,RNR,RENAISSANCERE HOLDINGS LTD,base_only
2026-09-08,relation,RNR-PG,RENAISSANCERE HOLDINGS LTD,,RNR,RENAISSANCERE HOLDINGS LTD,base_only
2026-09-08,relation,RREV,RRE VENTURES ACQUISITION CORP,,RREVU,RRE VENTURES ACQUISITION CORP,base_only
2026-09-08,relation,RREVU,RRE VENTURES ACQUISITION CORP,,RREV,RRE VENTURES ACQUISITION CORP,base_only
2026-09-08,relation,RTAC,RENATUS TACTICAL ACQUISITION CORP I,,RTACU,RENATUS TACTICAL ACQUISITION CORP I,base_only
2026-09-08,relation,RTACU,RENATUS TACTICAL ACQUISITION CORP I,,RTAC,RENATUS TACTICAL ACQUISITION CORP I,base_only
2026-09-08,relation,RUSHA,RUSH ENTERPRISES INC,,RUSHB,RUSH ENTERPRISES INC,base_only
2026-09-08,relation,RUSHB,RUSH ENTERPRISES INC,,RUSHA,RUSH ENTERPRISES INC,base_only
2026-09-08,relation,RWAY,RUNWAY GROWTH FINANCE CORP,,RWAYI,RUNWAY GROWTH FINANCE CORP,base_only
2026-09-08,relation,RWAY,RUNWAY GROWTH FINANCE CORP,,RWAYL,RUNWAY GROWTH FINANCE CORP,base_only
2026-09-08,relation,RWAYI,RUNWAY GROWTH FINANCE CORP,,RWAY,RUNWAY GROWTH FINANCE CORP,base_only
2026-09-08,relation,RWAYL,RUNWAY GROWTH FINANCE CORP,,RWAY,RUNWAY GROWTH FINANCE CORP,base_only
2026-09-08,relation,RWT,REDWOOD TRUST INC,,RWT-PA,REDWOOD TRUST INC,base_only
2026-09-08,relation,RWT,REDWOOD TRUST INC,,RWTN,REDWOOD TRUST INC,base_only
2026-09-08,relation,RWT,REDWOOD TRUST INC,,RWTO,REDWOOD TRUST INC,base_only
2026-09-08,relation,RWT,REDWOOD TRUST INC,,RWTP,REDWOOD TRUST INC,base_only
2026-09-08,relation,RWT,REDWOOD TRUST INC,,RWTQ,REDWOOD TRUST INC,base_only
2026-09-08,relation,RWT,REDWOOD TRUST INC,,RWTS,REDWOOD TRUST INC,base_only
2026-09-08,relation,RWT-PA,REDWOOD TRUST INC,,RWT,REDWOOD TRUST INC,base_only
2026-09-08,relation,RWTN,REDWOOD TRUST INC,,RWT,REDWOOD TRUST INC,base_only
2026-09-08,relation,RWTO,REDWOOD TRUST INC,,RWT,REDWOOD TRUST INC,base_only
2026-09-08,relation,RWTP,REDWOOD TRUST INC,,RWT,REDWOOD TRUST INC,base_only
2026-09-08,relation,RWTQ,REDWOOD TRUST INC,,RWT,REDWOOD TRUST INC,base_only
2026-09-08,relation,RWTS,REDWOOD TRUST INC,,RWT,REDWOOD TRUST INC,base_only
2026-09-08,relation,RZC,REINSURANCE GROUP OF AMERICA INC,,RGA,REINSURANCE GROUP OF AMERICA INC,base_only
2026-09-08,relation,SAAQ,SPACE ASSET ACQUISITION CORP,,SAAQU,SPACE ASSET ACQUISITION CORP,base_only
2026-09-08,relation,SAAQU,SPACE ASSET ACQUISITION CORP,,SAAQ,SPACE ASSET ACQUISITION CORP,base_only
2026-09-08,relation,SACH,SACHEM CAPITAL CORP,,SACH-PA,SACHEM CAPITAL CORP,base_only
2026-09-08,relation,SACH,SACHEM CAPITAL CORP,,SCCD,SACHEM CAPITAL CORP,base_only
2026-09-08,relation,SACH,SACHEM CAPITAL CORP,,SCCE,SACHEM CAPITAL CORP,base_only
2026-09-08,relation,SACH,SACHEM CAPITAL CORP,,SCCF,SACHEM CAPITAL CORP,base_only
2026-09-08,relation,SACH,SACHEM CAPITAL CORP,,SCCG,SACHEM CAPITAL CORP,base_only
2026-09-08,relation,SACH-PA,SACHEM CAPITAL CORP,,SACH,SACHEM CAPITAL CORP,base_only
2026-09-08,relation,SAJ,SARATOGA INVESTMENT CORP,,SAR,SARATOGA INVESTMENT CORP,base_only
2026-09-08,relation,SAMO,SAMOS ENERGY ACQUISITION CORP,,SAMO.U,SAMOS ENERGY ACQUISITION CORP,base_only
2026-09-08,relation,SAMO.U,SAMOS ENERGY ACQUISITION CORP,,SAMO,SAMOS ENERGY ACQUISITION CORP,base_only
2026-09-08,relation,SAR,SARATOGA INVESTMENT CORP,,SAJ,SARATOGA INVESTMENT CORP,base_only
2026-09-08,relation,SAR,SARATOGA INVESTMENT CORP,,SAT,SARATOGA INVESTMENT CORP,base_only
2026-09-08,relation,SAR,SARATOGA INVESTMENT CORP,,SAV,SARATOGA INVESTMENT CORP,base_only
2026-09-08,relation,SAR,SARATOGA INVESTMENT CORP,,SAX,SARATOGA INVESTMENT CORP,base_only
2026-09-08,relation,SAR,SARATOGA INVESTMENT CORP,,SAY,SARATOGA INVESTMENT CORP,base_only
2026-09-08,relation,SAR,SARATOGA INVESTMENT CORP,,SAZ,SARATOGA INVESTMENT CORP,base_only
2026-09-08,relation,SAT,SARATOGA INVESTMENT CORP,,SAR,SARATOGA INVESTMENT CORP,base_only
2026-09-08,relation,SATA,STRIVE INC,,ASST,STRIVE INC,base_only
2026-09-08,relation,SAV,SARATOGA INVESTMENT CORP,,SAR,SARATOGA INVESTMENT CORP,base_only
2026-09-08,relation,SAX,SARATOGA INVESTMENT CORP,,SAR,SARATOGA INVESTMENT CORP,base_only
2026-09-08,relation,SAY,SARATOGA INVESTMENT CORP,,SAR,SARATOGA INVESTMENT CORP,base_only
2026-09-08,relation,SAZ,SARATOGA INVESTMENT CORP,,SAR,SARATOGA INVESTMENT CORP,base_only
2026-09-08,relation,SB,SAFE BULKERS INC,,SB-PC,SAFE BULKERS INC,base_only
2026-09-08,relation,SB,SAFE BULKERS INC,,SB-PD,SAFE BULKERS INC,base_only
2026-09-08,relation,SB-PC,SAFE BULKERS INC,,SB,SAFE BULKERS INC,base_only
2026-09-08,relation,SB-PD,SAFE BULKERS INC,,SB,SAFE BULKERS INC,base_only
2026-09-08,relation,SCCD,SACHEM CAPITAL CORP,,SACH,SACHEM CAPITAL CORP,base_only
2026-09-08,relation,SCCE,SACHEM CAPITAL CORP,,SACH,SACHEM CAPITAL CORP,base_only
2026-09-08,relation,SCCF,SACHEM CAPITAL CORP,,SACH,SACHEM CAPITAL CORP,base_only
2026-09-08,relation,SCCG,SACHEM CAPITAL CORP,,SACH,SACHEM CAPITAL CORP,base_only
2026-09-08,relation,SCE-PG,SOUTHERN CALIFORNIA EDISON CO,,SCEQ,SOUTHERN CALIFORNIA EDISON CO,base_only
2026-09-08,relation,SCE-PL,SOUTHERN CALIFORNIA EDISON CO,,SCEQ,SOUTHERN CALIFORNIA EDISON CO,base_only
2026-09-08,relation,SCE-PN,SOUTHERN CALIFORNIA EDISON CO,,SCEQ,SOUTHERN CALIFORNIA EDISON CO,base_only
2026-09-08,relation,SCEQ,SOUTHERN CALIFORNIA EDISON CO,,SCE-PG,SOUTHERN CALIFORNIA EDISON CO,base_only
2026-09-08,relation,SCEQ,SOUTHERN CALIFORNIA EDISON CO,,SCE-PL,SOUTHERN CALIFORNIA EDISON CO,base_only
2026-09-08,relation,SCEQ,SOUTHERN CALIFORNIA EDISON CO,,SCE-PN,SOUTHERN CALIFORNIA EDISON CO,base_only
2026-09-08,relation,SCHW,SCHWAB CHARLES CORP,,SCHW-PD,SCHWAB CHARLES CORP,base_only
2026-09-08,relation,SCHW,SCHWAB CHARLES CORP,,SCHW-PJ,SCHWAB CHARLES CORP,base_only
2026-09-08,relation,SCHW-PD,SCHWAB CHARLES CORP,,SCHW,SCHWAB CHARLES CORP,base_only
2026-09-08,relation,SCHW-PJ,SCHWAB CHARLES CORP,,SCHW,SCHWAB CHARLES CORP,base_only
2026-09-08,relation,SEAL-PA,TEEKAY LNG PARTNERS LP,,TGP,TEEKAY LNG PARTNERS LP,base_only
2026-09-08,relation,SEAL-PB,TEEKAY LNG PARTNERS LP,,TGP,TEEKAY LNG PARTNERS LP,base_only
2026-09-08,relation,SENEA,SENECA FOODS CORP,,SENEB,SENECA FOODS CORP,base_only
2026-09-08,relation,SENEB,SENECA FOODS CORP,,SENEA,SENECA FOODS CORP,base_only
2026-09-08,relation,SF,STIFEL FINANCIAL CORP,,SF-PB,STIFEL FINANCIAL CORP,base_only
2026-09-08,relation,SF,STIFEL FINANCIAL CORP,,SF-PC,STIFEL FINANCIAL CORP,base_only
2026-09-08,relation,SF,STIFEL FINANCIAL CORP,,SF-PD,STIFEL FINANCIAL CORP,base_only
2026-09-08,relation,SF,STIFEL FINANCIAL CORP,,SFB,STIFEL FINANCIAL CORP,base_only
2026-09-08,relation,SF-PB,STIFEL FINANCIAL CORP,,SF,STIFEL FINANCIAL CORP,base_only
2026-09-08,relation,SF-PC,STIFEL FINANCIAL CORP,,SF,STIFEL FINANCIAL CORP,base_only
2026-09-08,relation,SF-PD,STIFEL FINANCIAL CORP,,SF,STIFEL FINANCIAL CORP,base_only
2026-09-08,relation,SFB,STIFEL FINANCIAL CORP,,SF,STIFEL FINANCIAL CORP,base_only
2026-09-08,relation,SHO,SUNSTONE HOTEL INVESTORS INC,,SHO-PH,SUNSTONE HOTEL INVESTORS INC,base_only
2026-09-08,relation,SHO,SUNSTONE HOTEL INVESTORS INC,,SHO-PI,SUNSTONE HOTEL INVESTORS INC,base_only
2026-09-08,relation,SHO-PH,SUNSTONE HOTEL INVESTORS INC,,SHO,SUNSTONE HOTEL INVESTORS INC,base_only
2026-09-08,relation,SHO-PI,SUNSTONE HOTEL INVESTORS INC,,SHO,SUNSTONE HOTEL INVESTORS INC,base_only
2026-09-08,relation,SHOT,RMG ML SPORTS HOLDINGS,,SHOTU,RMG ML SPORTS HOLDINGS,base_only
2026-09-08,relation,SHOTU,RMG ML SPORTS HOLDINGS,,SHOT,RMG ML SPORTS HOLDINGS,base_only
2026-09-08,relation,SIGI,SELECTIVE INSURANCE GROUP INC,,SIGIP,SELECTIVE INSURANCE GROUP INC,base_only
2026-09-08,relation,SIGIP,SELECTIVE INSURANCE GROUP INC,,SIGI,SELECTIVE INSURANCE GROUP INC,base_only
2026-09-08,relation,SLG,SL GREEN REALTY CORP,,SLG-PI,SL GREEN REALTY CORP,base_only
2026-09-08,relation,SLG-PI,SL GREEN REALTY CORP,,SLG,SL GREEN REALTY CORP,base_only
2026-09-08,relation,SLM,SLM CORP,,JSM,SLM CORP,base_only
2026-09-08,relation,SLM,SLM CORP,,SLMBP,SLM CORP,base_only
2026-09-08,relation,SLMBP,SLM CORP,,SLM,SLM CORP,base_only
2026-09-08,relation,SLNH,SOLUNA HOLDINGS INC,,SLNHP,SOLUNA HOLDINGS INC,base_only
2026-09-08,relation,SLNHP,SOLUNA HOLDINGS INC,,SLNH,SOLUNA HOLDINGS INC,base_only
2026-09-08,relation,SMCI,SUPER MICRO COMPUTER INC,,SMCIP,SUPER MICRO COMPUTER INC,base_only
2026-09-08,relation,SMCIP,SUPER MICRO COMPUTER INC,,SMCI,SUPER MICRO COMPUTER INC,base_only
2026-09-08,relation,SO,SOUTHERN CO,,SOJC,SOUTHERN CO,base_only
2026-09-08,relation,SO,SOUTHERN CO,,SOJD,SOUTHERN CO,base_only
2026-09-08,relation,SO,SOUTHERN CO,,SOJE,SOUTHERN CO,base_only
2026-09-08,relation,SO,SOUTHERN CO,,SOJF,SOUTHERN CO,base_only
2026-09-08,relation,SO,SOUTHERN CO,,SOMN,SOUTHERN CO,base_only
2026-09-08,relation,SOJC,SOUTHERN CO,,SO,SOUTHERN CO,base_only
2026-09-08,relation,SOJD,SOUTHERN CO,,SO,SOUTHERN CO,base_only
2026-09-08,relation,SOJE,SOUTHERN CO,,SO,SOUTHERN CO,base_only
2026-09-08,relation,SOJF,SOUTHERN CO,,SO,SOUTHERN CO,base_only
2026-09-08,relation,SOMN,SOUTHERN CO,,SO,SOUTHERN CO,base_only
2026-09-08,relation,SPE,SPECIAL OPPORTUNITIES FUND INC,,SPE-PC,SPECIAL OPPORTUNITIES FUND INC,base_only
2026-09-08,relation,SPE-PC,SPECIAL OPPORTUNITIES FUND INC,,SPE,SPECIAL OPPORTUNITIES FUND INC,base_only
2026-09-08,relation,SPG,SIMON PROPERTY GROUP INC,,SPG-PJ,SIMON PROPERTY GROUP INC,base_only
2026-09-08,relation,SPG-PJ,SIMON PROPERTY GROUP INC,,SPG,SIMON PROPERTY GROUP INC,base_only
2026-09-08,relation,SPIR,SPIRE GLOBAL INC,,SRJN,SPIRE GLOBAL INC,base_only
2026-09-08,relation,SPMA,SOUND POINT MERIDIAN CAPITAL INC,,SPMC,SOUND POINT MERIDIAN CAPITAL INC,base_only
2026-09-08,relation,SPMC,SOUND POINT MERIDIAN CAPITAL INC,,SPMA,SOUND POINT MERIDIAN CAPITAL INC,base_only
2026-09-08,relation,SPMC,SOUND POINT MERIDIAN CAPITAL INC,,SPME,SOUND POINT MERIDIAN CAPITAL INC,base_only
2026-09-08,relation,SPME,SOUND POINT MERIDIAN CAPITAL INC,,SPMC,SOUND POINT MERIDIAN CAPITAL INC,base_only
2026-09-08,relation,SQFT,PRESIDIO PROPERTY TRUST INC,,SQFTP,PRESIDIO PROPERTY TRUST INC,base_only
2026-09-08,relation,SQFTP,PRESIDIO PROPERTY TRUST INC,,SQFT,PRESIDIO PROPERTY TRUST INC,base_only
2026-09-08,relation,SRE,SEMPRA,,SREA,SEMPRA,base_only
2026-09-08,relation,SREA,SEMPRA,,SRE,SEMPRA,base_only
2026-09-08,relation,SRG,SERITAGE GROWTH PROPERTIES,,SRG-PA,SERITAGE GROWTH PROPERTIES,base_only
2026-09-08,relation,SRG-PA,SERITAGE GROWTH PROPERTIES,,SRG,SERITAGE GROWTH PROPERTIES,base_only
2026-09-08,relation,SRJN,SPIRE GLOBAL INC,,SPIR,SPIRE GLOBAL INC,base_only
2026-09-08,relation,STRC,STRATEGY INC,,MSTR,STRATEGY INC,base_only
2026-09-08,relation,STRD,STRATEGY INC,,MSTR,STRATEGY INC,base_only
2026-09-08,relation,STRF,STRATEGY INC,,MSTR,STRATEGY INC,base_only
2026-09-08,relation,STRK,STRATEGY INC,,MSTR,STRATEGY INC,base_only
2026-09-08,relation,STRR,STAR EQUITY HOLDINGS INC,,STRRP,STAR EQUITY HOLDINGS INC,base_only
2026-09-08,relation,STRRP,STAR EQUITY HOLDINGS INC,,STRR,STAR EQUITY HOLDINGS INC,base_only
2026-09-08,relation,STT,STATE STREET CORP,,STT-PG,STATE STREET CORP,base_only
2026-09-08,relation,STT-PG,STATE STREET CORP,,STT,STATE STREET CORP,base_only
2026-09-08,relation,SWKH,SWK HOLDINGS CORP,,SWKHL,SWK HOLDINGS CORP,base_only
2026-09-08,relation,SWKHL,SWK HOLDINGS CORP,,SWKH,SWK HOLDINGS CORP,base_only
2026-09-08,relation,SYF,SYNCHRONY FINANCIAL,,SYF-PA,SYNCHRONY FINANCIAL,base_only
2026-09-08,relation,SYF,SYNCHRONY FINANCIAL,,SYF-PB,SYNCHRONY FINANCIAL,base_only
2026-09-08,relation,SYF-PA,SYNCHRONY FINANCIAL,,SYF,SYNCHRONY FINANCIAL,base_only
2026-09-08,relation,SYF-PB,SYNCHRONY FINANCIAL,,SYF,SYNCHRONY FINANCIAL,base_only
2026-09-08,relation,T,AT&T INC,,T-PA,AT&T INC,base_only
2026-09-08,relation,T,AT&T INC,,T-PC,AT&T INC,base_only
2026-09-08,relation,T,AT&T INC,,TBB,AT&T INC,base_only
2026-09-08,relation,T-PA,AT&T INC,,T,AT&T INC,base_only
2026-09-08,relation,T-PC,AT&T INC,,T,AT&T INC,base_only
2026-09-08,relation,TAGS,TEUCRIUM COMMODITY TRUST,,BTCK,TEUCRIUM COMMODITY TRUST,base_only
2026-09-08,relation,TAP,MOLSON COORS BEVERAGE CO,,TAP.A,MOLSON COORS BEVERAGE CO,base_only
2026-09-08,relation,TAP.A,MOLSON COORS BEVERAGE CO,,TAP,MOLSON COORS BEVERAGE CO,base_only
2026-09-08,relation,TAVI,TAVIA ACQUISITION CORP,,TAVIU,TAVIA ACQUISITION CORP,base_only
2026-09-08,relation,TAVIU,TAVIA ACQUISITION CORP,,TAVI,TAVIA ACQUISITION CORP,base_only
2026-09-08,relation,TBB,AT&T INC,,T,AT&T INC,base_only
2026-09-08,relation,TCBI,TEXAS CAPITAL BANCSHARES INC,,TCBIO,TEXAS CAPITAL BANCSHARES INC,base_only
2026-09-08,relation,TCBIO,TEXAS CAPITAL BANCSHARES INC,,TCBI,TEXAS CAPITAL BANCSHARES INC,base_only
2026-09-08,relation,TCPA,TC ENERGY CORP,,TRP,TC ENERGY CORP,base_only
2026-09-08,relation,TDS,TELEPHONE & DATA SYSTEMS INC,,TDS-PU,TELEPHONE & DATA SYSTEMS INC,base_only
2026-09-08,relation,TDS,TELEPHONE & DATA SYSTEMS INC,,TDS-PV,TELEPHONE & DATA SYSTEMS INC,base_only
2026-09-08,relation,TDS-PU,TELEPHONE & DATA SYSTEMS INC,,TDS,TELEPHONE & DATA SYSTEMS INC,base_only
2026-09-08,relation,TDS-PV,TELEPHONE & DATA SYSTEMS INC,,TDS,TELEPHONE & DATA SYSTEMS INC,base_only
2026-09-08,relation,TEN,TSAKOS ENERGY NAVIGATION LTD,,TEN-PE,TSAKOS ENERGY NAVIGATION LTD,base_only
2026-09-08,relation,TEN,TSAKOS ENERGY NAVIGATION LTD,,TEN-PF,TSAKOS ENERGY NAVIGATION LTD,base_only
2026-09-08,relation,TEN-PE,TSAKOS ENERGY NAVIGATION LTD,,TEN,TSAKOS ENERGY NAVIGATION LTD,base_only
2026-09-08,relation,TEN-PF,TSAKOS ENERGY NAVIGATION LTD,,TEN,TSAKOS ENERGY NAVIGATION LTD,base_only
2026-09-08,relation,TFC,TRUIST FINANCIAL CORP,,TFC-PI,TRUIST FINANCIAL CORP,base_only
2026-09-08,relation,TFC,TRUIST FINANCIAL CORP,,TFC-PO,TRUIST FINANCIAL CORP,base_only
2026-09-08,relation,TFC,TRUIST FINANCIAL CORP,,TFC-PR,TRUIST FINANCIAL CORP,base_only
2026-09-08,relation,TFC-PI,TRUIST FINANCIAL CORP,,TFC,TRUIST FINANCIAL CORP,base_only
2026-09-08,relation,TFC-PO,TRUIST FINANCIAL CORP,,TFC,TRUIST FINANCIAL CORP,base_only
2026-09-08,relation,TFC-PR,TRUIST FINANCIAL CORP,,TFC,TRUIST FINANCIAL CORP,base_only
2026-09-08,relation,TFIN,TRIUMPH FINANCIAL INC,,TFIN-P,TRIUMPH FINANCIAL INC,base_only
2026-09-08,relation,TFIN-P,TRIUMPH FINANCIAL INC,,TFIN,TRIUMPH FINANCIAL INC,base_only
2026-09-08,relation,TGP,TEEKAY LNG PARTNERS LP,,SEAL-PA,TEEKAY LNG PARTNERS LP,base_only
2026-09-08,relation,TGP,TEEKAY LNG PARTNERS LP,,SEAL-PB,TEEKAY LNG PARTNERS LP,base_only
2026-09-08,relation,TLNC,TALON CAPITAL CORP,,TLNCU,TALON CAPITAL CORP,base_only
2026-09-08,relation,TLNCU,TALON CAPITAL CORP,,TLNC,TALON CAPITAL CORP,base_only
2026-09-08,relation,TMUS,T-MOBILE US INC,,TMUSI,T-MOBILE US INC,base_only
2026-09-08,relation,TMUS,T-MOBILE US INC,,TMUSL,T-MOBILE US INC,base_only
2026-09-08,relation,TMUS,T-MOBILE US INC,,TMUSZ,T-MOBILE US INC,base_only
2026-09-08,relation,TMUSI,T-MOBILE US INC,,TMUS,T-MOBILE US INC,base_only
2026-09-08,relation,TMUSL,T-MOBILE US INC,,TMUS,T-MOBILE US INC,base_only
2026-09-08,relation,TMUSZ,T-MOBILE US INC,,TMUS,T-MOBILE US INC,base_only
2026-09-08,relation,TPG,TPG INC,,TPGXL,TPG INC,base_only
2026-09-08,relation,TPGXL,TPG INC,,TPG,TPG INC,base_only
2026-09-08,relation,TRIN,TRINITY CAPITAL INC,,TRNI,TRINITY CAPITAL INC,base_only
2026-09-08,relation,TRIN,TRINITY CAPITAL INC,,TRNZ,TRINITY CAPITAL INC,base_only
2026-09-08,relation,TRNI,TRINITY CAPITAL INC,,TRIN,TRINITY CAPITAL INC,base_only
2026-09-08,relation,TRNZ,TRINITY CAPITAL INC,,TRIN,TRINITY CAPITAL INC,base_only
2026-09-08,relation,TRP,TC ENERGY CORP,,TCPA,TC ENERGY CORP,base_only
2026-09-08,relation,TRTN,TRITON INTERNATIONAL LTD,,TRTN-PA,TRITON INTERNATIONAL LTD,base_only
2026-09-08,relation,TRTN,TRITON INTERNATIONAL LTD,,TRTN-PB,TRITON INTERNATIONAL LTD,base_only
2026-09-08,relation,TRTN,TRITON INTERNATIONAL LTD,,TRTN-PC,TRITON INTERNATIONAL LTD,base_only
2026-09-08,relation,TRTN,TRITON INTERNATIONAL LTD,,TRTN-PD,TRITON INTERNATIONAL LTD,base_only
2026-09-08,relation,TRTN,TRITON INTERNATIONAL LTD,,TRTN-PE,TRITON INTERNATIONAL LTD,base_only
2026-09-08,relation,TRTN,TRITON INTERNATIONAL LTD,,TRTN-PF,TRITON INTERNATIONAL LTD,base_only
2026-09-08,relation,TRTN,TRITON INTERNATIONAL LTD,,TRTN-PG,TRITON INTERNATIONAL LTD,base_only
2026-09-08,relation,TRTN-PA,TRITON INTERNATIONAL LTD,,TRTN,TRITON INTERNATIONAL LTD,base_only
2026-09-08,relation,TRTN-PB,TRITON INTERNATIONAL LTD,,TRTN,TRITON INTERNATIONAL LTD,base_only
2026-09-08,relation,TRTN-PC,TRITON INTERNATIONAL LTD,,TRTN,TRITON INTERNATIONAL LTD,base_only
2026-09-08,relation,TRTN-PD,TRITON INTERNATIONAL LTD,,TRTN,TRITON INTERNATIONAL LTD,base_only
2026-09-08,relation,TRTN-PE,TRITON INTERNATIONAL LTD,,TRTN,TRITON INTERNATIONAL LTD,base_only
2026-09-08,relation,TRTN-PF,TRITON INTERNATIONAL LTD,,TRTN,TRITON INTERNATIONAL LTD,base_only
2026-09-08,relation,TRTN-PG,TRITON INTERNATIONAL LTD,,TRTN,TRITON INTERNATIONAL LTD,base_only
2026-09-08,relation,TRTX,TPG RE FINANCE TRUST INC,,TRTX-PC,TPG RE FINANCE TRUST INC,base_only
2026-09-08,relation,TRTX-PC,TPG RE FINANCE TRUST INC,,TRTX,TPG RE FINANCE TRUST INC,base_only
2026-09-08,relation,TVA,TEXAS VENTURES ACQUISITION III CORP,,TVACU,TEXAS VENTURES ACQUISITION III CORP,base_only
2026-09-08,relation,TVACU,TEXAS VENTURES ACQUISITION III CORP,,TVA,TEXAS VENTURES ACQUISITION III CORP,base_only
2026-09-08,relation,TVC,TENNESSEE VALLEY AUTHORITY,,TVE,TENNESSEE VALLEY AUTHORITY,base_only
2026-09-08,relation,TVE,TENNESSEE VALLEY AUTHORITY,,TVC,TENNESSEE VALLEY AUTHORITY,base_only
2026-09-08,relation,TWO,TWO HARBORS INVESTMENT CORP,,TWO-PA,TWO HARBORS INVESTMENT CORP,base_only
2026-09-08,relation,TWO,TWO HARBORS INVESTMENT CORP,,TWO-PB,TWO HARBORS INVESTMENT CORP,base_only
2026-09-08,relation,TWO,TWO HARBORS INVESTMENT CORP,,TWO-PC,TWO HARBORS INVESTMENT CORP,base_only
2026-09-08,relation,TWO,TWO HARBORS INVESTMENT CORP,,TWOD,TWO HARBORS INVESTMENT CORP,base_only
2026-09-08,relation,TWO-PA,TWO HARBORS INVESTMENT CORP,,TWO,TWO HARBORS INVESTMENT CORP,base_only
2026-09-08,relation,TWO-PB,TWO HARBORS INVESTMENT CORP,,TWO,TWO HARBORS INVESTMENT CORP,base_only
2026-09-08,relation,TWO-PC,TWO HARBORS INVESTMENT CORP,,TWO,TWO HARBORS INVESTMENT CORP,base_only
2026-09-08,relation,TWOD,TWO HARBORS INVESTMENT CORP,,TWO,TWO HARBORS INVESTMENT CORP,base_only
2026-09-08,relation,TY,TRI-CONTINENTAL CORP,,TY-P,TRI-CONTINENTAL CORP,base_only
2026-09-08,relation,TY-P,TRI-CONTINENTAL CORP,,TY,TRI-CONTINENTAL CORP,base_only
2026-09-08,relation,UA,UNDER ARMOUR INC,,UAA,UNDER ARMOUR INC,base_only
2026-09-08,relation,UAA,UNDER ARMOUR INC,,UA,UNDER ARMOUR INC,base_only
2026-09-08,relation,UHAL,U-HAUL HOLDING CO,,UHAL.B,U-HAUL HOLDING CO,base_only
2026-09-08,relation,UHAL.B,U-HAUL HOLDING CO,,UHAL,U-HAUL HOLDING CO,base_only
2026-09-08,relation,UMBF,UMB FINANCIAL CORP,,UMBFO,UMB FINANCIAL CORP,base_only
2026-09-08,relation,UMBFO,UMB FINANCIAL CORP,,UMBF,UMB FINANCIAL CORP,base_only
2026-09-08,relation,UMH,UMH PROPERTIES INC,,UMH-PD,UMH PROPERTIES INC,base_only
2026-09-08,relation,UMH-PD,UMH PROPERTIES INC,,UMH,UMH PROPERTIES INC,base_only
2026-09-08,relation,UNM,UNUM GROUP,,UNMA,UNUM GROUP,base_only
2026-09-08,relation,UNMA,UNUM GROUP,,UNM,UNUM GROUP,base_only
2026-09-08,relation,UONE,URBAN ONE INC,,UONEK,URBAN ONE INC,base_only
2026-09-08,relation,UONEK,URBAN ONE INC,,UONE,URBAN ONE INC,base_only
2026-09-08,relation,USB,US BANCORP,,USB-PA,US BANCORP,base_only
2026-09-08,relation,USB,US BANCORP,,USB-PH,US BANCORP,base_only
2026-09-08,relation,USB,US BANCORP,,USB-PP,US BANCORP,base_only
2026-09-08,relation,USB,US BANCORP,,USB-PQ,US BANCORP,base_only
2026-09-08,relation,USB,US BANCORP,,USB-PR,US BANCORP,base_only
2026-09-08,relation,USB,US BANCORP,,USB-PS,US BANCORP,base_only
2026-09-08,relation,USB-PA,US BANCORP,,USB,US BANCORP,base_only
2026-09-08,relation,USB-PH,US BANCORP,,USB,US BANCORP,base_only
2026-09-08,relation,USB-PP,US BANCORP,,USB,US BANCORP,base_only
2026-09-08,relation,USB-PQ,US BANCORP,,USB,US BANCORP,base_only
2026-09-08,relation,USB-PR,US BANCORP,,USB,US BANCORP,base_only
2026-09-08,relation,USB-PS,US BANCORP,,USB,US BANCORP,base_only
2026-09-08,relation,UZD,ARRAY DIGITAL INFRASTRUCTURE INC,,AD,ARRAY DIGITAL INFRASTRUCTURE INC,base_only
2026-09-08,relation,UZE,ARRAY DIGITAL INFRASTRUCTURE INC,,AD,ARRAY DIGITAL INFRASTRUCTURE INC,base_only
2026-09-08,relation,UZF,ARRAY DIGITAL INFRASTRUCTURE INC,,AD,ARRAY DIGITAL INFRASTRUCTURE INC,base_only
2026-09-08,relation,VIP,VULCAN INFRASTRUCTURE & POWER INC,,GREEL,VULCAN INFRASTRUCTURE & POWER INC,base_only
2026-09-08,relation,VLY,VALLEY NATIONAL BANCORP,,VLYPN,VALLEY NATIONAL BANCORP,base_only
2026-09-08,relation,VLY,VALLEY NATIONAL BANCORP,,VLYPO,VALLEY NATIONAL BANCORP,base_only
2026-09-08,relation,VLY,VALLEY NATIONAL BANCORP,,VLYPP,VALLEY NATIONAL BANCORP,base_only
2026-09-08,relation,VLYPN,VALLEY NATIONAL BANCORP,,VLY,VALLEY NATIONAL BANCORP,base_only
2026-09-08,relation,VLYPO,VALLEY NATIONAL BANCORP,,VLY,VALLEY NATIONAL BANCORP,base_only
2026-09-08,relation,VLYPP,VALLEY NATIONAL BANCORP,,VLY,VALLEY NATIONAL BANCORP,base_only
2026-09-08,relation,VNO,VORNADO REALTY TRUST,,VNO-PL,VORNADO REALTY TRUST,base_only
2026-09-08,relation,VNO,VORNADO REALTY TRUST,,VNO-PM,VORNADO REALTY TRUST,base_only
2026-09-08,relation,VNO,VORNADO REALTY TRUST,,VNO-PN,VORNADO REALTY TRUST,base_only
2026-09-08,relation,VNO,VORNADO REALTY TRUST,,VNO-PO,VORNADO REALTY TRUST,base_only
2026-09-08,relation,VNO-PL,VORNADO REALTY TRUST,,VNO,VORNADO REALTY TRUST,base_only
2026-09-08,relation,VNO-PM,VORNADO REALTY TRUST,,VNO,VORNADO REALTY TRUST,base_only
2026-09-08,relation,VNO-PN,VORNADO REALTY TRUST,,VNO,VORNADO REALTY TRUST,base_only
2026-09-08,relation,VNO-PO,VORNADO REALTY TRUST,,VNO,VORNADO REALTY TRUST,base_only
2026-09-08,relation,VOYA,VOYA FINANCIAL INC,,VOYA-PB,VOYA FINANCIAL INC,base_only
2026-09-08,relation,VOYA-PB,VOYA FINANCIAL INC,,VOYA,VOYA FINANCIAL INC,base_only
2026-09-08,relation,VSEC,VSE CORP,,VSECU,VSE CORP,base_only
2026-09-08,relation,VSECU,VSE CORP,,VSEC,VSE CORP,base_only
2026-09-08,relation,WAFD,WAFD INC,,WAFDP,WAFD INC,base_only
2026-09-08,relation,WAFDP,WAFD INC,,WAFD,WAFD INC,base_only
2026-09-08,relation,WAL,WESTERN ALLIANCE BANCORPORATION,,WAL-PA,WESTERN ALLIANCE BANCORPORATION,base_only
2026-09-08,relation,WAL-PA,WESTERN ALLIANCE BANCORPORATION,,WAL,WESTERN ALLIANCE BANCORPORATION,base_only
2026-09-08,relation,WFC,WELLS FARGO & COMPANY,,WFC-PA,WELLS FARGO & COMPANY,base_only
2026-09-08,relation,WFC,WELLS FARGO & COMPANY,,WFC-PC,WELLS FARGO & COMPANY,base_only
2026-09-08,relation,WFC,WELLS FARGO & COMPANY,,WFC-PD,WELLS FARGO & COMPANY,base_only
2026-09-08,relation,WFC,WELLS FARGO & COMPANY,,WFC-PL,WELLS FARGO & COMPANY,base_only
2026-09-08,relation,WFC,WELLS FARGO & COMPANY,,WFC-PY,WELLS FARGO & COMPANY,base_only
2026-09-08,relation,WFC,WELLS FARGO & COMPANY,,WFC-PZ,WELLS FARGO & COMPANY,base_only
2026-09-08,relation,WFC-PA,WELLS FARGO & COMPANY,,WFC,WELLS FARGO & COMPANY,base_only
2026-09-08,relation,WFC-PC,WELLS FARGO & COMPANY,,WFC,WELLS FARGO & COMPANY,base_only
2026-09-08,relation,WFC-PD,WELLS FARGO & COMPANY,,WFC,WELLS FARGO & COMPANY,base_only
2026-09-08,relation,WFC-PL,WELLS FARGO & COMPANY,,WFC,WELLS FARGO & COMPANY,base_only
2026-09-08,relation,WFC-PY,WELLS FARGO & COMPANY,,WFC,WELLS FARGO & COMPANY,base_only
2026-09-08,relation,WFC-PZ,WELLS FARGO & COMPANY,,WFC,WELLS FARGO & COMPANY,base_only
2026-09-08,relation,WHF,WHITEHORSE FINANCE INC,,WHFCL,WHITEHORSE FINANCE INC,base_only
2026-09-08,relation,WHFCL,WHITEHORSE FINANCE INC,,WHF,WHITEHORSE FINANCE INC,base_only
2026-09-08,relation,WHR,WHIRLPOOL CORP,,WHR-PA,WHIRLPOOL CORP,base_only
2026-09-08,relation,WHR-PA,WHIRLPOOL CORP,,WHR,WHIRLPOOL CORP,base_only
2026-09-08,relation,WLCO,WILCO 63 CORP,,WLCOU,WILCO 63 CORP,base_only
2026-09-08,relation,WLCOU,WILCO 63 CORP,,WLCO,WILCO 63 CORP,base_only
2026-09-08,relation,WLY,JOHN WILEY & SONS INC,,WLYB,JOHN WILEY & SONS INC,base_only
2026-09-08,relation,WLYB,JOHN WILEY & SONS INC,,WLY,JOHN WILEY & SONS INC,base_only
2026-09-08,relation,WRB,BERKLEY W R CORP,,WRB-PE,BERKLEY W R CORP,base_only
2026-09-08,relation,WRB,BERKLEY W R CORP,,WRB-PF,BERKLEY W R CORP,base_only
2026-09-08,relation,WRB,BERKLEY W R CORP,,WRB-PG,BERKLEY W R CORP,base_only
2026-09-08,relation,WRB,BERKLEY W R CORP,,WRB-PH,BERKLEY W R CORP,base_only
2026-09-08,relation,WRB-PE,BERKLEY W R CORP,,WRB,BERKLEY W R CORP,base_only
2026-09-08,relation,WRB-PF,BERKLEY W R CORP,,WRB,BERKLEY W R CORP,base_only
2026-09-08,relation,WRB-PG,BERKLEY W R CORP,,WRB,BERKLEY W R CORP,base_only
2026-09-08,relation,WRB-PH,BERKLEY W R CORP,,WRB,BERKLEY W R CORP,base_only
2026-09-08,relation,WSBC,WESBANCO INC,,WSBCO,WESBANCO INC,base_only
2026-09-08,relation,WSBCO,WESBANCO INC,,WSBC,WESBANCO INC,base_only
2026-09-08,relation,WSO,WATSCO INC,,WSO.B,WATSCO INC,base_only
2026-09-08,relation,WSO.B,WATSCO INC,,WSO,WATSCO INC,base_only
2026-09-08,relation,WTFC,WINTRUST FINANCIAL CORP,,WTFCN,WINTRUST FINANCIAL CORP,base_only
2026-09-08,relation,WTFCN,WINTRUST FINANCIAL CORP,,WTFC,WINTRUST FINANCIAL CORP,base_only
2026-09-08,relation,WVVI,WILLAMETTE VALLEY VINEYARDS INC,,WVVIP,WILLAMETTE VALLEY VINEYARDS INC,base_only
2026-09-08,relation,WVVIP,WILLAMETTE VALLEY VINEYARDS INC,,WVVI,WILLAMETTE VALLEY VINEYARDS INC,base_only
2026-09-08,relation,XEL,XCEL ENERGY INC,,XELLL,XCEL ENERGY INC,base_only
2026-09-08,relation,XELLL,XCEL ENERGY INC,,XEL,XCEL ENERGY INC,base_only
2026-09-08,relation,XFLH,XFLH CAPITAL CORP,,XFLH.U,XFLH CAPITAL CORP,base_only
2026-09-08,relation,XFLH.U,XFLH CAPITAL CORP,,XFLH,XFLH CAPITAL CORP,base_only
2026-09-08,relation,XRN,CHIRON REAL ESTATE INC,,XRN-PA,CHIRON REAL ESTATE INC,base_only
2026-09-08,relation,XRN,CHIRON REAL ESTATE INC,,XRN-PB,CHIRON REAL ESTATE INC,base_only
2026-09-08,relation,XRN-PA,CHIRON REAL ESTATE INC,,XRN,CHIRON REAL ESTATE INC,base_only
2026-09-08,relation,XRN-PB,CHIRON REAL ESTATE INC,,XRN,CHIRON REAL ESTATE INC,base_only
2026-09-08,relation,XTER,KARMAN LINE ACQUISITION CORP,,XTERU,KARMAN LINE ACQUISITION CORP,base_only
2026-09-08,relation,XTERU,KARMAN LINE ACQUISITION CORP,,XTER,KARMAN LINE ACQUISITION CORP,base_only
2026-09-08,relation,Z,ZILLOW GROUP INC,,ZG,ZILLOW GROUP INC,base_only
2026-09-08,relation,ZG,ZILLOW GROUP INC,,Z,ZILLOW GROUP INC,base_only
2026-09-08,relation,ZION,ZIONS BANCORPORATION NATIONAL ASSOCIATION,,ZIONP,ZIONS BANCORPORATION NATIONAL ASSOCIATION,base_only
2026-09-08,relation,ZIONP,ZIONS BANCORPORATION NATIONAL ASSOCIATION,,ZION,ZIONS BANCORPORATION NATIONAL ASSOCIATION,base_only
2026-09-08,split,MGN,MEGAN HOLDINGS LTD,0.025,N/A,N/A,base_only
2026-09-09,split,CYCN,CYCLERION THERAPEUTICS INC,0.14286,N/A,N/A,base_only
2026-09-09,split,IONZ,DEFIANCE DAILY TARGET 2X SHORT IONQ ETF,0.2,N/A,N/A,base_only
2026-09-01,listed,TLAC,THREE LIONS ACQUISITION CORP,138.6,TLACU,N/A,pull_only
2026-09-01,tickerchangefrom,AGGM,ISHARES 1-10 YEAR US AGGREGATE BOND ETF,,GBF,N/A,pull_only
2026-09-01,tickerchangeto,AGGM,ISHARES 1-10 YEAR US AGGREGATE BOND ETF,,AGGM,N/A,pull_only
2026-09-02,acquisitioncash,APGE,APOGEE THERAPEUTICS INC,135.11,ABBV,ABBVIE INC,pull_only
2026-09-02,listed,GIXI,GIX INTERNET LTD,29.9,GIXI,N/A,pull_only
2026-09-02,split,BURU,NUBURU INC,0.025,N/A,N/A,pull_only
2026-09-02,tickerchangefrom,YFOR,YYFORCE INC,,YYGH,N/A,pull_only
2026-09-02,tickerchangeto,YFOR,YYFORCE INC,,YFOR,N/A,pull_only
2026-09-03,acquisitionby,LPSN,LIVEPERSON INC,38.2,SOUN,SOUNDHOUND AI INC,pull_only
2026-09-03,acquisitionof,SOUN,SOUNDHOUND AI INC,38.2,LPSN,LIVEPERSON INC,pull_only
2026-09-03,acquisitionstock,LPSN,LIVEPERSON INC,0.4673,SOUN,SOUNDHOUND AI INC,pull_only
2026-09-03,delisted,JFB,JFB CONSTRUCTION HOLDINGS,100,N/A,N/A,pull_only
2026-09-03,delisted,LPSN,LIVEPERSON INC,38.2,N/A,N/A,pull_only
2026-09-03,listed,PJSM,PGIM JENNISON SMALL-MID CAP CORE EQUITY ETF,,PJSM,N/A,pull_only
2026-09-03,listed,TRBG,TURBOGEN LTD,301.4,TURGF,N/A,pull_only
2026-09-03,mergerfrom,XTND,XTEND AI ROBOTICS INC,100,JFB,JFB CONSTRUCTION HOLDINGS,pull_only
2026-09-03,mergerto,JFB,JFB CONSTRUCTION HOLDINGS,100,XTND,XTEND AI ROBOTICS INC,pull_only
2026-09-04,dividend,ABND,AMERICAN CENTURY CORE PLUS INCOME ETF,0.1647,N/A,N/A,pull_only
2026-09-04,listed,PJIN,PGIM JENNISON INTERNATIONAL CORE EQUITY ETF,,PJIN,N/A,pull_only
2026-09-04,listed,XTND,XTEND AI ROBOTICS INC,1694.3,XTND,N/A,pull_only
2026-09-08,delisted,BTAIQ,BIOXCEL THERAPEUTICS INC,1.3,N/A,N/A,pull_only
2026-09-08,dividend,BCCC,GLOBAL X BITCOIN COVERED CALL ETF,0.0772,N/A,N/A,pull_only
2026-09-08,dividend,BNDC,NORTHERN TRUST CORE BOND ETF,0.0782,N/A,N/A,pull_only
2026-09-08,dividend,HOOW,ROUNDHILL HOOD WEEKLYPAY ETF,0.27512,N/A,N/A,pull_only
2026-09-08,dividend,PLTW,ROUNDHILL PLTR WEEKLYPAY ETF,0.3187,N/A,N/A,pull_only
2026-09-08,dividend,SATA,STRIVE INC,0.0516,N/A,N/A,pull_only
2026-09-08,dividend,TSLW,ROUNDHILL TSLA WEEKLYPAY ETF,0.10978,N/A,N/A,pull_only
2026-09-08,dividend,UNHW,ROUNDHILL UNH WEEKLYPAYTM ETF,0.30731,N/A,N/A,pull_only
2026-09-08,listed,AMACU,AMR RESOURCES ACQUISITION CORP,,AMACU,N/A,pull_only
2026-09-08,listed,AUXX,GOLD X2 MINING INC,620.2,GSHRF,N/A,pull_only
2026-09-08,listed,CHAD,DEFI DEVELOPMENT CORP,,CHAD,N/A,pull_only
2026-09-08,regulatorydelisting,BTAIQ,BIOXCEL THERAPEUTICS INC,1.3,N/A,N/A,pull_only
2026-09-08,spacunitseparation,AMAC,AMR RESOURCES ACQUISITION CORP,,AMACU,N/A,pull_only
2026-09-08,split,IGR,CBRE GLOBAL REAL ESTATE INCOME FUND,0.33333,N/A,N/A,pull_only
2026-09-08,tickerchangefrom,AMAC,AMR RESOURCES ACQUISITION CORP,,AMACU,N/A,pull_only
2026-09-08,tickerchangefrom,AUXX,GOLD X2 MINING INC,,GSHRF,N/A,pull_only
2026-09-08,tickerchangefrom,BTAIQ,BIOXCEL THERAPEUTICS INC,,BTAI,N/A,pull_only
2026-09-08,tickerchangeto,AMAC,AMR RESOURCES ACQUISITION CORP,,AMAC,N/A,pull_only
2026-09-08,tickerchangeto,AUXX,GOLD X2 MINING INC,,AUXX,N/A,pull_only
2026-09-08,tickerchangeto,BTAIQ,BIOXCEL THERAPEUTICS INC,,BTAIQ,N/A,pull_only
2026-09-09,dividend,ABI,VICTORYSHARES PIONEER ASSET-BASED INCOME ETF,0.12554,N/A,N/A,pull_only
2026-09-09,dividend,AHD,GRANITESHARES AUTOCALLABLE HOOD ETF,0.72009,N/A,N/A,pull_only
2026-09-09,dividend,AIPI,REX AI EQUITY PREMIUM INCOME ETF,0.2486,N/A,N/A,pull_only
2026-09-09,dividend,ANV,GRANITESHARES AUTOCALLABLE NVDA ETF,0.29683,N/A,N/A,pull_only
2026-09-09,dividend,ATAI,ATAIBECKLEY INC,6.75,N/A,N/A,pull_only
2026-09-09,dividend,ATC,GRANITESHARES AUTOCALLABLE COIN ETF,0.74901,N/A,N/A,pull_only
2026-09-09,dividend,AVT,AVNET INC,0.37,N/A,N/A,pull_only
2026-09-09,dividend,BDX,BECTON DICKINSON & CO,1.05,N/A,N/A,pull_only
2026-09-09,dividend,BNDI,NEOS ENHANCED INCOME AGGREGATE BOND ETF,0.2219,N/A,N/A,pull_only
2026-09-09,dividend,BRW,SABA CAPITAL INCOME & OPPORTUNITIES FUND,0.085,N/A,N/A,pull_only
2026-09-09,dividend,CDC,VICTORYSHARES US EQ INCOME ENHANCED VOLATILITY WTD ETF,0.26897,N/A,N/A,pull_only
2026-09-09,dividend,CDL,VICTORYSHARES US LARGE CAP HIGH DIV VOLATILITY WTD ETF,0.27855,N/A,N/A,pull_only
2026-09-09,dividend,CEPI,REX CRYPTO EQUITY PREMIUM INCOME ETF,0.2567,N/A,N/A,pull_only
2026-09-09,dividend,CFA,VICTORYSHARES US 500 VOLATILITY WTD ETF,0.16063,N/A,N/A,pull_only
2026-09-09,dividend,CFO,VICTORYSHARES US 500 ENHANCED VOLATILITY WTD ETF,0.12852,N/A,N/A,pull_only
2026-09-09,dividend,CHPY,YIELDMAX(R) SEMICONDUCTOR PORTFOLIO OPTION INCOME ETF,0.5165,N/A,N/A,pull_only
2026-09-09,dividend,CME,CME GROUP INC,1.3,N/A,N/A,pull_only
2026-09-09,dividend,CSB,VICTORYSHARES US SMALL CAP HIGH DIV VOLATILITY WTD ETF,0.28819,N/A,N/A,pull_only
2026-09-09,dividend,CSHI,NEOS ENHANCED INCOME 1-3 MONTH T-BILL ETF,0.2066,N/A,N/A,pull_only
2026-09-09,dividend,EG,EVEREST GROUP LTD,2,N/A,N/A,pull_only
2026-09-09,dividend,EHLD,EUROHOLDINGS LTD,0.14,N/A,N/A,pull_only
2026-09-09,dividend,EPC,EDGEWELL PERSONAL CARE CO,0.15,N/A,N/A,pull_only
2026-09-09,dividend,ESEA,EUROSEAS LTD,0.8,N/A,N/A,pull_only
2026-09-09,dividend,ETHB,ISHARES STAKED ETHEREUM TRUST ETF,0.03649,N/A,N/A,pull_only
2026-09-09,dividend,FEPI,REX FANG & INNOVATION EQUITY PREMIUM INCOME ETF,0.20627,N/A,N/A,pull_only
2026-09-09,dividend,GFLW,VICTORYSHARES FREE CASH FLOW GROWTH ETF,0.11291,N/A,N/A,pull_only
2026-09-09,dividend,GPTY,YIELDMAX(R) AI & TECH PORTFOLIO OPTION INCOME ETF,0.2888,N/A,N/A,pull_only
2026-09-09,dividend,GRIN,VICTORYSHARES INTERNATIONAL FREE CASH FLOW GROWTH ETF,0.00841,N/A,N/A,pull_only
2026-09-09,dividend,HPQ,HP INC,0.3,N/A,N/A,pull_only
2026-09-09,dividend,HYBI,NEOS ENHANCED INCOME CREDIT SELECT ETF,0.3277,N/A,N/A,pull_only
2026-09-09,dividend,IFLO,VICTORYSHARES INTERNATIONAL FREE CASH FLOW ETF,0.0793,N/A,N/A,pull_only
2026-09-09,dividend,KSS,KOHLS CORP,0.125,N/A,N/A,pull_only
2026-09-09,dividend,LFGY,YIELDMAX(R) CRYPTO INDUSTRY & TECH PORTFOLIO OPTION INCOME ETF,0.1817,N/A,N/A,pull_only
2026-09-09,dividend,MINY,YIELDMAX(R) STRATEGIC METALS & MINING PORTFOLIO OPTION INCOME ETF,0.2311,N/A,N/A,pull_only
2026-09-09,dividend,MODL,VICTORYSHARES WESTEND US SECTOR ETF,0.04754,N/A,N/A,pull_only
2026-09-09,dividend,MRA,GRANITESHARES AUTOCALLABLE MARA ETF,0.84927,N/A,N/A,pull_only
2026-09-09,dividend,MSR,GRANITESHARES AUTOCALLABLE MSTR ETF,0.55025,N/A,N/A,pull_only
2026-09-09,dividend,MSST,YIELDMAX(R) MSTR PERFORMANCE & DISTRIBUTION TARGET 25(TM) ETF,0.1464,N/A,N/A,pull_only
2026-09-09,dividend,MST,DEFIANCE LEVERAGED LONG + INCOME MSTR ETF,0.1069,N/A,N/A,pull_only
2026-09-09,dividend,NUKX,NICHOLAS NUCLEAR INCOME ETF,0.0851,N/A,N/A,pull_only
2026-09-09,dividend,NWS,NEWS CORP,0.1,N/A,N/A,pull_only
2026-09-09,dividend,NWSA,NEWS CORP,0.1,N/A,N/A,pull_only
2026-09-09,dividend,NYYY,XETFS NVDA DAILY INCOME ETF,0.1773,N/A,N/A,pull_only
2026-09-09,dividend,PEG,PUBLIC SERVICE ENTERPRISE GROUP INC,0.67,N/A,N/A,pull_only
2026-09-09,dividend,PLA,GRANITESHARES AUTOCALLABLE PLTR ETF,0.41852,N/A,N/A,pull_only
2026-09-09,dividend,QDTY,YIELDMAX(R) NASDAQ 100 0DTE COVERED CALL STRATEGY ETF,0.2153,N/A,N/A,pull_only
2026-09-09,dividend,QFIN,QFIN HOLDINGS INC,0.46,N/A,N/A,pull_only
2026-09-09,dividend,QLDY,DEFIANCE NASDAQ 100 LIGHTNINGSPREAD(TM) INCOME ETF,0.157,N/A,N/A,pull_only
2026-09-09,dividend,RDTY,YIELDMAX(R) R2000 0DTE COVERED CALL STRATEGY ETF,0.1998,N/A,N/A,pull_only
2026-09-09,dividend,RUSHA,RUSH ENTERPRISES INC,0.14,N/A,N/A,pull_only
2026-09-09,dividend,RUSHB,RUSH ENTERPRISES INC,0.14,N/A,N/A,pull_only
2026-09-09,dividend,SABA,SABA CAPITAL INCOME & OPPORTUNITIES FUND II,0.058,N/A,N/A,pull_only
2026-09-09,dividend,SATA,STRIVE INC,0.0516,N/A,N/A,pull_only
2026-09-09,dividend,SCA,GRANITESHARES AUTOCALLABLE SMCI ETF,0.79334,N/A,N/A,pull_only
2026-09-09,dividend,SDTY,YIELDMAX(R) S&P 500 0DTE COVERED CALL STRATEGY ETF,0.1647,N/A,N/A,pull_only
2026-09-09,dividend,SFL,SFL CORP LTD,0.22,N/A,N/A,pull_only
2026-09-09,dividend,SFLO,VICTORYSHARES SMALL CAP FREE CASH FLOW ETF,0.04976,N/A,N/A,pull_only
2026-09-09,dividend,SPG,SIMON PROPERTY GROUP INC,2.25,N/A,N/A,pull_only
2026-09-09,dividend,TFSL,TFS FINANCIAL CORP,0.3175,N/A,N/A,pull_only
2026-09-09,dividend,TLA,GRANITESHARES AUTOCALLABLE TSLA ETF,0.37841,N/A,N/A,pull_only
2026-09-09,dividend,TLTI,NEOS ENHANCED INCOME 20+ YEAR TREASURY BOND ETF,0.227,N/A,N/A,pull_only
2026-09-09,dividend,TOPW,ROUNDHILL TOP WEEKLYPAY ETF,0.24913,N/A,N/A,pull_only
2026-09-09,dividend,TPAY,ROUNDHILL S&P 500 TARGET 10 MANAGED DISTRIBUTION ETF,0.42175,N/A,N/A,pull_only
2026-09-09,dividend,TPFC,TIMOTHY PLAN FREE CASH FLOW ETF,0.02696,N/A,N/A,pull_only
2026-09-09,dividend,TPFI,TIMOTHY PLAN FIXED INCOME ETF,0.08642,N/A,N/A,pull_only
2026-09-09,dividend,TPHD,TIMOTHY PLAN HIGH DIVIDEND STOCK ETF,0.11532,N/A,N/A,pull_only
2026-09-09,dividend,TPIF,TIMOTHY PLAN INTERNATIONAL ETF,0.07411,N/A,N/A,pull_only
2026-09-09,dividend,TPLC,TIMOTHY PLAN US LARGE/MID CAP CORE ETF,0.0605,N/A,N/A,pull_only
2026-09-09,dividend,TPSC,TIMOTHY PLAN US SMALL CAP CORE ETF,0.09158,N/A,N/A,pull_only
2026-09-09,dividend,TSII,REX TSLA GROWTH & INCOME ETF,0.1326,N/A,N/A,pull_only
2026-09-09,dividend,TSYX,TSPY LIFT ETF,0.07003,N/A,N/A,pull_only
2026-09-09,dividend,TYYY,XETFS TSLA DAILY INCOME ETF,0.1428,N/A,N/A,pull_only
2026-09-09,dividend,UBND,VICTORYSHARES CORE PLUS BOND ETF FORMERLY VICTORYSHARES CORE PLUS INTERMEDIATE BOND ETF FORMERLY VICTORYSHARES ESG CORE PLUS BOND ETF,0.08588,N/A,N/A,pull_only
2026-09-09,dividend,UCRD,VICTORYSHARES CORPORATE BOND ETF FORMERLY VICTORYSHARES ESG CORPORATE BOND ETF,0.0576,N/A,N/A,pull_only
2026-09-09,dividend,UEVM,VICTORYSHARES EMERGING MARKETS VALUE MOMENTUM ETF FORMERLY VICTORYSHARES USAA MSCI EMERGING MARKETS VALUE MOMENTUM ETF,0.28212,N/A,N/A,pull_only
2026-09-09,dividend,UITB,VICTORYSHARES CORE INTERMEDIATE BOND ETF FORMERLY VICTORYSHARES USAA CORE INTERMEDIATE-TERM BOND ETF,0.16573,N/A,N/A,pull_only
2026-09-09,dividend,UIVM,VICTORYSHARES INTERNATIONAL VALUE MOMENTUM ETF FORMERLY VICTORYSHARES USAA MSCI INTERNATIONAL VALUE MOMENTUM ETF,1.20793,N/A,N/A,pull_only
2026-09-09,dividend,ULVM,VICTORYSHARES US VALUE MOMENTUM ETF FORMERLY VICTORYSHARES USAA MSCI USA VALUE MOMENTUM ETF,0.26018,N/A,N/A,pull_only
2026-09-09,dividend,USTB,VICTORYSHARES SHORT-TERM BOND ETF FORMERLY VICTORYSHARES USAA CORE SHORT-TERM BOND ETF,0.18337,N/A,N/A,pull_only
2026-09-09,dividend,USVM,VICTORYSHARES US SMALL MID CAP VALUE MOMENTUM ETF FORMERLY VICTORYSHARES USAA MSCI USA SMALL CAP VALUE MOMENTUM ETF,0.18824,N/A,N/A,pull_only
2026-09-09,dividend,VFLO,VICTORYSHARES FREE CASH FLOW ETF,0.10576,N/A,N/A,pull_only
2026-09-09,dividend,VSDA,VICTORYSHARES DIVIDEND ACCELERATOR ETF,0.18459,N/A,N/A,pull_only
2026-09-09,dividend,VSMV,VICTORYSHARES US MULTI-FACTOR MINIMUM VOLATILITY ETF,0.10403,N/A,N/A,pull_only
2026-09-09,dividend,WEPN,NICHOLAS DEFENSE AND RARE EARTH INCOME ETF,0.1013,N/A,N/A,pull_only
2026-09-09,dividend,WGO,WINNEBAGO INDUSTRIES INC,0.36,N/A,N/A,pull_only
2026-09-09,dividend,XPAY,ROUNDHILL S&P 500 TARGET 20 MANAGED DISTRIBUTION ETF,0.8995,N/A,N/A,pull_only
2026-09-09,dividend,YRAM,YIELDMAX(R) MEMORY AND STORAGE PORTFOLIO OPTION INCOME ETF,0.4155,N/A,N/A,pull_only
2026-09-09,dividend,YUM,YUM BRANDS INC,0.75,N/A,N/A,pull_only
2026-09-09,listed,CCML,ROUNDHILL MLCC & ELECTRONIC COMPONENTS ETF,,CCML,N/A,pull_only
2026-09-09,listed,DICE,TEMA TRADING & PREDICTION MARKETS ETF,,DICE,N/A,pull_only
2026-09-09,listed,KATT,T-REX 2X LONG PURR DAILY TARGET ETF,,KATT,N/A,pull_only
2026-09-09,listed,RML,RESOLUTION MINERALS LTD,129.9,RSMIY,N/A,pull_only
2026-09-09,listed,TRXS,CANARY STAKED TRX ETF,,TRXS,N/A,pull_only
2026-09-09,listed,XLCD,MICROSECTORS -3X SHORT COMMUNICATION SERVICES (XLC) ETN,,XLCD,N/A,pull_only
2026-09-09,split,HLSQ,TESSERA DEFENSE & HOMELAND SECURITY INC,0.1,N/A,N/A,pull_only
2026-09-09,split,IONZ,DEFIANCE DAILY TARGET 2X SHORT IONQ ETF,0.1,N/A,N/A,pull_only
2026-09-09,split,KEEX,DEFIANCE DAILY TARGET 2X LONG KEEL ETF,4,N/A,N/A,pull_only
2026-09-09,split,KRSA,KORSANA BIOSCIENCES INC,0.14286,N/A,N/A,pull_only
2026-09-09,split,LNOK,DEFIANCE DAILY TARGET 2X LONG NOK ETF,2,N/A,N/A,pull_only
2026-09-09,split,OSCX,DEFIANCE DAILY TARGET 2X LONG OSCR ETF,3,N/A,N/A,pull_only
2026-09-09,tickerchangefrom,KRSA,KORSANA BIOSCIENCES INC,,CYCN,N/A,pull_only
2026-09-09,tickerchangefrom,NXAT,NEXUS ADVANCED TECHNOLOGIES INC,,KWM,N/A,pull_only
2026-09-09,tickerchangefrom,RML,RESOLUTION MINERALS LTD,,RSMIY,N/A,pull_only
2026-09-09,tickerchangeto,KRSA,KORSANA BIOSCIENCES INC,,KRSA,N/A,pull_only
2026-09-09,tickerchangeto,NXAT,NEXUS ADVANCED TECHNOLOGIES INC,,NXAT,N/A,pull_only
2026-09-09,tickerchangeto,RML,RESOLUTION MINERALS LTD,,RML,N/A,pull_only
2026-09-10,dividend,ADT,ADT INC,0.055,N/A,N/A,pull_only
2026-09-10,dividend,AGI,ALAMOS GOLD INC,0.04006,N/A,N/A,pull_only
2026-09-10,dividend,AIYY,YIELDMAX(R) AI OPTION INCOME STRATEGY ETF,0.1108,N/A,N/A,pull_only
2026-09-10,dividend,AMBP,ARDAGH METAL PACKAGING SA,0.1,N/A,N/A,pull_only
2026-09-10,dividend,AMDY,YIELDMAX(R) AMD OPTION INCOME STRATEGY ETF,0.3763,N/A,N/A,pull_only
2026-09-10,dividend,AMZY,YIELDMAX(R) AMZN OPTION INCOME STRATEGY ETF,0.0513,N/A,N/A,pull_only
2026-09-10,dividend,APLY,YIELDMAX(R) AAPL OPTION INCOME STRATEGY ETF,0.0452,N/A,N/A,pull_only
2026-09-10,dividend,AUBN,AUBURN NATIONAL BANCORPORATION INC,0.27,N/A,N/A,pull_only
2026-09-10,dividend,AVMA,AVANTIS MODERATE ALLOCATION ETF,0.3089,N/A,N/A,pull_only
2026-09-10,dividend,BABO,YIELDMAX(R) BABA OPTION INCOME STRATEGY ETF,0.0521,N/A,N/A,pull_only
2026-09-10,dividend,BCML,BAYCOM CORP,0.3,N/A,N/A,pull_only
2026-09-10,dividend,BHFAM,BRIGHTHOUSE FINANCIAL INC,0.28906,N/A,N/A,pull_only
2026-09-10,dividend,BHFAN,BRIGHTHOUSE FINANCIAL INC,0.33594,N/A,N/A,pull_only
2026-09-10,dividend,BHFAO,BRIGHTHOUSE FINANCIAL INC,0.42188,N/A,N/A,pull_only
2026-09-10,dividend,BHFAP,BRIGHTHOUSE FINANCIAL INC,0.4125,N/A,N/A,pull_only
2026-09-10,dividend,BPOP,POPULAR INC,0.9,N/A,N/A,pull_only
2026-09-10,dividend,BRKC,YIELDMAX(R) BRKB OPTION INCOME STRATEGY ETF,0.1446,N/A,N/A,pull_only
2026-09-10,dividend,BTG,B2GOLD CORP,0.01989,N/A,N/A,pull_only
2026-09-10,dividend,CASH,PATHWARD FINANCIAL INC,0.05,N/A,N/A,pull_only
2026-09-10,dividend,CNO,CNO FINANCIAL GROUP INC,0.18,N/A,N/A,pull_only
2026-09-10,dividend,CONY,YIELDMAX(R) COIN OPTION INCOME STRATEGY ETF,0.3405,N/A,N/A,pull_only
2026-09-10,dividend,CRSH,YIELDMAX(R) SHORT TSLA OPTION INCOME STRATEGY ETF,0.1562,N/A,N/A,pull_only
2026-09-10,dividend,CTO,CTO REALTY GROWTH INC,0.38,N/A,N/A,pull_only
2026-09-10,dividend,CTO-PA,CTO REALTY GROWTH INC,0.39844,N/A,N/A,pull_only
2026-09-10,dividend,CVNY,YIELDMAX(R) CVNA OPTION INCOME STRATEGY ETF,0.2618,N/A,N/A,pull_only
2026-09-10,dividend,DHF,BNY MELLON HIGH YIELD STRATEGIES FUND,0.0175,N/A,N/A,pull_only
2026-09-10,dividend,DIPS,YIELDMAX(R) SHORT NVDA OPTION INCOME STRATEGY ETF,0.2222,N/A,N/A,pull_only
2026-09-10,dividend,DRAY,YIELDMAX(R) DKNG OPTION INCOME STRATEGY ETF,0.0929,N/A,N/A,pull_only
2026-09-10,dividend,ECC,EAGLE POINT CREDIT CO,0.06,N/A,N/A,pull_only
2026-09-10,dividend,ECC-PD,EAGLE POINT CREDIT CO,0.14063,N/A,N/A,pull_only
2026-09-10,dividend,ECCC,EAGLE POINT CREDIT CO,0.13542,N/A,N/A,pull_only
2026-09-10,dividend,EIC,EAGLE POINT INCOME CO,0.11,N/A,N/A,pull_only
2026-09-10,dividend,EICA,EAGLE POINT INCOME CO,0.10417,N/A,N/A,pull_only
2026-09-10,dividend,EIIA,EAGLE POINT INSTITUTIONAL INCOME FUND,0.16927,N/A,N/A,pull_only
2026-09-10,dividend,ELV,ELEVANCE HEALTH INC,1.72,N/A,N/A,pull_only
2026-09-10,dividend,FBY,YIELDMAX(R) META OPTION INCOME STRATEGY ETF,0.0593,N/A,N/A,pull_only
2026-09-10,dividend,FIAT,YIELDMAX(R) SHORT COIN OPTION INCOME STRATEGY ETF,0.1577,N/A,N/A,pull_only
2026-09-10,dividend,FNV,FRANCO NEVADA CORP,0.44,N/A,N/A,pull_only
2026-09-10,dividend,G,GENPACT LTD,0.1875,N/A,N/A,pull_only
2026-09-10,dividend,GDXY,YIELDMAX(R) GOLD MINERS OPTION INCOME STRATEGY ETF,0.1203,N/A,N/A,pull_only
2026-09-10,dividend,GHY,PGIM GLOBAL HIGH YIELD FUND INC,0.105,N/A,N/A,pull_only
2026-09-10,dividend,GLAD,GLADSTONE CAPITAL CORP,0.18,N/A,N/A,pull_only
2026-09-10,dividend,GMEY,YIELDMAX(R) GME OPTION INCOME STRATEGY ETF,0.1345,N/A,N/A,pull_only
2026-09-10,dividend,GOLI,DEFIANCE GOLD ENHANCED OPTIONS INCOME ETF,0.0613,N/A,N/A,pull_only
2026-09-10,dividend,GOOY,YIELDMAX(R) GOOGL OPTION INCOME STRATEGY ETF,0.0533,N/A,N/A,pull_only
2026-09-10,dividend,HIYY,YIELDMAX(R) HIMS OPTION INCOME STRATEGY ETF,0.1667,N/A,N/A,pull_only
2026-09-10,dividend,HOOY,YIELDMAX(R) HOOD OPTION INCOME STRATEGY ETF,0.5849,N/A,N/A,pull_only
2026-09-10,dividend,INSW,INTERNATIONAL SEAWAYS INC,5.05,N/A,N/A,pull_only
2026-09-10,dividend,INYY,YIELDMAX(R) INTC OPTION INCOME STRATEGY ETF,0.5281,N/A,N/A,pull_only
2026-09-10,dividend,ISD,PGIM HIGH YIELD BOND FUND INC,0.105,N/A,N/A,pull_only
2026-09-10,dividend,JPO,YIELDMAX(R) JP OPTION INCOME STRATEGY ETF,0.0522,N/A,N/A,pull_only
2026-09-10,dividend,KSPI,JOINT STOCK CO KASPIKZ,2.149,N/A,N/A,pull_only
2026-09-10,dividend,LGI,LAZARD GLOBAL TOTAL RETURN & INCOME FUND INC,0.1534,N/A,N/A,pull_only
2026-09-10,dividend,MARO,YIELDMAX(R) MARA OPTION INCOME STRATEGY ETF,0.069,N/A,N/A,pull_only
2026-09-10,dividend,MCY,MERCURY GENERAL CORP,0.3175,N/A,N/A,pull_only
2026-09-10,dividend,MDU,MDU RESOURCES GROUP INC,0.145,N/A,N/A,pull_only
2026-09-10,dividend,MOS,MOSAIC CO,0.22,N/A,N/A,pull_only
2026-09-10,dividend,MPT,MEDICAL PROPERTIES TRUST INC,0.09,N/A,N/A,pull_only
2026-09-10,dividend,MRNY,YIELDMAX(R) MRNA OPTION INCOME STRATEGY ETF,0.642,N/A,N/A,pull_only
2026-09-10,dividend,MSFO,YIELDMAX(R) MSFT OPTION INCOME STRATEGY ETF,0.0608,N/A,N/A,pull_only
2026-09-10,dividend,MSTY,YIELDMAX(R) MSTR OPTION INCOME STRATEGY ETF,0.3121,N/A,N/A,pull_only
2026-09-10,dividend,NAT,NORDIC AMERICAN TANKERS LTD,0.27,N/A,N/A,pull_only
2026-09-10,dividend,NDSN,NORDSON CORP,0.94,N/A,N/A,pull_only
2026-09-10,dividend,NFLY,YIELDMAX(R) NFLX OPTION INCOME STRATEGY ETF,0.0514,N/A,N/A,pull_only
2026-09-10,dividend,NRIM,NORTHRIM BANCORP INC,0.17,N/A,N/A,pull_only
2026-09-10,dividend,NVDA,NVIDIA CORP,0.25,N/A,N/A,pull_only
2026-09-10,dividend,NVDY,YIELDMAX(R) NVDA OPTION INCOME STRATEGY ETF,0.1011,N/A,N/A,pull_only
2026-09-10,dividend,OARK,YIELDMAX(R) INNOVATION OPTION INCOME STRATEGY ETF,0.2065,N/A,N/A,pull_only
2026-09-10,dividend,ODTE,VEGASHARES SPX NDX RTY PREMIUM INCOME ETF,0.069,N/A,N/A,pull_only
2026-09-10,dividend,OXY,OCCIDENTAL PETROLEUM CORP,0.28,N/A,N/A,pull_only
2026-09-10,dividend,PINE,ALPINE INCOME PROPERTY TRUST INC,0.32,N/A,N/A,pull_only
2026-09-10,dividend,PINE-PA,ALPINE INCOME PROPERTY TRUST INC,0.5,N/A,N/A,pull_only
2026-09-10,dividend,PLTY,YIELDMAX(R) PLTR OPTION INCOME STRATEGY ETF,0.2754,N/A,N/A,pull_only
2026-09-10,dividend,PPL,PPL CORP,0.285,N/A,N/A,pull_only
2026-09-10,dividend,PYPY,YIELDMAX(R) PYPL OPTION INCOME STRATEGY ETF,0.1564,N/A,N/A,pull_only
2026-09-10,dividend,QQQY,DEFIANCE NASDAQ 100 WEEKLY DISTRIBUTION ETF,0.1288,N/A,N/A,pull_only
2026-09-10,dividend,RA,BROOKFIELD REAL ASSETS INCOME FUND INC,0.118,N/A,N/A,pull_only
2026-09-10,dividend,RBLY,YIELDMAX(R) RBLX OPTION INCOME STRATEGY ETF,0.1482,N/A,N/A,pull_only
2026-09-10,dividend,SATA,STRIVE INC,0.0516,N/A,N/A,pull_only
2026-09-10,dividend,SDHY,PGIM SHORT DURATION HIGH YIELD OPPORTUNITIES FUND,0.108,N/A,N/A,pull_only
2026-09-10,dividend,SMCY,YIELDMAX(R) SMCI OPTION INCOME STRATEGY ETF,0.105,N/A,N/A,pull_only
2026-09-10,dividend,SNOY,YIELDMAX(R) SNOW OPTION INCOME STRATEGY ETF,0.1344,N/A,N/A,pull_only
2026-09-10,dividend,TRIN,TRINITY CAPITAL INC,0.17,N/A,N/A,pull_only
2026-09-10,dividend,TRMD,TORM PLC,2.4,N/A,N/A,pull_only
2026-09-10,dividend,TRV,TRAVELERS COMPANIES INC,1.25,N/A,N/A,pull_only
2026-09-10,dividend,TSLY,YIELDMAX(R) TSLA OPTION INCOME STRATEGY ETF,0.2153,N/A,N/A,pull_only
2026-09-10,dividend,TSMY,YIELDMAX(R) TSM OPTION INCOME STRATEGY ETF,0.1042,N/A,N/A,pull_only
2026-09-10,dividend,TU,TELUS CORP,0.13372,N/A,N/A,pull_only
2026-09-10,dividend,UBCP,UNITED BANCORP INC,0.1975,N/A,N/A,pull_only
2026-09-10,dividend,ULTI,REX INCOMEMAX OPTION STRATEGY ETF,0.09,N/A,N/A,pull_only
2026-09-10,dividend,UMBF,UMB FINANCIAL CORP,0.5,N/A,N/A,pull_only
2026-09-10,dividend,USOY,DEFIANCE OIL ENHANCED OPTIONS INCOME ETF,0.0649,N/A,N/A,pull_only
2026-09-10,dividend,VAIE,VEGASHARES US EQUITY AUTOCALLABLE INCOME ETF,0.077,N/A,N/A,pull_only
2026-09-10,dividend,VCTR,VICTORY CAPITAL HOLDINGS INC,0.5,N/A,N/A,pull_only
2026-09-10,dividend,VFC,V F CORP,0.09,N/A,N/A,pull_only
2026-09-10,dividend,VSH,VISHAY INTERTECHNOLOGY INC,0.1,N/A,N/A,pull_only
2026-09-10,dividend,WDTE,DEFIANCE S&P 500 WEEKLY DISTRIBUTION ETF,0.168,N/A,N/A,pull_only
2026-09-10,dividend,WNTR,YIELDMAX(R) MSTR SHORT OPTION INCOME STRATEGY ETF,0.2169,N/A,N/A,pull_only
2026-09-10,dividend,XOMO,YIELDMAX(R) XOM OPTION INCOME STRATEGY ETF,0.0527,N/A,N/A,pull_only
2026-09-10,dividend,XYF,X FINANCIAL,0.28,N/A,N/A,pull_only
2026-09-10,dividend,XYZY,YIELDMAX(R) XYZ OPTION INCOME STRATEGY ETF,0.1727,N/A,N/A,pull_only
2026-09-10,dividend,YBIT,YIELDMAX(R) BITCOIN OPTION INCOME STRATEGY ETF,0.3096,N/A,N/A,pull_only
2026-09-10,dividend,YOU,CLEAR SECURE INC,0.15,N/A,N/A,pull_only
2026-09-10,dividend,YQQQ,YIELDMAX(R) SHORT N100 OPTION INCOME STRATEGY ETF,0.0379,N/A,N/A,pull_only
2026-09-10,dividend,YSPC,YIELDMAX(R) SPCX OPTION INCOME STRATEGY ETF,0.6375,N/A,N/A,pull_only
2026-09-10,listed,AIFR,DEFIANCE GLOBAL FOUNDRIES ETF,,AIFR,N/A,pull_only
2026-09-10,listed,AIMG,DEFIANCE AI MAGNIFICENT 10 ETF,,AIMG,N/A,pull_only
2026-09-10,listed,BRTMU,B&R TECHNOLOGY MERGER CORP,,BRTMU,N/A,pull_only
2026-09-10,listed,CRAM,DEFIANCE CHINA MEMORY ETF,,CRAM,N/A,pull_only
2026-09-10,listed,MFSD,MFS ACTIVE SHORT DURATION INCOME ETF,,MFSD,N/A,pull_only
2026-09-10,listed,MFSX,MFS ACTIVE SHORT MUNI BOND ETF,,MFSX,N/A,pull_only
2026-09-10,listed,NRAM,YORKVILLE AMERICA NEXT GENERATION MEMORY INDEX ETF,,NRAM,N/A,pull_only
2026-09-10,listed,SWRD,STEWARDS INC,470.9,SWRD,N/A,pull_only
2026-09-10,listed,VEEM,VANECK MSCI EM ANALYST SENTIMENT ETF,,VEEM,N/A,pull_only
2026-09-10,listed,VEGX,INTERNATIONAL VEGAN CLIMATE ETF,,VEGX,N/A,pull_only
2026-09-10,listed,XLCU,MICROSECTORS 3X LONG COMMUNICATION SERVICES (XLC) ETN,,XLCU,N/A,pull_only
2026-09-10,listed,XLPD,MICROSECTORS -3X SHORT CONSUMER STAPLES (XLP) ETN,,XLPD,N/A,pull_only
2026-09-10,listed,XLPU,MICROSECTORS 3X LONG CONSUMER STAPLES (XLP) ETN,,XLPU,N/A,pull_only
2026-09-10,namechangefrom,KRSA,KORSANA BIOSCIENCES INC,,N/A,CYCLERION THERAPEUTICS INC,pull_only
2026-09-10,namechangeto,KRSA,KORSANA BIOSCIENCES INC,,N/A,KORSANA BIOSCIENCES INC,pull_only
2026-09-10,relation,DAAQ,DIGITAL ASSET ACQUISITION CORP,,DAAQU,DIGITAL ASSET ACQUISITION CORP,pull_only
2026-09-10,relation,DAAQU,DIGITAL ASSET ACQUISITION CORP,,DAAQ,DIGITAL ASSET ACQUISITION CORP,pull_only
2026-09-10,spacunitseparation,BRTM,B&R TECHNOLOGY MERGER CORP,,BRTMU,N/A,pull_only
2026-09-10,split,ASTN,DEFIANCE DAILY TARGET 3X LONG ASTS ETF,0.25,N/A,N/A,pull_only
2026-09-10,split,STSM,DEFIANCE DAILY TARGET 2X SHORT TSM ETF,0.5,N/A,N/A,pull_only
2026-09-10,tickerchangefrom,ATTT,ATLAS TRINITY TECH LIMITED,,RAY,N/A,pull_only
2026-09-10,tickerchangefrom,BRTM,B&R TECHNOLOGY MERGER CORP,,BRTMU,N/A,pull_only
2026-09-10,tickerchangefrom,EOCN,EOCENE LTD,,GLMD,N/A,pull_only
2026-09-10,tickerchangeto,ATTT,ATLAS TRINITY TECH LIMITED,,ATTT,N/A,pull_only
2026-09-10,tickerchangeto,BRTM,B&R TECHNOLOGY MERGER CORP,,BRTM,N/A,pull_only
2026-09-10,tickerchangeto,EOCN,EOCENE LTD,,EOCN,N/A,pull_only
