ticker,permaticker_new,permaticker_base,column,base,new
EML,199763,199763,firstpricedate,1992-03-17,1997-12-31
LPTH,197755,197755,firstpricedate,1996-02-28,1997-12-31
BVN,120317,120317,firstpricedate,1996-05-15,1997-12-31
ITT,199170,199170,firstpricedate,1995-12-18,1997-12-31
ELTK,191164,191164,firstpricedate,1997-01-23,1997-12-31
AIFF,198405,198405,firstpricedate,1997-09-08,1997-12-31
EMR,199753,199753,firstpricedate,1986-01-01,1997-12-31
LAMR,196293,196293,firstpricedate,1996-08-02,1997-12-31
RMD,197274,197274,firstpricedate,1995-06-02,1997-12-31
BYFC,197194,197194,firstpricedate,1996-01-09,1997-12-31
PAMT,198440,198440,firstpricedate,1990-03-26,1997-12-31
PH,199439,199439,firstpricedate,1986-01-01,1997-12-31
SYBT,198191,198191,firstpricedate,1993-03-26,1997-12-31
BXMT,196582,196582,firstpricedate,1987-11-05,1997-12-31
EME,199219,199219,firstpricedate,1995-12-28,1997-12-31
SSRM,124644,124644,firstpricedate,1996-08-01,1997-12-31
C,198215,198215,firstpricedate,1986-01-01,1997-12-31
BWA,197606,197606,firstpricedate,1993-08-13,1997-12-31
EQS,197899,197899,firstpricedate,1992-09-11,1997-12-31
BXP,196860,196860,firstpricedate,1997-06-18,1997-12-31
BYD,197617,197617,firstpricedate,1993-10-18,1997-12-31
PFE,199428,199428,firstpricedate,1986-01-01,1997-12-31
AIG,199966,199966,firstpricedate,1986-01-01,1997-12-31
MNRO,197919,197919,firstpricedate,1991-07-30,1997-12-31
EPAC,199947,199947,firstpricedate,1987-08-05,1997-12-31
ENB,124628,124628,firstpricedate,1990-03-27,1997-12-31
ARW,199939,199939,firstpricedate,1986-01-01,1997-12-31
MTCH,197736,197736,firstpricedate,1993-01-19,1997-12-31
AIFC,198032,198032,firstpricedate,1991-11-08,1997-12-31
ESLT,191138,191138,firstpricedate,1996-11-27,1997-12-31
EMN,197520,197520,firstpricedate,1993-12-14,1997-12-31
MAT,199556,199556,firstpricedate,1986-01-01,1997-12-31
CASH,197611,197611,firstpricedate,1993-09-21,1997-12-31
CAKE,197780,197780,firstpricedate,1992-09-18,1997-12-31
ERNA,198670,198670,firstpricedate,1992-10-19,1997-12-31
AIT,199193,199193,firstpricedate,1986-01-01,1997-12-31
RYN,199615,199615,firstpricedate,1994-02-17,1997-12-31
EZPW,197917,197917,firstpricedate,1991-08-27,1997-12-31
ETR,199535,199535,firstpricedate,1986-01-01,1997-12-31
MCS,199560,199560,firstpricedate,1990-03-29,1997-12-31
CAC,198654,198654,firstpricedate,1997-10-08,1997-12-31
OPY,198481,198481,firstpricedate,1993-08-16,1997-12-31
MTH,198201,198201,firstpricedate,1988-12-16,1997-12-31
ARTW,199938,199938,firstpricedate,1986-01-01,1997-12-31
ERIC,120315,120315,firstpricedate,1989-09-28,1997-12-31
EPM,197119,197119,firstpricedate,1996-04-11,1997-12-31
EPR,196767,196767,firstpricedate,1997-11-18,1997-12-31
TDW,199286,199286,firstpricedate,1987-12-30,1997-12-31
ETN,191882,191882,firstpricedate,1986-01-01,1997-12-31
TTEK,198209,198209,firstpricedate,1991-12-17,1997-12-31
NBTB,198493,198493,firstpricedate,1992-03-17,1997-12-31
SMP,199328,199328,firstpricedate,1987-12-30,1997-12-31
SBGI,197556,197556,firstpricedate,1995-06-07,1997-12-31
OI,198353,198353,firstpricedate,1991-12-11,1997-12-31
SNDA,196789,196789,firstpricedate,1997-10-31,1997-12-31
JJSF,198523,198523,firstpricedate,1990-03-26,1997-12-31
IT,198666,198666,firstpricedate,1993-10-05,1997-12-31
CALM,199879,199879,firstpricedate,1996-12-12,1997-12-31
IP,199621,199621,firstpricedate,1986-01-01,1997-12-31
RDI,198864,198864,firstpricedate,1992-03-17,1997-12-31
BZH,197517,197517,firstpricedate,1994-02-23,1997-12-31
CAE,124643,124643,firstpricedate,1996-01-10,1997-12-31
PSKY,198331,198331,firstpricedate,1990-06-14,1997-12-31
EXC,196066,196066,firstpricedate,1986-01-01,1997-12-31
LNN,198186,198186,firstpricedate,1990-03-26,1997-12-31
NUE,199469,199469,firstpricedate,1986-01-01,1997-12-31
ASYS,198828,198828,firstpricedate,1986-01-01,1997-12-31
MOS,195175,195175,firstpricedate,1988-01-26,1997-12-31
AD,198279,198279,firstpricedate,1992-03-17,1997-12-31
CALY,198177,198177,firstpricedate,1992-02-28,1997-12-31
ESS,197462,197462,firstpricedate,1994-06-07,1997-12-31
LXU,199567,199567,firstpricedate,1986-01-01,1997-12-31
RUSHB,119314,119314,firstpricedate,1996-06-10,1997-12-31
CCK,195446,195446,firstpricedate,1986-01-01,1997-12-31
SWKS,199979,199979,firstpricedate,1986-01-01,1997-12-31
MAS,199557,199557,firstpricedate,1986-01-01,1997-12-31
AKR,197649,197649,firstpricedate,1993-05-27,1997-12-31
FE,196912,196912,firstpricedate,1986-01-01,1997-12-31
CBFV,187747,187747,firstpricedate,1995-02-01,1997-12-31
HOV,198972,198972,firstpricedate,1986-01-01,1997-12-31
SCL,199319,199319,firstpricedate,1992-03-17,1997-12-31
FDX,196717,196717,firstpricedate,1986-01-01,1997-12-31
ASH,124124,124124,firstpricedate,1986-01-01,1997-12-31
KLAC,199070,199070,firstpricedate,1990-03-26,1997-12-31
IPAR,198270,198270,firstpricedate,1991-08-20,1997-12-31
CAL,199889,199889,firstpricedate,1986-01-01,1997-12-31
FWDI,199708,199708,firstpricedate,1995-06-15,1997-12-31
LFUS,197763,197763,firstpricedate,1992-09-23,1997-12-31
EQT,199746,199746,firstpricedate,1987-11-05,1997-12-31
MATV,197202,197202,firstpricedate,1995-11-09,1997-12-31
FLEX,198003,198003,firstpricedate,1994-03-18,1997-12-31
EXPO,198099,198099,firstpricedate,1990-08-17,1997-12-31
NBIX,197528,197528,firstpricedate,1996-05-23,1997-12-31
FLG,197591,197591,firstpricedate,1993-11-23,1997-12-31
AIRT,199016,199016,firstpricedate,1986-01-01,1997-12-31
FBP,196629,196629,firstpricedate,1992-02-25,1997-12-31
ALL,197653,197653,firstpricedate,1993-06-03,1997-12-31
ESCA,199745,199745,firstpricedate,1992-02-25,1997-12-31
EOG,198278,198278,firstpricedate,1989-10-04,1997-12-31
MARPS,199559,199559,firstpricedate,1995-08-18,1997-12-31
MLSS,198078,198078,firstpricedate,1995-11-03,1997-12-31
FLXS,199718,199718,firstpricedate,1992-02-25,1997-12-31
AVA,199226,199226,firstpricedate,1987-11-16,1997-12-31
SSP,198206,198206,firstpricedate,1990-03-26,1997-12-31
CATY,198041,198041,firstpricedate,1990-12-17,1997-12-31
SLG,196819,196819,firstpricedate,1997-08-15,1997-12-31
FFIN,199729,199729,firstpricedate,1993-11-01,1997-12-31
PNBK,196192,196192,firstpricedate,1994-09-01,1997-12-31
NAT,189987,189987,firstpricedate,1997-09-30,1997-12-31
MOG.B,119325,119325,firstpricedate,1995-08-28,1997-12-31
INTU,197671,197671,firstpricedate,1993-03-22,1997-12-31
ES,199478,199478,firstpricedate,1986-01-01,1997-12-31
TGS,123174,123174,firstpricedate,1994-11-17,1997-12-31
RRC,199099,199099,firstpricedate,1992-12-28,1997-12-31
TRV,199376,199376,firstpricedate,1986-07-09,1997-12-31
CBRL,196527,196527,firstpricedate,1986-01-01,1997-12-31
ONTO,198934,198934,firstpricedate,1992-02-26,1997-12-31
ESE,197999,197999,firstpricedate,1990-10-01,1997-12-31
CCJ,124663,124663,firstpricedate,1996-03-14,1997-12-31
ETD,197682,197682,firstpricedate,1993-03-16,1997-12-31
GABC,198881,198881,firstpricedate,1993-05-21,1997-12-31
PNC,198886,198886,firstpricedate,1988-09-07,1997-12-31
FC,197796,197796,firstpricedate,1992-06-03,1997-12-31
WST,199217,199217,firstpricedate,1988-01-05,1997-12-31
SIF,199355,199355,firstpricedate,1986-01-01,1997-12-31
PEBK,196259,196259,firstpricedate,1995-08-18,1997-12-31
JCTC,197815,197815,firstpricedate,1996-04-12,1997-12-31
WMT,199233,199233,firstpricedate,1986-01-01,1997-12-31
INTC,199626,199626,firstpricedate,1986-01-01,1997-12-31
SGA,197801,197801,firstpricedate,1993-10-12,1997-12-31
CAR,198801,198801,firstpricedate,1990-01-12,1997-12-31
CB,197681,197681,firstpricedate,1993-03-26,1997-12-31
CENT,197778,197778,firstpricedate,1993-07-15,1997-12-31
CAG,199823,199823,firstpricedate,1986-01-01,1997-12-31
SCI,199361,199361,firstpricedate,1987-07-23,1997-12-31
ATRO,199935,199935,firstpricedate,1986-01-01,1997-12-31
ASML,189471,189471,firstpricedate,1995-03-16,1997-12-31
CCNE,198729,198729,firstpricedate,1996-05-30,1997-12-31
AWRE,197058,197058,firstpricedate,1996-11-19,1997-12-31
INGR,196745,196745,firstpricedate,1997-12-11,1997-12-31
MOG.A,199516,199516,firstpricedate,1992-02-21,1997-12-31
GNTX,198989,198989,firstpricedate,1990-03-26,1997-12-31
FCN,197774,197774,firstpricedate,1996-05-09,1997-12-31
OLP,198892,198892,firstpricedate,1992-03-17,1997-12-31
AVD,199962,199962,firstpricedate,1988-06-22,1997-12-31
GIC,197256,197256,firstpricedate,1995-06-27,1997-12-31
SMBC,197504,197504,firstpricedate,1994-04-12,1997-12-31
AXP,199971,199971,firstpricedate,1986-01-01,1997-12-31
CBT,199882,199882,firstpricedate,1986-01-01,1997-12-31
GSBC,198087,198087,firstpricedate,1990-03-26,1997-12-31
MU,198808,198808,firstpricedate,1989-05-16,1997-12-31
ALG,197667,197667,firstpricedate,1993-03-19,1997-12-31
FCF,198893,198893,firstpricedate,1992-06-10,1997-12-31
SKM,121277,121277,firstpricedate,1996-06-27,1997-12-31
AZO,197997,197997,firstpricedate,1991-04-02,1997-12-31
ASTE,198473,198473,firstpricedate,1986-06-19,1997-12-31
ADI,199958,199958,firstpricedate,1986-01-01,1997-12-31
SYK,199133,199133,firstpricedate,1988-02-01,1997-12-31
BBY,198613,198613,firstpricedate,1986-01-01,1997-12-31
SHOE,197691,197691,firstpricedate,1993-03-16,1997-12-31
CDP,198049,198049,firstpricedate,1991-12-31,1997-12-31
FCEL,197802,197802,firstpricedate,1997-02-27,1997-12-31
CDE,199172,199172,firstpricedate,1990-04-12,1997-12-31
CFR,199699,199699,firstpricedate,1990-03-26,1997-12-31
FUL,199696,199696,firstpricedate,1990-03-26,1997-12-31
FIX,196878,196878,firstpricedate,1997-06-27,1997-12-31
KOF,121537,121537,firstpricedate,1993-09-14,1997-12-31
COF,197378,197378,firstpricedate,1994-11-16,1997-12-31
LEE,199581,199581,firstpricedate,1987-11-05,1997-12-31
JBHT,198763,198763,firstpricedate,1990-03-26,1997-12-31
EXP,197486,197486,firstpricedate,1994-04-12,1997-12-31
SMID,197406,197406,firstpricedate,1995-12-13,1997-12-31
CCEL,198034,198034,firstpricedate,1997-01-02,1997-12-31
AMG,197149,197149,firstpricedate,1997-11-21,1997-12-31
CINF,199847,199847,firstpricedate,1986-01-01,1997-12-31
CDNS,198336,198336,firstpricedate,1990-03-26,1997-12-31
NHTC,197571,197571,firstpricedate,1995-06-22,1997-12-31
PROV,197098,197098,firstpricedate,1996-06-28,1997-12-31
CATO,199868,199868,firstpricedate,1987-04-23,1997-12-31
ROG,199386,199386,firstpricedate,1986-01-01,1997-12-31
ACU,199994,199994,firstpricedate,1986-01-01,1997-12-31
FDS,197079,197079,firstpricedate,1996-06-28,1997-12-31
FEIM,199702,199702,firstpricedate,1986-01-01,1997-12-31
LFCR,197134,197134,firstpricedate,1996-02-15,1997-12-31
SNT,189123,189123,firstpricedate,1993-03-23,1997-12-31
SSB,198618,198618,firstpricedate,1997-01-28,1997-12-31
ONB,198925,198925,firstpricedate,1990-03-26,1997-12-31
SFNC,199353,199353,firstpricedate,1992-11-03,1997-12-31
ASB,199937,199937,firstpricedate,1986-01-01,1997-12-31
NKE,199060,199060,firstpricedate,1986-01-01,1997-12-31
TXT,199167,199167,firstpricedate,1986-01-01,1997-12-31
STRT,197329,197329,firstpricedate,1995-02-24,1997-12-31
CACI,199881,199881,firstpricedate,1986-01-01,1997-12-31
ESP,199744,199744,firstpricedate,1992-03-17,1997-12-31
CBZ,197267,197267,firstpricedate,1995-04-27,1997-12-31
GE,199688,199688,firstpricedate,1986-01-01,1997-12-31
RLI,199388,199388,firstpricedate,1987-12-30,1997-12-31
BAX,199910,199910,firstpricedate,1986-01-01,1997-12-31
CMC,199832,199832,firstpricedate,1987-11-05,1997-12-31
EVI,199539,199539,firstpricedate,1990-03-27,1997-12-31
CAT,199869,199869,firstpricedate,1986-01-01,1997-12-31
F,199713,199713,firstpricedate,1986-01-01,1997-12-31
CLDX,198691,198691,firstpricedate,1990-03-26,1997-12-31
GPUS,197676,197676,firstpricedate,1997-05-05,1997-12-31
CECO,199985,199985,firstpricedate,1993-02-19,1997-12-31
CHKP,189623,189623,firstpricedate,1996-06-28,1997-12-31
FORR,196980,196980,firstpricedate,1996-11-27,1997-12-31
FMS,190746,190746,firstpricedate,1996-09-17,1997-12-31
ABEV,166723,166723,firstpricedate,1997-03-05,1997-12-31
BF.A,119322,119322,firstpricedate,1986-01-01,1997-12-31
KEQU,199596,199596,firstpricedate,1992-02-25,1997-12-31
PAR,198915,198915,firstpricedate,1988-12-16,1997-12-31
KOSS,124736,124736,firstpricedate,1992-02-25,1997-12-31
CIGI,123648,123648,firstpricedate,1995-01-20,1997-12-31
FELE,199706,199706,firstpricedate,1990-03-26,1997-12-31
CASS,198918,198918,firstpricedate,1996-07-01,1997-12-31
IMAX,197447,197447,firstpricedate,1994-06-10,1997-12-31
TWAV,198683,198683,firstpricedate,1995-06-19,1997-12-31
GATX,199690,199690,firstpricedate,1987-11-05,1997-12-31
AJG,199009,199009,firstpricedate,1986-01-01,1997-12-31
FR,197443,197443,firstpricedate,1994-06-24,1997-12-31
M,198461,198461,firstpricedate,1992-02-05,1997-12-31
UGI,197828,197828,firstpricedate,1988-01-05,1997-12-31
PSA,194082,194082,firstpricedate,1986-01-01,1997-12-31
FFBC,198913,198913,firstpricedate,1990-03-26,1997-12-31
RGA,197658,197658,firstpricedate,1993-05-04,1997-12-31
PATK,199438,199438,firstpricedate,1990-03-27,1997-12-31
NI,196052,196052,firstpricedate,1986-01-01,1997-12-31
NSP,197198,197198,firstpricedate,1997-01-29,1997-12-31
FCX,198214,198214,firstpricedate,1995-07-10,1997-12-31
TXN,199289,199289,firstpricedate,1986-01-01,1997-12-31
CERS,197015,197015,firstpricedate,1997-01-31,1997-12-31
TAP,199812,199812,firstpricedate,1986-01-01,1997-12-31
NTAP,197175,197175,firstpricedate,1995-11-21,1997-12-31
FRAF,198800,198800,firstpricedate,1994-04-06,1997-12-31
CBU,198807,198807,firstpricedate,1986-01-01,1997-12-31
FAST,198313,198313,firstpricedate,1990-03-26,1997-12-31
CHRW,196783,196783,firstpricedate,1997-10-16,1997-12-31
FBNC,198362,198362,firstpricedate,1992-12-09,1997-12-31
SRCE,199734,199734,firstpricedate,1986-01-01,1997-12-31
HMY,119261,119261,firstpricedate,1996-09-30,1997-12-31
STGW,197916,197916,firstpricedate,1995-04-17,1997-12-31
GD,199689,199689,firstpricedate,1986-01-01,1997-12-31
FCFS,198167,198167,firstpricedate,1992-08-17,1997-12-31
GTN.A,119295,119295,firstpricedate,1993-03-17,1997-12-31
ASRV,198921,198921,firstpricedate,1990-03-27,1997-12-31
TEX,199291,199291,firstpricedate,1990-03-26,1997-12-31
VTRS,168145,168145,firstpricedate,1987-12-18,1997-12-31
ASUR,197834,197834,firstpricedate,1992-04-07,1997-12-31
AZTA,197320,197320,firstpricedate,1995-02-02,1997-12-31
LTC,197777,197777,firstpricedate,1992-08-25,1997-12-31
PHG,121538,121538,firstpricedate,1987-12-30,1997-12-31
STT,199321,199321,firstpricedate,1986-07-09,1997-12-31
EXPD,198681,198681,firstpricedate,1990-03-26,1997-12-31
HIG,197940,197940,firstpricedate,1995-12-15,1997-12-31
HSY,199652,199652,firstpricedate,1986-01-01,1997-12-31
TRMK,199726,199726,firstpricedate,1992-03-03,1997-12-31
MCRI,197613,197613,firstpricedate,1993-08-10,1997-12-31
FRD,199700,199700,firstpricedate,1992-03-17,1997-12-31
WMB,199208,199208,firstpricedate,1986-01-01,1997-12-31
LCII,198621,198621,firstpricedate,1989-05-03,1997-12-31
WTM,198555,198555,firstpricedate,1986-05-09,1997-12-31
CHCO,198781,198781,firstpricedate,1993-02-19,1997-12-31
TWIN,199273,199273,firstpricedate,1987-12-31,1997-12-31
SIEB,124735,124735,firstpricedate,1996-11-12,1997-12-31
XOM,199739,199739,firstpricedate,1986-01-01,1997-12-31
MCY,199545,199545,firstpricedate,1990-03-26,1997-12-31
ROL,199385,199385,firstpricedate,1987-12-30,1997-12-31
SAFE,196228,196228,firstpricedate,1989-11-16,1997-12-31
PTN,190314,190314,firstpricedate,1997-10-15,1997-12-31
LZB,199586,199586,firstpricedate,1988-01-05,1997-12-31
QDEL,199012,199012,firstpricedate,1992-03-03,1997-12-31
CNA,199840,199840,firstpricedate,1986-01-01,1997-12-31
KR,199588,199588,firstpricedate,1986-01-01,1997-12-31
FSTR,199022,199022,firstpricedate,1990-03-26,1997-12-31
CENX,197222,197222,firstpricedate,1996-03-29,1997-12-31
MSN,199752,199752,firstpricedate,1994-12-28,1997-12-31
AME,196855,196855,firstpricedate,1997-08-01,1997-12-31
BALL,199917,199917,firstpricedate,1986-01-01,1997-12-31
OKE,196837,196837,firstpricedate,1986-01-01,1997-12-31
SON,199343,199343,firstpricedate,1986-01-01,1997-12-31
ERIE,197428,197428,firstpricedate,1995-10-02,1997-12-31
CRESY,115749,115749,firstpricedate,1997-03-19,1997-12-31
UNTY,197465,197465,firstpricedate,1997-01-14,1997-12-31
WPP,121546,121546,firstpricedate,1987-12-30,1997-12-31
PLD,196757,196757,firstpricedate,1997-11-21,1997-12-31
JNJ,199185,199185,firstpricedate,1986-01-01,1997-12-31
FULT,198970,198970,firstpricedate,1990-03-26,1997-12-31
UFPI,197555,197555,firstpricedate,1993-11-10,1997-12-31
CMCO,197137,197137,firstpricedate,1996-02-28,1997-12-31
CLWT,190446,190446,firstpricedate,1997-03-14,1997-12-31
GGG,199673,199673,firstpricedate,1986-07-09,1997-12-31
TRMB,198016,198016,firstpricedate,1992-03-03,1997-12-31
GVA,198043,198043,firstpricedate,1992-02-25,1997-12-31
RVSB,196814,196814,firstpricedate,1993-10-25,1997-12-31
YUM,196816,196816,firstpricedate,1997-09-17,1997-12-31
MTX,197738,197738,firstpricedate,1992-10-26,1997-12-31
CIEN,197303,197303,firstpricedate,1997-02-07,1997-12-31
MLAB,198798,198798,firstpricedate,1995-08-18,1997-12-31
MOD,199521,199521,firstpricedate,1990-03-26,1997-12-31
GROW,198637,198637,firstpricedate,1996-06-03,1997-12-31
CRVL,197937,197937,firstpricedate,1991-06-28,1997-12-31
ABM,198579,198579,firstpricedate,1986-01-01,1997-12-31
NVAX,197200,197200,firstpricedate,1995-12-13,1997-12-31
VECO,199239,199239,firstpricedate,1994-11-29,1997-12-31
CCU,166991,166991,firstpricedate,1993-02-22,1997-12-31
CSWC,199875,199875,firstpricedate,1990-03-27,1997-12-31
ADP,199928,199928,firstpricedate,1986-01-01,1997-12-31
MCD,199552,199552,firstpricedate,1986-01-01,1997-12-31
JKHY,198546,198546,firstpricedate,1990-03-26,1997-12-31
INDB,198554,198554,firstpricedate,1990-03-27,1997-12-31
ROP,197849,197849,firstpricedate,1992-02-13,1997-12-31
RCKY,197690,197690,firstpricedate,1993-02-03,1997-12-31
PTC,198073,198073,firstpricedate,1990-03-26,1997-12-31
FHN,199721,199721,firstpricedate,1990-03-26,1997-12-31
CRK,199825,199825,firstpricedate,1990-03-26,1997-12-31
WERN,198471,198471,firstpricedate,1990-03-26,1997-12-31
ZION,199195,199195,firstpricedate,1990-03-26,1997-12-31
WSM,198832,198832,firstpricedate,1990-03-26,1997-12-31
AXR,199959,199959,firstpricedate,1986-01-01,1997-12-31
GRC,199674,199674,firstpricedate,1992-03-17,1997-12-31
FMC,199715,199715,firstpricedate,1986-01-01,1997-12-31
SPXC,199366,199366,firstpricedate,1986-01-01,1997-12-31
KRC,196950,196950,firstpricedate,1997-01-30,1997-12-31
HL,198839,198839,firstpricedate,1986-01-01,1997-12-31
LNC,199573,199573,firstpricedate,1986-01-01,1997-12-31
CLF,198616,198616,firstpricedate,1987-11-05,1997-12-31
RVTY,199757,199757,firstpricedate,1986-01-01,1997-12-31
CMCT,124564,124564,firstpricedate,1995-08-18,1997-12-31
MITK,198381,198381,firstpricedate,1995-05-26,1997-12-31
RMBS,197500,197500,firstpricedate,1997-05-14,1997-12-31
BDX,199909,199909,firstpricedate,1986-01-01,1997-12-31
FMCC,196949,196949,firstpricedate,1988-12-02,1997-12-31
RS,198039,198039,firstpricedate,1994-09-16,1997-12-31
FNMA,199135,199135,firstpricedate,1986-01-01,1997-12-31
NNN,198651,198651,firstpricedate,1990-03-26,1997-12-31
ADBE,198450,198450,firstpricedate,1986-08-14,1997-12-31
AIV,197425,197425,firstpricedate,1994-07-22,1997-12-31
SF,198827,198827,firstpricedate,1986-01-01,1997-12-31
BCS,165922,165922,firstpricedate,1986-09-10,1997-12-31
TFX,199296,199296,firstpricedate,1988-02-18,1997-12-31
PLUS,196993,196993,firstpricedate,1996-11-15,1997-12-31
TV,124609,124609,firstpricedate,1993-12-14,1997-12-31
PEBO,199082,199082,firstpricedate,1993-02-11,1997-12-31
CLRO,198166,198166,firstpricedate,1995-08-18,1997-12-31
GILT,190718,190718,firstpricedate,1993-03-26,1997-12-31
IRIX,197124,197124,firstpricedate,1996-02-16,1997-12-31
HOS,197996,197996,firstpricedate,1997-07-01,1997-12-31
PLXS,198526,198526,firstpricedate,1990-03-26,1997-12-31
SLM,196907,196907,firstpricedate,1988-01-05,1997-12-31
FOCL,191143,191143,firstpricedate,1997-08-01,1997-12-31
YPF,167008,167008,firstpricedate,1993-06-29,1997-12-31
MBOT,197838,197838,firstpricedate,1992-03-25,1997-12-31
JOUT,198514,198514,firstpricedate,1990-03-26,1997-12-31
IONS,197951,197951,firstpricedate,1991-05-17,1997-12-31
ALV,196892,196892,firstpricedate,1997-04-28,1997-12-31
IDXX,197942,197942,firstpricedate,1991-06-24,1997-12-31
NPK,199413,199413,firstpricedate,1987-12-30,1997-12-31
CIB,115437,115437,firstpricedate,1995-07-26,1997-12-31
UEIC,199249,199249,firstpricedate,1993-02-12,1997-12-31
CNP,195907,195907,firstpricedate,1986-01-01,1997-12-31
BEN,199705,199705,firstpricedate,1986-01-01,1997-12-31
T,198738,198738,firstpricedate,1986-01-01,1997-12-31
KBH,198455,198455,firstpricedate,1987-11-05,1997-12-31
PEP,199433,199433,firstpricedate,1986-01-01,1997-12-31
HBAN,199641,199641,firstpricedate,1990-03-26,1997-12-31
ATR,197675,197675,firstpricedate,1993-04-23,1997-12-31
CMT,196948,196948,firstpricedate,1988-09-16,1997-12-31
ALCO,199982,199982,firstpricedate,1986-01-01,1997-12-31
PHM,198273,198273,firstpricedate,1986-01-01,1997-12-31
MTRX,198005,198005,firstpricedate,1992-02-26,1997-12-31
RYAAY,167267,167267,firstpricedate,1997-06-02,1997-12-31
ZBRA,197915,197915,firstpricedate,1991-08-15,1997-12-31
HD,198999,198999,firstpricedate,1986-01-01,1997-12-31
IDA,196627,196627,firstpricedate,1986-10-17,1997-12-31
ASTC,197177,197177,firstpricedate,1995-12-21,1997-12-31
CTO,199816,199816,firstpricedate,1992-09-08,1997-12-31
MVIS,123681,123681,firstpricedate,1996-08-27,1997-12-31
SCHW,199093,199093,firstpricedate,1989-06-30,1997-12-31
CBSH,199833,199833,firstpricedate,1986-01-01,1997-12-31
IBM,199623,199623,firstpricedate,1986-01-01,1997-12-31
FORTY,189125,189125,firstpricedate,1997-10-20,1997-12-31
KO,199839,199839,firstpricedate,1986-01-01,1997-12-31
LECO,199574,199574,firstpricedate,1995-06-13,1997-12-31
FITB,199730,199730,firstpricedate,1990-03-26,1997-12-31
LEN,197459,197459,firstpricedate,1987-11-05,1997-12-31
LGL,199564,199564,firstpricedate,1992-03-19,1997-12-31
RCMT,198965,198965,firstpricedate,1995-08-18,1997-12-31
BDC,197550,197550,firstpricedate,1993-11-24,1997-12-31
WWW,199189,199189,firstpricedate,1986-01-01,1997-12-31
B,124666,124666,firstpricedate,1986-01-01,1997-12-31
HYAC.U,6401345,640462,category,Domestic Common Stock Secondary Class,Domestic Common Stock
HYAC.U,6401345,640462,siccode,3272,6770
HYAC.U,6401345,640462,sicsector,Manufacturing,Finance Insurance And Real Estate
HYAC.U,6401345,640462,sicindustry,Concrete Products Except Block & Brick,Blank Checks
HYAC.U,6401345,640462,famaindustry,Construction Materials,
HYAC.U,6401345,640462,sector,Basic Materials,Industrials
HYAC.U,6401345,640462,industry,Building Materials,Shell Companies
HYAC.U,6401345,640462,firstpricedate,2023-09-15,2026-09-18
MYGN,197641,197641,firstpricedate,1995-10-06,1997-12-31
BC,199887,199887,firstpricedate,1986-01-01,1997-12-31
GHI,196613,196613,firstpricedate,1986-04-02,1997-12-31
GILD,197859,197859,firstpricedate,1992-01-22,1997-12-31
NEOG,198902,198902,firstpricedate,1994-02-10,1997-12-31
FLL,197729,197729,firstpricedate,1993-08-17,1997-12-31
ATO,198743,198743,firstpricedate,1986-01-01,1997-12-31
HRTX,198302,198302,firstpricedate,1987-08-27,1997-12-31
MYE,199508,199508,firstpricedate,1987-09-08,1997-12-31
HST,196489,196489,firstpricedate,1986-01-01,1997-12-31
SAM,197214,197214,firstpricedate,1995-11-21,1997-12-31
USPH,197804,197804,firstpricedate,1992-05-29,1997-12-31
CTAS,198806,198806,firstpricedate,1989-03-14,1997-12-31
SIGI,199158,199158,firstpricedate,1990-03-26,1997-12-31
CM,124626,124626,firstpricedate,1997-11-13,1997-12-31
SMG,198251,198251,firstpricedate,1992-01-31,1997-12-31
GEOS,197195,197195,firstpricedate,1997-11-21,1997-12-31
NEU,195213,195213,firstpricedate,1986-01-01,1997-12-31
VSH,199235,199235,firstpricedate,1988-01-04,1997-12-31
GERN,197792,197792,firstpricedate,1996-07-31,1997-12-31
GPC,199681,199681,firstpricedate,1986-01-01,1997-12-31
SSD,197467,197467,firstpricedate,1994-05-26,1997-12-31
AKO.B,165534,165534,firstpricedate,1997-04-07,1997-12-31
AMGN,199084,199084,firstpricedate,1986-01-01,1997-12-31
USLM,199398,199398,firstpricedate,1990-03-26,1997-12-31
TPC,199432,199432,firstpricedate,1986-01-01,1997-12-31
UNH,198744,198744,firstpricedate,1990-03-26,1997-12-31
HHS,199662,199662,firstpricedate,1993-11-04,1997-12-31
URBN,197559,197559,firstpricedate,1993-11-09,1997-12-31
MIND,197390,197390,firstpricedate,1994-12-19,1997-12-31
MRSH,199558,199558,firstpricedate,1987-12-30,1997-12-31
MPAA,197494,197494,firstpricedate,1994-03-23,1997-12-31
SCSC,197484,197484,firstpricedate,1994-03-18,1997-12-31
GTIM,198254,198254,firstpricedate,1995-08-18,1997-12-31
HAL,199665,199665,firstpricedate,1986-01-01,1997-12-31
CSCO,198061,198061,firstpricedate,1990-03-26,1997-12-31
STBA,198842,198842,firstpricedate,1992-04-21,1997-12-31
BCO,199420,199420,firstpricedate,1996-01-03,1997-12-31
CI,198962,198962,firstpricedate,1986-01-01,1997-12-31
HMN,198110,198110,firstpricedate,1991-11-15,1997-12-31
HELE,197506,197506,firstpricedate,1990-03-26,1997-12-31
UIS,198678,198678,firstpricedate,1986-01-01,1997-12-31
LMT,197300,197300,firstpricedate,1986-01-01,1997-12-31
FICO,198325,198325,firstpricedate,1992-02-25,1997-12-31
FSS,199148,199148,firstpricedate,1986-01-01,1997-12-31
FIZZ,199503,199503,firstpricedate,1991-09-16,1997-12-31
WSFS,198231,198231,firstpricedate,1990-03-26,1997-12-31
GHM,198866,198866,firstpricedate,1992-03-17,1997-12-31
TRNS,199277,199277,firstpricedate,1990-03-27,1997-12-31
GLW,199811,199811,firstpricedate,1986-01-01,1997-12-31
OTEX,197167,197167,firstpricedate,1996-01-24,1997-12-31
RDCM,123165,123165,firstpricedate,1997-09-25,1997-12-31
FLS,199768,199768,firstpricedate,1990-03-26,1997-12-31
HURC,199104,199104,firstpricedate,1989-09-05,1997-12-31
SLB,199371,199371,firstpricedate,1986-01-01,1997-12-31
WEYS,199213,199213,firstpricedate,1990-03-26,1997-12-31
CL,199836,199836,firstpricedate,1986-01-01,1997-12-31
MEOH,165675,165675,firstpricedate,1992-05-19,1997-12-31
FNB,199714,199714,firstpricedate,1993-03-04,1997-12-31
NVS,166171,166171,firstpricedate,1996-11-07,1997-12-31
CRMT,198422,198422,firstpricedate,1993-11-09,1997-12-31
FOSL,197843,197843,firstpricedate,1993-04-08,1997-12-31
FISV,198439,198439,firstpricedate,1990-03-26,1997-12-31
ADM,199944,199944,firstpricedate,1986-01-01,1997-12-31
SWX,199334,199334,firstpricedate,1987-12-30,1997-12-31
PNW,198610,198610,firstpricedate,1986-01-01,1997-12-31
UVV,199248,199248,firstpricedate,1988-01-05,1997-12-31
GHC,199229,199229,firstpricedate,1990-01-24,1997-12-31
RAND,199399,199399,firstpricedate,1995-08-18,1997-12-31
VALU,198856,198856,firstpricedate,1995-08-18,1997-12-31
GSK,124683,124683,firstpricedate,1986-07-09,1997-12-31
RAVE,198853,198853,firstpricedate,1993-09-01,1997-12-31
CMTL,199824,199824,firstpricedate,1992-02-18,1997-12-31
WFC,199475,199475,firstpricedate,1986-01-01,1997-12-31
USB,199727,199727,firstpricedate,1986-01-01,1997-12-31
SLSN,644184,644184,firstpricedate,1997-11-26,1997-12-31
HUBG,197290,197290,firstpricedate,1996-03-13,1997-12-31
CRUS,198573,198573,firstpricedate,1990-03-26,1997-12-31
AZZ,199923,199923,firstpricedate,1986-01-01,1997-12-31
OGE,197000,197000,firstpricedate,1987-12-30,1997-12-31
AES,197941,197941,firstpricedate,1991-06-26,1997-12-31
LHX,199181,199181,firstpricedate,1986-01-01,1997-12-31
FCNCA,198435,198435,firstpricedate,1992-02-25,1997-12-31
GAP,199692,199692,firstpricedate,1987-07-23,1997-12-31
BCRX,197852,197852,firstpricedate,1994-03-04,1997-12-31
INOD,197631,197631,firstpricedate,1993-08-11,1997-12-31
URI,196526,196526,firstpricedate,1997-12-18,1997-12-31
HAE,199126,199126,firstpricedate,1991-05-10,1997-12-31
HRB,199902,199902,firstpricedate,1986-11-12,1997-12-31
SEIC,199040,199040,firstpricedate,1990-03-26,1997-12-31
CMI,199799,199799,firstpricedate,1986-01-01,1997-12-31
VLO,196889,196889,firstpricedate,1997-08-01,1997-12-31
GCO,199865,199865,firstpricedate,1986-01-01,1997-12-31
QCRH,197618,197618,firstpricedate,1993-10-06,1997-12-31
BCDA,124723,124723,firstpricedate,1996-11-13,1997-12-31
RHP,196822,196822,firstpricedate,1991-10-24,1997-12-31
KEP,124678,124678,firstpricedate,1994-10-27,1997-12-31
BANR,197236,197236,firstpricedate,1995-11-01,1997-12-31
NHI,197913,197913,firstpricedate,1991-10-09,1997-12-31
GIII,198282,198282,firstpricedate,1990-03-26,1997-12-31
AUBN,198656,198656,firstpricedate,1995-09-11,1997-12-31
ORLY,197659,197659,firstpricedate,1993-04-23,1997-12-31
GTY,196676,196676,firstpricedate,1986-01-01,1997-12-31
FRME,198894,198894,firstpricedate,1992-02-25,1997-12-31
MAA,197561,197561,firstpricedate,1994-01-28,1997-12-31
SAH,196781,196781,firstpricedate,1997-11-12,1997-12-31
PLAB,198369,198369,firstpricedate,1990-03-26,1997-12-31
WMK,199221,199221,firstpricedate,1988-01-05,1997-12-31
LOW,199568,199568,firstpricedate,1986-01-01,1997-12-31
SYPR,198022,198022,firstpricedate,1994-05-19,1997-12-31
GWW,199150,199150,firstpricedate,1986-01-01,1997-12-31
UFI,199265,199265,firstpricedate,1990-03-26,1997-12-31
UMBF,199257,199257,firstpricedate,1990-03-27,1997-12-31
SPB,124758,124758,firstpricedate,1986-01-01,1997-12-31
TILE,198871,198871,firstpricedate,1986-01-01,1997-12-31
KAI,197794,197794,firstpricedate,1992-11-03,1997-12-31
CLFD,198449,198449,firstpricedate,1986-08-07,1997-12-31
VNO,197647,197647,firstpricedate,1988-01-05,1997-12-31
CPK,199852,199852,firstpricedate,1990-03-26,1997-12-31
ADSK,198583,198583,firstpricedate,1986-01-01,1997-12-31
POWI,198199,198199,firstpricedate,1997-12-12,1997-12-31
SUNE,199830,199830,firstpricedate,1990-03-26,1997-12-31
LH,197469,197469,firstpricedate,1990-03-29,1997-12-31
AEIS,197384,197384,firstpricedate,1995-11-17,1997-12-31
VICR,198648,198648,firstpricedate,1991-11-27,1997-12-31
CHE,199855,199855,firstpricedate,1986-01-01,1997-12-31
XEL,199477,199477,firstpricedate,1986-01-01,1997-12-31
ABT,199997,199997,firstpricedate,1986-01-01,1997-12-31
CSBR,124451,124451,firstpricedate,2007-02-02,2015-08-21
OSIS,196842,196842,firstpricedate,1997-10-02,1997-12-31
TSCO,197511,197511,firstpricedate,1994-02-18,1997-12-31
HMC,191013,191013,firstpricedate,1986-01-01,1997-12-31
GEF,199669,199669,firstpricedate,1996-02-28,1997-12-31
BBAR,119264,119264,firstpricedate,1993-11-24,1997-12-31
PPL,197439,197439,firstpricedate,1986-01-01,1997-12-31
SVC,197254,197254,firstpricedate,1995-08-17,1997-12-31
SHOO,197547,197547,firstpricedate,1993-12-13,1997-12-31
TBI,198585,198585,firstpricedate,1995-02-01,1997-12-31
TKR,199283,199283,firstpricedate,1986-01-01,1997-12-31
IVZ,197533,197533,firstpricedate,1995-08-25,1997-12-31
LUMN,199860,199860,firstpricedate,1987-11-05,1997-12-31
AVT,199925,199925,firstpricedate,1986-01-01,1997-12-31
MBI,198323,198323,firstpricedate,1987-07-02,1997-12-31
CDZI,198778,198778,firstpricedate,1990-03-28,1997-12-31
OHI,197769,197769,firstpricedate,1992-08-07,1997-12-31
TGB,124642,124642,firstpricedate,1994-06-02,1997-12-31
MD,197712,197712,firstpricedate,1995-09-20,1997-12-31
LCUT,197946,197946,firstpricedate,1991-06-05,1997-12-31
QGEN,191154,191154,firstpricedate,1996-06-28,1997-12-31
BFS,197612,197612,firstpricedate,1993-08-19,1997-12-31
BA,199900,199900,firstpricedate,1986-01-01,1997-12-31
CRWS,199802,199802,firstpricedate,1986-01-01,1997-12-31
IMO,199633,199633,firstpricedate,1986-07-16,1997-12-31
AMRN,197664,197664,firstpricedate,1993-04-05,1997-12-31
ALK,198600,198600,firstpricedate,1986-01-01,1997-12-31
OPCH,197064,197064,firstpricedate,1996-08-15,1997-12-31
GEN,198116,198116,firstpricedate,1990-03-26,1997-12-31
VMI,199243,199243,firstpricedate,1990-03-26,1997-12-31
TER,199292,199292,firstpricedate,1987-03-11,1997-12-31
AAPL,199059,199059,firstpricedate,1986-01-01,1997-12-31
TEO,167132,167132,firstpricedate,1994-12-09,1997-12-31
MLKN,199533,199533,firstpricedate,1990-03-26,1997-12-31
RDN,197739,197739,firstpricedate,1992-10-30,1997-12-31
ICCC,198360,198360,firstpricedate,1995-07-10,1997-12-31
AEG,166456,166456,firstpricedate,1986-01-01,1997-12-31
OCFC,197147,197147,firstpricedate,1996-07-03,1997-12-31
VSAT,198442,198442,firstpricedate,1996-12-03,1997-12-31
SR,195935,195935,firstpricedate,1987-11-05,1997-12-31
COR,195812,195812,firstpricedate,1995-04-04,1997-12-31
HDSN,197398,197398,firstpricedate,1994-11-02,1997-12-31
MAGN,199679,199679,firstpricedate,1986-01-01,1997-12-31
MCHP,198241,198241,firstpricedate,1993-03-19,1997-12-31
UNFI,197007,197007,firstpricedate,1996-11-01,1997-12-31
PRK,198392,198392,firstpricedate,1991-05-08,1997-12-31
SPH,197138,197138,firstpricedate,1996-02-29,1997-12-31
SONY,190337,190337,firstpricedate,1986-01-01,1997-12-31
WKC,198504,198504,firstpricedate,1990-07-30,1997-12-31
WY,199212,199212,firstpricedate,1986-01-01,1997-12-31
SRL,167180,167180,firstpricedate,1996-05-08,1997-12-31
RCL,197822,197822,firstpricedate,1993-04-28,1997-12-31
TLK,120382,120382,firstpricedate,1995-11-14,1997-12-31
APOG,199951,199951,firstpricedate,1986-01-01,1997-12-31
SPG,196561,196561,firstpricedate,1993-12-14,1997-12-31
BOH,199658,199658,firstpricedate,1986-01-01,1997-12-31
WOR,199201,199201,firstpricedate,1990-03-26,1997-12-31
INCY,197897,197897,firstpricedate,1993-11-04,1997-12-31
NSC,198952,198952,firstpricedate,1986-01-01,1997-12-31
TR,199281,199281,firstpricedate,1987-12-30,1997-12-31
REFR,198468,198468,firstpricedate,1993-12-20,1997-12-31
INTG,124734,124734,firstpricedate,1995-08-18,1997-12-31
PVH,199425,199425,firstpricedate,1987-07-10,1997-12-31
PRSU,197832,197832,firstpricedate,1986-01-01,1997-12-31
VIRC,198650,198650,firstpricedate,1992-03-17,1997-12-31
VRTX,197931,197931,firstpricedate,1991-07-24,1997-12-31
MTRN,196106,196106,firstpricedate,1986-01-01,1997-12-31
RNST,198875,198875,firstpricedate,1992-04-24,1997-12-31
SXI,199136,199136,firstpricedate,1987-12-30,1997-12-31
OCC,197206,197206,firstpricedate,1996-04-02,1997-12-31
NX,193658,193658,firstpricedate,1987-12-30,1997-12-31
IFF,199622,199622,firstpricedate,1986-01-01,1997-12-31
FRPH,198145,198145,firstpricedate,1990-03-26,1997-12-31
COO,198901,198901,firstpricedate,1986-01-01,1997-12-31
SGU,197168,197168,firstpricedate,1995-12-15,1997-12-31
NFE,111638,111638,category,Domestic Common Stock,Domestic Common Stock Primary Class
FUN,198363,198363,firstpricedate,1987-04-23,1997-12-31
JCI,124117,124117,firstpricedate,1986-01-01,1997-12-31
MLM,197513,197513,firstpricedate,1994-02-17,1997-12-31
SIM,121529,121529,firstpricedate,1995-08-18,1997-12-31
SM,197716,197716,firstpricedate,1992-12-21,1997-12-31
CPB,199877,199877,firstpricedate,1986-01-01,1997-12-31
CIVB,197260,197260,firstpricedate,1994-04-06,1997-12-31
CPSS,197759,197759,firstpricedate,1993-02-23,1997-12-31
PEG,198512,198512,firstpricedate,1986-01-01,1997-12-31
LINK,180388,180388,firstpricedate,1993-06-08,1997-12-31
FRT,199733,199733,firstpricedate,1986-01-01,1997-12-31
SEB,123651,123651,firstpricedate,1986-01-01,1997-12-31
GIS,199685,199685,firstpricedate,1986-01-01,1997-12-31
WAT,197199,197199,firstpricedate,1995-11-17,1997-12-31
UVE,197734,197734,firstpricedate,1994-12-08,1997-12-31
BRT,199888,199888,firstpricedate,1986-01-01,1997-12-31
PKX,166162,166162,firstpricedate,1994-10-14,1997-12-31
UUU,199247,199247,firstpricedate,1995-08-18,1997-12-31
MMM,199527,199527,firstpricedate,1986-01-01,1997-12-31
SU,124677,124677,firstpricedate,1993-12-01,1997-12-31
RTX,199251,199251,firstpricedate,1986-01-01,1997-12-31
SILC,189711,189711,firstpricedate,1994-02-18,1997-12-31
LCTX,197922,197922,firstpricedate,1992-03-06,1997-12-31
CSPI,198985,198985,firstpricedate,1990-03-27,1997-12-31
NYT,199490,199490,firstpricedate,1986-01-01,1997-12-31
PRGO,191345,191345,firstpricedate,1991-12-17,1997-12-31
HP,199653,199653,firstpricedate,1986-01-01,1997-12-31
WEC,198536,198536,firstpricedate,1986-01-01,1997-12-31
OCLTU,6401280,6401005,category,Domestic Common Stock,Domestic Common Stock Secondary Class
OCLTU,6401280,6401005,firstpricedate,2026-08-07,2026-09-11
CSR,198438,198438,firstpricedate,1997-10-17,1997-12-31
TWI,197643,197643,firstpricedate,1993-05-20,1997-12-31
HAS,199660,199660,firstpricedate,1986-01-01,1997-12-31
SUI,197562,197562,firstpricedate,1993-12-09,1997-12-31
JACK,198380,198380,firstpricedate,1992-03-05,1997-12-31
PBT,119215,119215,firstpricedate,1987-12-30,1997-12-31
RGR,199315,199315,firstpricedate,1990-03-26,1997-12-31
KELYA,199600,199600,firstpricedate,1990-03-26,1997-12-31
COHR,198289,198289,firstpricedate,1990-03-26,1997-12-31
OXY,198445,198445,firstpricedate,1986-01-01,1997-12-31
VHI,199577,199577,firstpricedate,1986-06-04,1997-12-31
MAN,197964,197964,firstpricedate,1988-10-05,1997-12-31
TATT,191029,191029,firstpricedate,1993-03-11,1997-12-31
LARK,195802,195802,firstpricedate,1994-03-28,1997-12-31
AROW,198858,198858,firstpricedate,1986-01-01,1997-12-31
ABCB,199032,199032,firstpricedate,1994-05-19,1997-12-31
TOL,198464,198464,firstpricedate,1987-12-30,1997-12-31
WAFD,197299,197299,firstpricedate,1990-03-26,1997-12-31
VZ,198739,198739,firstpricedate,1986-01-01,1997-12-31
FUNC,198619,198619,firstpricedate,1992-09-08,1997-12-31
HUBB,199643,199643,firstpricedate,1986-01-01,1997-12-31
RELL,198988,198988,firstpricedate,1990-03-26,1997-12-31
GBR,199218,199218,firstpricedate,1993-04-02,1997-12-31
GENC,199548,199548,firstpricedate,1986-01-01,1997-12-31
CRD.B,119318,119318,firstpricedate,1990-01-12,1997-12-31
GFF,199627,199627,firstpricedate,1986-01-01,1997-12-31
JOE,198686,198686,firstpricedate,1992-03-10,1997-12-31
SBUX,198229,198229,firstpricedate,1992-06-26,1997-12-31
TXNM,196079,196079,firstpricedate,1986-01-01,1997-12-31
TCI,198732,198732,firstpricedate,1987-11-05,1997-12-31
KEX,199592,199592,firstpricedate,1991-08-21,1997-12-31
CMCSA,195656,195656,firstpricedate,1988-07-07,1997-12-31
GBCI,197981,197981,firstpricedate,1992-01-27,1997-12-31
ARTNA,198028,198028,firstpricedate,1996-05-24,1997-12-31
AFL,199969,199969,firstpricedate,1986-01-01,1997-12-31
SANM,197663,197663,firstpricedate,1993-06-22,1997-12-31
WTRG,199426,199426,firstpricedate,1987-12-30,1997-12-31
NKTR,197616,197616,firstpricedate,1994-05-03,1997-12-31
CNTY,190852,190852,firstpricedate,1993-11-10,1997-12-31
SLP,196975,196975,firstpricedate,1997-06-19,1997-12-31
MRK,199137,199137,firstpricedate,1986-01-01,1997-12-31
ROST,198685,198685,firstpricedate,1986-07-09,1997-12-31
SCCO,197180,197180,firstpricedate,1996-01-05,1997-12-31
ORKA,197608,197608,firstpricedate,1997-08-08,1997-12-31
AIM,197238,197238,firstpricedate,1996-07-15,1997-12-31
CACC,197810,197810,firstpricedate,1992-06-05,1997-12-31
TROW,196042,196042,firstpricedate,1988-12-27,1997-12-31
CLB,197207,197207,firstpricedate,1995-09-21,1997-12-31
COP,195694,195694,firstpricedate,1986-01-01,1997-12-31
COLB,197784,197784,firstpricedate,1992-06-16,1997-12-31
WDFC,199223,199223,firstpricedate,1990-03-26,1997-12-31
LLY,199575,199575,firstpricedate,1986-01-01,1997-12-31
CAH,198823,198823,firstpricedate,1987-12-31,1997-12-31
WASH,198725,198725,firstpricedate,1995-08-18,1997-12-31
AIN,124624,124624,firstpricedate,1987-09-30,1997-12-31
KMB,199593,199593,firstpricedate,1986-01-01,1997-12-31
PLCE,196806,196806,firstpricedate,1997-09-19,1997-12-31
PRG,198929,198929,firstpricedate,1986-01-01,1997-12-31
THO,198757,198757,firstpricedate,1987-12-30,1997-12-31
UBCP,198746,198746,firstpricedate,1995-08-18,1997-12-31
PSMT,196807,196807,firstpricedate,1997-09-02,1997-12-31
COST,197593,197593,firstpricedate,1986-07-09,1997-12-31
SKT,197646,197646,firstpricedate,1993-05-28,1997-12-31
AIR,199998,199998,firstpricedate,1986-01-01,1997-12-31
TTE,166612,166612,firstpricedate,1991-10-25,1997-12-31
SBET,190927,190927,firstpricedate,1997-05-21,1997-12-31
HAIN,197586,197586,firstpricedate,1994-01-20,1997-12-31
MOV,199480,199480,firstpricedate,1993-09-30,1997-12-31
MATX,199984,199984,firstpricedate,1986-01-01,1997-12-31
NWPX,197187,197187,firstpricedate,1995-11-30,1997-12-31
ODC,199463,199463,firstpricedate,1990-03-26,1997-12-31
TNC,199295,199295,firstpricedate,1992-03-03,1997-12-31
KIM,197898,197898,firstpricedate,1991-11-22,1997-12-31
TCX,197596,197596,firstpricedate,1996-04-30,1997-12-31
MFIN,197209,197209,firstpricedate,1996-05-23,1997-12-31
PW,192151,192151,firstpricedate,1986-01-01,1997-12-31
MTN,198354,198354,firstpricedate,1997-02-04,1997-12-31
SSYS,190291,190291,firstpricedate,1994-10-21,1997-12-31
KMT,199599,199599,firstpricedate,1987-11-05,1997-12-31
CASY,198780,198780,firstpricedate,1986-01-01,1997-12-31
RAMP,198734,198734,firstpricedate,1986-01-01,1997-12-31
OXM,199453,199453,firstpricedate,1987-12-30,1997-12-31
GEL,196995,196995,firstpricedate,1996-11-27,1997-12-31
THRM,197633,197633,firstpricedate,1993-06-10,1997-12-31
PHI,166924,166924,firstpricedate,1986-01-01,1997-12-31
HWKN,199656,199656,firstpricedate,1993-10-27,1997-12-31
PPIH,197538,197538,firstpricedate,1989-12-15,1997-12-31
MS,197692,197692,firstpricedate,1993-02-23,1997-12-31
NUS,197001,197001,firstpricedate,1996-11-22,1997-12-31
SLGN,198112,198112,firstpricedate,1997-02-14,1997-12-31
NBN,198355,198355,firstpricedate,1987-08-20,1997-12-31
POCI,124505,124505,firstpricedate,1992-01-16,1997-12-31
XIIIU,6401342,6400965,category,Domestic Common Stock,Domestic Common Stock Secondary Class
XIIIU,6401342,6400965,firstpricedate,2026-07-31,2026-09-18
MO,198615,198615,firstpricedate,1986-01-01,1997-12-31
ALX,199983,199983,firstpricedate,1986-01-01,1997-12-31
UFCS,199259,199259,firstpricedate,1990-03-26,1997-12-31
TTI,198139,198139,firstpricedate,1990-04-03,1997-12-31
XRX,199200,199200,firstpricedate,1986-01-01,1997-12-31
HGBL,109540,109540,firstpricedate,1993-03-23,1997-12-31
RICK,197308,197308,firstpricedate,1995-10-13,1997-12-31
WHR,199210,199210,firstpricedate,1986-01-01,1997-12-31
LYTS,198623,198623,firstpricedate,1990-03-26,1997-12-31
REG,197582,197582,firstpricedate,1993-10-29,1997-12-31
JPM,199853,199853,firstpricedate,1986-01-01,1997-12-31
PPG,199416,199416,firstpricedate,1986-01-01,1997-12-31
YHGJ,196801,196801,firstpricedate,1997-11-05,1997-12-31
UTL,198635,198635,firstpricedate,1992-03-17,1997-12-31
SAN,119263,119263,firstpricedate,1988-01-05,1997-12-31
KMPR,198046,198046,firstpricedate,1991-09-18,1997-12-31
CCBG,198783,198783,firstpricedate,1997-02-03,1997-12-31
RRX,199394,199394,firstpricedate,1986-01-01,1997-12-31
LNG,199981,199981,firstpricedate,1994-04-28,1997-12-31
CLH,198266,198266,firstpricedate,1990-03-26,1997-12-31
MAYS,199610,199610,firstpricedate,1992-03-09,1997-12-31
CGNX,198102,198102,firstpricedate,1989-10-09,1997-12-31
COKE,199088,199088,firstpricedate,1990-03-26,1997-12-31
AFG,196804,196804,firstpricedate,1986-01-01,1997-12-31
WEN,199767,199767,firstpricedate,1992-03-17,1997-12-31
AUB,197839,197839,firstpricedate,1995-08-18,1997-12-31
MLI,199358,199358,firstpricedate,1991-02-25,1997-12-31
PDS,123665,123665,firstpricedate,1996-11-15,1997-12-31
MATW,199555,199555,firstpricedate,1994-08-10,1997-12-31
WDC,199216,199216,firstpricedate,1987-01-02,1997-12-31
RF,195225,195225,firstpricedate,1990-03-26,1997-12-31
KEY,199345,199345,firstpricedate,1987-11-05,1997-12-31
CCL,198314,198314,firstpricedate,1989-01-05,1997-12-31
SYY,199307,199307,firstpricedate,1986-01-01,1997-12-31
FWRD,197558,197558,firstpricedate,1993-11-16,1997-12-31
ADC,197501,197501,firstpricedate,1994-04-15,1997-12-31
SNFCA,199078,199078,firstpricedate,1987-08-12,1997-12-31
MGEE,195706,195706,firstpricedate,1990-03-26,1997-12-31
ALB,197514,197514,firstpricedate,1994-02-22,1997-12-31
OSBC,198973,198973,firstpricedate,1995-08-18,1997-12-31
ADTN,197392,197392,firstpricedate,1994-08-10,1997-12-31
UDR,199461,199461,firstpricedate,1990-03-07,1997-12-31
CRH,166672,166672,firstpricedate,1993-02-19,1997-12-31
ATI,197026,197026,firstpricedate,1996-08-15,1997-12-31
PENN,197445,197445,firstpricedate,1994-05-26,1997-12-31
SXT,199138,199138,firstpricedate,1988-01-05,1997-12-31
SRPT,197955,197955,firstpricedate,1997-06-04,1997-12-31
NEE,198642,198642,firstpricedate,1986-01-01,1997-12-31
UPBD,197328,197328,firstpricedate,1995-01-25,1997-12-31
RGCO,196505,196505,firstpricedate,1994-02-01,1997-12-31
KVHI,197113,197113,firstpricedate,1996-04-02,1997-12-31
TRIB,166224,166224,firstpricedate,1995-08-18,1997-12-31
RGS,198863,198863,firstpricedate,1991-06-21,1997-12-31
TCBK,198982,198982,firstpricedate,1993-04-20,1997-12-31
ATNI,197891,197891,firstpricedate,1991-11-14,1997-12-31
RES,198700,198700,firstpricedate,1987-12-30,1997-12-31
UHAL,199975,199975,firstpricedate,1994-11-04,1997-12-31
JOB,199686,199686,firstpricedate,1992-03-24,1997-12-31
REX,198692,198692,firstpricedate,1986-01-01,1997-12-31
RPM,199187,199187,firstpricedate,1990-03-26,1997-12-31
HVT.A,119307,119307,firstpricedate,1992-02-25,1997-12-31
XRAY,198301,198301,firstpricedate,1991-04-25,1997-12-31
SIGA,197099,197099,firstpricedate,1997-09-10,1997-12-31
NPKI,199489,199489,firstpricedate,1991-09-26,1997-12-31
GBX,197423,197423,firstpricedate,1994-07-14,1997-12-31
JLL,196853,196853,firstpricedate,1997-07-17,1997-12-31
MTG,197918,197918,firstpricedate,1991-08-07,1997-12-31
IART,197497,197497,firstpricedate,1995-08-16,1997-12-31
VYX,199494,199494,firstpricedate,1996-12-11,1997-12-31
RL,196866,196866,firstpricedate,1997-06-12,1997-12-31
BELFA,198761,198761,firstpricedate,1986-01-01,1997-12-31
RGEN,198756,198756,firstpricedate,1990-03-26,1997-12-31
PESI,197728,197728,firstpricedate,1995-08-18,1997-12-31
MLP,199554,199554,firstpricedate,1996-01-02,1997-12-31
TLACU,6401333,6401251,category,Domestic Common Stock,Domestic Common Stock Secondary Class
TLACU,6401333,6401251,firstpricedate,2026-09-01,2026-09-17
CP,191094,191094,firstpricedate,1986-01-01,1997-12-31
PGR,199410,199410,firstpricedate,1986-07-09,1997-12-31
CIA,123646,123646,firstpricedate,1988-12-05,1997-12-31
HVT,199171,199171,firstpricedate,1992-02-25,1997-12-31
MTB,199725,199725,firstpricedate,1991-10-04,1997-12-31
MIDD,198582,198582,firstpricedate,1992-03-17,1997-12-31
HXL,198857,198857,firstpricedate,1987-11-05,1997-12-31
NVO,123180,123180,firstpricedate,1986-01-01,1997-12-31
GNSS,124733,124733,firstpricedate,1997-05-09,1997-12-31
HOG,198465,198465,firstpricedate,1987-11-05,1997-12-31
PKOH,199441,199441,firstpricedate,1990-03-26,1997-12-31
BDL,199906,199906,firstpricedate,1986-01-01,1997-12-31
AEO,197482,197482,firstpricedate,1994-04-14,1997-12-31
HWC,198655,198655,firstpricedate,1991-06-04,1997-12-31
ALKS,192358,192358,firstpricedate,1991-07-16,1997-12-31
PCG,197145,197145,firstpricedate,1986-01-01,1997-12-31
THG,197263,197263,firstpricedate,1995-10-11,1997-12-31
OMC,199774,199774,firstpricedate,1990-03-26,1997-12-31
NSYS,198815,198815,firstpricedate,1993-06-24,1997-12-31
HTO,198595,198595,firstpricedate,1986-01-01,1997-12-31
WVVI,198171,198171,firstpricedate,1994-09-19,1997-12-31
PNR,199435,199435,firstpricedate,1986-01-01,1997-12-31
PPC,198412,198412,firstpricedate,1987-12-30,1997-12-31
TEVA,189782,189782,firstpricedate,1990-03-26,1997-12-31
UMH,198646,198646,firstpricedate,1993-12-06,1997-12-31
SKYW,198466,198466,firstpricedate,1990-03-26,1997-12-31
ING,121542,121542,firstpricedate,1996-11-18,1997-12-31
VGZ,198537,198537,firstpricedate,1990-04-30,1997-12-31
PG,199411,199411,firstpricedate,1986-01-01,1997-12-31
LWAY,198322,198322,firstpricedate,1995-08-18,1997-12-31
NC,198500,198500,firstpricedate,1986-01-01,1997-12-31
UNM,199965,199965,firstpricedate,1986-11-06,1997-12-31
IRS,166821,166821,firstpricedate,1994-12-20,1997-12-31
TULP,197930,197930,firstpricedate,1993-03-18,1997-12-31
MUR,198859,198859,firstpricedate,1986-01-01,1997-12-31
CHH,196744,196744,firstpricedate,1996-10-16,1997-12-31
STC,199318,199318,firstpricedate,1990-03-28,1997-12-31
NVR,197623,197623,firstpricedate,1986-01-01,1997-12-31
SNPS,197845,197845,firstpricedate,1992-02-26,1997-12-31
SNEX,197542,197542,firstpricedate,1996-11-19,1997-12-31
CPHC,197387,197387,firstpricedate,1994-12-15,1997-12-31
RIG,193333,193333,firstpricedate,1993-05-28,1997-12-31
BANF,198626,198626,firstpricedate,1990-03-26,1997-12-31
VSEC,199241,199241,firstpricedate,1995-08-18,1997-12-31
OZK,196850,196850,firstpricedate,1997-07-17,1997-12-31
UG,199258,199258,firstpricedate,1992-03-17,1997-12-31
NEN,120390,120390,firstpricedate,1995-08-18,1997-12-31
MAC,197567,197567,firstpricedate,1994-03-10,1997-12-31
OSUR,196023,196023,firstpricedate,1992-03-17,1997-12-31
TPL,199288,199288,firstpricedate,1987-12-31,1997-12-31
TAYD,199303,199303,firstpricedate,1995-08-18,1997-12-31
MSI,199513,199513,firstpricedate,1986-01-01,1997-12-31
MRTN,198431,198431,firstpricedate,1992-02-27,1997-12-31
R,199381,199381,firstpricedate,1986-01-01,1997-12-31
MKL,196216,196216,firstpricedate,1990-03-26,1997-12-31
VLGEA,199237,199237,firstpricedate,1990-03-27,1997-12-31
CIG,121527,121527,firstpricedate,1996-11-18,1997-12-31
CSX,199144,199144,firstpricedate,1986-01-01,1997-12-31
AVY,199927,199927,firstpricedate,1986-01-01,1997-12-31
MED,197587,197587,firstpricedate,1993-12-30,1997-12-31
WABC,199131,199131,firstpricedate,1992-03-17,1997-12-31
KWR,199400,199400,firstpricedate,1990-03-26,1997-12-31
SIG,198202,198202,firstpricedate,1994-11-01,1997-12-31
MSA,199529,199529,firstpricedate,1990-03-26,1997-12-31
RY,197204,197204,firstpricedate,1995-10-16,1997-12-31
RDNT,198491,198491,firstpricedate,1997-01-03,1997-12-31
JBL,197657,197657,firstpricedate,1993-05-03,1997-12-31
TFC,199336,199336,firstpricedate,1990-03-26,1997-12-31
AWR,196641,196641,firstpricedate,1990-03-26,1997-12-31
PNRG,199589,199589,firstpricedate,1995-08-23,1997-12-31
ICUI,197836,197836,firstpricedate,1992-03-31,1997-12-31
AEE,197165,197165,firstpricedate,1986-01-01,1997-12-31
GEO,197414,197414,firstpricedate,1994-07-28,1997-12-31
SQM,123716,123716,firstpricedate,1993-09-21,1997-12-31
OTTR,193209,193209,firstpricedate,1990-03-26,1997-12-31
CNI,189948,189948,firstpricedate,1996-11-26,1997-12-31
SNA,199346,199346,firstpricedate,1986-01-01,1997-12-31
AMD,199991,199991,firstpricedate,1986-01-01,1997-12-31
CHDN,199849,199849,firstpricedate,1993-03-29,1997-12-31
VLY,198883,198883,firstpricedate,1990-03-23,1997-12-31
SIRI,197600,197600,firstpricedate,1994-09-13,1997-12-31
NSSC,199506,199506,firstpricedate,1990-03-26,1997-12-31
VERU,198024,198024,firstpricedate,1990-07-19,1997-12-31
CPT,197620,197620,firstpricedate,1993-07-22,1997-12-31
VCEL,197783,197783,firstpricedate,1997-02-04,1997-12-31
NJR,198979,198979,firstpricedate,1987-12-30,1997-12-31
AXGN,198390,198390,firstpricedate,1990-03-27,1997-12-31
HON,198566,198566,firstpricedate,1986-01-01,1997-12-31
CLMB,197246,197246,firstpricedate,1995-07-18,1997-12-31
OFG,196921,196921,firstpricedate,1990-03-29,1997-12-31
TTEC,197069,197069,firstpricedate,1996-08-01,1997-12-31
HPQ,199650,199650,firstpricedate,1986-01-01,1997-12-31
PDEX,198510,198510,firstpricedate,1995-08-18,1997-12-31
TACT,197046,197046,firstpricedate,1996-08-22,1997-12-31
IHT,199396,199396,firstpricedate,1987-12-30,1997-12-31
TTWO,197239,197239,firstpricedate,1997-04-15,1997-12-31
HRL,199645,199645,firstpricedate,1990-01-02,1997-12-31
OSK,198560,198560,firstpricedate,1990-03-26,1997-12-31
PTEN,197758,197758,firstpricedate,1993-11-02,1997-12-31
TLF,197595,197595,firstpricedate,1993-09-27,1997-12-31
IBCP,199697,199697,firstpricedate,1986-01-01,1997-12-31
THC,199501,199501,firstpricedate,1986-01-01,1997-12-31
WM,198260,198260,firstpricedate,1991-09-30,1997-12-31
CLX,199841,199841,firstpricedate,1986-01-01,1997-12-31
TRN,199275,199275,firstpricedate,1987-12-30,1997-12-31
BAC,199495,199495,firstpricedate,1986-05-29,1997-12-31
ITIC,198825,198825,firstpricedate,1990-03-27,1997-12-31
VEON,165582,165582,firstpricedate,1996-11-15,1997-12-31
CHD,199120,199120,firstpricedate,1986-03-06,1997-12-31
ORI,199460,199460,firstpricedate,1990-03-26,1997-12-31
FTEK,198126,198126,firstpricedate,1993-09-07,1997-12-31
COHU,199837,199837,firstpricedate,1986-11-12,1997-12-31
AKO.A,119323,119323,firstpricedate,1994-07-07,1997-12-31
USNA,197679,197679,firstpricedate,1995-02-01,1997-12-31
STZ,199876,199876,firstpricedate,1992-03-17,1997-12-31
SWK,199324,199324,firstpricedate,1986-01-01,1997-12-31
IEP,124754,124754,firstpricedate,1987-07-24,1997-12-31
WWR,198169,198169,firstpricedate,1989-01-10,1997-12-31
TSN,199271,199271,firstpricedate,1986-07-09,1997-12-31
INVE,196876,196876,firstpricedate,1997-10-07,1997-12-31
HIFS,119252,119252,firstpricedate,1992-02-25,1997-12-31
UNP,199262,199262,firstpricedate,1986-01-01,1997-12-31
IDT,197129,197129,firstpricedate,1996-03-15,1997-12-31
PAYX,198804,198804,firstpricedate,1988-11-07,1997-12-31
GRML,638383,638383,sector,Healthcare,Basic Materials
GRML,638383,638383,industry,Biotechnology,Other Precious Metals & Mining
RMCF,178766,178766,firstpricedate,1993-11-09,1997-12-31
GT,199675,199675,firstpricedate,1986-01-01,1997-12-31
OLED,197135,197135,firstpricedate,1996-04-12,1997-12-31
SPGI,199551,199551,firstpricedate,1986-01-01,1997-12-31
TT,193213,193213,firstpricedate,1986-01-01,1997-12-31
WLYB,119306,119306,firstpricedate,1995-10-19,1997-12-31
BAP,124611,124611,firstpricedate,1995-10-25,1997-12-31
RJF,198830,198830,firstpricedate,1987-12-30,1997-12-31
CRD.A,199806,199806,firstpricedate,1992-03-19,1997-12-31
SHW,199357,199357,firstpricedate,1986-01-01,1997-12-31
LXP,197590,197590,firstpricedate,1993-10-22,1997-12-31
CNMD,198308,198308,firstpricedate,1990-03-26,1997-12-31
TK,189209,189209,firstpricedate,1995-07-20,1997-12-31
AZN,124621,124621,firstpricedate,1993-05-17,1997-12-31
AMSC,197867,197867,firstpricedate,1991-12-12,1997-12-31
IBOC,199101,199101,firstpricedate,1996-05-30,1997-12-31
WLY,199209,199209,firstpricedate,1990-03-26,1997-12-31
MT,166287,166287,firstpricedate,1997-08-07,1997-12-31
SO,199337,199337,firstpricedate,1986-01-01,1997-12-31
SCHL,197998,197998,firstpricedate,1992-02-25,1997-12-31
RIO,124592,124592,firstpricedate,1990-06-28,1997-12-31
MDU,199517,199517,firstpricedate,1987-11-05,1997-12-31
AEP,199972,199972,firstpricedate,1986-01-01,1997-12-31
UL,124273,124273,firstpricedate,1988-01-04,1997-12-31
CHNR,119247,119247,firstpricedate,1995-08-08,1997-12-31
SJM,199347,199347,firstpricedate,1994-10-31,1997-12-31
UBSI,198760,198760,firstpricedate,1990-03-26,1997-12-31
HNI,199646,199646,firstpricedate,1990-03-26,1997-12-31
HUM,199642,199642,firstpricedate,1986-01-01,1997-12-31
WGO,199207,199207,firstpricedate,1986-01-01,1997-12-31
PAAS,124458,124458,firstpricedate,1995-06-12,1997-12-31
CTBI,199042,199042,firstpricedate,1993-05-17,1997-12-31
MHK,198097,198097,firstpricedate,1992-04-01,1997-12-31
BBVA,119260,119260,firstpricedate,1988-12-15,1997-12-31
BBWI,198953,198953,firstpricedate,1986-01-01,1997-12-31
KELYB,119310,119310,firstpricedate,1995-08-18,1997-12-31
GPK,193892,193892,firstpricedate,1992-12-10,1997-12-31
GPI,196914,196914,firstpricedate,1997-10-30,1997-12-31
BHC,197808,197808,firstpricedate,1994-03-30,1997-12-31
IEX,198207,198207,firstpricedate,1989-06-30,1997-12-31
TRC,199298,199298,firstpricedate,1992-03-17,1997-12-31
TISI,199077,199077,firstpricedate,1992-03-17,1997-12-31
STRA,197068,197068,firstpricedate,1996-07-26,1997-12-31
PRMB,197824,197824,firstpricedate,1992-06-16,1997-12-31
AEHR,196830,196830,firstpricedate,1997-08-15,1997-12-31
ROCK,197563,197563,firstpricedate,1993-11-05,1997-12-31
AMACU,6401272,6399765,category,Domestic Common Stock,Domestic Common Stock Secondary Class
AMACU,6401272,6399765,firstpricedate,2026-07-17,2026-09-08
NTRS,199471,199471,firstpricedate,1990-03-26,1997-12-31
MSEX,199534,199534,firstpricedate,1990-03-26,1997-12-31
O,198782,198782,firstpricedate,1994-10-18,1997-12-31
NOVT,196441,196441,firstpricedate,1995-09-22,1997-12-31
BCPC,199919,199919,firstpricedate,1986-06-03,1997-12-31
IRM,197010,197010,firstpricedate,1996-02-01,1997-12-31
HLIO,196960,196960,firstpricedate,1997-01-09,1997-12-31
TRP,189410,189410,firstpricedate,1987-12-30,1997-12-31
BH,199320,199320,firstpricedate,1992-02-25,1997-12-31
NFG,199502,199502,firstpricedate,1987-09-01,1997-12-31
HLIT,198100,198100,firstpricedate,1995-05-24,1997-12-31
NNBR,197492,197492,firstpricedate,1994-03-15,1997-12-31
BHB,198696,198696,firstpricedate,1997-09-23,1997-12-31
TSEM,190448,190448,firstpricedate,1994-10-26,1997-12-31
MSFT,198508,198508,firstpricedate,1986-03-13,1997-12-31
SRI,196782,196782,firstpricedate,1997-10-10,1997-12-31
RWT,197354,197354,firstpricedate,1995-08-04,1997-12-31
IOR,124747,124747,firstpricedate,1992-03-17,1997-12-31
SGC,199309,199309,firstpricedate,1992-03-17,1997-12-31
TM,190232,190232,firstpricedate,1986-01-01,1997-12-31
STRL,197948,197948,firstpricedate,1995-08-22,1997-12-31
NSIT,197332,197332,firstpricedate,1995-01-25,1997-12-31
GL,199058,199058,firstpricedate,1987-12-30,1997-12-31
CPF,198959,198959,firstpricedate,1990-03-26,1997-12-31
MERC,124179,124179,firstpricedate,1990-03-26,1997-12-31
PZZA,197638,197638,firstpricedate,1993-06-08,1997-12-31
MTD,196859,196859,firstpricedate,1997-11-14,1997-12-31
BDN,198487,198487,firstpricedate,1986-07-24,1997-12-31
CNOB,198891,198891,firstpricedate,1996-05-30,1997-12-31
PBI,199421,199421,firstpricedate,1986-01-01,1997-12-31
IIIN,198614,198614,firstpricedate,1992-03-17,1997-12-31
HSIC,197208,197208,firstpricedate,1995-11-03,1997-12-31
BBSI,197635,197635,firstpricedate,1993-06-14,1997-12-31
AN,199047,199047,firstpricedate,1992-03-03,1997-12-31
KGC,124655,124655,firstpricedate,1994-10-19,1997-12-31
HE,199003,199003,firstpricedate,1987-11-05,1997-12-31
CMS,198366,198366,firstpricedate,1986-01-01,1997-12-31
NLY,196785,196785,firstpricedate,1997-10-08,1997-12-31
BCE,124625,124625,firstpricedate,1986-01-01,1997-12-31
WTS,198454,198454,firstpricedate,1986-01-02,1997-12-31
IDCC,193922,193922,firstpricedate,1990-03-26,1997-12-31
TD,124682,124682,firstpricedate,1996-08-30,1997-12-31
WINA,197603,197603,firstpricedate,1993-08-25,1997-12-31
TMP,197126,197126,firstpricedate,1990-03-28,1997-12-31
LOGI,196901,196901,firstpricedate,1997-03-31,1997-12-31
TECH,198159,198159,firstpricedate,1992-12-09,1997-12-31
LUV,199335,199335,firstpricedate,1986-01-01,1997-12-31
HTLD,198429,198429,firstpricedate,1990-03-26,1997-12-31
WRB,199907,199907,firstpricedate,1986-01-01,1997-12-31
RML,6401339,170615,category,Domestic Common Stock,ADR Common Stock
RML,6401339,170615,siccode,2253,1040
RML,6401339,170615,sicsector,Manufacturing,Mining
RML,6401339,170615,sicindustry,Knit Outerwear Mills,Gold And Silver Ores
RML,6401339,170615,famaindustry,Textiles,
RML,6401339,170615,sector,Consumer Cyclical,Basic Materials
RML,6401339,170615,industry,Textile Manufacturing,Other Industrial Metals & Mining
RML,6401339,170615,firstpricedate,1986-01-01,2026-09-09
SAP,166758,166758,firstpricedate,1995-09-18,1997-12-31
TMO,199287,199287,firstpricedate,1987-09-01,1997-12-31
HIW,197457,197457,firstpricedate,1994-06-08,1997-12-31
PII,197346,197346,firstpricedate,1987-09-16,1997-12-31
TGT,199795,199795,firstpricedate,1986-01-01,1997-12-31
INTZ,198730,198730,firstpricedate,1992-05-21,1997-12-31
AMAT,199948,199948,firstpricedate,1986-01-01,1997-12-31
MGPI,198193,198193,firstpricedate,1990-03-26,1997-12-31
PEGA,197071,197071,firstpricedate,1996-07-19,1997-12-31
GYRO,119258,119258,firstpricedate,2015-10-01,2015-09-01
WELL,198597,198597,firstpricedate,1992-03-17,1997-12-31
BF.B,199890,199890,firstpricedate,1986-01-01,1997-12-31
TSM,165889,165889,firstpricedate,1997-10-09,1997-12-31
CSV,197053,197053,firstpricedate,1996-08-09,1997-12-31
NEON,199372,199372,firstpricedate,1992-03-03,1997-12-31
ALNT,199659,199659,firstpricedate,1992-02-25,1997-12-31
INTT,123568,123568,firstpricedate,1997-06-17,1997-12-31
VMRK,197624,197624,firstpricedate,1993-08-12,1997-12-31
AEM,124667,124667,firstpricedate,1986-01-01,1997-12-31
TDS,196694,196694,firstpricedate,1991-09-18,1997-12-31
JAKK,197103,197103,firstpricedate,1996-05-02,1997-12-31
WRLD,199202,199202,firstpricedate,1991-12-02,1997-12-31
SBCF,198752,198752,firstpricedate,1990-03-26,1997-12-31
MTZ,199884,199884,firstpricedate,1986-01-01,1997-12-31
NEM,195674,195674,firstpricedate,1986-01-01,1997-12-31
NOK,187925,187925,firstpricedate,1994-01-03,1997-12-31
NVEC,198792,198792,firstpricedate,1996-09-11,1997-12-31
MUX,199118,199118,firstpricedate,1986-01-01,1997-12-31
LRCX,198922,198922,firstpricedate,1990-03-26,1997-12-31
CRS,199872,199872,firstpricedate,1987-11-05,1997-12-31
TRST,198971,198971,firstpricedate,1986-01-01,1997-12-31
TTC,198724,198724,firstpricedate,1987-12-30,1997-12-31
STM,190148,190148,firstpricedate,1994-12-08,1997-12-31
NHC,196732,196732,firstpricedate,1987-01-20,1997-12-31
SSL,121551,121551,firstpricedate,1986-01-01,1997-12-31
IMKTA,199628,199628,firstpricedate,1990-03-26,1997-12-31
MTAKU,6401334,6400908,category,Domestic Common Stock,Domestic Common Stock Secondary Class
MTAKU,6401334,6400908,firstpricedate,2026-07-24,2026-09-17
LSCC,198079,198079,firstpricedate,1990-03-26,1997-12-31
AMZN,197029,197029,firstpricedate,1997-05-16,1997-12-31
SHEL,166921,166921,firstpricedate,1986-01-01,1997-12-31
WAB,197276,197276,firstpricedate,1995-06-16,1997-12-31
CPRT,197640,197640,firstpricedate,1994-03-17,1997-12-31
RHI,199108,199108,firstpricedate,1992-03-10,1997-12-31
UHT,198436,198436,firstpricedate,1987-11-05,1997-12-31
CTS,199801,199801,firstpricedate,1987-11-05,1997-12-31
BHE,198026,198026,firstpricedate,1990-06-28,1997-12-31
UFPT,197534,197534,firstpricedate,1993-12-17,1997-12-31
ANDE,198281,198281,firstpricedate,1996-02-20,1997-12-31
USAU,199796,199796,firstpricedate,1992-03-17,1997-12-31
VIAV,197570,197570,firstpricedate,1993-11-17,1997-12-31
BHP,124612,124612,firstpricedate,1987-05-29,1997-12-31
ODFL,197900,197900,firstpricedate,1991-10-24,1997-12-31
RELX,121519,121519,firstpricedate,1994-10-07,1997-12-31
CULP,198802,198802,firstpricedate,1990-03-26,1997-12-31
MNST,198010,198010,firstpricedate,1995-08-18,1997-12-31
OLN,199459,199459,firstpricedate,1987-12-30,1997-12-31
TRT,198742,198742,firstpricedate,1995-05-12,1997-12-31
CUZ,199808,199808,firstpricedate,1990-03-26,1997-12-31
ANF,197028,197028,firstpricedate,1996-09-26,1997-12-31
CVBF,199006,199006,firstpricedate,1992-03-17,1997-12-31
BIIB,197935,197935,firstpricedate,1991-09-17,1997-12-31
KMX,195621,195621,firstpricedate,1997-02-04,1997-12-31
CVLG,197366,197366,firstpricedate,1994-10-28,1997-12-31
AAME,199933,199933,firstpricedate,1986-01-01,1997-12-31
CVM,198790,198790,firstpricedate,1991-10-10,1997-12-31
SCWO,109467,109467,firstpricedate,1996-05-17,1997-12-31
BIO,199905,199905,firstpricedate,1986-01-01,1997-12-31
CVR,199851,199851,firstpricedate,1992-02-28,1997-12-31
ULBI,197926,197926,firstpricedate,1992-12-23,1997-12-31
CVS,199546,199546,firstpricedate,1986-01-01,1997-12-31
CVSA,198754,198754,firstpricedate,1991-06-28,1997-12-31
PBHC,187433,187433,firstpricedate,1996-05-30,1997-12-31
CVU,197762,197762,firstpricedate,1993-02-19,1997-12-31
CVX,199327,199327,firstpricedate,1986-01-01,1997-12-31
CW,199798,199798,firstpricedate,1987-11-05,1997-12-31
ANIK,197656,197656,firstpricedate,1993-05-04,1997-12-31
HCSG,198750,198750,firstpricedate,1990-03-26,1997-12-31
CWCO,197371,197371,firstpricedate,1995-06-01,1997-12-31
ANIX,198874,198874,firstpricedate,1989-04-12,1997-12-31
CWST,189631,189631,firstpricedate,1997-10-29,1997-12-31
CWT,196887,196887,firstpricedate,1990-03-26,1997-12-31
SMTC,199363,199363,firstpricedate,1992-03-17,1997-12-31
CXT,199807,199807,firstpricedate,1986-01-01,1997-12-31
CXW,196487,196487,firstpricedate,1997-07-15,1997-12-31
LAD,196984,196984,firstpricedate,1996-12-18,1997-12-31
CYD,124150,124150,firstpricedate,1994-12-19,1997-12-31
BJRI,197075,197075,firstpricedate,1996-10-10,1997-12-31
RGLD,199383,199383,firstpricedate,1990-03-26,1997-12-31
RNAQU,6401294,6401228,category,Domestic Common Stock,Domestic Common Stock Secondary Class
RNAQU,6401294,6401228,firstpricedate,2026-08-27,2026-09-15
L,199571,199571,firstpricedate,1987-07-10,1997-12-31
HWM,199977,199977,firstpricedate,1986-01-01,1997-12-31
BKE,197818,197818,firstpricedate,1992-05-11,1997-12-31
SID,121525,121525,firstpricedate,1996-11-18,1997-12-31
ACFN,124504,124504,firstpricedate,1992-02-11,1997-12-31
MMSI,198074,198074,firstpricedate,1992-02-26,1997-12-31
BKH,195905,195905,firstpricedate,1986-01-01,1997-12-31
CZNC,198367,198367,firstpricedate,1996-05-30,1997-12-31
D,198869,198869,firstpricedate,1986-01-01,1997-12-31
KSS,197807,197807,firstpricedate,1992-05-19,1997-12-31
DAIO,199027,199027,firstpricedate,1990-03-26,1997-12-31
DAKT,197518,197518,firstpricedate,1994-02-10,1997-12-31
SKY,199350,199350,firstpricedate,1986-01-01,1997-12-31
BKTI,199992,199992,firstpricedate,1986-01-01,1997-12-31
DAR,197507,197507,firstpricedate,1994-09-09,1997-12-31
AGCO,197879,197879,firstpricedate,1992-04-20,1997-12-31
ACGL,197231,197231,firstpricedate,1995-09-14,1997-12-31
SMSI,197225,197225,firstpricedate,1995-09-19,1997-12-31
BKYI,121780,121780,firstpricedate,1997-02-21,1997-12-31
DB,166505,166505,firstpricedate,1996-11-18,1997-12-31
BLDP,123653,123653,firstpricedate,1995-11-08,1997-12-31
BLFS,198194,198194,firstpricedate,1992-05-26,1997-12-31
AON,199105,199105,firstpricedate,1986-01-01,1997-12-31
AAON,198259,198259,firstpricedate,1992-12-16,1997-12-31
DCI,199780,199780,firstpricedate,1987-06-18,1997-12-31
VTR,198716,198716,firstpricedate,1997-05-05,1997-12-31
DCO,199772,199772,firstpricedate,1986-01-01,1997-12-31
TU,124622,124622,firstpricedate,1996-06-11,1997-12-31
WSO,199225,199225,firstpricedate,1986-01-01,1997-12-31
OII,199467,199467,firstpricedate,1990-03-26,1997-12-31
AORT,198532,198532,firstpricedate,1993-02-12,1997-12-31
POWL,199412,199412,firstpricedate,1990-03-26,1997-12-31
AOS,199349,199349,firstpricedate,1986-01-01,1997-12-31
HEI,199655,199655,firstpricedate,1992-03-17,1997-12-31
STLD,196988,196988,firstpricedate,1996-11-22,1997-12-31
DD,199776,199776,firstpricedate,1986-01-01,1997-12-31
AP,199961,199961,firstpricedate,1986-01-01,1997-12-31
DDD,197580,197580,firstpricedate,1990-11-05,1997-12-31
APA,199952,199952,firstpricedate,1986-01-01,1997-12-31
ACH,199454,199454,firstpricedate,1988-12-16,1997-12-31
DDS,199785,199785,firstpricedate,1989-06-30,1997-12-31
DE,199109,199109,firstpricedate,1986-01-01,1997-12-31
DECK,197584,197584,firstpricedate,1993-10-15,1997-12-31
TGTX,197188,197188,firstpricedate,1995-12-14,1997-12-31
NWBI,193167,193167,firstpricedate,1994-11-08,1997-12-31
LSTR,198090,198090,firstpricedate,1993-03-05,1997-12-31
DEO,124596,124596,firstpricedate,1996-05-13,1997-12-31
BLX,191205,191205,firstpricedate,1992-09-24,1997-12-31
OFIX,197827,197827,firstpricedate,1992-04-24,1997-12-31
NDSN,199483,199483,firstpricedate,1990-03-26,1997-12-31
NOV,196999,196999,firstpricedate,1996-10-29,1997-12-31
KFRC,197351,197351,firstpricedate,1995-08-15,1997-12-31
AGM,198132,198132,firstpricedate,1995-08-18,1997-12-31
APD,199989,199989,firstpricedate,1986-01-01,1997-12-31
RCI,124618,124618,firstpricedate,1996-01-11,1997-12-31
ACHV,124500,124500,firstpricedate,1995-10-13,1997-12-31
TG,198107,198107,firstpricedate,1990-01-12,1997-12-31
BMI,199922,199922,firstpricedate,1986-01-01,1997-12-31
DGICB,119291,119291,firstpricedate,1990-03-26,1997-12-31
DGII,198085,198085,firstpricedate,1990-03-26,1997-12-31
PRGS,197923,197923,firstpricedate,1991-08-05,1997-12-31
BMO,124673,124673,firstpricedate,1994-10-27,1997-12-31
DGX,196997,196997,firstpricedate,1996-12-26,1997-12-31
BMRA,123744,123744,firstpricedate,1986-01-01,1997-12-31
APH,198290,198290,firstpricedate,1991-11-08,1997-12-31
DHI,197856,197856,firstpricedate,1992-06-05,1997-12-31
TJX,199196,199196,firstpricedate,1988-01-05,1997-12-31
DHR,199122,199122,firstpricedate,1987-11-05,1997-12-31
BMY,199891,199891,firstpricedate,1986-01-01,1997-12-31
BN,167282,167282,firstpricedate,1986-01-01,1997-12-31
POOL,197247,197247,firstpricedate,1995-10-13,1997-12-31
AGM.A,119324,119324,firstpricedate,1996-05-30,1997-12-31
RIME,124528,124528,firstpricedate,1994-11-11,1997-12-31
KOPN,198580,198580,firstpricedate,1992-04-15,1997-12-31
DIN,199635,199635,firstpricedate,1991-07-12,1997-12-31
DINO,199647,199647,firstpricedate,1992-03-17,1997-12-31
DIOD,199784,199784,firstpricedate,1992-03-17,1997-12-31
DIS,197197,197197,firstpricedate,1986-01-01,1997-12-31
QCOM,198399,198399,firstpricedate,1991-12-16,1997-12-31
DIT,197369,197369,firstpricedate,1995-08-04,1997-12-31
SENEB,119297,119297,firstpricedate,1990-03-26,1997-12-31
DJCO,198535,198535,firstpricedate,1992-02-28,1997-12-31
MGM,198503,198503,firstpricedate,1990-01-12,1997-12-31
DLHC,198527,198527,firstpricedate,1995-08-18,1997-12-31
PKE,199442,199442,firstpricedate,1987-12-30,1997-12-31
ACIW,197309,197309,firstpricedate,1995-02-27,1997-12-31
BNY,194111,194111,firstpricedate,1986-01-01,1997-12-31
STAA,198847,198847,firstpricedate,1992-03-02,1997-12-31
DLTR,197305,197305,firstpricedate,1995-03-09,1997-12-31
DLX,199790,199790,firstpricedate,1987-07-23,1997-12-31
NBR,195680,195680,firstpricedate,1991-02-28,1997-12-31
KLIC,199587,199587,firstpricedate,1990-03-26,1997-12-31
J,199614,199614,firstpricedate,1990-01-12,1997-12-31
DMC,196731,196731,firstpricedate,1997-10-24,1997-12-31
MDT,170416,170416,firstpricedate,1986-01-01,1997-12-31
NOC,195878,195878,firstpricedate,1986-01-01,1997-12-31
PAG,197016,197016,firstpricedate,1996-10-23,1997-12-31
BOKF,197929,197929,firstpricedate,1991-09-05,1997-12-31
ORCL,194684,194684,firstpricedate,1986-03-12,1997-12-31
MGA,191238,191238,firstpricedate,1990-03-26,1997-12-31
UNF,198854,198854,firstpricedate,1988-01-05,1997-12-31
LKFN,198819,198819,firstpricedate,1997-08-14,1997-12-31
BOOM,199740,199740,firstpricedate,1989-01-05,1997-12-31
DOC,198602,198602,firstpricedate,1987-11-05,1997-12-31
OPK,197257,197257,firstpricedate,1995-11-02,1997-12-31
BOSC,190735,190735,firstpricedate,1996-04-02,1997-12-31
DOMH,124746,124746,firstpricedate,1986-01-01,1997-12-31
DORM,197978,197978,firstpricedate,1991-03-12,1997-12-31
NAII,198515,198515,firstpricedate,1993-10-28,1997-12-31
DOV,199777,199777,firstpricedate,1986-01-01,1997-12-31
MMS,196904,196904,firstpricedate,1997-06-13,1997-12-31
HIHO,191145,191145,firstpricedate,1996-12-11,1997-12-31
NATH,199504,199504,firstpricedate,1993-02-26,1997-12-31
BP,187953,187953,firstpricedate,1986-01-01,1997-12-31
NRIM,195687,195687,firstpricedate,1993-10-25,1997-12-31
ITRI,198543,198543,firstpricedate,1993-11-05,1997-12-31
DRD,116365,116365,firstpricedate,1996-09-30,1997-12-31
DRI,197289,197289,firstpricedate,1995-05-09,1997-12-31
BPOP,198620,198620,firstpricedate,1990-03-26,1997-12-31
LPX,199570,199570,firstpricedate,1986-01-01,1997-12-31
VFC,199238,199238,firstpricedate,1986-01-01,1997-12-31
DSGR,198944,198944,firstpricedate,1990-03-26,1997-12-31
MEI,199540,199540,firstpricedate,1990-03-23,1997-12-31
AMS,198687,198687,firstpricedate,1986-01-01,1997-12-31
MKC,199553,199553,firstpricedate,1990-03-26,1997-12-31
NWL,198326,198326,firstpricedate,1986-01-01,1997-12-31
DSWL,190048,190048,firstpricedate,1995-07-19,1997-12-31
NL,199488,199488,firstpricedate,1986-01-01,1997-12-31
BRC,198680,198680,firstpricedate,1986-01-01,1997-12-31
DTE,197304,197304,firstpricedate,1986-01-01,1997-12-31
AGX,199268,199268,firstpricedate,1995-10-13,1997-12-31
LAKE,198441,198441,firstpricedate,1990-03-26,1997-12-31
AGYS,199422,199422,firstpricedate,1990-03-26,1997-12-31
MPB,197890,197890,firstpricedate,1997-12-04,1997-12-31
TYL,198047,198047,firstpricedate,1987-12-30,1997-12-31
DUK,194830,194830,firstpricedate,1986-01-01,1997-12-31
DVA,197383,197383,firstpricedate,1995-10-31,1997-12-31
CSL,198498,198498,firstpricedate,1987-11-05,1997-12-31
INVX,196790,196790,firstpricedate,1997-10-23,1997-12-31
WWD,199203,199203,firstpricedate,1996-05-31,1997-12-31
DVN,196296,196296,firstpricedate,1992-03-17,1997-12-31
BRID,199893,199893,firstpricedate,1986-01-01,1997-12-31
REGN,197961,197961,firstpricedate,1991-04-02,1997-12-31
RFIL,198712,198712,firstpricedate,1997-05-30,1997-12-31
BRK.A,119497,119497,firstpricedate,1986-01-01,1997-12-31
AB,198257,198257,firstpricedate,1988-04-15,1997-12-31
BRK.B,196523,196523,firstpricedate,1996-05-09,1997-12-31
MLR,197404,197404,firstpricedate,1994-08-02,1997-12-31
DWSN,198432,198432,firstpricedate,1990-03-26,1997-12-31
DX,198245,198245,firstpricedate,1989-06-30,1997-12-31
DXLG,198340,198340,firstpricedate,1992-02-25,1997-12-31
DXR,188605,188605,firstpricedate,1992-03-17,1997-12-31
DY,199523,199523,firstpricedate,1990-09-24,1997-12-31
ACNB,198872,198872,firstpricedate,1996-01-02,1997-12-31
BRN,199913,199913,firstpricedate,1986-01-01,1997-12-31
ROK,196966,196966,firstpricedate,1986-01-01,1997-12-31
MCK,197377,197377,firstpricedate,1994-11-15,1997-12-31
BRO,199419,199419,firstpricedate,1992-03-03,1997-12-31
ARCB,197704,197704,firstpricedate,1992-05-13,1997-12-31
E,120509,120509,firstpricedate,1995-11-28,1997-12-31
EAT,198947,198947,firstpricedate,1989-07-28,1997-12-31
EBF,199749,199749,firstpricedate,1987-09-24,1997-12-31
ACNT,199308,199308,firstpricedate,1991-12-03,1997-12-31
UHS,199021,199021,firstpricedate,1990-03-26,1997-12-31
BRTMU,6401282,6399775,category,Domestic Common Stock,Domestic Common Stock Secondary Class
BRTMU,6401282,6399775,firstpricedate,2026-07-21,2026-09-10
KTCC,198835,198835,firstpricedate,1990-03-26,1997-12-31
ITW,199634,199634,firstpricedate,1987-11-05,1997-12-31
THFF,198878,198878,firstpricedate,1992-03-03,1997-12-31
VOD,124614,124614,firstpricedate,1988-12-16,1997-12-31
ECL,199760,199760,firstpricedate,1988-01-05,1997-12-31
BSAC,121520,121520,firstpricedate,1994-10-31,1997-12-31
NICE,189769,189769,firstpricedate,1996-01-25,1997-12-31
MTW,199561,199561,firstpricedate,1990-03-26,1997-12-31
BSET,199911,199911,firstpricedate,1986-01-01,1997-12-31
WSBC,199175,199175,firstpricedate,1995-08-18,1997-12-31
MZTI,199584,199584,firstpricedate,1990-03-26,1997-12-31
ED,196730,196730,firstpricedate,1986-01-01,1997-12-31
BSIN,199253,199253,firstpricedate,1990-03-26,1997-12-31
SITC,197706,197706,firstpricedate,1993-02-02,1997-12-31
ARE,196882,196882,firstpricedate,1997-05-28,1997-12-31
LNT,199025,199025,firstpricedate,1988-01-05,1997-12-31
OVBC,197700,197700,firstpricedate,1996-02-09,1997-12-31
VMC,194052,194052,firstpricedate,1988-01-05,1997-12-31
NTIC,197928,197928,firstpricedate,1993-09-13,1997-12-31
ONIT,197952,197952,firstpricedate,1996-09-25,1997-12-31
EDUC,199759,199759,firstpricedate,1993-03-04,1997-12-31
BSRR,195910,195910,firstpricedate,1996-05-30,1997-12-31
WLFC,197034,197034,firstpricedate,1996-11-15,1997-12-31
NWN,199474,199474,firstpricedate,1990-03-26,1997-12-31
EEFT,196931,196931,firstpricedate,1997-03-07,1997-12-31
BSX,197806,197806,firstpricedate,1992-05-19,1997-12-31
MHO,198426,198426,firstpricedate,1993-11-03,1997-12-31
JEF,199306,199306,firstpricedate,1987-11-05,1997-12-31
EFOI,197411,197411,firstpricedate,1994-08-18,1997-12-31
EFOR,197744,197744,firstpricedate,1992-09-23,1997-12-31
LGND,197798,197798,firstpricedate,1992-11-18,1997-12-31
EFX,199747,199747,firstpricedate,1986-03-27,1997-12-31
EG,196236,196236,firstpricedate,1995-10-03,1997-12-31
WSO.B,119320,119320,firstpricedate,1992-03-18,1997-12-31
BTI,119360,119360,firstpricedate,1986-01-01,1997-12-31
EGHT,196974,196974,firstpricedate,1997-07-02,1997-12-31
EGP,199639,199639,firstpricedate,1992-03-17,1997-12-31
MSM,197164,197164,firstpricedate,1995-12-15,1997-12-31
EGY,197701,197701,firstpricedate,1993-01-29,1997-12-31
EHC,198528,198528,firstpricedate,1989-09-13,1997-12-31
MGRC,198645,198645,firstpricedate,1990-03-26,1997-12-31
ARKR,198545,198545,firstpricedate,1986-01-01,1997-12-31
EIX,198242,198242,firstpricedate,1986-01-01,1997-12-31
ARL,196136,196136,firstpricedate,1986-01-01,1997-12-31
PCAR,199451,199451,firstpricedate,1986-07-09,1997-12-31
MSB,124247,124247,firstpricedate,1987-12-30,1997-12-31
EL,197192,197192,firstpricedate,1995-11-17,1997-12-31
ELA,198957,198957,firstpricedate,1992-03-19,1997-12-31
WNC,197894,197894,firstpricedate,1991-11-08,1997-12-31
NATR,199157,199157,firstpricedate,1986-01-01,1997-12-31
ELLO,124282,124282,firstpricedate,1995-10-09,1997-12-31
ELME,199228,199228,firstpricedate,1992-03-17,1997-12-31
ARMP,197454,197454,firstpricedate,1994-05-20,1997-12-31
JBSS,197882,197882,firstpricedate,1991-12-04,1997-12-31
RNR,197549,197549,firstpricedate,1995-07-27,1997-12-31
ELS,197694,197694,firstpricedate,1993-02-25,1997-12-31
CATLU,6401331,6400931,category,Domestic Common Stock,Domestic Common Stock Secondary Class
CATLU,6401331,6400931,firstpricedate,2026-07-28,2026-09-17
ALOT,199934,199934,firstpricedate,1986-01-01,1997-12-31
BBCQU,646251,646251,category,Domestic Common Stock Secondary Class,ADR Common Stock Secondary Class
BBCQU,646251,646251,siccode,6770,7374
BBCQU,646251,646251,sicsector,Finance Insurance And Real Estate,Services
BBCQU,646251,646251,sicindustry,Blank Checks,Services-Computer Processing & Data Preparation
BBCQU,646251,646251,sector,Industrials,Technology
BBCQU,646251,646251,industry,Shell Companies,Computer Hardware
LEG,199580,199580,firstpricedate,1987-11-05,1997-12-31
WILCF,123140,123140,firstpricedate,1997-05-21,1997-12-31
NTZ,123781,123781,firstpricedate,1993-05-13,1997-12-31
WBS,198416,198416,firstpricedate,1986-12-12,1997-12-31
AVB,197515,197515,firstpricedate,1994-03-11,1997-12-31
STRS,197811,197811,firstpricedate,1993-03-04,1997-12-31
ELSE,199031,199031,firstpricedate,1990-04-02,1997-12-31
EA,198895,198895,firstpricedate,1990-03-26,1997-12-31
SGRP,197143,197143,firstpricedate,1996-03-04,1997-12-31
XOMA,198483,198483,firstpricedate,1989-04-05,1997-12-31
PRA,195929,195929,firstpricedate,1991-09-04,1997-12-31
ASRT,197139,197139,firstpricedate,1997-12-03,1997-12-31
NOTVQ,198829,198829,firstpricedate,1997-11-25,1997-12-31
FONR,198996,198996,firstpricedate,1993-10-27,1997-12-31
FFIC,197422,197422,firstpricedate,1995-11-21,1997-12-31
NVRI1,199663,199663,firstpricedate,1987-11-05,1997-12-31
AMWD,198460,198460,firstpricedate,1986-07-21,1997-12-31
VRE,197403,197403,firstpricedate,1994-08-25,1997-12-31
CSGS,197128,197128,firstpricedate,1996-02-28,1997-12-31
CTRA,198066,198066,firstpricedate,1990-02-08,1997-12-31
FARM,199735,199735,firstpricedate,1990-03-26,1997-12-31
STKL,199029,199029,firstpricedate,1990-03-26,1997-12-31
SEE,197087,197087,firstpricedate,1987-12-30,1997-12-31
HOLX,198055,198055,firstpricedate,1990-03-26,1997-12-31
TGNA,199693,199693,firstpricedate,1986-01-01,1997-12-31
CASI,197697,197697,firstpricedate,1996-06-12,1997-12-31
MGIC,189770,189770,firstpricedate,1991-08-30,1997-12-31
ZEUS,197499,197499,firstpricedate,1994-03-10,1997-12-31
AVDL,189899,189899,firstpricedate,1996-06-07,1997-12-31
CADE,198955,198955,firstpricedate,1986-01-01,1997-12-31
PCH,194701,194701,firstpricedate,1986-01-01,1997-12-31
CMA,199788,199788,firstpricedate,1990-03-26,1997-12-31
GES,197566,197566,firstpricedate,1996-08-08,1997-12-31
GIFI,196910,196910,firstpricedate,1997-04-04,1997-12-31
TELFY,166519,166519,firstpricedate,1987-06-12,1997-12-31
PRPH,197984,197984,firstpricedate,1997-04-22,1997-12-31
PTIX,625671,625671,firstpricedate,1996-12-18,1997-12-31
OMCC,197211,197211,firstpricedate,1997-12-29,1997-12-31
SNV,199867,199867,firstpricedate,1990-01-12,1997-12-31
ALE,199526,199526,firstpricedate,1986-01-01,1997-12-31
ODP,198421,198421,firstpricedate,1990-03-26,1997-12-31
K,199601,199601,firstpricedate,1986-01-01,1997-12-31
CARV,197054,197054,firstpricedate,1994-10-26,1997-12-31
TAIT,197282,197282,firstpricedate,1995-04-19,1997-12-31
IPG,199619,199619,firstpricedate,1987-11-05,1997-12-31
LNWO,198661,198661,firstpricedate,1992-04-23,1997-12-31
CCRD,199057,199057,firstpricedate,1995-08-18,1997-12-31
TTNP,124450,124450,firstpricedate,1996-01-18,1997-12-31
WOLF2,197693,197693,firstpricedate,1993-02-09,1997-12-31
TURN,197714,197714,firstpricedate,1992-02-25,1997-12-31
FL,198109,198109,firstpricedate,1986-01-01,1997-12-31
PPBI,196937,196937,firstpricedate,1997-06-25,1997-12-31
WBA,179780,179780,firstpricedate,1986-01-01,1997-12-31
WINT,197241,197241,firstpricedate,1995-08-07,1997-12-31
GOGL1,189430,189430,firstpricedate,1997-02-07,1997-12-31
AMED,197680,197680,firstpricedate,1994-09-02,1997-12-31
SSY,199300,199300,firstpricedate,1990-03-26,1997-12-31
STRM,197111,197111,firstpricedate,1996-04-18,1997-12-31
PWOD,198865,198865,firstpricedate,1996-05-30,1997-12-31
SGMA,197521,197521,firstpricedate,1994-02-09,1997-12-31
TGI,197004,197004,firstpricedate,1996-10-25,1997-12-31
FARO,197498,197498,firstpricedate,1997-09-18,1997-12-31
HES,199976,199976,firstpricedate,1986-01-01,1997-12-31
ANSS,197076,197076,firstpricedate,1996-06-21,1997-12-31
ICAD,198664,198664,firstpricedate,1992-03-17,1997-12-31
RDUS,197560,197560,firstpricedate,1993-11-16,1997-12-31
VXRT,199481,199481,firstpricedate,1990-03-26,1997-12-31
SVT,199360,199360,firstpricedate,1986-01-01,1997-12-31
ESGR,194467,194467,firstpricedate,1997-05-09,1997-12-31
BPT,119212,119212,firstpricedate,1989-05-24,1997-12-31
SHYF,198699,198699,firstpricedate,1990-03-26,1997-12-31
SSUP,199311,199311,firstpricedate,1986-01-01,1997-12-31
PHX,199110,199110,firstpricedate,1995-08-18,1997-12-31
X,195691,195691,firstpricedate,1991-04-12,1997-12-31
FLIC,198713,198713,firstpricedate,1995-08-18,1997-12-31
JWN,199482,199482,firstpricedate,1986-07-09,1997-12-31
AXDXQ,198779,198779,firstpricedate,1996-11-19,1997-12-31
CTHR,197062,197062,firstpricedate,1997-11-14,1997-12-31
EQC,198403,198403,firstpricedate,1988-01-05,1997-12-31
ENZB,199095,199095,firstpricedate,1986-01-01,1997-12-31
PDCO,197737,197737,firstpricedate,1992-10-28,1997-12-31
LGTY,198888,198888,firstpricedate,1986-01-01,1997-12-31
APTOF,123133,123133,firstpricedate,1992-03-16,1997-12-31
SASR,198258,198258,firstpricedate,1996-04-17,1997-12-31
VOXX,198382,198382,firstpricedate,1992-03-16,1997-12-31
VBFC,195118,195118,firstpricedate,1996-04-01,1997-12-31
IVAC,197178,197178,firstpricedate,1995-11-21,1997-12-31
EMKR,198376,198376,firstpricedate,1997-03-07,1997-12-31
PFC,197237,197237,firstpricedate,1993-07-21,1997-12-31
CDMO,198933,198933,firstpricedate,1996-04-01,1997-12-31
AE,199993,199993,firstpricedate,1986-01-01,1997-12-31
B1,199914,199914,firstpricedate,1986-01-01,1997-12-31
USAP,197340,197340,firstpricedate,1994-12-28,1997-12-31
STCN,197526,197526,firstpricedate,1994-01-31,1997-12-31
WHLM,197073,197073,firstpricedate,1996-07-30,1997-12-31
PMDI,198385,198385,firstpricedate,1994-02-17,1997-12-31
ENGC,197323,197323,firstpricedate,1997-05-09,1997-12-31
MRO,199252,199252,firstpricedate,1986-01-01,1997-12-31
SRCL,198040,198040,firstpricedate,1996-08-23,1997-12-31
ENSV,199069,199069,firstpricedate,1997-01-08,1997-12-31
ITI,199041,199041,firstpricedate,1994-01-04,1997-12-31
GVP,197265,197265,firstpricedate,1995-07-27,1997-12-31
PHGE.U,634252,634252,siccode,2836,7372
PHGE.U,634252,634252,sicsector,Manufacturing,Services
PHGE.U,634252,634252,sicindustry,Biological Products (No Disgnostic Substances),Services-Prepackaged Software
ORANY,123175,123175,firstpricedate,1997-10-20,1997-12-31
HMNF,197453,197453,firstpricedate,1994-06-30,1997-12-31
TELL,199562,199562,firstpricedate,1995-08-18,1997-12-31
VGR,199576,199576,firstpricedate,1987-10-09,1997-12-31
VTNRQ,197750,197750,firstpricedate,1997-01-09,1997-12-31
DXYN,199783,199783,firstpricedate,1990-03-26,1997-12-31
SWN,199941,199941,firstpricedate,1987-12-30,1997-12-31
TUPBQ,197110,197110,firstpricedate,1996-05-08,1997-12-31
HA,195595,195595,firstpricedate,1995-06-21,1997-12-31
BIGGQ,198586,198586,firstpricedate,1986-01-01,1997-12-31
ASXC,197920,197920,firstpricedate,1992-11-13,1997-12-31
ATRI,198961,198961,firstpricedate,1986-01-01,1997-12-31
VBIV,123184,123184,firstpricedate,1995-08-18,1997-12-31
HIBB,197045,197045,firstpricedate,1996-10-11,1997-12-31
DYNT,198824,198824,firstpricedate,1994-04-25,1997-12-31
NWLI,199497,199497,firstpricedate,1990-03-26,1997-12-31
WIRE,198106,198106,firstpricedate,1992-07-20,1997-12-31
CVLY,198386,198386,firstpricedate,1997-04-25,1997-12-31
TSRI,199284,199284,firstpricedate,1990-03-26,1997-12-31
RWODU,638534,638534,sector,Healthcare,Basic Materials
RWODU,638534,638534,industry,Biotechnology,Other Precious Metals & Mining
TARO,189685,189685,firstpricedate,1993-04-01,1997-12-31
BIOL,198364,198364,firstpricedate,1992-11-12,1997-12-31
THMO,198365,198365,firstpricedate,1995-08-18,1997-12-31
CAMPQ,198758,198758,firstpricedate,1986-01-01,1997-12-31
SCX,199322,199322,firstpricedate,1987-12-30,1997-12-31
PXD,196845,196845,firstpricedate,1987-12-22,1997-12-31
CBDBY,124518,124518,firstpricedate,1996-03-08,1997-12-31
KAMN,199609,199609,firstpricedate,1990-03-26,1997-12-31
MDC,198570,198570,firstpricedate,1986-01-01,1997-12-31
CWBC1,196697,196697,firstpricedate,1996-11-19,1997-12-31
CPE,197373,197373,firstpricedate,1990-03-26,1997-12-31
CYAN,198589,198589,firstpricedate,1993-06-22,1997-12-31
AEYGQ,197947,197947,firstpricedate,1996-05-30,1997-12-31
IMGN,198080,198080,firstpricedate,1990-03-26,1997-12-31
SFES,124756,124756,firstpricedate,1987-12-30,1997-12-31
DMKPQ,197785,197785,firstpricedate,1995-08-14,1997-12-31
CHS,197665,197665,firstpricedate,1993-03-24,1997-12-31
HALL,198295,198295,firstpricedate,1995-08-21,1997-12-31
SRT,196916,196916,firstpricedate,1997-06-19,1997-12-31
DISH,197196,197196,firstpricedate,1995-06-21,1997-12-31
RPT1,198157,198157,firstpricedate,1988-12-28,1997-12-31
EBIXQ,198324,198324,firstpricedate,1990-03-26,1997-12-31
PFIN,199452,199452,firstpricedate,1992-03-03,1997-12-31
FRTX,198299,198299,firstpricedate,1993-03-15,1997-12-31
AAIC,195470,195470,firstpricedate,1997-12-23,1997-12-31
CTG,199826,199826,firstpricedate,1988-01-05,1997-12-31
PBIO,198219,198219,firstpricedate,1996-10-31,1997-12-31
ARGO,196281,196281,firstpricedate,1986-11-14,1997-12-31
GIGAQ,198841,198841,firstpricedate,1990-03-28,1997-12-31
OTLC,197605,197605,firstpricedate,1993-08-26,1997-12-31
CCF,198221,198221,firstpricedate,1995-10-25,1997-12-31
NXGN,198917,198917,firstpricedate,1995-08-18,1997-12-31
AVID,188617,188617,firstpricedate,1993-03-12,1997-12-31
ESTE,199912,199912,firstpricedate,1997-01-06,1997-12-31
CLRD,197684,197684,firstpricedate,1993-03-09,1997-12-31
RADCQ,199389,199389,firstpricedate,1986-01-01,1997-12-31
ATVI,198850,198850,firstpricedate,1993-10-25,1997-12-31
NATI,197306,197306,firstpricedate,1995-03-14,1997-12-31
NAVB,124749,124749,firstpricedate,1992-11-16,1997-12-31
BKSC,197115,197115,firstpricedate,1986-10-24,1997-12-31
SEAC,197020,197020,firstpricedate,1996-11-06,1997-12-31
FRBK,198195,198195,firstpricedate,1995-08-25,1997-12-31
YVRLF,190513,190513,firstpricedate,1993-08-02,1997-12-31
ACGN,198042,198042,firstpricedate,1996-01-25,1997-12-31
UBP,119326,119326,firstpricedate,1987-11-05,1997-12-31
YELLQ,198868,198868,firstpricedate,1987-02-05,1997-12-31
PDCE,199429,199429,firstpricedate,1990-03-26,1997-12-31
WTT,124748,124748,firstpricedate,1993-05-24,1997-12-31
SPPI,198210,198210,firstpricedate,1996-09-27,1997-12-31
AJRD,199682,199682,firstpricedate,1986-01-01,1997-12-31
LSI,197266,197266,firstpricedate,1995-06-21,1997-12-31
TESS,197382,197382,firstpricedate,1994-09-29,1997-12-31
IMBIQ,197966,197966,firstpricedate,1993-04-29,1997-12-31
NYMXF,123163,123163,firstpricedate,1997-12-22,1997-12-31
BNSOF,191147,191147,firstpricedate,1989-06-27,1997-12-31
INDT,196861,196861,firstpricedate,1997-06-18,1997-12-31
CTIC,197732,197732,firstpricedate,1997-03-21,1997-12-31
AXAS,197991,197991,firstpricedate,1991-05-08,1997-12-31
ISGN,198774,198774,firstpricedate,1994-12-06,1997-12-31
UNAMQ,199266,199266,firstpricedate,1990-03-26,1997-12-31
HSKA,196851,196851,firstpricedate,1997-07-01,1997-12-31
KSPN,198457,198457,firstpricedate,1993-02-17,1997-12-31
KBAL,199594,199594,firstpricedate,1990-03-26,1997-12-31
DBDQQ,199786,199786,firstpricedate,1986-01-01,1997-12-31
BBBYQ,197799,197799,firstpricedate,1992-06-05,1997-12-31
IMPH,197203,197203,firstpricedate,1995-11-21,1997-12-31
IBAAY,167400,167400,firstpricedate,1997-09-19,1997-12-31
LCINQ,199582,199582,firstpricedate,1997-01-02,1997-12-31
SIVBQ,198834,198834,firstpricedate,1990-03-26,1997-12-31
CAJPY,190079,190079,firstpricedate,1986-01-01,1997-12-31
QUMU,197724,197724,firstpricedate,1995-08-18,1997-12-31
CEAYY,120316,120316,firstpricedate,1997-02-04,1997-12-31
AHPIQ,197943,197943,firstpricedate,1992-01-14,1997-12-31
ZNHYY,116539,116539,firstpricedate,1997-07-30,1997-12-31
IVCRQ,198702,198702,firstpricedate,1990-03-26,1997-12-31
SJI,199341,199341,firstpricedate,1987-12-30,1997-12-31
VIVO1,198463,198463,firstpricedate,1992-02-26,1997-12-31
SMIT,197429,197429,firstpricedate,1995-01-31,1997-12-31
AATC,197280,197280,firstpricedate,1995-05-05,1997-12-31
ABMD,198315,198315,firstpricedate,1987-07-30,1997-12-31
RNWK,196743,196743,firstpricedate,1997-11-21,1997-12-31
PRET,199436,199436,firstpricedate,1986-01-01,1997-12-31
FBC,196900,196900,firstpricedate,1997-04-30,1997-12-31
RADA,190404,190404,firstpricedate,1993-04-01,1997-12-31
TEN1,196962,196962,firstpricedate,1986-01-01,1997-12-31
LTMAY,119660,119660,firstpricedate,1997-11-07,1997-12-31
CYBE,198588,198588,firstpricedate,1991-11-19,1997-12-31
REVRQ,197775,197775,firstpricedate,1996-02-29,1997-12-31
AMTY,197248,197248,firstpricedate,1996-10-17,1997-12-31
Y,198558,198558,firstpricedate,1986-01-01,1997-12-31
TGA,123136,123136,firstpricedate,1994-05-10,1997-12-31
DRE,198539,198539,firstpricedate,1987-11-05,1997-12-31
HNGR,198811,198811,firstpricedate,1992-03-17,1997-12-31
CTXS,197912,197912,firstpricedate,1995-12-08,1997-12-31
BBQ,197003,197003,firstpricedate,1996-11-04,1997-12-31
USAK,197840,197840,firstpricedate,1992-03-20,1997-12-31
SHIIY,166226,166226,firstpricedate,1993-07-26,1997-12-31
POLY,197539,197539,firstpricedate,1994-01-20,1997-12-31
CDR,198625,198625,firstpricedate,1993-02-19,1997-12-31
OBCI,199046,199046,firstpricedate,1995-07-13,1997-12-31
ACUR,198518,198518,firstpricedate,1992-03-17,1997-12-31
MTOR,196040,196040,firstpricedate,1997-09-15,1997-12-31
CNR2,197842,197842,firstpricedate,1992-04-06,1997-12-31
SAFM,198352,198352,firstpricedate,1989-12-20,1997-12-31
HR1,197644,197644,firstpricedate,1993-05-27,1997-12-31
PSB,198004,198004,firstpricedate,1991-03-27,1997-12-31
ATRX,185607,185607,firstpricedate,1993-12-07,1997-12-31
WSTL,197174,197174,firstpricedate,1995-12-01,1997-12-31
TCCO,199302,199302,firstpricedate,1990-03-26,1997-12-31
ABMC,197674,197674,firstpricedate,1995-02-01,1997-12-31
ANDR,199954,199954,firstpricedate,1986-01-01,1997-12-31
HNPIY,120381,120381,firstpricedate,1994-10-06,1997-12-31
COHR1,199838,199838,firstpricedate,1986-01-01,1997-12-31
ASNB,124449,124449,firstpricedate,1996-06-12,1997-12-31
NSEC,198014,198014,firstpricedate,1990-03-30,1997-12-31
TVTY,198937,198937,firstpricedate,1991-08-13,1997-12-31
BDRL,197201,197201,firstpricedate,1995-12-19,1997-12-31
TREC,199945,199945,firstpricedate,1986-01-01,1997-12-31
ENIAY,121521,121521,firstpricedate,1993-10-20,1997-12-31
WVFC,197579,197579,firstpricedate,1993-11-29,1997-12-31
CERN,198397,198397,firstpricedate,1990-03-26,1997-12-31
IBAL,123824,123824,firstpricedate,1986-01-01,1997-12-31
LUB,199880,199880,firstpricedate,1986-01-01,1997-12-31
ANAT,197629,197629,firstpricedate,1986-01-01,1997-12-31
VWTR,198225,198225,firstpricedate,1991-03-21,1997-12-31
IIN,199364,199364,firstpricedate,1986-01-01,1997-12-31
ATRS,197055,197055,firstpricedate,1996-10-03,1997-12-31
NTPIF,119667,119667,firstpricedate,1992-02-26,1997-12-31
IOGPQ,198000,198000,firstpricedate,1991-04-02,1997-12-31
AZPN1,197356,197356,firstpricedate,1994-10-26,1997-12-31
ESBK,119257,119257,firstpricedate,1993-03-10,1997-12-31
ECOL,198701,198701,firstpricedate,1990-03-26,1997-12-31
VOLT2,199234,199234,firstpricedate,1990-03-26,1997-12-31
FOE,199731,199731,firstpricedate,1987-11-05,1997-12-31
PBCT,194273,194273,firstpricedate,1990-03-26,1997-12-31
GFED,196746,196746,firstpricedate,1995-04-10,1997-12-31
NUAN,197169,197169,firstpricedate,1995-12-11,1997-12-31
STFC,197936,197936,firstpricedate,1991-06-28,1997-12-31
MNR2,199518,199518,firstpricedate,1990-03-26,1997-12-31
RRD,199779,199779,firstpricedate,1986-01-01,1997-12-31
FMBI,198951,198951,firstpricedate,1990-03-26,1997-12-31
IHC,198954,198954,firstpricedate,1990-03-26,1997-12-31
XLNX,198693,198693,firstpricedate,1990-06-18,1997-12-31
MFCO,124415,124415,firstpricedate,1995-08-18,1997-12-31
ESMC,198035,198035,firstpricedate,1992-09-11,1997-12-31
ROYL,198015,198015,firstpricedate,1994-04-04,1997-12-31
RDS.B,119319,119319,firstpricedate,1987-12-30,1997-12-31
WBK,166741,166741,firstpricedate,1989-03-17,1997-12-31
HMG,124750,124750,firstpricedate,1995-08-18,1997-12-31
BMTC,198411,198411,firstpricedate,1986-01-01,1997-12-31
CDOR,197360,197360,firstpricedate,1994-11-30,1997-12-31
PARF,199443,199443,firstpricedate,1986-01-01,1997-12-31
ZIXI,198081,198081,firstpricedate,1989-11-10,1997-12-31
DVD,197041,197041,firstpricedate,1996-10-04,1997-12-31
KSU,199604,199604,firstpricedate,1987-11-05,1997-12-31
GADS,124510,124510,firstpricedate,1996-05-30,1997-12-31
HRC,199648,199648,firstpricedate,1987-03-02,1997-12-31
MCF,196479,196479,firstpricedate,1994-04-04,1997-12-31
DSPG,197519,197519,firstpricedate,1994-02-14,1997-12-31
MDP,199544,199544,firstpricedate,1986-01-01,1997-12-31
RAVN,199397,199397,firstpricedate,1986-01-01,1997-12-31
CVA,199162,199162,firstpricedate,1992-03-19,1997-12-31
CNBKA,198346,198346,firstpricedate,1990-03-27,1997-12-31
NOVC,124313,124313,firstpricedate,1997-10-31,1997-12-31
QADB,196874,196874,firstpricedate,1997-08-06,1997-12-31
CBLAQ,197581,197581,firstpricedate,1993-10-28,1997-12-31
MSON,197876,197876,firstpricedate,1993-03-25,1997-12-31
CMO,198598,198598,firstpricedate,1987-11-05,1997-12-31
TLGT,199018,199018,firstpricedate,1986-01-01,1997-12-31
GSHHY,166998,166998,firstpricedate,1996-05-13,1997-12-31
GPX,199500,199500,firstpricedate,1992-03-17,1997-12-31
CHCR,110978,110978,firstpricedate,1986-01-01,1997-12-31
IEC,199636,199636,firstpricedate,1993-02-12,1997-12-31
LDL,199565,199565,firstpricedate,1990-01-12,1997-12-31
GRA,196769,196769,firstpricedate,1986-01-01,1997-12-31
PFBI,197776,197776,firstpricedate,1996-05-17,1997-12-31
CBB,198867,198867,firstpricedate,1987-05-21,1997-12-31
TIXC,186874,186874,firstpricedate,1994-09-27,1997-12-31
PRLE,109473,109473,firstpricedate,1996-04-24,1997-12-31
CGIP,198007,198007,firstpricedate,1994-01-21,1997-12-31
MXIM,198698,198698,firstpricedate,1990-03-26,1997-12-31
CACH,199051,199051,firstpricedate,1986-01-01,1997-12-31
SYKE,197095,197095,firstpricedate,1996-04-30,1997-12-31
AAIIQ,177928,177928,firstpricedate,1987-05-07,1997-12-31
SOFT,199008,199008,firstpricedate,1986-01-01,1997-12-31
PARD,185831,185831,firstpricedate,1989-01-03,1997-12-31
VCON,199139,199139,firstpricedate,1986-01-01,1997-12-31
NMGX,124777,124777,firstpricedate,1993-02-19,1997-12-31
BWL.A,199894,199894,firstpricedate,1986-01-01,1997-12-31
MMAC,124562,124562,firstpricedate,1996-08-30,1997-12-31
WRI,198233,198233,firstpricedate,1988-01-05,1997-12-31
ICON1,198071,198071,firstpricedate,1990-03-06,1997-12-31
STLY,198446,198446,firstpricedate,1994-02-10,1997-12-31
ALXN,197642,197642,firstpricedate,1996-02-28,1997-12-31
ECTE,196908,196908,firstpricedate,1997-11-11,1997-12-31
BPFH,198280,198280,firstpricedate,1994-02-14,1997-12-31
NAV,198373,198373,firstpricedate,1986-01-01,1997-12-31
TCF,199854,199854,firstpricedate,1992-03-12,1997-12-31
VPGI,185253,185253,industry,Asset Management,Credit Services
PDNLA,635337,635337,firstpricedate,1986-01-01,1997-12-31
CTB,199813,199813,firstpricedate,1987-11-05,1997-12-31
CMD,199856,199856,firstpricedate,1993-02-23,1997-12-31
PTVCB,199918,199918,firstpricedate,1986-05-14,1997-12-31
PTVCA,119301,119301,firstpricedate,1986-06-12,1997-12-31
CUB1,199800,199800,firstpricedate,1989-02-21,1997-12-31
FFG,197080,197080,firstpricedate,1996-07-19,1997-12-31
FLIR,199000,199000,firstpricedate,1993-06-22,1997-12-31
AEGN,199017,199017,firstpricedate,1989-04-24,1997-12-31
FTRCQ,199845,199845,firstpricedate,1990-03-26,1997-12-31
VALPQ,199111,199111,firstpricedate,1991-01-02,1997-12-31
DOFSQ,197224,197224,firstpricedate,1995-10-11,1997-12-31
CCUR,198668,198668,firstpricedate,1990-03-29,1997-12-31
CKH,198056,198056,firstpricedate,1992-12-17,1997-12-31
VAR,199176,199176,firstpricedate,1988-01-05,1997-12-31
MTSC,199510,199510,firstpricedate,1990-03-26,1997-12-31
APEX,198143,198143,firstpricedate,1995-08-18,1997-12-31
HMSY,195491,195491,firstpricedate,1992-12-18,1997-12-31
FGPRQ,197435,197435,firstpricedate,1994-06-28,1997-12-31
CBKCQ,197841,197841,firstpricedate,1992-03-31,1997-12-31
ASNAQ,192759,192759,firstpricedate,1990-03-26,1997-12-31
PRGX,197114,197114,firstpricedate,1996-03-27,1997-12-31
EV1,199045,199045,firstpricedate,1990-03-27,1997-12-31
NHLD,124143,124143,firstpricedate,1995-08-30,1997-12-31
CHKAQ,197696,197696,firstpricedate,1993-02-16,1997-12-31
NEBLQ,195633,195633,firstpricedate,1990-03-26,1997-12-31
SPNX,197791,197791,firstpricedate,1992-07-07,1997-12-31
CPPRQ,195663,195663,firstpricedate,1986-01-01,1997-12-31
DCOM1,197133,197133,firstpricedate,1996-06-26,1997-12-31
CHL,124597,124597,firstpricedate,1997-10-22,1997-12-31
BGGSQ,199892,199892,firstpricedate,1986-01-01,1997-12-31
TIF,199285,199285,firstpricedate,1987-12-30,1997-12-31
GANS,185998,185998,firstpricedate,1986-11-06,1997-12-31
PDLI,197858,197858,firstpricedate,1992-01-29,1997-12-31
GV1,199676,199676,firstpricedate,1992-03-17,1997-12-31
TCO,197752,197752,firstpricedate,1992-11-20,1997-12-31
RELV,198587,198587,firstpricedate,1993-03-15,1997-12-31
PRCP,197786,197786,firstpricedate,1992-08-21,1997-12-31
SFEG,198098,198098,firstpricedate,1994-04-15,1997-12-31
VVUSQ,197864,197864,firstpricedate,1994-04-07,1997-12-31
KEGX,199074,199074,firstpricedate,1992-12-11,1997-12-31
TLRDQ,197833,197833,firstpricedate,1992-04-15,1997-12-31
BSTC,197927,197927,firstpricedate,1991-11-15,1997-12-31
UN1,124274,124274,firstpricedate,1986-01-01,1997-12-31
LBYYQ,197637,197637,firstpricedate,1993-06-18,1997-12-31
AMAG,198475,198475,firstpricedate,1986-06-12,1997-12-31
TTLO,199280,199280,firstpricedate,1995-08-18,1997-12-31
CICN,124501,124501,firstpricedate,1995-07-17,1997-12-31
IMMU,198810,198810,firstpricedate,1990-03-26,1997-12-31
CTRCQ,198144,198144,firstpricedate,1993-08-19,1997-12-31
CETV,197397,197397,firstpricedate,1994-10-14,1997-12-31
AMTD1,195584,195584,firstpricedate,1997-03-04,1997-12-31
NBL,199485,199485,firstpricedate,1986-01-01,1997-12-31
MNIQQ,196649,196649,firstpricedate,1989-06-30,1997-12-31
ELGXQ,197074,197074,firstpricedate,1996-06-21,1997-12-31
ETFC,197057,197057,firstpricedate,1996-08-16,1997-12-31
BREW2,197725,197725,firstpricedate,1995-08-18,1997-12-31
ASFI,197191,197191,firstpricedate,1995-11-14,1997-12-31
SMRTQ,197820,197820,firstpricedate,1992-04-27,1997-12-31
DNRCQ,197249,197249,firstpricedate,1995-09-06,1997-12-31
SHLOQ,197626,197626,firstpricedate,1993-06-29,1997-12-31
UNTCQ,198434,198434,firstpricedate,1988-01-05,1997-12-31
PYXSQ,197293,197293,firstpricedate,1995-04-03,1997-12-31
CBRI,197487,197487,firstpricedate,1994-03-17,1997-12-31
LM,198942,198942,firstpricedate,1987-11-05,1997-12-31
EE1,199756,199756,firstpricedate,1989-07-07,1997-12-31
CRRTQ,197105,197105,firstpricedate,1996-04-23,1997-12-31
IBKC,197326,197326,firstpricedate,1995-04-10,1997-12-31
ARDMQ,197078,197078,firstpricedate,1996-06-20,1997-12-31
MDRIQ,198916,198916,firstpricedate,1986-01-01,1997-12-31
MINI,190717,190717,firstpricedate,1994-02-17,1997-12-31
TECD,188950,188950,firstpricedate,1990-03-26,1997-12-31
AXE,199616,199616,firstpricedate,1986-01-01,1997-12-31
PGNX,198188,198188,firstpricedate,1997-11-19,1997-12-31
KEM1,197779,197779,firstpricedate,1992-10-26,1997-12-31
TIVO,124631,124631,firstpricedate,1997-03-13,1997-12-31
PESXQ,199053,199053,firstpricedate,1995-02-08,1997-12-31
BVSN,197464,197464,firstpricedate,1996-06-21,1997-12-31
ESCC,199153,199153,firstpricedate,1986-01-01,1997-12-31
EMMS,198540,198540,firstpricedate,1994-02-23,1997-12-31
AGN,191420,191420,firstpricedate,1989-06-22,1997-12-31
CUO,199814,199814,firstpricedate,1992-03-17,1997-12-31
POPE,198533,198533,firstpricedate,1991-07-25,1997-12-31
CY,198482,198482,firstpricedate,1989-04-05,1997-12-31
YUMAQ,124567,124567,firstpricedate,1986-01-01,1997-12-31
MICRD,198297,198297,firstpricedate,1992-02-24,1997-12-31
SGB,199100,199100,firstpricedate,1996-08-30,1997-12-31
RTN,196736,196736,firstpricedate,1986-01-01,1997-12-31
S2,199250,199250,firstpricedate,1986-01-01,1997-12-31
AVX1,198058,198058,firstpricedate,1995-08-15,1997-12-31
AKS,197495,197495,firstpricedate,1994-03-30,1997-12-31
CSS,199844,199844,firstpricedate,1992-03-17,1997-12-31
PIRRQ,199142,199142,firstpricedate,1987-12-30,1997-12-31
MPVDF,124308,124308,firstpricedate,1996-05-01,1997-12-31
LPT,197456,197456,firstpricedate,1994-06-17,1997-12-31
ARQL,197019,197019,firstpricedate,1996-10-16,1997-12-31
AVP,199924,199924,firstpricedate,1986-01-01,1997-12-31
EEI,198370,198370,firstpricedate,1992-03-17,1997-12-31
IDSA,199978,199978,firstpricedate,1996-05-30,1997-12-31
GWR,197082,197082,firstpricedate,1996-06-25,1997-12-31
CRZO,196828,196828,firstpricedate,1997-08-06,1997-12-31
ARTX,197508,197508,firstpricedate,1994-02-24,1997-12-31
RVLT,197496,197496,firstpricedate,1994-03-24,1997-12-31
WFTIQ,187742,187742,firstpricedate,1986-01-01,1997-12-31
ATEA,197245,197245,firstpricedate,1995-07-27,1997-12-31
STI1,198658,198658,firstpricedate,1987-12-30,1997-12-31
CBM,198292,198292,firstpricedate,1987-09-23,1997-12-31
DFODQ,197341,197341,firstpricedate,1996-04-17,1997-12-31
CELG,198310,198310,firstpricedate,1990-03-26,1997-12-31
NYNY1,197615,197615,firstpricedate,1993-11-05,1997-12-31
BRSWQ,199466,199466,firstpricedate,1990-03-26,1997-12-31
BPL,198396,198396,firstpricedate,1986-12-17,1997-12-31
DESTQ,197670,197670,firstpricedate,1993-03-16,1997-12-31
ISRL1,198843,198843,firstpricedate,1995-08-18,1997-12-31
ISCA,199620,199620,firstpricedate,1997-03-10,1997-12-31
AGHC,197819,197819,firstpricedate,1992-05-13,1997-12-31
FREDQ,198795,198795,firstpricedate,1992-03-19,1997-12-31
NCI1,197018,197018,firstpricedate,1996-10-04,1997-12-31
CTWS,199154,199154,firstpricedate,1992-02-25,1997-12-31
NVLNF,198238,198238,firstpricedate,1990-03-26,1997-12-31
ATRM,197602,197602,firstpricedate,1993-08-10,1997-12-31
PNTR,191010,191010,firstpricedate,1994-06-17,1997-12-31
BID1,198264,198264,firstpricedate,1988-05-13,1997-12-31
CRAY,197221,197221,firstpricedate,1995-09-27,1997-12-31
BTTGY,121524,121524,firstpricedate,1986-01-01,1997-12-31
MSL,198684,198684,firstpricedate,1993-04-26,1997-12-31
EMCI,198983,198983,firstpricedate,1990-03-26,1997-12-31
TSS,198821,198821,firstpricedate,1989-06-30,1997-12-31
TRK,197311,197311,firstpricedate,1995-02-24,1997-12-31
PHIIQ,199050,199050,firstpricedate,1994-07-20,1997-12-31
PCMI,197295,197295,firstpricedate,1995-04-04,1997-12-31
APU,197333,197333,firstpricedate,1995-04-12,1997-12-31
APC1,198565,198565,firstpricedate,1986-09-09,1997-12-31
EMITF,115438,115438,firstpricedate,1996-11-27,1997-12-31
BKS,197748,197748,firstpricedate,1993-09-28,1997-12-31
TCF1,198328,198328,firstpricedate,1989-06-30,1997-12-31
TXCCQ,197261,197261,firstpricedate,1995-06-14,1997-12-31
EFII,197992,197992,firstpricedate,1992-10-02,1997-12-31
LABL,198298,198298,firstpricedate,1990-03-26,1997-12-31
LION1,198271,198271,firstpricedate,1994-10-31,1997-12-31
LADX,198424,198424,firstpricedate,1989-03-29,1997-12-31
BMS,199908,199908,firstpricedate,1986-01-01,1997-12-31
NAVG,198467,198467,firstpricedate,1990-03-26,1997-12-31
MXWL,199064,199064,firstpricedate,1990-03-26,1997-12-31
CRAWA,109765,109765,firstpricedate,1990-08-27,1997-12-31
ATTU,190872,190872,firstpricedate,1993-01-26,1997-12-31
TISA,189422,189422,firstpricedate,1996-11-25,1997-12-31
GPIC,197488,197488,firstpricedate,1994-03-29,1997-12-31
HMNY,196824,196824,firstpricedate,1997-08-08,1997-12-31
USG1,198633,198633,firstpricedate,1988-07-07,1997-12-31
GG,124620,124620,firstpricedate,1995-08-18,1997-12-31
CAWW,198822,198822,firstpricedate,1986-01-01,1997-12-31
RDC,199384,199384,firstpricedate,1986-01-01,1997-12-31
ARRS,195810,195810,firstpricedate,1993-09-17,1997-12-31
ACETQ,199995,199995,firstpricedate,1990-03-26,1997-12-31
IDTI,198945,198945,firstpricedate,1990-03-26,1997-12-31
PKDSQ,199440,199440,firstpricedate,1986-01-01,1997-12-31
PHIKQ,114116,114116,firstpricedate,1995-08-18,1997-12-31
MBFI,195826,195826,firstpricedate,1995-04-07,1997-12-31
TFCF,194984,194984,firstpricedate,1987-12-30,1997-12-31
TFCFA,119498,119498,firstpricedate,1996-03-11,1997-12-31
ESL,199743,199743,firstpricedate,1986-01-01,1997-12-31
PTXTQ,123679,123679,firstpricedate,1997-02-07,1997-12-31
SPA,199331,199331,firstpricedate,1986-01-01,1997-12-31
ITG1,197466,197466,firstpricedate,1986-01-01,1997-12-31
MOC,198019,198019,firstpricedate,1992-10-26,1997-12-31
ORBK,190986,190986,firstpricedate,1990-03-26,1997-12-31
HDYNQ,197298,197298,firstpricedate,1996-08-19,1997-12-31
NFX1,197557,197557,firstpricedate,1993-11-12,1997-12-31
ONSM,197480,197480,firstpricedate,1997-07-30,1997-12-31
ESIO,198786,198786,firstpricedate,1990-03-26,1997-12-31
ESND,198987,198987,firstpricedate,1990-03-26,1997-12-31
AKZOY,114482,114482,firstpricedate,1989-05-09,1997-12-31
BBOX,198114,198114,firstpricedate,1992-12-17,1997-12-31
SCG,198638,198638,firstpricedate,1987-12-30,1997-12-31
LTRE,197176,197176,firstpricedate,1995-12-06,1997-12-31
ESRX,192161,192161,firstpricedate,1992-06-09,1997-12-31
EEP,197878,197878,firstpricedate,1991-12-20,1997-12-31
DWCH,198480,198480,firstpricedate,1992-05-29,1997-12-31
RSYS,197958,197958,firstpricedate,1995-10-20,1997-12-31
FCE.A,199711,199711,firstpricedate,1986-01-01,1997-12-31
SONC,197982,197982,firstpricedate,1991-02-28,1997-12-31
CDTI,197218,197218,firstpricedate,1995-12-27,1997-12-31
EGN,199147,199147,firstpricedate,1986-01-01,1997-12-31
AET,195983,195983,firstpricedate,1986-01-01,1997-12-31
KMG,196939,196939,firstpricedate,1997-02-03,1997-12-31
CALL,197130,197130,firstpricedate,1996-02-07,1997-12-31
PCFO,109558,109558,firstpricedate,1988-06-09,1997-12-31
WSCI,199227,199227,firstpricedate,1990-03-27,1997-12-31
CA1,198986,198986,firstpricedate,1986-01-01,1997-12-31
EDGW,197037,197037,firstpricedate,1996-11-15,1997-12-31
PX1,197821,197821,firstpricedate,1992-06-17,1997-12-31
SVU,199312,199312,firstpricedate,1986-01-01,1997-12-31
PERY,197639,197639,firstpricedate,1993-05-28,1997-12-31
AGNUQ,199220,199220,firstpricedate,1986-01-01,1997-12-31
REIS,196849,196849,firstpricedate,1995-08-18,1997-12-31
PNK,198981,198981,firstpricedate,1990-03-26,1997-12-31
SYNT,196831,196831,firstpricedate,1997-08-12,1997-12-31
XCRA,198976,198976,firstpricedate,1990-03-26,1997-12-31
CGGYY,123164,123164,firstpricedate,1997-05-07,1997-12-31
ANDV,199632,199632,firstpricedate,1986-01-01,1997-12-31
NTTYY,189114,189114,firstpricedate,1994-09-29,1997-12-31
RNVA,197344,197344,firstpricedate,1995-10-19,1997-12-31
XL1,197934,197934,firstpricedate,1991-07-19,1997-12-31
RENX2,119522,119522,firstpricedate,1994-10-07,1997-12-31
TWOC,124152,124152,firstpricedate,1994-12-15,1997-12-31
HPHWQ,198703,198703,firstpricedate,1986-01-01,1997-12-31
GGP,192812,192812,firstpricedate,1993-04-08,1997-12-31
SIGM,198488,198488,firstpricedate,1990-03-26,1997-12-31
FFKT,198889,198889,firstpricedate,1993-03-05,1997-12-31
SHLM,199370,199370,firstpricedate,1986-07-09,1997-12-31
PRKR,197536,197536,firstpricedate,1993-12-01,1997-12-31
JNP,198276,198276,firstpricedate,1991-08-07,1997-12-31
ABAX,197860,197860,firstpricedate,1992-01-23,1997-12-31
VCOYY,121552,121552,firstpricedate,1994-10-17,1997-12-31
WGL,196121,196121,firstpricedate,1987-06-22,1997-12-31
WALKQ,113619,113619,firstpricedate,1997-09-29,1997-12-31
KYOCY,189881,189881,firstpricedate,1987-11-05,1997-12-31
KDUS,113579,113579,firstpricedate,1996-07-18,1997-12-31
ALOG,199957,199957,firstpricedate,1986-01-01,1997-12-31
TWX,196101,196101,firstpricedate,1992-03-19,1997-12-31
FINL,197800,197800,firstpricedate,1992-06-09,1997-12-31
LAYN,197768,197768,firstpricedate,1992-08-20,1997-12-31
OA,198006,198006,firstpricedate,1990-10-03,1997-12-31
BGC2,197803,197803,firstpricedate,1997-05-16,1997-12-31
JXSB,193016,193016,firstpricedate,1995-04-24,1997-12-31
GXP,195786,195786,firstpricedate,1987-11-05,1997-12-31
WR1,199603,199603,firstpricedate,1987-08-25,1997-12-31
MSCC,199134,199134,firstpricedate,1990-03-26,1997-12-31
HDNG,199121,199121,firstpricedate,1995-05-25,1997-12-31
CBI,196941,196941,firstpricedate,1997-03-27,1997-12-31
SGY,197630,197630,firstpricedate,1993-07-09,1997-12-31
IPXL,197157,197157,firstpricedate,1995-12-19,1997-12-31
RELYQ,199703,199703,firstpricedate,1986-01-01,1997-12-31
PQUEQ,197963,197963,firstpricedate,1992-10-26,1997-12-31
FWVB,199719,199719,firstpricedate,1995-03-08,1997-12-31
EVSNF,191102,191102,firstpricedate,1996-07-03,1997-12-31
CGNT1,197708,197708,firstpricedate,1992-12-15,1997-12-31
BSF,197121,197121,firstpricedate,1996-05-06,1997-12-31
RTKHQ,197980,197980,firstpricedate,1991-04-18,1997-12-31
DST,198877,198877,firstpricedate,1995-11-01,1997-12-31
BYBK,198057,198057,firstpricedate,1994-05-31,1997-12-31
PBOX,114851,114851,firstpricedate,1992-09-23,1997-12-31
FACO,197038,197038,firstpricedate,1986-01-01,1997-12-31
TNH,197892,197892,firstpricedate,1992-03-10,1997-12-31
AFAM,198430,198430,firstpricedate,1993-02-19,1997-12-31
MSFG,198831,198831,firstpricedate,1992-01-08,1997-12-31
TORM,198156,198156,firstpricedate,1990-03-27,1997-12-31
WGRP,193349,193349,firstpricedate,1996-08-15,1997-12-31
LNCE,199583,199583,firstpricedate,1990-03-26,1997-12-31
CRVP,195974,195974,firstpricedate,1994-01-14,1997-12-31
KTEC1,197621,197621,firstpricedate,1995-08-18,1997-12-31
CASC,193824,193824,firstpricedate,1991-11-19,1997-12-31
CCC1,198344,198344,firstpricedate,1987-06-03,1997-12-31
GNCMA,198372,198372,firstpricedate,1995-08-18,1997-12-31
CVOVQ,197468,197468,firstpricedate,1995-09-22,1997-12-31
DEL,196992,196992,firstpricedate,1996-12-12,1997-12-31
EXAC,197548,197548,firstpricedate,1996-05-30,1997-12-31
CAA,197904,197904,firstpricedate,1987-12-30,1997-12-31
BONTQ,197910,197910,firstpricedate,1991-09-24,1997-12-31
RPRX1,197668,197668,firstpricedate,1993-03-26,1997-12-31
SNBC,197039,197039,firstpricedate,1996-08-29,1997-12-31
BOBE,199742,199742,firstpricedate,1986-01-01,1997-12-31
AGU,166082,166082,firstpricedate,1995-05-05,1997-12-31
POT,198076,198076,firstpricedate,1990-01-12,1997-12-31
BCR,199915,199915,firstpricedate,1986-01-01,1997-12-31
RT,199514,199514,firstpricedate,1990-03-26,1997-12-31
NTL,115384,115384,firstpricedate,1997-06-17,1997-12-31
CMRO,199834,199834,firstpricedate,1986-01-01,1997-12-31
TESO,196986,196986,firstpricedate,1996-12-02,1997-12-31
RBPAA,197431,197431,firstpricedate,1992-03-03,1997-12-31
SNAK,197264,197264,firstpricedate,1996-12-06,1997-12-31
JACO,106420,106420,firstpricedate,1986-01-01,1997-12-31
NMRX,197968,197968,firstpricedate,1994-03-04,1997-12-31
LPAD,197932,197932,firstpricedate,1992-04-28,1997-12-31
RIC,165720,165720,firstpricedate,1997-03-07,1997-12-31
ALAN,109710,109710,firstpricedate,1992-06-15,1997-12-31
WAYN,196877,196877,firstpricedate,1993-06-23,1997-12-31
GLFMQ,196920,196920,firstpricedate,1997-05-01,1997-12-31
CFNB,198408,198408,firstpricedate,1987-04-09,1997-12-31
DDC2,123142,123142,firstpricedate,1992-06-22,1997-12-31
FSBK,196945,196945,firstpricedate,1997-04-08,1997-12-31
OKSB,197531,197531,firstpricedate,1993-12-17,1997-12-31
LDR,198253,198253,firstpricedate,1992-03-17,1997-12-31
SCLN,197869,197869,firstpricedate,1992-03-17,1997-12-31
ATW,199930,199930,firstpricedate,1986-01-01,1997-12-31
AF,197588,197588,firstpricedate,1993-11-18,1997-12-31
PRXL,198423,198423,firstpricedate,1995-11-22,1997-12-31
PERFQ,197874,197874,firstpricedate,1991-12-19,1997-12-31
SEV1,198252,198252,firstpricedate,1992-03-19,1997-12-31
STS,199043,199043,firstpricedate,1992-03-17,1997-12-31
VSRI,198404,198404,firstpricedate,1992-03-18,1997-12-31
DGAS,199149,199149,firstpricedate,1990-03-26,1997-12-31
WMAR,197554,197554,firstpricedate,1993-11-19,1997-12-31
SPLS1,198486,198486,firstpricedate,1990-03-26,1997-12-31
CDI,199866,199866,firstpricedate,1989-06-29,1997-12-31
KNX1,197361,197361,firstpricedate,1994-10-25,1997-12-31
DD1,199769,199769,firstpricedate,1986-01-01,1997-12-31
ARIS1,197887,197887,firstpricedate,1991-11-15,1997-12-31
WFM,198012,198012,firstpricedate,1992-01-23,1997-12-31
EMIS1,198393,198393,firstpricedate,1991-11-19,1997-12-31
MRVC,197773,197773,firstpricedate,1993-03-25,1997-12-31
FCH,197418,197418,firstpricedate,1994-07-22,1997-12-31
SPNC,198506,198506,firstpricedate,1992-01-21,1997-12-31
CASLQ,199870,199870,firstpricedate,1986-01-01,1997-12-31
ILIU,196858,196858,firstpricedate,1997-11-26,1997-12-31
EGAS,199671,199671,firstpricedate,1990-03-26,1997-12-31
ITEX,198051,198051,firstpricedate,1994-04-18,1997-12-31
GLAE,197067,197067,firstpricedate,1996-06-26,1997-12-31
PACI1,114833,114833,firstpricedate,1997-11-07,1997-12-31
TIGR1,198285,198285,firstpricedate,1987-10-16,1997-12-31
CTTC,109706,109706,firstpricedate,1986-01-01,1997-12-31
NSAT,114697,114697,firstpricedate,1995-08-18,1997-12-31
PNRA,198794,198794,firstpricedate,1991-06-10,1997-12-31
LSCG,197995,197995,firstpricedate,1994-10-31,1997-12-31
KATE,199026,199026,firstpricedate,1986-01-01,1997-12-31
BHI,198375,198375,firstpricedate,1987-04-07,1997-12-31
OKS,197597,197597,firstpricedate,1993-09-24,1997-12-31
AIII,197092,197092,firstpricedate,1997-12-10,1997-12-31
TRR,199240,199240,firstpricedate,1991-12-16,1997-12-31
MOCO,199522,199522,firstpricedate,1989-04-05,1997-12-31
SPAN,198848,198848,firstpricedate,1990-03-26,1997-12-31
YHOO,113491,113491,firstpricedate,1996-04-12,1997-12-31
LUXTY,124089,124089,firstpricedate,1990-01-24,1997-12-31
FCE.B,111397,111397,firstpricedate,1992-03-23,1997-12-31
CFCB,123727,123727,firstpricedate,1996-05-31,1997-12-31
VAL1,199242,199242,firstpricedate,1992-03-17,1997-12-31
CACB,198008,198008,firstpricedate,1994-01-21,1997-12-31
SDOI,124563,124563,firstpricedate,1993-10-20,1997-12-31
MBVT,198784,198784,firstpricedate,1993-03-30,1997-12-31
EXAR,198641,198641,firstpricedate,1986-01-01,1997-12-31
ERS,197023,197023,firstpricedate,1996-10-02,1997-12-31
HW,197160,197160,firstpricedate,1996-05-30,1997-12-31
HNR,198136,198136,firstpricedate,1989-11-07,1997-12-31
SWC,197337,197337,firstpricedate,1994-12-16,1997-12-31
MDSYF,190724,190724,firstpricedate,1997-01-31,1997-12-31
AERT1,198113,198113,firstpricedate,1989-11-20,1997-12-31
ISLE1,198030,198030,firstpricedate,1992-09-14,1997-12-31
ETP1,197083,197083,firstpricedate,1996-06-25,1997-12-31
UTEK,197594,197594,firstpricedate,1993-09-29,1997-12-31
UAM,192482,192482,firstpricedate,1990-03-26,1997-12-31
CWEI,197884,197884,firstpricedate,1993-05-20,1997-12-31
AIRM,198311,198311,firstpricedate,1987-08-31,1997-12-31
BEAV,198045,198045,firstpricedate,1990-04-25,1997-12-31
CSC,199827,199827,firstpricedate,1986-01-01,1997-12-31
SCNB,198639,198639,firstpricedate,1986-08-01,1997-12-31
AERG,197886,197886,firstpricedate,1992-03-26,1997-12-31
MENT,198956,198956,firstpricedate,1986-01-01,1997-12-31
QUSA1,123091,123091,firstpricedate,1992-06-12,1997-12-31
GK2,199695,199695,firstpricedate,1990-03-26,1997-12-31
HAR,198417,198417,firstpricedate,1986-11-14,1997-12-31
LLTC,198484,198484,firstpricedate,1990-03-26,1997-12-31
ACAT,198833,198833,firstpricedate,1990-06-27,1997-12-31
CLBH,195933,195933,firstpricedate,1997-03-03,1997-12-31
CLC,199842,199842,firstpricedate,1990-03-26,1997-12-31
ELNK,196129,196129,firstpricedate,1997-01-22,1997-12-31
DSCI,197726,197726,firstpricedate,1994-05-13,1997-12-31
ARIA1,197823,197823,firstpricedate,1994-09-19,1997-12-31
APOL,197359,197359,firstpricedate,1995-01-04,1997-12-31
AMCC,198904,198904,firstpricedate,1997-11-25,1997-12-31
AEPI,198525,198525,firstpricedate,1986-01-31,1997-12-31
MEG1,124710,124710,firstpricedate,1986-01-01,1997-12-31
LSBG,198125,198125,firstpricedate,1990-03-28,1997-12-31
PRSNQ,199061,199061,firstpricedate,1986-01-01,1997-12-31
STJ,199178,199178,firstpricedate,1989-12-07,1997-12-31
ACAS,198305,198305,industry,Asset Management,Credit Services
ACAS,198305,198305,firstpricedate,1997-09-02,1997-12-31
EDE,199751,199751,firstpricedate,1986-01-01,1997-12-31
OPTI,122591,122591,firstpricedate,1993-05-13,1997-12-31
BBX1,124502,124502,firstpricedate,1996-03-12,1997-12-31
IM,197036,197036,firstpricedate,1996-11-01,1997-12-31
AMSG,197683,197683,firstpricedate,1997-12-04,1997-12-31
PPS,197634,197634,firstpricedate,1993-07-16,1997-12-31
LXK,197189,197189,firstpricedate,1995-11-15,1997-12-31
KATYQ,199602,199602,firstpricedate,1986-01-01,1997-12-31
RSTI,197022,197022,firstpricedate,1996-09-26,1997-12-31
PWX,198208,198208,firstpricedate,1988-09-06,1997-12-31
MWW,197013,197013,firstpricedate,1996-12-13,1997-12-31
COB,198606,198606,firstpricedate,1997-04-29,1997-12-31
TOFB,198755,198755,firstpricedate,1986-01-01,1997-12-31
GDPMQ,197272,197272,firstpricedate,1986-01-01,1997-12-31
HTCH,198571,198571,firstpricedate,1986-01-01,1997-12-31
PKY1,198762,198762,firstpricedate,1986-01-01,1997-12-31
ACIIQ,196857,196857,firstpricedate,1988-08-11,1997-12-31
PNY,199423,199423,firstpricedate,1987-12-30,1997-12-31
GLDC,199677,199677,firstpricedate,1990-03-27,1997-12-31
EPIQ,196944,196944,firstpricedate,1997-02-04,1997-12-31
PLCM,197097,197097,firstpricedate,1996-04-30,1997-12-31
OUTR,197285,197285,firstpricedate,1997-07-03,1997-12-31
BSIRY,121046,121046,firstpricedate,1996-08-01,1997-12-31
HOT,199096,199096,firstpricedate,1987-11-05,1997-12-31
FEIC,197532,197532,firstpricedate,1995-06-01,1997-12-31
STR1,198649,198649,firstpricedate,1987-12-29,1997-12-31
PVAHQ,199437,199437,firstpricedate,1986-01-01,1997-12-31
YCB,197324,197324,firstpricedate,1995-04-10,1997-12-31
ASEI,199963,199963,firstpricedate,1986-01-01,1997-12-31
REXI,119851,119851,firstpricedate,1990-04-04,1997-12-31
PSUNQ,197938,197938,firstpricedate,1993-03-16,1997-12-31
RDEN,199313,199313,firstpricedate,1995-12-21,1997-12-31
EMC1,198495,198495,firstpricedate,1988-12-16,1997-12-31
TYC,573113,573113,firstpricedate,1987-09-28,1997-12-31
CSH1,198379,198379,firstpricedate,1987-12-30,1997-12-31
AMIC,199293,199293,firstpricedate,1986-01-01,1997-12-31
AXLL,198395,198395,firstpricedate,1988-10-05,1997-12-31
WAVXQ,197481,197481,firstpricedate,1994-08-31,1997-12-31
FMER,199001,199001,firstpricedate,1989-03-29,1997-12-31
QLGC,197493,197493,firstpricedate,1994-02-28,1997-12-31
SOGCQ,199709,199709,firstpricedate,1986-01-01,1997-12-31
ELRC,199755,199755,firstpricedate,1990-03-28,1997-12-31
DXIEF,119661,119661,firstpricedate,2006-09-08,2007-05-23
HAMPQ,197788,197788,firstpricedate,1992-06-18,1997-12-31
FUR,199720,199720,firstpricedate,1986-01-01,1997-12-31
ESINQ,197432,197432,firstpricedate,1994-12-20,1997-12-31
REXMY,115144,115144,firstpricedate,1986-01-01,1997-12-31
ISHCQ,199143,199143,firstpricedate,1991-10-24,1997-12-31
CHMP,199858,199858,firstpricedate,1993-01-25,1997-12-31
ICAYY,111390,111390,firstpricedate,1992-04-09,1997-12-31
TE1,199049,199049,firstpricedate,1986-01-01,1997-12-31
GAS,197152,197152,firstpricedate,1986-01-01,1997-12-31
CVC,196674,196674,firstpricedate,1992-03-17,1997-12-31
MOKOY,166833,166833,firstpricedate,2010-08-11,2014-06-27
FSYS,194689,194689,firstpricedate,1986-09-16,1997-12-31
SLI1,199359,199359,firstpricedate,1987-12-30,1997-12-31
ARG,198401,198401,firstpricedate,1986-12-22,1997-12-31
ENZN,198776,198776,firstpricedate,1986-01-01,1997-12-31
CKP,199173,199173,firstpricedate,1986-11-12,1997-12-31
HFFC,197861,197861,firstpricedate,1992-04-09,1997-12-31
SNDK1,197210,197210,firstpricedate,1995-11-08,1997-12-31
MTSN,197370,197370,firstpricedate,1994-09-28,1997-12-31
POWR1,197857,197857,firstpricedate,1992-02-13,1997-12-31
VBIV1,198941,198941,firstpricedate,1990-04-24,1997-12-31
SUNEQ,197253,197253,firstpricedate,1995-07-14,1997-12-31
PFED,123518,123518,firstpricedate,1996-08-12,1997-12-31
SXCL,123826,123826,firstpricedate,1986-06-11,1997-12-31
PULB,196573,196573,firstpricedate,1994-05-11,1997-12-31
BYLK,199156,199156,firstpricedate,1996-05-31,1997-12-31
NEWP1,199164,199164,firstpricedate,1986-01-01,1997-12-31
SPDC,124503,124503,firstpricedate,1993-12-16,1997-12-31
SFYWQ,199030,199030,firstpricedate,1986-01-01,1997-12-31
JAH,197685,197685,firstpricedate,1993-03-29,1997-12-31
CNL1,196300,196300,firstpricedate,1987-11-05,1997-12-31
BLT,197182,197182,firstpricedate,1986-01-01,1997-12-31
ATML,197962,197962,firstpricedate,1991-03-19,1997-12-31
NPBC,198968,198968,firstpricedate,1990-03-27,1997-12-31
CAM2,197286,197286,firstpricedate,1995-07-05,1997-12-31
AFFX,197551,197551,firstpricedate,1996-06-06,1997-12-31
BJCT,123885,123885,firstpricedate,1988-03-25,1997-12-31
HNT,197512,197512,firstpricedate,1991-06-11,1997-12-31
POM1,195861,195861,firstpricedate,1987-01-02,1997-12-31
LOJN,198990,198990,firstpricedate,1986-01-01,1997-12-31
PRE1,197578,197578,firstpricedate,1993-10-29,1997-12-31
SPORQ,123570,123570,firstpricedate,1994-04-05,1997-12-31
ANAD,197291,197291,firstpricedate,1995-04-21,1997-12-31
SEDN,109590,109590,firstpricedate,1986-10-21,1997-12-31
GMCR,197592,197592,firstpricedate,1993-09-27,1997-12-31
NBBC,198880,198880,firstpricedate,1990-03-26,1997-12-31
FRM,199607,199607,firstpricedate,1986-01-01,1997-12-31
RIVR,197059,197059,firstpricedate,1996-12-20,1997-12-31
SIRO,197065,197065,firstpricedate,1997-07-01,1997-12-31
ALU,114895,114895,firstpricedate,1992-05-21,1997-12-31
EZCH,189946,189946,firstpricedate,1992-11-19,1997-12-31
PCL1,198117,198117,firstpricedate,1989-06-02,1997-12-31
METR,196341,196341,firstpricedate,1995-08-21,1997-12-31
ZQKSQ,198394,198394,firstpricedate,1986-12-16,1997-12-31
PBY1,199434,199434,firstpricedate,1986-01-01,1997-12-31
PCP,199415,199415,firstpricedate,1990-01-12,1997-12-31
PGLA,167298,167298,firstpricedate,1997-10-24,1997-12-31
RENT1,198418,198418,firstpricedate,1986-11-14,1997-12-31
WPP1,199224,199224,firstpricedate,1986-01-01,1997-12-31
CB1,199850,199850,firstpricedate,1986-01-01,1997-12-31
PMCS,198592,198592,firstpricedate,1991-04-24,1997-12-31
HGVLY,115098,115098,firstpricedate,1986-01-01,1997-12-31
RITT,189513,189513,firstpricedate,1997-07-22,1997-12-31
FXEN,197609,197609,firstpricedate,1996-06-07,1997-12-31
KCLI,199606,199606,firstpricedate,1995-08-21,1997-12-31
ASBI,198082,198082,firstpricedate,1987-02-26,1997-12-31
ALTR1,198590,198590,firstpricedate,1988-03-31,1997-12-31
ASMIY,189557,189557,firstpricedate,1987-03-24,1997-12-31
HUB.A,635341,635341,firstpricedate,1986-01-01,1997-12-31
HKFIQ,198341,198341,firstpricedate,1987-11-10,1997-12-31
UIL,196388,196388,firstpricedate,1987-08-31,1997-12-31
CMCSK,116543,116543,firstpricedate,1990-03-26,1997-12-31
STNR,197027,197027,firstpricedate,1996-11-13,1997-12-31
BAMM1,197727,197727,firstpricedate,1992-11-04,1997-12-31
CYT1,197565,197565,firstpricedate,1993-12-22,1997-12-31
PGI,197868,197868,firstpricedate,1996-03-05,1997-12-31
ISSI,198086,198086,firstpricedate,1995-02-03,1997-12-31
DARA,197474,197474,firstpricedate,1994-04-07,1997-12-31
ZAZA,192217,192217,firstpricedate,1992-03-03,1997-12-31
AXIHQ,124757,124757,firstpricedate,1986-11-24,1997-12-31
PLNR,198814,198814,firstpricedate,1993-12-16,1997-12-31
PSEM,197186,197186,firstpricedate,1997-10-31,1997-12-31
DAEG,197872,197872,firstpricedate,1996-06-14,1997-12-31
SIAL,199354,199354,firstpricedate,1990-03-26,1997-12-31
SRCTQ,199325,199325,firstpricedate,1986-01-01,1997-12-31
ESCRQ,199778,199778,firstpricedate,1995-08-18,1997-12-31
INSV,198410,198410,firstpricedate,1993-10-19,1997-12-31
STE1,198317,198317,firstpricedate,1992-06-01,1997-12-31
CYN1,199184,199184,firstpricedate,1990-03-26,1997-12-31
CNW,199818,199818,firstpricedate,1986-01-01,1997-12-31
HCC1,197766,197766,firstpricedate,1992-10-28,1997-12-31
OMG,197645,197645,firstpricedate,1993-10-14,1997-12-31
ADEP,198013,198013,firstpricedate,1995-12-15,1997-12-31
CYBX,198017,198017,firstpricedate,1993-02-11,1997-12-31
SURG1,198185,198185,firstpricedate,1989-11-09,1997-12-31
BTH,197450,197450,firstpricedate,1994-05-18,1997-12-31
INPHQ,198770,198770,firstpricedate,1986-01-01,1997-12-31
ALLB,192707,192707,firstpricedate,1995-03-06,1997-12-31
HME,197424,197424,firstpricedate,1994-08-01,1997-12-31
THOR1,199039,199039,firstpricedate,1996-01-02,1997-12-31
HILL,196795,196795,firstpricedate,1997-09-17,1997-12-31
RYL,199380,199380,firstpricedate,1987-12-30,1997-12-31
ULGX,197848,197848,firstpricedate,1996-05-30,1997-12-31
ALGI,199926,199926,firstpricedate,1986-01-01,1997-12-31
TECU,199299,199299,firstpricedate,1990-03-26,1997-12-31
SPGZ,197687,197687,firstpricedate,1993-05-20,1997-12-31
TGICQ,188443,188443,firstpricedate,1993-10-22,1997-12-31
UCAP,185797,185797,firstpricedate,1986-01-01,1997-12-31
CDSS,113578,113578,sector,Industrials,Technology
CDSS,113578,113578,industry,Consulting Services,Software - Application
PMFG,193663,193663,firstpricedate,1986-01-01,1997-12-31
MAG1,122355,122355,firstpricedate,1989-06-14,1997-12-31
GYRO1,199666,199666,firstpricedate,1995-08-23,1997-12-31
PLL1,199445,199445,firstpricedate,1986-01-01,1997-12-31
GLRP,111013,111013,firstpricedate,1986-01-01,1997-12-31
FRS,199701,199701,firstpricedate,1992-03-17,1997-12-31
ANN,197949,197949,firstpricedate,1991-05-17,1997-12-31
CRV,198769,198769,firstpricedate,1986-01-01,1997-12-31
LOGC1,123519,123519,firstpricedate,1988-11-02,1997-12-31
BRLI1,198478,198478,firstpricedate,1986-09-16,1997-12-31
OCR,199014,199014,firstpricedate,1987-12-30,1997-12-31
LNBB,123733,123733,firstpricedate,1997-05-09,1997-12-31
GTI1,197343,197343,firstpricedate,1995-08-10,1997-12-31
AEC1,197574,197574,firstpricedate,1993-11-11,1997-12-31
MCRL,197336,197336,firstpricedate,1994-12-09,1997-12-31
SUSQ,198964,198964,firstpricedate,1990-03-26,1997-12-31
WLTGQ,198178,198178,firstpricedate,1995-03-21,1997-12-31
MCGC,195806,195806,industry,Asset Management,Credit Services
RTI,196518,196518,firstpricedate,1990-04-12,1997-12-31
BPZRQ,196973,196973,firstpricedate,1997-02-11,1997-12-31
MIG1,197223,197223,firstpricedate,1995-11-21,1997-12-31
JPST1,122335,122335,firstpricedate,1997-10-16,1997-12-31
ADVS,197173,197173,firstpricedate,1995-11-16,1997-12-31
FDO,199736,199736,firstpricedate,1986-01-01,1997-12-31
IGTE,196961,196961,firstpricedate,1996-12-17,1997-12-31
EMRI,123126,123126,firstpricedate,1986-01-01,1997-12-31
MWV,195722,195722,firstpricedate,1986-01-01,1997-12-31
RKT1,199159,199159,firstpricedate,1994-03-03,1997-12-31
VYFC,197446,197446,firstpricedate,1997-01-03,1997-12-31
TEG,197505,197505,firstpricedate,1988-01-05,1997-12-31
ZEP,193886,193886,industry,Conglomerates,Pollution & Treatment Controls
COVR,122356,122356,firstpricedate,1996-03-14,1997-12-31
GEVA,189725,189725,firstpricedate,1997-10-07,1997-12-31
LYRI,123425,123425,firstpricedate,1986-11-05,1997-12-31
CRRC,199809,199809,firstpricedate,1990-03-27,1997-12-31
PCYC,197217,197217,firstpricedate,1995-10-24,1997-12-31
API1,197971,197971,firstpricedate,1991-02-11,1997-12-31
TLSMF,123135,123135,firstpricedate,1997-10-16,1997-12-31
BOBS1,119937,119937,firstpricedate,1994-04-08,1997-12-31
ELX,199038,199038,firstpricedate,1986-01-01,1997-12-31
VIDE,198632,198632,firstpricedate,1986-01-01,1997-12-31
VTSS,123677,123677,firstpricedate,1991-12-11,1997-12-31
PULS1,199301,199301,firstpricedate,1986-01-01,1997-12-31
IGT1,199010,199010,firstpricedate,1986-01-01,1997-12-31
GNI,199670,199670,firstpricedate,1986-01-01,1997-12-31
UPI,197742,197742,firstpricedate,1997-08-04,1997-12-31
DRLCQ,198164,198164,firstpricedate,1988-12-19,1997-12-31
SNKTY,124030,124030,firstpricedate,1986-05-19,1997-12-31
RSHCQ,199304,199304,firstpricedate,1986-01-01,1997-12-31
WTSLQ,198025,198025,firstpricedate,1990-07-03,1997-12-31
AGN1,198103,198103,firstpricedate,1989-06-21,1997-12-31
HEIIQ,123914,123914,firstpricedate,1986-01-01,1997-12-31
PETM,198027,198027,firstpricedate,1993-07-23,1997-12-31
PENX,198720,198720,firstpricedate,1987-08-19,1997-12-31
CHYR,199848,199848,firstpricedate,1986-01-01,1997-12-31
NBTF,197601,197601,firstpricedate,1995-07-05,1997-12-31
NPSP,197749,197749,firstpricedate,1994-05-26,1997-12-31
CVD,196983,196983,firstpricedate,1996-12-17,1997-12-31
PRLS,197662,197662,firstpricedate,1996-09-25,1997-12-31
DWSN1,199035,199035,firstpricedate,1986-01-01,1997-12-31
ESBF,197960,197960,firstpricedate,1995-08-21,1997-12-31
ORB,198286,198286,firstpricedate,1990-04-24,1997-12-31
CIMT,122353,122353,firstpricedate,1996-03-21,1997-12-31
SAPE,197109,197109,firstpricedate,1996-04-04,1997-12-31
BTUI,198165,198165,firstpricedate,1989-02-07,1997-12-31
PL1,198994,198994,firstpricedate,1990-03-26,1997-12-31
SWY,199378,199378,firstpricedate,1990-04-26,1997-12-31
APAGF,199130,199130,firstpricedate,1986-01-01,1997-12-31
CDIR,122345,122345,firstpricedate,1994-06-27,1997-12-31
ESYS,197529,197529,firstpricedate,1993-11-30,1997-12-31
CBST,197568,197568,firstpricedate,1996-10-25,1997-12-31
GRT,197552,197552,firstpricedate,1994-01-20,1997-12-31
IRF,199091,199091,firstpricedate,1986-01-01,1997-12-31
AVNR,198062,198062,firstpricedate,1990-05-09,1997-12-31
CQB,199260,199260,firstpricedate,1986-08-01,1997-12-31
ITSI,124031,124031,firstpricedate,1986-01-01,1997-12-31
TQNT,197540,197540,firstpricedate,1993-12-14,1997-12-31
RFMD,190790,190790,firstpricedate,1997-06-03,1997-12-31
SWS,197907,197907,firstpricedate,1991-10-11,1997-12-31
FFKY,198089,198089,firstpricedate,1990-07-17,1997-12-31
CNLG,114563,114563,firstpricedate,1995-08-17,1997-12-31
MGAM1,197678,197678,firstpricedate,1996-05-22,1997-12-31
CPWR,198060,198060,firstpricedate,1992-12-16,1997-12-31
FMARQ,123626,123626,firstpricedate,1996-12-20,1997-12-31
FWLT,195906,195906,firstpricedate,1986-01-01,1997-12-31
OVRL,197757,197757,firstpricedate,1997-02-21,1997-12-31
KMP,197771,197771,firstpricedate,1992-07-30,1997-12-31
BYI,199990,199990,firstpricedate,1986-01-01,1997-12-31
NRDSQ,123827,123827,firstpricedate,1986-01-01,1997-12-31
BOLT1,199005,199005,firstpricedate,1996-09-10,1997-12-31
ORBT,199457,199457,firstpricedate,1990-03-26,1997-12-31
BAGL,197219,197219,firstpricedate,1996-02-01,1997-12-31
LSBI,197352,197352,firstpricedate,1995-02-07,1997-12-31
XRSC,198088,198088,firstpricedate,1995-12-15,1997-12-31
ALCSQ,199773,199773,firstpricedate,1994-10-28,1997-12-31
THRD1,197458,197458,firstpricedate,1994-07-13,1997-12-31
ENVE,198599,198599,firstpricedate,1995-03-23,1997-12-31
URS,199244,199244,firstpricedate,1986-01-01,1997-12-31
MEAS,198549,198549,firstpricedate,1988-09-30,1997-12-31
COBR,199765,199765,firstpricedate,1986-01-01,1997-12-31
UWBKQ,116038,116038,firstpricedate,1996-10-21,1997-12-31
NOVB,123734,123734,firstpricedate,1995-02-02,1997-12-31
MDCI,198671,198671,firstpricedate,1986-07-29,1997-12-31
CWTRQ,197035,197035,firstpricedate,1997-01-29,1997-12-31
CHDX,197427,197427,firstpricedate,1994-08-18,1997-12-31
ALTI1,197051,197051,firstpricedate,1996-03-04,1997-12-31
MNTG,198196,198196,firstpricedate,1992-12-07,1997-12-31
NASB,196614,196614,firstpricedate,1986-01-01,1997-12-31
PVD,122321,122321,firstpricedate,1994-11-16,1997-12-31
MCRS,199056,199056,firstpricedate,1986-01-01,1997-12-31
DFZ,198663,198663,firstpricedate,1986-01-01,1997-12-31
HSH,199819,199819,firstpricedate,1986-01-01,1997-12-31
CMKG,116023,116023,firstpricedate,1992-12-30,1997-12-31
SPCHB,197720,197720,firstpricedate,1992-11-19,1997-12-31
UNS,197287,197287,firstpricedate,1986-01-01,1997-12-31
QCOR,197733,197733,firstpricedate,1992-11-03,1997-12-31
BCST,110154,110154,firstpricedate,1986-01-01,1997-12-31
FBNIQ,199625,199625,firstpricedate,1992-06-29,1997-12-31
ESC,197183,197183,firstpricedate,1995-11-21,1997-12-31
SGK,198845,198845,firstpricedate,1986-01-01,1997-12-31
MAXC,120231,120231,firstpricedate,1986-01-01,1997-12-31
GLCH,198541,198541,firstpricedate,1986-01-01,1997-12-31
FRX1,199710,199710,firstpricedate,1986-01-01,1997-12-31
TXI,199290,199290,firstpricedate,1986-01-01,1997-12-31
ISCIQ,124745,124745,firstpricedate,1986-01-01,1997-12-31
OBTLY,120218,120218,firstpricedate,1991-12-04,1997-12-31
KIDBQ,198718,198718,firstpricedate,1986-01-01,1997-12-31
ZIGO,198751,198751,firstpricedate,1986-01-01,1997-12-31
JOSB,197471,197471,firstpricedate,1994-05-03,1997-12-31
SYNM,196934,196934,firstpricedate,1997-07-29,1997-12-31
OSGIQ,199455,199455,firstpricedate,1986-01-01,1997-12-31
TSH,197316,197316,firstpricedate,1995-04-19,1997-12-31
FOHL,123105,123105,firstpricedate,1986-01-01,1997-12-31
FBMI,122802,122802,firstpricedate,1996-06-05,1997-12-31
NEOM,109434,109434,firstpricedate,1996-11-25,1997-12-31
ARTC1,197142,197142,firstpricedate,1996-02-05,1997-12-31
ZLC,199198,199198,firstpricedate,1993-08-09,1997-12-31
MRFD,123127,123127,firstpricedate,1986-01-01,1997-12-31
FAVS,123810,123810,firstpricedate,1997-02-28,1997-12-31
HWG,198991,198991,firstpricedate,1987-03-24,1997-12-31
LCAV,197163,197163,firstpricedate,1996-01-23,1997-12-31
ACO,198338,198338,firstpricedate,1987-12-31,1997-12-31
CASA1,186105,186105,firstpricedate,1996-04-25,1997-12-31
LSI1,198946,198946,firstpricedate,1986-01-01,1997-12-31
TECUA,635348,635348,firstpricedate,1992-06-02,1997-12-31
BEAM2,198507,198507,firstpricedate,1986-01-01,1997-12-31
ATMI,196809,196809,firstpricedate,1993-11-23,1997-12-31
ACCL1,197171,197171,firstpricedate,1995-12-05,1997-12-31
STSA1,124220,124220,firstpricedate,1987-02-02,1997-12-31
HITK,197781,197781,firstpricedate,1992-08-03,1997-12-31
SCLD,120820,120820,firstpricedate,1997-04-22,1997-12-31
JNY,197950,197950,firstpricedate,1991-05-16,1997-12-31
SATCQ,188414,188414,firstpricedate,1992-11-12,1997-12-31
SUPX1,198759,198759,firstpricedate,1986-01-01,1997-12-31
BRE,197091,197091,firstpricedate,1986-01-01,1997-12-31
PSTX1,123569,123569,firstpricedate,1986-01-01,1997-12-31
MASC,198634,198634,firstpricedate,1986-01-01,1997-12-31
WSGI,114693,114693,firstpricedate,1994-04-05,1997-12-31
VIFL,197986,197986,firstpricedate,1991-04-09,1997-12-31
WELX,109625,109625,firstpricedate,1994-04-05,1997-12-31
CAFI,199878,199878,firstpricedate,1995-01-03,1997-12-31
ZOLT,197740,197740,firstpricedate,1992-11-06,1997-12-31
APFC,199044,199044,firstpricedate,1986-01-01,1997-12-31
HAUP,197349,197349,firstpricedate,1995-04-25,1997-12-31
TFCO,197695,197695,firstpricedate,1994-01-21,1997-12-31
ARDNA,199166,199166,firstpricedate,1987-03-24,1997-12-31
HOLL,120558,120558,firstpricedate,1993-11-12,1997-12-31
PTIX1,197155,197155,firstpricedate,1996-01-25,1997-12-31
EXMCQ,120855,120855,firstpricedate,1989-02-03,1997-12-31
ANEN,199955,199955,firstpricedate,1986-01-01,1997-12-31
CEC,198330,198330,firstpricedate,1989-01-03,1997-12-31
CAMH,122352,122352,firstpricedate,1996-08-02,1997-12-31
DGIT,197318,197318,firstpricedate,1996-02-06,1997-12-31
VCI,197844,197844,firstpricedate,1992-03-11,1997-12-31
CGX,197451,197451,firstpricedate,1994-06-10,1997-12-31
ATX,199803,199803,firstpricedate,1986-01-01,1997-12-31
FLOW1,198890,198890,firstpricedate,1986-01-01,1997-12-31
DRCO,199766,199766,firstpricedate,1986-01-01,1997-12-31
VCBI,196177,196177,firstpricedate,1996-06-05,1997-12-31
NETC3,108029,108029,firstpricedate,1996-11-01,1997-12-31
HTSI,199382,199382,firstpricedate,1986-01-01,1997-12-31
HMA1,198474,198474,firstpricedate,1991-04-16,1997-12-31
VPHM,197233,197233,firstpricedate,1996-11-19,1997-12-31
TUC,196847,196847,firstpricedate,1997-10-17,1997-12-31
ALRN1,122313,122313,firstpricedate,1986-03-11,1997-12-31
STEI,197906,197906,firstpricedate,1991-10-10,1997-12-31
PCBS,123043,123043,firstpricedate,1996-09-20,1997-12-31
BLC,198984,198984,firstpricedate,1986-01-01,1997-12-31
NVE,198705,198705,firstpricedate,1986-01-01,1997-12-31
ELN,122308,122308,firstpricedate,1986-01-01,1997-12-31
CSLR1,167453,167453,firstpricedate,1989-05-18,1997-12-31
BRY1,198550,198550,firstpricedate,1987-07-07,1997-12-31
DIAL1,198577,198577,firstpricedate,1986-01-01,1997-12-31
SVNTQ,198817,198817,firstpricedate,1986-01-01,1997-12-31
GCOM,196917,196917,firstpricedate,1997-08-08,1997-12-31
MOLXA,635425,635425,firstpricedate,1990-07-26,1997-12-31
MOLX,199520,199520,firstpricedate,1986-01-01,1997-12-31
AAMRQ,631666,631666,firstpricedate,1986-01-01,1997-12-31
VCST,109485,109485,firstpricedate,1997-02-04,1997-12-31
TLAB,199087,199087,firstpricedate,1986-01-01,1997-12-31
CDYCF,166666,166666,category,ADR Common Stock,Canadian Common Stock
CDYCF,166666,166666,firstpricedate,2003-12-31,2005-01-21
SYMM,199395,199395,firstpricedate,1986-01-01,1997-12-31
SHFL,198851,198851,firstpricedate,1992-12-08,1997-12-31
NTSC,199188,199188,firstpricedate,1986-01-01,1997-12-31
CRCV,123581,123581,firstpricedate,1992-04-20,1997-12-31
NAFC,199505,199505,firstpricedate,1986-01-01,1997-12-31
MFLR,194240,194240,firstpricedate,1987-12-23,1997-12-31
SNDTF,122300,122300,firstpricedate,1986-01-01,1997-12-31
CLNH1,188040,188040,firstpricedate,1997-10-01,1997-12-31
ROCM,197983,197983,firstpricedate,1991-07-16,1997-12-31
ABV,635686,635686,firstpricedate,1996-08-20,1997-12-31
SKS,198342,198342,firstpricedate,1987-06-03,1997-12-31
OMX,199899,199899,firstpricedate,1986-01-01,1997-12-31
OPAY,123868,123868,firstpricedate,1997-12-17,1997-12-31
STL1,199326,199326,firstpricedate,1986-01-01,1997-12-31
TGX,198453,198453,firstpricedate,1986-09-09,1997-12-31
DELL1,198249,198249,firstpricedate,1988-06-22,1997-12-31
WMS1,199052,199052,firstpricedate,1986-01-01,1997-12-31
KDN,198710,198710,firstpricedate,1986-01-01,1997-12-31
GTAX,123125,123125,firstpricedate,1994-12-13,1997-12-31
BKR1,199920,199920,firstpricedate,1986-01-01,1997-12-31
ANLY,199956,199956,firstpricedate,1986-01-01,1997-12-31
PVFC,197367,197367,firstpricedate,1992-12-30,1997-12-31
ASTX2,197476,197476,firstpricedate,1996-03-13,1997-12-31
CXPO,198333,198333,firstpricedate,1993-06-08,1997-12-31
ONXX,197086,197086,firstpricedate,1996-05-09,1997-12-31
CLP,197598,197598,firstpricedate,1993-09-23,1997-12-31
CVBK,123927,123927,firstpricedate,1993-04-14,1997-12-31
ABCWQ,633125,633125,firstpricedate,1992-07-16,1997-12-31
SFD1,199348,199348,firstpricedate,1986-01-01,1997-12-31
CNH1,190665,190665,firstpricedate,1996-11-01,1997-12-31
CBCRQ,198168,198168,firstpricedate,1989-11-22,1997-12-31
LVB,197575,197575,firstpricedate,1996-08-02,1997-12-31
IN,123870,123870,firstpricedate,1997-10-22,1997-12-31
KVPHQ,635424,635424,firstpricedate,1991-12-27,1997-12-31
MEAD,124496,124496,firstpricedate,1997-04-09,1997-12-31
BMC,198189,198189,firstpricedate,1988-08-12,1997-12-31
EKDKQ,165470,165470,firstpricedate,1986-01-01,1997-12-31
FMFC1,199055,199055,firstpricedate,1996-09-12,1997-12-31
MBND1,198741,198741,firstpricedate,1986-01-01,1997-12-31
PWAVQ,196979,196979,firstpricedate,1996-12-06,1997-12-31
MPR,199541,199541,firstpricedate,1986-01-01,1997-12-31
MSEL,120474,120474,firstpricedate,1988-10-20,1997-12-31
BKI1,197650,197650,firstpricedate,1995-11-22,1997-12-31
FFEX,199698,199698,firstpricedate,1986-01-01,1997-12-31
THQIQ,188508,188508,firstpricedate,1991-08-01,1997-12-31
ASCA1,197569,197569,firstpricedate,1993-11-09,1997-12-31
FSCI,196893,196893,firstpricedate,1996-06-03,1997-12-31
AM1,199967,199967,firstpricedate,1986-01-01,1997-12-31
EVEIQ,120125,120125,firstpricedate,1994-04-04,1997-12-31
ANTP,122314,122314,firstpricedate,1986-01-01,1997-12-31
GDI1,197509,197509,firstpricedate,1994-04-18,1997-12-31
FFCH,198517,198517,firstpricedate,1986-01-01,1997-12-31
AVCS,120249,120249,firstpricedate,1986-01-01,1997-12-31
PWER1,196791,196791,firstpricedate,1997-10-01,1997-12-31
VERA1,123277,123277,firstpricedate,1986-01-01,1997-12-31
KUBTY,189094,189094,firstpricedate,1986-01-01,1997-12-31
UGNEQ,123972,123972,firstpricedate,1987-08-12,1997-12-31
LUFK,199566,199566,firstpricedate,1990-11-06,1997-12-31
FDVF,198101,198101,firstpricedate,1990-06-22,1997-12-31
CHG2,196583,196583,firstpricedate,1986-01-01,1997-12-31
PMTI,197863,197863,firstpricedate,1992-12-18,1997-12-31
WRLS1,197522,197522,firstpricedate,1994-01-27,1997-12-31
CSHZ,188359,188359,firstpricedate,1997-04-11,1997-12-31
GBGLF,114223,114223,firstpricedate,1990-12-17,1997-12-31
AACC,195323,195323,industry,Asset Management,Credit Services
HOTT,197040,197040,firstpricedate,1996-09-24,1997-12-31
AIM1,199194,199194,firstpricedate,1986-01-01,1997-12-31
HNZ,199654,199654,firstpricedate,1986-01-01,1997-12-31
CPTS,197673,197673,firstpricedate,1996-02-01,1997-12-31
MMR,199550,199550,firstpricedate,1994-06-10,1997-12-31
FCAL1,194384,194384,firstpricedate,1987-08-21,1997-12-31
CYMI,197669,197669,firstpricedate,1996-09-19,1997-12-31
BFLY1,196919,196919,firstpricedate,1997-07-17,1997-12-31
CADMQ,124062,124062,firstpricedate,1997-06-06,1997-12-31
FCFC,198235,198235,industry,Asset Management,Credit Services
FCFC,198235,198235,firstpricedate,1995-11-03,1997-12-31
PURE,197125,197125,firstpricedate,1996-08-08,1997-12-31
OUTD,198627,198627,firstpricedate,1990-03-13,1997-12-31
WSB,122312,122312,firstpricedate,1988-08-09,1997-12-31
GEOKQ,199114,199114,firstpricedate,1987-03-24,1997-12-31
EDAC,198572,198572,firstpricedate,1986-01-01,1997-12-31
CVH,196656,196656,firstpricedate,1991-04-17,1997-12-31
CPICQ,188187,188187,firstpricedate,1986-01-01,1997-12-31
KSWS,198037,198037,firstpricedate,1990-06-05,1997-12-31
MMUS,197460,197460,firstpricedate,1995-06-29,1997-12-31
CRYFQ,122301,122301,firstpricedate,1997-06-18,1997-12-31
AUTO1,123117,123117,firstpricedate,1986-05-20,1997-12-31
PCRFY,121723,121723,firstpricedate,1986-01-01,1997-12-31
GMTCQ,123489,123489,firstpricedate,1997-11-25,1997-12-31
CRBC,199036,199036,firstpricedate,1986-01-01,1997-12-31
PVSW,196792,196792,firstpricedate,1997-09-26,1997-12-31
ANNB,196812,196812,firstpricedate,1997-10-01,1997-12-31
BXG1,198548,198548,firstpricedate,1986-01-01,1997-12-31
SEH,199431,199431,firstpricedate,1986-01-01,1997-12-31
WCBO,198860,198860,firstpricedate,1990-03-27,1997-12-31
CASC1,188706,188706,firstpricedate,1986-01-01,1997-12-31
LNETQ,189184,189184,firstpricedate,1993-10-14,1997-12-31
NSFC,113650,113650,firstpricedate,1991-07-10,1997-12-31
EPHC,199028,199028,firstpricedate,1986-01-01,1997-12-31
AMPLQ,188478,188478,firstpricedate,1987-03-24,1997-12-31
BIOC1,198272,198272,firstpricedate,1992-06-18,1997-12-31
GCSAY,120768,120768,firstpricedate,1993-12-07,1997-12-31
DGTC,123124,123124,firstpricedate,1986-01-01,1997-12-31
DVNTF,121089,121089,firstpricedate,1995-06-20,1997-12-31
KENT,122306,122306,firstpricedate,1986-01-01,1997-12-31
NXY,121202,121202,firstpricedate,1986-01-01,1997-12-31
PSSI,197461,197461,firstpricedate,1994-05-05,1997-12-31
RBN,199387,199387,firstpricedate,1986-01-01,1997-12-31
RVR,188717,188717,firstpricedate,1995-08-30,1997-12-31
BTFG,188738,188738,firstpricedate,1986-01-10,1997-12-31
ENCO,123564,123564,firstpricedate,1994-04-04,1997-12-31
EILL,123279,123279,firstpricedate,1994-04-20,1997-12-31
SHAW,188070,188070,firstpricedate,1993-12-09,1997-12-31
EBODF,115341,115341,firstpricedate,1996-12-13,1997-12-31
CYBI,188233,188233,firstpricedate,1986-01-01,1997-12-31
CMVT,116541,116541,firstpricedate,1988-01-07,1997-12-31
YDNT,187986,187986,firstpricedate,1997-11-05,1997-12-31
RAH,196930,196930,firstpricedate,1994-03-25,1997-12-31
GRDCY,114898,114898,firstpricedate,1993-07-01,1997-12-31
CFFC,123060,123060,firstpricedate,1989-05-31,1997-12-31
LMLP1,186444,186444,firstpricedate,1986-01-01,1997-12-31
SRZ,122305,122305,firstpricedate,1996-05-31,1997-12-31
TIE,189951,189951,firstpricedate,1996-06-05,1997-12-31
MSWP,116360,116360,firstpricedate,1986-01-01,1997-12-31
FFBT,121031,121031,firstpricedate,1995-01-10,1997-12-31
KIDEQ,116031,116031,firstpricedate,1986-03-07,1997-12-31
PLFE,188559,188559,firstpricedate,1986-01-01,1997-12-31
MDF,188692,188692,firstpricedate,1997-02-20,1997-12-31
JDAS,187977,187977,firstpricedate,1996-03-15,1997-12-31
CHZS,116165,116165,firstpricedate,1986-01-01,1997-12-31
DUSA1,189002,189002,firstpricedate,1992-01-29,1997-12-31
VSNT1,123408,123408,firstpricedate,1996-07-18,1997-12-31
IDAI1,122285,122285,firstpricedate,1986-01-01,1997-12-31
SHF,188122,188122,firstpricedate,1997-06-02,1997-12-31
WMCO,188705,188705,firstpricedate,1989-10-27,1997-12-31
SAVB,122745,122745,firstpricedate,1990-04-11,1997-12-31
MRX1,188640,188640,firstpricedate,1990-03-28,1997-12-31
ORCT,121073,121073,firstpricedate,1996-09-27,1997-12-31
PCBC,188047,188047,firstpricedate,1996-05-13,1997-12-31
FSBI,123381,123381,firstpricedate,1988-06-24,1997-12-31
CBE,188987,188987,firstpricedate,1986-01-01,1997-12-31
CRDN,188084,188084,firstpricedate,1986-01-01,1997-12-31
NOOF,123897,123897,firstpricedate,1996-10-28,1997-12-31
DTGF,188444,188444,firstpricedate,1997-12-17,1997-12-31
WOWI,106068,106068,firstpricedate,1996-08-23,1997-12-31
RMTR,188473,188473,firstpricedate,1993-02-16,1997-12-31
CEBK,122743,122743,firstpricedate,1986-10-20,1997-12-31
MEDW,188610,188610,firstpricedate,1991-08-06,1997-12-31
PNBC,107854,107854,firstpricedate,1992-05-08,1997-12-31
IRIS,188031,188031,firstpricedate,1986-01-01,1997-12-31
ENVS,121037,121037,firstpricedate,1994-12-09,1997-12-31
PRST1,188800,188800,firstpricedate,1989-03-28,1997-12-31
USHS,122726,122726,firstpricedate,1989-05-10,1997-12-31
JAXR,187992,187992,firstpricedate,1986-01-01,1997-12-31
HKNI,109692,109692,firstpricedate,1986-01-01,1997-12-31
BKBK,123074,123074,firstpricedate,1996-10-17,1997-12-31
DYII,109505,109505,firstpricedate,1993-09-13,1997-12-31
VLNCQ,188196,188196,firstpricedate,1992-05-07,1997-12-31
CELL1,188946,188946,firstpricedate,1994-04-07,1997-12-31
FSII1,188341,188341,firstpricedate,1989-01-20,1997-12-31
KSW,188923,188923,firstpricedate,1996-01-26,1997-12-31
PSS,189003,189003,firstpricedate,1996-04-19,1997-12-31
DISK1,188611,188611,firstpricedate,1988-02-09,1997-12-31
SUN1,188731,188731,firstpricedate,1986-01-01,1997-12-31
DYNIQ,110559,110559,firstpricedate,1986-01-01,1997-12-31
PRX,197909,197909,firstpricedate,1986-01-01,1997-12-31
CRED1,188884,188884,firstpricedate,1986-01-01,1997-12-31
KCP,188861,188861,firstpricedate,1994-06-06,1997-12-31
CBKN,188056,188056,firstpricedate,1997-12-19,1997-12-31
INMD1,188828,188828,firstpricedate,1992-10-08,1997-12-31
TIBB,122744,122744,firstpricedate,1997-06-18,1997-12-31
NOBH,199486,199486,firstpricedate,1986-01-01,1997-12-31
INCB,188167,188167,firstpricedate,1988-01-15,1997-12-31
SYMSQ,198793,198793,firstpricedate,1986-01-01,1997-12-31
UAHC,124029,124029,firstpricedate,1991-04-23,1997-12-31
DPTRQ,120731,120731,firstpricedate,1993-06-11,1997-12-31
CONM,188582,188582,firstpricedate,1995-04-27,1997-12-31
NWK,188096,188096,firstpricedate,1987-01-26,1997-12-31
BNHN,188189,188189,firstpricedate,1986-01-01,1997-12-31
KVPBQ,116148,116148,firstpricedate,1986-01-01,1997-12-31
BOOT1,188311,188311,firstpricedate,1994-04-11,1997-12-31
LNCR,188136,188136,firstpricedate,1992-03-19,1997-12-31
AMLN,188020,188020,firstpricedate,1992-01-20,1997-12-31
NOIZ,123882,123882,firstpricedate,1988-04-15,1997-12-31
FCMCQ,188433,188433,firstpricedate,1995-04-18,1997-12-31
URGP,123612,123612,firstpricedate,1997-09-16,1997-12-31
TLB,188501,188501,firstpricedate,1993-11-22,1997-12-31
LCRY,188161,188161,firstpricedate,1995-10-09,1997-12-31
HGSI,188466,188466,firstpricedate,1993-12-02,1997-12-31
WHRT,120501,120501,firstpricedate,1996-12-12,1997-12-31
VIST1,188686,188686,firstpricedate,1993-09-13,1997-12-31
SMSC,188887,188887,firstpricedate,1986-01-01,1997-12-31
MTOX,188925,188925,firstpricedate,1986-01-01,1997-12-31
GEOI,187974,187974,firstpricedate,1986-01-01,1997-12-31
TIII,122590,122590,firstpricedate,1986-01-01,1997-12-31
GR,188121,188121,firstpricedate,1986-01-01,1997-12-31
IPRPY,114919,114919,firstpricedate,1994-05-17,1997-12-31
CFK,116155,116155,firstpricedate,1993-11-19,1997-12-31
SRSL,123861,123861,firstpricedate,1996-08-09,1997-12-31
NRTLQ,188215,188215,firstpricedate,1986-01-01,1997-12-31
STRC1,123109,123109,firstpricedate,1996-07-19,1997-12-31
CHBD,120189,120189,firstpricedate,1986-07-09,1997-12-31
ERT,188541,188541,firstpricedate,1997-02-04,1997-12-31
ESIC,188575,188575,firstpricedate,1995-01-31,1997-12-31
PGN1,196250,196250,firstpricedate,1986-01-01,1997-12-31
RFMI,123490,123490,firstpricedate,1994-07-28,1997-12-31
BETMQ,119797,119797,firstpricedate,1996-05-10,1997-12-31
CPWM,188993,188993,firstpricedate,1996-04-04,1997-12-31
NDCP,122280,122280,firstpricedate,1994-04-06,1997-12-31
CNAF,107907,107907,firstpricedate,1994-04-26,1997-12-31
CV1,114950,114950,firstpricedate,1986-01-01,1997-12-31
KNSY,188421,188421,firstpricedate,1995-12-14,1997-12-31
FFFD,120933,120933,firstpricedate,1994-08-31,1997-12-31
GTSI,122282,122282,firstpricedate,1991-09-20,1997-12-31
FFDF,110325,110325,firstpricedate,1996-04-03,1997-12-31
BNSSA,115461,115461,firstpricedate,1986-01-01,1997-12-31
GTMAY,115294,115294,firstpricedate,1992-06-10,1997-12-31
HEARQ,123483,123483,firstpricedate,1994-04-04,1997-12-31
CHRS1,122281,122281,firstpricedate,1986-01-01,1997-12-31
FUELQ,188760,188760,firstpricedate,1996-12-12,1997-12-31
FBSI,107953,107953,firstpricedate,1993-12-22,1997-12-31
DRJ,188279,188279,firstpricedate,1994-04-08,1997-12-31
NVLS1,188067,188067,firstpricedate,1988-08-11,1997-12-31
TGISQ,123561,123561,firstpricedate,1993-08-19,1997-12-31
ORFR,114849,114849,firstpricedate,1997-06-18,1997-12-31
TRNT,123407,123407,firstpricedate,1986-01-01,1997-12-31
EP1,188361,188361,firstpricedate,1992-03-16,1997-12-31
FLDR1,186898,186898,firstpricedate,1996-02-28,1997-12-31
TNB,188991,188991,firstpricedate,1986-01-01,1997-12-31
DFG,188223,188223,firstpricedate,1990-03-13,1997-12-31
XRIT,188270,188270,firstpricedate,1986-04-11,1997-12-31
CHUX,187980,187980,firstpricedate,1990-07-19,1997-12-31
TBUSQ,123276,123276,firstpricedate,1994-11-08,1997-12-31
HGIC,188104,188104,firstpricedate,1986-05-27,1997-12-31
ZOLL,188581,188581,firstpricedate,1992-07-17,1997-12-31
TRCR,188722,188722,firstpricedate,1990-01-29,1997-12-31
ATTY,110601,110601,firstpricedate,1996-05-17,1997-12-31
AMIEQ,187264,187264,firstpricedate,1995-08-04,1997-12-31
BBDC1,120248,120248,firstpricedate,1996-11-27,1997-12-31
PARL,187975,187975,firstpricedate,1987-02-27,1997-12-31
TRBRQ,123555,123555,firstpricedate,1997-07-24,1997-12-31
HEVVQ,185663,185663,firstpricedate,1993-02-26,1997-12-31
SUG,199177,199177,firstpricedate,1986-01-01,1997-12-31
BLD1,123491,123491,firstpricedate,1987-01-16,1997-12-31
DINIQ,122290,122290,firstpricedate,1986-01-01,1997-12-31
BITS1,123820,123820,firstpricedate,1996-10-30,1997-12-31
CHNL1,122521,122521,firstpricedate,1996-07-02,1997-12-31
ENERQ,185553,185553,firstpricedate,1986-01-01,1997-12-31
GAPTQ,123728,123728,firstpricedate,1986-01-01,1997-12-31
CEG1,188440,188440,firstpricedate,1986-01-01,1997-12-31
GRBEQ,110768,110768,firstpricedate,1986-01-01,1997-12-31
TRH,188165,188165,firstpricedate,1990-06-15,1997-12-31
MSVP,115076,115076,firstpricedate,1986-01-01,1997-12-31
BDCO,109595,109595,firstpricedate,1990-04-11,1997-12-31
LODG,109813,109813,firstpricedate,1992-02-12,1997-12-31
VITK,115099,115099,firstpricedate,1994-08-22,1997-12-31
TOBC,185569,185569,firstpricedate,1994-04-12,1997-12-31
SYNO,188340,188340,firstpricedate,1987-02-26,1997-12-31
SONE,185592,185592,firstpricedate,1996-05-23,1997-12-31
TIN,188733,188733,firstpricedate,1986-01-01,1997-12-31
TMX1,103713,103713,firstpricedate,1991-05-14,1997-12-31
TFONY,635463,635463,firstpricedate,1986-01-01,1997-12-31
SNSTA,123073,123073,firstpricedate,1986-01-01,1997-12-31
TKLC,188655,188655,firstpricedate,1986-05-19,1997-12-31
TRIDQ,186693,186693,firstpricedate,1992-12-16,1997-12-31
PNNW,186009,186009,firstpricedate,1992-08-18,1997-12-31
VPF,185433,185433,firstpricedate,1986-01-01,1997-12-31
MACC1,120251,120251,firstpricedate,1995-03-03,1997-12-31
CHHP,187072,187072,firstpricedate,1987-02-06,1997-12-31
NDN,197090,197090,firstpricedate,1996-05-23,1997-12-31
BHODQ,122662,122662,firstpricedate,1988-08-17,1997-12-31
VPGC,122216,122216,firstpricedate,1993-11-08,1997-12-31
PDNLB,120852,120852,firstpricedate,1995-08-23,1997-12-31
INXI,188431,188431,firstpricedate,1997-07-09,1997-12-31
PVSA,123107,123107,firstpricedate,1987-07-16,1997-12-31
STBC,187087,187087,firstpricedate,1990-01-03,1997-12-31
IACH,120473,120473,firstpricedate,1994-04-05,1997-12-31
AMAC1,124026,124026,firstpricedate,1986-01-01,1997-12-31
MFW,186709,186709,firstpricedate,1995-06-19,1997-12-31
GAS1,188681,188681,firstpricedate,1986-01-01,1997-12-31
BEXP,188793,188793,firstpricedate,1997-05-12,1997-12-31
KNTH,116215,116215,firstpricedate,1992-11-25,1997-12-31
WNEA,122716,122716,firstpricedate,1986-01-01,1997-12-31
PPDI,188530,188530,firstpricedate,1996-01-24,1997-12-31
GLBL1,188008,188008,firstpricedate,1993-02-11,1997-12-31
BNHNA,635482,635482,firstpricedate,1987-07-15,1997-12-31
SWTX1,186004,186004,firstpricedate,1987-06-05,1997-12-31
DPL,198516,198516,firstpricedate,1986-01-01,1997-12-31
CAGAQ,114217,114217,firstpricedate,1986-01-01,1997-12-31
ACMR1,186043,186043,firstpricedate,1997-10-09,1997-12-31
DPAC,116043,116043,firstpricedate,1986-01-23,1997-12-31
AEMI,110214,110214,firstpricedate,1991-12-18,1997-12-31
CPBK,122740,122740,firstpricedate,1997-02-11,1997-12-31
PHC,186417,186417,firstpricedate,1994-03-28,1997-12-31
PPMIQ,186358,186358,firstpricedate,1995-04-11,1997-12-31
NXG1,120632,120632,firstpricedate,1986-01-01,1997-12-31
GRAN1,186228,186228,firstpricedate,1986-01-01,1997-12-31
AHCI,185954,185954,firstpricedate,1992-12-07,1997-12-31
FPIC,188708,188708,firstpricedate,1996-08-02,1997-12-31
MEDQ,187018,187018,firstpricedate,1992-05-06,1997-12-31
RLRN,185572,185572,firstpricedate,1997-09-25,1997-12-31
APAC1,186762,186762,firstpricedate,1995-10-12,1997-12-31
CEPH,188644,188644,firstpricedate,1991-04-26,1997-12-31
ZANE,123858,123858,firstpricedate,1995-11-27,1997-12-31
AMN1,188098,188098,firstpricedate,1986-01-01,1997-12-31
AIMM,122348,122348,firstpricedate,1993-01-21,1997-12-31
CNU,185550,185550,firstpricedate,1995-08-15,1997-12-31
BJ1,188714,188714,firstpricedate,1997-07-16,1997-12-31
EZEN,107048,107048,firstpricedate,1995-05-25,1997-12-31
NSM1,188085,188085,firstpricedate,1986-01-01,1997-12-31
LZ1,188102,188102,firstpricedate,1986-01-01,1997-12-31
LJPC1,119267,119267,firstpricedate,1994-06-03,1997-12-31
TFRFF,103753,103753,firstpricedate,1997-09-24,1997-12-31
TBL,187984,187984,firstpricedate,1987-06-30,1997-12-31
GNTA1,120133,120133,firstpricedate,1991-12-17,1997-12-31
BHBCQ,116067,116067,firstpricedate,1996-12-20,1997-12-31
SFN1,187054,187054,firstpricedate,1994-01-31,1997-12-31
ADGI1,120726,120726,firstpricedate,1986-01-01,1997-12-31
ZRAN,188711,188711,firstpricedate,1995-12-18,1997-12-31
RADS,186914,186914,firstpricedate,1997-02-14,1997-12-31
ELMG,186723,186723,firstpricedate,1986-01-01,1997-12-31
GRB,185822,185822,firstpricedate,1986-01-01,1997-12-31
BLUD,198728,198728,firstpricedate,1986-01-01,1997-12-31
WLSE,122342,122342,firstpricedate,1986-01-01,1997-12-31
IBNKQ,186414,186414,firstpricedate,1991-12-18,1997-12-31
NMTI,124024,124024,firstpricedate,1996-09-27,1997-12-31
NLCI,187243,187243,firstpricedate,1986-01-01,1997-12-31
OISI,123111,123111,firstpricedate,1992-05-15,1997-12-31
HYC,186055,186055,firstpricedate,1997-11-17,1997-12-31
ISYS,187185,187185,firstpricedate,1990-05-22,1997-12-31
SBIB,188823,188823,firstpricedate,1992-10-22,1997-12-31
ID1,188124,188124,firstpricedate,1996-11-11,1997-12-31
CAPS3,109510,109510,firstpricedate,1993-01-28,1997-12-31
LIQWF,114934,114934,firstpricedate,1996-08-07,1997-12-31
BAANF,121012,121012,firstpricedate,1995-05-19,1997-12-31
GSLA,186516,186516,firstpricedate,1997-04-02,1997-12-31
PRM1,186257,186257,firstpricedate,1995-11-02,1997-12-31
KNDL,185783,185783,firstpricedate,1997-08-22,1997-12-31
ECNG,119464,119464,firstpricedate,1995-06-23,1997-12-31
MI2,188840,188840,firstpricedate,1986-01-01,1997-12-31
NHP1,188139,188139,firstpricedate,1986-01-01,1997-12-31
FTO,188674,188674,firstpricedate,1987-03-24,1997-12-31
EMAKQ,123076,123076,firstpricedate,1994-02-02,1997-12-31
CASB,120847,120847,firstpricedate,1992-09-16,1997-12-31
PPD1,116168,116168,firstpricedate,1986-01-01,1997-12-31
RURL,186819,186819,firstpricedate,1993-07-20,1997-12-31
BEC1,188550,188550,firstpricedate,1988-11-07,1997-12-31
LB1,186218,186218,firstpricedate,1986-01-01,1997-12-31
WSC1,187261,187261,firstpricedate,1986-01-01,1997-12-31
SWHI1,186945,186945,firstpricedate,1987-03-24,1997-12-31
CCBD,122904,122904,firstpricedate,1996-09-24,1997-12-31
STHKQ,123801,123801,firstpricedate,1995-11-14,1997-12-31
CPD,186627,186627,firstpricedate,1994-05-11,1997-12-31
TRAD1,187146,187146,firstpricedate,1997-10-02,1997-12-31
SUR,122738,122738,firstpricedate,1987-06-12,1997-12-31
FSNMQ,186233,186233,firstpricedate,1993-11-03,1997-12-31
PABK,123482,123482,firstpricedate,1996-07-09,1997-12-31
ASGR,187057,187057,firstpricedate,1991-11-22,1997-12-31
ZARLF,122361,122361,firstpricedate,1986-01-01,1997-12-31
WTNY,188199,188199,firstpricedate,1991-10-15,1997-12-31
PLD1,187985,187985,firstpricedate,1994-03-31,1997-12-31
SPEC1,186628,186628,firstpricedate,1986-01-01,1997-12-31
XETA,124025,124025,firstpricedate,1987-06-17,1997-12-31
RHB,186539,186539,firstpricedate,1991-06-27,1997-12-31
PDE,188041,188041,firstpricedate,1988-09-07,1997-12-31
MEE,188853,188853,firstpricedate,1986-01-01,1997-12-31
RVI1,186699,186699,firstpricedate,1991-06-11,1997-12-31
TSTY,186777,186777,firstpricedate,1986-01-01,1997-12-31
CGCP2,122601,122601,firstpricedate,1996-05-31,1997-12-31
DNEX,187967,187967,firstpricedate,1986-01-01,1997-12-31
TRCI,123771,123771,firstpricedate,1986-01-01,1997-12-31
SVLF,185958,185958,firstpricedate,1997-06-06,1997-12-31
WL,188981,188981,firstpricedate,1986-01-01,1997-12-31
EPIC,187313,187313,firstpricedate,1992-10-22,1997-12-31
ACV1,188382,188382,firstpricedate,1986-01-01,1997-12-31
TLGD,185810,185810,firstpricedate,1995-12-14,1997-12-31
IMPCQ,182562,182562,firstpricedate,1995-10-25,1997-12-31
MSGI,107393,107393,firstpricedate,1986-01-01,1997-12-31
CNVR1,124063,124063,firstpricedate,1989-05-01,1997-12-31
PXFG,107378,107378,firstpricedate,1992-06-15,1997-12-31
AAI,188778,188778,firstpricedate,1994-06-29,1997-12-31
UCIA,109992,109992,firstpricedate,1986-01-01,1997-12-31
RCRC,185636,185636,firstpricedate,1997-06-12,1997-12-31
NOVL,188604,188604,firstpricedate,1986-01-01,1997-12-31
MITSY,108021,108021,firstpricedate,1986-01-01,1997-12-31
OCHTQ,123418,123418,firstpricedate,1990-05-02,1997-12-31
SANYY,115150,115150,firstpricedate,1986-01-01,1997-12-31
CAPI,115502,115502,firstpricedate,1986-01-01,1997-12-31
CLDA,187100,187100,firstpricedate,1986-01-01,1997-12-31
NGAS,185891,185891,firstpricedate,1986-01-01,1997-12-31
CGC2,123121,123121,firstpricedate,1994-04-06,1997-12-31
ISEE1,120651,120651,firstpricedate,1995-12-20,1997-12-31
GENZ1,188727,188727,firstpricedate,1986-06-05,1997-12-31
TMRK,187096,187096,firstpricedate,1996-11-21,1997-12-31
MTLQQ,199683,199683,firstpricedate,1986-01-01,1997-12-31
Q1,196854,196854,firstpricedate,1997-06-24,1997-12-31
PBSOQ,122349,122349,firstpricedate,1997-05-09,1997-12-31
HRLY,123112,123112,firstpricedate,1986-01-01,1997-12-31
COHM,120496,120496,firstpricedate,1986-01-01,1997-12-31
JAS,186939,186939,firstpricedate,1995-08-17,1997-12-31
ENHT,124078,124078,firstpricedate,1997-11-21,1997-12-31
FFHS,120979,120979,firstpricedate,1988-01-26,1997-12-31
MFLU,115652,115652,firstpricedate,1986-01-01,1997-12-31
BGPIQ,185681,185681,firstpricedate,1995-05-26,1997-12-31
REPYY,113522,113522,firstpricedate,1989-05-11,1997-12-31
PLA1,124094,124094,firstpricedate,1987-12-30,1997-12-31
IDMCQ,178941,178941,firstpricedate,1986-01-01,1997-12-31
MESAQ,182632,182632,firstpricedate,1987-03-12,1997-12-31
CALCQ,185490,185490,firstpricedate,1989-01-03,1997-12-31
MFE,188670,188670,firstpricedate,1992-10-06,1997-12-31
PLA.A,635359,635359,firstpricedate,1986-01-01,1997-12-31
MATK,189011,189011,firstpricedate,1993-11-24,1997-12-31
AYE,188815,188815,firstpricedate,1986-01-01,1997-12-31
DDMX1,185943,185943,firstpricedate,1996-08-14,1997-12-31
JENNQ,187373,187373,firstpricedate,1987-03-11,1997-12-31
MTXX,187163,187163,firstpricedate,1996-04-26,1997-12-31
MJRC,123606,123606,firstpricedate,1996-05-02,1997-12-31
SNIC,187298,187298,firstpricedate,1994-02-11,1997-12-31
TOD,114490,114490,firstpricedate,1986-01-01,1997-12-31
SYNB1,123346,123346,firstpricedate,1986-01-01,1997-12-31
ADAM1,124061,124061,firstpricedate,1995-11-10,1997-12-31
IBLTZ,123754,123754,firstpricedate,1996-02-21,1997-12-31
RVHLQ,197648,197648,firstpricedate,1996-05-14,1997-12-31
APSG1,186953,186953,firstpricedate,1993-03-29,1997-12-31
LCRD,120997,120997,firstpricedate,1986-01-01,1997-12-31
BEZ1,188499,188499,firstpricedate,1986-01-01,1997-12-31
OPTC,123004,123004,firstpricedate,1986-01-01,1997-12-31
ROAC,123547,123547,firstpricedate,1997-10-21,1997-12-31
CYPB,187275,187275,firstpricedate,1986-01-01,1997-12-31
CTV1,188038,188038,firstpricedate,1997-07-25,1997-12-31
TTES,185463,185463,firstpricedate,1992-01-16,1997-12-31
FMST1,122988,122988,firstpricedate,1994-02-23,1997-12-31
VOXW,121166,121166,firstpricedate,1996-10-30,1997-12-31
NUHC,123790,123790,firstpricedate,1986-01-01,1997-12-31
STU,110766,110766,firstpricedate,1992-12-17,1997-12-31
CCBP,123623,123623,firstpricedate,1996-06-17,1997-12-31
MROE,123550,123550,firstpricedate,1994-11-03,1997-12-31
GSTY,106720,106720,firstpricedate,1992-04-01,1997-12-31
CFS,187323,187323,firstpricedate,1986-01-01,1997-12-31
BCIS,120500,120500,firstpricedate,1990-09-13,1997-12-31
CLRT,123406,123406,firstpricedate,1997-07-02,1997-12-31
RSCR,198556,198556,firstpricedate,1992-12-16,1997-12-31
MAM,123200,123200,firstpricedate,1986-01-01,1997-12-31
AWBCQ,185577,185577,firstpricedate,1995-05-05,1997-12-31
PHHMQ,187036,187036,firstpricedate,1995-08-01,1997-12-31
DINE1,186747,186747,firstpricedate,1986-06-25,1997-12-31
TEAM1,123461,123461,firstpricedate,1988-01-13,1997-12-31
AAN1,634417,634417,firstpricedate,1992-11-06,1997-12-31
FCEC,123235,123235,firstpricedate,1996-06-03,1997-12-31
GTCB,120846,120846,firstpricedate,1993-07-09,1997-12-31
ADCT1,185581,185581,firstpricedate,1986-01-01,1997-12-31
ABWTQ,180839,180839,firstpricedate,1986-01-01,1997-12-31
KEI,186877,186877,firstpricedate,1986-01-01,1997-12-31
LSBX,123071,123071,firstpricedate,1986-05-02,1997-12-31
AMPH1,114250,114250,firstpricedate,1986-01-01,1997-12-31
DIGA,109481,109481,firstpricedate,1994-12-05,1997-12-31
BNE1,188696,188696,firstpricedate,1986-01-01,1997-12-31
NYM1,186779,186779,firstpricedate,1986-01-01,1997-12-31
PTEC1,172124,172124,firstpricedate,1988-06-14,1997-12-31
GYMB,198521,198521,firstpricedate,1993-04-01,1997-12-31
NZYM,124023,124023,firstpricedate,1986-01-01,1997-12-31
WLVTQ,123448,123448,firstpricedate,1993-08-13,1997-12-31
WAIN,115067,115067,firstpricedate,1988-10-13,1997-12-31
ABKFQ,119342,119342,firstpricedate,1991-07-11,1997-12-31
TNLX,199279,199279,firstpricedate,1986-01-01,1997-12-31
OSTE,185741,185741,firstpricedate,1991-06-21,1997-12-31
WITM,122350,122350,firstpricedate,1994-04-04,1997-12-31
OICO,123379,123379,firstpricedate,1986-01-01,1997-12-31
CEMJQ,110639,110639,firstpricedate,1986-01-01,1997-12-31
TEKCQ,123047,123047,firstpricedate,1994-04-04,1997-12-31
EDCI,107316,107316,firstpricedate,1988-03-23,1997-12-31
CVLL,122809,122809,firstpricedate,1994-06-17,1997-12-31
ACTL1,187042,187042,firstpricedate,1993-08-04,1997-12-31
DTPI,187352,187352,firstpricedate,1997-02-26,1997-12-31
MDIZQ,120755,120755,firstpricedate,1988-11-21,1997-12-31
OMNI,123218,123218,firstpricedate,1997-12-05,1997-12-31
ATAC1,187191,187191,firstpricedate,1996-12-18,1997-12-31
AHOM,122606,122606,firstpricedate,1991-11-08,1997-12-31
HGRD,185769,185769,firstpricedate,1997-02-07,1997-12-31
FFEDQ,122782,122782,firstpricedate,1987-09-22,1997-12-31
LNY,187167,187167,firstpricedate,1993-08-20,1997-12-31
NTY,199496,199496,firstpricedate,1986-01-01,1997-12-31
TSFG,186420,186420,firstpricedate,1986-11-07,1997-12-31
CAL1,199065,199065,firstpricedate,1993-07-15,1997-12-31
ACF,198400,198400,firstpricedate,1989-11-16,1997-12-31
MACE,107685,107685,firstpricedate,1993-11-12,1997-12-31
VRX1,188277,188277,firstpricedate,1986-01-01,1997-12-31
SDNA,121072,121072,firstpricedate,1995-08-18,1997-12-31
HRBR,111023,111023,firstpricedate,1997-09-08,1997-12-31
ADVBQ,635347,635347,firstpricedate,1992-05-06,1997-12-31
SWWC,186047,186047,firstpricedate,1986-01-01,1997-12-31
BSMD,123877,123877,firstpricedate,1994-03-25,1997-12-31
EPIX1,179660,179660,firstpricedate,1997-01-30,1997-12-31
THMRQ,174872,174872,firstpricedate,1993-06-18,1997-12-31
SII1,188461,188461,firstpricedate,1986-01-01,1997-12-31
SMRL,110217,110217,firstpricedate,1994-10-31,1997-12-31
LIHR,121198,121198,firstpricedate,1995-10-09,1997-12-31
NRVHQ,180094,180094,firstpricedate,1993-09-30,1997-12-31
TTIL,123486,123486,firstpricedate,1996-12-04,1997-12-31
CRN,186903,186903,firstpricedate,1996-10-04,1997-12-31
ATSI,123847,123847,firstpricedate,1990-06-13,1997-12-31
AMFIQ,186666,186666,firstpricedate,1986-06-02,1997-12-31
LKII,123609,123609,firstpricedate,1986-01-01,1997-12-31
TLCVF,120700,120700,firstpricedate,1997-07-02,1997-12-31
WGLF,122362,122362,firstpricedate,1988-08-25,1997-12-31
RBI,174689,174689,firstpricedate,1992-06-15,1997-12-31
VNBCQ,184472,184472,firstpricedate,1994-05-04,1997-12-31
NGAC1,186873,186873,firstpricedate,1986-01-01,1997-12-31
IDC,197772,197772,firstpricedate,1986-01-01,1997-12-31
NADX,124079,124079,firstpricedate,1993-12-21,1997-12-31
SY2,185526,185526,firstpricedate,1991-08-14,1997-12-31
SYNX1,123988,123988,firstpricedate,1989-04-10,1997-12-31
GEER,104057,104057,firstpricedate,1994-06-17,1997-12-31
AIPC,116381,116381,firstpricedate,1997-10-10,1997-12-31
SMTS1,185801,185801,firstpricedate,1991-03-20,1997-12-31
CKR,188944,188944,firstpricedate,1986-01-01,1997-12-31
INVHY,116163,116163,firstpricedate,1992-12-29,1997-12-31
ITIG,124036,124036,firstpricedate,1996-09-27,1997-12-31
FRGBQ,167952,167952,firstpricedate,1986-01-01,1997-12-31
MIL1,187943,187943,firstpricedate,1986-01-01,1997-12-31
NTII,107041,107041,firstpricedate,1994-10-31,1997-12-31
OPMR,120741,120741,firstpricedate,1996-10-25,1997-12-31
TARRQ,184798,184798,firstpricedate,1986-01-01,1997-12-31
NXXIQ,123866,123866,firstpricedate,1986-12-29,1997-12-31
BELM,122774,122774,firstpricedate,1993-06-16,1997-12-31
CORSQ,169698,169698,firstpricedate,1986-01-01,1997-12-31
PBCI,122741,122741,firstpricedate,1989-11-14,1997-12-31
IUSA1,186315,186315,firstpricedate,1992-02-20,1997-12-31
FKFS,122730,122730,firstpricedate,1995-01-26,1997-12-31
SSCCQ,187094,187094,firstpricedate,1994-05-05,1997-12-31
ADVNQ,171451,171451,firstpricedate,1986-01-01,1997-12-31
DTEGY,103872,103872,firstpricedate,1996-11-18,1997-12-31
XTO,188657,188657,firstpricedate,1993-05-12,1997-12-31
MGS,110189,110189,firstpricedate,1994-11-17,1997-12-31
OSIP,185764,185764,firstpricedate,1986-04-03,1997-12-31
PONE,187297,187297,firstpricedate,1994-09-30,1997-12-31
OHBIQ,179670,179670,firstpricedate,1986-01-01,1997-12-31
DCAI,186393,186393,firstpricedate,1996-04-18,1997-12-31
SKIL2,116231,116231,firstpricedate,1995-04-17,1997-12-31
TUTR,187198,187198,firstpricedate,1992-12-24,1997-12-31
ZNT,186926,186926,firstpricedate,1986-01-01,1997-12-31
WHCI,120118,120118,firstpricedate,1986-01-01,1997-12-31
NYER,111209,111209,firstpricedate,1992-06-09,1997-12-31
LENS1,123816,123816,firstpricedate,1988-07-12,1997-12-31
TMR,186771,186771,firstpricedate,1986-01-01,1997-12-31
DDRX,177943,177943,firstpricedate,1996-09-12,1997-12-31
CALAQ,122339,122339,firstpricedate,1988-05-12,1997-12-31
SIXFQ,165456,165456,firstpricedate,1986-01-01,1997-12-31
ICOC,174072,174072,firstpricedate,1986-01-01,1997-12-31
WEDC,123240,123240,firstpricedate,1986-01-01,1997-12-31
BPTR,123797,123797,firstpricedate,1997-01-08,1997-12-31
HIST,122638,122638,firstpricedate,1986-01-01,1997-12-31
BJS,188317,188317,firstpricedate,1990-07-20,1997-12-31
APYI,104943,104943,firstpricedate,1986-01-01,1997-12-31
AMCS,185633,185633,firstpricedate,1997-07-10,1997-12-31
MADKY,121025,121025,firstpricedate,1993-05-28,1997-12-31
WGNR,107947,107947,firstpricedate,1986-01-01,1997-12-31
TRA,185939,185939,firstpricedate,1986-01-01,1997-12-31
GLOB1,121181,121181,firstpricedate,1997-03-13,1997-12-31
HNBC,185926,185926,firstpricedate,1986-09-05,1997-12-31
COMS1,181061,181061,firstpricedate,1986-01-01,1997-12-31
SSTI1,186801,186801,firstpricedate,1995-11-22,1997-12-31
VIONQ,120482,120482,firstpricedate,1995-08-14,1997-12-31
CITP,186569,186569,firstpricedate,1995-09-27,1997-12-31
KTII,185780,185780,firstpricedate,1986-01-01,1997-12-31
AXAHY,103628,103628,firstpricedate,1996-06-25,1997-12-31
ALD1,186226,186226,firstpricedate,1986-01-01,1997-12-31
ZRBA,181778,181778,firstpricedate,1986-01-01,1997-12-31
ORXE,114834,114834,firstpricedate,1997-11-24,1997-12-31
WEST1,180426,180426,firstpricedate,1995-01-25,1997-12-31
PGICQ,180332,180332,firstpricedate,1993-11-18,1997-12-31
EXEXB,635336,635336,firstpricedate,1994-10-24,1997-12-31
ALDA,124058,124058,firstpricedate,1993-06-08,1997-12-31
QMDC,177162,177162,firstpricedate,1996-10-10,1997-12-31
BDK,186663,186663,firstpricedate,1986-01-01,1997-12-31
HALX1,123513,123513,firstpricedate,1986-01-01,1997-12-31
CHTT,186263,186263,firstpricedate,1986-01-01,1997-12-31
HRZB,116357,116357,firstpricedate,1986-08-12,1997-12-31
FPWBQ,168373,168373,firstpricedate,1986-12-10,1997-12-31
FIT1,115499,115499,firstpricedate,1994-11-14,1997-12-31
PAS,186484,186484,firstpricedate,1986-01-01,1997-12-31
RX,185568,185568,firstpricedate,1996-10-17,1997-12-31
FEP1,182331,182331,firstpricedate,1986-08-20,1997-12-31
CDSCY,103931,103931,firstpricedate,1986-01-01,1997-12-31
FFSX,120526,120526,firstpricedate,1992-07-13,1997-12-31
FIF1,120160,120160,firstpricedate,1992-05-28,1997-12-31
BNI,197312,197312,firstpricedate,1986-01-01,1997-12-31
TFSIQ,123405,123405,firstpricedate,1990-05-02,1997-12-31
TXCOQ,179551,179551,firstpricedate,1993-03-29,1997-12-31
ACS,185398,185398,firstpricedate,1994-09-28,1997-12-31
QUIX,122760,122760,firstpricedate,1986-01-01,1997-12-31
ICTG,173370,173370,firstpricedate,1996-06-14,1997-12-31
MRM1,123404,123404,firstpricedate,1986-01-01,1997-12-31
DIGL,123932,123932,firstpricedate,1997-02-06,1997-12-31
ITWO1,168421,168421,firstpricedate,1996-04-26,1997-12-31
CRFT,123819,123819,firstpricedate,1990-04-17,1997-12-31
CAMD,176451,176451,firstpricedate,1986-10-24,1997-12-31
JAVA1,185406,185406,firstpricedate,1986-03-04,1997-12-31
MPS,172041,172041,firstpricedate,1994-08-16,1997-12-31
FNLYQ,120521,120521,firstpricedate,1995-04-06,1997-12-31
CANRQ,178406,178406,firstpricedate,1994-04-04,1997-12-31
CLZR,178173,178173,firstpricedate,1986-06-16,1997-12-31
NTEC1,173717,173717,firstpricedate,1996-02-16,1997-12-31
MVL,174867,174867,firstpricedate,1995-02-23,1997-12-31
EPEXQ,176618,176618,firstpricedate,1997-02-26,1997-12-31
ASYTQ,180870,180870,firstpricedate,1993-09-22,1997-12-31
SPCO,120567,120567,firstpricedate,1990-04-02,1997-12-31
HABC,106960,106960,firstpricedate,1995-07-17,1997-12-31
MAXX,122326,122326,firstpricedate,1986-01-01,1997-12-31
NRGN,184767,184767,firstpricedate,1989-10-03,1997-12-31
MTSI1,177475,177475,firstpricedate,1988-03-24,1997-12-31
SMTL,176807,176807,firstpricedate,1995-02-02,1997-12-31
AVGN,123795,123795,firstpricedate,1996-05-22,1997-12-31
SNR1,122725,122725,firstpricedate,1986-01-01,1997-12-31
ACRO1,116400,116400,firstpricedate,1995-02-14,1997-12-31
TRAC,167610,167610,firstpricedate,1994-08-11,1997-12-31
PSTA,123910,123910,firstpricedate,1993-12-07,1997-12-31
COR3,107869,107869,firstpricedate,1992-06-15,1997-12-31
CCOWQ,176143,176143,firstpricedate,1996-01-18,1997-12-31
LFGRQ,169586,169586,firstpricedate,1991-10-01,1997-12-31
VLCY,120117,120117,firstpricedate,1995-05-02,1997-12-31
CJHBQ,174057,174057,firstpricedate,1986-01-01,1997-12-31
NYFX,120553,120553,firstpricedate,1993-07-01,1997-12-31
VRCC,123800,123800,firstpricedate,1991-09-20,1997-12-31
PLLL1,182727,182727,firstpricedate,1986-01-01,1997-12-31
HSR,123100,123100,firstpricedate,1994-03-24,1997-12-31
IFLO1,182499,182499,firstpricedate,1990-02-02,1997-12-31
MHCO,123400,123400,firstpricedate,1986-03-05,1997-12-31
ARA1,120591,120591,firstpricedate,1992-05-27,1997-12-31
USEYQ,120123,120123,firstpricedate,1996-12-02,1997-12-31
KWIC1,169479,169479,firstpricedate,1992-08-07,1997-12-31
ARTL1,184335,184335,firstpricedate,1986-06-20,1997-12-31
ABDS,120235,120235,firstpricedate,1993-08-05,1997-12-31
PMRY,123919,123919,firstpricedate,1992-04-03,1997-12-31
SVUL,122114,122114,firstpricedate,1997-06-17,1997-12-31
GEPT,120456,120456,firstpricedate,1993-06-25,1997-12-31
LEARQ,120619,120619,firstpricedate,1994-04-07,1997-12-31
DECC,176527,176527,firstpricedate,1994-04-06,1997-12-31
CYCL,177524,177524,firstpricedate,1991-12-03,1997-12-31
BUTLQ,123056,123056,firstpricedate,1986-06-11,1997-12-31
COOPQ,121199,121199,firstpricedate,1991-08-20,1997-12-31
SGP1,165457,165457,firstpricedate,1986-01-01,1997-12-31
HRSH,121188,121188,firstpricedate,1994-02-18,1997-12-31
FPU,171664,171664,firstpricedate,1986-01-01,1997-12-31
LDIS,114848,114848,firstpricedate,2004-06-17,2004-06-16
APNO,115628,115628,firstpricedate,1988-05-03,1997-12-31
TPP,168020,168020,firstpricedate,1990-06-29,1997-12-31
CADD,114974,114974,firstpricedate,1994-04-06,1997-12-31
ADLI,105964,105964,firstpricedate,1994-10-31,1997-12-31
SEPR,169584,169584,firstpricedate,1991-09-20,1997-12-31
WYE,188818,188818,firstpricedate,1986-01-01,1997-12-31
CEGE,178544,178544,firstpricedate,1993-01-26,1997-12-31
MSCS,173048,173048,firstpricedate,1986-01-01,1997-12-31
IRWNQ,168029,168029,firstpricedate,1986-01-01,1997-12-31
VEXPQ,122302,122302,firstpricedate,1994-04-05,1997-12-31
SPSS,123696,123696,firstpricedate,1993-08-18,1997-12-31
SSLZY,631882,631882,firstpricedate,1986-01-01,1997-12-31
FRNTQ,175178,175178,firstpricedate,1994-05-20,1997-12-31
NFLDQ,123690,123690,firstpricedate,1994-05-26,1997-12-31
AANB,123301,123301,firstpricedate,1996-07-12,1997-12-31
NSANY,115368,115368,firstpricedate,1986-01-01,1997-12-31
TVINQ,123945,123945,firstpricedate,1994-04-04,1997-12-31
MDLK,122818,122818,firstpricedate,1997-01-30,1997-12-31
ZILA,123243,123243,firstpricedate,1989-10-23,1997-12-31
NSHA,124067,124067,firstpricedate,1986-01-01,1997-12-31
CUSI,184410,184410,firstpricedate,1986-01-01,1997-12-31
TRIN1,108067,108067,firstpricedate,1986-01-01,1997-12-31
BCAS,111069,111069,firstpricedate,1993-12-13,1997-12-31
IPCR,179433,179433,firstpricedate,1996-03-08,1997-12-31
AXYS,168725,168725,firstpricedate,1991-08-22,1997-12-31
CAV,122513,122513,firstpricedate,1986-04-08,1997-12-31
MEDX1,180732,180732,firstpricedate,1991-06-20,1997-12-31
SPCBQ,196935,196935,firstpricedate,1997-11-24,1997-12-31
NOVN1,178545,178545,firstpricedate,1988-11-03,1997-12-31
CSARQ,181161,181161,firstpricedate,1992-10-01,1997-12-31
SBKCQ,167490,167490,firstpricedate,1996-04-01,1997-12-31
TAGS1,123845,123845,firstpricedate,1995-07-25,1997-12-31
CTX1,185396,185396,firstpricedate,1986-01-01,1997-12-31
ETAD,110205,110205,firstpricedate,1986-01-01,1997-12-31
CBCGQ,175435,175435,firstpricedate,1986-01-01,1997-12-31
CDIC,123514,123514,firstpricedate,1994-07-06,1997-12-31
UPHN,121121,121121,firstpricedate,1996-03-22,1997-12-31
NAMC,123104,123104,firstpricedate,1987-06-29,1997-12-31
ENPT1,123922,123922,firstpricedate,1996-05-08,1997-12-31
FUJIY,114583,114583,firstpricedate,1986-01-01,1997-12-31
TRNIQ,123995,123995,firstpricedate,1986-01-01,1997-12-31
PCZ,120964,120964,firstpricedate,1995-09-13,1997-12-31
DYSVY,120633,120633,firstpricedate,1997-10-08,1997-12-31
ENDO1,120520,120520,firstpricedate,1997-02-28,1997-12-31
FLTWQ,110780,110780,firstpricedate,1986-01-01,1997-12-31
OSCIQ,120987,120987,firstpricedate,1986-01-01,1997-12-31
BORL,178816,178816,firstpricedate,1989-12-19,1997-12-31
MTMC,122346,122346,firstpricedate,1993-10-28,1997-12-31
NOBLQ,176485,176485,firstpricedate,1997-11-19,1997-12-31
WIND,180754,180754,firstpricedate,1993-04-15,1997-12-31
EGLSQ,120704,120704,firstpricedate,1993-06-25,1997-12-31
CGUE,120640,120640,firstpricedate,1996-12-20,1997-12-31
SUTMQ,182598,182598,firstpricedate,1994-05-06,1997-12-31
LGTY1,168502,168502,firstpricedate,1997-10-07,1997-12-31
AXSO,122602,122602,firstpricedate,1995-08-24,1997-12-31
BKUNQ,179362,179362,firstpricedate,1986-01-01,1997-12-31
HTMXQ,123685,123685,firstpricedate,1986-01-01,1997-12-31
MCOAQ,178845,178845,firstpricedate,1993-09-24,1997-12-31
QEPC,104420,104420,firstpricedate,1996-09-18,1997-12-31
FDTR,123382,123382,firstpricedate,1997-12-12,1997-12-31
IDMI,120709,120709,firstpricedate,1991-11-22,1997-12-31
SORCQ,123305,123305,firstpricedate,1996-02-14,1997-12-31
PLNTQ,181428,181428,firstpricedate,1995-10-11,1997-12-31
VELCF,115153,115153,firstpricedate,1986-01-01,1997-12-31
EMED1,104841,104841,firstpricedate,1995-02-10,1997-12-31
GXYF,114975,114975,firstpricedate,1987-09-17,1997-12-31
NEST,178989,178989,firstpricedate,1997-05-09,1997-12-31
GLOV1,123792,123792,firstpricedate,1988-10-27,1997-12-31
GENR,185280,185280,firstpricedate,1991-12-12,1997-12-31
ILXRQ,124042,124042,firstpricedate,1988-02-16,1997-12-31
HTV,171181,171181,firstpricedate,1997-09-02,1997-12-31
DATA1,180199,180199,firstpricedate,1996-06-11,1997-12-31
GVHR,177470,177470,firstpricedate,1997-06-26,1997-12-31
CXR,172044,172044,firstpricedate,1996-09-27,1997-12-31
BSMLQ,120522,120522,firstpricedate,1991-06-17,1997-12-31
INFS1,172775,172775,firstpricedate,1990-12-20,1997-12-31
PBKS,170388,170388,firstpricedate,1987-12-15,1997-12-31
POCC,116239,116239,firstpricedate,1995-12-05,1997-12-31
DSIIQ,122573,122573,firstpricedate,1986-01-01,1997-12-31
ALSE,109714,109714,firstpricedate,1995-01-03,1997-12-31
ISOOQ,123530,123530,firstpricedate,1993-10-26,1997-12-31
KRSL,122330,122330,firstpricedate,1986-01-01,1997-12-31
FTAR,120527,120527,firstpricedate,1996-09-30,1997-12-31
TTDKY,166297,166297,firstpricedate,1986-01-01,1997-12-31
QSND,122332,122332,firstpricedate,1989-01-20,1997-12-31
CVTX,169373,169373,firstpricedate,1996-11-19,1997-12-31
SAOSA,635641,635641,firstpricedate,1986-01-01,1997-12-31
GOTTQ,123254,123254,firstpricedate,1986-04-18,1997-12-31
ZICA,120957,120957,firstpricedate,1994-06-17,1997-12-31
SEEC,120931,120931,firstpricedate,1997-01-22,1997-12-31
ROH,178636,178636,firstpricedate,1986-01-01,1997-12-31
CSKEQ,170191,170191,firstpricedate,1986-01-01,1997-12-31
FMXLQ,123699,123699,firstpricedate,1993-12-07,1997-12-31
GLLC,122587,122587,firstpricedate,1993-12-08,1997-12-31
DNA1,188237,188237,firstpricedate,1986-01-01,1997-12-31
NASMQ,123855,123855,firstpricedate,1996-09-30,1997-12-31
IDPIQ,120780,120780,firstpricedate,1993-04-27,1997-12-31
DAIEY,115145,115145,firstpricedate,1986-01-01,1997-12-31
FORBQ,120970,120970,firstpricedate,1996-05-20,1997-12-31
ALDN,123567,123567,firstpricedate,1993-10-12,1997-12-31
MZIAQ,123020,123020,firstpricedate,1986-01-01,1997-12-31
IDEV1,172030,172030,firstpricedate,1990-03-08,1997-12-31
WSTF,122868,122868,firstpricedate,1996-04-30,1997-12-31
SRYP,116461,116461,firstpricedate,1988-06-10,1997-12-31
PRTLQ,115103,115103,firstpricedate,1996-11-08,1997-12-31
SYNI,123759,123759,firstpricedate,1991-11-01,1997-12-31
YBTVQ,116030,116030,firstpricedate,1994-11-09,1997-12-31
APXSQ,635638,635638,firstpricedate,1997-11-25,1997-12-31
HSBI,111010,111010,firstpricedate,1995-07-12,1997-12-31
LTEC,111008,111008,firstpricedate,1995-08-18,1997-12-31
ANL1,181545,181545,firstpricedate,1986-12-19,1997-12-31
PARS,107956,107956,firstpricedate,1986-01-01,1997-12-31
SSTRF,106118,106118,firstpricedate,1996-01-26,1997-12-31
AMEN,105515,105515,firstpricedate,1997-09-24,1997-12-31
LUCY1,123909,123909,firstpricedate,1993-11-02,1997-12-31
MACM,120625,120625,firstpricedate,1993-02-10,1997-12-31
HTLLQ,116069,116069,firstpricedate,1990-06-22,1997-12-31
INBP,114951,114951,firstpricedate,1996-10-30,1997-12-31
SKFBQ,120938,120938,firstpricedate,1990-03-26,1997-12-31
CREC1,122865,122865,firstpricedate,1997-07-01,1997-12-31
MWYGQ,175198,175198,firstpricedate,1996-10-30,1997-12-31
HAXS,105194,105194,firstpricedate,1986-01-01,1997-12-31
CREAF,103763,103763,firstpricedate,1995-01-03,1997-12-31
SCIXF,103848,103848,firstpricedate,1990-08-30,1997-12-31
PSD,196343,196343,firstpricedate,1986-01-01,1997-12-31
STEN1,122283,122283,industry,Asset Management,Credit Services
STEN1,122283,122283,firstpricedate,1991-03-11,1997-12-31
NLMP,105088,105088,firstpricedate,1986-10-02,1997-12-31
IBCIQ,123089,123089,firstpricedate,1991-07-24,1997-12-31
MVCO,177227,177227,firstpricedate,1995-10-17,1997-12-31
NICH,105250,105250,firstpricedate,1986-01-01,1997-12-31
DSCP,123241,123241,firstpricedate,1986-01-01,1997-12-31
SOV,198356,198356,firstpricedate,1986-08-12,1997-12-31
SEMX1,120751,120751,firstpricedate,1991-12-20,1997-12-31
HIRD,111641,111641,firstpricedate,1997-10-01,1997-12-31
IMPX1,122561,122561,firstpricedate,1990-03-26,1997-12-31
MNT,121108,121108,firstpricedate,1986-01-01,1997-12-31
FCHDQ,106170,106170,firstpricedate,1986-01-01,1997-12-31
CCTYQ,122735,122735,firstpricedate,1986-01-01,1997-12-31
SCRB,635346,635346,firstpricedate,1986-01-01,1997-12-31
VTEX1,116039,116039,firstpricedate,1993-07-30,1997-12-31
UNIB,106283,106283,firstpricedate,1992-06-16,1997-12-31
GNLB,123798,123798,firstpricedate,1991-06-13,1997-12-31
ACEL1,114987,114987,firstpricedate,1996-05-30,1997-12-31
UST1,185395,185395,firstpricedate,1986-01-01,1997-12-31
OVEN,170768,170768,firstpricedate,1994-04-07,1997-12-31
MER,199543,199543,firstpricedate,1986-01-01,1997-12-31
NFS,186710,186710,firstpricedate,1997-03-07,1997-12-31
NCC,185417,185417,firstpricedate,1986-01-01,1997-12-31
BPOM,116137,116137,firstpricedate,1996-07-26,1997-12-31
WB1,173407,173407,firstpricedate,1986-01-01,1997-12-31
ZONS,170678,170678,firstpricedate,1996-06-27,1997-12-31
ALO1,120710,120710,firstpricedate,1986-01-01,1997-12-31
EXEXA,123093,123093,firstpricedate,1994-10-24,1997-12-31
GW,174860,174860,firstpricedate,1986-01-01,1997-12-31
BRL,185392,185392,firstpricedate,1987-06-12,1997-12-31
ILOG,123038,123038,firstpricedate,1997-02-14,1997-12-31
CBMC,123850,123850,firstpricedate,1996-07-26,1997-12-31
PFFVF,122672,122672,firstpricedate,1996-07-16,1997-12-31
RTPRQ,121216,121216,firstpricedate,1996-05-30,1997-12-31
TCCC,123048,123048,firstpricedate,1992-04-14,1997-12-31
CPTP,199179,199179,firstpricedate,1994-06-24,1997-12-31
LCCI,120843,120843,firstpricedate,1996-09-25,1997-12-31
SFPI1,122610,122610,firstpricedate,1991-10-10,1997-12-31
DLPX,104955,104955,firstpricedate,1986-01-01,1997-12-31
AW,185412,185412,firstpricedate,1991-09-10,1997-12-31
LENXQ,184980,184980,firstpricedate,1993-06-11,1997-12-31
HGMG,123960,123960,firstpricedate,1986-01-01,1997-12-31
WPEC1,116410,116410,firstpricedate,1995-06-15,1997-12-31
PHLY,179535,179535,firstpricedate,1993-09-17,1997-12-31
THNKQ,122322,122322,firstpricedate,1986-01-01,1997-12-31
PFFBQ,176934,176934,firstpricedate,1996-03-29,1997-12-31
DWNFQ,183311,183311,firstpricedate,1986-01-01,1997-12-31
IMCL,181732,181732,firstpricedate,1991-11-19,1997-12-31
ABI1,173408,173408,firstpricedate,1986-01-01,1997-12-31
BLGM,104985,104985,firstpricedate,1991-08-22,1997-12-31
ASHW,123388,123388,firstpricedate,1990-05-02,1997-12-31
SCUR,179401,179401,firstpricedate,1995-11-17,1997-12-31
BUD1,185400,185400,firstpricedate,1986-01-01,1997-12-31
HPC,183067,183067,firstpricedate,1986-01-01,1997-12-31
IBIS,124056,124056,firstpricedate,1994-05-20,1997-12-31
NMGC,106925,106925,firstpricedate,1997-03-14,1997-12-31
PTYA,120122,120122,firstpricedate,1987-09-24,1997-12-31
UB,189952,189952,firstpricedate,1986-01-01,1997-12-31
SCB,123450,123450,firstpricedate,1996-11-20,1997-12-31
CAPA1,176259,176259,firstpricedate,1994-12-08,1997-12-31
LDG,184442,184442,firstpricedate,1986-01-01,1997-12-31
CHADQ,123745,123745,firstpricedate,1993-08-04,1997-12-31
IKN,175404,175404,firstpricedate,1986-01-01,1997-12-31
WAMUQ,197327,197327,firstpricedate,1986-01-01,1997-12-31
VITL1,173627,173627,firstpricedate,1990-08-29,1997-12-31
MCTIQ,122187,122187,firstpricedate,1993-10-08,1997-12-31
ATAR1,176045,176045,firstpricedate,1995-12-14,1997-12-31
AHG1,197855,197855,firstpricedate,1991-05-03,1997-12-31
GEHL,178793,178793,firstpricedate,1989-11-21,1997-12-31
PILLQ,122643,122643,firstpricedate,1993-08-05,1997-12-31
CREBQ,106371,106371,firstpricedate,1986-01-01,1997-12-31
NCEM,116136,116136,firstpricedate,1986-01-01,1997-12-31
ACSEF,103976,103976,firstpricedate,1997-09-25,1997-12-31
DRS1,184151,184151,firstpricedate,1986-01-01,1997-12-31
SCRA,123299,123299,firstpricedate,1992-06-24,1997-12-31
CBLRF,103625,103625,firstpricedate,1995-01-03,1997-12-31
LEHMQ,188897,188897,firstpricedate,1994-05-11,1997-12-31
DASTY,103618,103618,firstpricedate,1996-06-28,1997-12-31
DEVC,122597,122597,firstpricedate,1987-05-12,1997-12-31
PTBTQ,168798,168798,firstpricedate,1986-01-01,1997-12-31
TPPHQ,116139,116139,firstpricedate,1994-08-02,1997-12-31
CATS1,175774,175774,firstpricedate,1993-05-11,1997-12-31
LIPD,116384,116384,firstpricedate,1986-01-01,1997-12-31
CPCIQ,123992,123992,firstpricedate,1986-01-01,1997-12-31
WWY,180382,180382,firstpricedate,1986-01-01,1997-12-31
ENLV1,176990,176990,firstpricedate,1995-12-12,1997-12-31
PHTN,177920,177920,firstpricedate,1995-11-16,1997-12-31
HRH,184820,184820,firstpricedate,1987-07-15,1997-12-31
ENSI,174060,174060,firstpricedate,1986-01-01,1997-12-31
WEN1,168781,168781,firstpricedate,1992-03-17,1997-12-31
MRY,123954,123954,firstpricedate,1986-01-01,1997-12-31
AMPXQ,116070,116070,firstpricedate,1992-07-20,1997-12-31
JRCOQ,175476,175476,firstpricedate,1997-05-09,1997-12-31
SAF2,185404,185404,firstpricedate,1986-01-01,1997-12-31
CPS1,168693,168693,firstpricedate,1997-07-25,1997-12-31
FCSEQ,123763,123763,firstpricedate,1993-05-25,1997-12-31
EAS,170086,170086,firstpricedate,1986-01-01,1997-12-31
CGMCQ,123896,123896,firstpricedate,1995-02-02,1997-12-31
FLI,123440,123440,firstpricedate,1994-01-07,1997-12-31
IONAF,120937,120937,firstpricedate,1997-02-25,1997-12-31
POLXF,107209,107209,firstpricedate,1986-01-01,1997-12-31
SHSO,111581,111581,firstpricedate,1997-07-03,1997-12-31
IFUL,124053,124053,firstpricedate,1993-02-03,1997-12-31
INTV1,184859,184859,firstpricedate,1986-01-01,1997-12-31
MASB,176681,176681,firstpricedate,1986-05-28,1997-12-31
GLGSQ,123913,123913,firstpricedate,1997-05-09,1997-12-31
CMOS,182837,182837,firstpricedate,1993-10-28,1997-12-31
PRVU,104834,104834,firstpricedate,1997-05-28,1997-12-31
XLTC,123431,123431,firstpricedate,1991-05-14,1997-12-31
FIFG,123803,123803,firstpricedate,1995-10-04,1997-12-31
EDS,168388,168388,firstpricedate,1986-01-01,1997-12-31
MAIR1,123918,123918,firstpricedate,1986-01-01,1997-12-31
CADA,123739,123739,firstpricedate,1987-09-02,1997-12-31
WMANQ,180168,180168,firstpricedate,1987-06-04,1997-12-31
PMID,123595,123595,firstpricedate,1995-12-14,1997-12-31
RCCC,180824,180824,firstpricedate,1996-02-08,1997-12-31
IDGR,184295,184295,firstpricedate,1997-09-24,1997-12-31
CYDS,122553,122553,firstpricedate,1993-07-30,1997-12-31
MYSZY,120539,120539,firstpricedate,1993-06-18,1997-12-31
NEWCQ,177166,177166,firstpricedate,1997-06-26,1997-12-31
GRINY,110603,110603,firstpricedate,1993-11-29,1997-12-31
AGL1,123414,123414,firstpricedate,1986-01-01,1997-12-31
INVX1,121027,121027,firstpricedate,1986-01-01,1997-12-31
AFFIQ,121124,121124,firstpricedate,1996-04-26,1997-12-31
ANST,180650,180650,firstpricedate,1996-04-03,1997-12-31
CCU1,198719,198719,firstpricedate,1986-01-01,1997-12-31
PPTV,123586,123586,firstpricedate,1986-01-01,1997-12-31
MRTI,106299,106299,firstpricedate,1991-11-07,1997-12-31
FNIN,116131,116131,firstpricedate,1986-01-01,1997-12-31
BNT1,183883,183883,firstpricedate,1988-02-02,1997-12-31
MFBC,120902,120902,firstpricedate,1994-03-25,1997-12-31
ILA,121142,121142,firstpricedate,1986-01-01,1997-12-31
MAXE1,122970,122970,firstpricedate,1986-01-01,1997-12-31
EPMD,122815,122815,firstpricedate,1996-06-21,1997-12-31
DHOM,123991,123991,firstpricedate,1994-03-10,1997-12-31
SKP,169023,169023,firstpricedate,1997-01-30,1997-12-31
CFC,185387,185387,firstpricedate,1986-01-01,1997-12-31
MRB,103961,103961,firstpricedate,1996-08-21,1997-12-31
GFLS,122524,122524,firstpricedate,1996-06-10,1997-12-31
CNET1,172009,172009,firstpricedate,1996-07-02,1997-12-31
ESST,123098,123098,firstpricedate,1995-10-06,1997-12-31
ABFIQ,116138,116138,firstpricedate,1996-05-13,1997-12-31
NETM,124009,124009,firstpricedate,1993-09-21,1997-12-31
FIFS,122932,122932,firstpricedate,1995-10-04,1997-12-31
ILAS,123292,123292,firstpricedate,1997-04-21,1997-12-31
DRRAQ,123057,123057,firstpricedate,1996-08-15,1997-12-31
ANS,123777,123777,firstpricedate,1996-05-31,1997-12-31
QFABQ,122961,122961,firstpricedate,1993-11-16,1997-12-31
ENCY,180956,180956,firstpricedate,1994-11-07,1997-12-31
FCTR1,168495,168495,firstpricedate,1987-06-05,1997-12-31
IOM,183066,183066,firstpricedate,1986-01-01,1997-12-31
TT2,185411,185411,firstpricedate,1995-01-31,1997-12-31
CGI1,170023,170023,firstpricedate,1993-12-28,1997-12-31
PEAK1,120686,120686,firstpricedate,1997-06-20,1997-12-31
SHBK,121206,121206,firstpricedate,1997-08-20,1997-12-31
BSC1,123481,123481,firstpricedate,1986-01-01,1997-12-31
ASTSF,114891,114891,firstpricedate,1996-06-07,1997-12-31
BSXT,120549,120549,firstpricedate,1997-12-19,1997-12-31
DRAX,121077,121077,firstpricedate,1989-08-08,1997-12-31
QUIP,122773,122773,firstpricedate,1986-08-18,1997-12-31
NUCO,123420,123420,firstpricedate,1995-12-19,1997-12-31
BFAM1,167420,167420,firstpricedate,1997-11-10,1997-12-31
LIFC,188700,188700,firstpricedate,1992-02-28,1997-12-31
IVISF,122594,122594,firstpricedate,1997-12-10,1997-12-31
PFGC1,180263,180263,firstpricedate,1993-08-25,1997-12-31
MLNM,170915,170915,firstpricedate,1996-05-07,1997-12-31
IPAH,104304,104304,firstpricedate,1993-02-12,1997-12-31
QMRK,123026,123026,firstpricedate,1996-04-08,1997-12-31
WWIN1,175723,175723,firstpricedate,1997-06-16,1997-12-31
MATR1,123144,123144,firstpricedate,1990-03-26,1997-12-31
MOVIQ,122857,122857,firstpricedate,1994-08-02,1997-12-31
CYTO1,124038,124038,firstpricedate,1986-06-18,1997-12-31
JCLY,123864,123864,firstpricedate,1986-01-01,1997-12-31
GMST,124461,124461,firstpricedate,1995-10-11,1997-12-31
VRSOQ,114224,114224,firstpricedate,1992-12-09,1997-12-31
BEAS,179766,179766,firstpricedate,1997-04-11,1997-12-31
AHNA,111651,111651,firstpricedate,1986-01-01,1997-12-31
ALFA1,184351,184351,firstpricedate,1986-01-01,1997-12-31
OIVO,122519,122519,firstpricedate,1987-05-12,1997-12-31
WIRX,109448,109448,firstpricedate,1996-04-09,1997-12-31
CMD1,178949,178949,firstpricedate,1987-05-22,1997-12-31
CGPI1,123791,123791,firstpricedate,1996-06-20,1997-12-31
HDLM,122775,122775,firstpricedate,1986-01-01,1997-12-31
SLFI,168101,168101,firstpricedate,1994-04-05,1997-12-31
MLAN,175285,175285,firstpricedate,1986-01-01,1997-12-31
POSS,123634,123634,firstpricedate,1986-01-01,1997-12-31
SHRPQ,120906,120906,firstpricedate,1987-04-28,1997-12-31
EZEM,176631,176631,firstpricedate,1986-01-01,1997-12-31
MANA,123451,123451,firstpricedate,1986-09-26,1997-12-31
KKPNY,103642,103642,firstpricedate,1995-10-23,1997-12-31
OMEF,122596,122596,firstpricedate,1992-04-08,1997-12-31
CBH1,181624,181624,firstpricedate,1986-01-01,1997-12-31
ATPL,170254,170254,firstpricedate,1987-08-27,1997-12-31
LCBM,175540,175540,firstpricedate,1986-01-01,1997-12-31
CSLMF1,103810,103810,firstpricedate,1986-08-22,1997-12-31
CAU,123316,123316,firstpricedate,1986-02-10,1997-12-31
MNG,123628,123628,firstpricedate,1995-06-12,1997-12-31
PBNI,123457,123457,firstpricedate,1987-07-08,1997-12-31
RESP1,174692,174692,firstpricedate,1988-05-12,1997-12-31
OSKY,114937,114937,firstpricedate,1994-09-23,1997-12-31
DOCX,123815,123815,firstpricedate,1996-09-20,1997-12-31
WCPSF,116156,116156,firstpricedate,1995-12-11,1997-12-31
ASVI,175390,175390,firstpricedate,1994-08-11,1997-12-31
ION2,184817,184817,firstpricedate,1994-11-08,1997-12-31
ECHO1,123267,123267,firstpricedate,1989-10-02,1997-12-31
SOLUQ,119375,119375,firstpricedate,1997-08-20,1997-12-31
TTG,122598,122598,firstpricedate,1988-04-27,1997-12-31
COHT,123034,123034,firstpricedate,1994-11-30,1997-12-31
SIE,178597,178597,firstpricedate,1986-01-01,1997-12-31
ALAB1,174859,174859,firstpricedate,1994-11-15,1997-12-31
BDY,174435,174435,firstpricedate,1991-11-12,1997-12-31
MWP,178185,178185,firstpricedate,1996-10-09,1997-12-31
ISON,123097,123097,firstpricedate,1997-09-24,1997-12-31
KWD,120909,120909,firstpricedate,1986-01-01,1997-12-31
VMSI,182838,182838,firstpricedate,1996-07-26,1997-12-31
GLK,110206,110206,firstpricedate,1986-05-09,1997-12-31
AVTI,106081,106081,firstpricedate,1995-06-15,1997-12-31
PCLB,575963,575963,firstpricedate,1986-12-17,1997-12-31
QULMY,114212,114212,firstpricedate,1996-03-29,1997-12-31
BOBJY,123110,123110,firstpricedate,1994-09-23,1997-12-31
CPNLQ,120598,120598,firstpricedate,1996-09-20,1997-12-31
CARD1,123289,123289,firstpricedate,1996-08-01,1997-12-31
FMSB,120958,120958,firstpricedate,1986-01-01,1997-12-31
TRFX1,122755,122755,firstpricedate,1995-12-06,1997-12-31
COGN,123341,123341,firstpricedate,1987-07-01,1997-12-31
MEH,181429,181429,firstpricedate,1995-09-22,1997-12-31
DCNAQ,165471,165471,firstpricedate,1986-01-01,1997-12-31
ATCS1,187337,187337,firstpricedate,1994-05-06,1997-12-31
HET,116535,116535,firstpricedate,1986-01-01,1997-12-31
MOGN,181688,181688,firstpricedate,1986-01-01,1997-12-31
GLYT,178097,178097,firstpricedate,1988-08-08,1997-12-31
BNCC,105754,105754,firstpricedate,1995-07-13,1997-12-31
BIW,123635,123635,firstpricedate,1992-07-31,1997-12-31
APCFY,120935,120935,firstpricedate,1996-09-16,1997-12-31
MGXX,120616,120616,firstpricedate,1989-10-19,1997-12-31
PTNX,185300,185300,firstpricedate,1986-01-01,1997-12-31
DFCLQ,179548,179548,firstpricedate,1996-11-01,1997-12-31
UBH,122719,122719,firstpricedate,1997-04-16,1997-12-31
FINB,176193,176193,firstpricedate,1986-01-01,1997-12-31
CHZ,176593,176593,firstpricedate,1986-01-01,1997-12-31
MDG,121013,121013,firstpricedate,1987-06-25,1997-12-31
NPSI,184439,184439,firstpricedate,1994-04-04,1997-12-31
ANDW,185397,185397,firstpricedate,1986-01-01,1997-12-31
MZTH,185169,185169,firstpricedate,1992-07-09,1997-12-31
HCR1,169151,169151,firstpricedate,1991-10-18,1997-12-31
EDO,120530,120530,firstpricedate,1986-01-01,1997-12-31
NGPS,121851,121851,firstpricedate,1997-02-04,1997-12-31
LYO,178279,178279,firstpricedate,1989-01-19,1997-12-31
TRB,165469,165469,firstpricedate,1986-01-01,1997-12-31
MDWV,123894,123894,firstpricedate,1995-11-10,1997-12-31
ACTT1,122576,122576,firstpricedate,1996-04-17,1997-12-31
DYNK,123185,123185,firstpricedate,1992-12-29,1997-12-31
UIC,179067,179067,firstpricedate,1986-01-01,1997-12-31
RTWI1,121856,121856,firstpricedate,1995-04-19,1997-12-31
EQUUS,116035,116035,firstpricedate,1995-02-07,1997-12-31
CCBL,180636,180636,firstpricedate,1986-01-01,1997-12-31
BBAO,123361,123361,firstpricedate,1986-01-01,1997-12-31
FJCC,116378,116378,firstpricedate,1986-01-01,1997-12-31
DJ,185386,185386,firstpricedate,1986-01-01,1997-12-31
SUNN,184307,184307,firstpricedate,1994-03-03,1997-12-31
ACKHQ,124007,124007,firstpricedate,1986-01-01,1997-12-31
DANKY,120458,120458,firstpricedate,1992-12-17,1997-12-31
CKFR,183712,183712,firstpricedate,1995-09-28,1997-12-31
SQA.B,635431,635431,firstpricedate,1986-12-22,1997-12-31
SQA.A,180399,180399,firstpricedate,1986-12-22,1997-12-31
OAKF,123331,123331,firstpricedate,1995-10-12,1997-12-31
ATISZ,123323,123323,firstpricedate,1988-06-09,1997-12-31
APPB,123415,123415,firstpricedate,1989-09-20,1997-12-31
NHYDY,103638,103638,firstpricedate,1987-12-30,1997-12-31
NTBKQ,184717,184717,firstpricedate,1997-07-29,1997-12-31
GSF1,173451,173451,firstpricedate,1997-06-10,1997-12-31
VFPI,170282,170282,firstpricedate,1997-05-08,1997-12-31
TEK1,185416,185416,firstpricedate,1986-01-01,1997-12-31
NHHC,121204,121204,firstpricedate,1986-01-01,1997-12-31
ODDJ,122337,122337,firstpricedate,1996-11-21,1997-12-31
CMTY,174916,174916,firstpricedate,1988-05-06,1997-12-31
AT1,178829,178829,firstpricedate,1986-01-01,1997-12-31
TONS1,122622,122622,firstpricedate,1997-10-31,1997-12-31
OO,174300,174300,firstpricedate,1995-08-10,1997-12-31
FRK,122683,122683,firstpricedate,1986-01-01,1997-12-31
JNC,116424,116424,firstpricedate,1992-05-20,1997-12-31
AL1,120453,120453,firstpricedate,1986-01-01,1997-12-31
MTMD,176180,176180,firstpricedate,1994-10-21,1997-12-31
MTICQ,180361,180361,firstpricedate,1994-04-08,1997-12-31
SEN,180182,180182,firstpricedate,1986-01-01,1997-12-31
TRPS1,123242,123242,firstpricedate,1994-05-27,1997-12-31
STN1,185861,185861,firstpricedate,1993-05-25,1997-12-31
RIVT,105791,105791,firstpricedate,1997-03-04,1997-12-31
CEN1,176293,176293,firstpricedate,1986-01-01,1997-12-31
PPP3,171118,171118,firstpricedate,1986-01-01,1997-12-31
SNTO,123477,123477,firstpricedate,1996-09-16,1997-12-31
BYBI,124010,124010,firstpricedate,1993-06-25,1997-12-31
LMS,123638,123638,firstpricedate,1986-01-01,1997-12-31
URGI,173230,173230,firstpricedate,1992-03-11,1997-12-31
ANET1,123036,123036,firstpricedate,1996-09-27,1997-12-31
PLMD,182408,182408,firstpricedate,1992-03-05,1997-12-31
TLG1,122470,122470,firstpricedate,1996-06-28,1997-12-31
MXICY,121156,121156,firstpricedate,1996-05-09,1997-12-31
SMXC,123830,123830,firstpricedate,1996-06-27,1997-12-31
SAMC,167656,167656,firstpricedate,1994-10-03,1997-12-31
YANB,185309,185309,firstpricedate,1994-04-05,1997-12-31
BOL,185419,185419,firstpricedate,1986-01-01,1997-12-31
ABY1,120863,120863,firstpricedate,1987-07-02,1997-12-31
ENN,179377,179377,firstpricedate,1994-02-23,1997-12-31
APLX1,168342,168342,firstpricedate,1994-12-09,1997-12-31
GNSM,170936,170936,firstpricedate,1996-02-16,1997-12-31
VRAI1,169289,169289,firstpricedate,1986-01-01,1997-12-31
HLT1,169810,169810,firstpricedate,1986-01-01,1997-12-31
CYTC,173247,173247,firstpricedate,1996-03-08,1997-12-31
DEBS,122666,122666,firstpricedate,1986-01-01,1997-12-31
CMPP,179649,179649,firstpricedate,1997-07-15,1997-12-31
ACEC,170873,170873,firstpricedate,1996-08-15,1997-12-31
RYI1,198490,198490,firstpricedate,1986-01-01,1997-12-31
HYPRQ,122599,122599,firstpricedate,1986-01-01,1997-12-31
GTW,185394,185394,firstpricedate,1993-12-08,1997-12-31
NIPNY,120718,120718,firstpricedate,1986-01-01,1997-12-31
PBTC,182455,182455,firstpricedate,1994-06-17,1997-12-31
XPRSA,168998,168998,firstpricedate,1994-10-10,1997-12-31
WTCT,119935,119935,firstpricedate,1993-07-16,1997-12-31
TOPP1,123429,123429,firstpricedate,1987-05-21,1997-12-31
CDWC,177394,177394,firstpricedate,1993-05-27,1997-12-31
KEYS1,181813,181813,firstpricedate,1996-06-21,1997-12-31
TXU,196981,196981,firstpricedate,1986-01-01,1997-12-31
OMTL,123788,123788,firstpricedate,1997-08-08,1997-12-31
GTRC,197005,197005,firstpricedate,1997-03-17,1997-12-31
TCLIF,120984,120984,firstpricedate,1994-08-29,1997-12-31
ASN,172190,172190,firstpricedate,1986-01-01,1997-12-31
BXLC,120523,120523,firstpricedate,1996-10-04,1997-12-31
ARRO,122748,122748,firstpricedate,1992-06-09,1997-12-31
SLR,174795,174795,firstpricedate,1989-11-15,1997-12-31
POS,178628,178628,firstpricedate,1992-03-27,1997-12-31
RARE1,114944,114944,firstpricedate,1992-03-31,1997-12-31
PYX1,181465,181465,firstpricedate,1994-01-27,1997-12-31
NWRE,123828,123828,firstpricedate,1994-04-04,1997-12-31
WWWW1,184186,184186,firstpricedate,1989-09-25,1997-12-31
GFR1,172390,172390,firstpricedate,1987-08-13,1997-12-31
AGE1,180470,180470,firstpricedate,1986-01-01,1997-12-31
ECIL,120830,120830,firstpricedate,1986-01-01,1997-12-31
BFTH,184166,184166,firstpricedate,1996-01-04,1997-12-31
GBBK1,180444,180444,firstpricedate,1996-05-30,1997-12-31
TW1,177505,177505,firstpricedate,1986-03-18,1997-12-31
BMET,199034,199034,firstpricedate,1986-01-01,1997-12-31
AMK1,123442,123442,firstpricedate,1986-01-01,1997-12-31
NBSC,123040,123040,firstpricedate,1986-01-01,1997-12-31
FDC1,197837,197837,firstpricedate,1992-04-09,1997-12-31
NWYF,105179,105179,firstpricedate,1997-10-01,1997-12-31
EVST,120723,120723,firstpricedate,1995-05-04,1997-12-31
IFOX,123186,123186,firstpricedate,1993-01-20,1997-12-31
FSTW,123384,123384,firstpricedate,1993-03-31,1997-12-31
APRO1,123334,123334,firstpricedate,1987-02-13,1997-12-31
ABIX,123740,123740,firstpricedate,1989-03-14,1997-12-31
MCX1,178704,178704,firstpricedate,1989-05-23,1997-12-31
CTEC1,181582,181582,firstpricedate,1992-06-26,1997-12-31
GDLN,123311,123311,firstpricedate,1986-11-03,1997-12-31
EONGY,103907,103907,firstpricedate,1997-10-08,1997-12-31
CBSS,185390,185390,firstpricedate,1986-01-01,1997-12-31
SPLT,120721,120721,firstpricedate,1992-02-06,1997-12-31
IRMC,111211,111211,firstpricedate,1994-10-12,1997-12-31
MAFB,123206,123206,firstpricedate,1990-01-12,1997-12-31
CTCI,181851,181851,firstpricedate,1997-06-23,1997-12-31
PSAI1,120507,120507,firstpricedate,1994-06-03,1997-12-31
OATS,173497,173497,firstpricedate,1996-10-23,1997-12-31
FRN1,169098,169098,firstpricedate,1997-11-14,1997-12-31
BCGI,178014,178014,firstpricedate,1996-06-18,1997-12-31
SIPX,180787,180787,firstpricedate,1996-04-02,1997-12-31
OCAS,122670,122670,firstpricedate,1986-01-01,1997-12-31
KSE,123694,123694,firstpricedate,1986-01-01,1997-12-31
FIATY,114911,114911,firstpricedate,1989-02-14,1997-12-31
HAN,120121,120121,firstpricedate,1986-11-03,1997-12-31
HC,116223,116223,firstpricedate,1997-07-02,1997-12-31
OPTN1,174790,174790,firstpricedate,1992-04-15,1997-12-31
SRR,122756,122756,firstpricedate,1986-01-01,1997-12-31
DCBK,115168,115168,firstpricedate,1995-10-05,1997-12-31
LAUR1,182029,182029,firstpricedate,1993-12-09,1997-12-31
VTRU1,123829,123829,firstpricedate,1996-10-18,1997-12-31
WLDA,123016,123016,firstpricedate,1995-10-06,1997-12-31
INTL1,177785,177785,firstpricedate,1986-01-01,1997-12-31
AACB1,120720,120720,firstpricedate,1996-02-13,1997-12-31
ARXX,185929,185929,firstpricedate,1986-01-01,1997-12-31
PTSX1,181511,181511,firstpricedate,1997-02-19,1997-12-31
BRR2,181518,181518,firstpricedate,1986-01-01,1997-12-31
KTO,184886,184886,firstpricedate,1986-01-01,1997-12-31
AGII1,123433,123433,firstpricedate,1986-11-13,1997-12-31
CEI1,182532,182532,firstpricedate,1994-04-29,1997-12-31
EUROY,114239,114239,firstpricedate,1997-08-22,1997-12-31
EAGL1,171167,171167,firstpricedate,1995-12-01,1997-12-31
BSG,120566,120566,firstpricedate,1992-03-20,1997-12-31
CRNS,178691,178691,firstpricedate,1995-12-11,1997-12-31
TWRAQ,121857,121857,firstpricedate,1994-08-12,1997-12-31
FNBF,122835,122835,firstpricedate,1995-05-04,1997-12-31
ISWI,122570,122570,firstpricedate,1997-04-07,1997-12-31
AH,123853,123853,firstpricedate,1996-03-18,1997-12-31
DIGE,180705,180705,firstpricedate,1996-05-22,1997-12-31
TKOMY,103902,103902,firstpricedate,1986-01-01,1997-12-31
FLA,181615,181615,firstpricedate,1986-01-01,1997-12-31
SVM1,120784,120784,firstpricedate,1986-01-01,1997-12-31
ADRNY,103944,103944,firstpricedate,1991-04-08,1997-12-31
MOCC,114255,114255,firstpricedate,1986-01-01,1997-12-31
IPX1,110765,110765,firstpricedate,1993-05-04,1997-12-31
IPS1,123088,123088,firstpricedate,1992-01-06,1997-12-31
MITY,121854,121854,firstpricedate,1994-04-29,1997-12-31
FMCO,122763,122763,firstpricedate,1988-12-14,1997-12-31
DANOY,103863,103863,firstpricedate,1996-11-18,1997-12-31
IEIB,122884,122884,firstpricedate,1987-10-30,1997-12-31
CSTL1,183752,183752,firstpricedate,1995-12-20,1997-12-31
DG1,120760,120760,firstpricedate,1986-01-01,1997-12-31
IFIN1,181343,181343,firstpricedate,1995-11-09,1997-12-31
CGC1,167687,167687,firstpricedate,1986-01-01,1997-12-31
CVNS1,168383,168383,firstpricedate,1997-03-06,1997-12-31
MEL,185399,185399,firstpricedate,1986-01-01,1997-12-31
WXH,173142,173142,firstpricedate,1994-05-26,1997-12-31
SKYF,175561,175561,firstpricedate,1993-06-01,1997-12-31
BSTE,184337,184337,firstpricedate,1997-02-12,1997-12-31
KPA,171973,171973,firstpricedate,1994-09-23,1997-12-31
INEI,123444,123444,firstpricedate,1986-01-01,1997-12-31
PWEI,175330,175330,firstpricedate,1989-03-22,1997-12-31
KORIY,114923,114923,firstpricedate,1995-11-14,1997-12-31
MEDI1,182108,182108,firstpricedate,1991-05-08,1997-12-31
CERB,122615,122615,firstpricedate,1986-01-01,1997-12-31
NPTH,122851,122851,firstpricedate,1991-09-06,1997-12-31
PXR1,123643,123643,firstpricedate,1986-01-01,1997-12-31
LSS,169003,169003,firstpricedate,1986-01-01,1997-12-31
OSI2,188568,188568,firstpricedate,1991-06-19,1997-12-31
KRON1,178369,178369,firstpricedate,1992-06-05,1997-12-31
AIH1,122962,122962,firstpricedate,1986-01-01,1997-12-31
OMM,171673,171673,firstpricedate,1992-03-09,1997-12-31
CBUK,175726,175726,firstpricedate,1995-08-15,1997-12-31
THX,169024,169024,firstpricedate,1996-09-20,1997-12-31
VNLSY,110216,110216,firstpricedate,1992-07-01,1997-12-31
KEA,170854,170854,firstpricedate,1986-01-01,1997-12-31
AMCRY,103609,103609,firstpricedate,1993-01-11,1997-12-31
DLP,123460,123460,firstpricedate,1993-06-30,1997-12-31
CLBK1,170697,170697,firstpricedate,1993-10-06,1997-12-31
ADO,103770,103770,firstpricedate,1995-01-10,1997-12-31
STTX1,122770,122770,firstpricedate,1986-01-01,1997-12-31
SMF1,175888,175888,firstpricedate,1991-07-31,1997-12-31
GI1,123370,123370,firstpricedate,1989-12-15,1997-12-31
BDG.A,635389,635389,firstpricedate,1992-06-12,1997-12-31
BDG1,172574,172574,firstpricedate,1986-01-01,1997-12-31
CWG,120574,120574,firstpricedate,1996-06-04,1997-12-31
HORC,182718,182718,firstpricedate,1995-03-15,1997-12-31
DQE,178834,178834,firstpricedate,1986-01-01,1997-12-31
KMI1,116077,116077,firstpricedate,1986-01-01,1997-12-31
CLE,199738,199738,firstpricedate,1986-01-01,1997-12-31
NWACQ,177454,177454,firstpricedate,1994-03-18,1997-12-31
WLC,120899,120899,firstpricedate,1986-01-01,1997-12-31
SNSAY,114884,114884,firstpricedate,1996-01-03,1997-12-31
CPC1,179810,179810,firstpricedate,1995-10-10,1997-12-31
MKTSQ1,123017,123017,firstpricedate,1987-07-01,1997-12-31
SEMIQ,123700,123700,firstpricedate,1987-08-05,1997-12-31
TALX,123831,123831,firstpricedate,1996-10-17,1997-12-31
ERPS,123449,123449,firstpricedate,1987-06-04,1997-12-31
AINN,123075,123075,firstpricedate,1993-05-18,1997-12-31
SWFT1,175830,175830,firstpricedate,1990-06-29,1997-12-31
MIKR,123948,123948,firstpricedate,1986-02-28,1997-12-31
CANUY,103593,103593,firstpricedate,1996-11-22,1997-12-31
DRTE,180766,180766,firstpricedate,1995-06-30,1997-12-31
LSCO,176385,176385,firstpricedate,1986-01-01,1997-12-31
SSPI,121852,121852,firstpricedate,1992-07-29,1997-12-31
JH,122580,122580,firstpricedate,1986-01-01,1997-12-31
CFCP,123411,123411,firstpricedate,1992-03-26,1997-12-31
BL1,122829,122829,firstpricedate,1986-01-01,1997-12-31
MDST1,178897,178897,firstpricedate,1996-05-30,1997-12-31
DALRQ,120488,120488,firstpricedate,1986-01-01,1997-12-31
NBAN,123035,123035,firstpricedate,1996-02-07,1997-12-31
FS,121130,121130,firstpricedate,1997-02-07,1997-12-31
REF1,116230,116230,firstpricedate,1986-01-01,1997-12-31
BZ1,171382,171382,firstpricedate,1986-01-01,1997-12-31
LFB,121103,121103,firstpricedate,1986-01-01,1997-12-31
MAPS1,181095,181095,firstpricedate,1994-02-01,1997-12-31
HYSL,169761,169761,firstpricedate,1995-12-06,1997-12-31
HNVD,175785,175785,firstpricedate,1986-01-01,1997-12-31
NXL1,183368,183368,firstpricedate,1987-12-30,1997-12-31
GLH,120829,120829,firstpricedate,1997-05-30,1997-12-31
CPAK,122762,122762,firstpricedate,1986-01-01,1997-12-31
MRD1,179685,179685,firstpricedate,1986-01-01,1997-12-31
GMP,177071,177071,firstpricedate,1986-01-01,1997-12-31
SFNT,185122,185122,firstpricedate,1992-11-30,1997-12-31
NTST1,122862,122862,firstpricedate,1996-08-14,1997-12-31
ENYNF,103853,103853,firstpricedate,1997-07-11,1997-12-31
SSFC,122315,122315,firstpricedate,1996-10-03,1997-12-31
TBWC,123835,123835,firstpricedate,1996-02-08,1997-12-31
SYGR,123226,123226,firstpricedate,1993-07-14,1997-12-31
MGP1,123636,123636,firstpricedate,1986-11-21,1997-12-31
MLS,170570,170570,firstpricedate,1994-04-15,1997-12-31
IAL,123959,123959,firstpricedate,1986-01-01,1997-12-31
PFSB1,122754,122754,firstpricedate,1994-07-15,1997-12-31
TSG1,173840,173840,firstpricedate,1996-10-11,1997-12-31
UVN,178889,178889,firstpricedate,1996-09-27,1997-12-31
STRD1,122878,122878,firstpricedate,1994-03-16,1997-12-31
APNI,110969,110969,firstpricedate,1986-01-01,1997-12-31
MDCC,167861,167861,firstpricedate,1995-12-13,1997-12-31
ELK,177283,177283,firstpricedate,1986-01-01,1997-12-31
SLNK,176507,176507,firstpricedate,1996-04-26,1997-12-31
CMX,185407,185407,firstpricedate,1995-02-23,1997-12-31
PD1,173319,173319,firstpricedate,1986-01-01,1997-12-31
ZVXI,124046,124046,firstpricedate,1996-06-07,1997-12-31
NLX1,121201,121201,firstpricedate,1986-01-01,1997-12-31
CTCO,173054,173054,firstpricedate,1986-01-01,1997-12-31
TUXS,101286,101286,firstpricedate,1996-11-08,1997-12-31
CDMS,180512,180512,firstpricedate,1986-01-01,1997-12-31
DTC1,111647,111647,firstpricedate,1986-01-01,1997-12-31
RDA1,120969,120969,firstpricedate,1990-02-15,1997-12-31
MRBK1,183269,183269,firstpricedate,1986-01-01,1997-12-31
AD1,170808,170808,firstpricedate,1986-09-15,1997-12-31
ENCZQ,123094,123094,firstpricedate,1986-01-01,1997-12-31
BNP,120769,120769,firstpricedate,1987-05-19,1997-12-31
BGO,121157,121157,firstpricedate,1994-03-04,1997-12-31
TLLEQ,109474,109474,firstpricedate,1994-12-21,1997-12-31
TSY,120219,120219,firstpricedate,1986-02-20,1997-12-31
VLG,182974,182974,firstpricedate,1997-04-10,1997-12-31
RGFCQ,121125,121125,firstpricedate,1996-08-22,1997-12-31
PGL,177592,177592,firstpricedate,1986-01-01,1997-12-31
VSTH,180019,180019,firstpricedate,1995-08-18,1997-12-31
SELA,122803,122803,firstpricedate,1986-01-01,1997-12-31
RNHDA,120834,120834,firstpricedate,1996-10-01,1997-12-31
RRA,116195,116195,firstpricedate,1992-11-10,1997-12-31
CAPX1,115058,115058,firstpricedate,1996-04-17,1997-12-31
APCC,178463,178463,firstpricedate,1988-07-25,1997-12-31
EOP,185409,185409,firstpricedate,1997-07-09,1997-12-31
JJZ,184460,184460,firstpricedate,1995-05-24,1997-12-31
NTPA,184477,184477,firstpricedate,1996-06-13,1997-12-31
UBMT,121063,121063,firstpricedate,1986-09-23,1997-12-31
PFSL,122942,122942,firstpricedate,1994-04-05,1997-12-31
SJOE,114942,114942,firstpricedate,1997-01-22,1997-12-31
SWW,178879,178879,firstpricedate,1995-06-08,1997-12-31
RMI1,179588,179588,firstpricedate,1986-01-01,1997-12-31
ICOS,184560,184560,firstpricedate,1991-06-06,1997-12-31
STXN,180174,180174,firstpricedate,1987-05-19,1997-12-31
SLXA,179409,179409,firstpricedate,1997-05-08,1997-12-31
PSTI1,122883,122883,firstpricedate,1991-10-09,1997-12-31
RA1,183304,183304,firstpricedate,1995-05-26,1997-12-31
OS1,171162,171162,firstpricedate,1988-04-13,1997-12-31
APN2,181246,181246,firstpricedate,1986-01-01,1997-12-31
EMBX1,183013,183013,firstpricedate,1991-11-07,1997-12-31
OCAI,178840,178840,firstpricedate,1994-12-20,1997-12-31
VTS1,167990,167990,firstpricedate,1991-07-26,1997-12-31
SBL,123632,123632,firstpricedate,1986-01-01,1997-12-31
BN1,170653,170653,firstpricedate,1986-01-01,1997-12-31
IINT,175660,175660,firstpricedate,1997-08-26,1997-12-31
LQ1,114928,114928,firstpricedate,1997-06-26,1997-12-31
FFFL,122733,122733,firstpricedate,1994-01-06,1997-12-31
INCLF,123403,123403,firstpricedate,1986-01-01,1997-12-31
SNDS1,123456,123456,firstpricedate,1986-01-01,1997-12-31
RBNC1,167710,167710,firstpricedate,1987-08-26,1997-12-31
RNAI,180646,180646,firstpricedate,1996-04-12,1997-12-31
SBGA,176041,176041,firstpricedate,1996-10-18,1997-12-31
WBKC1,120724,120724,firstpricedate,1994-10-12,1997-12-31
IFCJ,123050,123050,firstpricedate,1986-01-01,1997-12-31
IMI1,120533,120533,firstpricedate,1994-02-09,1997-12-31
BLS,185391,185391,firstpricedate,1986-01-01,1997-12-31
CNCT1,176939,176939,firstpricedate,1996-02-01,1997-12-31
AMV2,181922,181922,firstpricedate,1996-11-06,1997-12-31
JMAR,120544,120544,firstpricedate,1990-04-26,1997-12-31
PLRBQ,122536,122536,firstpricedate,1986-01-01,1997-12-31
WCAP1,123385,123385,firstpricedate,1995-10-26,1997-12-31
TMAV,177275,177275,firstpricedate,1996-06-27,1997-12-31
VCAT,120994,120994,firstpricedate,1995-08-24,1997-12-31
MTLG,123027,123027,firstpricedate,1994-09-29,1997-12-31
TCC,171488,171488,firstpricedate,1997-11-25,1997-12-31
POSOQ,123480,123480,firstpricedate,1996-04-02,1997-12-31
TPTH,169062,169062,firstpricedate,1997-09-05,1997-12-31
CNXS,174853,174853,firstpricedate,1987-06-11,1997-12-31
ARS,171760,171760,firstpricedate,1987-08-26,1997-12-31
TALK1,169004,169004,firstpricedate,1995-09-21,1997-12-31
PZA1,184702,184702,firstpricedate,1987-08-20,1997-12-31
OLGR,180699,180699,firstpricedate,1986-01-01,1997-12-31
STEL1,174564,174564,firstpricedate,1992-04-14,1997-12-31
KOSP,173052,173052,firstpricedate,1997-03-07,1997-12-31
STAR2,116358,116358,firstpricedate,1992-03-13,1997-12-31
WARR1,122959,122959,firstpricedate,1994-04-05,1997-12-31
GBTVQ,121052,121052,firstpricedate,1992-01-14,1997-12-31
FLAG1,184965,184965,firstpricedate,1986-12-11,1997-12-31
SBIT1,168343,168343,firstpricedate,1993-05-03,1997-12-31
VBAC,123063,123063,firstpricedate,1994-07-12,1997-12-31
JLG,173313,173313,firstpricedate,1986-01-01,1997-12-31
ORCI,174385,174385,firstpricedate,1993-10-27,1997-12-31
HCFL,111580,111580,firstpricedate,1996-12-31,1997-12-31
NSS1,184098,184098,firstpricedate,1988-03-07,1997-12-31
NFB,176978,176978,firstpricedate,1986-01-01,1997-12-31
LU1,185393,185393,firstpricedate,1996-04-04,1997-12-31
HARB,123684,123684,firstpricedate,1994-01-06,1997-12-31
IDWK,123251,123251,firstpricedate,1995-12-14,1997-12-31
FBNW,123041,123041,firstpricedate,1997-07-02,1997-12-31
VTEK,176556,176556,firstpricedate,1995-10-06,1997-12-31
VTAIQ,175993,175993,firstpricedate,1993-11-12,1997-12-31
UNDT,116387,116387,firstpricedate,1986-05-12,1997-12-31
INGR1,178243,178243,firstpricedate,1986-01-01,1997-12-31
GLB,183214,183214,firstpricedate,1996-01-31,1997-12-31
AHAG,123392,123392,firstpricedate,1986-03-07,1997-12-31
TUG1,123288,123288,firstpricedate,1987-04-07,1997-12-31
AICX,122600,122600,firstpricedate,1996-11-07,1997-12-31
WNDXQ,119266,119266,firstpricedate,1986-01-01,1997-12-31
APHTQ,114489,114489,firstpricedate,1991-04-02,1997-12-31
FLSH,121128,121128,firstpricedate,1993-03-04,1997-12-31
HCA1,115105,115105,firstpricedate,1990-05-17,1997-12-31
NCOG,123475,123475,firstpricedate,1996-11-07,1997-12-31
RGX,180796,180796,firstpricedate,1997-11-21,1997-12-31
SSPY1,114992,114992,firstpricedate,1991-04-15,1997-12-31
RWY,168370,168370,firstpricedate,1993-08-12,1997-12-31
CRLTS,120695,120695,firstpricedate,1994-04-07,1997-12-31
AMH1,182528,182528,firstpricedate,1997-01-29,1997-12-31
TRUE1,123354,123354,firstpricedate,1993-01-06,1997-12-31
TRBS,180712,180712,firstpricedate,1994-03-16,1997-12-31
SIZ1,170127,170127,firstpricedate,1987-01-30,1997-12-31
EXETF,120950,120950,firstpricedate,1996-05-16,1997-12-31
FNF1,172963,172963,firstpricedate,1987-03-24,1997-12-31
FSH,185408,185408,firstpricedate,1991-12-18,1997-12-31
IMGC,123313,123313,firstpricedate,1986-01-01,1997-12-31
MERQ,123307,123307,firstpricedate,1993-10-29,1997-12-31
AGIS,179454,179454,firstpricedate,1988-12-30,1997-12-31
FIMG,120642,120642,firstpricedate,1991-08-15,1997-12-31
CBJ,121083,121083,firstpricedate,1994-06-27,1997-12-31
MCM,114211,114211,firstpricedate,1996-10-14,1997-12-31
ASO1,185414,185414,firstpricedate,1986-01-01,1997-12-31
HCT1,172978,172978,firstpricedate,1990-08-03,1997-12-31
GLG1,120489,120489,firstpricedate,1986-01-01,1997-12-31
ENMC,181483,181483,firstpricedate,1997-03-26,1997-12-31
ADRX,170871,170871,firstpricedate,1996-06-14,1997-12-31
XLACF,121113,121113,firstpricedate,1986-06-17,1997-12-31
PFCO,121079,121079,firstpricedate,1997-10-24,1997-12-31
WVWCQ,120460,120460,firstpricedate,1995-03-03,1997-12-31
RYAN1,122495,122495,firstpricedate,1986-01-01,1997-12-31
OWENQ,180038,180038,firstpricedate,1986-01-01,1997-12-31
MOSS,123752,123752,firstpricedate,1996-02-23,1997-12-31
MIK1,198711,198711,firstpricedate,1986-01-01,1997-12-31
MLIN,172032,172032,firstpricedate,1994-10-14,1997-12-31
CNSI2,123086,123086,firstpricedate,1986-01-01,1997-12-31
FTHR,182398,182398,firstpricedate,1994-09-28,1997-12-31
PNP,184359,184359,firstpricedate,1997-08-08,1997-12-31
REY,116036,116036,firstpricedate,1986-01-01,1997-12-31
IDR1,121024,121024,firstpricedate,1997-03-25,1997-12-31
CMBC,168037,168037,firstpricedate,1996-05-30,1997-12-31
CSPLF,121193,121193,firstpricedate,1994-10-20,1997-12-31
WSTC1,114824,114824,firstpricedate,1996-11-27,1997-12-31
ZOMX,183864,183864,firstpricedate,1996-05-07,1997-12-31
FATS,122564,122564,firstpricedate,1996-11-27,1997-12-31
SGID,110797,110797,firstpricedate,1986-10-29,1997-12-31
SUMX,122585,122585,firstpricedate,1986-01-01,1997-12-31
FILE,105690,105690,firstpricedate,1987-07-21,1997-12-31
CHAR1,123084,123084,firstpricedate,1986-01-01,1997-12-31
ADEX1,170747,170747,firstpricedate,1995-10-18,1997-12-31
NMIL,170883,170883,firstpricedate,1986-02-18,1997-12-31
MROI,123691,123691,firstpricedate,1994-04-21,1997-12-31
AACE,178353,178353,firstpricedate,1992-12-02,1997-12-31
MVK,123103,123103,firstpricedate,1991-03-19,1997-12-31
RYG,121120,121120,firstpricedate,1996-04-02,1997-12-31
RADA1,121877,121877,firstpricedate,1994-05-13,1997-12-31
HUMC,121023,121023,firstpricedate,1994-04-26,1997-12-31
GDW,167927,167927,firstpricedate,1986-01-01,1997-12-31
KNBWY,114353,114353,firstpricedate,1986-01-01,1997-12-31
MARSB,635350,635350,firstpricedate,1991-05-28,1997-12-31
MARSA,121855,121855,firstpricedate,1986-01-01,1997-12-31
MPWG,122724,122724,firstpricedate,1997-12-02,1997-12-31
BOY,177864,177864,firstpricedate,1996-10-30,1997-12-31
FNIX,121003,121003,firstpricedate,1996-07-31,1997-12-31
AVL1,178206,178206,firstpricedate,1993-12-01,1997-12-31
ROWC,168827,168827,firstpricedate,1986-01-01,1997-12-31
ONEI,123302,123302,firstpricedate,1986-01-01,1997-12-31
MYAG,181887,181887,firstpricedate,1986-01-01,1997-12-31
RSAS,123597,123597,firstpricedate,1994-12-14,1997-12-31
XYBRQ,123090,123090,firstpricedate,1996-07-29,1997-12-31
NGCN,121882,121882,firstpricedate,1995-10-17,1997-12-31
CFCI,120976,120976,firstpricedate,1995-11-17,1997-12-31
TMG,110184,110184,firstpricedate,1993-12-14,1997-12-31
KZL,121864,121864,firstpricedate,1994-07-21,1997-12-31
CCDC,123990,123990,firstpricedate,1988-06-30,1997-12-31
IDNX,121861,121861,firstpricedate,1986-01-01,1997-12-31
MGRP,174529,174529,firstpricedate,1993-09-02,1997-12-31
GTK,123347,123347,firstpricedate,1992-07-22,1997-12-31
BKFG,109803,109803,firstpricedate,1986-01-01,1997-12-31
OTVLQ,116132,116132,firstpricedate,1996-07-19,1997-12-31
LARL,123726,123726,firstpricedate,1987-09-28,1997-12-31
FOBB,172889,172889,firstpricedate,1986-01-01,1997-12-31
WGR,173493,173493,firstpricedate,1989-12-08,1997-12-31
PRVOZ,123256,123256,firstpricedate,1992-05-07,1997-12-31
SHU,174738,174738,firstpricedate,1994-03-28,1997-12-31
ADIC,170749,170749,firstpricedate,1996-10-17,1997-12-31
CDV,123849,123849,firstpricedate,1995-11-21,1997-12-31
APQCF,119687,119687,firstpricedate,1996-04-29,1997-12-31
ABLSQ,121858,121858,firstpricedate,1990-08-13,1997-12-31
NVTP,109977,109977,firstpricedate,1996-05-23,1997-12-31
SCYL,116172,116172,firstpricedate,1994-10-14,1997-12-31
WDHD,123006,123006,firstpricedate,1986-01-01,1997-12-31
KMG1,184651,184651,firstpricedate,1986-01-01,1997-12-31
NWIR,122589,122589,firstpricedate,1994-03-09,1997-12-31
CERG,120468,120468,firstpricedate,1986-01-01,1997-12-31
KNAP,123437,123437,firstpricedate,1986-01-01,1997-12-31
DP,181646,181646,firstpricedate,1986-01-01,1997-12-31
OUTL,123394,123394,firstpricedate,1991-04-24,1997-12-31
JAMS,183952,183952,firstpricedate,1994-01-27,1997-12-31
ACR1,170265,170265,firstpricedate,1997-05-30,1997-12-31
LSCP1,169808,169808,firstpricedate,1989-11-30,1997-12-31
PVIS,121135,121135,firstpricedate,1996-11-21,1997-12-31
SERO,172209,172209,firstpricedate,1995-06-15,1997-12-31
CRE1,178066,178066,firstpricedate,1993-02-09,1997-12-31
FSM1,122826,122826,firstpricedate,1986-01-01,1997-12-31
KCS,123216,123216,firstpricedate,1988-06-03,1997-12-31
SRCP,172473,172473,firstpricedate,1996-01-23,1997-12-31
AFCO1,115466,115466,firstpricedate,1997-11-24,1997-12-31
INSGY,120960,120960,firstpricedate,1995-11-14,1997-12-31
KLUCQ,120788,120788,firstpricedate,1991-07-11,1997-12-31
MANU1,176759,176759,firstpricedate,1993-08-13,1997-12-31
REM1,179738,179738,firstpricedate,1992-04-24,1997-12-31
REMX1,173780,173780,firstpricedate,1996-07-11,1997-12-31
MAIN1,172538,172538,firstpricedate,1990-08-22,1997-12-31
MATV1,116121,116121,firstpricedate,1996-06-14,1997-12-31
ARLCF,120518,120518,firstpricedate,1994-12-02,1997-12-31
KRI,185403,185403,firstpricedate,1986-01-01,1997-12-31
TLDAY,114901,114901,firstpricedate,1994-04-29,1997-12-31
CHKR1,176879,176879,firstpricedate,1991-11-15,1997-12-31
VASO,198170,198170,firstpricedate,1995-08-18,1997-12-31
JWLR,123832,123832,firstpricedate,1996-05-02,1997-12-31
GMTI,109469,109469,firstpricedate,1995-10-02,1997-12-31
TNM,116122,116122,firstpricedate,1986-01-01,1997-12-31
WLSM,109993,109993,firstpricedate,1991-10-11,1997-12-31
EC1,185413,185413,firstpricedate,1986-01-01,1997-12-31
CUREQ,123854,123854,firstpricedate,1991-06-28,1997-12-31
DRTK,168104,168104,firstpricedate,1986-01-29,1997-12-31
SBSE,123423,123423,firstpricedate,1992-01-09,1997-12-31
MEDC,123980,123980,firstpricedate,1995-06-06,1997-12-31
ANSLY,120662,120662,firstpricedate,1987-07-02,1997-12-31
EDMC1,633126,633126,firstpricedate,1996-10-31,1997-12-31
MSBK,173625,173625,firstpricedate,1997-04-08,1997-12-31
ABS,185415,185415,firstpricedate,1986-01-01,1997-12-31
SVC1,123244,123244,firstpricedate,1986-01-01,1997-12-31
ESF,120497,120497,firstpricedate,1993-06-30,1997-12-31
SIXX,116207,116207,firstpricedate,1990-03-22,1997-12-31
SPRI,124018,124018,firstpricedate,1996-01-02,1997-12-31
LAF,172871,172871,firstpricedate,1986-01-01,1997-12-31
DLWI,123308,123308,firstpricedate,1986-01-01,1997-12-31
SVIN,105584,105584,firstpricedate,1997-07-25,1997-12-31
WEFN,121132,121132,firstpricedate,1996-11-15,1997-12-31
TNM.B,635426,635426,firstpricedate,1986-11-17,1997-12-31
CLTZF,114932,114932,firstpricedate,1996-12-11,1997-12-31
TOM,184332,184332,firstpricedate,1992-09-23,1997-12-31
FOOT,180154,180154,firstpricedate,1989-05-22,1997-12-31
PIXR,187923,187923,firstpricedate,1995-11-30,1997-12-31
PEGS,123412,123412,firstpricedate,1997-08-07,1997-12-31
BED,178888,178888,firstpricedate,1986-01-01,1997-12-31
JILL1,184617,184617,firstpricedate,1993-11-02,1997-12-31
MHX1,177049,177049,firstpricedate,1996-07-26,1997-12-31
ARI1,179274,179274,firstpricedate,1996-10-04,1997-12-31
ATSN,120499,120499,firstpricedate,1986-01-01,1997-12-31
BDLN,123223,123223,firstpricedate,1996-11-22,1997-12-31
CECX1,122758,122758,firstpricedate,1986-01-01,1997-12-31
DNKYQ,121853,121853,firstpricedate,1993-06-17,1997-12-31
GDT1,185418,185418,firstpricedate,1994-12-14,1997-12-31
SEGU,183510,183510,firstpricedate,1996-03-28,1997-12-31
SPNT1,121214,121214,firstpricedate,1996-09-19,1997-12-31
CHIR1,185389,185389,firstpricedate,1986-01-01,1997-12-31
BCF1,198849,198849,firstpricedate,1986-01-01,1997-12-31
RESC,167893,167893,firstpricedate,1986-01-01,1997-12-31
UCI1,198568,198568,firstpricedate,1986-03-07,1997-12-31
DSTM,170539,170539,firstpricedate,1995-03-29,1997-12-31
ATLRS,115419,115419,firstpricedate,1996-05-15,1997-12-31
MYG1,175410,175410,firstpricedate,1986-01-01,1997-12-31
JP1,170545,170545,firstpricedate,1986-01-01,1997-12-31
GLDB1,120648,120648,firstpricedate,1996-11-19,1997-12-31
CIN,185388,185388,firstpricedate,1986-01-01,1997-12-31
BR1,184448,184448,firstpricedate,1988-07-08,1997-12-31
SMV.A,635680,635680,firstpricedate,1996-05-31,1997-12-31
TCT,123229,123229,firstpricedate,1993-08-17,1997-12-31
RCI1,177855,177855,firstpricedate,1996-02-07,1997-12-31
HUG,121860,121860,firstpricedate,1986-01-01,1997-12-31
MRVT,123751,123751,firstpricedate,1995-04-11,1997-12-31
WAVR,123438,123438,firstpricedate,1994-05-02,1997-12-31
SMV.B,122702,122702,firstpricedate,1996-11-08,1997-12-31
IMDC1,123773,123773,firstpricedate,1986-06-10,1997-12-31
LIFE1,185075,185075,firstpricedate,1986-01-01,1997-12-31
RUM1,183580,183580,firstpricedate,1992-10-13,1997-12-31
UCBC,122736,122736,firstpricedate,1997-12-29,1997-12-31
BEV,175090,175090,firstpricedate,1986-01-01,1997-12-31
LEIX,123295,123295,firstpricedate,1986-12-23,1997-12-31
PDG,120923,120923,firstpricedate,1986-01-01,1997-12-31
DAB,197273,197273,firstpricedate,1995-06-27,1997-12-31
CNT,122764,122764,firstpricedate,1993-12-03,1997-12-31
AAIIQ1,116429,116429,firstpricedate,1996-09-23,1997-12-31
FOXX1,123399,123399,firstpricedate,1997-07-18,1997-12-31
FLYIQ,123974,123974,firstpricedate,1993-07-21,1997-12-31
ETS1,120747,120747,firstpricedate,1989-05-31,1997-12-31
ATAHQ,123452,123452,firstpricedate,1993-05-13,1997-12-31
WFSI,121883,121883,firstpricedate,1995-08-09,1997-12-31
WES1,170232,170232,firstpricedate,1986-05-05,1997-12-31
TCAM,122996,122996,firstpricedate,1994-11-04,1997-12-31
UNIZ,123000,123000,firstpricedate,1997-01-09,1997-12-31
FRSH1,122376,122376,firstpricedate,1988-12-16,1997-12-31
CMPX2,168387,168387,firstpricedate,1988-09-16,1997-12-31
SFA,167795,167795,firstpricedate,1986-01-01,1997-12-31
WWTRQ,123099,123099,firstpricedate,1992-05-21,1997-12-31
LIN1,120836,120836,firstpricedate,1996-11-26,1997-12-31
WATFZ,114926,114926,firstpricedate,1987-03-11,1997-12-31
TVSFF,121127,121127,firstpricedate,1993-03-10,1997-12-31
SYNC1,170660,170660,firstpricedate,1996-12-05,1997-12-31
CCCG,123915,123915,firstpricedate,1996-08-16,1997-12-31
DER1,121876,121876,firstpricedate,1995-10-20,1997-12-31
GWSV,122363,122363,firstpricedate,1992-03-13,1997-12-31
AML,110182,110182,firstpricedate,1994-02-09,1997-12-31
CM1,120893,120893,firstpricedate,1988-10-31,1997-12-31
LAN,123949,123949,firstpricedate,1986-01-01,1997-12-31
UALAQ,120487,120487,firstpricedate,1986-01-01,1997-12-31
RBK,124097,124097,firstpricedate,1986-01-01,1997-12-31
SEBL,116540,116540,firstpricedate,1996-06-28,1997-12-31
CCBN,123396,123396,firstpricedate,1997-05-09,1997-12-31
HU,121871,121871,firstpricedate,1986-01-01,1997-12-31
CBMD,123271,123271,firstpricedate,1994-07-13,1997-12-31
LC1,116123,116123,firstpricedate,1986-01-01,1997-12-31
EASI1,123368,123368,firstpricedate,1986-01-01,1997-12-31
VPI,123402,123402,firstpricedate,1990-08-03,1997-12-31
GDYS,121862,121862,firstpricedate,1991-10-25,1997-12-31
AULT1,120613,120613,firstpricedate,1986-01-01,1997-12-31
BTHS,123321,123321,firstpricedate,1997-02-03,1997-12-31
CSKKY,115146,115146,firstpricedate,1995-09-12,1997-12-31
IVX,123249,123249,firstpricedate,1986-01-01,1997-12-31
LQI1,110204,110204,firstpricedate,1987-12-30,1997-12-31
CUMB1,122530,122530,firstpricedate,1994-04-04,1997-12-31
HIRE1,121863,121863,firstpricedate,1996-07-23,1997-12-31
PIO1,116119,116119,firstpricedate,1986-01-01,1997-12-31
CMM,168303,168303,firstpricedate,1989-11-28,1997-12-31
DRYR,123049,123049,firstpricedate,1986-01-01,1997-12-31
CGFW,173866,173866,firstpricedate,1994-10-10,1997-12-31
LCGI,122892,122892,firstpricedate,1996-02-02,1997-12-31
BULL1,123964,123964,firstpricedate,1986-01-01,1997-12-31
NDC,120774,120774,firstpricedate,1986-01-01,1997-12-31
MTIX,123876,123876,firstpricedate,1997-02-18,1997-12-31
JCCIY,114909,114909,firstpricedate,1995-05-23,1997-12-31
MRSA,123961,123961,firstpricedate,1994-06-23,1997-12-31
PP1,122759,122759,firstpricedate,1996-10-17,1997-12-31
RAY1,120232,120232,firstpricedate,1986-01-01,1997-12-31
AERS1,122678,122678,firstpricedate,1986-01-01,1997-12-31
BLSC,123364,123364,firstpricedate,1986-01-01,1997-12-31
MAXM,121028,121028,firstpricedate,1996-07-10,1997-12-31
IDXC,123195,123195,firstpricedate,1995-11-17,1997-12-31
AABC,165444,165444,firstpricedate,1986-09-15,1997-12-31
FMKIQ,171236,171236,firstpricedate,1993-03-11,1997-12-31
CALGZ,115056,115056,firstpricedate,1995-07-28,1997-12-31
CBN,120493,120493,firstpricedate,1995-03-20,1997-12-31
CPTV,122936,122936,firstpricedate,1993-09-09,1997-12-31
KRB,183887,183887,firstpricedate,1991-01-22,1997-12-31
YOCM,122954,122954,firstpricedate,1987-11-18,1997-12-31
PYRAQ,635335,635335,firstpricedate,1986-01-01,1997-12-31
VRTY1,123996,123996,firstpricedate,1995-10-06,1997-12-31
SKO,124082,124082,firstpricedate,1991-10-08,1997-12-31
PCTY1,123933,123933,firstpricedate,1996-03-27,1997-12-31
STEK1,121720,121720,firstpricedate,1996-09-27,1997-12-31
USPL,120753,120753,firstpricedate,1994-06-01,1997-12-31
GP1,110517,110517,firstpricedate,1986-01-01,1997-12-31
FFDB,122768,122768,firstpricedate,1997-04-02,1997-12-31
MTYG,123272,123272,firstpricedate,1986-01-01,1997-12-31
PRGN1,111210,111210,firstpricedate,1997-04-09,1997-12-31
PHS,177833,177833,firstpricedate,1986-01-01,1997-12-31
SOSO,120722,120722,firstpricedate,1992-03-19,1997-12-31
FRDMQ,122680,122680,firstpricedate,1993-10-14,1997-12-31
GBURQ,121699,121699,firstpricedate,1992-06-09,1997-12-31
RCFO,123615,123615,firstpricedate,1990-05-25,1997-12-31
HOSTQ,121194,121194,firstpricedate,1987-05-26,1997-12-31
CWP,114904,114904,firstpricedate,1989-09-28,1997-12-31
AMNT,181765,181765,firstpricedate,1997-10-29,1997-12-31
YRK,121687,121687,firstpricedate,1991-10-01,1997-12-31
ATN1,122765,122765,firstpricedate,1993-04-27,1997-12-31
IDBE,120974,120974,firstpricedate,1993-08-03,1997-12-31
MACR1,123883,123883,firstpricedate,1993-12-13,1997-12-31
ABNK1,121702,121702,firstpricedate,1997-01-28,1997-12-31
CFB1,120505,120505,firstpricedate,1986-01-01,1997-12-31
MCRAA,104808,104808,firstpricedate,1986-01-01,1997-12-31
TRKN,124035,124035,firstpricedate,1995-08-24,1997-12-31
MXT,114948,114948,firstpricedate,1996-10-25,1997-12-31
ANSI,123776,123776,firstpricedate,1986-01-01,1997-12-31
RCOCQ,123811,123811,firstpricedate,1994-04-07,1997-12-31
ESAN,124065,124065,firstpricedate,1995-11-10,1997-12-31
SSNC1,191104,191104,firstpricedate,1996-06-03,1997-12-31
OHRI,115765,115765,firstpricedate,1993-05-11,1997-12-31
ELT1,114896,114896,firstpricedate,1987-11-06,1997-12-31
CIBN,101923,101923,firstpricedate,1995-02-07,1997-12-31
CYGN1,122481,122481,firstpricedate,1991-01-31,1997-12-31
T1,116096,116096,firstpricedate,1986-01-01,1997-12-31
TBCC,121697,121697,firstpricedate,1986-01-01,1997-12-31
HIB,123214,123214,firstpricedate,1986-01-01,1997-12-31
FCPR,123611,123611,firstpricedate,1986-01-01,1997-12-31
MWH1,121180,121180,firstpricedate,1995-04-26,1997-12-31
EECPQ,123327,123327,firstpricedate,1990-07-13,1997-12-31
MSK1,121844,121844,firstpricedate,1994-05-17,1997-12-31
MYR,122922,122922,firstpricedate,1987-08-11,1997-12-31
PRLX,123252,123252,firstpricedate,1986-01-01,1997-12-31
INMTQ,123231,123231,firstpricedate,1986-01-01,1997-12-31
CSCQ,123208,123208,firstpricedate,1994-02-02,1997-12-31
HGGR,122769,122769,firstpricedate,1992-12-11,1997-12-31
LABS1,122785,122785,firstpricedate,1986-01-01,1997-12-31
DAOU,122830,122830,firstpricedate,1997-02-13,1997-12-31
TPY,123912,123912,firstpricedate,1992-04-16,1997-12-31
XNVAY,114917,114917,firstpricedate,1995-01-11,1997-12-31
BBQZ,121843,121843,firstpricedate,1997-11-07,1997-12-31
HELX1,124070,124070,firstpricedate,1986-01-01,1997-12-31
BRKT,121768,121768,firstpricedate,1992-10-20,1997-12-31
RVSIQ,123622,123622,firstpricedate,1994-01-05,1997-12-31
PHCC1,121842,121842,firstpricedate,1997-10-24,1997-12-31
CIDI,119428,119428,firstpricedate,1992-12-03,1997-12-31
HUFCQ,122542,122542,firstpricedate,1986-01-01,1997-12-31
REMC1,122531,122531,firstpricedate,1996-02-02,1997-12-31
TPPPF,120669,120669,firstpricedate,1995-12-15,1997-12-31
NMG.A,185181,185181,firstpricedate,1987-08-14,1997-12-31
SVELY,184059,184059,firstpricedate,1996-11-21,1997-12-31
BEIQ,122551,122551,firstpricedate,1997-09-29,1997-12-31
BIOI,123989,123989,firstpricedate,1986-01-01,1997-12-31
BKST,123620,123620,firstpricedate,1993-03-26,1997-12-31
AGY,124052,124052,firstpricedate,1993-02-18,1997-12-31
SFSW,123042,123042,firstpricedate,1990-08-22,1997-12-31
PVN,124047,124047,firstpricedate,1986-01-01,1997-12-31
G1,123852,123852,firstpricedate,1986-01-01,1997-12-31
DYOLF,122593,122593,firstpricedate,1989-10-19,1997-12-31
GLFD,123923,123923,firstpricedate,1994-06-17,1997-12-31
GBP,168480,168480,firstpricedate,1994-01-20,1997-12-31
BEAR,123209,123209,firstpricedate,1993-11-23,1997-12-31
INKP,124044,124044,firstpricedate,1995-05-04,1997-12-31
CRO1,122767,122767,firstpricedate,1988-08-18,1997-12-31
AWA,116386,116386,firstpricedate,1990-03-27,1997-12-31
SZ,123769,123769,firstpricedate,1986-01-01,1997-12-31
LFTC,120779,120779,firstpricedate,1997-05-09,1997-12-31
MDSI,121770,121770,firstpricedate,1996-11-26,1997-12-31
ASPT,123055,123055,firstpricedate,1990-05-01,1997-12-31
MDKI,121750,121750,firstpricedate,1986-01-01,1997-12-31
TELVQ,121867,121867,firstpricedate,1986-01-01,1997-12-31
UVSLQ,121752,121752,firstpricedate,1994-12-15,1997-12-31
CEL1,110192,110192,firstpricedate,1995-06-02,1997-12-31
SCNYB,124040,124040,firstpricedate,1993-05-26,1997-12-31
SCNYA,635420,635420,firstpricedate,1986-01-01,1997-12-31
JQH,121713,121713,firstpricedate,1994-11-17,1997-12-31
CDX1,177429,177429,firstpricedate,1990-11-23,1997-12-31
NSO,120524,120524,firstpricedate,1997-04-18,1997-12-31
ROBOF,103605,103605,firstpricedate,1991-10-07,1997-12-31
INFD,121709,121709,firstpricedate,1986-01-01,1997-12-31
STK1,182370,182370,firstpricedate,1986-01-01,1997-12-31
CVAL,121712,121712,firstpricedate,1987-03-27,1997-12-31
DKHR,123937,123937,firstpricedate,1992-09-01,1997-12-31
MAY1,122713,122713,firstpricedate,1986-01-01,1997-12-31
BFEN,121685,121685,firstpricedate,1988-04-28,1997-12-31
BOSA,123755,123755,firstpricedate,1986-12-12,1997-12-31
PVLS,114912,114912,firstpricedate,1993-03-08,1997-12-31
JUNO1,123814,123814,firstpricedate,1986-01-01,1997-12-31
SOCR,124090,124090,firstpricedate,1986-01-01,1997-12-31
INTD,123336,123336,firstpricedate,1996-11-08,1997-12-31
GBND1,123767,123767,firstpricedate,1986-01-01,1997-12-31
NXTL,185410,185410,firstpricedate,1992-01-29,1997-12-31
AMNF,101849,101849,firstpricedate,1990-04-30,1997-12-31
TTLA,124073,124073,firstpricedate,1993-05-27,1997-12-31
SDS1,198505,198505,firstpricedate,1986-03-14,1997-12-31
UCL1,120842,120842,firstpricedate,1986-01-01,1997-12-31
PCLE,122584,122584,firstpricedate,1994-11-08,1997-12-31
TSICQ,122793,122793,firstpricedate,1997-10-29,1997-12-31
TERA,116115,116115,firstpricedate,1986-01-01,1997-12-31
AII1,119665,119665,firstpricedate,1986-06-25,1997-12-31
CUNO,124071,124071,firstpricedate,1996-09-09,1997-12-31
MANC,123087,123087,firstpricedate,1996-11-26,1997-12-31
AHIZQ,123344,123344,firstpricedate,1993-09-29,1997-12-31
EKT,121717,121717,firstpricedate,1994-12-05,1997-12-31
WHXCQ,114828,114828,firstpricedate,1986-01-01,1997-12-31
PHYX,124064,124064,firstpricedate,1996-04-30,1997-12-31
WWCA,123079,123079,firstpricedate,1996-05-23,1997-12-31
TTN,123616,123616,firstpricedate,1986-01-01,1997-12-31
MSSN,123070,123070,firstpricedate,1986-01-01,1997-12-31
TKTX,123474,123474,firstpricedate,1996-10-17,1997-12-31
RDOC,114699,114699,firstpricedate,1996-11-21,1997-12-31
NWRZ,120644,120644,firstpricedate,1989-06-29,1997-12-31
PURW,123264,123264,firstpricedate,1986-01-01,1997-12-31
TOY,197132,197132,firstpricedate,1986-01-01,1997-12-31
ASBN,113618,113618,firstpricedate,1995-05-12,1997-12-31
DVID,116225,116225,firstpricedate,1996-05-09,1997-12-31
GOSHA,116117,116117,firstpricedate,1986-01-01,1997-12-31
CRXA,124072,124072,firstpricedate,1997-10-02,1997-12-31
VIRGY,114933,114933,firstpricedate,1997-11-14,1997-12-31
STRB,107340,107340,firstpricedate,1995-12-20,1997-12-31
CNEZF,115289,115289,firstpricedate,1993-12-20,1997-12-31
PGE,120903,120903,firstpricedate,1997-11-12,1997-12-31
TII1,110183,110183,firstpricedate,1986-01-01,1997-12-31
VRTS1,175295,175295,firstpricedate,1993-12-09,1997-12-31
WCSTF,120824,120824,firstpricedate,1994-10-25,1997-12-31
PRFS1,121695,121695,firstpricedate,1996-05-30,1997-12-31
SUMM1,122661,122661,firstpricedate,1990-03-22,1997-12-31
BCII1,124074,124074,firstpricedate,1996-05-09,1997-12-31
GLK1,123693,123693,firstpricedate,1986-01-01,1997-12-31
CVST,105202,105202,firstpricedate,1986-01-01,1997-12-31
KPP,116116,116116,firstpricedate,1990-01-15,1997-12-31
CRRP,120639,120639,firstpricedate,1993-09-30,1997-12-31
ORPH1,123785,123785,firstpricedate,1994-10-12,1997-12-31
CGW1,114991,114991,firstpricedate,1994-01-26,1997-12-31
SALDQ,123203,123203,firstpricedate,1992-12-09,1997-12-31
NIDB,104500,104500,firstpricedate,1995-06-28,1997-12-31
FITN,123329,123329,firstpricedate,1986-01-01,1997-12-31
UCOMA,121040,121040,firstpricedate,1993-08-02,1997-12-31
CCRD1,122688,122688,firstpricedate,1997-10-16,1997-12-31
MHR1,180024,180024,firstpricedate,1993-11-15,1997-12-31
CLSR,123951,123951,firstpricedate,1996-09-25,1997-12-31
CDSW,120745,120745,firstpricedate,1992-03-06,1997-12-31
HTEK,122777,122777,firstpricedate,1997-07-28,1997-12-31
GUPB,122533,122533,firstpricedate,1995-06-30,1997-12-31
BSTW,122471,122471,firstpricedate,1995-12-19,1997-12-31
CMNT,123900,123900,firstpricedate,1986-01-01,1997-12-31
EYE1,123940,123940,firstpricedate,1988-10-21,1997-12-31
BLMT1,178764,178764,firstpricedate,1994-10-19,1997-12-31
IAAI,123077,123077,firstpricedate,1991-11-20,1997-12-31
PNN.A,122633,122633,firstpricedate,1986-01-01,1997-12-31
PNN,635428,635428,firstpricedate,1996-05-23,1997-12-31
USFC1,120968,120968,firstpricedate,1992-02-13,1997-12-31
BCYRA,120735,120735,firstpricedate,1997-12-19,1997-12-31
CLAS1,120901,120901,firstpricedate,1995-12-29,1997-12-31
DJTCQ,110770,110770,firstpricedate,1995-06-07,1997-12-31
MAXF,123290,123290,firstpricedate,1996-11-12,1997-12-31
NOLD,114946,114946,firstpricedate,1986-01-01,1997-12-31
FFLC1,123068,123068,firstpricedate,1994-01-04,1997-12-31
GMLI,174164,174164,firstpricedate,1987-10-12,1997-12-31
SILI,121719,121719,firstpricedate,1986-01-01,1997-12-31
POG,123878,123878,firstpricedate,1996-05-03,1997-12-31
STW,123351,123351,firstpricedate,1986-01-01,1997-12-31
PHAR1,122715,122715,firstpricedate,1995-12-12,1997-12-31
RIGS1,105719,105719,firstpricedate,1986-01-01,1997-12-31
AORGB,121195,121195,firstpricedate,1986-01-01,1997-12-31
LRLSQ,120339,120339,firstpricedate,1996-04-15,1997-12-31
ASCL,121767,121767,firstpricedate,1986-09-24,1997-12-31
JLMCQ,105590,105590,firstpricedate,1991-03-05,1997-12-31
BYH,114966,114966,firstpricedate,1997-06-25,1997-12-31
SISI1,123233,123233,firstpricedate,1986-01-01,1997-12-31
HLYW,121688,121688,firstpricedate,1993-07-16,1997-12-31
MBG1,168613,168613,firstpricedate,1986-01-01,1997-12-31
DPMI,123261,123261,firstpricedate,1996-06-14,1997-12-31
AMPB,115054,115054,firstpricedate,1990-09-07,1997-12-31
PNFTQ,121689,121689,firstpricedate,1988-06-16,1997-12-31
KRT1,121696,121696,firstpricedate,1992-11-12,1997-12-31
MAPX,123255,123255,firstpricedate,1990-08-16,1997-12-31
QDIN,123360,123360,firstpricedate,1994-03-02,1997-12-31
ULTEQ,121870,121870,firstpricedate,1993-10-15,1997-12-31
BUNZQ,105327,105327,firstpricedate,1995-12-15,1997-12-31
AMXC,123942,123942,firstpricedate,1995-11-16,1997-12-31
AVGE1,122373,122373,firstpricedate,1993-04-19,1997-12-31
MGM1,182128,182128,firstpricedate,1997-11-13,1997-12-31
IMSAY,121718,121718,firstpricedate,1996-12-11,1997-12-31
MHM1,115108,115108,firstpricedate,1993-04-05,1997-12-31
ELMS1,123210,123210,firstpricedate,1987-04-27,1997-12-31
ESHB,116214,116214,firstpricedate,1986-01-01,1997-12-31
UFAB1,116241,116241,firstpricedate,1997-09-22,1997-12-31
TCNO,103816,103816,firstpricedate,1993-02-26,1997-12-31
RANGY,120928,120928,firstpricedate,1997-03-12,1997-12-31
TCR,122625,122625,firstpricedate,1997-04-18,1997-12-31
METG1,123092,123092,firstpricedate,1995-12-01,1997-12-31
CFSB2,122729,122729,firstpricedate,1996-05-01,1997-12-31
VNEC,122167,122167,firstpricedate,1996-10-25,1997-12-31
S1,177862,177862,firstpricedate,1986-01-01,1997-12-31
VRTL1,123355,123355,firstpricedate,1991-12-10,1997-12-31
SOL1,182274,182274,firstpricedate,1995-02-24,1997-12-31
UNEWY,120913,120913,firstpricedate,1987-08-28,1997-12-31
TMARQ,119424,119424,firstpricedate,1996-05-16,1997-12-31
AETCQ,123610,123610,firstpricedate,1991-06-06,1997-12-31
CHMD1,123046,123046,firstpricedate,1992-03-20,1997-12-31
TRVS,122869,122869,firstpricedate,1996-06-28,1997-12-31
VRC2,123337,123337,firstpricedate,1990-03-13,1997-12-31
GGNS,121775,121775,firstpricedate,1988-11-10,1997-12-31
GNRL,122292,122292,firstpricedate,1997-02-10,1997-12-31
IGLPA,121708,121708,firstpricedate,1987-02-12,1997-12-31
FSTH,123266,123266,firstpricedate,1995-04-13,1997-12-31
GREY,121850,121850,firstpricedate,1986-01-01,1997-12-31
STCR,123377,123377,firstpricedate,1993-07-21,1997-12-31
FKKY,121706,121706,firstpricedate,1995-07-10,1997-12-31
BNK2,116103,116103,firstpricedate,1986-12-04,1997-12-31
HWEN,120559,120559,firstpricedate,1996-07-02,1997-12-31
FDLB,104941,104941,firstpricedate,1994-10-31,1997-12-31
REBC,123928,123928,firstpricedate,1991-09-26,1997-12-31
SMT1,178980,178980,firstpricedate,1994-02-09,1997-12-31
NVLD,121841,121841,firstpricedate,1997-07-24,1997-12-31
RLBY,109774,109774,firstpricedate,1986-01-01,1997-12-31
ION1,123275,123275,firstpricedate,1986-01-01,1997-12-31
NSDB,120687,120687,firstpricedate,1993-08-05,1997-12-31
WEFP,114723,114723,firstpricedate,1995-04-12,1997-12-31
ENTX1,122365,122365,firstpricedate,1988-02-11,1997-12-31
DVERQ,122960,122960,firstpricedate,1997-11-21,1997-12-31
PHSB,121017,121017,firstpricedate,1997-07-10,1997-12-31
DSTR,116082,116082,firstpricedate,1995-02-14,1997-12-31
CHLN1,116408,116408,firstpricedate,1986-01-01,1997-12-31
DXT,121845,121845,firstpricedate,1986-01-01,1997-12-31
PFP1,114885,114885,firstpricedate,1996-04-15,1997-12-31
TSMA,114925,114925,firstpricedate,1995-07-28,1997-12-31
HMII,115497,115497,firstpricedate,1986-01-01,1997-12-31
LNR,121698,121698,firstpricedate,1997-10-16,1997-12-31
GTPS,574940,574940,firstpricedate,1995-06-30,1997-12-31
SMTI1,121751,121751,firstpricedate,1986-01-01,1997-12-31
OGLEQ,116114,116114,firstpricedate,1986-01-01,1997-12-31
FHCC,123373,123373,firstpricedate,1987-05-29,1997-12-31
DLI,122766,122766,firstpricedate,1986-01-01,1997-12-31
SUPC,121684,121684,firstpricedate,1996-10-10,1997-12-31
NRRD,124008,124008,firstpricedate,1986-01-01,1997-12-31
PNG1,123834,123834,firstpricedate,1993-10-28,1997-12-31
BFD1,120944,120944,firstpricedate,1995-10-24,1997-12-31
TT1,110039,110039,firstpricedate,1986-01-01,1997-12-31
OBIE,123760,123760,firstpricedate,1996-11-21,1997-12-31
ECSI,123621,123621,firstpricedate,1997-03-19,1997-12-31
ONYX1,115138,115138,firstpricedate,1995-07-13,1997-12-31
PSFT,184835,184835,firstpricedate,1992-11-19,1997-12-31
ARWM,122935,122935,firstpricedate,1996-04-03,1997-12-31
NCDI,122914,122914,firstpricedate,1992-06-05,1997-12-31
WEBC,105635,105635,firstpricedate,1994-02-08,1997-12-31
OCLR1,169786,169786,firstpricedate,1997-08-05,1997-12-31
RCN,115274,115274,firstpricedate,1991-08-09,1997-12-31
ZMBA,122156,122156,firstpricedate,1993-12-10,1997-12-31
AMFC,106569,106569,firstpricedate,1996-04-01,1997-12-31
CKFB,122682,122682,firstpricedate,1995-01-04,1997-12-31
AVE,120564,120564,firstpricedate,1993-01-26,1997-12-31
MUEL,105283,105283,firstpricedate,1993-03-30,1997-12-31
CSLI,122441,122441,firstpricedate,1986-01-01,1997-12-31
FFBZ,121110,121110,firstpricedate,1992-09-22,1997-12-31
WFI,123340,123340,firstpricedate,1993-04-23,1997-12-31
HZFS,121310,121310,firstpricedate,1995-01-24,1997-12-31
AFBC,122457,122457,firstpricedate,1997-01-02,1997-12-31
CRPP,120543,120543,firstpricedate,1994-12-16,1997-12-31
SENGQ,122374,122374,firstpricedate,1993-06-15,1997-12-31
AEN1,198818,198818,firstpricedate,1986-01-01,1997-12-31
MOND1,123818,123818,firstpricedate,1993-06-10,1997-12-31
MSPIQ,120819,120819,firstpricedate,1994-08-19,1997-12-31
RCNCQ,124002,124002,firstpricedate,1997-09-19,1997-12-31
PLRE,116049,116049,firstpricedate,1994-12-21,1997-12-31
EDEL,120890,120890,firstpricedate,1994-10-20,1997-12-31
ILXO,124019,124019,firstpricedate,1997-02-21,1997-12-31
DKEY,111627,111627,firstpricedate,1986-01-01,1997-12-31
HOMZQ,123946,123946,firstpricedate,1988-10-05,1997-12-31
CFGI,116094,116094,firstpricedate,1994-01-20,1997-12-31
SPPTQ,115154,115154,firstpricedate,1995-08-21,1997-12-31
RST1,183208,183208,firstpricedate,1996-11-13,1997-12-31
SPLN,123199,123199,firstpricedate,1997-11-13,1997-12-31
AMZ,122694,122694,firstpricedate,1991-10-24,1997-12-31
CMIN,120471,120471,firstpricedate,1995-03-10,1997-12-31
COX,183855,183855,firstpricedate,1995-01-20,1997-12-31
SVAFF,123320,123320,firstpricedate,1995-10-19,1997-12-31
FAUXQ,122276,122276,firstpricedate,1997-04-22,1997-12-31
INVN1,167940,167940,firstpricedate,1996-04-23,1997-12-31
AFCI,122707,122707,firstpricedate,1996-10-01,1997-12-31
MCH1,120860,120860,firstpricedate,1996-10-02,1997-12-31
KMLCF,120942,120942,firstpricedate,1986-10-15,1997-12-31
CRHEQ,167494,167494,firstpricedate,1988-05-11,1997-12-31
CNTV,122797,122797,firstpricedate,1997-11-10,1997-12-31
WLP1,179474,179474,firstpricedate,1993-01-28,1997-12-31
NUI,120697,120697,firstpricedate,1986-01-01,1997-12-31
DES1,640093,640093,firstpricedate,1994-07-14,1997-12-31
EQUI,116240,116240,industry,Asset Management,Credit Services
EQUI,116240,116240,firstpricedate,1992-03-20,1997-12-31
NETE1,120971,120971,firstpricedate,1989-01-19,1997-12-31
ATRX1,120754,120754,firstpricedate,1990-05-08,1997-12-31
FAOOQ,121148,121148,firstpricedate,1991-10-11,1997-12-31
GRI1,122698,122698,firstpricedate,1986-01-01,1997-12-31
ENRNQ,124095,124095,firstpricedate,1986-01-01,1997-12-31
DATC,123293,123293,firstpricedate,1992-12-10,1997-12-31
BINDQ1,122613,122613,firstpricedate,1986-01-01,1997-12-31
CKCRQ,120494,120494,firstpricedate,1994-07-07,1997-12-31
QRSI,124005,124005,firstpricedate,1993-08-05,1997-12-31
RSE1,116099,116099,firstpricedate,1986-01-01,1997-12-31
ASAL,122515,122515,firstpricedate,1990-05-07,1997-12-31
AKLMQ,123467,123467,firstpricedate,1988-06-22,1997-12-31
PMSI,124020,124020,firstpricedate,1986-01-01,1997-12-31
ELXS,113649,113649,firstpricedate,1986-01-01,1997-12-31
MMAN,123375,123375,firstpricedate,1987-03-20,1997-12-31
AMSF1,172576,172576,firstpricedate,1991-12-03,1997-12-31
SOTR,122136,122136,firstpricedate,1986-01-01,1997-12-31
FTFC,122711,122711,firstpricedate,1989-11-02,1997-12-31
CFBX,123224,123224,firstpricedate,1991-08-13,1997-12-31
ICM,116110,116110,firstpricedate,1994-12-09,1997-12-31
FFHH,122133,122133,firstpricedate,1994-10-07,1997-12-31
VFLX,123994,123994,firstpricedate,1994-06-17,1997-12-31
CRAN1,105551,105551,firstpricedate,1986-01-01,1997-12-31
PDSG,122514,122514,firstpricedate,1994-05-19,1997-12-31
RAGS,121147,121147,firstpricedate,1991-06-05,1997-12-31
PLP,110207,110207,firstpricedate,1986-06-20,1997-12-31
SWMAY,639859,639859,firstpricedate,1996-05-15,1997-12-31
NAP1,123366,123366,firstpricedate,1996-08-09,1997-12-31
ITRSB,633894,633894,firstpricedate,1986-01-01,1997-12-31
PDQ1,122913,122913,firstpricedate,1986-01-01,1997-12-31
SPZN,123973,123973,firstpricedate,1992-01-24,1997-12-31
WNNB,121158,121158,firstpricedate,1997-01-07,1997-12-31
CNJ,124022,124022,firstpricedate,1994-04-12,1997-12-31
CMPC,122706,122706,firstpricedate,1986-01-01,1997-12-31
WSBI,122734,122734,firstpricedate,1997-12-23,1997-12-31
SUBI,122866,122866,firstpricedate,1993-04-01,1997-12-31
NCF,122997,122997,firstpricedate,1986-01-01,1997-12-31
GPT1,183710,183710,firstpricedate,1994-01-28,1997-12-31
EVG1,179008,179008,firstpricedate,1986-01-01,1997-12-31
PROI,120739,120739,firstpricedate,1986-01-01,1997-12-31
EATS1,120831,120831,firstpricedate,1986-08-13,1997-12-31
CNVT,105561,105561,firstpricedate,1995-09-20,1997-12-31
THDOQ,122523,122523,firstpricedate,1993-05-04,1997-12-31
KIDD,123929,123929,firstpricedate,1986-01-01,1997-12-31
CBBI,121205,121205,firstpricedate,1993-03-05,1997-12-31
ONPRQ,120729,120729,firstpricedate,1987-05-19,1997-12-31
ETCIA,638790,638790,firstpricedate,1995-01-03,1997-12-31
BOYD1,120817,120817,firstpricedate,1994-05-10,1997-12-31
NMED1,120758,120758,firstpricedate,1992-04-13,1997-12-31
ESCI,120770,120770,firstpricedate,1986-01-01,1997-12-31
FTUSQ,123579,123579,firstpricedate,1987-09-10,1997-12-31
RVFD,122516,122516,firstpricedate,1995-03-07,1997-12-31
PHOC,120701,120701,firstpricedate,1993-02-17,1997-12-31
QCBC,116206,116206,firstpricedate,1993-12-30,1997-12-31
BHAG,120995,120995,firstpricedate,1986-11-06,1997-12-31
CF1,177294,177294,firstpricedate,1988-01-22,1997-12-31
WOFC,123371,123371,firstpricedate,1994-07-29,1997-12-31
SIGC,121848,121848,firstpricedate,1996-11-05,1997-12-31
MAL,120708,120708,firstpricedate,1994-06-17,1997-12-31
ROSS1,120991,120991,firstpricedate,1991-04-26,1997-12-31
HCBB,123350,123350,firstpricedate,1997-05-07,1997-12-31
ELSF,122532,122532,firstpricedate,1997-05-09,1997-12-31
WIKSQ,120857,120857,firstpricedate,1993-10-15,1997-12-31
USON,186145,186145,firstpricedate,1995-06-13,1997-12-31
SPOT1,123969,123969,firstpricedate,1995-09-22,1997-12-31
AESP1,121211,121211,firstpricedate,1997-02-13,1997-12-31
CIMA,123257,123257,firstpricedate,1994-07-29,1997-12-31
GWRX,120990,120990,firstpricedate,1994-06-23,1997-12-31
CJML,114272,114272,firstpricedate,1991-10-28,1997-12-31
JOL,123187,123187,firstpricedate,1986-10-08,1997-12-31
WNMLA,104441,104441,firstpricedate,1986-01-01,1997-12-31
NBSI1,120868,120868,firstpricedate,1993-12-21,1997-12-31
KTR,170297,170297,firstpricedate,1993-11-03,1997-12-31
AOT,116074,116074,firstpricedate,1992-05-08,1997-12-31
ALCD,123204,123204,firstpricedate,1986-01-01,1997-12-31
XICO,122845,122845,firstpricedate,1986-01-01,1997-12-31
OHP,122794,122794,firstpricedate,1991-08-07,1997-12-31
PENG1,124017,124017,firstpricedate,1986-01-01,1997-12-31
LARS,123182,123182,firstpricedate,1996-12-19,1997-12-31
ALRC,123583,123583,firstpricedate,1994-05-03,1997-12-31
PLX1,120748,120748,firstpricedate,1986-01-01,1997-12-31
DTIIQ,122819,122819,firstpricedate,1994-04-15,1997-12-31
GSOF,124014,124014,firstpricedate,1986-01-01,1997-12-31
LSMM,120946,120946,firstpricedate,1997-11-26,1997-12-31
EQTY1,122948,122948,firstpricedate,1986-01-01,1997-12-31
HRY,123215,123215,firstpricedate,1990-11-02,1997-12-31
FCB1,122456,122456,firstpricedate,1996-03-28,1997-12-31
TROV1,121184,121184,firstpricedate,1997-05-22,1997-12-31
LOGN,106435,106435,firstpricedate,1995-06-14,1997-12-31
BWC1,123259,123259,firstpricedate,1993-10-01,1997-12-31
FSLA,123589,123589,firstpricedate,1992-07-10,1997-12-31
BSBN,123194,123194,firstpricedate,1986-01-01,1997-12-31
STGCQ,121938,121938,firstpricedate,1997-10-09,1997-12-31
TWSTY,103890,103890,firstpricedate,1994-11-22,1997-12-31
ITGR1,122405,122405,firstpricedate,1994-07-01,1997-12-31
LITE1,122984,122984,firstpricedate,1997-10-16,1997-12-31
KROL,121212,121212,firstpricedate,1996-11-13,1997-12-31
MAXS,123999,123999,firstpricedate,1994-05-12,1997-12-31
MNPQC,120929,120929,firstpricedate,1995-06-23,1997-12-31
SFGH,122859,122859,firstpricedate,1986-01-01,1997-12-31
VANS,124012,124012,firstpricedate,1991-08-23,1997-12-31
UPC1,120684,120684,firstpricedate,1986-01-01,1997-12-31
ONE1,120541,120541,firstpricedate,1986-01-01,1997-12-31
SECD1,122771,122771,firstpricedate,1990-06-15,1997-12-31
PFGI,120540,120540,firstpricedate,1986-01-01,1997-12-31
MRNTY,114908,114908,firstpricedate,1992-05-27,1997-12-31
FIBR1,123106,123106,firstpricedate,1987-06-03,1997-12-31
AICOQ,120737,120737,firstpricedate,1986-01-01,1997-12-31
HIBNY,115310,115310,firstpricedate,1993-04-19,1997-12-31
HMKF,168686,168686,firstpricedate,1997-04-02,1997-12-31
WZR,122831,122831,firstpricedate,1986-01-01,1997-12-31
UNI,120749,120749,firstpricedate,1990-03-26,1997-12-31
TBA2,123282,123282,firstpricedate,1994-02-16,1997-12-31
DVIXQ,123219,123219,firstpricedate,1987-03-10,1997-12-31
AMI,173466,173466,firstpricedate,1989-03-28,1997-12-31
NEB,122640,122640,firstpricedate,1986-01-01,1997-12-31
BMMI,122919,122919,firstpricedate,1986-01-01,1997-12-31
ISKO,121173,121173,firstpricedate,1986-01-01,1997-12-31
BONZ1,123318,123318,firstpricedate,1993-12-21,1997-12-31
IMC1,120773,120773,firstpricedate,1986-01-01,1997-12-31
EPRE1,123899,123899,firstpricedate,1992-08-07,1997-12-31
GUCG,123592,123592,firstpricedate,1995-10-24,1997-12-31
CASL1,123750,123750,firstpricedate,1997-09-12,1997-12-31
CCMTF,111001,111001,firstpricedate,1994-09-13,1997-12-31
KLMR,114921,114921,firstpricedate,1987-11-06,1997-12-31
SYLN,123947,123947,firstpricedate,1990-08-21,1997-12-31
PBIX1,122370,122370,firstpricedate,1995-12-04,1997-12-31
HAKI,123310,123310,firstpricedate,1997-08-05,1997-12-31
CEXP,123265,123265,firstpricedate,1987-02-26,1997-12-31
HTHR,116095,116095,firstpricedate,1986-01-01,1997-12-31
MNYG,114213,114213,firstpricedate,1996-12-04,1997-12-31
HYBD,122879,122879,firstpricedate,1986-01-01,1997-12-31
BARZ1,122379,122379,firstpricedate,1991-10-01,1997-12-31
CSAOY,120763,120763,firstpricedate,1994-10-14,1997-12-31
FBCP,123349,123349,firstpricedate,1986-02-06,1997-12-31
OPTK,120932,120932,firstpricedate,1996-07-26,1997-12-31
SMCS,122138,122138,firstpricedate,1991-05-16,1997-12-31
FSFF,122939,122939,firstpricedate,1997-10-31,1997-12-31
GAF1,123749,123749,firstpricedate,1996-03-26,1997-12-31
TBI1,175790,175790,firstpricedate,1986-01-01,1997-12-31
CDURQ,103586,103586,firstpricedate,1994-07-15,1997-12-31
LIBHB,635423,635423,firstpricedate,1986-01-01,1997-12-31
LIBHA,104825,104825,firstpricedate,1986-01-01,1997-12-31
ITN,123028,123028,firstpricedate,1987-01-02,1997-12-31
ACNAQ,120634,120634,firstpricedate,1995-11-16,1997-12-31
GSE1,120954,120954,firstpricedate,1986-12-23,1997-12-31
CLWY,110986,110986,firstpricedate,1991-06-26,1997-12-31
GADZQ,123445,123445,firstpricedate,1995-10-06,1997-12-31
FAB1,121146,121146,firstpricedate,1997-01-15,1997-12-31
NEV1,123689,123689,firstpricedate,1990-07-10,1997-12-31
USLQ,123753,123753,firstpricedate,1997-08-20,1997-12-31
CBSA1,122824,122824,firstpricedate,1992-03-25,1997-12-31
ESA1,120576,120576,firstpricedate,1995-12-14,1997-12-31
RJI1,171414,171414,firstpricedate,1986-12-19,1997-12-31
EXDTQ,635339,635339,firstpricedate,1993-10-29,1997-12-31
LTFD,107734,107734,firstpricedate,1994-12-15,1997-12-31
OWOS,122888,122888,firstpricedate,1994-10-25,1997-12-31
AMSY,123369,123369,firstpricedate,1986-01-01,1997-12-31
GSLC1,120472,120472,firstpricedate,1995-06-29,1997-12-31
CCBT,120955,120955,firstpricedate,1986-01-01,1997-12-31
SFFB,120891,120891,firstpricedate,1993-12-14,1997-12-31
ABBK,122511,122511,firstpricedate,1986-06-10,1997-12-31
BBR,122915,122915,firstpricedate,1986-01-01,1997-12-31
CPSJY,120611,120611,firstpricedate,1997-07-14,1997-12-31
GL1,122651,122651,firstpricedate,1997-05-08,1997-12-31
SKBO1,122366,122366,firstpricedate,1997-04-04,1997-12-31
GMIL,123188,123188,firstpricedate,1986-01-01,1997-12-31
ASL,114929,114929,firstpricedate,1996-02-22,1997-12-31
FNBCE,120761,120761,firstpricedate,1997-01-02,1997-12-31
EGLE1,123604,123604,firstpricedate,1989-07-28,1997-12-31
CHST,114947,114947,firstpricedate,1997-07-23,1997-12-31
MSBF1,123183,123183,firstpricedate,1995-02-06,1997-12-31
SATH,120919,120919,firstpricedate,1995-06-09,1997-12-31
SCAI1,181270,181270,firstpricedate,1996-11-14,1997-12-31
TVCE,122784,122784,firstpricedate,1996-05-14,1997-12-31
REPB,123253,123253,firstpricedate,1993-12-29,1997-12-31
SIB,121100,121100,firstpricedate,1997-12-22,1997-12-31
PFAE,105142,105142,firstpricedate,1995-03-13,1997-12-31
FBAY,123571,123571,firstpricedate,1993-10-13,1997-12-31
ALLE1,116353,116353,firstpricedate,1995-09-29,1997-12-31
SDON,109504,109504,firstpricedate,1994-11-01,1997-12-31
AHM2,114913,114913,firstpricedate,1997-11-05,1997-12-31
CDEN,123965,123965,firstpricedate,1997-02-11,1997-12-31
JLMI,123363,123363,firstpricedate,1997-07-24,1997-12-31
RMHT,123343,123343,firstpricedate,1996-09-19,1997-12-31
NVDM,124011,124011,firstpricedate,1995-07-14,1997-12-31
ANE1,123220,123220,firstpricedate,1986-12-19,1997-12-31
MMD1,123359,123359,firstpricedate,1986-01-01,1997-12-31
FBF,176376,176376,firstpricedate,1986-01-01,1997-12-31
DZTKQ,120866,120866,firstpricedate,1995-01-27,1997-12-31
RBKV,122916,122916,firstpricedate,1996-04-12,1997-12-31
DL1,183932,183932,firstpricedate,1996-08-05,1997-12-31
ELCO,116164,116164,firstpricedate,1995-12-21,1997-12-31
ADVP,122905,122905,firstpricedate,1996-10-08,1997-12-31
CRGR,114757,114757,firstpricedate,1996-12-18,1997-12-31
WRDP,123608,123608,firstpricedate,1997-06-17,1997-12-31
RNBO,122990,122990,firstpricedate,1987-09-11,1997-12-31
BDGPA,122134,122134,firstpricedate,1994-08-18,1997-12-31
GBIXQ,116367,116367,firstpricedate,1996-01-26,1997-12-31
LTUS1,122563,122563,firstpricedate,1995-05-17,1997-12-31
SFFC,116150,116150,firstpricedate,1994-01-06,1997-12-31
PCCI,123756,123756,firstpricedate,1993-12-23,1997-12-31
SCBI,123332,123332,firstpricedate,1996-02-15,1997-12-31
LVMUY,121321,121321,firstpricedate,1987-10-23,1997-12-31
TNTX,123931,123931,firstpricedate,1994-11-08,1997-12-31
PVST,120848,120848,firstpricedate,1995-05-19,1997-12-31
WTBK,123269,123269,firstpricedate,1986-08-27,1997-12-31
OAOT,122604,122604,firstpricedate,1997-10-22,1997-12-31
TDP,114900,114900,firstpricedate,1996-07-03,1997-12-31
MWI,120844,120844,firstpricedate,1986-01-01,1997-12-31
CE1,123484,123484,firstpricedate,1986-01-01,1997-12-31
PMC1,123033,123033,firstpricedate,1986-01-01,1997-12-31
TESI,122566,122566,firstpricedate,1994-04-05,1997-12-31
ONSS,123280,123280,firstpricedate,1996-08-19,1997-12-31
AVDO,122479,122479,firstpricedate,1991-11-21,1997-12-31
AIA1,123837,123837,firstpricedate,1986-01-01,1997-12-31
MEDSE,123283,123283,firstpricedate,1989-04-03,1997-12-31
ONTC,124003,124003,firstpricedate,1995-08-01,1997-12-31
AIK,121215,121215,firstpricedate,1994-01-18,1997-12-31
IGEN1,123353,123353,firstpricedate,1994-02-03,1997-12-31
AIJ,120953,120953,firstpricedate,1994-01-18,1997-12-31
DENHY,120622,120622,firstpricedate,1997-08-08,1997-12-31
HCBC,120562,120562,firstpricedate,1997-12-11,1997-12-31
SCTC1,120467,120467,firstpricedate,1986-01-01,1997-12-31
MME,122547,122547,firstpricedate,1990-03-07,1997-12-31
CRTO1,123645,123645,firstpricedate,1987-04-28,1997-12-31
FESX,123002,123002,firstpricedate,1987-08-04,1997-12-31
BREL,121170,121170,firstpricedate,1997-07-29,1997-12-31
MTGNY,116405,116405,firstpricedate,1997-09-30,1997-12-31
REPTQ,122828,122828,firstpricedate,1994-03-29,1997-12-31
PFNC,120504,120504,firstpricedate,1986-01-01,1997-12-31
PEX2,120778,120778,firstpricedate,1993-10-29,1997-12-31
MDA2,120966,120966,firstpricedate,1994-08-03,1997-12-31
ASPXQ,122842,122842,firstpricedate,1993-05-12,1997-12-31
UXP,121131,121131,firstpricedate,1993-04-01,1997-12-31
STAT,123191,123191,firstpricedate,1992-02-26,1997-12-31
SAFE1,120772,120772,firstpricedate,1987-02-26,1997-12-31
NCEB,120992,120992,firstpricedate,1990-08-02,1997-12-31
NHL,120771,120771,firstpricedate,1986-01-01,1997-12-31
RHT1,123698,123698,firstpricedate,1986-11-20,1997-12-31
DTAGY,122704,122704,firstpricedate,1996-12-31,1997-12-31
FUSA,122953,122953,firstpricedate,1994-08-12,1997-12-31
SCRI1,123968,123968,firstpricedate,1990-06-05,1997-12-31
TWKGQ,120537,120537,firstpricedate,1986-06-18,1997-12-31
NERAY,114270,114270,firstpricedate,1995-06-28,1997-12-31
SEHI,116160,116160,firstpricedate,1993-03-15,1997-12-31
HDR,116167,116167,firstpricedate,1986-01-01,1997-12-31
ACRTQ,116233,116233,industry,Asset Management,Credit Services
ACRTQ,116233,116233,firstpricedate,1990-12-14,1997-12-31
METHB,635342,635342,firstpricedate,1986-01-01,1997-12-31
IMAG,122895,122895,firstpricedate,1997-12-04,1997-12-31
SRNN,574781,574781,firstpricedate,1995-10-05,1997-12-31
CIBN1,121149,121149,firstpricedate,1996-05-30,1997-12-31
LSR1,122855,122855,firstpricedate,1993-02-17,1997-12-31
ASV1,116382,116382,firstpricedate,1991-08-06,1997-12-31
KFBI,122237,122237,firstpricedate,1995-10-05,1997-12-31
UNBJ,122231,122231,firstpricedate,1986-01-01,1997-12-31
RDRTQ,122233,122233,firstpricedate,1991-10-18,1997-12-31
JXVL,122761,122761,firstpricedate,1994-05-17,1997-12-31
COSOE,120948,120948,firstpricedate,1996-06-06,1997-12-31
COVB,122232,122232,firstpricedate,1992-07-01,1997-12-31
MILT,123976,123976,firstpricedate,1986-01-01,1997-12-31
FARL,123574,123574,firstpricedate,1992-01-17,1997-12-31
WWRL,104429,104429,firstpricedate,1996-10-08,1997-12-31
RGIDQ,122644,122644,firstpricedate,1994-03-29,1997-12-31
GMH,631686,631686,firstpricedate,1986-01-01,1997-12-31
GGUY,124084,124084,firstpricedate,1986-02-06,1997-12-31
RWAV,121015,121015,firstpricedate,1996-11-22,1997-12-31
TMOSQ,116228,116228,firstpricedate,1996-12-11,1997-12-31
DCTM,123902,123902,firstpricedate,1996-02-06,1997-12-31
IRIC,123953,123953,firstpricedate,1986-01-01,1997-12-31
ROAD1,124086,124086,firstpricedate,1996-01-02,1997-12-31
PICZQ,183110,183110,firstpricedate,1990-03-27,1997-12-31
XTRM1,122371,122371,firstpricedate,1997-11-26,1997-12-31
ADLTQ,123459,123459,firstpricedate,1995-12-12,1997-12-31
SMU1,122499,122499,firstpricedate,1992-04-13,1997-12-31
PTCHF,123998,123998,firstpricedate,1986-01-01,1997-12-31
ST1,123842,123842,firstpricedate,1986-01-01,1997-12-31
OMX1,122402,122402,firstpricedate,1994-11-02,1997-12-31
ONCO1,123916,123916,firstpricedate,1996-10-11,1997-12-31
AXM,122928,122928,firstpricedate,1997-12-04,1997-12-31
BCTI,123009,123009,firstpricedate,1986-01-01,1997-12-31
STFR,120986,120986,firstpricedate,1993-06-21,1997-12-31
SPSIQ,120759,120759,firstpricedate,1996-05-15,1997-12-31
CPHJ,123979,123979,firstpricedate,1987-09-18,1997-12-31
PHFC,123575,123575,firstpricedate,1996-04-01,1997-12-31
ROHN,121118,121118,firstpricedate,1986-01-01,1997-12-31
BGRH,120711,120711,firstpricedate,1986-01-01,1997-12-31
AMIIQ,121162,121162,firstpricedate,1986-08-26,1997-12-31
MDEA,105671,105671,firstpricedate,1986-01-01,1997-12-31
PEHYY,120480,120480,firstpricedate,1995-12-18,1997-12-31
FLMIQ,123303,123303,firstpricedate,1986-01-01,1997-12-31
CWN,120918,120918,firstpricedate,1993-08-10,1997-12-31
LUME,116369,116369,firstpricedate,1996-01-26,1997-12-31
VIZY,116211,116211,firstpricedate,1995-12-07,1997-12-31
TCGI,120696,120696,firstpricedate,1991-09-04,1997-12-31
BGEN,121051,121051,firstpricedate,1986-01-01,1997-12-31
CRZY,575632,575632,firstpricedate,1996-03-29,1997-12-31
KYF,122778,122778,firstpricedate,1995-08-29,1997-12-31
ACV.A,636092,636092,firstpricedate,1986-05-01,1997-12-31
JAS.A,633105,633105,firstpricedate,1986-01-01,1997-12-31
WLHN,121185,121185,firstpricedate,1986-01-01,1997-12-31
SOSS,105716,105716,firstpricedate,1995-06-28,1997-12-31
PNWB,122968,122968,firstpricedate,1991-07-12,1997-12-31
RSLN,122642,122642,firstpricedate,1997-01-13,1997-12-31
FTCG,120685,120685,firstpricedate,1993-09-03,1997-12-31
DWYR,116186,116186,firstpricedate,1986-09-23,1997-12-31
DTRX,114832,114832,firstpricedate,1990-03-28,1997-12-31
LPAC,122444,122444,firstpricedate,1991-08-14,1997-12-31
OTFC,120841,120841,firstpricedate,1997-10-06,1997-12-31
KPG,120837,120837,firstpricedate,1997-07-30,1997-12-31
TGSI,123335,123335,firstpricedate,1994-08-01,1997-12-31
AGAM1,122899,122899,firstpricedate,1993-10-27,1997-12-31
MTATQ,122562,122562,firstpricedate,1991-06-12,1997-12-31
TKSS,122567,122567,firstpricedate,1994-07-20,1997-12-31
MCCL,121331,121331,firstpricedate,1986-01-01,1997-12-31
FLSCQ,122293,122293,firstpricedate,1994-11-15,1997-12-31
MADGQ,122334,122334,firstpricedate,1993-08-05,1997-12-31
LGTO1,122234,122234,firstpricedate,1995-07-06,1997-12-31
GBCB,121116,121116,firstpricedate,1987-11-25,1997-12-31
CPJ,120921,120921,firstpricedate,1993-11-17,1997-12-31
ALU1,121062,121062,firstpricedate,1989-07-12,1997-12-31
LOCK1,122140,122140,firstpricedate,1993-06-23,1997-12-31
SBLUQ,120647,120647,firstpricedate,1993-03-05,1997-12-31
YORK1,120119,120119,firstpricedate,1986-01-01,1997-12-31
ECC1,122623,122623,firstpricedate,1986-01-01,1997-12-31
RCSFY,120503,120503,firstpricedate,1993-05-27,1997-12-31
AGD1,121036,121036,firstpricedate,1996-04-17,1997-12-31
KTMC,122518,122518,firstpricedate,1992-03-17,1997-12-31
CHRHY,115050,115050,firstpricedate,1996-11-19,1997-12-31
ROMN,122646,122646,firstpricedate,1996-10-01,1997-12-31
MRR,121047,121047,firstpricedate,1986-01-01,1997-12-31
FNIS,115453,115453,firstpricedate,1993-12-07,1997-12-31
DMIF,121143,121143,firstpricedate,1986-01-01,1997-12-31
QTRN,120699,120699,firstpricedate,1994-04-21,1997-12-31
WSPTQ,123306,123306,firstpricedate,1993-08-02,1997-12-31
VBR1,121086,121086,firstpricedate,1991-06-27,1997-12-31
MCLN1,122443,122443,firstpricedate,1997-06-30,1997-12-31
HSP1,123692,123692,firstpricedate,1994-07-27,1997-12-31
PRCM,123383,123383,firstpricedate,1996-12-18,1997-12-31
TMBS,122668,122668,firstpricedate,1986-01-01,1997-12-31
ILI1,123576,123576,firstpricedate,1994-04-14,1997-12-31
MOYC,116112,116112,firstpricedate,1994-04-06,1997-12-31
RWDT,122639,122639,firstpricedate,1997-06-19,1997-12-31
SANG1,122867,122867,firstpricedate,1993-12-14,1997-12-31
NTHWQ,113651,113651,firstpricedate,1986-01-01,1997-12-31
MCTR1,123757,123757,firstpricedate,1997-07-02,1997-12-31
TAM2,114245,114245,firstpricedate,1986-01-01,1997-12-31
CTCOB,635444,635444,firstpricedate,1986-04-29,1997-12-31
CORL,116024,116024,firstpricedate,1992-10-22,1997-12-31
FBBC,122823,122823,firstpricedate,1995-06-29,1997-12-31
JDEC,123774,123774,firstpricedate,1997-09-24,1997-12-31
NAUT1,123775,123775,firstpricedate,1986-01-01,1997-12-31
AHLS,116047,116047,firstpricedate,1997-03-31,1997-12-31
DCRN1,122676,122676,firstpricedate,1996-08-12,1997-12-31
ENGEF,121034,121034,firstpricedate,1997-10-01,1997-12-31
GRKA,120873,120873,firstpricedate,1993-03-03,1997-12-31
PHLI,107929,107929,firstpricedate,1997-12-19,1997-12-31
ABF,122225,122225,firstpricedate,1986-01-01,1997-12-31
NSTLQ,123987,123987,firstpricedate,1993-03-24,1997-12-31
CSRE1,122517,122517,firstpricedate,1986-01-01,1997-12-31
DCSR,123319,123319,firstpricedate,1993-02-19,1997-12-31
FMBN,122236,122236,firstpricedate,1992-03-03,1997-12-31
DSIT,122910,122910,firstpricedate,1997-05-29,1997-12-31
OAKT,122956,122956,firstpricedate,1995-02-14,1997-12-31
MTMS,122395,122395,firstpricedate,1997-12-18,1997-12-31
CMH,120835,120835,firstpricedate,1986-01-01,1997-12-31
TSA1,122955,122955,firstpricedate,1994-11-18,1997-12-31
TNOLF,114238,114238,firstpricedate,1991-08-07,1997-12-31
BFSB1,122466,122466,firstpricedate,1994-08-22,1997-12-31
CVAS1,123935,123935,firstpricedate,1992-01-30,1997-12-31
DRHA,114976,114976,firstpricedate,1986-01-01,1997-12-31
FBCI,122229,122229,firstpricedate,1993-12-15,1997-12-31
CMED1,121016,121016,firstpricedate,1986-01-01,1997-12-31
TNRA,122927,122927,firstpricedate,1986-01-01,1997-12-31
UPK,122677,122677,firstpricedate,1986-01-01,1997-12-31
SAESY,121038,121038,firstpricedate,1996-05-23,1997-12-31
ALN1,122681,122681,firstpricedate,1986-01-01,1997-12-31
ETRXQ,123013,123013,firstpricedate,1996-05-15,1997-12-31
RFS,122864,122864,firstpricedate,1993-08-06,1997-12-31
ATL,123833,123833,firstpricedate,1986-06-10,1997-12-31
LVC,122401,122401,firstpricedate,1987-08-14,1997-12-31
FVB,122714,122714,firstpricedate,1986-01-01,1997-12-31
WIX1,121067,121067,firstpricedate,1986-01-01,1997-12-31
RYOU,120849,120849,firstpricedate,1986-01-01,1997-12-31
OSTX1,122856,122856,firstpricedate,1995-01-25,1997-12-31
RBOT1,122412,122412,firstpricedate,1997-08-12,1997-12-31
HWCR,122852,122852,firstpricedate,1995-02-14,1997-12-31
ACTV1,120715,120715,firstpricedate,1990-05-04,1997-12-31
LESR,121068,121068,firstpricedate,1991-02-06,1997-12-31
BTEK1,123594,123594,firstpricedate,1986-01-01,1997-12-31
MBBC1,121203,121203,firstpricedate,1995-02-15,1997-12-31
INMRY,122224,122224,firstpricedate,1986-01-01,1997-12-31
PSTFY,120869,120869,firstpricedate,1996-08-07,1997-12-31
ALPH,122554,122554,firstpricedate,1996-03-21,1997-12-31
PDMI,105210,105210,firstpricedate,1996-07-22,1997-12-31
ETZLF,115253,115253,firstpricedate,1986-01-01,1997-12-31
EBTN,121869,121869,firstpricedate,1994-03-01,1997-12-31
EKC,115250,115250,firstpricedate,1993-06-30,1997-12-31
PRBZ,123007,123007,firstpricedate,1997-09-19,1997-12-31
JUDG,121109,121109,firstpricedate,1997-02-14,1997-12-31
APBL,122226,122226,firstpricedate,1993-11-19,1997-12-31
NSI1,121144,121144,firstpricedate,1986-01-01,1997-12-31
TTEN,123886,123886,firstpricedate,1995-09-29,1997-12-31
RDO.A,121097,121097,firstpricedate,1997-01-24,1997-12-31
SFFPQ,120486,120486,firstpricedate,1993-04-05,1997-12-31
IYCOY,114237,114237,firstpricedate,1986-01-01,1997-12-31
STCO1,121010,121010,firstpricedate,1993-05-28,1997-12-31
MAIY,120756,120756,firstpricedate,1995-08-29,1997-12-31
ETZ.A,635417,635417,firstpricedate,1991-11-29,1997-12-31
SELB1,122423,122423,firstpricedate,1995-07-13,1997-12-31
TFCE,122708,122708,industry,Asset Management,Credit Services
TFCE,122708,122708,firstpricedate,1993-12-23,1997-12-31
CNBA,106374,106374,firstpricedate,1996-11-05,1997-12-31
WCS,122227,122227,firstpricedate,1986-01-01,1997-12-31
ALLP,121190,121190,firstpricedate,1986-01-01,1997-12-31
ELTE,123875,123875,firstpricedate,1992-06-16,1997-12-31
EACO,109607,109607,firstpricedate,1990-03-26,1997-12-31
IBHVF,115299,115299,firstpricedate,1997-11-21,1997-12-31
ZMX,120595,120595,firstpricedate,1986-01-01,1997-12-31
PB1,120956,120956,firstpricedate,1993-09-22,1997-12-31
FGHC,122367,122367,firstpricedate,1987-02-11,1997-12-31
KARE,123869,123869,firstpricedate,1993-10-12,1997-12-31
METF,122431,122431,firstpricedate,1996-10-29,1997-12-31
BVB,121042,121042,firstpricedate,1996-12-20,1997-12-31
PRED1,116085,116085,firstpricedate,1997-12-12,1997-12-31
SCIO1,114939,114939,firstpricedate,1986-01-01,1997-12-31
LRST,121048,121048,firstpricedate,1991-11-14,1997-12-31
FBCE,105323,105323,firstpricedate,1995-07-25,1997-12-31
OEI2,122238,122238,firstpricedate,1986-01-01,1997-12-31
MCSIQ,123939,123939,firstpricedate,1996-11-12,1997-12-31
FFSL,122344,122344,firstpricedate,1993-10-07,1997-12-31
AICIQ,119820,119820,firstpricedate,1986-01-01,1997-12-31
RAM1,122483,122483,firstpricedate,1991-08-07,1997-12-31
SRS1,122235,122235,firstpricedate,1995-10-18,1997-12-31
RCOTQ,122779,122779,firstpricedate,1986-01-01,1997-12-31
DATX,123278,123278,firstpricedate,1996-12-16,1997-12-31
HYNLZ,116130,116130,firstpricedate,1986-12-04,1997-12-31
PHA,116534,116534,firstpricedate,1986-01-01,1997-12-31
KEST,121004,121004,firstpricedate,1992-06-24,1997-12-31
EMLTF,115290,115290,firstpricedate,1994-05-03,1997-12-31
GISH,122555,122555,firstpricedate,1986-01-01,1997-12-31
ENVG,122841,122841,firstpricedate,1992-08-11,1997-12-31
UNRMY,116403,116403,firstpricedate,1997-05-12,1997-12-31
UAWGQ,113464,113464,firstpricedate,1986-01-01,1997-12-31
UBIX,122655,122655,firstpricedate,1997-10-30,1997-12-31
DOL1,120630,120630,firstpricedate,1986-01-01,1997-12-31
HI1,122804,122804,firstpricedate,1986-01-01,1997-12-31
PATH1,120897,120897,firstpricedate,1997-10-22,1997-12-31
TCAHQ,123619,123619,firstpricedate,1986-01-01,1997-12-31
RAWL,123926,123926,firstpricedate,1994-06-30,1997-12-31
AER1,122420,122420,firstpricedate,1997-10-10,1997-12-31
ATMS1,116051,116051,firstpricedate,1989-03-03,1997-12-31
KMMN,115451,115451,firstpricedate,1987-05-19,1997-12-31
LXMO,122700,122700,firstpricedate,1996-06-06,1997-12-31
HTEI,122920,122920,firstpricedate,1997-06-11,1997-12-31
EQSB,115042,115042,firstpricedate,1994-03-16,1997-12-31
JDN,122616,122616,firstpricedate,1994-03-22,1997-12-31
BDLSQ,121099,121099,firstpricedate,1992-11-25,1997-12-31
GWLKQ,116048,116048,firstpricedate,1997-12-16,1997-12-31
NTLO,121070,121070,firstpricedate,1994-06-23,1997-12-31
BTRNQ,120945,120945,firstpricedate,1996-05-08,1997-12-31
BINX,122893,122893,firstpricedate,1997-04-25,1997-12-31
MADB,116389,116389,firstpricedate,1993-03-25,1997-12-31
PECN,122417,122417,firstpricedate,1997-01-29,1997-12-31
SNAP1,121054,121054,firstpricedate,1995-12-14,1997-12-31
CXIA,104109,104109,firstpricedate,1996-06-28,1997-12-31
HWD.A,120628,120628,firstpricedate,1993-05-28,1997-12-31
ANA,122792,122792,firstpricedate,1996-07-16,1997-12-31
HMGN,107736,107736,firstpricedate,1993-02-04,1997-12-31
GSBI,123019,123019,firstpricedate,1986-08-19,1997-12-31
ISP1,122806,122806,firstpricedate,1991-06-25,1997-12-31
EFBC,120717,120717,firstpricedate,1997-01-27,1997-12-31
MTRM,121145,121145,firstpricedate,1986-01-01,1997-12-31
STMIQ,122488,122488,firstpricedate,1992-03-25,1997-12-31
OSM1,121049,121049,firstpricedate,1986-01-01,1997-12-31
SPGLQ,122993,122993,firstpricedate,1987-10-06,1997-12-31
MDDS,122925,122925,firstpricedate,1997-07-18,1997-12-31
SRSK,122392,122392,firstpricedate,1986-01-01,1997-12-31
ORCG,114999,114999,firstpricedate,1996-02-05,1997-12-31
RVEE,120492,120492,firstpricedate,1987-10-27,1997-12-31
RATL,123637,123637,firstpricedate,1986-01-01,1997-12-31
FSTP,122965,122965,firstpricedate,1991-03-22,1997-12-31
IRT1,122492,122492,firstpricedate,1986-01-01,1997-12-31
TRE1,110199,110199,firstpricedate,1988-12-23,1997-12-31
BIKEQ,123297,123297,firstpricedate,1994-11-16,1997-12-31
BY1,184317,184317,firstpricedate,1995-06-21,1997-12-31
TEE,120454,120454,firstpricedate,1993-08-12,1997-12-31
OHC.A,635427,635427,firstpricedate,1986-01-01,1997-12-31
OHC.B,121041,121041,firstpricedate,1986-01-01,1997-12-31
CYLK,122901,122901,firstpricedate,1996-02-16,1997-12-31
ESREF,104577,104577,firstpricedate,1997-12-12,1997-12-31
ECO1,120900,120900,firstpricedate,1986-01-01,1997-12-31
DHULZ,122389,122389,firstpricedate,1986-01-01,1997-12-31
TVX,115292,115292,firstpricedate,1991-03-08,1997-12-31
TGBR,115141,115141,firstpricedate,1986-01-01,1997-12-31
LFED,122239,122239,firstpricedate,1994-05-02,1997-12-31
VIRS1,121091,121091,firstpricedate,1996-11-01,1997-12-31
BYX,122958,122958,firstpricedate,1988-07-27,1997-12-31
ALI,122512,122512,firstpricedate,1996-08-06,1997-12-31
PXXI,122458,122458,firstpricedate,1994-03-11,1997-12-31
CMSB1,122421,122421,firstpricedate,1994-01-24,1997-12-31
DIAN,122469,122469,firstpricedate,1991-07-31,1997-12-31
COGI1,115282,115282,firstpricedate,1997-10-06,1997-12-31
CTA1,122836,122836,firstpricedate,1993-12-17,1997-12-31
FLBC,122847,122847,firstpricedate,1994-11-11,1997-12-31
ISNT,120491,120491,firstpricedate,1994-07-22,1997-12-31
COPIQ,116157,116157,firstpricedate,1997-09-09,1997-12-31
MNTE,115314,115314,firstpricedate,1997-12-08,1997-12-31
SCV.A,115315,115315,firstpricedate,1996-04-02,1997-12-31
RBBR,120485,120485,firstpricedate,1995-05-11,1997-12-31
NTLDQ,115452,115452,firstpricedate,1991-08-13,1997-12-31
ADYN,120677,120677,firstpricedate,1993-05-14,1997-12-31
BRBMF,103706,103706,firstpricedate,1992-07-23,1997-12-31
SCV.B,635679,635679,firstpricedate,1996-04-01,1997-12-31
METB,122609,122609,firstpricedate,1994-04-08,1997-12-31
KESI,122877,122877,firstpricedate,1993-09-29,1997-12-31
NTK1,120575,120575,firstpricedate,1986-01-01,1997-12-31
AWK1,122548,122548,firstpricedate,1986-01-01,1997-12-31
TCSI,122541,122541,firstpricedate,1991-07-18,1997-12-31
ORYX,575130,575130,firstpricedate,1994-04-06,1997-12-31
YSTM,120624,120624,firstpricedate,1996-04-03,1997-12-31
SCHR1,122912,122912,firstpricedate,1986-01-01,1997-12-31
MTEC1,120746,120746,firstpricedate,1986-01-01,1997-12-31
SBAS,122721,122721,firstpricedate,1996-09-04,1997-12-31
APMC1,122951,122951,firstpricedate,1995-11-15,1997-12-31
FRRG,122159,122159,firstpricedate,1996-01-30,1997-12-31
DSGR1,122964,122964,firstpricedate,1995-10-30,1997-12-31
APROZ,114978,114978,firstpricedate,1987-02-13,1997-12-31
CFCM,114941,114941,firstpricedate,1987-01-08,1997-12-31
FBA,122934,122934,firstpricedate,1986-01-01,1997-12-31
SCOR1,106541,106541,firstpricedate,1986-01-01,1997-12-31
WRNB,122490,122490,firstpricedate,1986-07-10,1997-12-31
RPIN,122303,122303,firstpricedate,1994-02-09,1997-12-31
CHEL,116042,116042,firstpricedate,1990-01-03,1997-12-31
IAIS,122658,122658,firstpricedate,1997-11-05,1997-12-31
SLTI,122875,122875,firstpricedate,1989-09-29,1997-12-31
VIBC,122432,122432,firstpricedate,1997-08-25,1997-12-31
EUOT,104188,104188,firstpricedate,1995-09-13,1997-12-31
SAE,115413,115413,firstpricedate,1997-10-02,1997-12-31
SYMBA,114986,114986,firstpricedate,1994-01-24,1997-12-31
RRRR,120972,120972,firstpricedate,1987-09-01,1997-12-31
SPCT1,122650,122650,firstpricedate,1994-08-03,1997-12-31
INFM,122808,122808,firstpricedate,1995-11-17,1997-12-31
EXLN,122183,122183,firstpricedate,1996-07-23,1997-12-31
CBES,116398,116398,firstpricedate,1996-10-01,1997-12-31
KM,120680,120680,firstpricedate,1986-01-01,1997-12-31
TIMBZ,116216,116216,firstpricedate,1997-11-17,1997-12-31
OPTS,122891,122891,firstpricedate,1992-03-04,1997-12-31
CDTS,122624,122624,firstpricedate,1993-08-05,1997-12-31
TWLB,122360,122360,firstpricedate,1996-11-15,1997-12-31
RDB,635678,635678,firstpricedate,1992-03-06,1997-12-31
HUN1,122943,122943,firstpricedate,1986-01-01,1997-12-31
IMIC,122709,122709,firstpricedate,1996-09-26,1997-12-31
UBSC,122798,122798,firstpricedate,1993-03-26,1997-12-31
TRW1,122184,122184,firstpricedate,1986-01-01,1997-12-31
LRCI,123322,123322,firstpricedate,1995-08-03,1997-12-31
HWL,122251,122251,firstpricedate,1986-01-01,1997-12-31
SFAM,122569,122569,firstpricedate,1995-10-10,1997-12-31
CLAC1,120821,120821,firstpricedate,1995-06-15,1997-12-31
PVAT,122399,122399,firstpricedate,1996-06-03,1997-12-31
EEX1,122995,122995,firstpricedate,1986-01-01,1997-12-31
APPS1,122454,122454,firstpricedate,1997-01-31,1997-12-31
KPT,122502,122502,firstpricedate,1993-06-03,1997-12-31
OUSA1,121330,121330,firstpricedate,1991-08-13,1997-12-31
PCD,122974,122974,firstpricedate,1996-10-18,1997-12-31
CEBC,122384,122384,firstpricedate,1986-12-22,1997-12-31
VESC,122853,122853,firstpricedate,1997-07-30,1997-12-31
TMED1,109670,109670,firstpricedate,1986-01-01,1997-12-31
VISNQ,122833,122833,firstpricedate,1993-03-31,1997-12-31
OKWHQ,122494,122494,firstpricedate,1986-01-01,1997-12-31
BASEA,120222,120222,firstpricedate,1986-01-01,1997-12-31
ASIGF,122442,122442,firstpricedate,1997-11-26,1997-12-31
RSGI,120604,120604,firstpricedate,1986-01-01,1997-12-31
UACAA,123032,123032,firstpricedate,1995-08-02,1997-12-31
CEM1,122712,122712,firstpricedate,1996-12-24,1997-12-31
GSB1,122265,122265,firstpricedate,1986-01-01,1997-12-31
GEM1,115275,115275,firstpricedate,1994-03-30,1997-12-31
IGCA,122647,122647,firstpricedate,1993-05-28,1997-12-31
GENXY,116236,116236,firstpricedate,1996-06-07,1997-12-31
CTBC1,122418,122418,firstpricedate,1997-08-21,1997-12-31
CYBR1,116113,116113,firstpricedate,1992-09-28,1997-12-31
USVI,120675,120675,firstpricedate,1997-12-02,1997-12-31
USAB,122475,122475,firstpricedate,1996-01-19,1997-12-31
WKGP,122950,122950,firstpricedate,1996-03-21,1997-12-31
ITCD1,641934,641934,firstpricedate,1997-10-24,1997-12-31
DATM,122786,122786,firstpricedate,1986-01-01,1997-12-31
HPP1,121329,121329,firstpricedate,1986-01-01,1997-12-31
ANGN1,114836,114836,firstpricedate,1988-08-09,1997-12-31
TMAX,122468,122468,firstpricedate,1997-10-21,1997-12-31
NWLLQ,115278,115278,firstpricedate,1996-11-14,1997-12-31
ECIN,114960,114960,firstpricedate,1994-11-18,1997-12-31
DGJL1,120481,120481,firstpricedate,1997-04-21,1997-12-31
TBP,122182,122182,firstpricedate,1986-01-01,1997-12-31
TSFT,122873,122873,firstpricedate,1995-06-30,1997-12-31
PORT2,122221,122221,firstpricedate,1986-01-01,1997-12-31
EZM.B,635332,635332,firstpricedate,1992-10-28,1997-12-31
ENBC,122849,122849,firstpricedate,1993-03-12,1997-12-31
PLSK,122162,122162,firstpricedate,1997-04-03,1997-12-31
SFTC,121322,121322,firstpricedate,1997-10-02,1997-12-31
INLQ,122783,122783,firstpricedate,1993-04-28,1997-12-31
MDBK,122832,122832,firstpricedate,1986-03-18,1997-12-31
BASEB,635390,635390,firstpricedate,1986-01-01,1997-12-31
VGIN,122263,122263,firstpricedate,1996-06-19,1997-12-31
THK1,122902,122902,firstpricedate,1986-01-01,1997-12-31
XTEL,123395,123395,firstpricedate,1996-02-14,1997-12-31
SKYL,120993,120993,firstpricedate,1994-02-17,1997-12-31
MGL,119270,119270,firstpricedate,1992-08-07,1997-12-31
EOT1,120738,120738,firstpricedate,1994-03-18,1997-12-31
ATTC1,635406,635406,firstpricedate,1997-12-04,1997-12-31
BBUCQ,101501,101501,firstpricedate,1996-06-13,1997-12-31
FFP.A,123021,123021,firstpricedate,1987-05-15,1997-12-31
ISA,115298,115298,firstpricedate,1995-07-28,1997-12-31
CFWEQ,121339,121339,firstpricedate,1996-12-03,1997-12-31
ALTM1,123314,123314,firstpricedate,1995-09-21,1997-12-31
MG.A,122837,122837,firstpricedate,1993-07-22,1997-12-31
ESR1,122937,122937,firstpricedate,1997-11-07,1997-12-31
DON.A,122630,122630,firstpricedate,1988-04-05,1997-12-31
MVBI,122520,122520,firstpricedate,1993-07-08,1997-12-31
KP,122268,122268,firstpricedate,1988-10-14,1997-12-31
AQCR,122391,122391,firstpricedate,1993-10-14,1997-12-31
MLRC,122246,122246,firstpricedate,1988-12-23,1997-12-31
MFNXQ,116177,116177,firstpricedate,1997-10-29,1997-12-31
GMGCQ,122617,122617,firstpricedate,1995-02-10,1997-12-31
CSI1,123434,123434,firstpricedate,1994-11-04,1997-12-31
INCR1,122870,122870,firstpricedate,1996-02-02,1997-12-31
JAPSY,115143,115143,firstpricedate,1986-01-01,1997-12-31
AXSI,120757,120757,firstpricedate,1986-01-01,1997-12-31
PAR2,123603,123603,firstpricedate,1993-12-10,1997-12-31
KBK,122840,122840,industry,Asset Management,Credit Services
KBK,122840,122840,firstpricedate,1994-06-09,1997-12-31
BWG1,115302,115302,firstpricedate,1996-11-08,1997-12-31
ALDV1,121057,121057,firstpricedate,1994-11-17,1997-12-31
PRBC,122368,122368,firstpricedate,1996-06-27,1997-12-31
DWL,121332,121332,firstpricedate,1992-09-24,1997-12-31
FLY1,120550,120550,firstpricedate,1986-10-03,1997-12-31
UTCI,122383,122383,firstpricedate,1992-12-11,1997-12-31
GAN1,122557,122557,firstpricedate,1986-01-01,1997-12-31
NEXL,122812,122812,firstpricedate,1990-07-25,1997-12-31
JS,115252,115252,firstpricedate,1995-07-14,1997-12-31
HOEN,122489,122489,firstpricedate,1991-10-31,1997-12-31
BKCT1,122487,122487,firstpricedate,1986-07-03,1997-12-31
RAWA,122400,122400,firstpricedate,1986-01-01,1997-12-31
SABI,104617,104617,firstpricedate,1986-01-01,1997-12-31
EBTBQ,635480,635480,firstpricedate,1996-03-08,1997-12-31
VBNJ,122428,122428,firstpricedate,1993-05-27,1997-12-31
AMLJ,122271,122271,firstpricedate,1995-12-12,1997-12-31
ORG1,122452,122452,firstpricedate,1986-12-11,1997-12-31
PSCX1,123030,123030,firstpricedate,1986-01-01,1997-12-31
VETX,120920,120920,firstpricedate,1986-09-05,1997-12-31
VIS1,123014,123014,firstpricedate,1986-01-01,1997-12-31
CPTLQ,114977,114977,firstpricedate,1986-01-01,1997-12-31
GLUX,197530,197530,firstpricedate,1994-01-20,1997-12-31
PUBO,122535,122535,firstpricedate,1986-01-01,1997-12-31
SYNL1,122634,122634,firstpricedate,1990-03-29,1997-12-31
CNCEQ,120617,120617,firstpricedate,1986-01-01,1997-12-31
CERO1,122200,122200,firstpricedate,1997-06-05,1997-12-31
CMDZQ,122814,122814,firstpricedate,1986-01-01,1997-12-31
CNO1,122813,122813,firstpricedate,1996-12-12,1997-12-31
PMRP,116370,116370,firstpricedate,1992-10-19,1997-12-31
TRCD,122723,122723,firstpricedate,1993-03-19,1997-12-31
HNCS,122180,122180,firstpricedate,1995-06-21,1997-12-31
LLB,122477,122477,firstpricedate,1986-01-01,1997-12-31
AAWHQ,120789,120789,firstpricedate,1995-08-11,1997-12-31
CIV,115063,115063,firstpricedate,1986-01-01,1997-12-31
SCES,122388,122388,firstpricedate,1993-12-01,1997-12-31
SLIXQ,122503,122503,firstpricedate,1995-06-16,1997-12-31
TNZR,115285,115285,firstpricedate,1996-06-14,1997-12-31
TGH.A,114249,114249,firstpricedate,1997-02-03,1997-12-31
HERBA,114971,114971,firstpricedate,1987-07-08,1997-12-31
BSB,115257,115257,firstpricedate,1994-11-07,1997-12-31
CFGI1,122810,122810,firstpricedate,1989-12-11,1997-12-31
GRL,115269,115269,firstpricedate,1997-10-01,1997-12-31
HERBB,635453,635453,firstpricedate,1997-12-15,1997-12-31
CMPI1,122685,122685,firstpricedate,1994-03-22,1997-12-31
WCOEQ,116364,116364,firstpricedate,1986-01-01,1997-12-31
PRN1,122403,122403,firstpricedate,1986-01-01,1997-12-31
IPSW,122419,122419,firstpricedate,1993-05-26,1997-12-31
FRTG1,116026,116026,firstpricedate,1996-05-17,1997-12-31
INGA,122619,122619,firstpricedate,1994-06-07,1997-12-31
DCPI,122273,122273,firstpricedate,1987-01-07,1997-12-31
MRG,116176,116176,firstpricedate,1992-06-04,1997-12-31
EBSI,122222,122222,firstpricedate,1986-04-04,1997-12-31
MOIL,122529,122529,firstpricedate,1986-01-01,1997-12-31
PNOIQ,122629,122629,firstpricedate,1989-09-21,1997-12-31
EMEX,120930,120930,firstpricedate,1986-01-01,1997-12-31
IMNX,122186,122186,firstpricedate,1986-01-01,1997-12-31
ITC1,122805,122805,firstpricedate,1995-02-15,1997-12-31
WHGB,122438,122438,firstpricedate,1996-04-01,1997-12-31
ENGSY,115306,115306,firstpricedate,1997-12-12,1997-12-31
BSRTS,122269,122269,firstpricedate,1987-04-01,1997-12-31
JPR,122820,122820,firstpricedate,1994-01-14,1997-12-31
MICT1,116407,116407,firstpricedate,1997-10-09,1997-12-31
MGEN1,120459,120459,firstpricedate,1986-01-01,1997-12-31
SRTOQ,122201,122201,firstpricedate,1996-10-11,1997-12-31
SLMD,122966,122966,firstpricedate,1992-06-17,1997-12-31
BMED1,122846,122846,firstpricedate,1989-07-14,1997-12-31
KMAGQ,119268,119268,firstpricedate,1987-05-28,1997-12-31
PWHSQ,120670,120670,firstpricedate,1997-11-25,1997-12-31
SGTN,105112,105112,firstpricedate,1995-01-03,1997-12-31
RGS1,120988,120988,firstpricedate,1986-01-01,1997-12-31
IXX,122396,122396,firstpricedate,1997-10-01,1997-12-31
NKCIF,120461,120461,firstpricedate,1996-02-14,1997-12-31
BPPNZ,121002,121002,firstpricedate,1987-01-05,1997-12-31
BLPG1,122858,122858,firstpricedate,1997-09-24,1997-12-31
AHNCQ,122220,122220,firstpricedate,1993-10-04,1997-12-31
ETP2,115295,115295,firstpricedate,1992-10-19,1997-12-31
VSNX,120614,120614,firstpricedate,1990-12-07,1997-12-31
HEAL1,115449,115449,firstpricedate,1986-01-01,1997-12-31
SSPE,122219,122219,firstpricedate,1991-07-12,1997-12-31
LE1,116542,116542,firstpricedate,1986-10-03,1997-12-31
AK,122274,122274,firstpricedate,1988-04-21,1997-12-31
ATPX,122987,122987,firstpricedate,1986-01-01,1997-12-31
IFRS,122422,122422,firstpricedate,1986-01-24,1997-12-31
ONDI,122848,122848,firstpricedate,1996-10-22,1997-12-31
BHMSQ,119347,119347,firstpricedate,1986-01-01,1997-12-31
CPCL,122157,122157,firstpricedate,1995-06-21,1997-12-31
AVNT1,122275,122275,firstpricedate,1995-06-07,1997-12-31
INOV1,122278,122278,firstpricedate,1996-10-18,1997-12-31
HTI1,116238,116238,firstpricedate,1993-07-02,1997-12-31
RTLC,122267,122267,firstpricedate,1995-12-01,1997-12-31
TWRI,120818,120818,firstpricedate,1997-08-15,1997-12-31
LIQB,122559,122559,firstpricedate,1986-01-01,1997-12-31
EMRT,122254,122254,firstpricedate,1994-05-10,1997-12-31
DLTK,119432,119432,firstpricedate,1997-02-26,1997-12-31
ADELQ,120776,120776,firstpricedate,1986-08-13,1997-12-31
COMX,113575,113575,firstpricedate,1986-01-01,1997-12-31
ARCHQ,631713,631713,firstpricedate,1992-02-26,1997-12-31
BUCK1,122433,122433,firstpricedate,1994-04-29,1997-12-31
CGUL,122500,122500,firstpricedate,1987-01-30,1997-12-31
NMCOF,115251,115251,firstpricedate,1997-04-03,1997-12-31
PVCC,122181,122181,firstpricedate,1986-01-01,1997-12-31
ELIX,122435,122435,firstpricedate,1997-11-25,1997-12-31
ICII,120775,120775,firstpricedate,1992-05-19,1997-12-31
ATJ,115203,115203,firstpricedate,1996-04-19,1997-12-31
LVCI,122372,122372,firstpricedate,1991-04-03,1997-12-31
ELBT,115260,115260,firstpricedate,1986-01-01,1997-12-31
TDDD,115311,115311,firstpricedate,1996-11-20,1997-12-31
SCZ.A,635434,635434,firstpricedate,1997-09-18,1997-12-31
SCZ.B,110178,110178,firstpricedate,1997-09-18,1997-12-31
PRIA,122969,122969,firstpricedate,1994-10-14,1997-12-31
ELNT,122538,122538,firstpricedate,1995-10-11,1997-12-31
CLYS,120534,120534,firstpricedate,1995-11-16,1997-12-31
PGI1,197381,197381,firstpricedate,1996-05-10,1997-12-31
SHELQ,122933,122933,firstpricedate,1986-01-01,1997-12-31
MDII1,122277,122277,firstpricedate,1996-05-15,1997-12-31
WAK,635433,635433,firstpricedate,1986-01-01,1997-12-31
WAK.B,122971,122971,firstpricedate,1993-01-05,1997-12-31
YFBC,122900,122900,firstpricedate,1996-04-18,1997-12-31
TZH,115288,115288,firstpricedate,1990-01-16,1997-12-31
FCX.A,635643,635643,firstpricedate,1988-05-05,1997-12-31
CPQ,122199,122199,firstpricedate,1986-01-01,1997-12-31
FSON1,122377,122377,firstpricedate,1996-06-07,1997-12-31
GRLLQ,122252,122252,firstpricedate,1996-11-26,1997-12-31
SLAM1,122909,122909,firstpricedate,1996-05-23,1997-12-31
PRVL1,122695,122695,firstpricedate,1992-03-25,1997-12-31
TFHIZ,116232,116232,firstpricedate,1991-11-13,1997-12-31
SLGK,114906,114906,firstpricedate,1995-11-24,1997-12-31
SUS,122669,122669,firstpricedate,1994-03-16,1997-12-31
GDTI,197956,197956,firstpricedate,1996-05-14,1997-12-31
ESNJ,122160,122160,firstpricedate,1993-11-12,1997-12-31
ASPIY,120665,120665,firstpricedate,1989-03-02,1997-12-31
FDMLQ,174755,174755,firstpricedate,1986-01-01,1997-12-31
IKOS,122508,122508,firstpricedate,1990-07-25,1997-12-31
CROS,122985,122985,firstpricedate,1993-10-19,1997-12-31
FIVE1,122652,122652,firstpricedate,1996-01-23,1997-12-31
HCISQ,122618,122618,firstpricedate,1991-11-12,1997-12-31
EIL,115268,115268,firstpricedate,1989-12-28,1997-12-31
DAY1,115246,115246,firstpricedate,1995-07-26,1997-12-31
FTFN,120673,120673,firstpricedate,1996-05-14,1997-12-31
CDO,122467,122467,firstpricedate,1986-01-01,1997-12-31
NMTX,122166,122166,firstpricedate,1986-01-01,1997-12-31
ACLO1,122484,122484,firstpricedate,1993-04-21,1997-12-31
VIDA1,122501,122501,firstpricedate,1995-06-21,1997-12-31
INAI1,123003,123003,firstpricedate,1986-01-01,1997-12-31
INDG,122179,122179,firstpricedate,1994-05-25,1997-12-31
PBFI1,123975,123975,firstpricedate,1986-03-25,1997-12-31
SHOY,119796,119796,firstpricedate,1986-01-01,1997-12-31
GCR.A,122982,122982,firstpricedate,1988-06-29,1997-12-31
AOG,115313,115313,firstpricedate,1995-09-22,1997-12-31
ACHI1,122983,122983,firstpricedate,1993-12-23,1997-12-31
SMCX1,122861,122861,firstpricedate,1997-02-26,1997-12-31
ARMX,114916,114916,firstpricedate,1997-01-15,1997-12-31
FOOD2,123789,123789,firstpricedate,1986-01-01,1997-12-31
GTGOF,120668,120668,firstpricedate,1991-02-22,1997-12-31
PFFC,116428,116428,firstpricedate,1996-09-16,1997-12-31
QOBJ,120802,120802,firstpricedate,1997-11-20,1997-12-31
MLRMF,120629,120629,firstpricedate,1991-06-25,1997-12-31
MATX1,122152,122152,firstpricedate,1992-01-29,1997-12-31
CVGYQ,116100,116100,firstpricedate,1986-01-01,1997-12-31
PERL,115316,115316,firstpricedate,1986-01-01,1997-12-31
RBMG,122175,122175,firstpricedate,1993-05-26,1997-12-31
TELTQ,186397,186397,firstpricedate,1989-08-02,1997-12-31
PROX,122822,122822,firstpricedate,1993-12-16,1997-12-31
FJA.A,635331,635331,firstpricedate,1994-09-12,1997-12-31
NEXT2,122176,122176,firstpricedate,1989-10-20,1997-12-31
CMSV,120666,120666,firstpricedate,1994-10-24,1997-12-31
IBI.A,121338,121338,firstpricedate,1995-10-24,1997-12-31
AREA1,122192,122192,firstpricedate,1996-01-03,1997-12-31
DTL,122212,122212,firstpricedate,1996-08-14,1997-12-31
EVTC1,122894,122894,firstpricedate,1992-12-17,1997-12-31
PTRS1,122986,122986,firstpricedate,1993-12-31,1997-12-31
PRZ,122240,122240,firstpricedate,1991-05-21,1997-12-31
PSCO,106437,106437,firstpricedate,1995-02-10,1997-12-31
IICR,122214,122214,firstpricedate,1986-01-01,1997-12-31
LDIG,120692,120692,firstpricedate,1997-07-14,1997-12-31
GLAR,106321,106321,firstpricedate,1996-05-02,1997-12-31
WLL1,122485,122485,firstpricedate,1986-01-01,1997-12-31
WE1,115303,115303,firstpricedate,1986-01-01,1997-12-31
AESK,123746,123746,firstpricedate,1997-11-06,1997-12-31
PDM1,122153,122153,firstpricedate,1986-01-01,1997-12-31
MAB1,122164,122164,firstpricedate,1986-01-01,1997-12-31
AHCI1,122174,122174,firstpricedate,1995-12-27,1997-12-31
BFOH,122210,122210,firstpricedate,1993-05-04,1997-12-31
PRES,122425,122425,firstpricedate,1986-01-01,1997-12-31
WEBB,106804,106804,firstpricedate,1996-05-23,1997-12-31
SLHN,120664,120664,firstpricedate,1996-12-17,1997-12-31
RH1,123018,123018,firstpricedate,1992-10-29,1997-12-31
UGLY,123944,123944,firstpricedate,1996-06-18,1997-12-31
SBRG,116235,116235,firstpricedate,1990-08-22,1997-12-31
CPMNY,115147,115147,firstpricedate,1986-01-01,1997-12-31
CIVC,122250,122250,firstpricedate,1990-01-23,1997-12-31
AMBC1,114962,114962,firstpricedate,1986-01-01,1997-12-31
PBKB,122260,122260,firstpricedate,1986-10-23,1997-12-31
NER,122626,122626,firstpricedate,1986-01-01,1997-12-31
SPLI,122258,122258,firstpricedate,1997-12-12,1997-12-31
SIMNQ,122496,122496,firstpricedate,1995-11-17,1997-12-31
RIFL,122390,122390,firstpricedate,1997-09-02,1997-12-31
MAGZ,122480,122480,firstpricedate,1996-10-24,1997-12-31
EMON,122637,122637,firstpricedate,1987-01-27,1997-12-31
ALCI,116209,116209,firstpricedate,1987-05-27,1997-12-31
BHWK,121090,121090,firstpricedate,1993-05-13,1997-12-31
ILXI,122209,122209,firstpricedate,1994-11-22,1997-12-31
ACX,114883,114883,firstpricedate,1991-12-05,1997-12-31
SHLR,116108,116108,firstpricedate,1992-03-23,1997-12-31
LDMK,122172,122172,firstpricedate,1997-11-18,1997-12-31
NSPR1,123008,123008,firstpricedate,1997-08-22,1997-12-31
ELEC1,109721,109721,firstpricedate,1995-08-25,1997-12-31
HIPC1,120706,120706,firstpricedate,1986-01-01,1997-12-31
IFCIQ,121327,121327,firstpricedate,1994-08-18,1997-12-31
CORR1,122241,122241,firstpricedate,1991-06-27,1997-12-31
PIXT,104657,104657,firstpricedate,1995-07-18,1997-12-31
POPM,121613,121613,firstpricedate,1997-11-17,1997-12-31
EQUI1,116202,116202,firstpricedate,1991-06-26,1997-12-31
NCH,122177,122177,industry,Conglomerates,Pollution & Treatment Controls
NCH,122177,122177,firstpricedate,1986-01-01,1997-12-31
AMCN1,116421,116421,firstpricedate,1995-10-17,1997-12-31
LEAP1,122207,122207,firstpricedate,1996-09-27,1997-12-31
PLM1,116413,116413,firstpricedate,1988-02-03,1997-12-31
CDCO1,120922,120922,firstpricedate,1994-03-03,1997-12-31
IH1,123015,123015,firstpricedate,1997-07-23,1997-12-31
AILP,122036,122036,firstpricedate,1986-06-26,1997-12-31
QUSTQ,122874,122874,firstpricedate,1986-01-01,1997-12-31
PHYCQ,121014,121014,firstpricedate,1992-01-22,1997-12-31
RIT.A,122255,122255,firstpricedate,1994-08-02,1997-12-31
CFIC1,122147,122147,firstpricedate,1995-06-30,1997-12-31
NMK1,122204,122204,firstpricedate,1986-01-01,1997-12-31
BIORY,120825,120825,firstpricedate,1997-02-04,1997-12-31
IDH,122654,122654,firstpricedate,1994-05-27,1997-12-31
MCLDQ,120631,120631,firstpricedate,1996-06-11,1997-12-31
FNVG,114247,114247,industry,Asset Management,Credit Services
FNVG,114247,114247,firstpricedate,1992-03-05,1997-12-31
ALGOF,115261,115261,firstpricedate,1995-07-14,1997-12-31
AMHNE,115462,115462,firstpricedate,1989-08-30,1997-12-31
MEA1,122262,122262,firstpricedate,1986-01-01,1997-12-31
MBRWQ,122194,122194,firstpricedate,1993-10-26,1997-12-31
BLM,121328,121328,firstpricedate,1993-03-23,1997-12-31
MND,122242,122242,firstpricedate,1986-01-01,1997-12-31
ENCD,122163,122163,firstpricedate,1993-12-16,1997-12-31
NHCI,122211,122211,firstpricedate,1993-05-20,1997-12-31
BKC2,115060,115060,firstpricedate,1986-01-01,1997-12-31
NNS,122145,122145,firstpricedate,1996-12-12,1997-12-31
MESG1,122206,122206,firstpricedate,1996-12-13,1997-12-31
VCFC,122193,122193,firstpricedate,1997-07-15,1997-12-31
PRFC1,122261,122261,firstpricedate,1986-01-01,1997-12-31
GLIAQ,122218,122218,firstpricedate,1995-10-19,1997-12-31
RESRQ,122215,122215,firstpricedate,1986-01-01,1997-12-31
PMIX,122146,122146,firstpricedate,1996-07-03,1997-12-31
AVIR1,122208,122208,firstpricedate,1996-11-05,1997-12-31
JCBSQ,122498,122498,firstpricedate,1986-01-01,1997-12-31
HABK,116106,116106,firstpricedate,1997-03-27,1997-12-31
MTNT1,116184,116184,firstpricedate,1993-12-15,1997-12-31
GYLDQ,122196,122196,firstpricedate,1992-04-30,1997-12-31
CATA1,121320,121320,firstpricedate,1986-01-01,1997-12-31
KIDS1,122195,122195,firstpricedate,1987-07-23,1997-12-31
DME,122213,122213,firstpricedate,1986-08-19,1997-12-31
CISC,119525,119525,firstpricedate,1995-05-16,1997-12-31
NBT,121672,121672,firstpricedate,1995-04-28,1997-12-31
CRG,121626,121626,firstpricedate,1986-01-01,1997-12-31
BPLS,121981,121981,firstpricedate,1996-03-14,1997-12-31
RDGE,121411,121411,firstpricedate,1986-01-01,1997-12-31
UTGN,198205,198205,firstpricedate,1990-06-19,1997-12-31
VENX,122073,122073,firstpricedate,1986-01-01,1997-12-31
UDS,121478,121478,firstpricedate,1992-06-26,1997-12-31
SLOT1,114254,114254,firstpricedate,1994-01-31,1997-12-31
AED1,115038,115038,firstpricedate,1995-11-06,1997-12-31
CASC2,121673,121673,firstpricedate,1997-06-02,1997-12-31
INFN1,121659,121659,firstpricedate,1996-09-13,1997-12-31
ITXG,121992,121992,firstpricedate,1986-01-01,1997-12-31
MONT1,121441,121441,firstpricedate,1997-07-01,1997-12-31
AMNUQ,122074,122074,firstpricedate,1995-03-30,1997-12-31
EGPT1,124001,124001,firstpricedate,1995-06-16,1997-12-31
DF1,121432,121432,firstpricedate,1986-01-01,1997-12-31
TWAIQ,122318,122318,firstpricedate,1995-08-04,1997-12-31
QUIZ1,121340,121340,firstpricedate,1994-02-01,1997-12-31
CHEZ,122132,122132,firstpricedate,1991-04-25,1997-12-31
IMAT,121482,121482,firstpricedate,1986-01-01,1997-12-31
BWE,116097,116097,firstpricedate,1986-01-01,1997-12-31
KELLQ,121612,121612,firstpricedate,1995-08-18,1997-12-31
GTNOQ,122069,122069,firstpricedate,1989-01-10,1997-12-31
BDJI,116057,116057,firstpricedate,1995-04-05,1997-12-31
DVXE1,119691,119691,firstpricedate,1997-05-22,1997-12-31
DHTI,121633,121633,firstpricedate,1988-12-15,1997-12-31
HM,121575,121575,firstpricedate,1986-01-01,1997-12-31
KIDQ,121631,121631,firstpricedate,1995-11-14,1997-12-31
RAL1,121627,121627,firstpricedate,1986-01-01,1997-12-31
ODWA,121653,121653,firstpricedate,1993-12-16,1997-12-31
L2,120443,120443,firstpricedate,1995-03-27,1997-12-31
CFBC1,121660,121660,firstpricedate,1997-07-01,1997-12-31
KESNQ,121160,121160,firstpricedate,1986-01-01,1997-12-31
HIGPQ,121569,121569,firstpricedate,1996-01-24,1997-12-31
REGI1,122060,122060,firstpricedate,1996-06-05,1997-12-31
VNGD,120804,120804,firstpricedate,1995-10-31,1997-12-31
CTRY,116222,116222,firstpricedate,1997-09-23,1997-12-31
SCI1,122016,122016,firstpricedate,1986-01-01,1997-12-31
HAZ,121893,121893,firstpricedate,1996-07-18,1997-12-31
MAXIQ,114240,114240,firstpricedate,1991-04-30,1997-12-31
CCSI1,116083,116083,firstpricedate,1993-02-09,1997-12-31
YRKG,121169,121169,firstpricedate,1996-04-02,1997-12-31
PBYPQ,122031,122031,firstpricedate,1995-07-19,1997-12-31
CRRR,121977,121977,firstpricedate,1997-11-14,1997-12-31
AIND,121075,121075,firstpricedate,1986-01-01,1997-12-31
KRSC,120430,120430,firstpricedate,1990-10-16,1997-12-31
MISI,121365,121365,firstpricedate,1997-01-30,1997-12-31
CBIV,116376,116376,firstpricedate,1997-07-02,1997-12-31
VLNK,116385,116385,firstpricedate,1996-11-21,1997-12-31
PSIXQ,122011,122011,firstpricedate,1995-05-02,1997-12-31
GWOW,121208,121208,firstpricedate,1986-01-01,1997-12-31
AIII1,121366,121366,firstpricedate,1996-02-07,1997-12-31
LOD,110730,110730,firstpricedate,1992-08-18,1997-12-31
DAP,121374,121374,firstpricedate,1992-08-19,1997-12-31
XOXO1,116355,116355,firstpricedate,1997-09-26,1997-12-31
PSFI,121960,121960,firstpricedate,1996-11-27,1997-12-31
BTGI,120420,120420,firstpricedate,1994-12-16,1997-12-31
DK1,120426,120426,firstpricedate,1996-06-28,1997-12-31
MABAA,121895,121895,firstpricedate,1990-05-01,1997-12-31
TFG1,121947,121947,firstpricedate,1996-12-13,1997-12-31
IMA1,122050,122050,firstpricedate,1996-08-06,1997-12-31
GLM,121945,121945,firstpricedate,1986-01-01,1997-12-31
OPC,122081,122081,firstpricedate,1996-10-24,1997-12-31
LFAY,116221,116221,firstpricedate,1997-05-30,1997-12-31
BIR,121489,121489,firstpricedate,1986-01-01,1997-12-31
FNLI,121568,121568,firstpricedate,1986-01-01,1997-12-31
DAWKQ,116417,116417,firstpricedate,1993-12-07,1997-12-31
AXPH,116524,116524,firstpricedate,1993-11-22,1997-12-31
SXNB,121621,121621,firstpricedate,1997-10-21,1997-12-31
SBAN,121344,121344,firstpricedate,1996-10-01,1997-12-31
MUI1,116349,116349,firstpricedate,1997-07-14,1997-12-31
BRLGQ,123984,123984,firstpricedate,1992-03-19,1997-12-31
CTLG,121423,121423,firstpricedate,1996-10-17,1997-12-31
TOOD,122068,122068,firstpricedate,1989-11-29,1997-12-31
PLI1,121965,121965,firstpricedate,1990-06-21,1997-12-31
GLBN,121607,121607,firstpricedate,1997-06-12,1997-12-31
GSTRF,120450,120450,firstpricedate,1995-02-14,1997-12-31
CVNG,640166,640166,firstpricedate,1995-12-19,1997-12-31
UCOR,121952,121952,firstpricedate,1996-05-17,1997-12-31
ORAL,121476,121476,firstpricedate,1997-08-21,1997-12-31
LEDG,121564,121564,firstpricedate,1994-01-03,1997-12-31
CBNY1,115029,115029,firstpricedate,1993-06-17,1997-12-31
CNBF,121369,121369,firstpricedate,1994-05-17,1997-12-31
XEIK,115248,115248,firstpricedate,1996-03-20,1997-12-31
SRM1,121403,121403,firstpricedate,1986-01-01,1997-12-31
ASTN1,121153,121153,firstpricedate,1996-05-02,1997-12-31
GPU,121383,121383,firstpricedate,1986-01-01,1997-12-31
PSNRY,115012,115012,firstpricedate,1996-06-12,1997-12-31
HTHEQ,121647,121647,firstpricedate,1989-05-25,1997-12-31
NRCNA,121490,121490,firstpricedate,1987-08-18,1997-12-31
SEM1,122091,122091,firstpricedate,1997-07-28,1997-12-31
TOTL1,121601,121601,firstpricedate,1987-03-26,1997-12-31
MWBX,115027,115027,firstpricedate,1986-10-13,1997-12-31
LD1,121927,121927,firstpricedate,1993-11-12,1997-12-31
ANDB,121933,121933,firstpricedate,1986-05-08,1997-12-31
SRW,121455,121455,firstpricedate,1994-06-24,1997-12-31
SKK-200110,635446,635446,firstpricedate,1996-08-28,1997-12-31
NXWXQ,121367,121367,firstpricedate,1992-09-22,1997-12-31
MEDP1,122044,122044,firstpricedate,1994-05-24,1997-12-31
BRS1,115264,115264,firstpricedate,1997-10-13,1997-12-31
GLR,120431,120431,firstpricedate,1993-12-10,1997-12-31
GEN2,122094,122094,firstpricedate,1986-01-01,1997-12-31
BOYL,121373,121373,firstpricedate,1996-06-11,1997-12-31
FTMTF,121356,121356,firstpricedate,1995-11-24,1997-12-31
HF.A,121353,121353,industry,Asset Management,Credit Services
ESHR,122029,122029,firstpricedate,1997-06-05,1997-12-31
DRMD,120398,120398,firstpricedate,1994-09-16,1997-12-31
SJNB,121654,121654,firstpricedate,1986-01-01,1997-12-31
HMGCQ,121602,121602,firstpricedate,1986-01-01,1997-12-31
CXIPY,115234,115234,firstpricedate,1993-11-18,1997-12-31
OMKT,121637,121637,firstpricedate,1996-05-23,1997-12-31
PCTL,122090,122090,firstpricedate,1986-01-01,1997-12-31
GSTD,114988,114988,firstpricedate,1987-11-30,1997-12-31
DMCSQ,116249,116249,firstpricedate,1986-01-01,1997-12-31
AMCVQ,121680,121680,firstpricedate,1992-03-05,1997-12-31
IHSC,121906,121906,firstpricedate,1996-07-02,1997-12-31
SKK.A,121987,121987,firstpricedate,1986-01-01,1997-12-31
FTSP,121467,121467,firstpricedate,1987-10-02,1997-12-31
ADSPQ,121634,121634,firstpricedate,1995-01-25,1997-12-31
MNNSY,115091,115091,firstpricedate,1996-11-26,1997-12-31
ABCRQ,121580,121580,firstpricedate,1993-12-14,1997-12-31
CGZT,120451,120451,firstpricedate,1996-02-14,1997-12-31
VENT,121932,121932,firstpricedate,1986-01-01,1997-12-31
PSRC1,121454,121454,firstpricedate,1993-08-06,1997-12-31
BGR1,114945,114945,firstpricedate,1986-01-01,1997-12-31
DELI,121428,121428,firstpricedate,1995-10-24,1997-12-31
TX1,120436,120436,firstpricedate,1986-01-01,1997-12-31
PRDCQ,121511,121511,firstpricedate,1986-01-01,1997-12-31
UCMPQ,121874,121874,firstpricedate,1988-05-09,1997-12-31
WCLX,122063,122063,firstpricedate,1991-05-22,1997-12-31
TGP1,635441,635441,firstpricedate,1997-12-12,1997-12-31
GHVIQ,116078,116078,firstpricedate,1991-06-20,1997-12-31
RHT2,121889,121889,firstpricedate,1986-01-01,1997-12-31
WEA1,121671,121671,firstpricedate,1997-05-16,1997-12-31
HAHI,102390,102390,firstpricedate,1995-12-05,1997-12-31
ALF1,119426,119426,firstpricedate,1994-11-22,1997-12-31
MNBB,114957,114957,firstpricedate,1993-01-06,1997-12-31
CMI1,121457,121457,firstpricedate,1986-01-01,1997-12-31
GLC,122055,122055,firstpricedate,1997-07-25,1997-12-31
ATHM1,120419,120419,firstpricedate,1997-07-11,1997-12-31
IBP1,122037,122037,firstpricedate,1987-10-01,1997-12-31
CAR1,120399,120399,firstpricedate,1986-01-01,1997-12-31
DTSI1,122033,122033,firstpricedate,1986-01-01,1997-12-31
SBCO,116352,116352,firstpricedate,1993-04-28,1997-12-31
SOCC1,122059,122059,firstpricedate,1996-07-26,1997-12-31
NEWZ1,121931,121931,firstpricedate,1995-08-11,1997-12-31
FAJ,121934,121934,firstpricedate,1986-09-02,1997-12-31
LTWO,121964,121964,firstpricedate,1994-10-20,1997-12-31
SDP1,119938,119938,firstpricedate,1990-04-25,1997-12-31
TSCN,122014,122014,firstpricedate,1993-11-05,1997-12-31
PRT1,123761,123761,firstpricedate,1994-03-15,1997-12-31
EACO1,121377,121377,firstpricedate,1986-10-31,1997-12-31
EUPH,121477,121477,firstpricedate,1995-08-22,1997-12-31
EGHDQ,122030,122030,firstpricedate,1997-04-17,1997-12-31
PMORQ,121431,121431,firstpricedate,1995-10-31,1997-12-31
CGGI,122109,122109,firstpricedate,1995-09-14,1997-12-31
HAHN,114956,114956,firstpricedate,1993-01-21,1997-12-31
SEVN1,122066,122066,firstpricedate,1989-04-19,1997-12-31
ARSC1,121646,121646,firstpricedate,1997-06-18,1997-12-31
NQLIQ,121577,121577,firstpricedate,1986-01-01,1997-12-31
ABG2,115156,115156,firstpricedate,1996-12-13,1997-12-31
BWFC,121926,121926,firstpricedate,1995-03-30,1997-12-31
MRL,121681,121681,firstpricedate,1989-07-28,1997-12-31
XTR1,120410,120410,firstpricedate,1986-01-01,1997-12-31
TOS1,121935,121935,firstpricedate,1986-01-01,1997-12-31
MNTX1,122015,122015,firstpricedate,1986-01-01,1997-12-31
BAU,121599,121599,firstpricedate,1996-03-28,1997-12-31
ESSI1,116080,116080,firstpricedate,1997-01-20,1997-12-31
SMI1,121970,121970,firstpricedate,1986-01-01,1997-12-31
WRTLQ,121881,121881,firstpricedate,1989-06-14,1997-12-31
OFISQ,121682,121682,firstpricedate,1995-02-15,1997-12-31
TLXAF,579467,579467,firstpricedate,1996-05-09,1997-12-31
PJAM,121639,121639,firstpricedate,1996-10-25,1997-12-31
WB2,116402,116402,firstpricedate,1986-01-01,1997-12-31
SDRC,121416,121416,firstpricedate,1987-09-29,1997-12-31
NPCI,121359,121359,firstpricedate,1986-01-01,1997-12-31
ESX,121176,121176,firstpricedate,1990-07-17,1997-12-31
FFES,115013,115013,firstpricedate,1987-06-24,1997-12-31
PPOD,121410,121410,firstpricedate,1997-06-11,1997-12-31
DRAI1,122007,122007,firstpricedate,1992-07-01,1997-12-31
BBC.A,120437,120437,firstpricedate,1986-01-01,1997-12-31
FCME,121378,121378,firstpricedate,1996-07-25,1997-12-31
AGC1,121885,121885,firstpricedate,1986-01-01,1997-12-31
MNMD1,121916,121916,firstpricedate,1995-07-25,1997-12-31
STVI1,121969,121969,firstpricedate,1986-01-01,1997-12-31
RMDY,121481,121481,firstpricedate,1995-03-17,1997-12-31
PAG1,121463,121463,firstpricedate,1994-02-10,1997-12-31
SIDY,109679,109679,firstpricedate,1986-01-01,1997-12-31
NPIX,120424,120424,firstpricedate,1994-06-28,1997-12-31
FOTO1,121628,121628,firstpricedate,1986-05-08,1997-12-31
MBNEQ,121635,121635,firstpricedate,1993-02-05,1997-12-31
GDC1,121571,121571,firstpricedate,1986-01-01,1997-12-31
BOG,122095,122095,firstpricedate,1996-03-26,1997-12-31
AMESQ,122135,122135,firstpricedate,1993-04-22,1997-12-31
AVRT1,121138,121138,firstpricedate,1994-12-08,1997-12-31
FILM,119689,119689,firstpricedate,1993-05-13,1997-12-31
MYTNQ,122075,122075,firstpricedate,1997-06-11,1997-12-31
DTMC,121436,121436,firstpricedate,1997-05-02,1997-12-31
SCOPY,115167,115167,firstpricedate,1997-03-06,1997-12-31
VTCHQ,121398,121398,firstpricedate,1996-11-04,1997-12-31
NWSS,114497,114497,firstpricedate,1993-04-28,1997-12-31
SGT1,119675,119675,firstpricedate,1986-01-01,1997-12-31
NESCQ1,120405,120405,firstpricedate,1996-01-24,1997-12-31
INVI,107890,107890,firstpricedate,1986-01-01,1997-12-31
JC,120429,120429,firstpricedate,1991-10-29,1997-12-31
PCRV,122023,122023,firstpricedate,1996-03-01,1997-12-31
TSSS,121611,121611,firstpricedate,1994-03-17,1997-12-31
VFND,116159,116159,firstpricedate,1990-02-20,1997-12-31
KTWO2,104541,104541,firstpricedate,1996-07-26,1997-12-31
NSPK,122056,122056,firstpricedate,1997-05-29,1997-12-31
FLD1,121348,121348,firstpricedate,1994-01-25,1997-12-31
EGR1,121903,121903,firstpricedate,1996-03-27,1997-12-31
MDWYQ,120440,120440,firstpricedate,1997-12-05,1997-12-31
HCDC,122010,122010,firstpricedate,1995-11-07,1997-12-31
MWAR,121451,121451,firstpricedate,1996-04-03,1997-12-31
FVNB,121561,121561,firstpricedate,1994-08-09,1997-12-31
OIL1,120422,120422,firstpricedate,1986-01-01,1997-12-31
CPWY1,120441,120441,firstpricedate,1996-06-13,1997-12-31
HUDS,121514,121514,firstpricedate,1989-04-06,1997-12-31
FMN1,121484,121484,firstpricedate,1986-01-01,1997-12-31
PRTKQ,122022,122022,firstpricedate,1997-02-12,1997-12-31
GTLL,121376,121376,firstpricedate,1995-03-07,1997-12-31
CID1,120403,120403,firstpricedate,1989-04-21,1997-12-31
SMCC1,121921,121921,firstpricedate,1995-01-20,1997-12-31
FNCE,121670,121670,firstpricedate,1997-09-23,1997-12-31
CNIT1,121112,121112,firstpricedate,1992-08-06,1997-12-31
HTN,120407,120407,firstpricedate,1986-01-01,1997-12-31
DMM.B,635684,635684,firstpricedate,1995-07-14,1997-12-31
BRR1,121968,121968,firstpricedate,1986-01-01,1997-12-31
RTRN,116086,116086,firstpricedate,1996-11-13,1997-12-31
OAT,114881,114881,firstpricedate,1986-01-01,1997-12-31
SUND1,122092,122092,firstpricedate,1986-06-27,1997-12-31
IMSC1,121479,121479,firstpricedate,1995-07-21,1997-12-31
HSE,121944,121944,firstpricedate,1992-11-24,1997-12-31
FFA1,121988,121988,firstpricedate,1994-06-29,1997-12-31
CCN1,116154,116154,firstpricedate,1986-01-01,1997-12-31
ICCXQ,121155,121155,firstpricedate,1996-09-05,1997-12-31
ELOT,121566,121566,firstpricedate,1986-01-01,1997-12-31
LROD,114501,114501,firstpricedate,1990-10-15,1997-12-31
NCBM,114878,114878,firstpricedate,1986-01-01,1997-12-31
UTVI,121661,121661,firstpricedate,1986-01-01,1997-12-31
SUNQ,122108,122108,firstpricedate,1996-05-31,1997-12-31
PAMX,121624,121624,firstpricedate,1986-01-01,1997-12-31
UNO,121655,121655,firstpricedate,1987-06-10,1997-12-31
WBB1,121119,121119,firstpricedate,1986-01-01,1997-12-31
BHC.A,121991,121991,firstpricedate,1990-01-11,1997-12-31
IMRS,122006,122006,firstpricedate,1996-11-08,1997-12-31
MTST1,121887,121887,firstpricedate,1992-10-30,1997-12-31
HMLOQ,121983,121983,firstpricedate,1992-10-28,1997-12-31
TSAR,121986,121986,firstpricedate,1986-01-01,1997-12-31
NIS1,121888,121888,firstpricedate,1996-05-08,1997-12-31
HZP,121665,121665,firstpricedate,1997-07-09,1997-12-31
GIFH,121630,121630,firstpricedate,1996-05-03,1997-12-31
MLOG,122021,122021,firstpricedate,1986-05-15,1997-12-31
CLT,115209,115209,firstpricedate,1986-01-01,1997-12-31
EGAS1,121618,121618,firstpricedate,1997-05-28,1997-12-31
CBG1,122085,122085,firstpricedate,1996-11-26,1997-12-31
KFI1,120435,120435,firstpricedate,1990-07-05,1997-12-31
SAWS1,122008,122008,firstpricedate,1996-05-01,1997-12-31
SKYM,122042,122042,firstpricedate,1996-12-11,1997-12-31
CNTB1,115206,115206,firstpricedate,1992-07-02,1997-12-31
ISAC,106484,106484,firstpricedate,1997-12-18,1997-12-31
ABSC,121920,121920,firstpricedate,1997-06-19,1997-12-31
DMM.A,115194,115194,firstpricedate,1995-07-17,1997-12-31
GNMP,123587,123587,firstpricedate,1996-05-16,1997-12-31
ILFO,122005,122005,firstpricedate,1997-09-19,1997-12-31
POLY1,119671,119671,firstpricedate,1995-09-21,1997-12-31
NTCS,116244,116244,firstpricedate,1990-07-03,1997-12-31
GOU1,121459,121459,firstpricedate,1986-01-01,1997-12-31
CORE1,121088,121088,firstpricedate,1991-12-05,1997-12-31
INFU1,122009,122009,firstpricedate,1992-12-22,1997-12-31
ACMM1,121748,121748,firstpricedate,1995-09-27,1997-12-31
H2,114880,114880,firstpricedate,1986-01-01,1997-12-31
CATP,121963,121963,firstpricedate,1993-04-12,1997-12-31
RACE1,122098,122098,firstpricedate,1992-10-07,1997-12-31
GRCO,120400,120400,firstpricedate,1986-01-01,1997-12-31
ELGT,106612,106612,firstpricedate,1991-12-23,1997-12-31
SFTW1,121491,121491,firstpricedate,1994-04-20,1997-12-31
SPK1,121608,121608,firstpricedate,1993-11-12,1997-12-31
DCS1,115212,115212,firstpricedate,1997-01-31,1997-12-31
MCOM1,121442,121442,firstpricedate,1992-05-01,1997-12-31
ABCL1,121368,121368,firstpricedate,1992-07-07,1997-12-31
BISA,109489,109489,firstpricedate,1994-06-27,1997-12-31
HDVS,115149,115149,firstpricedate,1991-11-26,1997-12-31
BWSI,122012,122012,firstpricedate,1995-09-28,1997-12-31
FOCL1,121594,121594,firstpricedate,1997-12-12,1997-12-31
INBI1,120391,120391,firstpricedate,1995-08-01,1997-12-31
LBC2,115157,115157,firstpricedate,1994-06-30,1997-12-31
AMMBQ,121415,121415,firstpricedate,1986-01-01,1997-12-31
MSCA1,121059,121059,firstpricedate,1986-04-25,1997-12-31
ICIX,121422,121422,firstpricedate,1992-04-30,1997-12-31
CSDS,121678,121678,firstpricedate,1993-04-05,1997-12-31
GNTIY,121505,121505,firstpricedate,1996-04-30,1997-12-31
JRBK,121401,121401,firstpricedate,1994-04-29,1997-12-31
PICM,121167,121167,firstpricedate,1993-06-03,1997-12-31
VCR1,121438,121438,firstpricedate,1987-12-10,1997-12-31
UDTA,121460,121460,firstpricedate,1995-02-01,1997-12-31
INSI1,119677,119677,firstpricedate,1995-12-18,1997-12-31
ATCM,121414,121414,firstpricedate,1986-02-07,1997-12-31
LIFF,121650,121650,firstpricedate,1990-03-07,1997-12-31
KAYE,121168,121168,firstpricedate,1993-08-17,1997-12-31
AZA.A,121512,121512,firstpricedate,1986-01-01,1997-12-31
TNO,121418,121418,firstpricedate,1986-01-01,1997-12-31
OROA,121453,121453,firstpricedate,1993-09-23,1997-12-31
DDIM,116425,116425,firstpricedate,1996-04-01,1997-12-31
AMEP,122127,122127,firstpricedate,1990-04-09,1997-12-31
SDH1,102492,102492,firstpricedate,1993-10-12,1997-12-31
ZMTX,121387,121387,firstpricedate,1997-10-29,1997-12-31
SOMN1,121645,121645,firstpricedate,1997-11-06,1997-12-31
NEON2,120404,120404,firstpricedate,1997-06-18,1997-12-31
CUSM,122061,122061,firstpricedate,1996-10-11,1997-12-31
MAGI1,122110,122110,firstpricedate,1994-03-01,1997-12-31
GCCXQ,122072,122072,firstpricedate,1993-11-23,1997-12-31
HCOIQ,120442,120442,firstpricedate,1993-06-30,1997-12-31
THCG,121878,121878,firstpricedate,1995-08-22,1997-12-31
ILDCY,115117,115117,firstpricedate,1990-12-05,1997-12-31
CUBE1,116151,116151,firstpricedate,1994-04-22,1997-12-31
ELSI,116401,116401,firstpricedate,1988-01-20,1997-12-31
KNT,121910,121910,firstpricedate,1986-06-11,1997-12-31
WACGQ,631667,631667,firstpricedate,1991-10-11,1997-12-31
PLANQ,122096,122096,firstpricedate,1996-05-31,1997-12-31
VCOM,121388,121388,firstpricedate,1996-02-14,1997-12-31
OSH1,121495,121495,firstpricedate,1986-01-01,1997-12-31
ARVX,121508,121508,firstpricedate,1990-02-26,1997-12-31
CSBI1,122084,122084,firstpricedate,1989-12-19,1997-12-31
STCIA,120394,120394,firstpricedate,1986-01-01,1997-12-31
PDSE,114949,114949,firstpricedate,1997-01-23,1997-12-31
ZPLSQ,122358,122358,firstpricedate,1997-04-08,1997-12-31
CBC1,121486,121486,firstpricedate,1990-11-05,1997-12-31
MMX1,115207,115207,firstpricedate,1997-10-30,1997-12-31
CIT.A,122131,122131,firstpricedate,1997-11-13,1997-12-31
HWY,114874,114874,firstpricedate,1994-01-04,1997-12-31
WSTNA,122034,122034,firstpricedate,1986-07-17,1997-12-31
MIGI1,120428,120428,firstpricedate,1987-03-19,1997-12-31
MCN1,121106,121106,firstpricedate,1988-06-01,1997-12-31
EWB,121929,121929,firstpricedate,1993-05-07,1997-12-31
BTZ1,121936,121936,firstpricedate,1993-02-19,1997-12-31
BPAO,120392,120392,firstpricedate,1986-10-08,1997-12-31
FAH,121197,121197,firstpricedate,1986-01-01,1997-12-31
DBRSY,115093,115093,firstpricedate,1986-01-01,1997-12-31
CMSS1,122058,122058,firstpricedate,1996-12-18,1997-12-31
PCBC1,121975,121975,firstpricedate,1995-02-13,1997-12-31
PTEL1,121171,121171,firstpricedate,1994-02-08,1997-12-31
LIT1,120448,120448,firstpricedate,1986-01-01,1997-12-31
MKFCF,115231,115231,firstpricedate,1994-05-05,1997-12-31
TCIX,121386,121386,firstpricedate,1994-02-25,1997-12-31
PNTGF,115238,115238,firstpricedate,1988-06-24,1997-12-31
USAD,121676,121676,firstpricedate,1995-08-08,1997-12-31
USWCQ,116056,116056,firstpricedate,1994-06-14,1997-12-31
SNKI,189016,189016,firstpricedate,1988-03-01,1997-12-31
FRES1,121605,121605,firstpricedate,1994-05-26,1997-12-31
FRTZ,121412,121412,firstpricedate,1992-10-16,1997-12-31
JPMX,122111,122111,firstpricedate,1996-04-30,1997-12-31
ERGO1,121421,121421,firstpricedate,1995-12-14,1997-12-31
UDI1,122119,122119,firstpricedate,1986-01-01,1997-12-31
IXDP,635636,635636,firstpricedate,1991-12-04,1997-12-31
IWHM,121957,121957,firstpricedate,1996-03-11,1997-12-31
CRSC,121430,121430,firstpricedate,1995-08-04,1997-12-31
MTIN,121439,121439,firstpricedate,1995-07-13,1997-12-31
HRMI,116245,116245,firstpricedate,1990-12-20,1997-12-31
FLMK,121597,121597,firstpricedate,1994-06-23,1997-12-31
SVGI,121603,121603,firstpricedate,1986-01-01,1997-12-31
QDRMY,115259,115259,industry,Asset Management,Credit Services
QDRMY,115259,115259,firstpricedate,1993-07-30,1997-12-31
ILCO,122112,122112,firstpricedate,1986-01-01,1997-12-31
HMSI,121434,121434,firstpricedate,1997-07-15,1997-12-31
FLKY,122051,122051,firstpricedate,1996-07-01,1997-12-31
CENB,121897,121897,firstpricedate,1996-12-23,1997-12-31
CMALQ,119676,119676,firstpricedate,1986-06-05,1997-12-31
FANT,121098,121098,industry,Asset Management,Credit Services
SSET1,121909,121909,firstpricedate,1991-10-14,1997-12-31
TDFXQ,121941,121941,firstpricedate,1997-06-25,1997-12-31
SLVR1,121638,121638,firstpricedate,1996-03-27,1997-12-31
FORU1,116005,116005,firstpricedate,1988-02-09,1997-12-31
FRTL,116430,116430,firstpricedate,1986-01-01,1997-12-31
NCOM1,121370,121370,firstpricedate,1990-09-19,1997-12-31
IND1,116390,116390,firstpricedate,1986-01-01,1997-12-31
ADAPQ,122130,122130,firstpricedate,1986-01-01,1997-12-31
VRES,121354,121354,firstpricedate,1986-01-01,1997-12-31
TAC1,121494,121494,firstpricedate,1986-01-01,1997-12-31
WNG1,119419,119419,firstpricedate,1986-01-01,1997-12-31
BARR,121468,121468,firstpricedate,1986-05-29,1997-12-31
MRS,121928,121928,firstpricedate,1996-08-09,1997-12-31
BCHE,115233,115233,firstpricedate,1991-03-21,1997-12-31
TGNT,121380,121380,firstpricedate,1997-11-21,1997-12-31
ASIS,122054,122054,firstpricedate,1997-04-16,1997-12-31
UTI1,121413,121413,firstpricedate,1993-12-08,1997-12-31
OTRX,121951,121951,firstpricedate,1992-01-22,1997-12-31
IBCL1,116226,116226,industry,Conglomerates,Pollution & Treatment Controls
HMLD,114943,114943,firstpricedate,1997-04-15,1997-12-31
SCTT,121417,121417,firstpricedate,1986-01-24,1997-12-31
PRAC,106279,106279,firstpricedate,1996-08-02,1997-12-31
GTR1,115019,115019,firstpricedate,1993-09-23,1997-12-31
FFGI,116170,116170,firstpricedate,1996-07-31,1997-12-31
VYTL,122065,122065,firstpricedate,1996-10-18,1997-12-31
XCEDQ,121081,121081,firstpricedate,1986-05-07,1997-12-31
FSFT,121480,121480,firstpricedate,1993-07-14,1997-12-31
NTRL1,121617,121617,firstpricedate,1997-10-21,1997-12-31
KTCO,121510,121510,firstpricedate,1986-10-24,1997-12-31
MGXI,122013,122013,firstpricedate,1990-06-29,1997-12-31
TSCPQ,116153,116153,firstpricedate,1994-08-11,1997-12-31
QHGI,121105,121105,firstpricedate,1994-05-26,1997-12-31
DZA,122137,122137,firstpricedate,1986-01-01,1997-12-31
DZB,635418,635418,firstpricedate,1986-01-01,1997-12-31
TMTX,114503,114503,firstpricedate,1986-01-01,1997-12-31
WLKNQ,121500,121500,firstpricedate,1997-06-25,1997-12-31
PIXG,641870,641870,firstpricedate,1997-07-16,1997-12-31
BRND1,115255,115255,firstpricedate,1996-03-11,1997-12-31
EROX,107450,107450,firstpricedate,1993-01-26,1997-12-31
WAXS,120397,120397,firstpricedate,1991-08-12,1997-12-31
BWP1,115018,115018,firstpricedate,1994-09-22,1997-12-31
HAI,121967,121967,firstpricedate,1986-01-01,1997-12-31
HWS,121409,121409,firstpricedate,1994-01-26,1997-12-31
FGHLQ,116037,116037,firstpricedate,1997-07-23,1997-12-31
IVCO1,121683,121683,firstpricedate,1994-03-04,1997-12-31
BET,116397,116397,firstpricedate,1986-01-01,1997-12-31
HPRT,121984,121984,firstpricedate,1996-04-26,1997-12-31
BAE,115195,115195,firstpricedate,1986-01-01,1997-12-31
EPTG,119683,119683,firstpricedate,1996-07-09,1997-12-31
FUSN1,116242,116242,firstpricedate,1994-04-22,1997-12-31
ECA1,115159,115159,firstpricedate,1997-06-09,1997-12-31
MBTA,120409,120409,firstpricedate,1995-09-01,1997-12-31
KLOC,122097,122097,firstpricedate,1988-12-06,1997-12-31
HFD.A,116166,116166,firstpricedate,1996-04-18,1997-12-31
WCIIQ,121679,121679,firstpricedate,1991-04-03,1997-12-31
EDCO,121384,121384,firstpricedate,1986-07-30,1997-12-31
AGCH,121424,121424,firstpricedate,1995-04-24,1997-12-31
MRCHQ,116063,116063,firstpricedate,1996-05-06,1997-12-31
CKEY,115301,115301,firstpricedate,1997-12-19,1997-12-31
DS1,119684,119684,firstpricedate,1987-10-06,1997-12-31
MIGS,119680,119680,firstpricedate,1996-03-21,1997-12-31
LECH,122067,122067,firstpricedate,1989-07-21,1997-12-31
MIKL,119693,119693,firstpricedate,1987-05-01,1997-12-31
FFH1,121506,121506,firstpricedate,1996-07-23,1997-12-31
WIDE,121358,121358,firstpricedate,1995-12-18,1997-12-31
PWCCQ,121462,121462,firstpricedate,1996-02-14,1997-12-31
TRIP1,120396,120396,firstpricedate,1997-08-13,1997-12-31
DMDS,122122,122122,firstpricedate,1997-05-09,1997-12-31
CDWI,121904,121904,firstpricedate,1997-01-22,1997-12-31
CCRO,121985,121985,firstpricedate,1993-11-24,1997-12-31
BGA.B,115011,115011,firstpricedate,1994-11-17,1997-12-31
MHI1,122083,122083,firstpricedate,1996-03-11,1997-12-31
APUUY,115293,115293,firstpricedate,1995-04-10,1997-12-31
GPSI1,121610,121610,firstpricedate,1997-06-20,1997-12-31
ADTCQ,122082,122082,firstpricedate,1993-09-10,1997-12-31
RAYS1,121953,121953,firstpricedate,1993-06-09,1997-12-31
BCPUQ,121357,121357,firstpricedate,1988-12-20,1997-12-31
FFD1,116246,116246,firstpricedate,1993-11-05,1997-12-31
INIS,196848,196848,firstpricedate,1997-08-14,1997-12-31
ACEI1,116076,116076,firstpricedate,1997-08-01,1997-12-31
MCLL,121517,121517,firstpricedate,1993-07-16,1997-12-31
LSO1,115202,115202,firstpricedate,1993-06-09,1997-12-31
WLNK,121891,121891,firstpricedate,1996-06-14,1997-12-31
OK,122093,122093,firstpricedate,1986-01-01,1997-12-31
OSFT,121501,121501,firstpricedate,1996-11-12,1997-12-31
SMPLF,121058,121058,firstpricedate,1996-03-20,1997-12-31
EGAM,121955,121955,firstpricedate,1995-10-13,1997-12-31
MRKF,121622,121622,firstpricedate,1997-03-27,1997-12-31
BTOB,121174,121174,firstpricedate,1997-05-15,1997-12-31
MAII,121107,121107,firstpricedate,1996-10-11,1997-12-31
MOR1,121485,121485,firstpricedate,1986-01-01,1997-12-31
GOSB,121435,121435,firstpricedate,1997-07-09,1997-12-31
ARTT,116350,116350,firstpricedate,1996-11-07,1997-12-31
TRIC,120413,120413,firstpricedate,1993-09-30,1997-12-31
VGCO,122027,122027,firstpricedate,1996-10-11,1997-12-31
CHANF,121175,121175,firstpricedate,1986-06-09,1997-12-31
EDIN,122107,122107,firstpricedate,1994-04-15,1997-12-31
BAYB,121649,121649,firstpricedate,1997-11-06,1997-12-31
MWSI,121586,121586,firstpricedate,1997-02-28,1997-12-31
IPL1,121578,121578,firstpricedate,1986-01-01,1997-12-31
MAV1,115198,115198,firstpricedate,1997-01-08,1997-12-31
FLO.A,121982,121982,firstpricedate,1986-01-01,1997-12-31
LNDL,121483,121483,firstpricedate,1986-01-01,1997-12-31
ICL1,120401,120401,firstpricedate,1987-08-25,1997-12-31
AVTMQ,121426,121426,firstpricedate,1997-10-31,1997-12-31
TNCXQ,116079,116079,firstpricedate,1995-05-12,1997-12-31
TCII,121656,121656,firstpricedate,1986-01-01,1997-12-31
ELET,121640,121640,firstpricedate,1993-06-09,1997-12-31
ESPIQ,121178,121178,firstpricedate,1995-03-03,1997-12-31
TXLI,121427,121427,firstpricedate,1994-05-27,1997-12-31
OOC,122106,122106,firstpricedate,1990-04-02,1997-12-31
AVC,122088,122088,firstpricedate,1996-03-12,1997-12-31
ECSG,115208,115208,firstpricedate,1996-12-16,1997-12-31
DEMP,122017,122017,firstpricedate,1988-06-30,1997-12-31
UNMG,121894,121894,firstpricedate,1994-08-12,1997-12-31
RMY.A,116025,116025,firstpricedate,1997-12-18,1997-12-31
XIRC,122032,122032,firstpricedate,1992-03-31,1997-12-31
TRGA,121930,121930,firstpricedate,1996-04-01,1997-12-31
HRZ.A,120411,120411,firstpricedate,1997-04-25,1997-12-31
TUSC,121966,121966,firstpricedate,1988-07-21,1997-12-31
STRXQ,122057,122057,firstpricedate,1997-06-12,1997-12-31
BOLDQ,122126,122126,firstpricedate,1996-05-01,1997-12-31
CNP.B,121875,121875,firstpricedate,1986-01-01,1997-12-31
CNP.A,635415,635415,firstpricedate,1986-01-01,1997-12-31
SRCM,121873,121873,firstpricedate,1995-12-08,1997-12-31
BPLX,121400,121400,firstpricedate,1994-06-21,1997-12-31
GSY1,121429,121429,firstpricedate,1986-01-01,1997-12-31
CAPS1,121591,121591,firstpricedate,1994-01-21,1997-12-31
ELVN1,121567,121567,firstpricedate,1992-03-26,1997-12-31
ATOM1,121341,121341,firstpricedate,1994-05-18,1997-12-31
FSPT,121886,121886,firstpricedate,1997-07-09,1997-12-31
CYCH,120444,120444,firstpricedate,1996-02-15,1997-12-31
FRW1,121596,121596,firstpricedate,1995-06-27,1997-12-31
EFS,121161,121161,firstpricedate,1992-02-13,1997-12-31
DCBI,121450,121450,firstpricedate,1996-11-21,1997-12-31
AVI,121937,121937,firstpricedate,1997-09-24,1997-12-31
WSTR1,121962,121962,firstpricedate,1994-01-10,1997-12-31
RLC,121890,121890,firstpricedate,1986-01-01,1997-12-31
SUB1,120447,120447,firstpricedate,1986-01-01,1997-12-31
RSFC,102955,102955,firstpricedate,1986-01-01,1997-12-31
IOI,120434,120434,firstpricedate,1989-07-14,1997-12-31
JM,119686,119686,firstpricedate,1986-01-01,1997-12-31
USB1,640275,640275,firstpricedate,1986-01-01,1997-12-31
DTEK,121592,121592,firstpricedate,1986-03-26,1997-12-31
MPSI,121488,121488,firstpricedate,1995-09-26,1997-12-31
NSLB,121642,121642,firstpricedate,1995-06-08,1997-12-31
CNRS,120402,120402,firstpricedate,1994-10-20,1997-12-31
HENL,121445,121445,firstpricedate,1997-07-01,1997-12-31
ART1,121572,121572,firstpricedate,1996-11-04,1997-12-31
HFSA,121632,121632,firstpricedate,1995-09-29,1997-12-31
CSBK1,115020,115020,firstpricedate,1988-07-27,1997-12-31
RNIC,121625,121625,firstpricedate,1986-01-01,1997-12-31
DIN.L,635470,635470,firstpricedate,1994-08-08,1997-12-31
ACVC,121636,121636,firstpricedate,1993-12-14,1997-12-31
BDY1,121990,121990,firstpricedate,1986-01-01,1997-12-31
TCA,122035,122035,firstpricedate,1989-01-12,1997-12-31
PRGP,121402,121402,firstpricedate,1994-10-18,1997-12-31
SDLI,122087,122087,firstpricedate,1995-03-16,1997-12-31
KERA,120421,120421,firstpricedate,1995-07-28,1997-12-31
CCBEF,114500,114500,firstpricedate,1987-09-09,1997-12-31
NMC1,115210,115210,firstpricedate,1986-01-01,1997-12-31
AMSI1,114995,114995,firstpricedate,1996-07-01,1997-12-31
MTSI2,121961,121961,firstpricedate,1992-06-30,1997-12-31
HARY,121379,121379,firstpricedate,1993-05-20,1997-12-31
JSBA,119674,119674,firstpricedate,1993-04-08,1997-12-31
TVGTF,115244,115244,firstpricedate,1993-08-17,1997-12-31
PNB1,122128,122128,firstpricedate,1992-05-19,1997-12-31
BNKU1,114955,114955,firstpricedate,1996-08-12,1997-12-31
AFWY,121581,121581,firstpricedate,1989-03-30,1997-12-31
LMRK1,122062,122062,firstpricedate,1991-08-01,1997-12-31
DIN1,115026,115026,firstpricedate,1993-04-01,1997-12-31
CAIR,121396,121396,firstpricedate,1997-07-30,1997-12-31
MTLX,121458,121458,firstpricedate,1986-01-01,1997-12-31
VDC1,122080,122080,firstpricedate,1986-01-01,1997-12-31
UK1,121943,121943,firstpricedate,1986-01-01,1997-12-31
SOC1,121515,121515,firstpricedate,1992-08-19,1997-12-31
KVCO,121980,121980,firstpricedate,1996-11-01,1997-12-31
BSNX,121598,121598,firstpricedate,1992-05-13,1997-12-31
AGS1,121493,121493,firstpricedate,1997-11-18,1997-12-31
FTERQ,121509,121509,firstpricedate,1986-10-10,1997-12-31
PMCOQ,121979,121979,firstpricedate,1997-03-12,1997-12-31
BWN,121644,121644,firstpricedate,1996-12-17,1997-12-31
ADV1,122129,122129,firstpricedate,1986-01-01,1997-12-31
MLG1,120445,120445,firstpricedate,1992-02-26,1997-12-31
FLC1,121587,121587,firstpricedate,1986-01-01,1997-12-31
MOQZ,114251,114251,firstpricedate,1993-06-21,1997-12-31
RGTC1,121995,121995,firstpricedate,1996-07-23,1997-12-31
CGP,121946,121946,firstpricedate,1986-01-01,1997-12-31
WSDI,121351,121351,firstpricedate,1986-01-01,1997-12-31
IMP1,120427,120427,firstpricedate,1986-01-01,1997-12-31
ASTX1,122064,122064,firstpricedate,1993-11-10,1997-12-31
PRMX,121595,121595,firstpricedate,1997-01-07,1997-12-31
WLRF,122070,122070,firstpricedate,1988-09-12,1997-12-31
GPM1,121397,121397,firstpricedate,1997-04-01,1997-12-31
WHI1,121452,121452,firstpricedate,1993-02-26,1997-12-31
NTEG,114954,114954,firstpricedate,1996-06-27,1997-12-31
DETC,121350,121350,firstpricedate,1986-01-01,1997-12-31
CAL.A,635447,635447,firstpricedate,1993-09-03,1997-12-31
TREV,121902,121902,firstpricedate,1992-05-11,1997-12-31
CLCXQ,122086,122086,firstpricedate,1995-05-31,1997-12-31
MBNY,121349,121349,firstpricedate,1986-01-01,1997-12-31
CBLI1,122089,122089,firstpricedate,1994-02-10,1997-12-31
GALT1,121620,121620,firstpricedate,1997-07-29,1997-12-31
EWTLQ,121623,121623,firstpricedate,1986-11-18,1997-12-31
ALYS,121950,121950,firstpricedate,1996-11-08,1997-12-31
LIND1,122113,122113,firstpricedate,1986-01-01,1997-12-31
BLOCA,121139,121139,firstpricedate,1986-01-01,1997-12-31
VDNX,121498,121498,firstpricedate,1994-12-16,1997-12-31
TLCM,121629,121629,firstpricedate,1995-07-28,1997-12-31
MDB1,121565,121565,firstpricedate,1990-01-09,1997-12-31
FAVE,110148,110148,firstpricedate,1995-05-03,1997-12-31
CMRN,121674,121674,firstpricedate,1995-04-03,1997-12-31
WSIIQ,121600,121600,firstpricedate,1995-11-14,1997-12-31
STMT,121989,121989,firstpricedate,1986-01-01,1997-12-31
PXP1,115107,115107,firstpricedate,1995-11-03,1997-12-31
TWX1,115434,115434,firstpricedate,1986-01-01,1997-12-31
PIONA,116347,116347,firstpricedate,1995-05-19,1997-12-31
MKS,121677,121677,firstpricedate,1994-05-26,1997-12-31
CNBT,122003,122003,firstpricedate,1997-10-01,1997-12-31
CLNT1,113486,113486,firstpricedate,1994-10-14,1997-12-31
CMIKA,116351,116351,firstpricedate,1986-10-13,1997-12-31
DRC1,121954,121954,firstpricedate,1986-01-01,1997-12-31
BMGCA,116066,116066,firstpricedate,1986-01-01,1997-12-31
GSNX,121507,121507,firstpricedate,1994-03-22,1997-12-31
HOLT,121669,121669,firstpricedate,1997-11-25,1997-12-31
HSTR,116247,116247,firstpricedate,1994-07-13,1997-12-31
SLFC,121389,121389,firstpricedate,1988-01-05,1997-12-31
SHX,121911,121911,firstpricedate,1986-01-01,1997-12-31
RAVEQ,121585,121585,firstpricedate,1996-11-18,1997-12-31
FCNB,120801,120801,firstpricedate,1994-08-30,1997-12-31
CFON,122101,122101,firstpricedate,1994-08-19,1997-12-31
GGEN,121499,121499,firstpricedate,1996-03-27,1997-12-31
OSII,121675,121675,firstpricedate,1995-12-01,1997-12-31
SNB1,121437,121437,firstpricedate,1996-11-04,1997-12-31
EQNX,121901,121901,firstpricedate,1993-04-16,1997-12-31
GNVSQ,103311,103311,firstpricedate,1990-03-27,1997-12-31
HVDC,116053,116053,firstpricedate,1994-02-11,1997-12-31
AXF,122039,122039,firstpricedate,1992-07-16,1997-12-31
EMCO1,121918,121918,firstpricedate,1986-01-01,1997-12-31
CHR1,114484,114484,firstpricedate,1994-07-20,1997-12-31
EGY1,120193,120193,firstpricedate,1992-07-30,1997-12-31
JPM1,110516,110516,firstpricedate,1986-01-01,1997-12-31
CFMT,120362,120362,firstpricedate,1996-06-18,1997-12-31
CNRMF,115291,115291,firstpricedate,1996-02-09,1997-12-31
JWG,120014,120014,firstpricedate,1986-08-28,1997-12-31
PGEXQ,119988,119988,firstpricedate,1996-07-19,1997-12-31
SAJ1,119841,119841,firstpricedate,1986-01-01,1997-12-31
PGEI,121294,121294,firstpricedate,1997-10-21,1997-12-31
SECM,120333,120333,firstpricedate,1987-06-02,1997-12-31
SH1,115213,115213,firstpricedate,1994-08-05,1997-12-31
RPCLF,114486,114486,firstpricedate,1993-09-27,1997-12-31
RSLCF,119783,119783,firstpricedate,1997-10-01,1997-12-31
PCN.A,120324,120324,firstpricedate,1997-06-04,1997-12-31
LDSD,119727,119727,firstpricedate,1993-07-20,1997-12-31
GZEA,120330,120330,firstpricedate,1989-07-27,1997-12-31
LTVCQ,116204,116204,firstpricedate,1993-08-02,1997-12-31
IHHI,121238,121238,firstpricedate,1988-08-17,1997-12-31
HPBC,119777,119777,firstpricedate,1988-08-23,1997-12-31
YND,119957,119957,firstpricedate,1986-01-01,1997-12-31
SBH1,115229,115229,firstpricedate,1989-07-28,1997-12-31
LUMI,121288,121288,firstpricedate,1995-11-15,1997-12-31
HTD1,119883,119883,firstpricedate,1986-01-01,1997-12-31
CCLN,120207,120207,firstpricedate,1996-07-16,1997-12-31
DYHM,119849,119849,firstpricedate,1995-03-13,1997-12-31
CLTR2,116287,116287,firstpricedate,1997-01-29,1997-12-31
DOCD,115200,115200,firstpricedate,1997-05-02,1997-12-31
FFYF,121266,121266,firstpricedate,1993-06-28,1997-12-31
RCO1,115196,115196,firstpricedate,1997-03-12,1997-12-31
VS1,120363,120363,firstpricedate,1994-02-08,1997-12-31
BFX1,119954,119954,firstpricedate,1986-01-01,1997-12-31
LDWIF,115016,115016,firstpricedate,1986-01-01,1997-12-31
LI.A,119769,119769,firstpricedate,1986-01-01,1997-12-31
ZHOM,119782,119782,firstpricedate,1993-05-25,1997-12-31
TACO1,120299,120299,firstpricedate,1992-10-16,1997-12-31
BXM,120151,120151,firstpricedate,1991-08-07,1997-12-31
GZTR,635411,635411,firstpricedate,1994-12-16,1997-12-31
DYHGQ,119850,119850,firstpricedate,1986-01-01,1997-12-31
ADAC1,119768,119768,firstpricedate,1986-01-01,1997-12-31
AXNT,120177,120177,firstpricedate,1996-04-24,1997-12-31
HSDC,120359,120359,firstpricedate,1996-03-05,1997-12-31
CTAL,121271,121271,firstpricedate,1993-02-09,1997-12-31
EPYSQ,115443,115443,firstpricedate,1993-08-13,1997-12-31
CNSI1,120308,120308,firstpricedate,1991-06-06,1997-12-31
SMPS,121250,121250,firstpricedate,1986-01-01,1997-12-31
QSYSQ,119890,119890,firstpricedate,1993-05-12,1997-12-31
NVB,635653,635653,firstpricedate,1996-09-09,1997-12-31
NATWQ,119943,119943,firstpricedate,1992-05-14,1997-12-31
IHK,119420,119420,firstpricedate,1988-04-27,1997-12-31
CGRTQ,121226,121226,firstpricedate,1989-06-13,1997-12-31
ADMGQ,120693,120693,firstpricedate,1993-09-14,1997-12-31
GELX,120367,120367,firstpricedate,1995-11-08,1997-12-31
SMD1,119729,119729,firstpricedate,1986-01-01,1997-12-31
ABIO1,121234,121234,firstpricedate,1993-07-20,1997-12-31
NA.A,120259,120259,firstpricedate,1995-01-20,1997-12-31
LGE,121239,121239,firstpricedate,1986-01-01,1997-12-31
MARN,119908,119908,firstpricedate,1993-03-18,1997-12-31
ATPC1,121305,121305,firstpricedate,1986-01-01,1997-12-31
NGH,116299,116299,firstpricedate,1991-03-21,1997-12-31
VO1,116412,116412,firstpricedate,1986-01-01,1997-12-31
OFCP,120210,120210,firstpricedate,1994-08-19,1997-12-31
TCPI1,119920,119920,firstpricedate,1995-02-02,1997-12-31
UBMSQ,116274,116274,firstpricedate,1997-12-24,1997-12-31
IDYN1,120105,120105,firstpricedate,1992-01-17,1997-12-31
FORC1,120298,120298,firstpricedate,1995-07-28,1997-12-31
LOGO1,115245,115245,firstpricedate,1989-08-17,1997-12-31
HCOM2,105769,105769,firstpricedate,1997-05-07,1997-12-31
RENE1,120002,120002,firstpricedate,1997-10-10,1997-12-31
WAVO,119805,119805,firstpricedate,1994-10-21,1997-12-31
URMD,119876,119876,firstpricedate,1994-03-10,1997-12-31
RELH,109889,109889,firstpricedate,1986-09-26,1997-12-31
VCIX,121265,121265,firstpricedate,1997-02-12,1997-12-31
TDRPQ,114872,114872,firstpricedate,1996-12-23,1997-12-31
RAIN1,121297,121297,firstpricedate,1995-04-07,1997-12-31
TMSTA,119730,119730,firstpricedate,1988-06-21,1997-12-31
VRBA,120294,120294,firstpricedate,1997-11-06,1997-12-31
HIRI,120190,120190,firstpricedate,1993-07-22,1997-12-31
GSVE,119775,119775,firstpricedate,1997-06-02,1997-12-31
BRBK,121251,121251,firstpricedate,1986-01-01,1997-12-31
FPC,116208,116208,firstpricedate,1986-01-01,1997-12-31
CRPB1,120354,120354,firstpricedate,1986-01-01,1997-12-31
HAVN,119785,119785,firstpricedate,1993-09-23,1997-12-31
AFS.A,119932,119932,firstpricedate,1996-05-08,1997-12-31
DYNX1,119695,119695,firstpricedate,1986-01-01,1997-12-31
NDB,119812,119812,firstpricedate,1987-06-19,1997-12-31
PAS1,119839,119839,firstpricedate,1995-09-20,1997-12-31
TLXN,119698,119698,firstpricedate,1986-01-01,1997-12-31
TXM,121307,121307,firstpricedate,1996-06-27,1997-12-31
INCC1,120319,120319,firstpricedate,1991-12-27,1997-12-31
ACMI,116399,116399,firstpricedate,1993-03-23,1997-12-31
ETW1,116297,116297,firstpricedate,1986-01-01,1997-12-31
MPDI,119949,119949,firstpricedate,1995-09-29,1997-12-31
MSX,114495,114495,firstpricedate,1986-01-01,1997-12-31
WRKS,119973,119973,firstpricedate,1986-01-01,1997-12-31
ROM1,115267,115267,firstpricedate,1986-01-01,1997-12-31
TMSTB,635432,635432,firstpricedate,1988-07-01,1997-12-31
TPAM,121268,121268,firstpricedate,1988-06-20,1997-12-31
BIMC,119748,119748,firstpricedate,1994-04-06,1997-12-31
FJ,119977,119977,firstpricedate,1986-01-01,1997-12-31
SHLLQ,119836,119836,firstpricedate,1996-04-24,1997-12-31
HSB,119871,119871,firstpricedate,1986-01-01,1997-12-31
ENGL,119993,119993,firstpricedate,1992-01-21,1997-12-31
ICH1,121285,121285,firstpricedate,1997-08-05,1997-12-31
EGLO,116295,116295,firstpricedate,1989-12-04,1997-12-31
ACEE,121275,121275,firstpricedate,1986-01-01,1997-12-31
SEG1,119896,119896,firstpricedate,1986-01-01,1997-12-31
PHXX,119906,119906,firstpricedate,1996-07-02,1997-12-31
PUBSF,116383,116383,firstpricedate,1993-06-30,1997-12-31
UPXE,119903,119903,firstpricedate,1993-08-06,1997-12-31
SNBS,110134,110134,firstpricedate,1994-04-11,1997-12-31
SEC,119807,119807,firstpricedate,1993-12-01,1997-12-31
FORS,115201,115201,firstpricedate,1988-11-01,1997-12-31
MNT1,115034,115034,firstpricedate,1987-07-17,1997-12-31
DLIA2,119724,119724,firstpricedate,1996-12-19,1997-12-31
PCCG,120044,120044,firstpricedate,1992-08-31,1997-12-31
LXU1,120108,120108,firstpricedate,1986-09-18,1997-12-31
USFS,116252,116252,firstpricedate,1996-10-28,1997-12-31
SDW,120334,120334,firstpricedate,1986-01-01,1997-12-31
AQLA,114959,114959,firstpricedate,1996-11-01,1997-12-31
MTLM1,119265,119265,firstpricedate,1986-07-30,1997-12-31
EMPIQ,119752,119752,firstpricedate,1986-01-01,1997-12-31
ETVL,116265,116265,firstpricedate,1986-01-01,1997-12-31
EBI1,119749,119749,firstpricedate,1997-12-02,1997-12-31
JLK.A,119905,119905,firstpricedate,1997-06-27,1997-12-31
TWIN1,119741,119741,firstpricedate,1995-01-04,1997-12-31
BURMY,115090,115090,firstpricedate,1986-01-01,1997-12-31
AMBWQ,120353,120353,firstpricedate,1997-11-04,1997-12-31
ICGXQ,116229,116229,firstpricedate,1992-03-20,1997-12-31
CNDO1,120273,120273,firstpricedate,1997-10-01,1997-12-31
AFIS,120104,120104,firstpricedate,1996-07-02,1997-12-31
MQC,116298,116298,firstpricedate,1986-01-01,1997-12-31
WIR,119865,119865,firstpricedate,1986-01-01,1997-12-31
PWTXQ,119794,119794,firstpricedate,1993-03-18,1997-12-31
SBBG,106335,106335,firstpricedate,1986-01-01,1997-12-31
TRUC1,116282,116282,firstpricedate,1997-06-23,1997-12-31
RGC1,121267,121267,firstpricedate,1986-01-01,1997-12-31
CMDCQ,116292,116292,firstpricedate,1992-02-07,1997-12-31
DURA1,120192,120192,firstpricedate,1992-02-07,1997-12-31
HELO1,119726,119726,firstpricedate,1995-04-07,1997-12-31
EFU1,119992,119992,firstpricedate,1986-01-01,1997-12-31
LHSP,120346,120346,firstpricedate,1995-12-01,1997-12-31
ACN1,120373,120373,firstpricedate,1986-09-16,1997-12-31
EI,121231,121231,firstpricedate,1986-01-01,1997-12-31
PDKL,120026,120026,firstpricedate,1990-07-13,1997-12-31
ZONE2,119925,119925,firstpricedate,1996-07-16,1997-12-31
SWKOY,115089,115089,firstpricedate,1996-06-10,1997-12-31
URB,119872,119872,firstpricedate,1993-10-07,1997-12-31
CATB1,120295,120295,firstpricedate,1996-04-18,1997-12-31
NTMG1,115043,115043,firstpricedate,1993-06-04,1997-12-31
AIPN,116268,116268,firstpricedate,1986-12-19,1997-12-31
PWJ1,121302,121302,firstpricedate,1986-01-01,1997-12-31
BOA,120279,120279,firstpricedate,1994-05-12,1997-12-31
GLDFY,115023,115023,firstpricedate,1986-01-01,1997-12-31
DLJ,119688,119688,firstpricedate,1995-10-25,1997-12-31
FNGB1,120078,120078,firstpricedate,1986-01-01,1997-12-31
CG1,121298,121298,firstpricedate,1986-01-01,1997-12-31
IMCX,122169,122169,firstpricedate,1996-06-04,1997-12-31
IROQ1,121237,121237,firstpricedate,1986-01-17,1997-12-31
IWRK,120152,120152,firstpricedate,1993-10-19,1997-12-31
TGO,115300,115300,firstpricedate,1997-06-13,1997-12-31
CTEK1,120266,120266,firstpricedate,1996-07-03,1997-12-31
MBSI,120091,120091,firstpricedate,1986-05-29,1997-12-31
FTF1,120246,120246,firstpricedate,1995-07-07,1997-12-31
GG.B,635891,635891,firstpricedate,1986-01-01,1997-12-31
HAUSQ,119821,119821,firstpricedate,1990-02-23,1997-12-31
CDCM,120140,120140,firstpricedate,1997-01-29,1997-12-31
GVE,120087,120087,firstpricedate,1994-06-16,1997-12-31
MOTOQ,120220,120220,firstpricedate,1986-01-01,1997-12-31
TLSP,119822,119822,firstpricedate,1996-08-08,1997-12-31
RSHX,120337,120337,firstpricedate,1996-09-27,1997-12-31
SOLP,119778,119778,firstpricedate,1994-10-20,1997-12-31
LCOS,119967,119967,firstpricedate,1996-04-02,1997-12-31
CMWL,119904,119904,firstpricedate,1997-02-20,1997-12-31
DNLI1,120072,120072,firstpricedate,1997-11-21,1997-12-31
LSON,119994,119994,firstpricedate,1996-10-09,1997-12-31
NEW2,120282,120282,firstpricedate,1987-05-21,1997-12-31
FLWR,119922,119922,firstpricedate,1992-12-16,1997-12-31
HBIX,120243,120243,firstpricedate,1997-07-03,1997-12-31
MMCN1,120351,120351,firstpricedate,1997-10-29,1997-12-31
CMTI,120255,120255,firstpricedate,1994-10-03,1997-12-31
FSCO1,119713,119713,firstpricedate,1986-01-01,1997-12-31
PIOG,119840,119840,firstpricedate,1986-01-01,1997-12-31
TRGP1,120258,120258,firstpricedate,1989-11-02,1997-12-31
PTII,119902,119902,firstpricedate,1992-12-16,1997-12-31
SYC,119810,119810,firstpricedate,1992-03-31,1997-12-31
SPLH,120292,120292,firstpricedate,1996-10-09,1997-12-31
DEXTQ,6401229,6401229,firstpricedate,1992-08-20,1997-12-31
EAII,120038,120038,firstpricedate,1996-02-29,1997-12-31
LUND,121273,121273,firstpricedate,1987-11-05,1997-12-31
CRCE1,116027,116027,firstpricedate,1986-01-01,1997-12-31
UCM,121224,121224,firstpricedate,1986-01-01,1997-12-31
TTMT,120223,120223,firstpricedate,1993-11-30,1997-12-31
SAA1,114496,114496,firstpricedate,1997-08-07,1997-12-31
NCSAA,120162,120162,firstpricedate,1996-02-14,1997-12-31
CHLD1,116257,116257,firstpricedate,1997-03-19,1997-12-31
BUTI,120214,120214,firstpricedate,1986-03-06,1997-12-31
MKG,119898,119898,firstpricedate,1986-01-01,1997-12-31
NRMI,120278,120278,firstpricedate,1993-08-05,1997-12-31
FFTI1,120149,120149,firstpricedate,1996-01-08,1997-12-31
USAM,119701,119701,firstpricedate,1992-06-18,1997-12-31
PAUHQ,120183,120183,firstpricedate,1993-04-14,1997-12-31
YFED,109888,109888,firstpricedate,1986-01-01,1997-12-31
HARS,116188,116188,firstpricedate,1994-01-26,1997-12-31
TMRK1,121282,121282,firstpricedate,1990-06-29,1997-12-31
DDC1,120361,120361,firstpricedate,1993-10-08,1997-12-31
GNET1,121219,121219,firstpricedate,1997-04-23,1997-12-31
HBFW,120144,120144,firstpricedate,1995-03-30,1997-12-31
INRSA,119843,119843,firstpricedate,1994-06-23,1997-12-31
LPWR,119761,119761,firstpricedate,1997-06-19,1997-12-31
MEDY,119831,119831,firstpricedate,1986-01-01,1997-12-31
IRNE,120181,120181,firstpricedate,1991-05-10,1997-12-31
SIXR,115030,115030,firstpricedate,1997-10-23,1997-12-31
DCTI1,119733,119733,firstpricedate,1997-02-05,1997-12-31
DYPR,119873,119873,firstpricedate,1994-03-11,1997-12-31
NSTA,119764,119764,firstpricedate,1994-01-28,1997-12-31
ABTE,116294,116294,firstpricedate,1994-03-01,1997-12-31
EPIE,120153,120153,firstpricedate,1992-03-31,1997-12-31
KSTN,121244,121244,firstpricedate,1986-01-01,1997-12-31
BGMR,120245,120245,firstpricedate,1996-06-20,1997-12-31
BIAC,119953,119953,firstpricedate,1986-01-01,1997-12-31
UAM1,121308,121308,firstpricedate,1986-08-22,1997-12-31
USC,119708,119708,firstpricedate,1993-03-08,1997-12-31
RHPS,110145,110145,firstpricedate,1995-10-12,1997-12-31
BFO1,116426,116426,firstpricedate,1986-01-01,1997-12-31
JRJR1,120024,120024,firstpricedate,1997-06-26,1997-12-31
WJCO,120291,120291,firstpricedate,1997-02-13,1997-12-31
WYNT,120184,120184,firstpricedate,1986-01-01,1997-12-31
SWLDY,115185,115185,firstpricedate,1996-11-14,1997-12-31
PETC1,119417,119417,firstpricedate,1994-03-18,1997-12-31
AJL,115235,115235,firstpricedate,1994-06-30,1997-12-31
ADPC,119731,119731,firstpricedate,1986-01-01,1997-12-31
BERW,120074,120074,firstpricedate,1997-10-29,1997-12-31
CRCL1,120056,120056,firstpricedate,1986-01-01,1997-12-31
HMTT,120032,120032,firstpricedate,1996-03-13,1997-12-31
BOCB,121253,121253,firstpricedate,1986-01-01,1997-12-31
MLKIQ,119911,119911,firstpricedate,1989-01-10,1997-12-31
BNTT,120036,120036,firstpricedate,1996-03-29,1997-12-31
ANMP,120199,120199,firstpricedate,1996-08-21,1997-12-31
HBNK1,120016,120016,firstpricedate,1995-10-16,1997-12-31
RUSMF,115262,115262,firstpricedate,1994-02-22,1997-12-31
OGGI,119918,119918,firstpricedate,1997-02-19,1997-12-31
TSY1,120215,120215,firstpricedate,1986-01-01,1997-12-31
WTX,120196,120196,firstpricedate,1992-12-15,1997-12-31
PGDA,120307,120307,firstpricedate,1994-10-13,1997-12-31
PVY,119875,119875,firstpricedate,1986-01-01,1997-12-31
WCRX2,119837,119837,firstpricedate,1997-08-08,1997-12-31
FAL1,119815,119815,firstpricedate,1997-10-31,1997-12-31
FSVC,119885,119885,firstpricedate,1996-11-27,1997-12-31
LSH1,116304,116304,firstpricedate,1995-11-22,1997-12-31
TLDT,120172,120172,firstpricedate,1996-08-13,1997-12-31
WSH1,115014,115014,firstpricedate,1996-01-23,1997-12-31
TKTL,119964,119964,firstpricedate,1997-10-10,1997-12-31
SNC1,114209,114209,firstpricedate,1996-09-25,1997-12-31
KTLI,106583,106583,firstpricedate,1993-07-19,1997-12-31
MGI1,121309,121309,firstpricedate,1986-01-01,1997-12-31
ITCC1,120001,120001,firstpricedate,1986-01-01,1997-12-31
ESON,120262,120262,firstpricedate,1992-03-04,1997-12-31
AHTCQ,120244,120244,firstpricedate,1996-10-03,1997-12-31
NSD,121301,121301,firstpricedate,1986-01-01,1997-12-31
TTT1,120313,120313,firstpricedate,1986-08-21,1997-12-31
PGNS,119742,119742,firstpricedate,1995-11-22,1997-12-31
VR1,120312,120312,firstpricedate,1986-01-01,1997-12-31
VCAI,114823,114823,firstpricedate,1991-10-11,1997-12-31
NLCS,119975,119975,firstpricedate,1986-01-01,1997-12-31
CARY1,119984,119984,firstpricedate,1997-05-28,1997-12-31
HAMS,121261,121261,firstpricedate,1988-08-09,1997-12-31
BTR1,120050,120050,firstpricedate,1986-01-01,1997-12-31
VRI,121270,121270,firstpricedate,1994-06-28,1997-12-31
UTLX,120369,120369,firstpricedate,1988-03-25,1997-12-31
SOPN,116152,116152,firstpricedate,1994-01-07,1997-12-31
DEX2,119816,119816,firstpricedate,1986-01-01,1997-12-31
IV,119772,119772,firstpricedate,1986-01-01,1997-12-31
BLCI,119986,119986,firstpricedate,1997-05-02,1997-12-31
MMGR,116296,116296,firstpricedate,1989-06-29,1997-12-31
ONHN,120205,120205,firstpricedate,1993-10-06,1997-12-31
PMK,120310,120310,firstpricedate,1986-01-01,1997-12-31
RSPNQ,119870,119870,firstpricedate,1992-10-23,1997-12-31
WOSI,120139,120139,firstpricedate,1997-07-08,1997-12-31
VERD,120068,120068,firstpricedate,1990-09-19,1997-12-31
DFCO1,116288,116288,firstpricedate,1992-04-15,1997-12-31
ECGN,119835,119835,firstpricedate,1987-06-18,1997-12-31
BOR,120066,120066,firstpricedate,1993-01-20,1997-12-31
KINN,120155,120155,firstpricedate,1986-01-01,1997-12-31
SSA,114218,114218,firstpricedate,1997-12-16,1997-12-31
STRO1,119987,119987,firstpricedate,1994-10-12,1997-12-31
SG1,121290,121290,firstpricedate,1993-08-24,1997-12-31
ITEQ1,119728,119728,firstpricedate,1990-12-14,1997-12-31
CHRX,120037,120037,firstpricedate,1996-03-06,1997-12-31
IMSG,114869,114869,firstpricedate,1997-02-24,1997-12-31
CCS1,119737,119737,firstpricedate,1995-12-27,1997-12-31
ATV1,115240,115240,firstpricedate,1986-01-01,1997-12-31
INTF1,120372,120372,firstpricedate,1986-01-01,1997-12-31
BERK1,119884,119884,firstpricedate,1986-01-01,1997-12-31
CTP1,120241,120241,firstpricedate,1986-01-01,1997-12-31
CTG1,114877,114877,firstpricedate,1986-01-01,1997-12-31
ELF1,115044,115044,firstpricedate,1991-06-17,1997-12-31
RLR,119894,119894,firstpricedate,1986-01-01,1997-12-31
PGP1,116279,116279,firstpricedate,1986-01-01,1997-12-31
UNTD1,120116,120116,firstpricedate,1986-01-01,1997-12-31
VIAS1,119990,119990,firstpricedate,1995-03-01,1997-12-31
BEAM1,119928,119928,firstpricedate,1987-07-16,1997-12-31
MAH,121225,121225,firstpricedate,1986-01-01,1997-12-31
HRBF,119754,119754,firstpricedate,1994-08-12,1997-12-31
CDP1,119770,119770,firstpricedate,1986-01-01,1997-12-31
HRMN1,119895,119895,firstpricedate,1986-01-01,1997-12-31
JMED,120371,120371,firstpricedate,1986-06-25,1997-12-31
GON,119923,119923,firstpricedate,1993-04-29,1997-12-31
AFM,120148,120148,firstpricedate,1993-05-11,1997-12-31
UDGI,119855,119855,firstpricedate,1996-02-01,1997-12-31
PCSSQ,120080,120080,firstpricedate,1994-03-29,1997-12-31
CFA1,121223,121223,firstpricedate,1986-01-01,1997-12-31
FCLX,119750,119750,firstpricedate,1996-11-06,1997-12-31
BTBTY,115242,115242,firstpricedate,1989-11-28,1997-12-31
FONE1,121264,121264,firstpricedate,1996-12-18,1997-12-31
SJM.B,635642,635642,firstpricedate,1991-09-19,1997-12-31
ROSI,116045,116045,firstpricedate,1997-10-13,1997-12-31
SFS1,119874,119874,firstpricedate,1990-03-09,1997-12-31
DECO1,119972,119972,firstpricedate,1987-02-18,1997-12-31
KMBC,116270,116270,firstpricedate,1997-03-21,1997-12-31
CCTX,116261,116261,firstpricedate,1993-08-19,1997-12-31
BBRC1,119685,119685,firstpricedate,1986-01-01,1997-12-31
IHF1,120086,120086,firstpricedate,1997-11-19,1997-12-31
CTK1,119745,119745,firstpricedate,1986-01-01,1997-12-31
LUCRA,119966,119966,firstpricedate,1995-05-18,1997-12-31
CITA1,120166,120166,firstpricedate,1992-10-23,1997-12-31
NCE,119765,119765,firstpricedate,1986-01-01,1997-12-31
SOLR1,101544,101544,firstpricedate,1995-09-29,1997-12-31
BRGP1,119787,119787,firstpricedate,1995-06-28,1997-12-31
HMYRQ,119793,119793,firstpricedate,1986-01-01,1997-12-31
USDL,116267,116267,firstpricedate,1994-10-21,1997-12-31
TLZ,119863,119863,firstpricedate,1994-07-14,1997-12-31
TKN,116290,116290,firstpricedate,1991-07-25,1997-12-31
QCFB,119901,119901,firstpricedate,1995-04-03,1997-12-31
TNFI,119892,119892,firstpricedate,1996-07-02,1997-12-31
PCOL,119921,119921,firstpricedate,1992-03-24,1997-12-31
TRNDQ,119678,119678,firstpricedate,1994-06-23,1997-12-31
CIC.A,119826,119826,firstpricedate,1996-10-15,1997-12-31
IBK,116301,116301,firstpricedate,1986-01-01,1997-12-31
ANET2,120114,120114,firstpricedate,1995-05-03,1997-12-31
GBI,115031,115031,firstpricedate,1993-11-05,1997-12-31
TCK1,120039,120039,firstpricedate,1995-02-23,1997-12-31
OSIX,120323,120323,firstpricedate,1997-10-24,1997-12-31
CAX,120035,120035,firstpricedate,1993-10-13,1997-12-31
LUNR1,120048,120048,firstpricedate,1990-08-14,1997-12-31
EFAX1,119801,119801,firstpricedate,1997-06-23,1997-12-31
MCBN1,120293,120293,firstpricedate,1989-11-17,1997-12-31
HKT,115015,115015,firstpricedate,1988-12-12,1997-12-31
JASN1,119746,119746,firstpricedate,1987-06-16,1997-12-31
ECP.A,120059,120059,firstpricedate,1989-09-21,1997-12-31
OPTL1,115165,115165,firstpricedate,1997-06-13,1997-12-31
BJICA,119927,119927,firstpricedate,1986-01-01,1997-12-31
MVAC,121254,121254,firstpricedate,1996-04-30,1997-12-31
NLP1,119699,119699,firstpricedate,1987-10-08,1997-12-31
KSEVQ,115211,115211,firstpricedate,1997-08-21,1997-12-31
TRBD,107629,107629,firstpricedate,1997-03-26,1997-12-31
SEWY,119817,119817,firstpricedate,1986-01-01,1997-12-31
QEDC,120204,120204,firstpricedate,1996-10-29,1997-12-31
JSTN,119912,119912,firstpricedate,1986-01-01,1997-12-31
ALYNQ,116258,116258,firstpricedate,1996-10-23,1997-12-31
ANCR,120025,120025,firstpricedate,1994-05-03,1997-12-31
CQ,120159,120159,firstpricedate,1986-01-01,1997-12-31
CBMI,119806,119806,firstpricedate,1992-12-18,1997-12-31
SKCB,119978,119978,firstpricedate,1994-12-08,1997-12-31
PNTK,119814,119814,firstpricedate,1987-02-20,1997-12-31
STCL,119944,119944,firstpricedate,1995-04-21,1997-12-31
RGO,115228,115228,firstpricedate,1986-01-01,1997-12-31
BGALY,115230,115230,firstpricedate,1993-06-14,1997-12-31
HRD1,121257,121257,firstpricedate,1986-01-01,1997-12-31
IBUY1,121269,121269,firstpricedate,1996-03-29,1997-12-31
LHSG,120325,120325,firstpricedate,1997-05-16,1997-12-31
UWR,119933,119933,firstpricedate,1986-01-01,1997-12-31
PERM1,119861,119861,firstpricedate,1994-04-04,1997-12-31
GUCO,120115,120115,firstpricedate,1995-08-14,1997-12-31
CGRM,116263,116263,firstpricedate,1991-10-14,1997-12-31
NKID,114964,114964,firstpricedate,1986-01-01,1997-12-31
LGAM,119830,119830,firstpricedate,1995-12-18,1997-12-31
SPYG1,120208,120208,firstpricedate,1995-06-27,1997-12-31
BNSC,115032,115032,firstpricedate,1997-01-20,1997-12-31
WN,119842,119842,firstpricedate,1986-01-01,1997-12-31
TMANQ,116272,116272,firstpricedate,1992-06-05,1997-12-31
PEEK,120113,120113,firstpricedate,1995-12-29,1997-12-31
ANIC,119947,119947,firstpricedate,1995-02-23,1997-12-31
KLLM,121262,121262,firstpricedate,1986-07-02,1997-12-31
ALGO,119965,119965,firstpricedate,1996-09-26,1997-12-31
CHER,121232,121232,firstpricedate,1986-01-01,1997-12-31
NETTQ,121281,121281,firstpricedate,1995-11-21,1997-12-31
LORX,119998,119998,firstpricedate,1994-08-25,1997-12-31
NBAK,121222,121222,firstpricedate,1986-01-01,1997-12-31
WEAR1,120263,120263,firstpricedate,1986-01-01,1997-12-31
PAGE,119711,119711,firstpricedate,1991-10-02,1997-12-31
UPR,116041,116041,firstpricedate,1995-10-12,1997-12-31
SSC1,119910,119910,firstpricedate,1986-01-01,1997-12-31
TOK1,119670,119670,firstpricedate,1986-01-01,1997-12-31
WDRY,119736,119736,firstpricedate,1996-07-18,1997-12-31
TVGIA,120150,120150,firstpricedate,1993-11-19,1997-12-31
AMVC,120041,120041,firstpricedate,1992-03-10,1997-12-31
GLBE1,120028,120028,firstpricedate,1996-02-08,1997-12-31
MWT,120296,120296,firstpricedate,1994-04-11,1997-12-31
SAFT1,120042,120042,firstpricedate,1993-04-14,1997-12-31
RXSD,119784,119784,firstpricedate,1993-06-18,1997-12-31
PTETQ,120031,120031,firstpricedate,1996-03-12,1997-12-31
ARV,120063,120063,firstpricedate,1986-01-01,1997-12-31
BTIC,119860,119860,firstpricedate,1997-02-05,1997-12-31
OV,120062,120062,firstpricedate,1986-03-20,1997-12-31
VARL,116271,116271,firstpricedate,1994-04-21,1997-12-31
SMS1,120058,120058,firstpricedate,1986-01-01,1997-12-31
FSA1,120688,120688,firstpricedate,1994-05-06,1997-12-31
CCB1,120188,120188,firstpricedate,1986-01-01,1997-12-31
CBXC,120076,120076,firstpricedate,1995-07-28,1997-12-31
GNCN,119844,119844,firstpricedate,1994-11-09,1997-12-31
NBOC,115037,115037,firstpricedate,1994-12-16,1997-12-31
GTE1,119833,119833,firstpricedate,1986-01-01,1997-12-31
APEX1,119858,119858,firstpricedate,1997-02-19,1997-12-31
SGVB,120261,120261,firstpricedate,1995-06-29,1997-12-31
TMD,120332,120332,firstpricedate,1986-01-01,1997-12-31
SVTG,120370,120370,firstpricedate,1986-01-01,1997-12-31
THI1,119897,119897,firstpricedate,1986-08-05,1997-12-31
USW,120217,120217,firstpricedate,1986-01-01,1997-12-31
SOCT,119781,119781,firstpricedate,1995-08-17,1997-12-31
ECGOQ,120355,120355,firstpricedate,1990-10-24,1997-12-31
INFRA,119743,119743,firstpricedate,1995-06-30,1997-12-31
MND.B,635445,635445,firstpricedate,1992-06-25,1997-12-31
IIR,120320,120320,firstpricedate,1997-11-14,1997-12-31
DAYR,102370,102370,firstpricedate,1992-03-11,1997-12-31
SUNL1,121296,121296,firstpricedate,1991-10-03,1997-12-31
VSNA,119941,119941,firstpricedate,1990-08-10,1997-12-31
PAIR1,120281,120281,firstpricedate,1993-09-15,1997-12-31
HLI.A,116269,116269,firstpricedate,1997-05-23,1997-12-31
AZIC,120107,120107,firstpricedate,1986-01-01,1997-12-31
NVX1,120178,120178,firstpricedate,1990-03-02,1997-12-31
WMFG,121276,121276,firstpricedate,1997-12-15,1997-12-31
HDC,119747,119747,firstpricedate,1986-01-01,1997-12-31
MBEW,116262,116262,firstpricedate,1993-11-04,1997-12-31
MECH,115052,115052,firstpricedate,1996-06-26,1997-12-31
TOGA1,120069,120069,firstpricedate,1993-06-23,1997-12-31
TCMSQ,119722,119722,firstpricedate,1997-10-30,1997-12-31
CHA1,120186,120186,firstpricedate,1986-01-01,1997-12-31
HWM1,120099,120099,firstpricedate,1997-11-26,1997-12-31
MFFC,121258,121258,firstpricedate,1994-10-07,1997-12-31
CPP1,119766,119766,firstpricedate,1997-04-16,1997-12-31
WLA,120185,120185,firstpricedate,1986-01-01,1997-12-31
RHH,120158,120158,firstpricedate,1986-01-01,1997-12-31
FCBIB,119991,119991,firstpricedate,1993-11-01,1997-12-31
HRBC,119942,119942,firstpricedate,1995-08-22,1997-12-31
CVI2,119706,119706,firstpricedate,1986-01-01,1997-12-31
DSD.A,120705,120705,firstpricedate,1996-06-20,1997-12-31
CNCX,121242,121242,firstpricedate,1997-08-01,1997-12-31
FCBIA,111028,111028,firstpricedate,1986-01-01,1997-12-31
CSR1,120187,120187,firstpricedate,1986-01-01,1997-12-31
FBCG1,120305,120305,firstpricedate,1993-12-01,1997-12-31
MWWW,119889,119889,firstpricedate,1995-11-08,1997-12-31
FRAE,120328,120328,firstpricedate,1993-10-01,1997-12-31
URT1,119930,119930,firstpricedate,1986-01-01,1997-12-31
UMG,635655,635655,firstpricedate,1995-10-27,1997-12-31
RIDG,120203,120203,firstpricedate,1996-11-01,1997-12-31
CNSB,114868,114868,firstpricedate,1996-06-13,1997-12-31
KOL1,120061,120061,firstpricedate,1986-01-01,1997-12-31
EYES1,119732,119732,firstpricedate,1997-08-19,1997-12-31
IPI1,120247,120247,firstpricedate,1994-09-27,1997-12-31
FNCO,120145,120145,firstpricedate,1992-08-12,1997-12-31
CTEN,120023,120023,firstpricedate,1997-07-02,1997-12-31
FTSB1,119951,119951,firstpricedate,1995-06-28,1997-12-31
SXTN,116033,116033,firstpricedate,1997-06-26,1997-12-31
XLL,115136,115136,firstpricedate,1990-04-09,1997-12-31
TMC.A,116375,116375,firstpricedate,1986-01-01,1997-12-31
GTII1,119899,119899,firstpricedate,1986-01-01,1997-12-31
CAB1,119968,119968,firstpricedate,1994-03-29,1997-12-31
DC1,116416,116416,firstpricedate,1986-10-07,1997-12-31
ASDV,119759,119759,firstpricedate,1996-05-24,1997-12-31
BENGF,115305,115305,firstpricedate,1986-01-01,1997-12-31
SK2,116300,116300,firstpricedate,1986-01-01,1997-12-31
NZSKY,115137,115137,firstpricedate,1997-12-10,1997-12-31
NSOL,120022,120022,firstpricedate,1997-09-26,1997-12-31
GOAL,119705,119705,firstpricedate,1995-12-13,1997-12-31
FDJA,120321,120321,firstpricedate,1997-10-30,1997-12-31
MASK1,120275,120275,firstpricedate,1995-07-21,1997-12-31
PMCP,121284,121284,firstpricedate,1996-06-05,1997-12-31
HSD,120326,120326,firstpricedate,1996-11-13,1997-12-31
SIA,119974,119974,firstpricedate,1986-01-01,1997-12-31
NSCF,119962,119962,firstpricedate,1991-07-29,1997-12-31
LNCC,120322,120322,firstpricedate,1997-11-06,1997-12-31
MDSLF,115163,115163,firstpricedate,1993-12-22,1997-12-31
AFSC1,119767,119767,firstpricedate,1996-08-13,1997-12-31
THN,116289,116289,firstpricedate,1993-12-10,1997-12-31
CEMX,120049,120049,firstpricedate,1986-07-08,1997-12-31
METS,121249,121249,firstpricedate,1986-01-01,1997-12-31
HRDG,121243,121243,firstpricedate,1987-08-20,1997-12-31
CSYI,120047,120047,firstpricedate,1986-01-01,1997-12-31
SGE1,119284,119284,firstpricedate,1996-10-25,1997-12-31
UTC,115459,115459,firstpricedate,1995-08-22,1997-12-31
TBY,119955,119955,firstpricedate,1986-01-01,1997-12-31
SPFO,120111,120111,firstpricedate,1994-01-11,1997-12-31
CTRX2,121289,121289,firstpricedate,1991-02-26,1997-12-31
MIR1,120265,120265,firstpricedate,1986-01-01,1997-12-31
BDS,120201,120201,firstpricedate,1997-09-25,1997-12-31
CTEA,121272,121272,firstpricedate,1993-07-13,1997-12-31
OWN1,119422,119422,firstpricedate,1996-08-15,1997-12-31
VRC1,116162,116162,firstpricedate,1986-01-01,1997-12-31
TEXP,119940,119940,firstpricedate,1996-12-17,1997-12-31
DOMZ,119790,119790,firstpricedate,1986-01-01,1997-12-31
MODM,119936,119936,firstpricedate,1994-02-10,1997-12-31
CDD,116266,116266,firstpricedate,1986-01-01,1997-12-31
NN1,120360,120360,firstpricedate,1989-07-28,1997-12-31
ENET,119558,119558,firstpricedate,1995-03-09,1997-12-31
DIEG,120097,120097,firstpricedate,1995-03-01,1997-12-31
CTBP1,120141,120141,firstpricedate,1997-02-19,1997-12-31
MSTG1,119827,119827,firstpricedate,1995-04-05,1997-12-31
PCO2,120146,120146,firstpricedate,1992-08-28,1997-12-31
JET,120224,120224,firstpricedate,1986-01-01,1997-12-31
ICPXQ,120213,120213,firstpricedate,1987-09-03,1997-12-31
GSTX1,120075,120075,firstpricedate,1994-03-11,1997-12-31
DBT1,120112,120112,firstpricedate,1996-08-21,1997-12-31
ESAT,115254,115254,firstpricedate,1997-11-10,1997-12-31
WLMR,120365,120365,firstpricedate,1996-01-24,1997-12-31
PLS,119740,119740,firstpricedate,1996-08-16,1997-12-31
EVMD,120134,120134,firstpricedate,1990-12-06,1997-12-31
DAVL,120301,120301,firstpricedate,1993-10-20,1997-12-31
LIPO1,116065,116065,firstpricedate,1986-07-24,1997-12-31
SWBIQ,121021,121021,firstpricedate,1986-01-01,1997-12-31
PLFC,116264,116264,firstpricedate,1986-01-01,1997-12-31
OPTX1,121230,121230,firstpricedate,1986-01-01,1997-12-31
OPSI,120250,120250,firstpricedate,1996-02-14,1997-12-31
TMQ1,120309,120309,firstpricedate,1996-03-19,1997-12-31
TOC1,120077,120077,firstpricedate,1996-06-07,1997-12-31
CWZ,115119,115119,firstpricedate,1997-04-29,1997-12-31
JOS,119958,119958,firstpricedate,1986-01-01,1997-12-31
BKNG1,102318,102318,firstpricedate,1986-01-01,1997-12-31
OEA,120264,120264,firstpricedate,1986-01-01,1997-12-31
RGI1,119917,119917,firstpricedate,1990-07-11,1997-12-31
MPP.A,120290,120290,firstpricedate,1997-02-28,1997-12-31
JII,120283,120283,firstpricedate,1986-01-01,1997-12-31
DODV,119813,119813,firstpricedate,1990-08-21,1997-12-31
PLHYQ,121221,121221,firstpricedate,1996-04-19,1997-12-31
FARC,114493,114493,firstpricedate,1986-01-01,1997-12-31
AERL1,121259,121259,firstpricedate,1996-04-25,1997-12-31
PA1,120380,120380,firstpricedate,1987-07-01,1997-12-31
PPRT,119703,119703,firstpricedate,1996-08-15,1997-12-31
TRVL,119985,119985,firstpricedate,1997-07-23,1997-12-31
SEW,115237,115237,firstpricedate,1991-08-05,1997-12-31
TSII1,121292,121292,firstpricedate,1986-01-01,1997-12-31
RLM1,120375,120375,firstpricedate,1986-01-01,1997-12-31
FGCIQ,120030,120030,firstpricedate,1994-11-17,1997-12-31
CBS1,119707,119707,firstpricedate,1986-01-01,1997-12-31
FLCHF,115204,115204,firstpricedate,1996-12-02,1997-12-31
TRDX1,120109,120109,firstpricedate,1986-01-01,1997-12-31
UH,119913,119913,firstpricedate,1986-01-01,1997-12-31
SPRI1,119800,119800,firstpricedate,1997-10-02,1997-12-31
KTTY,116346,116346,firstpricedate,1996-10-11,1997-12-31
HGFNQ,119714,119714,firstpricedate,1996-11-08,1997-12-31
AZUR1,120285,120285,firstpricedate,1997-08-04,1997-12-31
SITM1,119866,119866,firstpricedate,1997-05-29,1997-12-31
ORTL,120358,120358,firstpricedate,1994-10-21,1997-12-31
WIC,121245,121245,firstpricedate,1986-01-01,1997-12-31
AAP1,115216,115216,firstpricedate,1993-12-16,1997-12-31
DTLN,119792,119792,firstpricedate,1987-02-05,1997-12-31
WAVT,101517,101517,firstpricedate,1994-08-10,1997-12-31
TAP1,119914,119914,firstpricedate,1996-04-23,1997-12-31
ITVU,120018,120018,firstpricedate,1997-11-20,1997-12-31
FTL.A,116276,116276,firstpricedate,1987-03-04,1997-12-31
CNNG,119856,119856,firstpricedate,1997-12-16,1997-12-31
NFO1,120364,120364,firstpricedate,1993-04-08,1997-12-31
MKA,119738,119738,firstpricedate,1997-06-20,1997-12-31
BOP,119808,119808,firstpricedate,1995-04-07,1997-12-31
EUA,116377,116377,firstpricedate,1986-01-01,1997-12-31
TBA1,119888,119888,firstpricedate,1996-09-18,1997-12-31
WMDB,120197,120197,firstpricedate,1986-01-01,1997-12-31
MMI2,119907,119907,firstpricedate,1993-06-24,1997-12-31
ARC1,120336,120336,firstpricedate,1986-01-01,1997-12-31
MYR1,116020,116020,firstpricedate,1986-01-01,1997-12-31
LEAF1,120054,120054,firstpricedate,1986-06-20,1997-12-31
MICAQ,120156,120156,firstpricedate,1987-07-01,1997-12-31
SPLK1,120000,120000,firstpricedate,1996-04-29,1997-12-31
UFS1,121236,121236,firstpricedate,1994-11-16,1997-12-31
TDX1,119762,119762,firstpricedate,1997-03-26,1997-12-31
ATVA,116004,116004,firstpricedate,1996-11-20,1997-12-31
DCR1,120103,120103,firstpricedate,1994-11-01,1997-12-31
TEC1,120335,120335,firstpricedate,1986-01-01,1997-12-31
PDB,119909,119909,firstpricedate,1995-12-08,1997-12-31
CFNC,120173,120173,firstpricedate,1996-11-25,1997-12-31
IMAA,116256,116256,firstpricedate,1997-07-31,1997-12-31
ASHE,120206,120206,firstpricedate,1994-09-26,1997-12-31
FOUR1,120088,120088,firstpricedate,1997-02-07,1997-12-31
TNP1,119934,119934,firstpricedate,1986-01-01,1997-12-31
NW,103959,103959,firstpricedate,1986-10-22,1997-12-31
SSW1,121252,121252,firstpricedate,1986-01-01,1997-12-31
PRRC,120277,120277,firstpricedate,1996-07-17,1997-12-31
SBUFQ,102699,102699,firstpricedate,1988-05-12,1997-12-31
DBGC,119803,119803,firstpricedate,1992-05-12,1997-12-31
ENSC1,109986,109986,firstpricedate,1996-09-25,1997-12-31
VSTA2,120823,120823,firstpricedate,1992-05-19,1997-12-31
AAC1,119789,119789,industry,Asset Management,Credit Services
AAC1,119789,119789,firstpricedate,1992-01-30,1997-12-31
IMTC1,119929,119929,firstpricedate,1986-04-07,1997-12-31
CHSWQ,121248,121248,firstpricedate,1995-04-24,1997-12-31
BMTR,119999,119999,firstpricedate,1996-04-02,1997-12-31
DIIG1,120033,120033,firstpricedate,1993-05-24,1997-12-31
IEI1,109989,109989,firstpricedate,1986-01-01,1997-12-31
GPFI,121229,121229,firstpricedate,1996-08-26,1997-12-31
LEXI1,119919,119919,firstpricedate,1997-05-19,1997-12-31
SIG1,120194,120194,firstpricedate,1986-01-01,1997-12-31
SKVY,119795,119795,firstpricedate,1997-02-13,1997-12-31
PNU1,120147,120147,firstpricedate,1986-01-01,1997-12-31
SWD,119931,119931,firstpricedate,1986-10-24,1997-12-31
COOK1,120067,120067,firstpricedate,1993-07-06,1997-12-31
GLE1,119976,119976,firstpricedate,1986-01-01,1997-12-31
HHFC,120171,120171,firstpricedate,1994-10-07,1997-12-31
MATTQ,120366,120366,firstpricedate,1989-11-09,1997-12-31
MFCB1,120046,120046,firstpricedate,1992-07-21,1997-12-31
ETEC1,119829,119829,firstpricedate,1995-10-24,1997-12-31
LONF,121207,121207,firstpricedate,1996-04-01,1997-12-31
WGHI,120065,120065,firstpricedate,1991-02-28,1997-12-31
TSR,120311,120311,firstpricedate,1996-03-27,1997-12-31
UPUP,119802,119802,firstpricedate,1996-07-02,1997-12-31
NMBT,120073,120073,firstpricedate,1989-01-09,1997-12-31
ICMI,116145,116145,firstpricedate,1997-10-20,1997-12-31
GRH1,120052,120052,firstpricedate,1986-01-01,1997-12-31
TGN1,119950,119950,firstpricedate,1994-08-12,1997-12-31
SE2,119786,119786,firstpricedate,1996-03-08,1997-12-31
TNA.A,120376,120376,firstpricedate,1996-04-17,1997-12-31
TWFC,119963,119963,firstpricedate,1997-11-04,1997-12-31
PSG1,119838,119838,firstpricedate,1986-01-01,1997-12-31
FACO1,116303,116303,firstpricedate,1996-07-29,1997-12-31
ANLG,120101,120101,firstpricedate,1996-03-22,1997-12-31
APR1,120212,120212,firstpricedate,1986-01-01,1997-12-31
PLAY2,120329,120329,firstpricedate,1986-11-17,1997-12-31
NEWQ,120165,120165,firstpricedate,1994-10-11,1997-12-31
ALBC,119879,119879,firstpricedate,1993-07-26,1997-12-31
ABAN,119916,119916,firstpricedate,1996-02-06,1997-12-31
ASIGF1,120289,120289,firstpricedate,1996-12-11,1997-12-31
QUES1,121304,121304,firstpricedate,1990-06-26,1997-12-31
WPIC,116029,116029,firstpricedate,1992-01-23,1997-12-31
CDF,115197,115197,firstpricedate,1997-11-07,1997-12-31
JNS1,119704,119704,firstpricedate,1993-02-18,1997-12-31
GBSE,120163,120163,firstpricedate,1996-02-01,1997-12-31
CLFY,120260,120260,firstpricedate,1995-11-03,1997-12-31
TLTN,119788,119788,firstpricedate,1995-06-09,1997-12-31
ZING1,120284,120284,firstpricedate,1986-01-01,1997-12-31
OLS,120055,120055,firstpricedate,1986-01-01,1997-12-31
ADCC,115101,115101,firstpricedate,1996-11-14,1997-12-31
MEC2,103478,103478,firstpricedate,1987-03-12,1997-12-31
CAER,119926,119926,firstpricedate,1989-10-19,1997-12-31
NWST,119717,119717,firstpricedate,1994-12-01,1997-12-31
TTII1,120102,120102,firstpricedate,1993-07-16,1997-12-31
WHCP,119886,119886,firstpricedate,1997-10-22,1997-12-31
PLSIQ,120100,120100,firstpricedate,1994-11-30,1997-12-31
PTIS,119791,119791,firstpricedate,1986-01-01,1997-12-31
CPU,121260,121260,firstpricedate,1991-12-17,1997-12-31
ANBC,120043,120043,firstpricedate,1991-04-16,1997-12-31
GIBG,119956,119956,firstpricedate,1986-01-01,1997-12-31
JANNF,115220,115220,firstpricedate,1994-08-31,1997-12-31
CINRB,114903,114903,firstpricedate,1994-07-11,1997-12-31
KGHI,116032,116032,firstpricedate,1989-12-15,1997-12-31
EIN,120304,120304,firstpricedate,1996-12-19,1997-12-31
FOM,120368,120368,firstpricedate,1986-01-01,1997-12-31
PTVL1,121241,121241,firstpricedate,1997-11-20,1997-12-31
SBNK1,120154,120154,firstpricedate,1989-12-11,1997-12-31
PTPIY,115035,115035,firstpricedate,1994-07-27,1997-12-31
CNSO,119864,119864,firstpricedate,1993-12-15,1997-12-31
ENBX,120357,120357,firstpricedate,1996-08-02,1997-12-31
PSJEY,119834,119834,firstpricedate,1996-07-23,1997-12-31
SNTL,119845,119845,firstpricedate,1996-03-05,1997-12-31
JOIN,635443,635443,firstpricedate,1986-01-01,1997-12-31
LUCK1,116293,116293,firstpricedate,1993-09-30,1997-12-31
HWLD,120257,120257,firstpricedate,1997-11-21,1997-12-31
LOWGQ,119924,119924,firstpricedate,1990-05-15,1997-12-31
JOINA,119771,119771,firstpricedate,1986-01-01,1997-12-31
CVEO1,120209,120209,firstpricedate,1994-11-14,1997-12-31
ARDT1,120180,120180,firstpricedate,1992-05-14,1997-12-31
ITEC,104377,104377,firstpricedate,1997-05-28,1997-12-31
YES,119818,119818,firstpricedate,1989-07-03,1997-12-31
THR1,119997,119997,firstpricedate,1995-08-24,1997-12-31
PBSF,115025,115025,firstpricedate,1990-01-22,1997-12-31
USWB,119983,119983,firstpricedate,1997-12-05,1997-12-31
WDN,119809,119809,firstpricedate,1994-02-02,1997-12-31
JSB,121295,121295,firstpricedate,1990-06-27,1997-12-31
CEL.L,114222,114222,firstpricedate,1994-06-16,1997-12-31
FSN1,120045,120045,firstpricedate,1994-01-14,1997-12-31
TOWRQ,119763,119763,firstpricedate,1993-11-16,1997-12-31
OMPT,119969,119969,firstpricedate,1996-01-26,1997-12-31
THW1,115221,115221,firstpricedate,1996-09-30,1997-12-31
GECMQ,120374,120374,firstpricedate,1986-06-25,1997-12-31
MRE,119952,119952,firstpricedate,1986-01-01,1997-12-31
ACSC,116286,116286,firstpricedate,1997-06-30,1997-12-31
MENJ,121256,121256,firstpricedate,1992-01-21,1997-12-31
MORP,120167,120167,firstpricedate,1986-01-01,1997-12-31
BOSS1,121303,121303,firstpricedate,1997-11-26,1997-12-31
ABP1,120060,120060,firstpricedate,1986-01-01,1997-12-31
VKSC,120221,120221,firstpricedate,1994-01-04,1997-12-31
RELY1,120034,120034,firstpricedate,1994-03-31,1997-12-31
TGL1,119862,119862,firstpricedate,1994-02-28,1997-12-31
BEST1,120242,120242,firstpricedate,1997-09-30,1997-12-31
CBZ2,120179,120179,firstpricedate,1995-11-17,1997-12-31
CGS1,120175,120175,firstpricedate,1995-03-24,1997-12-31
BOALY,115151,115151,firstpricedate,1990-03-19,1997-12-31
LABN,119848,119848,firstpricedate,1993-12-10,1997-12-31
HBS,121300,121300,firstpricedate,1996-06-20,1997-12-31
INTS1,119971,119971,firstpricedate,1990-03-06,1997-12-31
ORNGY,115308,115308,firstpricedate,1996-03-28,1997-12-31
OPSC,120252,120252,firstpricedate,1995-09-08,1997-12-31
PRY.A,120157,120157,firstpricedate,1990-01-08,1997-12-31
CREN,119725,119725,firstpricedate,1994-10-25,1997-12-31
AEIC,121246,121246,firstpricedate,1986-01-01,1997-12-31
IDEA1,119828,119828,firstpricedate,1996-06-06,1997-12-31
MECN,120138,120138,firstpricedate,1995-12-07,1997-12-31
MBIA,121274,121274,firstpricedate,1993-10-12,1997-12-31
PGS,116275,116275,firstpricedate,1986-01-01,1997-12-31
TSSTQ,120280,120280,firstpricedate,1991-04-25,1997-12-31
SFSK,119804,119804,firstpricedate,1993-11-17,1997-12-31
CNE1,119867,119867,firstpricedate,1986-01-01,1997-12-31
DMC.B,635449,635449,firstpricedate,1986-01-01,1997-12-31
ICHR1,115463,115463,firstpricedate,1995-02-10,1997-12-31
NTMV,121255,121255,firstpricedate,1996-10-11,1997-12-31
VCLL,119878,119878,firstpricedate,1997-03-14,1997-12-31
OCLI,120092,120092,firstpricedate,1986-01-01,1997-12-31
RTEX,121286,121286,firstpricedate,1993-11-19,1997-12-31
VTX,120331,120331,firstpricedate,1986-01-01,1997-12-31
CADE2,119811,119811,firstpricedate,1986-01-01,1997-12-31
FFOH,116291,116291,firstpricedate,1996-03-05,1997-12-31
ACAM1,119700,119700,firstpricedate,1991-10-29,1997-12-31
ELNK1,116081,116081,firstpricedate,1997-01-23,1997-12-31
MWHS1,120195,120195,firstpricedate,1992-12-10,1997-12-31
PRY1,635442,635442,firstpricedate,1986-01-01,1997-12-31
AATT,120064,120064,firstpricedate,1996-01-30,1997-12-31
ITXN,197485,197485,firstpricedate,1994-05-06,1997-12-31
CNKT,116259,116259,firstpricedate,1996-08-16,1997-12-31
JLNY,119825,119825,firstpricedate,1997-03-21,1997-12-31
ILN,114210,114210,firstpricedate,1995-03-15,1997-12-31
PLH,631758,631758,firstpricedate,1997-07-01,1997-12-31
RENX1,119887,119887,firstpricedate,1997-10-08,1997-12-31
TOPS1,120297,120297,firstpricedate,1992-08-11,1997-12-31
SUHI,119734,119734,firstpricedate,1996-05-16,1997-12-31
SPTR,120051,120051,firstpricedate,1986-01-01,1997-12-31
WJ1,116521,116521,firstpricedate,1986-01-01,1997-12-31
WTLK,121287,121287,firstpricedate,1996-04-12,1997-12-31
EISI,120211,120211,firstpricedate,1992-07-10,1997-12-31
CNDS,120274,120274,firstpricedate,1996-09-27,1997-12-31
ASEC1,120327,120327,firstpricedate,1993-03-16,1997-12-31
GRDG,119744,119744,firstpricedate,1995-05-09,1997-12-31
GECC1,120198,120198,firstpricedate,1991-05-22,1997-12-31
CNG,119877,119877,firstpricedate,1986-01-01,1997-12-31
AGR2,115045,115045,firstpricedate,1993-05-13,1997-12-31
FPFXQ,122686,122686,firstpricedate,1996-02-02,1997-12-31
LADF,120216,120216,firstpricedate,1986-01-01,1997-12-31
OAK1,114882,114882,firstpricedate,1986-01-01,1997-12-31
PBTX,120021,120021,firstpricedate,1997-09-26,1997-12-31
SCCS,119832,119832,industry,Conglomerates,Pollution & Treatment Controls
SCCS,119832,119832,firstpricedate,1992-02-27,1997-12-31
AOI.A,121220,121220,firstpricedate,1997-05-23,1997-12-31
NCBH,119891,119891,firstpricedate,1996-08-14,1997-12-31
FERO,120168,120168,firstpricedate,1986-01-01,1997-12-31
MDV1,115066,115066,firstpricedate,1991-10-01,1997-12-31
MTI,121291,121291,firstpricedate,1993-12-06,1997-12-31
ABTXQ,119760,119760,firstpricedate,1995-05-24,1997-12-31
GCTI,116285,116285,firstpricedate,1997-06-18,1997-12-31
SVE,120142,120142,firstpricedate,1996-08-16,1997-12-31
TJCO,121306,121306,firstpricedate,1986-01-01,1997-12-31
CARL1,116064,116064,firstpricedate,1986-01-01,1997-12-31
IMUL,116034,116034,firstpricedate,1991-05-23,1997-12-31
LTCW,120020,120020,firstpricedate,1997-11-25,1997-12-31
ICOR2,116260,116260,firstpricedate,1996-03-15,1997-12-31
PRCN,116187,116187,firstpricedate,1995-07-31,1997-12-31
PEGI1,120303,120303,firstpricedate,1997-02-06,1997-12-31
PSO1,119512,119512,firstpricedate,1986-01-01,1997-12-31
RBDSQ,120143,120143,firstpricedate,1993-11-16,1997-12-31
VVID,120356,120356,firstpricedate,1996-12-11,1997-12-31
SCBS,119739,119739,firstpricedate,1996-12-23,1997-12-31
AGRPA,121313,121313,firstpricedate,1994-12-21,1997-12-31
AGRPB,635683,635683,firstpricedate,1994-12-21,1997-12-31
PMB,120306,120306,firstpricedate,1995-01-26,1997-12-31
PZM,635430,635430,firstpricedate,1993-07-06,1997-12-31
PZX,635429,635429,firstpricedate,1996-01-03,1997-12-31
BNC1,115226,115226,firstpricedate,1986-01-01,1997-12-31
MINT1,119755,119755,firstpricedate,1994-05-24,1997-12-31
COMR,120106,120106,firstpricedate,1986-01-01,1997-12-31
XION,120027,120027,firstpricedate,1996-09-26,1997-12-31
USTB1,121263,121263,firstpricedate,1986-01-01,1997-12-31
CATH1,120040,120040,firstpricedate,1991-07-25,1997-12-31
GLO1,115239,115239,firstpricedate,1988-12-19,1997-12-31
APM1,121233,121233,firstpricedate,1986-01-01,1997-12-31
VSIO,119989,119989,firstpricedate,1995-11-10,1997-12-31
SFIN1,120079,120079,firstpricedate,1995-10-02,1997-12-31
PFG1,116055,116055,firstpricedate,1992-11-02,1997-12-31
WTR1,120057,120057,firstpricedate,1986-01-01,1997-12-31
WEHO,120029,120029,firstpricedate,1996-09-30,1997-12-31
CLN1,119893,119893,firstpricedate,1992-02-26,1997-12-31
CELSD,120300,120300,firstpricedate,1986-07-01,1997-12-31
COR1,120182,120182,firstpricedate,1986-01-01,1997-12-31
GIC1,119723,119723,firstpricedate,1992-06-11,1997-12-31
VIZ,119735,119735,firstpricedate,1997-12-10,1997-12-31
MB1,120053,120053,firstpricedate,1986-01-01,1997-12-31
CFN1,120276,120276,firstpricedate,1996-02-09,1997-12-31
DHMS,119948,119948,firstpricedate,1996-06-20,1997-12-31
RNB,115470,115470,firstpricedate,1986-01-01,1997-12-31
VNTV1,119623,119623,firstpricedate,1995-08-15,1997-12-31
GUAR,116527,116527,firstpricedate,1995-12-21,1997-12-31
GIX1,119507,119507,firstpricedate,1992-08-03,1997-12-31
LEBC,119467,119467,firstpricedate,1994-01-06,1997-12-31
BNV.B,109996,109996,firstpricedate,1997-11-24,1997-12-31
KRE1,119585,119585,firstpricedate,1992-04-09,1997-12-31
GTOSQ,110149,110149,firstpricedate,1986-05-13,1997-12-31
WALL,119560,119560,firstpricedate,1993-03-16,1997-12-31
UROQ,119579,119579,firstpricedate,1996-10-25,1997-12-31
TMPL,119617,119617,firstpricedate,1997-01-29,1997-12-31
XCLT,119564,119564,firstpricedate,1987-08-07,1997-12-31
SNAX1,116499,116499,firstpricedate,1994-01-17,1997-12-31
LKST,119528,119528,firstpricedate,1997-08-15,1997-12-31
IHS1,119641,119641,firstpricedate,1991-04-25,1997-12-31
BEEF,119565,119565,firstpricedate,1986-01-01,1997-12-31
LSVI,116459,116459,firstpricedate,1991-07-19,1997-12-31
RPC1,119600,119600,firstpricedate,1990-01-23,1997-12-31
PRMS,119580,119580,firstpricedate,1995-04-06,1997-12-31
OPEN2,119621,119621,firstpricedate,1991-06-04,1997-12-31
VALN1,119596,119596,firstpricedate,1986-01-01,1997-12-31
IQST1,119390,119390,firstpricedate,1996-03-22,1997-12-31
MGCC,119609,119609,firstpricedate,1986-01-01,1997-12-31
GTRN,119469,119469,firstpricedate,1995-01-04,1997-12-31
GLXW,109990,109990,firstpricedate,1994-06-01,1997-12-31
INZ1,115003,115003,firstpricedate,1994-07-07,1997-12-31
NHMC,115601,115601,firstpricedate,1996-08-15,1997-12-31
GCHI,119557,119557,firstpricedate,1994-09-30,1997-12-31
BIGX,115720,115720,firstpricedate,1997-07-25,1997-12-31
EDUT1,119504,119504,firstpricedate,1997-09-24,1997-12-31
NLC1,119614,119614,firstpricedate,1986-01-01,1997-12-31
RSIS,116460,116460,firstpricedate,1995-07-26,1997-12-31
NWSW,119604,119604,firstpricedate,1993-06-11,1997-12-31
KSBK,119616,119616,firstpricedate,1993-06-24,1997-12-31
CGE,119647,119647,firstpricedate,1986-10-31,1997-12-31
ASM1,119481,119481,firstpricedate,1992-06-26,1997-12-31
CGCA,119567,119567,firstpricedate,1997-03-10,1997-12-31
AWS,119612,119612,firstpricedate,1986-01-01,1997-12-31
ACLE1,116435,116435,firstpricedate,1986-01-01,1997-12-31
KTIE,115484,115484,firstpricedate,1995-02-10,1997-12-31
STII,119595,119595,firstpricedate,1986-01-01,1997-12-31
SIND1,119218,119218,firstpricedate,1996-11-04,1997-12-31
SELA1,115187,115187,firstpricedate,1996-11-27,1997-12-31
STLE1,119527,119527,firstpricedate,1993-11-04,1997-12-31
GSCI,119529,119529,firstpricedate,1996-05-17,1997-12-31
FTNB,119499,119499,firstpricedate,1996-10-18,1997-12-31
LABT1,116472,116472,firstpricedate,1995-12-06,1997-12-31
HQ1,116450,116450,firstpricedate,1996-08-12,1997-12-31
THS1,119587,119587,firstpricedate,1995-08-04,1997-12-31
TLSI1,119505,119505,firstpricedate,1997-07-08,1997-12-31
HRZIQ,116182,116182,firstpricedate,1986-01-01,1997-12-31
ICSL,116336,116336,firstpricedate,1996-01-25,1997-12-31
BGF,119541,119541,firstpricedate,1995-11-22,1997-12-31
OSI1,119586,119586,firstpricedate,1996-04-24,1997-12-31
PGTZ,119509,119509,firstpricedate,1996-04-04,1997-12-31
OHSL,119468,119468,firstpricedate,1993-02-10,1997-12-31
TLTXQ,119515,119515,firstpricedate,1986-01-01,1997-12-31
NVST1,116439,116439,firstpricedate,1997-09-22,1997-12-31
SME,116335,116335,firstpricedate,1986-01-01,1997-12-31
CYM,119517,119517,firstpricedate,1986-01-01,1997-12-31
ENSR1,119545,119545,firstpricedate,1997-03-04,1997-12-31
HON1,119454,119454,firstpricedate,1986-01-01,1997-12-31
NECB1,119511,119511,firstpricedate,1994-11-04,1997-12-31
CAST1,119583,119583,firstpricedate,1994-08-02,1997-12-31
CAII1,119477,119477,firstpricedate,1987-02-26,1997-12-31
MOB1,119513,119513,firstpricedate,1986-01-01,1997-12-31
ASAM1,119618,119618,firstpricedate,1996-05-15,1997-12-31
GSFC,115658,115658,firstpricedate,1996-04-08,1997-12-31
CMETS,119562,119562,firstpricedate,1986-01-01,1997-12-31
JEFF,119555,119555,firstpricedate,1993-11-12,1997-12-31
ITDS,119387,119387,firstpricedate,1996-10-25,1997-12-31
PRH1,115486,115486,firstpricedate,1995-06-19,1997-12-31
SMOD1,119592,119592,firstpricedate,1995-11-17,1997-12-31
OSU,105279,105279,firstpricedate,1994-01-27,1997-12-31
TVLI,119402,119402,firstpricedate,1994-09-21,1997-12-31
STYL1,119576,119576,firstpricedate,1996-11-21,1997-12-31
OXE,119566,119566,firstpricedate,1986-01-01,1997-12-31
WFDS,119590,119590,firstpricedate,1992-04-16,1997-12-31
SIMW,115183,115183,firstpricedate,1995-10-02,1997-12-31
PPW,119632,119632,firstpricedate,1986-01-01,1997-12-31
HOE,115180,115180,firstpricedate,1997-09-25,1997-12-31
HCIA,119620,119620,firstpricedate,1995-02-22,1997-12-31
PESC,119624,119624,firstpricedate,1990-04-17,1997-12-31
WYG,119514,119514,firstpricedate,1986-01-01,1997-12-31
UBS1,115617,115617,firstpricedate,1989-11-29,1997-12-31
ULB,119418,119418,firstpricedate,1986-01-01,1997-12-31
ABDR1,119634,119634,firstpricedate,1996-09-27,1997-12-31
MRLL,119602,119602,firstpricedate,1986-04-24,1997-12-31
BRAI1,124006,124006,firstpricedate,1990-02-28,1997-12-31
AFCX,119556,119556,firstpricedate,1993-12-16,1997-12-31
FCY,119613,119613,firstpricedate,1986-01-01,1997-12-31
KUAL,116500,116500,firstpricedate,1997-06-11,1997-12-31
SSI2,114990,114990,firstpricedate,1995-08-14,1997-12-31
PMI1,119630,119630,firstpricedate,1986-11-24,1997-12-31
SCAN1,631527,631527,firstpricedate,1991-11-08,1997-12-31
TNI,119415,119415,firstpricedate,1994-04-22,1997-12-31
PERC,119408,119408,firstpricedate,1995-11-07,1997-12-31
PPLS,115537,115537,firstpricedate,1994-01-19,1997-12-31
EGGS1,119443,119443,firstpricedate,1988-06-07,1997-12-31
FLFC,114235,114235,firstpricedate,1986-01-01,1997-12-31
DSP1,119439,119439,firstpricedate,1995-03-07,1997-12-31
MPO1,119637,119637,firstpricedate,1994-04-26,1997-12-31
CFTP,115518,115518,firstpricedate,1996-03-27,1997-12-31
DLNK,119591,119591,firstpricedate,1994-02-01,1997-12-31
AR1,119605,119605,firstpricedate,1986-01-01,1997-12-31
UDYN,119569,119569,firstpricedate,1997-06-23,1997-12-31
SEEK1,119470,119470,firstpricedate,1996-06-11,1997-12-31
OC1,119603,119603,firstpricedate,1986-01-01,1997-12-31
SUNP,116434,116434,firstpricedate,1995-01-13,1997-12-31
NRES1,119484,119484,firstpricedate,1987-01-14,1997-12-31
LSNS,119561,119561,firstpricedate,1993-03-30,1997-12-31
CTSI,119404,119404,firstpricedate,1996-04-18,1997-12-31
KWP,116445,116445,firstpricedate,1986-01-01,1997-12-31
NCT1,115249,115249,firstpricedate,1997-05-01,1997-12-31
WEBC1,119552,119552,firstpricedate,1997-06-09,1997-12-31
SIBI,119611,119611,firstpricedate,1996-05-10,1997-12-31
TRON1,119416,119416,firstpricedate,1986-01-01,1997-12-31
WIZTF,115214,115214,firstpricedate,1996-04-19,1997-12-31
FUSE1,119440,119440,firstpricedate,1995-12-15,1997-12-31
CSE1,119482,119482,firstpricedate,1994-06-24,1997-12-31
MAM1,116486,116486,firstpricedate,1990-02-05,1997-12-31
GMCC,119597,119597,firstpricedate,1986-01-01,1997-12-31
PERI1,119619,119619,firstpricedate,1995-03-31,1997-12-31
SUPR1,119490,119490,firstpricedate,1996-03-08,1997-12-31
OFLD,119615,119615,firstpricedate,1997-03-25,1997-12-31
EDFY1,119553,119553,firstpricedate,1996-05-03,1997-12-31
FASI,119575,119575,firstpricedate,1997-03-26,1997-12-31
GSII,119578,119578,firstpricedate,1996-05-10,1997-12-31
MARC,119598,119598,firstpricedate,1986-01-01,1997-12-31
AVCA,119427,119427,firstpricedate,1994-05-10,1997-12-31
IIXC,119393,119393,firstpricedate,1996-07-03,1997-12-31
ADAX,119622,119622,firstpricedate,1994-03-29,1997-12-31
IEC1,110197,110197,firstpricedate,1986-01-01,1997-12-31
THNK1,119460,119460,firstpricedate,1996-11-26,1997-12-31
XOMD,119548,119548,firstpricedate,1996-10-11,1997-12-31
PNT1,119601,119601,firstpricedate,1986-01-01,1997-12-31
SCCB1,119588,119588,firstpricedate,1994-07-07,1997-12-31
ERCI,119563,119563,firstpricedate,1989-04-03,1997-12-31
GLMA,111653,111653,firstpricedate,1994-05-17,1997-12-31
AHE,119410,119410,firstpricedate,1987-02-12,1997-12-31
KNL1,119425,119425,firstpricedate,1997-05-09,1997-12-31
HLX1,119582,119582,firstpricedate,1996-09-26,1997-12-31
TRI2,116437,116437,firstpricedate,1993-05-28,1997-12-31
XLSW,119503,119503,firstpricedate,1997-11-05,1997-12-31
SBTK,119449,119449,firstpricedate,1996-06-21,1997-12-31
MMBL,115225,115225,firstpricedate,1986-01-01,1997-12-31
LTCH1,119474,119474,firstpricedate,1992-02-25,1997-12-31
FEET,119640,119640,firstpricedate,1994-03-09,1997-12-31
ENTS1,119544,119544,firstpricedate,1997-03-21,1997-12-31
EFIC,119537,119537,firstpricedate,1987-06-29,1997-12-31
DITI,119549,119549,firstpricedate,1996-06-13,1997-12-31
OJ,119631,119631,firstpricedate,1986-01-01,1997-12-31
PFX1,119452,119452,firstpricedate,1992-03-18,1997-12-31
AHL1,119453,119453,firstpricedate,1986-01-01,1997-12-31
FMBK,119593,119593,firstpricedate,1993-06-10,1997-12-31
MPN,119446,119446,firstpricedate,1992-02-14,1997-12-31
EGLB,119389,119389,firstpricedate,1996-07-01,1997-12-31
BNK3,110187,110187,firstpricedate,1986-01-01,1997-12-31
FMAX,119457,119457,firstpricedate,1997-11-19,1997-12-31
CEXP1,119550,119550,firstpricedate,1994-09-23,1997-12-31
BMAN,119488,119488,firstpricedate,1997-02-12,1997-12-31
THP,119599,119599,firstpricedate,1987-06-26,1997-12-31
SPD1,119519,119519,firstpricedate,1986-01-01,1997-12-31
CWL,119461,119461,firstpricedate,1995-12-28,1997-12-31
ONST,115476,115476,firstpricedate,1997-08-15,1997-12-31
SPPR1,119584,119584,firstpricedate,1994-04-26,1997-12-31
SNT1,119476,119476,firstpricedate,1986-01-01,1997-12-31
SSAXQ,119626,119626,firstpricedate,1987-02-12,1997-12-31
CPG.G,636460,636460,firstpricedate,1995-07-21,1997-12-31
BCX1,115000,115000,firstpricedate,1996-09-11,1997-12-31
AXHM,119645,119645,firstpricedate,1986-01-01,1997-12-31
IUSAA,635466,635466,firstpricedate,1997-10-10,1997-12-31
KNTK1,119510,119510,firstpricedate,1996-04-17,1997-12-31
ASFN1,116432,116432,industry,Asset Management,Credit Services
ASFN1,116432,116432,firstpricedate,1989-08-09,1997-12-31
GHW,114963,114963,firstpricedate,1986-01-01,1997-12-31
CLRT1,109447,109447,firstpricedate,1997-11-04,1997-12-31
MTWK,116449,116449,firstpricedate,1996-07-10,1997-12-31
MI1,119445,119445,firstpricedate,1986-01-01,1997-12-31
YILD,119447,119447,firstpricedate,1995-11-21,1997-12-31
VUPDA,119543,119543,firstpricedate,1994-07-20,1997-12-31
FTRE1,119409,119409,firstpricedate,1996-03-12,1997-12-31
NCES,119282,119282,firstpricedate,1997-11-11,1997-12-31
CER,116441,116441,firstpricedate,1986-01-01,1997-12-31
INSS,119547,119547,firstpricedate,1996-09-18,1997-12-31
BRI,116457,116457,firstpricedate,1991-07-01,1997-12-31
KOFX,119542,119542,firstpricedate,1997-10-10,1997-12-31
CHF,114879,114879,firstpricedate,1986-01-01,1997-12-31
LVEN1,119570,119570,firstpricedate,1992-02-20,1997-12-31
UTR1,119646,119646,firstpricedate,1986-01-01,1997-12-31
ENML,119572,119572,firstpricedate,1996-10-24,1997-12-31
NMPC,119283,119283,firstpricedate,1990-09-20,1997-12-31
DGN,119568,119568,firstpricedate,1986-01-01,1997-12-31
MTRN1,119414,119414,firstpricedate,1994-06-09,1997-12-31
KREN,116440,116440,firstpricedate,1986-01-01,1997-12-31
HBW,116489,116489,firstpricedate,1986-01-01,1997-12-31
AIT1,119518,119518,firstpricedate,1986-01-01,1997-12-31
WRC1,116451,116451,firstpricedate,1996-01-26,1997-12-31
SAVLY,119554,119554,firstpricedate,1995-11-16,1997-12-31
OAC1,110193,110193,firstpricedate,1997-05-14,1997-12-31
RIBI,119391,119391,firstpricedate,1986-01-01,1997-12-31
CNTO1,119516,119516,firstpricedate,1986-01-01,1997-12-31
ABD1,116446,116446,firstpricedate,1996-11-11,1997-12-31
FLXI1,106293,106293,firstpricedate,1997-12-12,1997-12-31
HNWC,116442,116442,firstpricedate,1997-05-15,1997-12-31
MBLF,119475,119475,firstpricedate,1993-06-24,1997-12-31
LCE,119650,119650,firstpricedate,1994-05-03,1997-12-31
FAM1,119444,119444,firstpricedate,1986-01-01,1997-12-31
CTYA,119524,119524,firstpricedate,1986-02-12,1997-12-31
LUSA,119451,119451,firstpricedate,1992-05-19,1997-12-31
SPBC1,119455,119455,firstpricedate,1987-05-18,1997-12-31
OGNB,114961,114961,firstpricedate,1996-02-14,1997-12-31
PHB1,119463,119463,firstpricedate,1986-01-01,1997-12-31
WRS1,119385,119385,firstpricedate,1987-09-17,1997-12-31
SSM1,119489,119489,firstpricedate,1996-04-01,1997-12-31
VSTN1,116455,116455,firstpricedate,1997-03-03,1997-12-31
SKYT1,119405,119405,firstpricedate,1989-04-10,1997-12-31
PLDI1,119437,119437,firstpricedate,1993-02-18,1997-12-31
REIN,119636,119636,firstpricedate,1993-03-04,1997-12-31
MRET,119403,119403,firstpricedate,1995-06-27,1997-12-31
LBFC,119377,119377,firstpricedate,1997-04-29,1997-12-31
NPTH1,119438,119438,firstpricedate,1995-01-26,1997-12-31
MWBI,119471,119471,firstpricedate,1992-11-12,1997-12-31
BKB,116501,116501,firstpricedate,1986-01-01,1997-12-31
AS1,119478,119478,firstpricedate,1986-01-01,1997-12-31
EVR1,119491,119491,firstpricedate,1996-10-08,1997-12-31
ISN,116458,116458,firstpricedate,1986-01-01,1997-12-31
EGEO,119486,119486,firstpricedate,1997-08-06,1997-12-31
SHDN,119487,119487,firstpricedate,1997-07-07,1997-12-31
RGNT1,119456,119456,firstpricedate,1995-12-21,1997-12-31
PXE1,119413,119413,firstpricedate,1996-06-19,1997-12-31
SBA,116438,116438,firstpricedate,1986-01-01,1997-12-31
MYLX,119492,119492,firstpricedate,1986-01-01,1997-12-31
FRO1,116471,116471,firstpricedate,1986-01-01,1997-12-31
OMQP,119472,119472,firstpricedate,1997-03-21,1997-12-31
UMR,116436,116436,firstpricedate,1986-01-01,1997-12-31
TEMPA,119442,119442,firstpricedate,1987-04-30,1997-12-31
EVAN,110151,110151,firstpricedate,1986-01-01,1997-12-31
DIMD,119462,119462,firstpricedate,1995-04-13,1997-12-31
MARG,119373,119373,firstpricedate,1997-03-05,1997-12-31
BMP,115525,115525,firstpricedate,1986-01-01,1997-12-31
MTNT2,119473,119473,firstpricedate,1996-10-17,1997-12-31
UFD.A,119483,119483,firstpricedate,1986-01-01,1997-12-31
TUR1,119392,119392,firstpricedate,1986-01-01,1997-12-31
UFD,635450,635450,firstpricedate,1986-01-01,1997-12-31
PRO1,116454,116454,firstpricedate,1992-03-19,1997-12-31
DOCSF,115894,115894,firstpricedate,1994-04-29,1997-12-31
COYT,119448,119448,firstpricedate,1997-09-18,1997-12-31
BDTTZ,115912,115912,firstpricedate,1992-11-16,1997-12-31
CPLY1,119450,119450,firstpricedate,1992-10-14,1997-12-31
NINE2,116488,116488,firstpricedate,1995-05-30,1997-12-31
ENSW,119458,119458,firstpricedate,1989-12-28,1997-12-31
EKO,119655,119655,firstpricedate,1986-01-01,1997-12-31
LONDY,115223,115223,firstpricedate,1990-10-03,1997-12-31
MTL1,110215,110215,firstpricedate,1986-01-01,1997-12-31
NEIC,119384,119384,firstpricedate,1986-01-01,1997-12-31
TMXIQ,116487,116487,firstpricedate,1996-06-21,1997-12-31
TRAV,116473,116473,firstpricedate,1995-05-19,1997-12-31
MSBK1,115166,115166,firstpricedate,1992-07-20,1997-12-31
AFLX,116477,116477,firstpricedate,1994-09-28,1997-12-31
MGMA,116447,116447,firstpricedate,1994-03-16,1997-12-31
CIS1,116478,116478,firstpricedate,1986-01-01,1997-12-31
SMCH,116480,116480,firstpricedate,1995-11-14,1997-12-31
UHLD,114479,114479,firstpricedate,1994-09-19,1997-12-31
MDCD,115874,115874,firstpricedate,1993-03-31,1997-12-31
FORL1,115528,115528,firstpricedate,1986-01-01,1997-12-31
TDKM,115563,115563,firstpricedate,1996-07-03,1997-12-31
KINT,115929,115929,firstpricedate,1997-09-12,1997-12-31
EXGN,115552,115552,firstpricedate,1995-07-21,1997-12-31
ESCO1,116332,116332,firstpricedate,1995-04-17,1997-12-31
ICP,115846,115846,firstpricedate,1990-05-02,1997-12-31
SFED,115700,115700,firstpricedate,1995-07-03,1997-12-31
UTLV,115460,115460,firstpricedate,1986-01-01,1997-12-31
PINN1,115523,115523,firstpricedate,1990-03-27,1997-12-31
CLTY,116305,116305,firstpricedate,1992-04-02,1997-12-31
ICNT,119644,119644,firstpricedate,1986-01-01,1997-12-31
CGEN1,115485,115485,firstpricedate,1986-01-01,1997-12-31
MVII,119627,119627,firstpricedate,1986-07-25,1997-12-31
ERSI,116345,116345,firstpricedate,1993-05-03,1997-12-31
ENSO,115764,115764,firstpricedate,1986-02-21,1997-12-31
HMS,116525,116525,firstpricedate,1996-01-03,1997-12-31
SODK,116344,116344,firstpricedate,1993-07-01,1997-12-31
WIT1,115623,115623,firstpricedate,1986-01-01,1997-12-31
RFH,116334,116334,firstpricedate,1988-05-19,1997-12-31
SUGN,119643,119643,firstpricedate,1994-10-04,1997-12-31
CLG2,115598,115598,firstpricedate,1986-01-01,1997-12-31
IACO1,116339,116339,firstpricedate,1997-12-18,1997-12-31
EMPI,115710,115710,firstpricedate,1986-01-01,1997-12-31
BIOC2,102471,102471,firstpricedate,1992-05-14,1997-12-31
FDOT,115892,115892,firstpricedate,1997-08-13,1997-12-31
CONC1,116448,116448,firstpricedate,1995-02-09,1997-12-31
CIS.B,635414,635414,firstpricedate,1988-05-31,1997-12-31
PLPT,116341,116341,firstpricedate,1990-02-27,1997-12-31
WLFI,115716,115716,firstpricedate,1993-09-30,1997-12-31
CNSP1,119648,119648,firstpricedate,1986-01-01,1997-12-31
MATE1,116343,116343,firstpricedate,1994-06-01,1997-12-31
LAIX1,115568,115568,firstpricedate,1997-07-03,1997-12-31
DPRC,115662,115662,firstpricedate,1996-03-07,1997-12-31
IGLC,119441,119441,firstpricedate,1986-01-01,1997-12-31
ARMGQ,115811,115811,firstpricedate,1997-06-20,1997-12-31
SFLX,115701,115701,firstpricedate,1995-08-02,1997-12-31
CLRP,101714,101714,firstpricedate,1992-02-28,1997-12-31
BSE1,114867,114867,firstpricedate,1986-01-01,1997-12-31
GRERF,115222,115222,firstpricedate,1989-02-08,1997-12-31
CES,115671,115671,firstpricedate,1986-01-01,1997-12-31
BSMTQ,116338,116338,firstpricedate,1991-05-02,1997-12-31
OSL,115771,115771,firstpricedate,1986-01-01,1997-12-31
PELRY,115088,115088,firstpricedate,1986-01-01,1997-12-31
DOBQ,116333,116333,firstpricedate,1986-01-01,1997-12-31
AAI1,115596,115596,firstpricedate,1989-08-11,1997-12-31
GSLM,114252,114252,firstpricedate,1988-11-08,1997-12-31
BPTM,116331,116331,firstpricedate,1994-11-30,1997-12-31
GASS1,115684,115684,firstpricedate,1993-10-01,1997-12-31
SCT1,119629,119629,firstpricedate,1989-04-18,1997-12-31
SHPI,106307,106307,firstpricedate,1995-10-25,1997-12-31
SDHM,115494,115494,firstpricedate,1993-07-12,1997-12-31
BLT.B,633905,633905,firstpricedate,1986-01-01,1997-12-31
ABI2,115555,115555,firstpricedate,1986-01-01,1997-12-31
CCMC,115794,115794,firstpricedate,1995-05-10,1997-12-31
WNMP,115542,115542,firstpricedate,1992-02-18,1997-12-31
PZE1,115633,115633,firstpricedate,1986-01-01,1997-12-31
BVSI,115839,115839,firstpricedate,1989-09-07,1997-12-31
CHG1,115731,115731,firstpricedate,1997-04-22,1997-12-31
MICN,115608,115608,firstpricedate,1994-05-12,1997-12-31
VRLN,116530,116530,firstpricedate,1986-01-01,1997-12-31
TEXM,115881,115881,firstpricedate,1990-03-08,1997-12-31
ULTD,115828,115828,firstpricedate,1996-02-20,1997-12-31
RYC,115830,115830,firstpricedate,1986-01-01,1997-12-31
TCAT,119520,119520,firstpricedate,1986-01-01,1997-12-31
RRI1,116523,116523,firstpricedate,1996-02-02,1997-12-31
COSE,116433,116433,firstpricedate,1996-10-04,1997-12-31
CLTDF,115232,115232,firstpricedate,1994-07-14,1997-12-31
DHSM1,115825,115825,firstpricedate,1993-06-25,1997-12-31
LABS2,103014,103014,firstpricedate,1987-07-22,1997-12-31
GNCI1,115876,115876,firstpricedate,1993-01-22,1997-12-31
BREW1,115891,115891,firstpricedate,1994-07-25,1997-12-31
AIFC1,115540,115540,firstpricedate,1986-01-01,1997-12-31
ESSF,115840,115840,firstpricedate,1987-06-12,1997-12-31
GDCOF,101550,101550,firstpricedate,1997-02-12,1997-12-31
LEVL1,115738,115738,firstpricedate,1993-08-20,1997-12-31
KPI,115474,115474,firstpricedate,1986-01-01,1997-12-31
MTRA1,119508,119508,firstpricedate,1995-06-30,1997-12-31
RLLY,115703,115703,firstpricedate,1989-10-16,1997-12-31
TFRC,115898,115898,firstpricedate,1995-12-15,1997-12-31
FCWI,119639,119639,firstpricedate,1995-11-17,1997-12-31
EMLD1,116309,116309,firstpricedate,1993-10-05,1997-12-31
FPXA,115634,115634,firstpricedate,1988-05-19,1997-12-31
ATEN1,115625,115625,firstpricedate,1997-08-01,1997-12-31
ETRC,115756,115756,firstpricedate,1992-06-15,1997-12-31
FWBI1,119625,119625,firstpricedate,1989-05-02,1997-12-31
SPM.A,115009,115009,firstpricedate,1995-05-02,1997-12-31
CEL.D,636237,636237,firstpricedate,1994-06-15,1997-12-31
SMIN1,115744,115744,firstpricedate,1986-01-01,1997-12-31
TKZA,115001,115001,firstpricedate,1990-02-01,1997-12-31
GGGO,115543,115543,firstpricedate,1986-01-01,1997-12-31
ARTE1,115569,115569,firstpricedate,1997-03-13,1997-12-31
BRTL1,115772,115772,firstpricedate,1996-11-18,1997-12-31
ABNTQ,115696,115696,firstpricedate,1986-01-01,1997-12-31
GAC1,115655,115655,firstpricedate,1996-10-11,1997-12-31
AVDL1,115883,115883,firstpricedate,1988-03-31,1997-12-31
LXR,111643,111643,firstpricedate,1994-05-09,1997-12-31
BFI1,115622,115622,firstpricedate,1986-01-01,1997-12-31
SVEIA,115692,115692,firstpricedate,1987-08-28,1997-12-31
OCAD,115864,115864,firstpricedate,1996-03-04,1997-12-31
NXTR,115768,115768,firstpricedate,1994-01-31,1997-12-31
PBNK1,109843,109843,firstpricedate,1988-11-14,1997-12-31
RSV,115656,115656,firstpricedate,1996-09-20,1997-12-31
ALNK,115945,115945,firstpricedate,1994-08-15,1997-12-31
MGN1,119649,119649,firstpricedate,1986-01-01,1997-12-31
CMCI1,115706,115706,firstpricedate,1993-12-10,1997-12-31
INLN,114226,114226,firstpricedate,1987-07-10,1997-12-31
BNBC,116528,116528,firstpricedate,1988-06-03,1997-12-31
DIAGF,115002,115002,firstpricedate,1992-07-17,1997-12-31
VIDI1,115535,115535,firstpricedate,1991-08-28,1997-12-31
NVP,641951,641951,firstpricedate,1986-01-01,1997-12-31
VWRX,115670,115670,firstpricedate,1986-03-04,1997-12-31
TNSU,119394,119394,firstpricedate,1997-05-22,1997-12-31
HCF1,116308,116308,firstpricedate,1996-11-25,1997-12-31
ESQS,115642,115642,firstpricedate,1993-05-19,1997-12-31
PCFC,115498,115498,firstpricedate,1996-08-14,1997-12-31
SPWY,116522,116522,firstpricedate,1996-03-28,1997-12-31
PTI1,115869,115869,firstpricedate,1996-03-25,1997-12-31
TAVA,115531,115531,firstpricedate,1992-06-19,1997-12-31
SEMD,115481,115481,firstpricedate,1996-11-20,1997-12-31
ASCT,115654,115654,firstpricedate,1997-06-02,1997-12-31
HLP1,115506,115506,firstpricedate,1993-11-01,1997-12-31
MMGR1,115833,115833,firstpricedate,1997-01-31,1997-12-31
DRKN,116342,116342,firstpricedate,1986-01-01,1997-12-31
CUI1,115947,115947,firstpricedate,1996-05-15,1997-12-31
ABRX1,115544,115544,firstpricedate,1994-05-27,1997-12-31
BTC1,115508,115508,firstpricedate,1986-01-01,1997-12-31
SVG.B,635318,635318,firstpricedate,1988-09-01,1997-12-31
TA2,116321,116321,firstpricedate,1986-01-01,1997-12-31
TRSM,114478,114478,firstpricedate,1994-02-09,1997-12-31
UMED1,115924,115924,firstpricedate,1986-01-01,1997-12-31
STER1,115775,115775,firstpricedate,1997-08-15,1997-12-31
APCO,115711,115711,firstpricedate,1988-09-29,1997-12-31
NPL,115645,115645,firstpricedate,1996-06-28,1997-12-31
ER,115593,115593,firstpricedate,1994-03-16,1997-12-31
TSSW,115695,115695,firstpricedate,1995-05-22,1997-12-31
WKR,119654,119654,firstpricedate,1986-01-01,1997-12-31
ABBBY,115177,115177,firstpricedate,1986-01-01,1997-12-31
MSDX,111642,111642,firstpricedate,1993-04-06,1997-12-31
NCG,115487,115487,firstpricedate,1986-01-01,1997-12-31
MOSX,115639,115639,firstpricedate,1990-06-11,1997-12-31
HPFC,116319,116319,firstpricedate,1997-02-04,1997-12-31
EDGE1,115816,115816,firstpricedate,1996-07-25,1997-12-31
HACH,115909,115909,firstpricedate,1986-01-01,1997-12-31
CANR1,115668,115668,firstpricedate,1986-01-01,1997-12-31
HACHA,635419,635419,firstpricedate,1997-10-03,1997-12-31
DOCI,115572,115572,firstpricedate,1997-08-25,1997-12-31
MRCM,115866,115866,firstpricedate,1997-07-31,1997-12-31
COCN,114243,114243,firstpricedate,1993-02-01,1997-12-31
DLGC1,102134,102134,firstpricedate,1994-04-12,1997-12-31
COT1,119652,119652,firstpricedate,1992-03-25,1997-12-31
GFIHQ,115524,115524,firstpricedate,1986-01-01,1997-12-31
FPB1,115591,115591,firstpricedate,1997-12-04,1997-12-31
OSHSF,115199,115199,firstpricedate,1986-06-02,1997-12-31
STIM1,115849,115849,firstpricedate,1993-12-16,1997-12-31
JEVC,115795,115795,firstpricedate,1997-10-08,1997-12-31
CFSB1,115520,115520,firstpricedate,1990-06-22,1997-12-31
NMFG,115812,115812,firstpricedate,1987-08-12,1997-12-31
FFWD,115773,115773,firstpricedate,1993-09-01,1997-12-31
ENDG,115807,115807,firstpricedate,1995-09-19,1997-12-31
FSTC2,101535,101535,firstpricedate,1986-03-25,1997-12-31
ORU,115529,115529,firstpricedate,1986-01-01,1997-12-31
RIDE1,116318,116318,firstpricedate,1994-05-06,1997-12-31
PTB,116497,116497,firstpricedate,1993-01-28,1997-12-31
MOKA,115682,115682,firstpricedate,1996-09-26,1997-12-31
CRWF,115879,115879,firstpricedate,1995-05-16,1997-12-31
SJK,115758,115758,firstpricedate,1993-03-12,1997-12-31
RSND,115784,115784,firstpricedate,1993-03-05,1997-12-31
UWW,109839,109839,firstpricedate,1996-12-09,1997-12-31
WKS,119610,119610,firstpricedate,1994-08-18,1997-12-31
NRL1,115901,115901,firstpricedate,1994-07-27,1997-12-31
DFIN1,116474,116474,firstpricedate,1995-10-03,1997-12-31
ALNT1,115918,115918,firstpricedate,1986-01-01,1997-12-31
PAM1,116315,116315,firstpricedate,1990-09-19,1997-12-31
SLP1,115577,115577,firstpricedate,1986-01-01,1997-12-31
PVT1,116169,116169,firstpricedate,1986-01-01,1997-12-31
UFX,115926,115926,firstpricedate,1986-01-01,1997-12-31
SWBS,115539,115539,firstpricedate,1991-07-11,1997-12-31
SKAN,115905,115905,firstpricedate,1986-06-03,1997-12-31
TSBS,115584,115584,firstpricedate,1995-08-04,1997-12-31
RMA1,115008,115008,firstpricedate,1995-06-23,1997-12-31
ITSW,115651,115651,firstpricedate,1997-09-22,1997-12-31
ECSC,111646,111646,firstpricedate,1992-02-06,1997-12-31
ATI1,115762,115762,firstpricedate,1993-12-06,1997-12-31
PWRH,115723,115723,firstpricedate,1991-07-25,1997-12-31
PLAT1,119642,119642,firstpricedate,1991-04-18,1997-12-31
RAZR,115748,115748,firstpricedate,1993-06-09,1997-12-31
SHG1,116178,116178,firstpricedate,1993-07-06,1997-12-31
VCSI,115636,115636,firstpricedate,1986-01-01,1997-12-31
PHSYB,636090,636090,firstpricedate,1992-06-11,1997-12-31
HPWR,102145,102145,firstpricedate,1994-03-03,1997-12-31
GEOC,115644,115644,firstpricedate,1996-11-21,1997-12-31
DAN1,115527,115527,firstpricedate,1986-01-01,1997-12-31
ASND1,119656,119656,firstpricedate,1994-05-13,1997-12-31
DM1,115890,115890,firstpricedate,1992-03-06,1997-12-31
ASC1,115576,115576,firstpricedate,1986-01-01,1997-12-31
GRDL,115515,115515,firstpricedate,1996-08-29,1997-12-31
ATXI1,115547,115547,firstpricedate,1991-04-11,1997-12-31
NSCC,116317,116317,firstpricedate,1990-06-13,1997-12-31
HEMT,115606,115606,firstpricedate,1995-07-03,1997-12-31
SP2,116322,116322,firstpricedate,1986-01-01,1997-12-31
OBJS,115610,115610,firstpricedate,1994-02-02,1997-12-31
PNHI,115675,115675,firstpricedate,1997-09-19,1997-12-31
WANG,116479,116479,firstpricedate,1993-12-20,1997-12-31
VLSI,115882,115882,firstpricedate,1986-01-01,1997-12-31
SEEQ,115712,115712,firstpricedate,1986-01-01,1997-12-31
XPRT1,119551,119551,firstpricedate,1995-04-11,1997-12-31
NWCA,115753,115753,firstpricedate,1995-05-01,1997-12-31
AATI1,115761,115761,firstpricedate,1986-02-12,1997-12-31
MILK1,115653,115653,firstpricedate,1997-12-10,1997-12-31
HBCO,115718,115718,firstpricedate,1995-11-21,1997-12-31
GTCMY,115006,115006,firstpricedate,1993-03-04,1997-12-31
MII1,115752,115752,firstpricedate,1989-06-27,1997-12-31
CHERA,635413,635413,firstpricedate,1994-07-18,1997-12-31
CVAN,116329,116329,firstpricedate,1995-08-30,1997-12-31
NRC1,115690,115690,firstpricedate,1986-01-01,1997-12-31
OPTT1,115726,115726,firstpricedate,1996-04-22,1997-12-31
SFUN2,115893,115893,firstpricedate,1994-08-10,1997-12-31
MWI1,115865,115865,firstpricedate,1997-11-26,1997-12-31
AURAQ,115674,115674,firstpricedate,1988-10-27,1997-12-31
CPDN,115946,115946,firstpricedate,1995-05-26,1997-12-31
BDRY1,115624,115624,firstpricedate,1997-12-11,1997-12-31
GNE1,635654,635654,firstpricedate,1986-01-01,1997-12-31
WALB,115619,115619,firstpricedate,1986-01-01,1997-12-31
PHYN,115734,115734,firstpricedate,1994-11-25,1997-12-31
NIN,115757,115757,firstpricedate,1993-02-04,1997-12-31
FORE1,116496,116496,firstpricedate,1994-05-25,1997-12-31
SWR.A,115802,115802,firstpricedate,1996-12-19,1997-12-31
SY1,115740,115740,firstpricedate,1986-01-01,1997-12-31
RMPO,115797,115797,firstpricedate,1986-01-01,1997-12-31
MCON,115618,115618,firstpricedate,1987-09-17,1997-12-31
MFAC1,115770,115770,firstpricedate,1986-01-01,1997-12-31
JRM,115927,115927,firstpricedate,1995-02-01,1997-12-31
TRED,115916,115916,firstpricedate,1991-09-16,1997-12-31
SNS1,119485,119485,firstpricedate,1986-01-01,1997-12-31
CMPX1,115868,115868,firstpricedate,1997-07-28,1997-12-31
AMRN1,115737,115737,firstpricedate,1995-11-24,1997-12-31
CCAR,115465,115465,firstpricedate,1989-07-14,1997-12-31
FIN,115492,115492,firstpricedate,1997-09-04,1997-12-31
LAW1,115856,115856,firstpricedate,1986-01-01,1997-12-31
SIRNQ,115781,115781,firstpricedate,1994-08-15,1997-12-31
PSYS1,116313,116313,firstpricedate,1992-08-18,1997-12-31
HEP1,115708,115708,firstpricedate,1986-01-01,1997-12-31
HEP.C,635452,635452,firstpricedate,1996-01-17,1997-12-31
FCBF,115754,115754,firstpricedate,1993-09-27,1997-12-31
IAC1,115574,115574,firstpricedate,1993-12-02,1997-12-31
INHM,115834,115834,firstpricedate,1993-04-05,1997-12-31
CFAC1,115570,115570,firstpricedate,1996-06-28,1997-12-31
MCIF,115920,115920,firstpricedate,1997-01-20,1997-12-31
TPOA,115713,115713,firstpricedate,1986-09-29,1997-12-31
BT1,116531,116531,firstpricedate,1986-01-01,1997-12-31
HCRC,115821,115821,firstpricedate,1992-06-04,1997-12-31
MWDSQ,116312,116312,firstpricedate,1993-12-13,1997-12-31
MENS1,116316,116316,firstpricedate,1996-01-25,1997-12-31
FNBR,115788,115788,firstpricedate,1986-10-21,1997-12-31
DSPT,115759,115759,firstpricedate,1986-04-29,1997-12-31
LODE1,115493,115493,firstpricedate,1993-03-05,1997-12-31
SLCTY,115215,115215,firstpricedate,1996-10-02,1997-12-31
VFSC,115597,115597,firstpricedate,1986-01-01,1997-12-31
XCIT,116310,116310,firstpricedate,1996-04-08,1997-12-31
TSND,115867,115867,firstpricedate,1997-07-07,1997-12-31
GGO1,115793,115793,firstpricedate,1988-05-19,1997-12-31
FMY1,115745,115745,firstpricedate,1986-10-24,1997-12-31
GOTH,119635,119635,firstpricedate,1992-01-29,1997-12-31
IAM1,115005,115005,firstpricedate,1996-12-12,1997-12-31
SPOP,115815,115815,firstpricedate,1997-08-13,1997-12-31
SLIC,115800,115800,firstpricedate,1996-03-20,1997-12-31
NWCM,115730,115730,firstpricedate,1997-09-17,1997-12-31
QKTN,115785,115785,firstpricedate,1993-12-16,1997-12-31
HILI1,115660,115660,firstpricedate,1994-01-26,1997-12-31
CSNR1,115488,115488,firstpricedate,1993-09-16,1997-12-31
TRKA1,115841,115841,firstpricedate,1986-01-01,1997-12-31
TOW,115604,115604,firstpricedate,1997-10-13,1997-12-31
PKA,115789,115789,firstpricedate,1986-07-03,1997-12-31
DTVN,119606,119606,firstpricedate,1995-12-21,1997-12-31
MOFN,115848,115848,firstpricedate,1994-05-16,1997-12-31
KTN1,115448,115448,firstpricedate,1997-10-21,1997-12-31
MNRCY,585699,585699,firstpricedate,1986-01-01,1997-12-31
LVSB,116526,116526,firstpricedate,1993-12-23,1997-12-31
AAGIY1,115007,115007,firstpricedate,1986-01-01,1997-12-31
BBHF,115845,115845,firstpricedate,1994-08-23,1997-12-31
LFBI,115787,115787,firstpricedate,1996-01-08,1997-12-31
USSB,119559,119559,firstpricedate,1996-02-01,1997-12-31
VBNK1,115850,115850,firstpricedate,1993-09-16,1997-12-31
WAST,115472,115472,firstpricedate,1991-09-30,1997-12-31
LOEH,116314,116314,firstpricedate,1996-05-08,1997-12-31
AGPH,115669,115669,firstpricedate,1987-03-23,1997-12-31
DNFC,115556,115556,firstpricedate,1986-01-01,1997-12-31
IMIIQ,115808,115808,firstpricedate,1996-03-25,1997-12-31
ISCX,115554,115554,firstpricedate,1993-07-01,1997-12-31
KARR,115646,115646,firstpricedate,1996-07-22,1997-12-31
EFBI1,115667,115667,firstpricedate,1994-10-18,1997-12-31
IRIDQ,114876,114876,firstpricedate,1997-06-11,1997-12-31
AQP,115592,115592,firstpricedate,1993-10-21,1997-12-31
PLUAQ,115778,115778,firstpricedate,1997-03-12,1997-12-31
TOFF,115589,115589,firstpricedate,1994-02-10,1997-12-31
TLC1,114234,114234,firstpricedate,1986-01-01,1997-12-31
STBI1,115565,115565,firstpricedate,1995-02-15,1997-12-31
ABCO1,119589,119589,firstpricedate,1994-04-29,1997-12-31
NAIG,116320,116320,firstpricedate,1987-07-23,1997-12-31
ASAI1,115780,115780,firstpricedate,1986-01-01,1997-12-31
RHCS,115599,115599,firstpricedate,1996-08-06,1997-12-31
PCIG1,115513,115513,firstpricedate,1997-08-26,1997-12-31
VENGF,115241,115241,firstpricedate,1994-01-19,1997-12-31
ICST1,116183,116183,firstpricedate,1991-06-21,1997-12-31
LVA,579903,579903,firstpricedate,1996-09-06,1997-12-31
ENQ,120605,120605,firstpricedate,1991-07-19,1997-12-31
NMED2,115546,115546,firstpricedate,1996-09-30,1997-12-31
ACEP1,115944,115944,firstpricedate,1996-04-10,1997-12-31
COVN,101513,101513,firstpricedate,1997-11-12,1997-12-31
ICAR,115829,115829,firstpricedate,1988-05-25,1997-12-31
SGNS,115697,115697,firstpricedate,1997-01-22,1997-12-31
SHCR1,115735,115735,firstpricedate,1995-11-01,1997-12-31
SNY1,119653,119653,firstpricedate,1990-04-12,1997-12-31
TUBY,115777,115777,firstpricedate,1986-01-01,1997-12-31
IVTC,115832,115832,firstpricedate,1997-10-24,1997-12-31
JCOR,119651,119651,firstpricedate,1986-01-01,1997-12-31
CCRIQ,115600,115600,firstpricedate,1995-04-03,1997-12-31
VCELA,115526,115526,firstpricedate,1988-03-07,1997-12-31
UCC1,115886,115886,firstpricedate,1986-01-01,1997-12-31
TBCOA,116456,116456,firstpricedate,1995-09-11,1997-12-31
QUAL1,115571,115571,firstpricedate,1994-11-18,1997-12-31
ITEL,114997,114997,firstpricedate,1987-02-19,1997-12-31
CRLS,115914,115914,firstpricedate,1991-12-12,1997-12-31
INLK,115561,115561,firstpricedate,1996-08-16,1997-12-31
CBCI,115666,115666,firstpricedate,1992-02-21,1997-12-31
USF,115760,115760,firstpricedate,1986-01-01,1997-12-31
IBCO,115473,115473,firstpricedate,1997-02-12,1997-12-31
FDPC,115638,115638,firstpricedate,1986-01-01,1997-12-31
HTEC1,115727,115727,firstpricedate,1986-01-01,1997-12-31
ATCI1,115553,115553,firstpricedate,1996-05-02,1997-12-31
BPI.A,119577,119577,firstpricedate,1996-12-19,1997-12-31
AMXIQ,115822,115822,firstpricedate,1988-12-07,1997-12-31
ITGI,640096,640096,firstpricedate,1994-05-04,1997-12-31
DOSE,119594,119594,firstpricedate,1986-06-20,1997-12-31
ARS1,115804,115804,firstpricedate,1996-09-26,1997-12-31
PLSSQ,115721,115721,firstpricedate,1996-11-04,1997-12-31
XYLN,116476,116476,firstpricedate,1996-03-13,1997-12-31
PRZM1,115877,115877,firstpricedate,1996-03-18,1997-12-31
PHV,115627,115627,firstpricedate,1993-03-01,1997-12-31
HOLO1,115941,115941,firstpricedate,1991-09-23,1997-12-31
A1,635685,635685,firstpricedate,1996-05-23,1997-12-31
MRIIQ,119638,119638,firstpricedate,1992-09-03,1997-12-31
OZEMY,576895,576895,firstpricedate,1996-05-29,1997-12-31
ORTH,115799,115799,firstpricedate,1997-10-02,1997-12-31
TSATA,104328,104328,firstpricedate,1996-12-05,1997-12-31
TSATB,635681,635681,firstpricedate,1996-12-11,1997-12-31
BLUE2,115500,115500,firstpricedate,1996-03-12,1997-12-31
HSKL,115607,115607,firstpricedate,1994-11-02,1997-12-31
KTIC,115776,115776,firstpricedate,1997-05-07,1997-12-31
FTSW,115643,115643,firstpricedate,1997-02-13,1997-12-31
NTME,116311,116311,firstpricedate,1996-12-19,1997-12-31
FIRM,120230,120230,firstpricedate,1993-02-01,1997-12-31
STAZQ,115810,115810,firstpricedate,1993-04-12,1997-12-31
TTXGQ,115559,115559,firstpricedate,1994-03-11,1997-12-31
BCH1,115172,115172,firstpricedate,1986-01-01,1997-12-31
CGF1,115632,115632,firstpricedate,1993-07-06,1997-12-31
COSC,115880,115880,firstpricedate,1997-05-01,1997-12-31
DVLGQ,115823,115823,firstpricedate,1990-03-19,1997-12-31
DYMTF,106120,106120,firstpricedate,1996-03-26,1997-12-31
IMCC1,115702,115702,firstpricedate,1996-06-26,1997-12-31
CELT1,115511,115511,firstpricedate,1996-05-30,1997-12-31
ATGDQ,115792,115792,firstpricedate,1986-01-01,1997-12-31
AYD,119628,119628,firstpricedate,1986-01-01,1997-12-31
RCOM2,114477,114477,firstpricedate,1997-03-14,1997-12-31
SCLL,115489,115489,firstpricedate,1986-01-01,1997-12-31
TIG1,116444,116444,firstpricedate,1993-04-21,1997-12-31
SIMA1,115766,115766,firstpricedate,1996-02-28,1997-12-31
CYII,115501,115501,firstpricedate,1993-08-16,1997-12-31
LEPI,111639,111639,firstpricedate,1996-12-03,1997-12-31
MIFC1,115480,115480,firstpricedate,1992-10-15,1997-12-31
DXO1,115270,115270,firstpricedate,1996-04-04,1997-12-31
BYL,115911,115911,firstpricedate,1997-02-24,1997-12-31
PTRN1,115831,115831,firstpricedate,1996-05-30,1997-12-31
UHCI,115536,115536,firstpricedate,1992-09-28,1997-12-31
DDDDF,115087,115087,firstpricedate,1992-10-07,1997-12-31
ADRRF,114420,114420,firstpricedate,1996-02-07,1997-12-31
ANV1,115887,115887,firstpricedate,1986-01-01,1997-12-31
AVV,115626,115626,firstpricedate,1994-11-21,1997-12-31
BAR1,115516,115516,firstpricedate,1990-07-30,1997-12-31
ABACQ,116484,116484,firstpricedate,1995-12-05,1997-12-31
TDXT,119546,119546,firstpricedate,1996-12-20,1997-12-31
STZDF,115086,115086,firstpricedate,1993-12-07,1997-12-31
TELE,107678,107678,firstpricedate,1996-01-29,1997-12-31
BDI,115583,115583,firstpricedate,1997-11-05,1997-12-31
IPEC1,115519,115519,firstpricedate,1992-08-17,1997-12-31
AAB,115190,115190,firstpricedate,1996-05-24,1997-12-31
PAPA,115733,115733,firstpricedate,1992-03-16,1997-12-31
SGM1,115471,115471,firstpricedate,1986-01-01,1997-12-31
AMP1,115541,115541,firstpricedate,1986-01-01,1997-12-31
EAGL2,115739,115739,firstpricedate,1992-07-17,1997-12-31
FBHC,119386,119386,firstpricedate,1993-06-30,1997-12-31
ILJ,115747,115747,firstpricedate,1986-01-01,1997-12-31
SXC1,115875,115875,firstpricedate,1997-04-21,1997-12-31
RARB1,109961,109961,firstpricedate,1987-05-14,1997-12-31
OCIS,115873,115873,firstpricedate,1996-05-17,1997-12-31
YSII,115786,115786,firstpricedate,1994-02-04,1997-12-31
OEI1,109844,109844,firstpricedate,1994-12-01,1997-12-31
MDN,115612,115612,firstpricedate,1996-02-27,1997-12-31
ENVY,115922,115922,firstpricedate,1995-06-08,1997-12-31
BOOL,115851,115851,firstpricedate,1986-01-01,1997-12-31
FBER1,115689,115689,firstpricedate,1996-04-02,1997-12-31
EDUSF,115085,115085,firstpricedate,1992-07-15,1997-12-31
CCSE,115820,115820,firstpricedate,1996-10-22,1997-12-31
PENC,104753,104753,firstpricedate,1995-11-17,1997-12-31
PMRX,115688,115688,firstpricedate,1991-12-24,1997-12-31
SNSR1,119581,119581,firstpricedate,1996-10-03,1997-12-31
PBME,115510,115510,firstpricedate,1996-10-31,1997-12-31
SCOT1,115595,115595,firstpricedate,1986-11-06,1997-12-31
MEMCF,115084,115084,firstpricedate,1996-10-17,1997-12-31
HEAT1,115884,115884,firstpricedate,1992-07-30,1997-12-31
FCBK1,115657,115657,firstpricedate,1986-01-01,1997-12-31
CCIL,115835,115835,firstpricedate,1991-08-13,1997-12-31
PKT1,115534,115534,firstpricedate,1990-04-05,1997-12-31
SUL,115545,115545,firstpricedate,1986-01-01,1997-12-31
TVL1,115917,115917,firstpricedate,1986-01-01,1997-12-31
WAX,115814,115814,firstpricedate,1986-01-01,1997-12-31
UTOG1,115906,115906,firstpricedate,1989-05-19,1997-12-31
RBD,115854,115854,firstpricedate,1986-01-01,1997-12-31
ICIQ,115491,115491,firstpricedate,1997-05-01,1997-12-31
ASW1,115742,115742,firstpricedate,1986-01-01,1997-12-31
EXC1,115715,115715,firstpricedate,1986-01-01,1997-12-31
SAB1,115550,115550,firstpricedate,1993-09-16,1997-12-31
SGBXQ,632593,632593,firstpricedate,1997-05-16,1997-12-31
VRGE,115558,115558,firstpricedate,1996-12-06,1997-12-31
PUTT,105792,105792,firstpricedate,1994-11-22,1997-12-31
PNLG,115705,115705,firstpricedate,1996-02-28,1997-12-31
SIR1,115538,115538,firstpricedate,1995-02-08,1997-12-31
FCPYQ,116179,116179,firstpricedate,1996-12-16,1997-12-31
FHT,115694,115694,firstpricedate,1990-04-26,1997-12-31
FSNJ,115560,115560,firstpricedate,1995-01-10,1997-12-31
BGI1,115548,115548,firstpricedate,1986-01-01,1997-12-31
HDS2,115837,115837,firstpricedate,1993-11-01,1997-12-31
GFCO,115683,115683,firstpricedate,1993-08-26,1997-12-31
XC1,115533,115533,firstpricedate,1996-09-25,1997-12-31
PTZ1,115910,115910,firstpricedate,1986-12-12,1997-12-31
GMED1,115704,115704,firstpricedate,1994-07-14,1997-12-31
NERIF,115083,115083,firstpricedate,1997-08-05,1997-12-31
BHQU,111621,111621,firstpricedate,1996-06-07,1997-12-31
NSCP,124096,124096,firstpricedate,1995-08-10,1997-12-31
NTKI1,115698,115698,firstpricedate,1997-10-20,1997-12-31
CGCP1,115687,115687,firstpricedate,1996-05-23,1997-12-31
RMOC,115699,115699,firstpricedate,1996-06-24,1997-12-31
TTELF,115081,115081,firstpricedate,1996-04-01,1997-12-31
SEQU1,115798,115798,firstpricedate,1987-05-20,1997-12-31
DSLGF,114220,114220,firstpricedate,1995-07-03,1997-12-31
MRT2,115477,115477,firstpricedate,1996-12-17,1997-12-31
FNCLY,115082,115082,firstpricedate,1997-06-20,1997-12-31
BUS,119657,119657,firstpricedate,1991-11-29,1997-12-31
CMSX,115921,115921,firstpricedate,1995-10-02,1997-12-31
NSIX,115663,115663,firstpricedate,1995-12-11,1997-12-31
HGC,115650,115650,firstpricedate,1986-01-01,1997-12-31
SPZE,115575,115575,firstpricedate,1993-12-08,1997-12-31
PHSE,115907,115907,firstpricedate,1993-05-21,1997-12-31
SEA2,115809,115809,firstpricedate,1994-11-09,1997-12-31
DENT1,115767,115767,firstpricedate,1997-11-05,1997-12-31
GNTL,115824,115824,firstpricedate,1997-02-14,1997-12-31
MEC1,115479,115479,firstpricedate,1990-11-08,1997-12-31
BIGCQ,114994,114994,firstpricedate,1996-05-09,1997-12-31
LWNTF,115564,115564,firstpricedate,1995-07-24,1997-12-31
VCAM,115902,115902,firstpricedate,1996-05-13,1997-12-31
SKRID,115590,115590,firstpricedate,1995-04-18,1997-12-31
SYSF,115903,115903,firstpricedate,1994-08-05,1997-12-31
TRUV,115691,115691,firstpricedate,1990-05-10,1997-12-31
CONW,114221,114221,firstpricedate,1986-01-01,1997-12-31
MSPT,115490,115490,firstpricedate,1993-09-27,1997-12-31
DEPO1,115897,115897,firstpricedate,1995-10-02,1997-12-31
NAFI,115605,115605,firstpricedate,1997-01-31,1997-12-31
TCOMA,115557,115557,firstpricedate,1986-01-01,1997-12-31
EDBR,103203,103203,firstpricedate,1986-01-01,1997-12-31
ESPRY,115457,115457,firstpricedate,1997-02-28,1997-12-31
AVEC,115878,115878,firstpricedate,1992-03-27,1997-12-31
CPTI,115889,115889,firstpricedate,1997-09-05,1997-12-31
MSBC,115923,115923,firstpricedate,1986-01-01,1997-12-31
COHO1,119523,119523,firstpricedate,1990-07-26,1997-12-31
UC,115763,115763,firstpricedate,1986-01-01,1997-12-31
TXHI,115522,115522,firstpricedate,1986-01-01,1997-12-31
VGHN,115648,115648,firstpricedate,1987-03-13,1997-12-31
CHRI1,116498,116498,firstpricedate,1996-02-20,1997-12-31
MSR1,115801,115801,firstpricedate,1986-01-01,1997-12-31
HMSC,115503,115503,firstpricedate,1996-08-15,1997-12-31
AGAI,115665,115665,firstpricedate,1995-05-17,1997-12-31
RECQQ,115573,115573,firstpricedate,1995-09-20,1997-12-31
SUSC1,115826,115826,firstpricedate,1986-01-01,1997-12-31
PAMM,115631,115631,firstpricedate,1996-06-26,1997-12-31
KUH,115620,115620,firstpricedate,1986-01-01,1997-12-31
NORC,115796,115796,firstpricedate,1987-03-10,1997-12-31
EXEC,115729,115729,firstpricedate,1997-08-28,1997-12-31
GDX1,115621,115621,firstpricedate,1986-01-01,1997-12-31
PPIP,115714,115714,firstpricedate,1986-01-01,1997-12-31
ORX,115948,115948,firstpricedate,1988-10-07,1997-12-31
SHVA,115942,115942,firstpricedate,1994-11-21,1997-12-31
PRMA,115640,115640,firstpricedate,1993-06-23,1997-12-31
RT.A,115900,115900,firstpricedate,1996-06-24,1997-12-31
XMIT,116475,116475,firstpricedate,1994-12-21,1997-12-31
ABTC1,115551,115551,firstpricedate,1993-07-01,1997-12-31
OWLD,115586,115586,firstpricedate,1994-02-25,1997-12-31
SFN2,115080,115080,firstpricedate,1993-12-02,1997-12-31
PACK1,115855,115855,firstpricedate,1992-03-06,1997-12-31
TAVI1,115743,115743,firstpricedate,1986-01-01,1997-12-31
ASDG,115728,115728,firstpricedate,1997-05-14,1997-12-31
DEFI1,115649,115649,firstpricedate,1986-01-01,1997-12-31
MCDY,115717,115717,firstpricedate,1986-01-01,1997-12-31
AGD2,115609,115609,firstpricedate,1993-10-08,1997-12-31
RENO1,115707,115707,firstpricedate,1993-03-09,1997-12-31
SGIC1,115899,115899,firstpricedate,1996-08-01,1997-12-31
USTX,115888,115888,firstpricedate,1990-06-12,1997-12-31
LEAS,115512,115512,firstpricedate,1996-04-25,1997-12-31
CXOT,115779,115779,firstpricedate,1997-04-04,1997-12-31
HHCA,115587,115587,firstpricedate,1995-11-09,1997-12-31
NATL1,115790,115790,firstpricedate,1986-01-01,1997-12-31
OKP,115004,115004,firstpricedate,1986-01-01,1997-12-31
VST1,115872,115872,firstpricedate,1996-03-12,1997-12-31
TGRPQ,115685,115685,firstpricedate,1997-07-10,1997-12-31
ROCF,115483,115483,firstpricedate,1995-07-21,1997-12-31
KRHC1,115447,115447,firstpricedate,1988-10-10,1997-12-31
GBFE,119219,119219,firstpricedate,1986-04-23,1997-12-31
ROSE2,115722,115722,firstpricedate,1993-06-30,1997-12-31
TMEIQ,115532,115532,firstpricedate,1996-03-07,1997-12-31
TRDT,115611,115611,firstpricedate,1996-02-28,1997-12-31
RDHS,115514,115514,firstpricedate,1995-07-27,1997-12-31
SGNL1,115613,115613,firstpricedate,1987-04-01,1997-12-31
PNDR,115578,115578,firstpricedate,1990-07-25,1997-12-31
ROAKF,115725,115725,firstpricedate,1991-07-26,1997-12-31
PHN,119406,119406,firstpricedate,1993-11-24,1997-12-31
PLNS,115724,115724,firstpricedate,1993-07-02,1997-12-31
BGC1,115908,115908,firstpricedate,1986-01-01,1997-12-31
BRCP,115709,115709,firstpricedate,1986-01-01,1997-12-31
ANRG,114989,114989,firstpricedate,1991-10-11,1997-12-31
IK,115746,115746,firstpricedate,1986-01-01,1997-12-31
GQRVF,115079,115079,firstpricedate,1987-04-07,1997-12-31
ATCH1,109443,109443,firstpricedate,1997-11-05,1997-12-31
TTRIF,115224,115224,firstpricedate,1994-12-15,1997-12-31
HAHO,115588,115588,firstpricedate,1991-11-14,1997-12-31
DSCS,115844,115844,firstpricedate,1997-08-19,1997-12-31
BZET,115673,115673,firstpricedate,1996-03-20,1997-12-31
GRYP1,115943,115943,firstpricedate,1993-12-22,1997-12-31
DALY,115732,115732,firstpricedate,1996-08-16,1997-12-31
BYCL,641932,641932,firstpricedate,1997-05-29,1997-12-31
CST1,115769,115769,firstpricedate,1986-01-01,1997-12-31
RIVL,115647,115647,firstpricedate,1992-06-03,1997-12-31
PYTV,115686,115686,firstpricedate,1996-07-31,1997-12-31
PTUS,115505,115505,firstpricedate,1997-07-03,1997-12-31
TPADA,115803,115803,firstpricedate,1993-07-16,1997-12-31
AEH1,115805,115805,firstpricedate,1996-09-25,1997-12-31
HVY,115755,115755,firstpricedate,1994-02-16,1997-12-31
LMAR,106246,106246,firstpricedate,1996-05-23,1997-12-31
FAI1,115205,115205,firstpricedate,1988-09-29,1997-12-31
LTEK,115853,115853,firstpricedate,1986-10-02,1997-12-31
KKRE,115495,115495,firstpricedate,1991-10-16,1997-12-31
SSB1,115629,115629,firstpricedate,1996-04-02,1997-12-31
SHMN,119388,119388,firstpricedate,1993-01-27,1997-12-31
CPMIQ,115827,115827,firstpricedate,1995-12-29,1997-12-31
GBOT,115614,115614,firstpricedate,1996-05-23,1997-12-31
FMBD,115904,115904,firstpricedate,1995-07-06,1997-12-31
FRSH2,115616,115616,firstpricedate,1986-11-14,1997-12-31
CGCO,115530,115530,firstpricedate,1987-03-24,1997-12-31
AVATQ,115496,115496,firstpricedate,1986-01-01,1997-12-31
FBR1,115928,115928,firstpricedate,1989-12-14,1997-12-31
CUCO,115843,115843,firstpricedate,1986-01-01,1997-12-31
AVEI,115736,115736,firstpricedate,1996-04-04,1997-12-31
TANK,102432,102432,firstpricedate,1991-06-20,1997-12-31
SDG1,115782,115782,firstpricedate,1991-05-20,1997-12-31
LCSI,115838,115838,firstpricedate,1986-01-01,1997-12-31
HCAP1,115751,115751,firstpricedate,1997-07-18,1997-12-31
LUTH,109845,109845,firstpricedate,1986-01-01,1997-12-31
CATX1,115664,115664,firstpricedate,1995-03-22,1997-12-31
AMPPQ,115783,115783,firstpricedate,1996-07-03,1997-12-31
LRI,115925,115925,firstpricedate,1986-01-01,1997-12-31
UNII,115813,115813,firstpricedate,1986-01-01,1997-12-31
SWH1,115464,115464,firstpricedate,1986-01-01,1997-12-31
CHNAQ,115585,115585,firstpricedate,1995-06-21,1997-12-31
CIG.A,115847,115847,firstpricedate,1996-08-19,1997-12-31
ABTI1,115521,115521,firstpricedate,1992-10-19,1997-12-31
FIBC,115661,115661,firstpricedate,1994-08-18,1997-12-31
RELI1,114208,114208,firstpricedate,1996-04-22,1997-12-31
TELC,114269,114269,firstpricedate,1986-01-01,1997-12-31
PIFI1,115594,115594,firstpricedate,1987-09-14,1997-12-31
STKTQ,115871,115871,firstpricedate,1996-10-25,1997-12-31
EQU1,115637,115637,firstpricedate,1994-10-20,1997-12-31
PRFN1,115482,115482,firstpricedate,1993-12-01,1997-12-31
THRT,115615,115615,firstpricedate,1992-05-14,1997-12-31
VSEIF,115895,115895,firstpricedate,1995-11-08,1997-12-31
VF,115741,115741,firstpricedate,1986-01-01,1997-12-31
PTN.A,115719,115719,firstpricedate,1997-10-03,1997-12-31
IMTKA,115517,115517,firstpricedate,1988-04-07,1997-12-31
BTIOQ,115287,115287,firstpricedate,1994-01-27,1997-12-31
CLCP,115791,115791,firstpricedate,1987-10-01,1997-12-31
HBOC,115641,115641,firstpricedate,1986-01-01,1997-12-31
AGBG,115672,115672,firstpricedate,1990-04-25,1997-12-31
LSKI,115562,115562,firstpricedate,1991-08-14,1997-12-31
CWYM,114253,114253,firstpricedate,1986-01-01,1997-12-31
VSLC,115817,115817,firstpricedate,1991-06-12,1997-12-31
NVUE,115806,115806,firstpricedate,1991-05-01,1997-12-31
TCPS,115896,115896,firstpricedate,1997-03-12,1997-12-31
RPRS,105524,105524,firstpricedate,1986-01-01,1997-12-31
XSYS,115566,115566,firstpricedate,1992-08-04,1997-12-31
EBY,115635,115635,firstpricedate,1993-11-22,1997-12-31
MALT,115567,115567,firstpricedate,1996-05-03,1997-12-31
IFTI,115507,115507,firstpricedate,1994-11-29,1997-12-31
COGE,115580,115580,firstpricedate,1996-03-08,1997-12-31
SED1,115077,115077,firstpricedate,1997-06-03,1997-12-31
TM1,115818,115818,firstpricedate,1992-03-04,1997-12-31
TRES1,116330,116330,firstpricedate,1986-10-27,1997-12-31
RCHY,115852,115852,firstpricedate,1994-01-26,1997-12-31
OISO,115509,115509,firstpricedate,1986-11-28,1997-12-31
MKAU1,115842,115842,firstpricedate,1993-12-16,1997-12-31
GMW,115836,115836,firstpricedate,1986-01-01,1997-12-31
HCOR1,115913,115913,firstpricedate,1996-08-12,1997-12-31
CZM1,115885,115885,firstpricedate,1986-01-01,1997-12-31
NCTI,116102,116102,firstpricedate,1990-02-27,1997-12-31
TLNOF,115078,115078,firstpricedate,1997-05-15,1997-12-31
CCON1,115693,115693,firstpricedate,1986-01-01,1997-12-31
OCAL,115915,115915,firstpricedate,1996-03-14,1997-12-31
SPZR,123390,123390,firstpricedate,1995-08-22,1997-12-31
USTL,115940,115940,firstpricedate,1994-06-23,1997-12-31
GSMI,115579,115579,firstpricedate,1995-05-16,1997-12-31
CSBF,121111,121111,firstpricedate,1995-10-26,1997-12-31
GKRVF,115258,115258,firstpricedate,1986-01-01,1997-12-31
EESI1,109967,109967,firstpricedate,1987-08-11,1997-12-31
DR1,114554,114554,firstpricedate,1991-06-24,1997-12-31
GND,114817,114817,firstpricedate,1991-10-10,1997-12-31
DWRX,114555,114555,firstpricedate,1995-10-30,1997-12-31
CTRA1,114655,114655,firstpricedate,1995-02-08,1997-12-31
AN1,110119,110119,firstpricedate,1986-01-01,1997-12-31
CCA1,114844,114844,firstpricedate,1986-10-02,1997-12-31
EVGN1,114621,114621,firstpricedate,1986-01-01,1997-12-31
CF2,114798,114798,firstpricedate,1986-01-01,1997-12-31
FBCV1,114659,114659,firstpricedate,1989-08-18,1997-12-31
RHC,114641,114641,firstpricedate,1986-01-01,1997-12-31
TSIX1,114738,114738,firstpricedate,1996-04-19,1997-12-31
REDB,114634,114634,firstpricedate,1996-01-24,1997-12-31
SISB,114812,114812,firstpricedate,1995-02-09,1997-12-31
SAI1,114784,114784,firstpricedate,1986-01-01,1997-12-31
WCBI,114686,114686,firstpricedate,1992-06-26,1997-12-31
RPL,114739,114739,firstpricedate,1986-01-01,1997-12-31
PABN,114660,114660,firstpricedate,1996-11-22,1997-12-31
SWPA,114636,114636,firstpricedate,1986-01-01,1997-12-31
KSF1,114691,114691,firstpricedate,1986-01-01,1997-12-31
HYALF,114481,114481,firstpricedate,1992-11-13,1997-12-31
CEONZ,114615,114615,firstpricedate,1996-05-28,1997-12-31
LNM,114858,114858,firstpricedate,1996-05-07,1997-12-31
FAIR,114801,114801,firstpricedate,1995-01-30,1997-12-31
IMSX,114855,114855,firstpricedate,1997-10-23,1997-12-31
JLT,114779,114779,firstpricedate,1994-03-17,1997-12-31
HZWV,114780,114780,firstpricedate,1993-07-20,1997-12-31
CNBI2,114730,114730,firstpricedate,1996-10-03,1997-12-31
SLNT,114678,114678,firstpricedate,1986-01-01,1997-12-31
IGTI,114759,114759,firstpricedate,1996-10-22,1997-12-31
JSIBQ,114737,114737,firstpricedate,1992-09-17,1997-12-31
ROILA,635464,635464,firstpricedate,1992-04-16,1997-12-31
PHO1,114638,114638,firstpricedate,1989-07-14,1997-12-31
ISDI,114619,114619,firstpricedate,1995-02-10,1997-12-31
CSTM1,114670,114670,firstpricedate,1991-11-07,1997-12-31
GRN1,114781,114781,firstpricedate,1986-01-01,1997-12-31
MBSP,114604,114604,firstpricedate,1996-07-16,1997-12-31
QBCRF,115227,115227,firstpricedate,1986-01-01,1997-12-31
USCS1,114777,114777,firstpricedate,1996-06-24,1997-12-31
TXF1,114712,114712,firstpricedate,1986-01-01,1997-12-31
ISCG1,114672,114672,firstpricedate,1996-05-29,1997-12-31
IHCC,114865,114865,firstpricedate,1996-10-14,1997-12-31
CMLK,109970,109970,firstpricedate,1986-01-01,1997-12-31
LAMT,114789,114789,firstpricedate,1996-10-10,1997-12-31
JL1,114815,114815,firstpricedate,1993-12-16,1997-12-31
PGEN1,114680,114680,firstpricedate,1997-08-08,1997-12-31
SWVA,114725,114725,firstpricedate,1987-10-07,1997-12-31
PULS2,109960,109960,firstpricedate,1986-09-18,1997-12-31
PNDA,114548,114548,firstpricedate,1994-05-18,1997-12-31
PLSS,114856,114856,firstpricedate,1996-10-04,1997-12-31
CKSG,114841,114841,firstpricedate,1995-12-18,1997-12-31
NEXR1,114744,114744,firstpricedate,1997-04-10,1997-12-31
CHEF1,102196,102196,firstpricedate,1986-01-01,1997-12-31
ADMT,124605,124605,firstpricedate,1990-07-19,1997-12-31
HBEI,109956,109956,firstpricedate,1996-09-27,1997-12-31
SCTTB,635448,635448,firstpricedate,1986-01-01,1997-12-31
SDII,114488,114488,firstpricedate,1991-08-08,1997-12-31
WALS,114766,114766,firstpricedate,1987-09-04,1997-12-31
WOA,114677,114677,firstpricedate,1986-01-01,1997-12-31
SVFO,114632,114632,firstpricedate,1994-08-05,1997-12-31
NVSN,101653,101653,firstpricedate,1996-05-30,1997-12-31
NMFS,109914,109914,firstpricedate,1995-08-04,1997-12-31
CSIM,114642,114642,firstpricedate,1989-05-10,1997-12-31
ACCS1,114814,114814,firstpricedate,1992-02-24,1997-12-31
CMDA,105910,105910,firstpricedate,1995-07-26,1997-12-31
AGLFQ,114859,114859,firstpricedate,1992-07-14,1997-12-31
HMCH,114657,114657,firstpricedate,1996-01-24,1997-12-31
BOST,114747,114747,firstpricedate,1993-11-10,1997-12-31
MONFA,114853,114853,firstpricedate,1990-12-19,1997-12-31
MEDRF,114565,114565,firstpricedate,1992-07-02,1997-12-31
MRCF,114669,114669,firstpricedate,1993-04-22,1997-12-31
LABZ,114854,114854,firstpricedate,1994-09-28,1997-12-31
YESS,114733,114733,firstpricedate,1995-06-09,1997-12-31
DKB.B,110191,110191,firstpricedate,1988-09-06,1997-12-31
IMTI,114685,114685,firstpricedate,1991-09-03,1997-12-31
FDGT,114711,114711,firstpricedate,1986-07-25,1997-12-31
ANDA1,114688,114688,firstpricedate,1986-01-01,1997-12-31
PCMEF,114666,114666,firstpricedate,1988-12-01,1997-12-31
SWCB1,114707,114707,firstpricedate,1986-07-21,1997-12-31
CZC,114736,114736,firstpricedate,1993-03-22,1997-12-31
CLV1,114560,114560,firstpricedate,1997-08-20,1997-12-31
CMPT,114847,114847,firstpricedate,1994-11-25,1997-12-31
GLDI1,575381,575381,firstpricedate,1997-03-25,1997-12-31
KATC,114605,114605,firstpricedate,1996-03-27,1997-12-31
DIYH,114547,114547,firstpricedate,1993-05-19,1997-12-31
LRE1,110194,110194,firstpricedate,1992-10-28,1997-12-31
CBHIA,114813,114813,firstpricedate,1993-12-15,1997-12-31
IMRI,114790,114790,firstpricedate,1996-11-07,1997-12-31
USBR,114668,114668,firstpricedate,1995-08-10,1997-12-31
SPTA,114617,114617,firstpricedate,1994-06-22,1997-12-31
UTDL,105657,105657,firstpricedate,1994-11-11,1997-12-31
NYBSQ,114690,114690,firstpricedate,1996-08-28,1997-12-31
USBG,114758,114758,firstpricedate,1996-07-26,1997-12-31
TELC1,114820,114820,firstpricedate,1986-01-01,1997-12-31
ALRN2,114639,114639,firstpricedate,1986-01-01,1997-12-31
CDG,114846,114846,firstpricedate,1988-07-07,1997-12-31
CAPF,114778,114778,industry,Asset Management,Credit Services
CAPF,114778,114778,firstpricedate,1996-07-12,1997-12-31
ALBK,114818,114818,firstpricedate,1992-04-02,1997-12-31
MNOC,114653,114653,firstpricedate,1997-07-02,1997-12-31
BISD,114822,114822,firstpricedate,1986-01-01,1997-12-31
HAVAQ1,635412,635412,firstpricedate,1993-11-15,1997-12-31
BGLS,114552,114552,firstpricedate,1994-06-17,1997-12-31
ESVS,114679,114679,firstpricedate,1997-06-04,1997-12-31
MECK1,114729,114729,firstpricedate,1994-02-14,1997-12-31
PWBK1,114651,114651,firstpricedate,1996-07-16,1997-12-31
MARQ,114616,114616,firstpricedate,1991-11-04,1997-12-31
NSSY,109954,109954,firstpricedate,1994-06-16,1997-12-31
FSR1,114692,114692,firstpricedate,1986-01-01,1997-12-31
BLWT,114551,114551,firstpricedate,1996-11-20,1997-12-31
PREZQ,104983,104983,firstpricedate,1992-12-11,1997-12-31
TINTA,114633,114633,firstpricedate,1995-07-14,1997-12-31
PPH1,109968,109968,firstpricedate,1986-11-20,1997-12-31
QTEC1,114661,114661,firstpricedate,1986-01-01,1997-12-31
STO1,114705,114705,firstpricedate,1986-01-01,1997-12-31
CPLNY,114434,114434,firstpricedate,1994-12-05,1997-12-31
FSC1,114689,114689,firstpricedate,1997-12-24,1997-12-31
ECHTA,114474,114474,firstpricedate,1996-01-22,1997-12-31
DFF1,114774,114774,firstpricedate,1996-10-30,1997-12-31
GGTI,114796,114796,firstpricedate,1986-01-01,1997-12-31
OSEE,114647,114647,firstpricedate,1996-02-29,1997-12-31
SVRI,114649,114649,firstpricedate,1995-09-08,1997-12-31
ORVX,114794,114794,firstpricedate,1995-06-09,1997-12-31
USCM,114802,114802,firstpricedate,1996-01-11,1997-12-31
FMRX1,114810,114810,firstpricedate,1996-03-28,1997-12-31
GRP2,114821,114821,firstpricedate,1986-01-01,1997-12-31
C1,116356,116356,firstpricedate,1986-01-01,1997-12-31
PRG1,114635,114635,firstpricedate,1995-06-26,1997-12-31
NUMD1,114807,114807,firstpricedate,1994-06-13,1997-12-31
LCLDQ,114643,114643,firstpricedate,1986-01-01,1997-12-31
GCABY,114706,114706,firstpricedate,1995-04-21,1997-12-31
GEGP1,114748,114748,firstpricedate,1992-11-25,1997-12-31
MRSIQ,114734,114734,firstpricedate,1993-07-26,1997-12-31
ECI1,114829,114829,firstpricedate,1996-05-13,1997-12-31
NEGXQ,104921,104921,firstpricedate,1986-01-01,1997-12-31
JACC,114687,114687,firstpricedate,1995-08-02,1997-12-31
HSRC,114773,114773,firstpricedate,1995-03-14,1997-12-31
THRNY,640094,640094,firstpricedate,1996-08-19,1997-12-31
RDMMF,578391,578391,firstpricedate,1988-03-25,1997-12-31
OVID1,114750,114750,firstpricedate,1994-06-15,1997-12-31
WCG2,114550,114550,firstpricedate,1990-10-10,1997-12-31
APWD,114741,114741,firstpricedate,1996-04-12,1997-12-31
CABL,114808,114808,firstpricedate,1997-09-19,1997-12-31
NOBLF,101649,101649,firstpricedate,1986-01-01,1997-12-31
AGDM,114743,114743,firstpricedate,1994-01-20,1997-12-31
AFED,114607,114607,firstpricedate,1996-10-02,1997-12-31
KRUZ1,124227,124227,firstpricedate,1994-10-31,1997-12-31
GUL,114811,114811,firstpricedate,1988-07-12,1997-12-31
CIGR,114606,114606,firstpricedate,1996-08-02,1997-12-31
EMSI,114610,114610,firstpricedate,1994-02-28,1997-12-31
TLDCF,114629,114629,firstpricedate,1992-04-20,1997-12-31
SUMA1,114646,114646,firstpricedate,1993-09-24,1997-12-31
CGIX1,114735,114735,firstpricedate,1995-11-30,1997-12-31
TSNG,114662,114662,firstpricedate,1986-01-01,1997-12-31
STMDQ,114654,114654,firstpricedate,1995-05-08,1997-12-31
WFC1,114740,114740,firstpricedate,1986-01-01,1997-12-31
SYQTQ,114749,114749,firstpricedate,1991-12-19,1997-12-31
IMNT,114776,114776,firstpricedate,1995-07-21,1997-12-31
GAL1,109969,109969,firstpricedate,1986-01-01,1997-12-31
MYCO1,114754,114754,firstpricedate,1987-06-24,1997-12-31
NPPI,114708,114708,firstpricedate,1993-06-17,1997-12-31
GFS.A,114675,114675,firstpricedate,1986-01-01,1997-12-31
GEOW,109963,109963,firstpricedate,1986-01-01,1997-12-31
LAORF,109958,109958,firstpricedate,1986-01-01,1997-12-31
CMCAF1,114487,114487,firstpricedate,1994-09-21,1997-12-31
DFAX1,114804,114804,firstpricedate,1992-11-19,1997-12-31
DPU1,114792,114792,firstpricedate,1996-11-01,1997-12-31
JUST1,114751,114751,firstpricedate,1992-10-02,1997-12-31
FFPB,109957,109957,firstpricedate,1993-09-29,1997-12-31
MMSY,109985,109985,firstpricedate,1997-05-02,1997-12-31
MAXX1,575172,575172,firstpricedate,1996-08-16,1997-12-31
NACT,114745,114745,firstpricedate,1997-02-27,1997-12-31
ADSO1,114763,114763,firstpricedate,1993-11-05,1997-12-31
ELTN,114561,114561,firstpricedate,1994-02-10,1997-12-31
AHIC,114648,114648,firstpricedate,1996-02-02,1997-12-31
MRKR1,109820,109820,firstpricedate,1994-08-16,1997-12-31
ATEL1,114793,114793,firstpricedate,1993-12-13,1997-12-31
ACCT,580631,580631,firstpricedate,1993-04-27,1997-12-31
RSVP,114608,114608,firstpricedate,1994-05-16,1997-12-31
PUFF,109827,109827,firstpricedate,1994-04-13,1997-12-31
SRYI,109826,109826,firstpricedate,1996-03-20,1997-12-31
EDIX,109987,109987,firstpricedate,1994-03-23,1997-12-31
ACTI2,109955,109955,firstpricedate,1995-10-26,1997-12-31
CPRO1,114656,114656,firstpricedate,1991-09-25,1997-12-31
BRD1,114556,114556,firstpricedate,1986-01-01,1997-12-31
MDD1,114676,114676,firstpricedate,1986-01-01,1997-12-31
CAYN,114546,114546,firstpricedate,1991-11-29,1997-12-31
DRV1,114562,114562,firstpricedate,1986-01-01,1997-12-31
SNG,114713,114713,firstpricedate,1986-01-01,1997-12-31
SFSL,114762,114762,firstpricedate,1988-01-27,1997-12-31
FDIR,109819,109819,firstpricedate,1989-03-28,1997-12-31
IACI1,114612,114612,firstpricedate,1986-01-01,1997-12-31
CVTL,114609,114609,firstpricedate,1996-05-17,1997-12-31
NLG,114797,114797,firstpricedate,1986-01-01,1997-12-31
GBITQ,101824,101824,firstpricedate,1996-05-16,1997-12-31
LEND3,101769,101769,firstpricedate,1991-06-06,1997-12-31
NEIP,101538,101538,firstpricedate,1997-05-21,1997-12-31
WIRL,102217,102217,firstpricedate,1995-10-19,1997-12-31
SNTVQ,114731,114731,firstpricedate,1991-07-18,1997-12-31
NEWI,102428,102428,firstpricedate,1993-12-23,1997-12-31
BRLS1,114771,114771,firstpricedate,1996-06-25,1997-12-31
CAMBA,114787,114787,firstpricedate,1992-02-14,1997-12-31
MDLG,109964,109964,firstpricedate,1987-07-23,1997-12-31
MRY1,114767,114767,firstpricedate,1986-01-01,1997-12-31
SRA1,114845,114845,firstpricedate,1986-01-01,1997-12-31
WYNE,114761,114761,firstpricedate,1996-06-28,1997-12-31
PAY1,114860,114860,firstpricedate,1992-02-27,1997-12-31
QDEK,114671,114671,firstpricedate,1991-06-12,1997-12-31
CNGL1,114760,114760,firstpricedate,1997-08-04,1997-12-31
DBCO,114753,114753,firstpricedate,1994-03-15,1997-12-31
HART1,114788,114788,firstpricedate,1994-04-25,1997-12-31
BTL,114862,114862,firstpricedate,1986-01-01,1997-12-31
CCT1,114618,114618,firstpricedate,1994-06-27,1997-12-31
ADSI,114830,114830,firstpricedate,1996-07-26,1997-12-31
CMAG1,114861,114861,firstpricedate,1992-10-26,1997-12-31
BCAM,114772,114772,firstpricedate,1990-01-18,1997-12-31
ENR1,114553,114553,firstpricedate,1993-04-02,1997-12-31
DTSX,114644,114644,firstpricedate,1997-02-19,1997-12-31
NKOTE,114724,114724,firstpricedate,1992-10-02,1997-12-31
BICO1,114545,114545,firstpricedate,1986-01-01,1997-12-31
PDCC1,101579,101579,firstpricedate,1992-04-15,1997-12-31
SEER1,109841,109841,firstpricedate,1995-06-30,1997-12-31
BIB1,114683,114683,firstpricedate,1997-10-06,1997-12-31
BRZS1,109966,109966,firstpricedate,1989-12-06,1997-12-31
ALFC1,114764,114764,firstpricedate,1993-11-18,1997-12-31
BEI1,109959,109959,firstpricedate,1996-03-01,1997-12-31
AMTK1,114727,114727,firstpricedate,1996-07-02,1997-12-31
HCGI,631538,631538,firstpricedate,1986-01-01,1997-12-31
INVA2,114721,114721,firstpricedate,1997-08-11,1997-12-31
AKSEF,114645,114645,firstpricedate,1993-06-11,1997-12-31
PACE2,101567,101567,firstpricedate,1995-02-17,1997-12-31
SEMUF,583517,583517,firstpricedate,1987-02-04,1997-12-31
RFP1,101879,101879,firstpricedate,1994-04-29,1997-12-31
WCEC,102333,102333,firstpricedate,1996-05-14,1997-12-31
TSIM,109825,109825,firstpricedate,1996-10-25,1997-12-31
NGC1,114663,114663,firstpricedate,1986-06-25,1997-12-31
LSGT,114819,114819,firstpricedate,1994-10-19,1997-12-31
DKTH,114722,114722,firstpricedate,1994-03-24,1997-12-31
HPFS,102215,102215,firstpricedate,1986-01-01,1997-12-31
CCI1,114726,114726,firstpricedate,1986-01-01,1997-12-31
AIDA1,109974,109974,firstpricedate,1995-04-11,1997-12-31
ABCC,114831,114831,firstpricedate,1986-01-01,1997-12-31
INVR,102399,102399,firstpricedate,1993-09-14,1997-12-31
GSX1,114625,114625,firstpricedate,1986-01-01,1997-12-31
ANI,114652,114652,firstpricedate,1997-12-10,1997-12-31
JGIC,102946,102946,firstpricedate,1986-01-01,1997-12-31
GBTX,114614,114614,firstpricedate,1995-10-16,1997-12-31
BTRY1,114752,114752,firstpricedate,1992-02-14,1997-12-31
CODE1,114742,114742,firstpricedate,1996-02-01,1997-12-31
DERM1,109988,109988,firstpricedate,1993-11-03,1997-12-31
CWIIA,114800,114800,firstpricedate,1988-04-20,1997-12-31
ETTC,109812,109812,firstpricedate,1996-02-06,1997-12-31
FCN1,114786,114786,firstpricedate,1986-01-01,1997-12-31
AHM1,114785,114785,firstpricedate,1986-01-01,1997-12-31
IFS2,114658,114658,firstpricedate,1993-10-14,1997-12-31
MIAM,109962,109962,firstpricedate,1986-01-01,1997-12-31
USS1,114782,114782,firstpricedate,1986-01-01,1997-12-31
USRV,114637,114637,firstpricedate,1986-11-25,1997-12-31
PHYS1,114809,114809,firstpricedate,1995-12-13,1997-12-31
ONCR1,102612,102612,firstpricedate,1987-02-17,1997-12-31
SFC1,102028,102028,firstpricedate,1996-06-13,1997-12-31
MFSL,102010,102010,firstpricedate,1987-06-02,1997-12-31
LISB,114775,114775,firstpricedate,1994-04-15,1997-12-31
BTF1,102035,102035,firstpricedate,1995-07-19,1997-12-31
BAC1,114755,114755,firstpricedate,1986-01-01,1997-12-31
HFNC,114631,114631,firstpricedate,1996-01-02,1997-12-31
GNK1,573218,573218,firstpricedate,1993-06-21,1997-12-31
DI1,114664,114664,firstpricedate,1986-01-01,1997-12-31
NETL2,101525,101525,firstpricedate,1996-08-16,1997-12-31
ATLPA,101681,101681,firstpricedate,1997-03-07,1997-12-31
MNR1,114783,114783,firstpricedate,1986-01-01,1997-12-31
UNIV1,102298,102298,firstpricedate,1990-10-12,1997-12-31
RICE2,103221,103221,firstpricedate,1988-07-11,1997-12-31
PRDM1,638794,638794,firstpricedate,1995-06-29,1997-12-31
ISLI,103016,103016,firstpricedate,1986-12-17,1997-12-31
ADK1,102039,102039,firstpricedate,1993-09-21,1997-12-31
GATE1,102872,102872,firstpricedate,1986-01-01,1997-12-31
MCIC,114799,114799,firstpricedate,1986-01-01,1997-12-31
MPRS,101883,101883,firstpricedate,1991-10-03,1997-12-31
CYBR2,101792,101792,firstpricedate,1996-10-23,1997-12-31
ISSS,120961,120961,firstpricedate,1995-08-18,1997-12-31
AJAYQ,104540,104540,firstpricedate,1989-11-13,1997-12-31
DIGI2,114623,114623,firstpricedate,1986-01-01,1997-12-31
CRL1,114803,114803,firstpricedate,1994-12-19,1997-12-31
DAHX,105335,105335,firstpricedate,1997-04-16,1997-12-31
ZEI,114746,114746,firstpricedate,1994-10-03,1997-12-31
JA1,102047,102047,firstpricedate,1992-09-25,1997-12-31
BROD1,114842,114842,firstpricedate,1991-11-27,1997-12-31
CAM1,114682,114682,firstpricedate,1993-12-13,1997-12-31
BAY1,114756,114756,firstpricedate,1991-08-01,1997-12-31
AMBK1,102972,102972,firstpricedate,1992-12-04,1997-12-31
NDRE,109840,109840,firstpricedate,1991-09-20,1997-12-31
CHAI1,109507,109507,firstpricedate,1992-09-22,1997-12-31
VKNG1,114710,114710,firstpricedate,1990-03-15,1997-12-31
HYSW,114866,114866,firstpricedate,1991-10-28,1997-12-31
TRFI,114665,114665,firstpricedate,1986-05-19,1997-12-31
SRTR,109915,109915,firstpricedate,1994-11-16,1997-12-31
CHAT1,105935,105935,firstpricedate,1993-03-03,1997-12-31
MST1,103166,103166,firstpricedate,1986-01-01,1997-12-31
DIVE1,114673,114673,firstpricedate,1993-07-22,1997-12-31
SORT,102013,102013,firstpricedate,1996-12-20,1997-12-31
NXCO,102361,102361,firstpricedate,1993-09-22,1997-12-31
FFBA,114611,114611,firstpricedate,1992-07-15,1997-12-31
FPAMQ,109822,109822,firstpricedate,1994-10-21,1997-12-31
LDVL,633885,633885,firstpricedate,1987-05-29,1997-12-31
TLMDA,114795,114795,firstpricedate,1995-01-04,1997-12-31
STRR2,102621,102621,firstpricedate,1986-01-01,1997-12-31
WAI1,114765,114765,firstpricedate,1994-03-21,1997-12-31
SHR1,114768,114768,firstpricedate,1991-10-14,1997-12-31
MOC.A,114694,114694,firstpricedate,1993-08-05,1997-12-31
LVNTF,580085,580085,firstpricedate,1995-08-03,1997-12-31
MTBN,109998,109998,firstpricedate,1994-09-01,1997-12-31
FI1,114622,114622,firstpricedate,1986-01-01,1997-12-31
CCSC1,109842,109842,firstpricedate,1994-06-17,1997-12-31
BTV,114816,114816,firstpricedate,1991-10-31,1997-12-31
FCLR,114674,114674,firstpricedate,1986-01-01,1997-12-31
BMRQ,114732,114732,firstpricedate,1995-12-04,1997-12-31
CBNJ2,6398789,6398789,firstpricedate,1994-09-08,1997-12-31
AMX1,114857,114857,firstpricedate,1993-11-18,1997-12-31
GDMK1,114843,114843,firstpricedate,1986-01-01,1997-12-31
WHT1,114557,114557,firstpricedate,1986-01-01,1997-12-31
RBNK,102550,102550,firstpricedate,1989-07-05,1997-12-31
ITSY,109823,109823,firstpricedate,1994-07-26,1997-12-31
MKPL,109952,109952,firstpricedate,1993-06-22,1997-12-31
RCM1,114640,114640,firstpricedate,1987-09-30,1997-12-31
TCGIA,114840,114840,firstpricedate,1996-06-28,1997-12-31
TRIP2,114863,114863,firstpricedate,1993-08-12,1997-12-31
NSCI1,102079,102079,firstpricedate,1995-11-10,1997-12-31
PLEN,114624,114624,firstpricedate,1986-01-01,1997-12-31
PCTV,114620,114620,firstpricedate,1993-07-09,1997-12-31
WMX,114549,114549,firstpricedate,1986-01-01,1997-12-31
THMZ1,114630,114630,firstpricedate,1996-03-04,1997-12-31
FLK,114864,114864,firstpricedate,1986-01-01,1997-12-31
ECH1,109824,109824,firstpricedate,1986-01-01,1997-12-31
FINE1,114613,114613,firstpricedate,1996-06-21,1997-12-31
DMAR1,102971,102971,firstpricedate,1986-01-01,1997-12-31
AUGS,106179,106179,firstpricedate,1997-05-13,1997-12-31
SCA1,101797,101797,firstpricedate,1996-10-15,1997-12-31
BEVB,101785,101785,firstpricedate,1996-08-22,1997-12-31
CAPS2,575772,575772,firstpricedate,1993-12-29,1997-12-31
APK,103179,103179,firstpricedate,1988-02-03,1997-12-31
BWLK,109997,109997,firstpricedate,1994-02-14,1997-12-31
MGR1,111513,111513,firstpricedate,1986-01-01,1997-12-31
BNL1,103073,103073,firstpricedate,1986-01-01,1997-12-31
DNB2,110781,110781,firstpricedate,1986-01-01,1997-12-31
GNT1,106848,106848,firstpricedate,1986-01-01,1997-12-31
MSA1,103071,103071,firstpricedate,1988-09-26,1997-12-31
GOTK,109965,109965,firstpricedate,1989-03-03,1997-12-31
MON1,102099,102099,firstpricedate,1991-09-20,1997-12-31
DFLX,102691,102691,firstpricedate,1986-01-01,1997-12-31
ENA1,102897,102897,firstpricedate,1986-01-01,1997-12-31
ACCL2,101687,101687,firstpricedate,1997-04-11,1997-12-31
PET1,114491,114491,firstpricedate,1986-01-01,1997-12-31
CTZN1,102022,102022,firstpricedate,1992-01-22,1997-12-31
BLRK1,575443,575443,firstpricedate,1996-07-19,1997-12-31
EMAX,575978,575978,firstpricedate,1996-12-12,1997-12-31
TKTM1,101727,101727,firstpricedate,1996-11-19,1997-12-31
SLAB1,110150,110150,firstpricedate,1986-01-01,1997-12-31
RET1,110195,110195,firstpricedate,1993-08-06,1997-12-31
GMHC,101978,101978,firstpricedate,1986-01-01,1997-12-31
CUL,102422,102422,firstpricedate,1995-12-15,1997-12-31
HGI1,102264,102264,firstpricedate,1993-11-02,1997-12-31
FCOM2,103440,103440,firstpricedate,1986-01-01,1997-12-31
DEC1,110618,110618,firstpricedate,1986-01-01,1997-12-31
CNMX,106990,106990,firstpricedate,1994-02-10,1997-12-31
FRA2,103474,103474,firstpricedate,1986-01-01,1997-12-31
MROC,102149,102149,firstpricedate,1994-05-05,1997-12-31
IC1,103343,103343,firstpricedate,1990-08-21,1997-12-31
AFM1,102008,102008,firstpricedate,1995-06-09,1997-12-31
POR1,102729,102729,firstpricedate,1986-01-01,1997-12-31
SBO,110202,110202,firstpricedate,1986-01-01,1997-12-31
LECOA,638795,638795,firstpricedate,1995-06-13,1997-12-31
LUC,103465,103465,firstpricedate,1986-01-01,1997-12-31
KSE1,101611,101611,firstpricedate,1986-01-01,1997-12-31
MED2,103280,103280,firstpricedate,1986-01-01,1997-12-31
DEVN,103080,103080,firstpricedate,1986-08-13,1997-12-31
WII,102945,102945,firstpricedate,1986-01-01,1997-12-31
KICK,109916,109916,firstpricedate,1993-10-18,1997-12-31
DIDA,640095,640095,firstpricedate,1996-02-13,1997-12-31
DYT,110142,110142,firstpricedate,1986-01-01,1997-12-31
ZE,114480,114480,firstpricedate,1986-01-01,1997-12-31
PSDS,101795,101795,firstpricedate,1996-11-12,1997-12-31
SK1,110869,110869,firstpricedate,1986-01-01,1997-12-31
GA1,105264,105264,firstpricedate,1986-01-01,1997-12-31
INEL,103202,103202,firstpricedate,1987-06-30,1997-12-31
SCOP2,115127,115127,firstpricedate,1995-11-20,1997-12-31
DART,103181,103181,firstpricedate,1986-01-01,1997-12-31
IRATA,114806,114806,firstpricedate,1994-08-16,1997-12-31
CICC1,102566,102566,firstpricedate,1996-06-21,1997-12-31
AAH,102442,102442,firstpricedate,1994-08-24,1997-12-31
PURS,101700,101700,firstpricedate,1993-11-09,1997-12-31
WSTE1,102286,102286,firstpricedate,1991-11-12,1997-12-31
CSNT1,101719,101719,firstpricedate,1997-09-24,1997-12-31
SMTG1,102448,102448,firstpricedate,1991-08-02,1997-12-31
PJC1,103453,103453,firstpricedate,1986-03-19,1997-12-31
SPGC1,109978,109978,firstpricedate,1991-01-31,1997-12-31
DEP1,103463,103463,firstpricedate,1986-01-01,1997-12-31
MRV,109975,109975,firstpricedate,1991-07-16,1997-12-31
CFL1,110180,110180,firstpricedate,1986-01-01,1997-12-31
FG1,103471,103471,firstpricedate,1986-01-01,1997-12-31
TRUKQ,102862,102862,firstpricedate,1986-01-01,1997-12-31
ACCC,103048,103048,firstpricedate,1986-01-01,1997-12-31
ILHL,123207,123207,firstpricedate,1986-01-01,1997-12-31
CON1,103302,103302,firstpricedate,1987-02-19,1997-12-31
PNFI,102244,102244,firstpricedate,1989-08-22,1997-12-31
SUBM,102449,102449,firstpricedate,1993-09-01,1997-12-31
UNHC,102259,102259,firstpricedate,1995-12-19,1997-12-31
EGFC,103163,103163,firstpricedate,1987-02-03,1997-12-31
WNDR1,101877,101877,firstpricedate,1993-07-23,1997-12-31
OAS1,102197,102197,firstpricedate,1993-10-15,1997-12-31
UOUT,102163,102163,firstpricedate,1996-07-23,1997-12-31
AADV,101941,101941,firstpricedate,1992-03-23,1997-12-31
FOA1,110188,110188,firstpricedate,1986-01-01,1997-12-31
HELI,575179,575179,firstpricedate,1996-03-07,1997-12-31
ONBK,102537,102537,firstpricedate,1987-07-30,1997-12-31
CUTC1,573838,573838,firstpricedate,1986-01-01,1997-12-31
FWNC,631536,631536,firstpricedate,1986-01-01,1997-12-31
MDA1,103255,103255,firstpricedate,1986-01-01,1997-12-31
CWV,102774,102774,firstpricedate,1996-06-27,1997-12-31
CHRT1,102288,102288,firstpricedate,1994-11-14,1997-12-31
MRDG,104868,104868,firstpricedate,1986-01-01,1997-12-31
ONSI1,111514,111514,firstpricedate,1995-08-01,1997-12-31
USTS,574803,574803,firstpricedate,1990-03-19,1997-12-31
CCIR1,102303,102303,firstpricedate,1995-03-15,1997-12-31
SDYN,645818,645818,firstpricedate,1986-01-01,1997-12-31
ATSB,576144,576144,firstpricedate,1995-03-28,1997-12-31
XQ,110196,110196,firstpricedate,1987-03-27,1997-12-31
ETS2,645095,645095,firstpricedate,1992-07-23,1997-12-31
SN1,104993,104993,firstpricedate,1986-01-01,1997-12-31
ZLG,110212,110212,firstpricedate,1991-02-27,1997-12-31
RACC1,102355,102355,firstpricedate,1994-05-25,1997-12-31
UHOS,120809,120809,firstpricedate,1992-06-09,1997-12-31
INDV1,102148,102148,firstpricedate,1996-03-15,1997-12-31
ITT1,102444,102444,firstpricedate,1995-12-20,1997-12-31
ONEL,104887,104887,firstpricedate,1995-04-28,1997-12-31
TESC1,101644,101644,firstpricedate,1990-08-24,1997-12-31
CCIX1,102299,102299,firstpricedate,1993-12-16,1997-12-31
TNZ,102801,102801,firstpricedate,1986-01-01,1997-12-31
CHPS1,103438,103438,firstpricedate,1986-10-08,1997-12-31
BFPT,102469,102469,firstpricedate,1996-05-03,1997-12-31
PBIO1,102434,102434,firstpricedate,1992-05-29,1997-12-31
NETC2,110147,110147,firstpricedate,1994-12-15,1997-12-31
MFI2,103178,103178,firstpricedate,1986-01-01,1997-12-31
BBI1,103017,103017,firstpricedate,1986-01-01,1997-12-31
INDQA,110152,110152,firstpricedate,1986-01-01,1997-12-31
INDQB,635422,635422,firstpricedate,1986-02-14,1997-12-31
RAPT1,116098,116098,firstpricedate,1994-05-12,1997-12-31
GBY,105642,105642,firstpricedate,1986-01-01,1997-12-31
CYDI,109790,109790,firstpricedate,1986-01-01,1997-12-31
PA.A,640097,640097,firstpricedate,1987-11-18,1997-12-31
