date,y3m,y2,y10,slope_10_2,slope_10_3m
2004-01-02,0.93,1.94,4.38,2.44,3.45
2004-01-05,0.91,1.95,4.41,2.46,3.5
2004-01-06,0.91,1.84,4.29,2.45,3.38
2004-01-07,0.91,1.84,4.27,2.43,3.36
2004-01-08,0.88,1.85,4.27,2.42,3.39
2004-01-09,0.87,1.68,4.11,2.43,3.24
2004-01-12,0.89,1.68,4.11,2.43,3.22
2004-01-13,0.89,1.63,4.05,2.42,3.16
2004-01-14,0.88,1.65,4.01,2.36,3.13
2004-01-15,0.88,1.67,3.99,2.32,3.11
2004-01-16,0.89,1.7,4.04,2.34,3.15
2004-01-20,0.89,1.69,4.08,2.39,3.19
2004-01-21,0.89,1.69,4.05,2.36,3.16
2004-01-22,0.88,1.66,3.99,2.33,3.11
2004-01-23,0.9,1.71,4.09,2.38,3.19
2004-01-26,0.9,1.75,4.16,2.41,3.26
2004-01-27,0.91,1.7,4.11,2.41,3.2
2004-01-28,0.94,1.87,4.22,2.35,3.28
2004-01-29,0.94,1.88,4.22,2.34,3.28
2004-01-30,0.92,1.84,4.16,2.32,3.24
2004-02-02,0.94,1.83,4.18,2.35,3.24
2004-02-03,0.94,1.78,4.13,2.35,3.19
2004-02-04,0.94,1.8,4.15,2.35,3.21
2004-02-05,0.94,1.85,4.2,2.35,3.26
2004-02-06,0.93,1.77,4.12,2.35,3.19
2004-02-09,0.94,1.76,4.09,2.33,3.15
2004-02-10,0.95,1.82,4.13,2.31,3.18
2004-02-11,0.93,1.73,4.05,2.32,3.12
2004-02-12,0.93,1.75,4.1,2.35,3.17
2004-02-13,0.92,1.7,4.05,2.35,3.13
2004-02-17,0.95,1.7,4.05,2.35,3.1
2004-02-18,0.94,1.72,4.05,2.33,3.11
2004-02-19,0.94,1.7,4.05,2.35,3.11
2004-02-20,0.94,1.75,4.1,2.35,3.16
2004-02-23,0.97,1.69,4.05,2.36,3.08
2004-02-24,0.97,1.69,4.04,2.35,3.07
2004-02-25,0.96,1.67,4.02,2.35,3.06
2004-02-26,0.96,1.69,4.05,2.36,3.09
2004-02-27,0.96,1.66,3.99,2.33,3.03
2004-03-01,0.97,1.67,4.0,2.33,3.03
2004-03-02,0.97,1.74,4.05,2.31,3.08
2004-03-03,0.97,1.74,4.07,2.33,3.1
2004-03-04,0.96,1.73,4.04,2.31,3.08
2004-03-05,0.94,1.57,3.85,2.28,2.91
2004-03-08,0.96,1.52,3.78,2.26,2.82
2004-03-09,0.96,1.51,3.73,2.22,2.77
2004-03-10,0.96,1.54,3.74,2.2,2.78
2004-03-11,0.97,1.52,3.74,2.22,2.77
2004-03-12,0.96,1.54,3.78,2.24,2.82
2004-03-15,0.96,1.56,3.78,2.22,2.82
2004-03-16,0.96,1.51,3.7,2.19,2.74
2004-03-17,0.93,1.53,3.71,2.18,2.78
2004-03-18,0.93,1.55,3.76,2.21,2.83
2004-03-19,0.94,1.56,3.8,2.24,2.86
2004-03-22,0.95,1.52,3.74,2.22,2.79
2004-03-23,0.95,1.52,3.73,2.21,2.78
2004-03-24,0.93,1.5,3.73,2.23,2.8
2004-03-25,0.94,1.51,3.75,2.24,2.81
2004-03-26,0.95,1.59,3.85,2.26,2.9
2004-03-29,0.96,1.63,3.91,2.28,2.95
2004-03-30,0.96,1.63,3.91,2.28,2.95
2004-03-31,0.95,1.6,3.86,2.26,2.91
2004-04-01,0.93,1.65,3.91,2.26,2.98
2004-04-02,0.95,1.86,4.15,2.29,3.2
2004-04-05,0.94,1.91,4.24,2.33,3.3
2004-04-06,0.94,1.86,4.19,2.33,3.25
2004-04-07,0.95,1.87,4.19,2.32,3.24
2004-04-08,0.93,1.88,4.21,2.33,3.28
2004-04-12,0.94,1.91,4.25,2.34,3.31
2004-04-13,0.94,2.01,4.35,2.34,3.41
2004-04-14,0.95,2.13,4.4,2.27,3.45
2004-04-15,0.95,2.1,4.42,2.32,3.47
2004-04-16,0.94,2.03,4.37,2.34,3.43
2004-04-19,0.96,2.07,4.39,2.32,3.43
2004-04-20,0.97,2.11,4.43,2.32,3.46
2004-04-21,0.99,2.22,4.45,2.23,3.46
2004-04-22,0.97,2.15,4.4,2.25,3.43
2004-04-23,0.98,2.29,4.48,2.19,3.5
2004-04-26,0.99,2.28,4.46,2.18,3.47
2004-04-27,0.98,2.21,4.43,2.22,3.45
2004-04-28,0.97,2.3,4.5,2.2,3.53
2004-04-29,0.97,2.34,4.55,2.21,3.58
2004-04-30,0.98,2.31,4.53,2.22,3.55
2004-05-03,1.0,2.34,4.53,2.19,3.53
2004-05-04,1.0,2.32,4.56,2.24,3.56
2004-05-05,0.99,2.34,4.61,2.27,3.62
2004-05-06,1.0,2.39,4.63,2.24,3.63
2004-05-07,1.07,2.64,4.79,2.15,3.72
2004-05-10,1.08,2.61,4.81,2.2,3.73
2004-05-11,1.05,2.61,4.79,2.18,3.74
2004-05-12,1.04,2.62,4.83,2.21,3.79
2004-05-13,1.0,2.67,4.85,2.18,3.85
2004-05-14,0.99,2.59,4.79,2.2,3.8
2004-05-17,1.06,2.51,4.7,2.19,3.64
2004-05-18,1.05,2.58,4.74,2.16,3.69
2004-05-19,1.04,2.61,4.79,2.18,3.75
2004-05-20,1.03,2.55,4.72,2.17,3.69
2004-05-21,1.03,2.6,4.76,2.16,3.73
2004-05-24,1.07,2.59,4.75,2.16,3.68
2004-05-25,1.07,2.58,4.73,2.15,3.66
2004-05-26,1.08,2.52,4.67,2.15,3.59
2004-05-27,1.06,2.46,4.6,2.14,3.54
2004-05-28,1.08,2.54,4.66,2.12,3.58
2004-06-01,1.17,2.6,4.71,2.11,3.54
2004-06-02,1.17,2.65,4.74,2.09,3.57
2004-06-03,1.17,2.63,4.71,2.08,3.54
2004-06-04,1.21,2.7,4.78,2.08,3.57
2004-06-07,1.24,2.67,4.78,2.11,3.54
2004-06-08,1.27,2.73,4.78,2.05,3.51
2004-06-09,1.27,2.79,4.82,2.03,3.55
2004-06-10,1.3,2.81,4.81,2.0,3.51
2004-06-14,1.41,2.97,4.89,1.92,3.48
2004-06-15,1.34,2.77,4.69,1.92,3.35
2004-06-16,1.3,2.84,4.74,1.9,3.44
2004-06-17,1.28,2.81,4.71,1.9,3.43
2004-06-18,1.29,2.81,4.72,1.91,3.43
2004-06-21,1.33,2.8,4.7,1.9,3.37
2004-06-22,1.32,2.8,4.72,1.92,3.4
2004-06-23,1.29,2.78,4.71,1.93,3.42
2004-06-24,1.29,2.74,4.66,1.92,3.37
2004-06-25,1.31,2.74,4.66,1.92,3.35
2004-06-28,1.38,2.86,4.76,1.9,3.38
2004-06-29,1.38,2.83,4.7,1.87,3.32
2004-06-30,1.33,2.7,4.62,1.92,3.29
2004-07-01,1.22,2.64,4.57,1.93,3.35
2004-07-02,1.3,2.54,4.48,1.94,3.18
2004-07-06,1.34,2.56,4.49,1.93,3.15
2004-07-07,1.3,2.56,4.5,1.94,3.2
2004-07-08,1.27,2.55,4.49,1.94,3.22
2004-07-09,1.28,2.55,4.49,1.94,3.21
2004-07-12,1.34,2.53,4.46,1.93,3.12
2004-07-13,1.34,2.58,4.5,1.92,3.16
2004-07-14,1.34,2.62,4.5,1.88,3.16
2004-07-15,1.35,2.64,4.5,1.86,3.15
2004-07-16,1.35,2.54,4.38,1.84,3.03
2004-07-19,1.35,2.56,4.38,1.82,3.03
2004-07-20,1.36,2.67,4.47,1.8,3.11
2004-07-21,1.35,2.71,4.5,1.79,3.15
2004-07-22,1.37,2.69,4.48,1.79,3.11
2004-07-23,1.38,2.69,4.45,1.76,3.07
2004-07-26,1.45,2.75,4.49,1.74,3.04
2004-07-27,1.46,2.82,4.62,1.8,3.16
2004-07-28,1.46,2.78,4.61,1.83,3.15
2004-07-29,1.45,2.75,4.6,1.85,3.15
2004-07-30,1.45,2.68,4.5,1.82,3.05
2004-08-02,1.5,2.66,4.48,1.82,2.98
2004-08-03,1.48,2.66,4.45,1.79,2.97
2004-08-04,1.49,2.66,4.45,1.79,2.96
2004-08-05,1.48,2.64,4.43,1.79,2.95
2004-08-06,1.44,2.4,4.24,1.84,2.8
2004-08-09,1.51,2.45,4.28,1.83,2.77
2004-08-10,1.5,2.55,4.32,1.77,2.82
2004-08-11,1.44,2.54,4.3,1.76,2.86
2004-08-12,1.43,2.52,4.27,1.75,2.84
2004-08-13,1.44,2.47,4.22,1.75,2.78
2004-08-16,1.49,2.51,4.26,1.75,2.77
2004-08-17,1.48,2.44,4.21,1.77,2.73
2004-08-18,1.49,2.44,4.23,1.79,2.74
2004-08-19,1.48,2.43,4.22,1.79,2.74
2004-08-20,1.49,2.46,4.24,1.78,2.75
2004-08-23,1.54,2.5,4.28,1.78,2.74
2004-08-24,1.54,2.5,4.28,1.78,2.74
2004-08-25,1.54,2.51,4.26,1.75,2.72
2004-08-26,1.55,2.48,4.22,1.74,2.67
2004-08-27,1.56,2.48,4.23,1.75,2.67
2004-08-30,1.61,2.47,4.19,1.72,2.58
2004-08-31,1.59,2.41,4.13,1.72,2.54
2004-09-01,1.58,2.41,4.13,1.72,2.55
2004-09-02,1.6,2.46,4.2,1.74,2.6
2004-09-03,1.65,2.61,4.3,1.69,2.65
2004-09-07,1.66,2.58,4.26,1.68,2.6
2004-09-08,1.65,2.5,4.18,1.68,2.53
2004-09-09,1.64,2.5,4.22,1.72,2.58
2004-09-10,1.66,2.5,4.19,1.69,2.53
2004-09-13,1.66,2.5,4.16,1.66,2.5
2004-09-14,1.66,2.47,4.15,1.68,2.49
2004-09-15,1.67,2.51,4.18,1.67,2.51
2004-09-16,1.67,2.44,4.08,1.64,2.41
2004-09-17,1.71,2.53,4.14,1.61,2.43
2004-09-20,1.73,2.46,4.07,1.61,2.34
2004-09-21,1.72,2.49,4.05,1.56,2.33
2004-09-22,1.71,2.5,4.0,1.5,2.29
2004-09-23,1.72,2.57,4.02,1.45,2.3
2004-09-24,1.73,2.62,4.04,1.42,2.31
2004-09-27,1.74,2.59,4.01,1.42,2.27
2004-09-28,1.72,2.55,4.02,1.47,2.3
2004-09-29,1.72,2.61,4.1,1.49,2.38
2004-09-30,1.71,2.63,4.14,1.51,2.43
2004-10-01,1.71,2.63,4.21,1.58,2.5
2004-10-04,1.71,2.65,4.19,1.54,2.48
2004-10-05,1.71,2.65,4.18,1.53,2.47
2004-10-06,1.71,2.7,4.23,1.53,2.52
2004-10-07,1.7,2.72,4.26,1.54,2.56
2004-10-08,1.71,2.61,4.15,1.54,2.44
2004-10-12,1.72,2.56,4.12,1.56,2.4
2004-10-13,1.72,2.53,4.09,1.56,2.37
2004-10-14,1.74,2.48,4.03,1.55,2.29
2004-10-15,1.76,2.53,4.07,1.54,2.31
2004-10-18,1.81,2.55,4.07,1.52,2.26
2004-10-19,1.82,2.57,4.07,1.5,2.25
2004-10-20,1.82,2.53,4.01,1.48,2.19
2004-10-21,1.85,2.57,4.01,1.44,2.16
2004-10-22,1.85,2.55,4.0,1.45,2.15
2004-10-25,1.9,2.54,3.99,1.45,2.09
2004-10-26,1.91,2.54,4.01,1.47,2.1
2004-10-27,1.92,2.63,4.11,1.48,2.19
2004-10-28,1.91,2.59,4.09,1.5,2.18
2004-10-29,1.91,2.56,4.05,1.49,2.14
2004-11-01,1.99,2.61,4.11,1.5,2.12
2004-11-02,1.97,2.6,4.1,1.5,2.13
2004-11-03,1.96,2.6,4.09,1.49,2.13
2004-11-04,1.98,2.63,4.1,1.47,2.12
2004-11-05,2.03,2.8,4.21,1.41,2.18
2004-11-08,2.07,2.8,4.22,1.42,2.15
2004-11-09,2.08,2.8,4.22,1.42,2.14
2004-11-10,2.08,2.82,4.25,1.43,2.17
2004-11-12,2.08,2.86,4.2,1.34,2.12
2004-11-15,2.12,2.89,4.2,1.31,2.08
2004-11-16,2.14,2.91,4.21,1.3,2.07
2004-11-17,2.13,2.85,4.14,1.29,2.01
2004-11-18,2.13,2.86,4.12,1.26,1.99
2004-11-19,2.15,2.95,4.2,1.25,2.05
2004-11-22,2.2,2.95,4.18,1.23,1.98
2004-11-23,2.19,2.98,4.19,1.21,2.0
2004-11-24,2.18,3.01,4.2,1.19,2.02
2004-11-26,2.21,3.03,4.24,1.21,2.03
2004-11-29,2.23,3.07,4.34,1.27,2.11
2004-11-30,2.23,3.02,4.36,1.34,2.13
2004-12-01,2.22,3.01,4.38,1.37,2.16
2004-12-02,2.22,3.04,4.4,1.36,2.18
2004-12-03,2.21,2.94,4.27,1.33,2.06
2004-12-06,2.25,2.93,4.24,1.31,1.99
2004-12-07,2.25,2.95,4.23,1.28,1.98
2004-12-08,2.24,2.91,4.14,1.23,1.9
2004-12-09,2.24,2.93,4.19,1.26,1.95
2004-12-10,2.25,2.95,4.16,1.21,1.91
2004-12-13,2.24,2.98,4.16,1.18,1.92
2004-12-14,2.21,2.99,4.14,1.15,1.93
2004-12-15,2.21,2.97,4.09,1.12,1.88
2004-12-16,2.2,3.01,4.19,1.18,1.99
2004-12-17,2.2,3.03,4.21,1.18,2.01
2004-12-20,2.22,3.06,4.21,1.15,1.99
2004-12-21,2.2,3.05,4.18,1.13,1.98
2004-12-22,2.18,3.04,4.21,1.17,2.03
2004-12-23,2.19,3.02,4.23,1.21,2.04
2004-12-27,2.26,3.07,4.3,1.23,2.04
2004-12-28,2.25,3.08,4.31,1.23,2.06
2004-12-29,2.22,3.12,4.33,1.21,2.11
2004-12-30,2.22,3.1,4.27,1.17,2.05
2004-12-31,2.22,3.08,4.24,1.16,2.02
2005-01-03,2.32,3.1,4.23,1.13,1.91
2005-01-04,2.33,3.2,4.29,1.09,1.96
2005-01-05,2.33,3.22,4.29,1.07,1.96
2005-01-06,2.31,3.18,4.29,1.11,1.98
2005-01-07,2.32,3.2,4.29,1.09,1.97
2005-01-10,2.36,3.23,4.29,1.06,1.93
2005-01-11,2.34,3.24,4.26,1.02,1.92
2005-01-12,2.34,3.22,4.25,1.03,1.91
2005-01-13,2.35,3.21,4.2,0.99,1.85
2005-01-14,2.37,3.24,4.23,0.99,1.86
2005-01-18,2.39,3.26,4.21,0.95,1.82
2005-01-19,2.37,3.26,4.2,0.94,1.83
2005-01-20,2.35,3.21,4.17,0.96,1.82
2005-01-21,2.36,3.16,4.16,1.0,1.8
2005-01-24,2.37,3.2,4.14,0.94,1.77
2005-01-25,2.39,3.23,4.2,0.97,1.81
2005-01-26,2.41,3.27,4.21,0.94,1.8
2005-01-27,2.44,3.28,4.22,0.94,1.78
2005-01-28,2.46,3.25,4.16,0.91,1.7
2005-01-31,2.51,3.29,4.14,0.85,1.63
2005-02-01,2.51,3.29,4.15,0.86,1.64
2005-02-02,2.51,3.32,4.15,0.83,1.64
2005-02-03,2.48,3.34,4.18,0.84,1.7
2005-02-04,2.47,3.29,4.09,0.8,1.62
2005-02-07,2.51,3.31,4.07,0.76,1.56
2005-02-08,2.49,3.33,4.05,0.72,1.56
2005-02-09,2.51,3.24,4.0,0.76,1.49
2005-02-10,2.51,3.29,4.07,0.78,1.56
2005-02-11,2.55,3.34,4.1,0.76,1.55
2005-02-14,2.59,3.38,4.08,0.7,1.49
2005-02-15,2.59,3.37,4.1,0.73,1.51
2005-02-16,2.57,3.41,4.16,0.75,1.59
2005-02-17,2.58,3.38,4.19,0.81,1.61
2005-02-18,2.61,3.45,4.27,0.82,1.66
2005-02-22,2.67,3.46,4.29,0.83,1.62
2005-02-23,2.67,3.46,4.27,0.81,1.6
2005-02-24,2.69,3.52,4.29,0.77,1.6
2005-02-25,2.74,3.54,4.27,0.73,1.53
2005-02-28,2.76,3.59,4.36,0.77,1.6
2005-03-01,2.75,3.59,4.38,0.79,1.63
2005-03-02,2.74,3.57,4.38,0.81,1.64
2005-03-03,2.76,3.59,4.39,0.8,1.63
2005-03-04,2.76,3.57,4.32,0.75,1.56
2005-03-07,2.76,3.61,4.31,0.7,1.55
2005-03-08,2.75,3.62,4.38,0.76,1.63
2005-03-09,2.76,3.66,4.52,0.86,1.76
2005-03-10,2.75,3.68,4.48,0.8,1.73
2005-03-11,2.76,3.73,4.56,0.83,1.8
2005-03-14,2.8,3.75,4.52,0.77,1.72
2005-03-15,2.81,3.75,4.54,0.79,1.73
2005-03-16,2.8,3.72,4.52,0.8,1.72
2005-03-17,2.79,3.7,4.47,0.77,1.68
2005-03-18,2.81,3.72,4.51,0.79,1.7
2005-03-21,2.85,3.72,4.53,0.81,1.68
2005-03-22,2.89,3.86,4.63,0.77,1.74
2005-03-23,2.83,3.84,4.61,0.77,1.78
2005-03-24,2.84,3.88,4.6,0.72,1.76
2005-03-28,2.84,3.9,4.64,0.74,1.8
2005-03-29,2.84,3.87,4.6,0.73,1.76
2005-03-30,2.83,3.86,4.56,0.7,1.73
2005-03-31,2.79,3.8,4.5,0.7,1.71
2005-04-01,2.8,3.75,4.46,0.71,1.66
2005-04-04,2.8,3.74,4.47,0.73,1.67
2005-04-05,2.79,3.75,4.48,0.73,1.69
2005-04-06,2.76,3.7,4.44,0.74,1.68
2005-04-07,2.77,3.72,4.49,0.77,1.72
2005-04-08,2.79,3.77,4.5,0.73,1.71
2005-04-11,2.76,3.75,4.45,0.7,1.69
2005-04-12,2.76,3.71,4.38,0.67,1.62
2005-04-13,2.77,3.66,4.38,0.72,1.61
2005-04-14,2.78,3.6,4.37,0.77,1.59
2005-04-15,2.79,3.54,4.27,0.73,1.48
2005-04-18,2.9,3.55,4.27,0.72,1.37
2005-04-19,2.91,3.5,4.21,0.71,1.3
2005-04-20,2.87,3.52,4.22,0.7,1.35
2005-04-21,2.88,3.65,4.32,0.67,1.44
2005-04-22,2.93,3.62,4.26,0.64,1.33
2005-04-25,2.93,3.64,4.26,0.62,1.33
2005-04-26,2.91,3.67,4.28,0.61,1.37
2005-04-27,2.89,3.64,4.25,0.61,1.36
2005-04-28,2.88,3.59,4.19,0.6,1.31
2005-04-29,2.9,3.66,4.21,0.55,1.31
2005-05-02,2.93,3.64,4.21,0.57,1.28
2005-05-03,2.91,3.68,4.21,0.53,1.3
2005-05-04,2.87,3.63,4.2,0.57,1.33
2005-05-05,2.81,3.58,4.19,0.61,1.38
2005-05-06,2.87,3.73,4.28,0.55,1.41
2005-05-09,2.91,3.76,4.29,0.53,1.38
2005-05-10,2.9,3.69,4.23,0.54,1.33
2005-05-11,2.87,3.68,4.21,0.53,1.34
2005-05-12,2.88,3.66,4.18,0.52,1.3
2005-05-13,2.83,3.61,4.12,0.51,1.29
2005-05-16,2.89,3.61,4.13,0.52,1.24
2005-05-17,2.88,3.61,4.12,0.51,1.24
2005-05-18,2.86,3.56,4.07,0.51,1.21
2005-05-19,2.87,3.64,4.11,0.47,1.24
2005-05-20,2.9,3.69,4.13,0.44,1.23
2005-05-23,2.97,3.65,4.07,0.42,1.1
2005-05-24,2.94,3.61,4.04,0.43,1.1
2005-05-25,2.95,3.61,4.08,0.47,1.13
2005-05-26,2.94,3.64,4.08,0.44,1.14
2005-05-27,2.97,3.64,4.08,0.44,1.11
2005-05-31,2.99,3.6,4.0,0.4,1.01
2005-06-01,2.97,3.5,3.91,0.41,0.94
2005-06-02,2.97,3.52,3.89,0.37,0.92
2005-06-03,3.01,3.57,3.98,0.41,0.97
2005-06-06,3.02,3.59,3.96,0.37,0.94
2005-06-07,3.02,3.57,3.92,0.35,0.9
2005-06-08,3.02,3.6,3.95,0.35,0.93
2005-06-09,2.99,3.64,3.98,0.34,0.99
2005-06-10,3.01,3.71,4.05,0.34,1.04
2005-06-13,3.03,3.71,4.09,0.38,1.06
2005-06-14,3.01,3.71,4.13,0.42,1.12
2005-06-15,3.0,3.72,4.12,0.4,1.12
2005-06-16,2.98,3.7,4.09,0.39,1.11
2005-06-17,2.99,3.72,4.09,0.37,1.1
2005-06-20,3.02,3.72,4.11,0.39,1.09
2005-06-21,3.02,3.71,4.06,0.35,1.04
2005-06-22,3.03,3.62,3.95,0.33,0.92
2005-06-23,3.07,3.63,3.96,0.33,0.89
2005-06-24,3.09,3.59,3.92,0.33,0.83
2005-06-27,3.15,3.6,3.9,0.3,0.75
2005-06-28,3.14,3.65,3.97,0.32,0.83
2005-06-29,3.13,3.65,3.99,0.34,0.86
2005-06-30,3.13,3.66,3.94,0.28,0.81
2005-07-01,3.17,3.76,4.06,0.3,0.89
2005-07-05,3.22,3.79,4.11,0.32,0.89
2005-07-06,3.19,3.77,4.08,0.31,0.89
2005-07-07,3.15,3.71,4.05,0.34,0.9
2005-07-08,3.17,3.78,4.11,0.33,0.94
2005-07-11,3.19,3.81,4.11,0.3,0.92
2005-07-12,3.21,3.82,4.15,0.33,0.94
2005-07-13,3.22,3.84,4.17,0.33,0.95
2005-07-14,3.23,3.86,4.19,0.33,0.96
2005-07-15,3.26,3.86,4.18,0.32,0.92
2005-07-18,3.3,3.89,4.22,0.33,0.92
2005-07-19,3.31,3.88,4.2,0.32,0.89
2005-07-20,3.3,3.9,4.17,0.27,0.87
2005-07-21,3.35,3.96,4.28,0.32,0.93
2005-07-22,3.38,3.92,4.23,0.31,0.85
2005-07-25,3.44,3.95,4.25,0.3,0.81
2005-07-26,3.43,3.95,4.24,0.29,0.81
2005-07-27,3.4,3.99,4.27,0.28,0.87
2005-07-28,3.41,3.96,4.2,0.24,0.79
2005-07-29,3.42,4.02,4.28,0.26,0.86
2005-08-01,3.48,4.04,4.32,0.28,0.84
2005-08-02,3.49,4.06,4.34,0.28,0.85
2005-08-03,3.46,4.02,4.3,0.28,0.84
2005-08-04,3.47,4.04,4.32,0.28,0.85
2005-08-05,3.52,4.11,4.4,0.29,0.88
2005-08-08,3.54,4.16,4.42,0.26,0.88
2005-08-09,3.52,4.13,4.41,0.28,0.89
2005-08-10,3.51,4.13,4.4,0.27,0.89
2005-08-11,3.51,4.1,4.32,0.22,0.81
2005-08-12,3.52,4.05,4.24,0.19,0.72
2005-08-15,3.54,4.08,4.27,0.19,0.73
2005-08-16,3.54,4.03,4.23,0.2,0.69
2005-08-17,3.52,4.07,4.28,0.21,0.76
2005-08-18,3.5,4.01,4.21,0.2,0.71
2005-08-19,3.52,4.03,4.21,0.18,0.69
2005-08-22,3.53,4.03,4.22,0.19,0.69
2005-08-23,3.53,4.01,4.2,0.19,0.67
2005-08-24,3.53,3.99,4.19,0.2,0.66
2005-08-25,3.54,4.0,4.18,0.18,0.64
2005-08-26,3.55,4.06,4.2,0.14,0.65
2005-08-29,3.54,4.06,4.2,0.14,0.66
2005-08-30,3.54,3.97,4.16,0.19,0.62
2005-08-31,3.52,3.84,4.02,0.18,0.5
2005-09-01,3.48,3.72,4.02,0.3,0.54
2005-09-02,3.46,3.75,4.03,0.28,0.57
2005-09-06,3.52,3.8,4.09,0.29,0.57
2005-09-07,3.49,3.87,4.15,0.28,0.66
2005-09-08,3.48,3.87,4.15,0.28,0.67
2005-09-09,3.49,3.88,4.14,0.26,0.65
2005-09-12,3.51,3.92,4.18,0.26,0.67
2005-09-13,3.47,3.88,4.14,0.26,0.67
2005-09-14,3.42,3.9,4.17,0.27,0.75
2005-09-15,3.45,3.9,4.22,0.32,0.77
2005-09-16,3.5,3.97,4.26,0.29,0.76
2005-09-19,3.58,3.93,4.25,0.32,0.67
2005-09-20,3.61,4.0,4.26,0.26,0.65
2005-09-21,3.41,3.96,4.19,0.23,0.78
2005-09-22,3.47,3.95,4.19,0.24,0.72
2005-09-23,3.48,4.02,4.25,0.23,0.77
2005-09-26,3.52,4.07,4.3,0.23,0.78
2005-09-27,3.49,4.08,4.3,0.22,0.81
2005-09-28,3.46,4.09,4.26,0.17,0.8
2005-09-29,3.54,4.13,4.29,0.16,0.75
2005-09-30,3.55,4.18,4.34,0.16,0.79
2005-10-03,3.61,4.21,4.39,0.18,0.78
2005-10-04,3.63,4.22,4.38,0.16,0.75
2005-10-05,3.58,4.21,4.36,0.15,0.78
2005-10-06,3.61,4.2,4.37,0.17,0.76
2005-10-07,3.63,4.18,4.35,0.17,0.72
2005-10-11,3.73,4.22,4.39,0.17,0.66
2005-10-12,3.7,4.24,4.45,0.21,0.75
2005-10-13,3.75,4.24,4.48,0.24,0.73
2005-10-14,3.78,4.27,4.48,0.21,0.7
2005-10-17,3.86,4.29,4.5,0.21,0.64
2005-10-18,3.85,4.27,4.49,0.22,0.64
2005-10-19,3.86,4.25,4.47,0.22,0.61
2005-10-20,3.85,4.27,4.46,0.19,0.61
2005-10-21,3.87,4.22,4.39,0.17,0.52
2005-10-24,3.92,4.25,4.45,0.2,0.53
2005-10-25,3.93,4.34,4.54,0.2,0.61
2005-10-26,3.9,4.38,4.6,0.22,0.7
2005-10-27,3.88,4.36,4.57,0.21,0.69
2005-10-28,3.93,4.4,4.58,0.18,0.65
2005-10-31,3.98,4.4,4.57,0.17,0.59
2005-11-01,3.96,4.42,4.58,0.16,0.62
2005-11-02,3.94,4.43,4.61,0.18,0.67
2005-11-03,3.94,4.47,4.65,0.18,0.71
2005-11-04,3.98,4.47,4.66,0.19,0.68
2005-11-07,3.96,4.47,4.65,0.18,0.69
2005-11-08,3.96,4.43,4.57,0.14,0.61
2005-11-09,3.99,4.49,4.64,0.15,0.65
2005-11-10,3.97,4.44,4.55,0.11,0.58
2005-11-14,4.02,4.5,4.61,0.11,0.59
2005-11-15,4.01,4.47,4.56,0.09,0.55
2005-11-16,4.0,4.42,4.49,0.07,0.49
2005-11-17,4.01,4.37,4.46,0.09,0.45
2005-11-18,4.01,4.4,4.5,0.1,0.49
2005-11-21,4.0,4.39,4.46,0.07,0.46
2005-11-22,3.93,4.32,4.43,0.11,0.5
2005-11-23,3.95,4.36,4.47,0.11,0.52
2005-11-25,3.95,4.33,4.43,0.1,0.48
2005-11-28,3.98,4.33,4.41,0.08,0.43
2005-11-29,3.98,4.4,4.48,0.08,0.5
2005-11-30,3.95,4.42,4.49,0.07,0.54
2005-12-01,3.97,4.45,4.52,0.07,0.55
2005-12-02,3.99,4.43,4.52,0.09,0.53
2005-12-05,4.04,4.47,4.57,0.1,0.53
2005-12-06,4.04,4.42,4.49,0.07,0.45
2005-12-07,4.03,4.42,4.52,0.1,0.49
2005-12-08,3.94,4.37,4.47,0.1,0.53
2005-12-09,3.94,4.43,4.54,0.11,0.6
2005-12-12,3.9,4.45,4.56,0.11,0.66
2005-12-13,3.91,4.43,4.54,0.11,0.63
2005-12-14,3.89,4.37,4.45,0.08,0.56
2005-12-15,3.93,4.37,4.47,0.1,0.54
2005-12-16,3.93,4.37,4.45,0.08,0.52
2005-12-19,3.96,4.38,4.45,0.07,0.49
2005-12-20,3.95,4.42,4.47,0.05,0.52
2005-12-21,3.98,4.43,4.49,0.06,0.51
2005-12-22,3.98,4.4,4.44,0.04,0.46
2005-12-23,3.99,4.37,4.38,0.01,0.39
2005-12-27,3.98,4.35,4.34,-0.01,0.36
2005-12-28,3.95,4.37,4.38,0.01,0.43
2005-12-29,4.01,4.38,4.37,-0.01,0.36
2005-12-30,4.08,4.41,4.39,-0.02,0.31
2006-01-03,4.16,4.34,4.37,0.03,0.21
2006-01-04,4.19,4.31,4.36,0.05,0.17
2006-01-05,4.2,4.32,4.36,0.04,0.16
2006-01-06,4.22,4.36,4.38,0.02,0.16
2006-01-09,4.23,4.36,4.38,0.02,0.15
2006-01-10,4.29,4.41,4.43,0.02,0.14
2006-01-11,4.3,4.44,4.46,0.02,0.16
2006-01-12,4.32,4.39,4.42,0.03,0.1
2006-01-13,4.33,4.34,4.36,0.02,0.03
2006-01-17,4.38,4.33,4.34,0.01,-0.04
2006-01-18,4.35,4.33,4.34,0.01,-0.01
2006-01-19,4.35,4.37,4.38,0.01,0.03
2006-01-20,4.35,4.37,4.37,0.0,0.02
2006-01-23,4.38,4.35,4.36,0.01,-0.02
2006-01-24,4.4,4.37,4.4,0.03,0.0
2006-01-25,4.42,4.46,4.49,0.03,0.07
2006-01-26,4.45,4.49,4.53,0.04,0.08
2006-01-27,4.45,4.51,4.52,0.01,0.07
2006-01-30,4.48,4.52,4.54,0.02,0.06
2006-01-31,4.47,4.54,4.53,-0.01,0.06
2006-02-01,4.47,4.59,4.57,-0.02,0.1
2006-02-02,4.48,4.59,4.57,-0.02,0.09
2006-02-03,4.48,4.59,4.54,-0.05,0.06
2006-02-06,4.48,4.62,4.55,-0.07,0.07
2006-02-07,4.49,4.61,4.57,-0.04,0.08
2006-02-08,4.5,4.64,4.56,-0.08,0.06
2006-02-09,4.52,4.66,4.54,-0.12,0.02
2006-02-10,4.53,4.69,4.59,-0.1,0.06
2006-02-13,4.55,4.68,4.58,-0.1,0.03
2006-02-14,4.55,4.69,4.62,-0.07,0.07
2006-02-15,4.55,4.71,4.61,-0.1,0.06
2006-02-16,4.55,4.69,4.59,-0.1,0.04
2006-02-17,4.54,4.66,4.54,-0.12,0.0
2006-02-21,4.56,4.71,4.57,-0.14,0.01
2006-02-22,4.57,4.68,4.53,-0.15,-0.04
2006-02-23,4.59,4.72,4.56,-0.16,-0.03
2006-02-24,4.6,4.74,4.58,-0.16,-0.02
2006-02-27,4.62,4.74,4.59,-0.15,-0.03
2006-02-28,4.62,4.69,4.55,-0.14,-0.07
2006-03-01,4.6,4.71,4.59,-0.12,-0.01
2006-03-02,4.62,4.72,4.64,-0.08,0.02
2006-03-03,4.62,4.76,4.68,-0.08,0.06
2006-03-06,4.6,4.77,4.74,-0.03,0.14
2006-03-07,4.6,4.77,4.74,-0.03,0.14
2006-03-08,4.58,4.72,4.73,0.01,0.15
2006-03-09,4.6,4.72,4.74,0.02,0.14
2006-03-10,4.62,4.74,4.76,0.02,0.14
2006-03-13,4.61,4.74,4.77,0.03,0.16
2006-03-14,4.59,4.66,4.71,0.05,0.12
2006-03-15,4.63,4.69,4.73,0.04,0.1
2006-03-16,4.62,4.62,4.65,0.03,0.03
2006-03-17,4.64,4.65,4.68,0.03,0.04
2006-03-20,4.66,4.65,4.66,0.01,0.0
2006-03-21,4.69,4.72,4.71,-0.01,0.02
2006-03-22,4.69,4.74,4.7,-0.04,0.01
2006-03-23,4.67,4.77,4.73,-0.04,0.06
2006-03-24,4.65,4.72,4.67,-0.05,0.02
2006-03-27,4.63,4.72,4.7,-0.02,0.07
2006-03-28,4.65,4.81,4.79,-0.02,0.14
2006-03-29,4.63,4.82,4.81,-0.01,0.18
2006-03-30,4.61,4.84,4.86,0.02,0.25
2006-03-31,4.63,4.82,4.86,0.04,0.23
2006-04-03,4.67,4.86,4.88,0.02,0.21
2006-04-04,4.68,4.84,4.87,0.03,0.19
2006-04-05,4.67,4.81,4.84,0.03,0.17
2006-04-06,4.68,4.84,4.9,0.06,0.22
2006-04-07,4.69,4.89,4.97,0.08,0.28
2006-04-10,4.69,4.89,4.97,0.08,0.28
2006-04-11,4.7,4.88,4.93,0.05,0.23
2006-04-12,4.7,4.91,4.98,0.07,0.28
2006-04-13,4.7,4.96,5.05,0.09,0.35
2006-04-17,4.72,4.91,5.01,0.1,0.29
2006-04-18,4.72,4.84,4.99,0.15,0.27
2006-04-19,4.73,4.86,5.04,0.18,0.31
2006-04-20,4.73,4.89,5.04,0.15,0.31
2006-04-21,4.75,4.9,5.01,0.11,0.26
2006-04-24,4.75,4.89,4.99,0.1,0.24
2006-04-25,4.79,4.95,5.07,0.12,0.28
2006-04-26,4.79,4.99,5.12,0.13,0.33
2006-04-27,4.78,4.91,5.09,0.18,0.31
2006-04-28,4.77,4.87,5.07,0.2,0.3
2006-05-01,4.82,4.94,5.14,0.2,0.32
2006-05-02,4.81,4.92,5.12,0.2,0.31
2006-05-03,4.82,4.94,5.15,0.21,0.33
2006-05-04,4.8,4.97,5.16,0.19,0.36
2006-05-05,4.83,4.94,5.12,0.18,0.29
2006-05-08,4.87,4.97,5.12,0.15,0.25
2006-05-09,4.88,4.97,5.13,0.16,0.25
2006-05-10,4.88,5.01,5.13,0.12,0.25
2006-05-11,4.82,4.99,5.14,0.15,0.32
2006-05-12,4.85,5.01,5.19,0.18,0.34
2006-05-15,4.86,4.99,5.15,0.16,0.29
2006-05-16,4.83,4.96,5.1,0.14,0.27
2006-05-17,4.83,4.97,5.16,0.19,0.33
2006-05-18,4.83,4.94,5.08,0.14,0.25
2006-05-19,4.82,4.96,5.05,0.09,0.23
2006-05-22,4.83,4.94,5.04,0.1,0.21
2006-05-23,4.84,4.97,5.07,0.1,0.23
2006-05-24,4.82,4.94,5.03,0.09,0.21
2006-05-25,4.82,4.98,5.07,0.09,0.25
2006-05-26,4.84,4.96,5.06,0.1,0.22
2006-05-30,4.84,4.99,5.09,0.1,0.25
2006-05-31,4.86,5.04,5.12,0.08,0.26
2006-06-01,4.83,5.04,5.11,0.07,0.28
2006-06-02,4.81,4.92,5.0,0.08,0.19
2006-06-05,4.85,4.99,5.02,0.03,0.17
2006-06-06,4.86,4.99,5.01,0.02,0.15
2006-06-07,4.86,5.02,5.02,0.0,0.16
2006-06-08,4.87,5.01,5.0,-0.01,0.13
2006-06-09,4.88,5.01,4.98,-0.03,0.1
2006-06-12,4.93,5.02,4.99,-0.03,0.06
2006-06-13,4.89,5.02,4.97,-0.05,0.08
2006-06-14,4.9,5.11,5.05,-0.06,0.15
2006-06-15,4.85,5.14,5.1,-0.04,0.25
2006-06-16,4.88,5.16,5.13,-0.03,0.25
2006-06-19,4.93,5.19,5.14,-0.05,0.21
2006-06-20,4.92,5.19,5.15,-0.04,0.23
2006-06-21,4.92,5.2,5.16,-0.04,0.24
2006-06-22,4.92,5.23,5.2,-0.03,0.28
2006-06-23,4.98,5.27,5.23,-0.04,0.25
2006-06-26,5.03,5.27,5.25,-0.02,0.22
2006-06-27,5.05,5.24,5.21,-0.03,0.16
2006-06-28,5.01,5.29,5.25,-0.04,0.24
2006-06-29,5.01,5.21,5.22,0.01,0.21
2006-06-30,5.01,5.16,5.15,-0.01,0.14
2006-07-03,5.08,5.17,5.15,-0.02,0.07
2006-07-05,5.01,5.24,5.23,-0.01,0.22
2006-07-06,5.0,5.22,5.19,-0.03,0.19
2006-07-07,5.02,5.17,5.14,-0.03,0.12
2006-07-10,5.06,5.17,5.13,-0.04,0.07
2006-07-11,5.05,5.17,5.1,-0.07,0.05
2006-07-12,5.06,5.17,5.1,-0.07,0.04
2006-07-13,5.05,5.12,5.08,-0.04,0.03
2006-07-14,5.06,5.08,5.07,-0.01,0.01
2006-07-17,5.11,5.12,5.07,-0.05,-0.04
2006-07-18,5.13,5.19,5.13,-0.06,0.0
2006-07-19,5.11,5.12,5.06,-0.06,-0.05
2006-07-20,5.08,5.06,5.03,-0.03,-0.05
2006-07-21,5.1,5.08,5.05,-0.03,-0.05
2006-07-24,5.1,5.1,5.05,-0.05,-0.05
2006-07-25,5.13,5.11,5.07,-0.04,-0.06
2006-07-26,5.11,5.06,5.04,-0.02,-0.07
2006-07-27,5.1,5.07,5.07,0.0,-0.03
2006-07-28,5.07,4.98,5.0,0.02,-0.07
2006-07-31,5.1,4.97,4.99,0.02,-0.11
2006-08-01,5.12,4.97,4.99,0.02,-0.13
2006-08-02,5.1,4.97,4.96,-0.01,-0.14
2006-08-03,5.11,4.98,4.96,-0.02,-0.15
2006-08-04,5.09,4.91,4.91,0.0,-0.18
2006-08-07,5.12,4.96,4.93,-0.03,-0.19
2006-08-08,5.1,4.91,4.93,0.02,-0.17
2006-08-09,5.07,4.91,4.92,0.01,-0.15
2006-08-10,5.05,4.93,4.93,0.0,-0.12
2006-08-11,5.07,4.96,4.97,0.01,-0.1
2006-08-14,5.12,5.01,5.0,-0.01,-0.12
2006-08-15,5.1,4.94,4.93,-0.01,-0.17
2006-08-16,5.07,4.87,4.87,0.0,-0.2
2006-08-17,5.09,4.89,4.87,-0.02,-0.22
2006-08-18,5.1,4.87,4.84,-0.03,-0.26
2006-08-21,5.11,4.85,4.82,-0.03,-0.29
2006-08-22,5.1,4.87,4.82,-0.05,-0.28
2006-08-23,5.09,4.87,4.82,-0.05,-0.27
2006-08-24,5.09,4.88,4.81,-0.07,-0.28
2006-08-25,5.11,4.86,4.79,-0.07,-0.32
2006-08-28,5.1,4.88,4.8,-0.08,-0.3
2006-08-29,5.07,4.87,4.79,-0.08,-0.28
2006-08-30,5.05,4.83,4.76,-0.07,-0.29
2006-08-31,5.05,4.79,4.74,-0.05,-0.31
2006-09-01,5.02,4.77,4.73,-0.04,-0.29
2006-09-05,5.0,4.8,4.78,-0.02,-0.22
2006-09-06,4.97,4.82,4.8,-0.02,-0.17
2006-09-07,4.97,4.82,4.8,-0.02,-0.17
2006-09-08,4.93,4.8,4.78,-0.02,-0.15
2006-09-11,4.93,4.83,4.8,-0.03,-0.13
2006-09-12,4.9,4.82,4.78,-0.04,-0.12
2006-09-13,4.91,4.8,4.77,-0.03,-0.14
2006-09-14,4.95,4.83,4.79,-0.04,-0.16
2006-09-15,4.96,4.87,4.8,-0.07,-0.16
2006-09-18,4.94,4.88,4.81,-0.07,-0.13
2006-09-19,4.94,4.79,4.74,-0.05,-0.2
2006-09-20,4.93,4.81,4.73,-0.08,-0.2
2006-09-21,4.92,4.71,4.65,-0.06,-0.27
2006-09-22,4.93,4.67,4.6,-0.07,-0.33
2006-09-25,4.88,4.63,4.56,-0.07,-0.32
2006-09-26,4.88,4.68,4.59,-0.09,-0.29
2006-09-27,4.88,4.66,4.6,-0.06,-0.28
2006-09-28,4.87,4.68,4.63,-0.05,-0.24
2006-09-29,4.89,4.71,4.64,-0.07,-0.25
2006-10-02,4.88,4.66,4.62,-0.04,-0.26
2006-10-03,4.9,4.67,4.62,-0.05,-0.28
2006-10-04,4.93,4.6,4.57,-0.03,-0.36
2006-10-05,4.94,4.65,4.61,-0.04,-0.33
2006-10-06,4.95,4.74,4.7,-0.04,-0.25
2006-10-10,5.0,4.82,4.75,-0.07,-0.25
2006-10-11,5.02,4.85,4.78,-0.07,-0.24
2006-10-12,5.06,4.85,4.79,-0.06,-0.27
2006-10-13,5.05,4.87,4.81,-0.06,-0.24
2006-10-16,5.09,4.85,4.79,-0.06,-0.3
2006-10-17,5.09,4.83,4.78,-0.05,-0.31
2006-10-18,5.09,4.85,4.77,-0.08,-0.32
2006-10-19,5.1,4.85,4.79,-0.06,-0.31
2006-10-20,5.09,4.87,4.79,-0.08,-0.3
2006-10-23,5.12,4.9,4.83,-0.07,-0.29
2006-10-24,5.13,4.91,4.83,-0.08,-0.3
2006-10-25,5.12,4.88,4.78,-0.1,-0.34
2006-10-26,5.12,4.81,4.73,-0.08,-0.39
2006-10-27,5.11,4.76,4.68,-0.08,-0.43
2006-10-30,5.1,4.78,4.68,-0.1,-0.42
2006-10-31,5.08,4.71,4.61,-0.1,-0.47
2006-11-01,5.07,4.66,4.57,-0.09,-0.5
2006-11-02,5.07,4.67,4.6,-0.07,-0.47
2006-11-03,5.09,4.82,4.72,-0.1,-0.37
2006-11-06,5.09,4.82,4.71,-0.11,-0.38
2006-11-07,5.08,4.77,4.66,-0.11,-0.42
2006-11-08,5.1,4.75,4.64,-0.11,-0.46
2006-11-09,5.09,4.75,4.62,-0.13,-0.47
2006-11-10,5.1,4.73,4.59,-0.14,-0.51
2006-11-13,5.09,4.76,4.61,-0.15,-0.48
2006-11-14,5.09,4.74,4.57,-0.17,-0.52
2006-11-15,5.09,4.8,4.61,-0.19,-0.48
2006-11-16,5.09,4.85,4.66,-0.19,-0.43
2006-11-17,5.09,4.76,4.61,-0.15,-0.48
2006-11-20,5.08,4.76,4.6,-0.16,-0.48
2006-11-21,5.07,4.75,4.58,-0.17,-0.49
2006-11-22,5.05,4.74,4.57,-0.17,-0.48
2006-11-24,5.04,4.73,4.55,-0.18,-0.49
2006-11-27,5.05,4.71,4.54,-0.17,-0.51
2006-11-28,5.04,4.67,4.51,-0.16,-0.53
2006-11-29,5.04,4.69,4.52,-0.17,-0.52
2006-11-30,5.03,4.62,4.46,-0.16,-0.57
2006-12-01,5.03,4.52,4.43,-0.09,-0.6
2006-12-04,5.01,4.52,4.43,-0.09,-0.58
2006-12-05,4.99,4.52,4.45,-0.07,-0.54
2006-12-06,4.99,4.59,4.48,-0.11,-0.51
2006-12-07,4.98,4.58,4.49,-0.09,-0.49
2006-12-08,4.97,4.68,4.56,-0.12,-0.41
2006-12-11,4.93,4.67,4.52,-0.15,-0.41
2006-12-12,4.93,4.61,4.49,-0.12,-0.44
2006-12-13,4.94,4.7,4.58,-0.12,-0.36
2006-12-14,4.96,4.73,4.6,-0.13,-0.36
2006-12-15,4.91,4.73,4.6,-0.13,-0.31
2006-12-18,4.96,4.71,4.6,-0.11,-0.36
2006-12-19,4.96,4.71,4.6,-0.11,-0.36
2006-12-20,4.96,4.71,4.6,-0.11,-0.36
2006-12-21,4.97,4.66,4.55,-0.11,-0.42
2006-12-22,4.99,4.71,4.63,-0.08,-0.36
2006-12-26,4.99,4.71,4.61,-0.1,-0.38
2006-12-27,4.97,4.77,4.66,-0.11,-0.31
2006-12-28,5.0,4.82,4.7,-0.12,-0.3
2006-12-29,5.02,4.82,4.71,-0.11,-0.31
2007-01-02,5.07,4.8,4.68,-0.12,-0.39
2007-01-03,5.05,4.76,4.67,-0.09,-0.38
2007-01-04,5.04,4.71,4.62,-0.09,-0.42
2007-01-05,5.05,4.76,4.65,-0.11,-0.4
2007-01-08,5.08,4.78,4.66,-0.12,-0.42
2007-01-09,5.08,4.79,4.66,-0.13,-0.42
2007-01-10,5.09,4.81,4.69,-0.12,-0.4
2007-01-11,5.11,4.86,4.74,-0.12,-0.37
2007-01-12,5.09,4.88,4.77,-0.11,-0.32
2007-01-16,5.11,4.86,4.75,-0.11,-0.36
2007-01-17,5.12,4.91,4.79,-0.12,-0.33
2007-01-18,5.12,4.89,4.75,-0.14,-0.37
2007-01-19,5.14,4.93,4.78,-0.15,-0.36
2007-01-22,5.13,4.91,4.76,-0.15,-0.37
2007-01-23,5.14,4.94,4.81,-0.13,-0.33
2007-01-24,5.13,4.93,4.81,-0.12,-0.32
2007-01-25,5.14,4.98,4.87,-0.11,-0.27
2007-01-26,5.13,4.99,4.88,-0.11,-0.25
2007-01-29,5.14,4.99,4.9,-0.09,-0.24
2007-01-30,5.13,4.98,4.88,-0.1,-0.25
2007-01-31,5.12,4.94,4.83,-0.11,-0.29
2007-02-01,5.13,4.96,4.84,-0.12,-0.29
2007-02-02,5.14,4.94,4.83,-0.11,-0.31
2007-02-05,5.15,4.92,4.81,-0.11,-0.34
2007-02-06,5.14,4.9,4.77,-0.13,-0.37
2007-02-07,5.15,4.87,4.74,-0.13,-0.41
2007-02-08,5.16,4.87,4.73,-0.14,-0.43
2007-02-09,5.15,4.92,4.79,-0.13,-0.36
2007-02-12,5.18,4.94,4.8,-0.14,-0.38
2007-02-13,5.17,4.95,4.82,-0.13,-0.35
2007-02-14,5.16,4.87,4.74,-0.13,-0.42
2007-02-15,5.17,4.83,4.7,-0.13,-0.47
2007-02-16,5.17,4.83,4.69,-0.14,-0.48
2007-02-20,5.19,4.81,4.68,-0.13,-0.51
2007-02-21,5.18,4.82,4.69,-0.13,-0.49
2007-02-22,5.19,4.87,4.73,-0.14,-0.46
2007-02-23,5.18,4.82,4.68,-0.14,-0.5
2007-02-26,5.19,4.77,4.63,-0.14,-0.56
2007-02-27,5.14,4.59,4.5,-0.09,-0.64
2007-02-28,5.16,4.65,4.56,-0.09,-0.6
2007-03-01,5.15,4.63,4.56,-0.07,-0.59
2007-03-02,5.12,4.56,4.52,-0.04,-0.6
2007-03-05,5.1,4.53,4.51,-0.02,-0.59
2007-03-06,5.14,4.58,4.53,-0.05,-0.61
2007-03-07,5.12,4.54,4.5,-0.04,-0.62
2007-03-08,5.1,4.56,4.51,-0.05,-0.59
2007-03-09,5.1,4.66,4.59,-0.07,-0.51
2007-03-12,5.09,4.62,4.56,-0.06,-0.53
2007-03-13,5.09,4.52,4.5,-0.02,-0.59
2007-03-14,5.06,4.54,4.53,-0.01,-0.53
2007-03-15,5.05,4.57,4.54,-0.03,-0.51
2007-03-16,5.04,4.58,4.55,-0.03,-0.49
2007-03-19,5.06,4.61,4.58,-0.03,-0.48
2007-03-20,5.06,4.6,4.56,-0.04,-0.5
2007-03-21,5.05,4.51,4.53,0.02,-0.52
2007-03-22,5.06,4.58,4.6,0.02,-0.46
2007-03-23,5.08,4.6,4.62,0.02,-0.46
2007-03-26,5.06,4.56,4.6,0.04,-0.46
2007-03-27,5.08,4.58,4.62,0.04,-0.46
2007-03-28,5.06,4.53,4.62,0.09,-0.44
2007-03-29,5.05,4.58,4.64,0.06,-0.41
2007-03-30,5.04,4.58,4.65,0.07,-0.39
2007-04-02,5.04,4.6,4.65,0.05,-0.39
2007-04-03,5.05,4.63,4.67,0.04,-0.38
2007-04-04,5.07,4.61,4.66,0.05,-0.41
2007-04-05,5.04,4.63,4.68,0.05,-0.36
2007-04-06,5.05,4.75,4.76,0.01,-0.29
2007-04-09,5.02,4.73,4.75,0.02,-0.27
2007-04-10,5.03,4.71,4.73,0.02,-0.3
2007-04-11,5.04,4.73,4.74,0.01,-0.3
2007-04-12,5.03,4.73,4.74,0.01,-0.29
2007-04-13,5.02,4.76,4.76,0.0,-0.26
2007-04-16,5.01,4.74,4.74,0.0,-0.27
2007-04-17,5.01,4.68,4.69,0.01,-0.32
2007-04-18,5.0,4.64,4.66,0.02,-0.34
2007-04-19,4.99,4.64,4.68,0.04,-0.31
2007-04-20,4.99,4.64,4.68,0.04,-0.31
2007-04-23,4.98,4.62,4.66,0.04,-0.32
2007-04-24,4.98,4.58,4.63,0.05,-0.35
2007-04-25,4.97,4.63,4.66,0.03,-0.31
2007-04-26,4.96,4.67,4.69,0.02,-0.27
2007-04-27,4.95,4.67,4.71,0.04,-0.24
2007-04-30,4.91,4.6,4.63,0.03,-0.28
2007-05-01,4.9,4.63,4.64,0.01,-0.26
2007-05-02,4.91,4.65,4.65,0.0,-0.26
2007-05-03,4.9,4.71,4.68,-0.03,-0.22
2007-05-04,4.9,4.68,4.65,-0.03,-0.25
2007-05-07,4.89,4.68,4.64,-0.04,-0.25
2007-05-08,4.9,4.68,4.63,-0.05,-0.27
2007-05-09,4.88,4.73,4.67,-0.06,-0.21
2007-05-10,4.87,4.7,4.65,-0.05,-0.22
2007-05-11,4.87,4.71,4.67,-0.04,-0.2
2007-05-14,4.85,4.73,4.69,-0.04,-0.16
2007-05-15,4.83,4.75,4.71,-0.04,-0.12
2007-05-16,4.75,4.73,4.71,-0.02,-0.04
2007-05-17,4.81,4.78,4.76,-0.02,-0.05
2007-05-18,4.84,4.82,4.81,-0.01,-0.03
2007-05-21,4.88,4.81,4.79,-0.02,-0.09
2007-05-22,4.93,4.83,4.83,0.0,-0.1
2007-05-23,4.91,4.85,4.86,0.01,-0.05
2007-05-24,4.91,4.85,4.86,0.01,-0.05
2007-05-25,4.88,4.85,4.86,0.01,-0.02
2007-05-29,4.9,4.88,4.88,0.0,-0.02
2007-05-30,4.85,4.89,4.88,-0.01,0.03
2007-05-31,4.73,4.92,4.9,-0.02,0.17
2007-06-01,4.79,4.97,4.95,-0.02,0.16
2007-06-04,4.81,4.97,4.93,-0.04,0.12
2007-06-05,4.83,4.99,4.98,-0.01,0.15
2007-06-06,4.8,4.97,4.97,0.0,0.17
2007-06-07,4.8,5.03,5.11,0.08,0.31
2007-06-08,4.77,5.01,5.12,0.11,0.35
2007-06-11,4.73,5.01,5.14,0.13,0.41
2007-06-12,4.72,5.08,5.26,0.18,0.54
2007-06-13,4.66,5.08,5.2,0.12,0.54
2007-06-14,4.65,5.1,5.23,0.13,0.58
2007-06-15,4.56,5.05,5.16,0.11,0.6
2007-06-18,4.63,5.01,5.15,0.14,0.52
2007-06-19,4.65,4.94,5.09,0.15,0.44
2007-06-20,4.74,4.97,5.14,0.17,0.4
2007-06-21,4.7,4.98,5.16,0.18,0.46
2007-06-22,4.73,4.92,5.14,0.22,0.41
2007-06-25,4.82,4.87,5.09,0.22,0.27
2007-06-26,4.82,4.9,5.1,0.2,0.28
2007-06-27,4.77,4.91,5.09,0.18,0.32
2007-06-28,4.78,4.96,5.12,0.16,0.34
2007-06-29,4.82,4.87,5.03,0.16,0.21
2007-07-02,4.95,4.86,5.0,0.14,0.05
2007-07-03,4.95,4.89,5.05,0.16,0.1
2007-07-05,4.95,4.99,5.16,0.17,0.21
2007-07-06,4.95,4.99,5.19,0.2,0.24
2007-07-09,4.97,4.97,5.16,0.19,0.19
2007-07-10,4.95,4.85,5.03,0.18,0.08
2007-07-11,4.95,4.89,5.09,0.2,0.14
2007-07-12,4.97,4.94,5.13,0.19,0.16
2007-07-13,4.97,4.94,5.11,0.17,0.14
2007-07-16,4.98,4.89,5.05,0.16,0.07
2007-07-17,4.96,4.91,5.08,0.17,0.12
2007-07-18,4.96,4.84,5.02,0.18,0.06
2007-07-19,4.98,4.87,5.04,0.17,0.06
2007-07-20,4.97,4.79,4.96,0.17,-0.01
2007-07-23,5.02,4.8,4.97,0.17,-0.05
2007-07-24,5.02,4.77,4.94,0.17,-0.08
2007-07-25,4.99,4.74,4.92,0.18,-0.07
2007-07-26,4.92,4.56,4.79,0.23,-0.13
2007-07-27,4.85,4.56,4.8,0.24,-0.05
2007-07-30,4.96,4.59,4.82,0.23,-0.14
2007-07-31,4.96,4.56,4.78,0.22,-0.18
2007-08-01,4.89,4.56,4.76,0.2,-0.13
2007-08-02,4.89,4.59,4.77,0.18,-0.12
2007-08-03,4.85,4.46,4.71,0.25,-0.14
2007-08-06,4.88,4.46,4.72,0.26,-0.16
2007-08-07,4.94,4.56,4.77,0.21,-0.17
2007-08-08,4.95,4.64,4.84,0.2,-0.11
2007-08-09,4.81,4.49,4.79,0.3,-0.02
2007-08-10,4.57,4.47,4.81,0.34,0.24
2007-08-13,4.74,4.46,4.78,0.32,0.04
2007-08-14,4.64,4.39,4.73,0.34,0.09
2007-08-15,4.21,4.27,4.69,0.42,0.48
2007-08-16,3.79,4.08,4.6,0.52,0.81
2007-08-17,3.76,4.18,4.68,0.5,0.92
2007-08-20,3.12,4.11,4.64,0.53,1.52
2007-08-21,3.59,4.05,4.6,0.55,1.01
2007-08-22,3.67,4.15,4.63,0.48,0.96
2007-08-23,3.89,4.2,4.62,0.42,0.73
2007-08-24,4.24,4.3,4.63,0.33,0.39
2007-08-27,4.63,4.28,4.6,0.32,-0.03
2007-08-28,4.4,4.13,4.53,0.4,0.13
2007-08-29,3.98,4.14,4.57,0.43,0.59
2007-08-30,3.84,4.08,4.51,0.43,0.67
2007-08-31,4.01,4.15,4.54,0.39,0.53
2007-09-04,4.47,4.13,4.56,0.43,0.09
2007-09-05,4.36,4.03,4.48,0.45,0.12
2007-09-06,4.29,4.08,4.51,0.43,0.22
2007-09-07,4.07,3.9,4.38,0.48,0.31
2007-09-10,3.96,3.87,4.34,0.47,0.38
2007-09-11,4.11,3.95,4.37,0.42,0.26
2007-09-12,4.03,3.95,4.41,0.46,0.38
2007-09-13,4.08,4.08,4.49,0.41,0.41
2007-09-14,4.01,4.05,4.47,0.42,0.46
2007-09-17,4.15,4.08,4.48,0.4,0.33
2007-09-18,4.01,4.0,4.5,0.5,0.49
2007-09-19,3.93,4.0,4.53,0.53,0.6
2007-09-20,3.79,4.1,4.69,0.59,0.9
2007-09-21,3.74,4.06,4.64,0.58,0.9
2007-09-24,3.84,4.05,4.63,0.58,0.79
2007-09-25,3.79,4.0,4.63,0.63,0.84
2007-09-26,3.73,3.97,4.63,0.66,0.9
2007-09-27,3.71,3.95,4.58,0.63,0.87
2007-09-28,3.82,3.97,4.59,0.62,0.77
2007-10-01,3.92,4.02,4.56,0.54,0.64
2007-10-02,3.96,3.98,4.54,0.56,0.58
2007-10-03,3.96,4.02,4.55,0.53,0.59
2007-10-04,3.96,4.0,4.54,0.54,0.58
2007-10-05,4.0,4.08,4.65,0.57,0.65
2007-10-09,4.06,4.15,4.67,0.52,0.61
2007-10-10,4.06,4.15,4.65,0.5,0.59
2007-10-11,4.12,4.13,4.66,0.53,0.54
2007-10-12,4.2,4.23,4.7,0.47,0.5
2007-10-15,4.3,4.22,4.69,0.47,0.39
2007-10-16,4.25,4.12,4.66,0.54,0.41
2007-10-17,4.01,4.0,4.57,0.57,0.56
2007-10-18,3.76,3.93,4.52,0.59,0.76
2007-10-19,3.86,3.8,4.41,0.61,0.55
2007-10-22,4.0,3.85,4.42,0.57,0.42
2007-10-23,3.98,3.81,4.41,0.6,0.43
2007-10-24,3.85,3.74,4.36,0.62,0.51
2007-10-25,3.94,3.74,4.37,0.63,0.43
2007-10-26,3.96,3.77,4.41,0.64,0.45
2007-10-29,4.01,3.79,4.39,0.6,0.38
2007-10-30,3.96,3.82,4.4,0.58,0.44
2007-10-31,3.94,3.94,4.48,0.54,0.54
2007-11-01,3.81,3.77,4.36,0.59,0.55
2007-11-02,3.61,3.66,4.31,0.65,0.7
2007-11-05,3.71,3.69,4.35,0.66,0.64
2007-11-06,3.76,3.7,4.38,0.68,0.62
2007-11-07,3.49,3.61,4.34,0.73,0.85
2007-11-08,3.38,3.47,4.28,0.81,0.9
2007-11-09,3.27,3.42,4.23,0.81,0.96
2007-11-13,3.5,3.54,4.26,0.72,0.76
2007-11-14,3.41,3.57,4.28,0.71,0.87
2007-11-15,3.3,3.35,4.17,0.82,0.87
2007-11-16,3.4,3.33,4.15,0.82,0.75
2007-11-19,3.4,3.18,4.07,0.89,0.67
2007-11-20,3.25,3.14,4.06,0.92,0.81
2007-11-21,3.09,2.99,4.0,1.01,0.91
2007-11-23,3.23,3.07,4.01,0.94,0.78
2007-11-26,3.13,2.92,3.83,0.91,0.7
2007-11-27,3.16,3.05,3.95,0.9,0.79
2007-11-28,3.05,3.17,4.03,0.86,0.98
2007-11-29,2.99,3.06,3.94,0.88,0.95
2007-11-30,3.15,3.04,3.97,0.93,0.82
2007-12-03,3.06,2.9,3.89,0.99,0.83
2007-12-04,3.07,2.9,3.89,0.99,0.82
2007-12-05,3.07,2.9,3.92,1.02,0.85
2007-12-06,3.09,3.03,4.02,0.99,0.93
2007-12-07,3.12,3.12,4.12,1.0,1.0
2007-12-10,3.05,3.17,4.15,0.98,1.1
2007-12-11,2.94,2.94,3.98,1.04,1.04
2007-12-12,2.88,3.07,4.05,0.98,1.17
2007-12-13,2.87,3.21,4.18,0.97,1.31
2007-12-14,2.88,3.31,4.24,0.93,1.36
2007-12-17,3.07,3.24,4.2,0.96,1.13
2007-12-18,3.04,3.19,4.14,0.95,1.1
2007-12-19,2.91,3.12,4.06,0.94,1.15
2007-12-20,2.92,3.09,4.04,0.95,1.12
2007-12-21,3.0,3.19,4.18,0.99,1.18
2007-12-24,3.33,3.24,4.23,0.99,0.9
2007-12-26,3.32,3.31,4.3,0.99,0.98
2007-12-27,3.17,3.24,4.21,0.97,1.04
2007-12-28,3.18,3.12,4.11,0.99,0.93
2007-12-31,3.36,3.05,4.04,0.99,0.68
2008-01-02,3.26,2.88,3.91,1.03,0.65
2008-01-03,3.24,2.83,3.91,1.08,0.67
2008-01-04,3.2,2.74,3.88,1.14,0.68
2008-01-07,3.27,2.76,3.86,1.1,0.59
2008-01-08,3.25,2.76,3.86,1.1,0.61
2008-01-09,3.22,2.69,3.82,1.13,0.6
2008-01-10,3.24,2.71,3.91,1.2,0.67
2008-01-11,3.09,2.59,3.82,1.23,0.73
2008-01-14,3.19,2.58,3.81,1.23,0.62
2008-01-15,3.17,2.53,3.72,1.19,0.55
2008-01-16,3.14,2.51,3.74,1.23,0.6
2008-01-17,3.07,2.44,3.66,1.22,0.59
2008-01-18,2.86,2.36,3.66,1.3,0.8
2008-01-22,2.35,2.08,3.52,1.44,1.17
2008-01-23,2.21,2.09,3.51,1.42,1.3
2008-01-24,2.37,2.25,3.68,1.43,1.31
2008-01-25,2.3,2.23,3.61,1.38,1.31
2008-01-28,2.34,2.2,3.61,1.41,1.27
2008-01-29,2.28,2.29,3.69,1.4,1.41
2008-01-30,2.21,2.3,3.78,1.48,1.57
2008-01-31,1.96,2.17,3.67,1.5,1.71
2008-02-01,2.1,2.09,3.62,1.53,1.52
2008-02-04,2.27,2.08,3.68,1.6,1.41
2008-02-05,2.19,1.93,3.61,1.68,1.42
2008-02-06,2.1,1.96,3.61,1.65,1.51
2008-02-07,2.17,1.99,3.74,1.75,1.57
2008-02-08,2.23,1.93,3.64,1.71,1.41
2008-02-11,2.31,1.93,3.62,1.69,1.31
2008-02-12,2.31,1.94,3.66,1.72,1.35
2008-02-13,2.28,1.91,3.7,1.79,1.42
2008-02-14,2.31,1.93,3.85,1.92,1.54
2008-02-15,2.21,1.91,3.76,1.85,1.55
2008-02-19,2.28,2.06,3.89,1.83,1.61
2008-02-20,2.25,2.14,3.93,1.79,1.68
2008-02-21,2.2,1.98,3.77,1.79,1.57
2008-02-22,2.2,1.98,3.79,1.81,1.59
2008-02-25,2.2,2.13,3.91,1.78,1.71
2008-02-26,2.14,2.04,3.88,1.84,1.74
2008-02-27,1.98,2.01,3.85,1.84,1.87
2008-02-28,1.9,1.87,3.71,1.84,1.81
2008-02-29,1.85,1.65,3.53,1.88,1.68
2008-03-03,1.7,1.61,3.54,1.93,1.84
2008-03-04,1.66,1.65,3.63,1.98,1.97
2008-03-05,1.53,1.66,3.7,2.04,2.17
2008-03-06,1.39,1.53,3.62,2.09,2.23
2008-03-07,1.45,1.53,3.56,2.03,2.11
2008-03-10,1.35,1.47,3.46,1.99,2.11
2008-03-11,1.48,1.74,3.6,1.86,2.12
2008-03-12,1.48,1.63,3.49,1.86,2.01
2008-03-13,1.35,1.63,3.56,1.93,2.21
2008-03-14,1.18,1.47,3.44,1.97,2.26
2008-03-17,1.11,1.35,3.34,1.99,2.23
2008-03-18,0.92,1.58,3.48,1.9,2.56
2008-03-19,0.61,1.54,3.38,1.84,2.77
2008-03-20,0.63,1.59,3.34,1.75,2.71
2008-03-24,1.24,1.84,3.56,1.72,2.32
2008-03-25,1.29,1.79,3.51,1.72,2.22
2008-03-26,1.29,1.71,3.51,1.8,2.22
2008-03-27,1.3,1.73,3.56,1.83,2.26
2008-03-28,1.33,1.67,3.47,1.8,2.14
2008-03-31,1.38,1.62,3.45,1.83,2.07
2008-04-01,1.4,1.8,3.57,1.77,2.17
2008-04-02,1.41,1.88,3.6,1.72,2.19
2008-04-03,1.4,1.91,3.61,1.7,2.21
2008-04-04,1.35,1.83,3.5,1.67,2.15
2008-04-07,1.45,1.95,3.57,1.62,2.12
2008-04-08,1.41,1.87,3.58,1.71,2.17
2008-04-09,1.31,1.77,3.49,1.72,2.18
2008-04-10,1.27,1.84,3.55,1.71,2.28
2008-04-11,1.19,1.76,3.49,1.73,2.3
2008-04-14,1.08,1.78,3.53,1.75,2.45
2008-04-15,1.1,1.84,3.6,1.76,2.5
2008-04-16,1.12,1.98,3.72,1.74,2.6
2008-04-17,1.23,2.13,3.75,1.62,2.52
2008-04-18,1.35,2.19,3.77,1.58,2.42
2008-04-21,1.34,2.2,3.75,1.55,2.41
2008-04-22,1.27,2.24,3.74,1.5,2.47
2008-04-23,1.26,2.22,3.77,1.55,2.51
2008-04-24,1.26,2.41,3.87,1.46,2.61
2008-04-25,1.34,2.44,3.91,1.47,2.57
2008-04-28,1.43,2.36,3.86,1.5,2.43
2008-04-29,1.46,2.35,3.85,1.5,2.39
2008-04-30,1.43,2.29,3.77,1.48,2.34
2008-05-01,1.45,2.37,3.78,1.41,2.33
2008-05-02,1.5,2.47,3.89,1.42,2.39
2008-05-05,1.53,2.42,3.88,1.46,2.35
2008-05-06,1.63,2.38,3.93,1.55,2.3
2008-05-07,1.67,2.31,3.87,1.56,2.2
2008-05-08,1.66,2.25,3.79,1.54,2.13
2008-05-09,1.69,2.25,3.77,1.52,2.08
2008-05-12,1.77,2.3,3.78,1.48,2.01
2008-05-13,1.83,2.47,3.9,1.43,2.07
2008-05-14,1.82,2.53,3.92,1.39,2.1
2008-05-15,1.83,2.45,3.83,1.38,2.0
2008-05-16,1.84,2.47,3.85,1.38,2.01
2008-05-19,1.82,2.42,3.83,1.41,2.01
2008-05-20,1.86,2.34,3.78,1.44,1.92
2008-05-21,1.86,2.41,3.81,1.4,1.95
2008-05-22,1.86,2.56,3.92,1.36,2.06
2008-05-23,1.86,2.46,3.85,1.39,1.99
2008-05-27,1.89,2.55,3.93,1.38,2.04
2008-05-28,1.89,2.62,4.03,1.41,2.14
2008-05-29,1.9,2.67,4.08,1.41,2.18
2008-05-30,1.89,2.66,4.06,1.4,2.17
2008-06-02,1.85,2.51,3.98,1.47,2.13
2008-06-03,1.85,2.45,3.92,1.47,2.07
2008-06-04,1.84,2.47,3.98,1.51,2.14
2008-06-05,1.85,2.52,4.06,1.54,2.21
2008-06-06,1.85,2.4,3.94,1.54,2.09
2008-06-09,1.89,2.73,4.02,1.29,2.13
2008-06-10,2.02,2.91,4.11,1.2,2.09
2008-06-11,1.96,2.83,4.1,1.27,2.14
2008-06-12,2.0,3.03,4.23,1.2,2.23
2008-06-13,1.99,3.05,4.27,1.22,2.28
2008-06-16,2.07,3.02,4.25,1.23,2.18
2008-06-17,1.99,2.94,4.23,1.29,2.24
2008-06-18,1.93,2.89,4.16,1.27,2.23
2008-06-19,1.91,2.99,4.22,1.23,2.31
2008-06-20,1.87,2.88,4.16,1.28,2.29
2008-06-23,1.87,2.98,4.19,1.21,2.32
2008-06-24,1.83,2.87,4.1,1.23,2.27
2008-06-25,1.81,2.82,4.12,1.3,2.31
2008-06-26,1.74,2.68,4.07,1.39,2.33
2008-06-27,1.68,2.65,3.99,1.34,2.31
2008-06-30,1.9,2.63,3.99,1.36,2.09
2008-07-01,1.87,2.63,4.01,1.38,2.14
2008-07-02,1.82,2.6,3.99,1.39,2.17
2008-07-03,1.84,2.54,3.99,1.45,2.15
2008-07-07,1.87,2.47,3.95,1.48,2.08
2008-07-08,1.86,2.47,3.91,1.44,2.05
2008-07-09,1.82,2.41,3.85,1.44,2.03
2008-07-10,1.67,2.44,3.83,1.39,2.16
2008-07-11,1.62,2.59,3.96,1.37,2.34
2008-07-14,1.52,2.47,3.9,1.43,2.38
2008-07-15,1.39,2.39,3.87,1.48,2.48
2008-07-16,1.37,2.44,3.97,1.53,2.6
2008-07-17,1.43,2.58,4.07,1.49,2.64
2008-07-18,1.48,2.66,4.11,1.45,2.63
2008-07-21,1.48,2.66,4.09,1.43,2.61
2008-07-22,1.55,2.74,4.14,1.4,2.59
2008-07-23,1.59,2.81,4.16,1.35,2.57
2008-07-24,1.65,2.61,4.03,1.42,2.38
2008-07-25,1.75,2.7,4.13,1.43,2.38
2008-07-28,1.73,2.59,4.06,1.47,2.33
2008-07-29,1.72,2.65,4.09,1.44,2.37
2008-07-30,1.7,2.64,4.07,1.43,2.37
2008-07-31,1.68,2.52,3.99,1.47,2.31
2008-08-01,1.66,2.51,3.97,1.46,2.31
2008-08-04,1.75,2.53,3.98,1.45,2.23
2008-08-05,1.75,2.54,4.04,1.5,2.29
2008-08-06,1.64,2.56,4.06,1.5,2.42
2008-08-07,1.66,2.43,3.92,1.49,2.26
2008-08-08,1.7,2.51,3.94,1.43,2.24
2008-08-11,1.87,2.56,3.99,1.43,2.12
2008-08-12,1.86,2.45,3.91,1.46,2.05
2008-08-13,1.85,2.5,3.94,1.44,2.09
2008-08-14,1.89,2.45,3.89,1.44,2.0
2008-08-15,1.85,2.4,3.84,1.44,1.99
2008-08-18,1.82,2.35,3.82,1.47,2.0
2008-08-19,1.8,2.32,3.83,1.51,2.03
2008-08-20,1.71,2.25,3.79,1.54,2.08
2008-08-21,1.72,2.33,3.84,1.51,2.12
2008-08-22,1.7,2.42,3.87,1.45,2.17
2008-08-25,1.74,2.33,3.79,1.46,2.05
2008-08-26,1.71,2.35,3.79,1.44,2.08
2008-08-27,1.67,2.31,3.77,1.46,2.1
2008-08-28,1.74,2.37,3.79,1.42,2.05
2008-08-29,1.72,2.36,3.83,1.47,2.11
2008-09-02,1.72,2.26,3.74,1.48,2.02
2008-09-03,1.7,2.26,3.71,1.45,2.01
2008-09-04,1.69,2.2,3.64,1.44,1.95
2008-09-05,1.68,2.23,3.66,1.43,1.98
2008-09-08,1.71,2.3,3.66,1.36,1.95
2008-09-09,1.66,2.23,3.62,1.39,1.96
2008-09-10,1.65,2.22,3.65,1.43,2.0
2008-09-11,1.61,2.18,3.64,1.46,2.03
2008-09-12,1.49,2.23,3.74,1.51,2.25
2008-09-15,1.02,1.78,3.47,1.69,2.45
2008-09-16,0.84,1.89,3.48,1.59,2.64
2008-09-17,0.03,1.64,3.41,1.77,3.38
2008-09-18,0.23,1.78,3.54,1.76,3.31
2008-09-19,0.99,2.16,3.78,1.62,2.79
2008-09-22,1.28,2.13,3.83,1.7,2.55
2008-09-23,0.8,2.11,3.85,1.74,3.05
2008-09-24,0.49,2.03,3.8,1.77,3.31
2008-09-25,0.76,2.16,3.88,1.72,3.12
2008-09-26,0.87,2.11,3.85,1.74,2.98
2008-09-29,0.94,1.7,3.61,1.91,2.67
2008-09-30,0.92,2.0,3.85,1.85,2.93
2008-10-01,0.85,1.82,3.77,1.95,2.92
2008-10-02,0.63,1.62,3.66,2.04,3.03
2008-10-03,0.51,1.6,3.63,2.03,3.12
2008-10-06,0.54,1.43,3.48,2.05,2.94
2008-10-07,0.82,1.47,3.5,2.03,2.68
2008-10-08,0.68,1.65,3.72,2.07,3.04
2008-10-09,0.6,1.65,3.84,2.19,3.24
2008-10-10,0.25,1.62,3.89,2.27,3.64
2008-10-14,0.34,1.82,4.08,2.26,3.74
2008-10-15,0.22,1.64,4.04,2.4,3.82
2008-10-16,0.46,1.61,3.99,2.38,3.53
2008-10-17,0.83,1.64,3.98,2.34,3.15
2008-10-20,1.24,1.71,3.91,2.2,2.67
2008-10-21,1.1,1.58,3.76,2.18,2.66
2008-10-22,1.05,1.53,3.65,2.12,2.6
2008-10-23,0.98,1.54,3.63,2.09,2.65
2008-10-24,0.89,1.57,3.76,2.19,2.87
2008-10-27,0.84,1.59,3.79,2.2,2.95
2008-10-28,0.77,1.65,3.89,2.24,3.12
2008-10-29,0.62,1.58,3.93,2.35,3.31
2008-10-30,0.41,1.59,4.0,2.41,3.59
2008-10-31,0.46,1.56,4.01,2.45,3.55
2008-11-03,0.49,1.45,3.96,2.51,3.47
2008-11-04,0.48,1.39,3.81,2.42,3.33
2008-11-05,0.4,1.36,3.73,2.37,3.33
2008-11-06,0.32,1.28,3.75,2.47,3.43
2008-11-07,0.31,1.33,3.83,2.5,3.52
2008-11-10,0.29,1.27,3.82,2.55,3.53
2008-11-12,0.18,1.19,3.75,2.56,3.57
2008-11-13,0.22,1.24,3.84,2.6,3.62
2008-11-14,0.15,1.22,3.72,2.5,3.57
2008-11-17,0.12,1.22,3.68,2.46,3.56
2008-11-18,0.12,1.15,3.53,2.38,3.41
2008-11-19,0.07,1.09,3.38,2.29,3.31
2008-11-20,0.03,1.0,3.1,2.1,3.07
2008-11-21,0.02,1.09,3.2,2.11,3.18
2008-11-24,0.13,1.31,3.35,2.04,3.22
2008-11-25,0.1,1.15,3.11,1.96,3.01
2008-11-26,0.05,1.09,2.99,1.9,2.94
2008-11-28,0.01,1.0,2.93,1.93,2.92
2008-12-01,0.07,0.9,2.72,1.82,2.65
2008-12-02,0.06,0.9,2.68,1.78,2.62
2008-12-03,0.02,0.87,2.67,1.8,2.65
2008-12-04,0.02,0.82,2.55,1.73,2.53
2008-12-05,0.02,0.93,2.67,1.74,2.65
2008-12-08,0.03,0.97,2.77,1.8,2.74
2008-12-09,0.03,0.84,2.67,1.83,2.64
2008-12-10,0.0,0.86,2.69,1.83,2.69
2008-12-11,0.01,0.79,2.64,1.85,2.63
2008-12-12,0.02,0.78,2.6,1.82,2.58
2008-12-15,0.03,0.75,2.53,1.78,2.5
2008-12-16,0.04,0.65,2.37,1.72,2.33
2008-12-17,0.05,0.73,2.2,1.47,2.15
2008-12-18,0.0,0.68,2.08,1.4,2.08
2008-12-19,0.02,0.74,2.13,1.39,2.11
2008-12-22,0.01,0.87,2.16,1.29,2.15
2008-12-23,0.02,0.9,2.18,1.28,2.16
2008-12-24,0.0,0.9,2.2,1.3,2.2
2008-12-26,0.03,0.89,2.16,1.27,2.13
2008-12-29,0.06,0.78,2.13,1.35,2.07
2008-12-30,0.1,0.75,2.11,1.36,2.01
2008-12-31,0.11,0.76,2.25,1.49,2.14
2009-01-02,0.08,0.88,2.46,1.58,2.38
2009-01-05,0.14,0.78,2.49,1.71,2.35
2009-01-06,0.14,0.8,2.51,1.71,2.37
2009-01-07,0.11,0.82,2.52,1.7,2.41
2009-01-08,0.09,0.83,2.47,1.64,2.38
2009-01-09,0.07,0.75,2.43,1.68,2.36
2009-01-12,0.12,0.74,2.34,1.6,2.22
2009-01-13,0.11,0.76,2.33,1.57,2.22
2009-01-14,0.12,0.73,2.24,1.51,2.12
2009-01-15,0.11,0.73,2.23,1.5,2.12
2009-01-16,0.12,0.73,2.36,1.63,2.24
2009-01-20,0.13,0.73,2.4,1.67,2.27
2009-01-21,0.11,0.78,2.56,1.78,2.45
2009-01-22,0.1,0.75,2.62,1.87,2.52
2009-01-23,0.11,0.83,2.65,1.82,2.54
2009-01-26,0.14,0.85,2.7,1.85,2.56
2009-01-27,0.13,0.87,2.59,1.72,2.46
2009-01-28,0.19,0.89,2.71,1.82,2.52
2009-01-29,0.23,0.95,2.87,1.92,2.64
2009-01-30,0.24,0.94,2.87,1.93,2.63
2009-02-02,0.27,0.89,2.76,1.87,2.49
2009-02-03,0.32,0.96,2.89,1.93,2.57
2009-02-04,0.3,0.98,2.95,1.97,2.65
2009-02-05,0.29,0.98,2.95,1.97,2.66
2009-02-06,0.28,0.99,3.05,2.06,2.77
2009-02-09,0.32,1.05,3.07,2.02,2.75
2009-02-10,0.31,0.92,2.9,1.98,2.59
2009-02-11,0.3,0.93,2.78,1.85,2.48
2009-02-12,0.29,0.89,2.75,1.86,2.46
2009-02-13,0.29,0.97,2.89,1.92,2.6
2009-02-17,0.32,0.87,2.64,1.77,2.32
2009-02-18,0.31,0.97,2.74,1.77,2.43
2009-02-19,0.3,1.01,2.85,1.84,2.55
2009-02-20,0.27,0.96,2.78,1.82,2.51
2009-02-23,0.29,0.96,2.78,1.82,2.49
2009-02-24,0.32,1.03,2.8,1.77,2.48
2009-02-25,0.3,1.09,2.95,1.86,2.65
2009-02-26,0.27,1.08,2.98,1.9,2.71
2009-02-27,0.26,1.0,3.02,2.02,2.76
2009-03-02,0.28,0.89,2.91,2.02,2.63
2009-03-03,0.27,0.91,2.93,2.02,2.66
2009-03-04,0.26,0.97,3.01,2.04,2.75
2009-03-05,0.2,0.9,2.83,1.93,2.63
2009-03-06,0.21,0.91,2.83,1.92,2.62
2009-03-09,0.23,0.96,2.89,1.93,2.66
2009-03-10,0.24,1.01,2.99,1.98,2.75
2009-03-11,0.23,1.03,2.95,1.92,2.72
2009-03-12,0.22,1.03,2.89,1.86,2.67
2009-03-13,0.2,0.98,2.89,1.91,2.69
2009-03-16,0.24,1.0,2.97,1.97,2.73
2009-03-17,0.24,1.05,3.02,1.97,2.78
2009-03-18,0.21,0.82,2.51,1.69,2.3
2009-03-19,0.2,0.87,2.61,1.74,2.41
2009-03-20,0.22,0.89,2.65,1.76,2.43
2009-03-23,0.22,0.93,2.68,1.75,2.46
2009-03-24,0.21,0.93,2.68,1.75,2.47
2009-03-25,0.19,0.96,2.81,1.85,2.62
2009-03-26,0.15,0.9,2.76,1.86,2.61
2009-03-27,0.14,0.9,2.78,1.88,2.64
2009-03-30,0.18,0.84,2.73,1.89,2.55
2009-03-31,0.21,0.81,2.71,1.9,2.5
2009-04-01,0.22,0.83,2.68,1.85,2.46
2009-04-02,0.22,0.88,2.77,1.89,2.55
2009-04-03,0.21,0.96,2.91,1.95,2.7
2009-04-06,0.2,0.94,2.95,2.01,2.75
2009-04-07,0.2,0.91,2.93,2.02,2.73
2009-04-08,0.18,0.93,2.86,1.93,2.68
2009-04-09,0.18,0.96,2.96,2.0,2.78
2009-04-13,0.18,0.89,2.88,1.99,2.7
2009-04-14,0.17,0.86,2.8,1.94,2.63
2009-04-15,0.15,0.86,2.82,1.96,2.67
2009-04-16,0.13,0.91,2.86,1.95,2.73
2009-04-17,0.14,0.99,2.98,1.99,2.84
2009-04-20,0.14,0.93,2.88,1.95,2.74
2009-04-21,0.15,0.96,2.94,1.98,2.79
2009-04-22,0.14,1.0,2.98,1.98,2.84
2009-04-23,0.1,0.97,2.96,1.99,2.86
2009-04-24,0.1,0.99,3.03,2.04,2.93
2009-04-27,0.13,0.9,2.95,2.05,2.82
2009-04-28,0.13,0.95,3.05,2.1,2.92
2009-04-29,0.11,0.94,3.12,2.18,3.01
2009-04-30,0.14,0.91,3.16,2.25,3.02
2009-05-01,0.16,0.92,3.21,2.29,3.05
2009-05-04,0.19,0.94,3.19,2.25,3.0
2009-05-05,0.19,0.98,3.2,2.22,3.01
2009-05-06,0.19,0.96,3.18,2.22,2.99
2009-05-07,0.18,1.0,3.29,2.29,3.11
2009-05-08,0.19,1.0,3.29,2.29,3.1
2009-05-11,0.19,0.92,3.17,2.25,2.98
2009-05-12,0.19,0.9,3.17,2.27,2.98
2009-05-13,0.17,0.89,3.11,2.22,2.94
2009-05-14,0.16,0.87,3.1,2.23,2.94
2009-05-15,0.17,0.88,3.14,2.26,2.97
2009-05-18,0.19,0.93,3.22,2.29,3.03
2009-05-19,0.18,0.91,3.25,2.34,3.07
2009-05-20,0.18,0.87,3.19,2.32,3.01
2009-05-21,0.19,0.89,3.35,2.46,3.16
2009-05-22,0.18,0.92,3.45,2.53,3.27
2009-05-26,0.18,0.96,3.5,2.54,3.32
2009-05-27,0.17,0.96,3.71,2.75,3.54
2009-05-28,0.15,0.97,3.67,2.7,3.52
2009-05-29,0.14,0.92,3.47,2.55,3.33
2009-06-01,0.13,0.97,3.71,2.74,3.58
2009-06-02,0.14,0.96,3.65,2.69,3.51
2009-06-03,0.14,0.91,3.56,2.65,3.42
2009-06-04,0.14,0.96,3.72,2.76,3.58
2009-06-05,0.2,1.32,3.84,2.52,3.64
2009-06-08,0.19,1.42,3.91,2.49,3.72
2009-06-09,0.19,1.33,3.86,2.53,3.67
2009-06-10,0.18,1.38,3.98,2.6,3.8
2009-06-11,0.19,1.35,3.88,2.53,3.69
2009-06-12,0.19,1.3,3.81,2.51,3.62
2009-06-15,0.17,1.26,3.76,2.5,3.59
2009-06-16,0.17,1.23,3.67,2.44,3.5
2009-06-17,0.17,1.19,3.68,2.49,3.51
2009-06-18,0.18,1.28,3.86,2.58,3.68
2009-06-19,0.19,1.25,3.79,2.54,3.6
2009-06-22,0.2,1.17,3.72,2.55,3.52
2009-06-23,0.2,1.14,3.65,2.51,3.45
2009-06-24,0.19,1.19,3.72,2.53,3.53
2009-06-25,0.18,1.12,3.55,2.43,3.37
2009-06-26,0.2,1.1,3.52,2.42,3.32
2009-06-29,0.2,1.11,3.51,2.4,3.31
2009-06-30,0.19,1.11,3.53,2.42,3.34
2009-07-01,0.17,1.05,3.55,2.5,3.38
2009-07-02,0.17,0.98,3.51,2.53,3.34
2009-07-06,0.19,0.96,3.52,2.56,3.33
2009-07-07,0.19,0.98,3.47,2.49,3.28
2009-07-08,0.18,0.91,3.33,2.42,3.15
2009-07-09,0.19,0.94,3.44,2.5,3.25
2009-07-10,0.18,0.91,3.32,2.41,3.14
2009-07-13,0.18,0.92,3.38,2.46,3.2
2009-07-14,0.18,0.97,3.5,2.53,3.32
2009-07-15,0.18,1.03,3.63,2.6,3.45
2009-07-16,0.19,1.0,3.59,2.59,3.4
2009-07-17,0.17,1.02,3.67,2.65,3.5
2009-07-20,0.19,0.99,3.61,2.62,3.42
2009-07-21,0.19,0.96,3.5,2.54,3.31
2009-07-22,0.19,0.98,3.58,2.6,3.39
2009-07-23,0.19,1.08,3.72,2.64,3.53
2009-07-24,0.18,1.05,3.7,2.65,3.52
2009-07-27,0.19,1.08,3.75,2.67,3.56
2009-07-28,0.19,1.12,3.72,2.6,3.53
2009-07-29,0.19,1.17,3.69,2.52,3.5
2009-07-30,0.18,1.19,3.67,2.48,3.49
2009-07-31,0.18,1.13,3.52,2.39,3.34
2009-08-03,0.19,1.18,3.66,2.48,3.47
2009-08-04,0.18,1.2,3.7,2.5,3.52
2009-08-05,0.18,1.23,3.8,2.57,3.62
2009-08-06,0.17,1.22,3.79,2.57,3.62
2009-08-07,0.19,1.32,3.89,2.57,3.7
2009-08-10,0.19,1.24,3.8,2.56,3.61
2009-08-11,0.18,1.21,3.71,2.5,3.53
2009-08-12,0.17,1.18,3.72,2.54,3.55
2009-08-13,0.17,1.12,3.59,2.47,3.42
2009-08-14,0.18,1.07,3.55,2.48,3.37
2009-08-17,0.18,1.04,3.48,2.44,3.3
2009-08-18,0.18,1.06,3.51,2.45,3.33
2009-08-19,0.17,1.01,3.45,2.44,3.28
2009-08-20,0.17,1.03,3.42,2.39,3.25
2009-08-21,0.17,1.13,3.56,2.43,3.39
2009-08-24,0.17,1.05,3.48,2.43,3.31
2009-08-25,0.17,1.05,3.45,2.4,3.28
2009-08-26,0.15,1.06,3.44,2.38,3.29
2009-08-27,0.15,1.04,3.47,2.43,3.32
2009-08-28,0.15,1.01,3.46,2.45,3.31
2009-08-31,0.15,0.97,3.4,2.43,3.25
2009-09-01,0.14,0.92,3.38,2.46,3.24
2009-09-02,0.14,0.89,3.29,2.4,3.15
2009-09-03,0.15,0.91,3.33,2.42,3.18
2009-09-04,0.14,0.94,3.45,2.51,3.31
2009-09-08,0.14,0.93,3.47,2.54,3.33
2009-09-09,0.14,0.93,3.48,2.55,3.34
2009-09-10,0.14,0.9,3.36,2.46,3.22
2009-09-11,0.14,0.9,3.34,2.44,3.2
2009-09-14,0.14,0.94,3.42,2.48,3.28
2009-09-15,0.13,0.96,3.47,2.51,3.34
2009-09-16,0.1,1.01,3.48,2.47,3.38
2009-09-17,0.1,0.98,3.42,2.44,3.32
2009-09-18,0.08,1.03,3.49,2.46,3.41
2009-09-21,0.11,1.02,3.49,2.47,3.38
2009-09-22,0.11,1.02,3.46,2.44,3.35
2009-09-23,0.11,0.96,3.44,2.48,3.33
2009-09-24,0.1,0.93,3.4,2.47,3.3
2009-09-25,0.1,0.98,3.34,2.36,3.24
2009-09-28,0.11,0.98,3.31,2.33,3.2
2009-09-29,0.13,1.0,3.31,2.31,3.18
2009-09-30,0.14,0.95,3.31,2.36,3.17
2009-10-01,0.1,0.87,3.21,2.34,3.11
2009-10-02,0.1,0.88,3.24,2.36,3.14
2009-10-05,0.08,0.88,3.24,2.36,3.16
2009-10-06,0.08,0.91,3.27,2.36,3.19
2009-10-07,0.09,0.87,3.21,2.34,3.12
2009-10-08,0.06,0.9,3.27,2.37,3.21
2009-10-09,0.07,0.98,3.4,2.42,3.33
2009-10-13,0.07,0.91,3.34,2.43,3.27
2009-10-14,0.07,0.96,3.45,2.49,3.38
2009-10-15,0.07,0.97,3.49,2.52,3.42
2009-10-16,0.07,0.97,3.43,2.46,3.36
2009-10-19,0.08,0.99,3.41,2.42,3.33
2009-10-20,0.08,0.95,3.35,2.4,3.27
2009-10-21,0.07,1.0,3.42,2.42,3.35
2009-10-22,0.06,0.97,3.44,2.47,3.38
2009-10-23,0.07,1.04,3.51,2.47,3.44
2009-10-26,0.08,1.06,3.59,2.53,3.51
2009-10-27,0.08,0.99,3.49,2.5,3.41
2009-10-28,0.07,0.95,3.44,2.49,3.37
2009-10-29,0.06,0.98,3.53,2.55,3.47
2009-10-30,0.05,0.9,3.41,2.51,3.36
2009-11-02,0.06,0.92,3.45,2.53,3.39
2009-11-03,0.06,0.92,3.5,2.58,3.44
2009-11-04,0.05,0.91,3.57,2.66,3.52
2009-11-05,0.04,0.9,3.57,2.67,3.53
2009-11-06,0.06,0.86,3.54,2.68,3.48
2009-11-09,0.07,0.87,3.52,2.65,3.45
2009-11-10,0.07,0.85,3.5,2.65,3.43
2009-11-12,0.07,0.82,3.45,2.63,3.38
2009-11-13,0.06,0.82,3.43,2.61,3.37
2009-11-16,0.07,0.78,3.33,2.55,3.26
2009-11-17,0.06,0.78,3.33,2.55,3.27
2009-11-18,0.04,0.77,3.36,2.59,3.32
2009-11-19,0.02,0.73,3.35,2.62,3.33
2009-11-20,0.02,0.75,3.36,2.61,3.34
2009-11-23,0.05,0.77,3.37,2.6,3.32
2009-11-24,0.05,0.73,3.32,2.59,3.27
2009-11-25,0.05,0.73,3.28,2.55,3.23
2009-11-27,0.03,0.68,3.21,2.53,3.18
2009-11-30,0.06,0.67,3.21,2.54,3.15
2009-12-01,0.06,0.67,3.28,2.61,3.22
2009-12-02,0.05,0.72,3.32,2.6,3.27
2009-12-03,0.06,0.74,3.39,2.65,3.33
2009-12-04,0.06,0.84,3.48,2.64,3.42
2009-12-07,0.04,0.78,3.44,2.66,3.4
2009-12-08,0.03,0.73,3.4,2.67,3.37
2009-12-09,0.03,0.76,3.45,2.69,3.42
2009-12-10,0.02,0.78,3.49,2.71,3.47
2009-12-11,0.03,0.83,3.55,2.72,3.52
2009-12-14,0.04,0.87,3.56,2.69,3.52
2009-12-15,0.05,0.88,3.6,2.72,3.55
2009-12-16,0.04,0.85,3.61,2.76,3.57
2009-12-17,0.04,0.77,3.5,2.73,3.46
2009-12-18,0.05,0.82,3.55,2.73,3.5
2009-12-21,0.08,0.89,3.69,2.8,3.61
2009-12-22,0.08,0.95,3.76,2.81,3.68
2009-12-23,0.07,0.96,3.77,2.81,3.7
2009-12-24,0.05,1.0,3.82,2.82,3.77
2009-12-28,0.11,1.09,3.85,2.76,3.74
2009-12-29,0.1,1.09,3.82,2.73,3.72
2009-12-30,0.05,1.08,3.8,2.72,3.75
2009-12-31,0.06,1.14,3.85,2.71,3.79
2010-01-04,0.08,1.09,3.85,2.76,3.77
2010-01-05,0.07,1.01,3.77,2.76,3.7
2010-01-06,0.06,1.01,3.85,2.84,3.79
2010-01-07,0.05,1.03,3.85,2.82,3.8
2010-01-08,0.05,0.96,3.83,2.87,3.78
2010-01-11,0.04,0.95,3.85,2.9,3.81
2010-01-12,0.05,0.92,3.74,2.82,3.69
2010-01-13,0.06,0.97,3.8,2.83,3.74
2010-01-14,0.05,0.94,3.76,2.82,3.71
2010-01-15,0.06,0.89,3.7,2.81,3.64
2010-01-19,0.06,0.93,3.73,2.8,3.67
2010-01-20,0.05,0.92,3.68,2.76,3.63
2010-01-21,0.06,0.87,3.62,2.75,3.56
2010-01-22,0.06,0.84,3.62,2.78,3.56
2010-01-25,0.06,0.86,3.66,2.8,3.6
2010-01-26,0.07,0.87,3.65,2.78,3.58
2010-01-27,0.08,0.9,3.66,2.76,3.58
2010-01-28,0.08,0.87,3.68,2.81,3.6
2010-01-29,0.08,0.82,3.63,2.81,3.55
2010-02-01,0.1,0.86,3.68,2.82,3.58
2010-02-02,0.1,0.86,3.67,2.81,3.57
2010-02-03,0.1,0.88,3.73,2.85,3.63
2010-02-04,0.09,0.8,3.62,2.82,3.53
2010-02-05,0.1,0.77,3.59,2.82,3.49
2010-02-08,0.12,0.79,3.62,2.83,3.5
2010-02-09,0.12,0.84,3.67,2.83,3.55
2010-02-10,0.11,0.91,3.72,2.81,3.61
2010-02-11,0.11,0.91,3.73,2.82,3.62
2010-02-12,0.1,0.84,3.69,2.85,3.59
2010-02-16,0.1,0.82,3.66,2.84,3.56
2010-02-17,0.1,0.87,3.74,2.87,3.64
2010-02-18,0.1,0.9,3.79,2.89,3.69
2010-02-19,0.11,0.95,3.78,2.83,3.67
2010-02-22,0.11,0.91,3.8,2.89,3.69
2010-02-23,0.12,0.87,3.69,2.82,3.57
2010-02-24,0.12,0.87,3.7,2.83,3.58
2010-02-25,0.13,0.82,3.64,2.82,3.51
2010-02-26,0.13,0.81,3.61,2.8,3.48
2010-03-01,0.13,0.8,3.61,2.81,3.48
2010-03-02,0.14,0.8,3.62,2.82,3.48
2010-03-03,0.14,0.82,3.63,2.81,3.49
2010-03-04,0.14,0.86,3.61,2.75,3.47
2010-03-05,0.15,0.91,3.69,2.78,3.54
2010-03-08,0.16,0.9,3.72,2.82,3.56
2010-03-09,0.16,0.89,3.71,2.82,3.55
2010-03-10,0.15,0.92,3.73,2.81,3.58
2010-03-11,0.16,0.97,3.73,2.76,3.57
2010-03-12,0.15,0.97,3.71,2.74,3.56
2010-03-15,0.17,0.96,3.71,2.75,3.54
2010-03-16,0.16,0.93,3.66,2.73,3.5
2010-03-17,0.15,0.95,3.65,2.7,3.5
2010-03-18,0.16,0.98,3.68,2.7,3.52
2010-03-19,0.16,1.02,3.7,2.68,3.54
2010-03-22,0.15,1.01,3.67,2.66,3.52
2010-03-23,0.14,1.02,3.69,2.67,3.55
2010-03-24,0.14,1.08,3.84,2.76,3.7
2010-03-25,0.14,1.1,3.91,2.81,3.77
2010-03-26,0.14,1.04,3.86,2.82,3.72
2010-03-29,0.15,1.04,3.88,2.84,3.73
2010-03-30,0.16,1.06,3.88,2.82,3.72
2010-03-31,0.16,1.02,3.84,2.82,3.68
2010-04-01,0.16,1.05,3.89,2.84,3.73
2010-04-02,0.16,1.11,3.96,2.85,3.8
2010-04-05,0.18,1.18,4.01,2.83,3.83
2010-04-06,0.17,1.14,3.98,2.84,3.81
2010-04-07,0.17,1.06,3.89,2.83,3.72
2010-04-08,0.17,1.09,3.91,2.82,3.74
2010-04-09,0.16,1.08,3.9,2.82,3.74
2010-04-12,0.16,1.07,3.87,2.8,3.71
2010-04-13,0.16,1.07,3.84,2.77,3.68
2010-04-14,0.16,1.07,3.88,2.81,3.72
2010-04-15,0.16,1.04,3.86,2.82,3.7
2010-04-16,0.16,0.98,3.79,2.81,3.63
2010-04-19,0.16,1.01,3.83,2.82,3.67
2010-04-20,0.16,1.05,3.82,2.77,3.66
2010-04-21,0.15,1.03,3.77,2.74,3.62
2010-04-22,0.16,1.07,3.8,2.73,3.64
2010-04-23,0.16,1.1,3.84,2.74,3.68
2010-04-26,0.16,1.09,3.83,2.74,3.67
2010-04-27,0.16,1.03,3.71,2.68,3.55
2010-04-28,0.16,1.03,3.8,2.77,3.64
2010-04-29,0.17,1.01,3.76,2.75,3.59
2010-04-30,0.16,0.97,3.69,2.72,3.53
2010-05-03,0.17,1.0,3.72,2.72,3.55
2010-05-04,0.16,0.96,3.63,2.67,3.47
2010-05-05,0.15,0.88,3.58,2.7,3.43
2010-05-06,0.11,0.75,3.41,2.66,3.3
2010-05-07,0.13,0.83,3.45,2.62,3.32
2010-05-10,0.16,0.87,3.57,2.7,3.41
2010-05-11,0.16,0.85,3.56,2.71,3.4
2010-05-12,0.16,0.89,3.56,2.67,3.4
2010-05-13,0.16,0.87,3.55,2.68,3.39
2010-05-14,0.16,0.79,3.44,2.65,3.28
2010-05-17,0.16,0.81,3.47,2.66,3.31
2010-05-18,0.17,0.76,3.38,2.62,3.21
2010-05-19,0.17,0.8,3.36,2.56,3.19
2010-05-20,0.17,0.76,3.25,2.49,3.08
2010-05-21,0.17,0.76,3.2,2.44,3.03
2010-05-24,0.17,0.77,3.23,2.46,3.06
2010-05-25,0.17,0.81,3.18,2.37,3.01
2010-05-26,0.17,0.82,3.21,2.39,3.04
2010-05-27,0.17,0.87,3.34,2.47,3.17
2010-05-28,0.16,0.76,3.31,2.55,3.15
2010-06-01,0.16,0.78,3.29,2.51,3.13
2010-06-02,0.16,0.82,3.35,2.53,3.19
2010-06-03,0.14,0.82,3.39,2.57,3.25
2010-06-04,0.14,0.72,3.2,2.48,3.06
2010-06-07,0.12,0.74,3.17,2.43,3.05
2010-06-08,0.12,0.74,3.18,2.44,3.06
2010-06-09,0.1,0.74,3.2,2.46,3.1
2010-06-10,0.1,0.79,3.33,2.54,3.23
2010-06-11,0.08,0.75,3.24,2.49,3.16
2010-06-14,0.07,0.77,3.28,2.51,3.21
2010-06-15,0.09,0.79,3.32,2.53,3.23
2010-06-16,0.1,0.75,3.27,2.52,3.17
2010-06-17,0.09,0.72,3.21,2.49,3.12
2010-06-18,0.11,0.74,3.24,2.5,3.13
2010-06-21,0.12,0.74,3.26,2.52,3.14
2010-06-22,0.13,0.71,3.18,2.47,3.05
2010-06-23,0.13,0.66,3.13,2.47,3.0
2010-06-24,0.13,0.67,3.14,2.47,3.01
2010-06-25,0.13,0.65,3.12,2.47,2.99
2010-06-28,0.17,0.62,3.05,2.43,2.88
2010-06-29,0.15,0.61,2.97,2.36,2.82
2010-06-30,0.18,0.61,2.97,2.36,2.79
2010-07-01,0.17,0.63,2.96,2.33,2.79
2010-07-02,0.17,0.63,3.0,2.37,2.83
2010-07-06,0.17,0.62,2.95,2.33,2.78
2010-07-07,0.16,0.63,3.0,2.37,2.84
2010-07-08,0.15,0.63,3.04,2.41,2.89
2010-07-09,0.16,0.63,3.07,2.44,2.91
2010-07-12,0.16,0.65,3.08,2.43,2.92
2010-07-13,0.15,0.67,3.15,2.48,3.0
2010-07-14,0.15,0.62,3.07,2.45,2.92
2010-07-15,0.15,0.61,3.0,2.39,2.85
2010-07-16,0.15,0.61,2.96,2.35,2.81
2010-07-19,0.17,0.61,2.99,2.38,2.82
2010-07-20,0.16,0.61,2.98,2.37,2.82
2010-07-21,0.16,0.58,2.9,2.32,2.74
2010-07-22,0.16,0.6,2.96,2.36,2.8
2010-07-23,0.16,0.6,3.02,2.42,2.86
2010-07-26,0.16,0.62,3.03,2.41,2.87
2010-07-27,0.15,0.65,3.08,2.43,2.93
2010-07-28,0.15,0.61,3.03,2.42,2.88
2010-07-29,0.15,0.59,3.03,2.44,2.88
2010-07-30,0.15,0.55,2.94,2.39,2.79
2010-08-02,0.16,0.56,2.99,2.43,2.83
2010-08-03,0.16,0.53,2.94,2.41,2.78
2010-08-04,0.16,0.56,2.98,2.42,2.82
2010-08-05,0.15,0.53,2.94,2.41,2.79
2010-08-06,0.15,0.5,2.86,2.36,2.71
2010-08-09,0.15,0.54,2.86,2.32,2.71
2010-08-10,0.15,0.52,2.79,2.27,2.64
2010-08-11,0.15,0.54,2.72,2.18,2.57
2010-08-12,0.16,0.55,2.74,2.19,2.58
2010-08-13,0.15,0.54,2.68,2.14,2.53
2010-08-16,0.16,0.51,2.58,2.07,2.42
2010-08-17,0.17,0.52,2.64,2.12,2.47
2010-08-18,0.16,0.51,2.64,2.13,2.48
2010-08-19,0.16,0.49,2.58,2.09,2.42
2010-08-20,0.15,0.49,2.62,2.13,2.47
2010-08-23,0.16,0.49,2.6,2.11,2.44
2010-08-24,0.16,0.5,2.5,2.0,2.34
2010-08-25,0.16,0.53,2.54,2.01,2.38
2010-08-26,0.16,0.51,2.5,1.99,2.34
2010-08-27,0.15,0.56,2.66,2.1,2.51
2010-08-30,0.14,0.5,2.54,2.04,2.4
2010-08-31,0.14,0.47,2.47,2.0,2.33
2010-09-01,0.13,0.5,2.58,2.08,2.45
2010-09-02,0.14,0.5,2.63,2.13,2.49
2010-09-03,0.14,0.52,2.72,2.2,2.58
2010-09-07,0.14,0.49,2.61,2.12,2.47
2010-09-08,0.14,0.52,2.66,2.14,2.52
2010-09-09,0.14,0.57,2.77,2.2,2.63
2010-09-10,0.14,0.58,2.81,2.23,2.67
2010-09-13,0.15,0.53,2.74,2.21,2.59
2010-09-14,0.15,0.5,2.68,2.18,2.53
2010-09-15,0.15,0.5,2.74,2.24,2.59
2010-09-16,0.16,0.48,2.77,2.29,2.61
2010-09-17,0.16,0.48,2.75,2.27,2.59
2010-09-20,0.17,0.47,2.72,2.25,2.55
2010-09-21,0.17,0.43,2.61,2.18,2.44
2010-09-22,0.16,0.44,2.56,2.12,2.4
2010-09-23,0.16,0.45,2.56,2.11,2.4
2010-09-24,0.15,0.45,2.62,2.17,2.47
2010-09-27,0.16,0.44,2.54,2.1,2.38
2010-09-28,0.16,0.37,2.48,2.11,2.32
2010-09-29,0.16,0.44,2.52,2.08,2.36
2010-09-30,0.16,0.42,2.53,2.11,2.37
2010-10-01,0.16,0.42,2.54,2.12,2.38
2010-10-04,0.13,0.41,2.5,2.09,2.37
2010-10-05,0.12,0.41,2.5,2.09,2.38
2010-10-06,0.13,0.38,2.41,2.03,2.28
2010-10-07,0.13,0.36,2.41,2.05,2.28
2010-10-08,0.12,0.35,2.41,2.06,2.29
2010-10-12,0.13,0.37,2.44,2.07,2.31
2010-10-13,0.13,0.37,2.46,2.09,2.33
2010-10-14,0.14,0.38,2.52,2.14,2.38
2010-10-15,0.14,0.37,2.59,2.22,2.45
2010-10-18,0.15,0.38,2.52,2.14,2.37
2010-10-19,0.14,0.37,2.5,2.13,2.36
2010-10-20,0.14,0.35,2.51,2.16,2.37
2010-10-21,0.13,0.37,2.57,2.2,2.44
2010-10-22,0.13,0.35,2.59,2.24,2.46
2010-10-25,0.14,0.37,2.59,2.22,2.45
2010-10-26,0.14,0.4,2.67,2.27,2.53
2010-10-27,0.14,0.4,2.75,2.35,2.61
2010-10-28,0.13,0.37,2.69,2.32,2.56
2010-10-29,0.12,0.34,2.63,2.29,2.51
2010-11-01,0.13,0.34,2.66,2.32,2.53
2010-11-02,0.13,0.34,2.63,2.29,2.5
2010-11-03,0.13,0.34,2.67,2.33,2.54
2010-11-04,0.13,0.33,2.53,2.2,2.4
2010-11-05,0.13,0.38,2.58,2.2,2.45
2010-11-08,0.13,0.41,2.6,2.19,2.47
2010-11-09,0.13,0.46,2.72,2.26,2.59
2010-11-10,0.13,0.44,2.65,2.21,2.52
2010-11-12,0.13,0.51,2.76,2.25,2.63
2010-11-15,0.14,0.53,2.92,2.39,2.78
2010-11-16,0.15,0.51,2.85,2.34,2.7
2010-11-17,0.14,0.5,2.89,2.39,2.75
2010-11-18,0.15,0.52,2.9,2.38,2.75
2010-11-19,0.14,0.52,2.88,2.36,2.74
2010-11-22,0.15,0.49,2.8,2.31,2.65
2010-11-23,0.15,0.45,2.77,2.32,2.62
2010-11-24,0.16,0.53,2.93,2.4,2.77
2010-11-26,0.16,0.51,2.87,2.36,2.71
2010-11-29,0.18,0.52,2.84,2.32,2.66
2010-11-30,0.17,0.45,2.81,2.36,2.64
2010-12-01,0.16,0.53,2.97,2.44,2.81
2010-12-02,0.16,0.55,3.01,2.46,2.85
2010-12-03,0.14,0.49,3.03,2.54,2.89
2010-12-06,0.15,0.42,2.95,2.53,2.8
2010-12-07,0.14,0.54,3.15,2.61,3.01
2010-12-08,0.15,0.63,3.26,2.63,3.11
2010-12-09,0.14,0.64,3.23,2.59,3.09
2010-12-10,0.13,0.64,3.32,2.68,3.19
2010-12-13,0.15,0.61,3.29,2.68,3.14
2010-12-14,0.15,0.66,3.49,2.83,3.34
2010-12-15,0.14,0.68,3.53,2.85,3.39
2010-12-16,0.13,0.66,3.47,2.81,3.34
2010-12-17,0.11,0.61,3.33,2.72,3.22
2010-12-20,0.14,0.62,3.36,2.74,3.22
2010-12-21,0.14,0.63,3.35,2.72,3.21
2010-12-22,0.14,0.65,3.36,2.71,3.22
2010-12-23,0.14,0.67,3.41,2.74,3.27
2010-12-27,0.17,0.71,3.36,2.65,3.19
2010-12-28,0.15,0.75,3.5,2.75,3.35
2010-12-29,0.13,0.64,3.35,2.71,3.22
2010-12-30,0.12,0.66,3.38,2.72,3.26
2010-12-31,0.12,0.61,3.3,2.69,3.18
2011-01-03,0.15,0.61,3.36,2.75,3.21
2011-01-04,0.14,0.63,3.36,2.73,3.22
2011-01-05,0.14,0.71,3.5,2.79,3.36
2011-01-06,0.15,0.68,3.44,2.76,3.29
2011-01-07,0.14,0.6,3.34,2.74,3.2
2011-01-10,0.15,0.59,3.32,2.73,3.17
2011-01-11,0.15,0.6,3.37,2.77,3.22
2011-01-12,0.15,0.61,3.4,2.79,3.25
2011-01-13,0.15,0.59,3.34,2.75,3.19
2011-01-14,0.15,0.59,3.35,2.76,3.2
2011-01-18,0.16,0.6,3.39,2.79,3.23
2011-01-19,0.16,0.6,3.37,2.77,3.21
2011-01-20,0.16,0.65,3.47,2.82,3.31
2011-01-21,0.16,0.63,3.44,2.81,3.28
2011-01-24,0.16,0.65,3.43,2.78,3.27
2011-01-25,0.16,0.62,3.35,2.73,3.19
2011-01-26,0.16,0.62,3.45,2.83,3.29
2011-01-27,0.15,0.59,3.42,2.83,3.27
2011-01-28,0.15,0.54,3.36,2.82,3.21
2011-01-31,0.15,0.58,3.42,2.84,3.27
2011-02-01,0.15,0.61,3.48,2.87,3.33
2011-02-02,0.16,0.67,3.52,2.85,3.36
2011-02-03,0.14,0.71,3.58,2.87,3.44
2011-02-04,0.15,0.77,3.68,2.91,3.53
2011-02-07,0.16,0.78,3.68,2.9,3.52
2011-02-08,0.15,0.86,3.75,2.89,3.6
2011-02-09,0.14,0.81,3.65,2.84,3.51
2011-02-10,0.12,0.85,3.7,2.85,3.58
2011-02-11,0.12,0.85,3.64,2.79,3.52
2011-02-14,0.13,0.87,3.62,2.75,3.49
2011-02-15,0.13,0.84,3.61,2.77,3.48
2011-02-16,0.12,0.86,3.62,2.76,3.5
2011-02-17,0.09,0.8,3.58,2.78,3.49
2011-02-18,0.1,0.78,3.59,2.81,3.49
2011-02-22,0.12,0.74,3.46,2.72,3.34
2011-02-23,0.12,0.74,3.49,2.75,3.37
2011-02-24,0.13,0.73,3.46,2.73,3.33
2011-02-25,0.13,0.72,3.42,2.7,3.29
2011-02-28,0.15,0.69,3.42,2.73,3.27
2011-03-01,0.14,0.66,3.41,2.75,3.27
2011-03-02,0.13,0.69,3.46,2.77,3.33
2011-03-03,0.13,0.79,3.58,2.79,3.45
2011-03-04,0.12,0.68,3.49,2.81,3.37
2011-03-07,0.11,0.7,3.51,2.81,3.4
2011-03-08,0.11,0.73,3.56,2.83,3.45
2011-03-09,0.1,0.7,3.48,2.78,3.38
2011-03-10,0.08,0.65,3.37,2.72,3.29
2011-03-11,0.08,0.64,3.4,2.76,3.32
2011-03-14,0.09,0.61,3.36,2.75,3.27
2011-03-15,0.1,0.63,3.33,2.7,3.23
2011-03-16,0.1,0.58,3.22,2.64,3.12
2011-03-17,0.08,0.6,3.25,2.65,3.17
2011-03-18,0.07,0.61,3.28,2.67,3.21
2011-03-21,0.1,0.67,3.34,2.67,3.24
2011-03-22,0.1,0.68,3.34,2.66,3.24
2011-03-23,0.09,0.69,3.36,2.67,3.27
2011-03-24,0.09,0.72,3.42,2.7,3.33
2011-03-25,0.09,0.79,3.46,2.67,3.37
2011-03-28,0.11,0.81,3.47,2.66,3.36
2011-03-29,0.1,0.81,3.5,2.69,3.4
2011-03-30,0.1,0.8,3.47,2.67,3.37
2011-03-31,0.09,0.8,3.47,2.67,3.38
2011-04-01,0.07,0.8,3.46,2.66,3.39
2011-04-04,0.06,0.77,3.45,2.68,3.39
2011-04-05,0.07,0.84,3.5,2.66,3.43
2011-04-06,0.06,0.85,3.56,2.71,3.5
2011-04-07,0.04,0.81,3.58,2.77,3.54
2011-04-08,0.04,0.83,3.59,2.76,3.55
2011-04-11,0.05,0.85,3.59,2.74,3.54
2011-04-12,0.05,0.77,3.52,2.75,3.47
2011-04-13,0.06,0.75,3.49,2.74,3.43
2011-04-14,0.07,0.77,3.51,2.74,3.44
2011-04-15,0.07,0.71,3.43,2.72,3.36
2011-04-18,0.07,0.69,3.4,2.71,3.33
2011-04-19,0.06,0.68,3.39,2.71,3.33
2011-04-20,0.06,0.69,3.43,2.74,3.37
2011-04-21,0.06,0.68,3.42,2.74,3.36
2011-04-25,0.07,0.67,3.39,2.72,3.32
2011-04-26,0.07,0.65,3.34,2.69,3.27
2011-04-27,0.06,0.65,3.39,2.74,3.33
2011-04-28,0.04,0.62,3.34,2.72,3.3
2011-04-29,0.04,0.61,3.32,2.71,3.28
2011-05-02,0.05,0.61,3.31,2.7,3.26
2011-05-03,0.03,0.61,3.28,2.67,3.25
2011-05-04,0.03,0.6,3.25,2.65,3.22
2011-05-05,0.02,0.58,3.18,2.6,3.16
2011-05-06,0.02,0.57,3.19,2.62,3.17
2011-05-09,0.03,0.57,3.17,2.6,3.14
2011-05-10,0.03,0.59,3.23,2.64,3.2
2011-05-11,0.03,0.56,3.19,2.63,3.16
2011-05-12,0.02,0.57,3.22,2.65,3.2
2011-05-13,0.03,0.57,3.18,2.61,3.15
2011-05-16,0.04,0.54,3.15,2.61,3.11
2011-05-17,0.04,0.55,3.12,2.57,3.08
2011-05-18,0.05,0.58,3.18,2.6,3.13
2011-05-19,0.05,0.55,3.17,2.62,3.12
2011-05-20,0.05,0.55,3.15,2.6,3.1
2011-05-23,0.06,0.55,3.13,2.58,3.07
2011-05-24,0.06,0.56,3.12,2.56,3.06
2011-05-25,0.06,0.54,3.13,2.59,3.07
2011-05-26,0.05,0.48,3.07,2.59,3.02
2011-05-27,0.05,0.48,3.07,2.59,3.02
2011-05-31,0.06,0.45,3.05,2.6,2.99
2011-06-01,0.05,0.44,2.96,2.52,2.91
2011-06-02,0.04,0.45,3.04,2.59,3.0
2011-06-03,0.04,0.42,2.99,2.57,2.95
2011-06-06,0.05,0.43,3.01,2.58,2.96
2011-06-07,0.05,0.39,3.01,2.62,2.96
2011-06-08,0.04,0.39,2.98,2.59,2.94
2011-06-09,0.05,0.43,3.01,2.58,2.96
2011-06-10,0.05,0.41,2.99,2.58,2.94
2011-06-13,0.05,0.4,3.0,2.6,2.95
2011-06-14,0.05,0.45,3.11,2.66,3.06
2011-06-15,0.05,0.38,2.98,2.6,2.93
2011-06-16,0.05,0.38,2.93,2.55,2.88
2011-06-17,0.04,0.38,2.94,2.56,2.9
2011-06-20,0.03,0.38,2.97,2.59,2.94
2011-06-21,0.03,0.4,2.99,2.59,2.96
2011-06-22,0.02,0.39,3.01,2.62,2.99
2011-06-23,0.01,0.35,2.93,2.58,2.92
2011-06-24,0.02,0.35,2.88,2.53,2.86
2011-06-27,0.02,0.41,2.95,2.54,2.93
2011-06-28,0.03,0.48,3.05,2.57,3.02
2011-06-29,0.02,0.47,3.14,2.67,3.12
2011-06-30,0.03,0.45,3.18,2.73,3.15
2011-07-01,0.02,0.5,3.22,2.72,3.2
2011-07-05,0.02,0.44,3.16,2.72,3.14
2011-07-06,0.01,0.43,3.12,2.69,3.11
2011-07-07,0.03,0.49,3.17,2.68,3.14
2011-07-08,0.03,0.4,3.03,2.63,3.0
2011-07-11,0.03,0.37,2.94,2.57,2.91
2011-07-12,0.03,0.37,2.92,2.55,2.89
2011-07-13,0.01,0.37,2.92,2.55,2.91
2011-07-14,0.01,0.38,2.98,2.6,2.97
2011-07-15,0.02,0.37,2.94,2.57,2.92
2011-07-18,0.02,0.37,2.94,2.57,2.92
2011-07-19,0.03,0.39,2.91,2.52,2.88
2011-07-20,0.02,0.4,2.96,2.56,2.94
2011-07-21,0.05,0.4,3.03,2.63,2.98
2011-07-22,0.05,0.4,2.99,2.59,2.94
2011-07-25,0.05,0.42,3.03,2.61,2.98
2011-07-26,0.07,0.41,2.99,2.58,2.92
2011-07-27,0.08,0.44,3.01,2.57,2.93
2011-07-28,0.07,0.42,2.98,2.56,2.91
2011-07-29,0.1,0.36,2.82,2.46,2.72
2011-08-01,0.1,0.38,2.77,2.39,2.67
2011-08-02,0.06,0.33,2.66,2.33,2.6
2011-08-03,0.02,0.33,2.64,2.31,2.62
2011-08-04,0.02,0.27,2.47,2.2,2.45
2011-08-05,0.01,0.28,2.58,2.3,2.57
2011-08-08,0.05,0.27,2.4,2.13,2.35
2011-08-09,0.03,0.19,2.2,2.01,2.17
2011-08-10,0.02,0.19,2.17,1.98,2.15
2011-08-11,0.03,0.19,2.34,2.15,2.31
2011-08-12,0.02,0.2,2.24,2.04,2.22
2011-08-15,0.02,0.19,2.29,2.1,2.27
2011-08-16,0.03,0.2,2.23,2.03,2.2
2011-08-17,0.01,0.19,2.17,1.98,2.16
2011-08-18,0.01,0.2,2.08,1.88,2.07
2011-08-19,0.02,0.2,2.07,1.87,2.05
2011-08-22,0.01,0.22,2.1,1.88,2.09
2011-08-23,0.01,0.22,2.15,1.93,2.14
2011-08-24,0.02,0.23,2.29,2.06,2.27
2011-08-25,0.01,0.22,2.23,2.01,2.22
2011-08-26,0.01,0.2,2.19,1.99,2.18
2011-08-29,0.02,0.2,2.28,2.08,2.26
2011-08-30,0.01,0.2,2.19,1.99,2.18
2011-08-31,0.02,0.2,2.23,2.03,2.21
2011-09-01,0.02,0.19,2.15,1.96,2.13
2011-09-02,0.02,0.2,2.02,1.82,2.0
2011-09-06,0.02,0.21,1.98,1.77,1.96
2011-09-07,0.02,0.21,2.05,1.84,2.03
2011-09-08,0.02,0.19,2.0,1.81,1.98
2011-09-09,0.01,0.17,1.93,1.76,1.92
2011-09-12,0.01,0.21,1.94,1.73,1.93
2011-09-13,0.01,0.21,2.0,1.79,1.99
2011-09-14,0.01,0.19,2.03,1.84,2.02
2011-09-15,0.01,0.21,2.09,1.88,2.08
2011-09-16,0.01,0.18,2.08,1.9,2.07
2011-09-19,0.01,0.16,1.97,1.81,1.96
2011-09-20,0.01,0.18,1.95,1.77,1.94
2011-09-21,0.01,0.21,1.88,1.67,1.87
2011-09-22,0.0,0.2,1.72,1.52,1.72
2011-09-23,0.01,0.23,1.84,1.61,1.83
2011-09-26,0.02,0.25,1.91,1.66,1.89
2011-09-27,0.01,0.25,2.0,1.75,1.99
2011-09-28,0.02,0.27,2.03,1.76,2.01
2011-09-29,0.02,0.27,1.99,1.72,1.97
2011-09-30,0.02,0.25,1.92,1.67,1.9
2011-10-03,0.02,0.24,1.8,1.56,1.78
2011-10-04,0.01,0.25,1.81,1.56,1.8
2011-10-05,0.0,0.25,1.92,1.67,1.92
2011-10-06,0.01,0.29,2.01,1.72,2.0
2011-10-07,0.01,0.3,2.1,1.8,2.09
2011-10-11,0.02,0.32,2.18,1.86,2.16
2011-10-12,0.02,0.29,2.24,1.95,2.22
2011-10-13,0.02,0.29,2.19,1.9,2.17
2011-10-14,0.02,0.28,2.26,1.98,2.24
2011-10-17,0.04,0.28,2.18,1.9,2.14
2011-10-18,0.04,0.28,2.19,1.91,2.15
2011-10-19,0.03,0.28,2.18,1.9,2.15
2011-10-20,0.03,0.28,2.2,1.92,2.17
2011-10-21,0.02,0.3,2.23,1.93,2.21
2011-10-24,0.02,0.3,2.25,1.95,2.23
2011-10-25,0.01,0.26,2.14,1.88,2.13
2011-10-26,0.02,0.28,2.23,1.95,2.21
2011-10-27,0.02,0.31,2.42,2.11,2.4
2011-10-28,0.01,0.28,2.34,2.06,2.33
2011-10-31,0.01,0.25,2.17,1.92,2.16
2011-11-01,0.01,0.23,2.01,1.78,2.0
2011-11-02,0.01,0.23,2.03,1.8,2.02
2011-11-03,0.01,0.24,2.09,1.85,2.08
2011-11-04,0.01,0.22,2.06,1.84,2.05
2011-11-07,0.01,0.25,2.04,1.79,2.03
2011-11-08,0.01,0.25,2.1,1.85,2.09
2011-11-09,0.01,0.24,2.0,1.76,1.99
2011-11-10,0.01,0.24,2.04,1.8,2.03
2011-11-14,0.01,0.24,2.04,1.8,2.03
2011-11-15,0.01,0.26,2.06,1.8,2.05
2011-11-16,0.01,0.26,2.01,1.75,2.0
2011-11-17,0.02,0.27,1.96,1.69,1.94
2011-11-18,0.01,0.29,2.01,1.72,2.0
2011-11-21,0.02,0.27,1.97,1.7,1.95
2011-11-22,0.02,0.26,1.94,1.68,1.92
2011-11-23,0.02,0.26,1.89,1.63,1.87
2011-11-25,0.02,0.28,1.97,1.69,1.95
2011-11-28,0.03,0.26,1.97,1.71,1.94
2011-11-29,0.02,0.27,2.0,1.73,1.98
2011-11-30,0.01,0.25,2.08,1.83,2.07
2011-12-01,0.01,0.27,2.11,1.84,2.1
2011-12-02,0.02,0.25,2.05,1.8,2.03
2011-12-05,0.01,0.27,2.04,1.77,2.03
2011-12-06,0.01,0.25,2.08,1.83,2.07
2011-12-07,0.02,0.24,2.02,1.78,2.0
2011-12-08,0.01,0.22,1.99,1.77,1.98
2011-12-09,0.01,0.22,2.07,1.85,2.06
2011-12-12,0.01,0.24,2.03,1.79,2.02
2011-12-13,0.01,0.24,1.96,1.72,1.95
2011-12-14,0.01,0.25,1.92,1.67,1.91
2011-12-15,0.0,0.26,1.92,1.66,1.92
2011-12-16,0.0,0.24,1.86,1.62,1.86
2011-12-19,0.01,0.24,1.82,1.58,1.81
2011-12-20,0.01,0.26,1.94,1.68,1.93
2011-12-21,0.01,0.28,1.98,1.7,1.97
2011-12-22,0.01,0.28,1.97,1.69,1.96
2011-12-23,0.01,0.28,2.03,1.75,2.02
2011-12-27,0.02,0.3,2.02,1.72,2.0
2011-12-28,0.01,0.28,1.93,1.65,1.92
2011-12-29,0.02,0.28,1.91,1.63,1.89
2011-12-30,0.02,0.25,1.89,1.64,1.87
2012-01-03,0.02,0.27,1.97,1.7,1.95
2012-01-04,0.02,0.25,2.0,1.75,1.98
2012-01-05,0.02,0.27,2.02,1.75,2.0
2012-01-06,0.02,0.25,1.98,1.73,1.96
2012-01-09,0.01,0.26,1.98,1.72,1.97
2012-01-10,0.02,0.24,2.0,1.76,1.98
2012-01-11,0.02,0.24,1.93,1.69,1.91
2012-01-12,0.03,0.22,1.94,1.72,1.91
2012-01-13,0.03,0.24,1.89,1.65,1.86
2012-01-17,0.03,0.21,1.87,1.66,1.84
2012-01-18,0.03,0.24,1.92,1.68,1.89
2012-01-19,0.05,0.26,2.01,1.75,1.96
2012-01-20,0.05,0.26,2.05,1.79,2.0
2012-01-23,0.04,0.26,2.09,1.83,2.05
2012-01-24,0.04,0.24,2.08,1.84,2.04
2012-01-25,0.04,0.22,2.01,1.79,1.97
2012-01-26,0.05,0.22,1.96,1.74,1.91
2012-01-27,0.06,0.22,1.93,1.71,1.87
2012-01-30,0.05,0.22,1.87,1.65,1.82
2012-01-31,0.06,0.22,1.83,1.61,1.77
2012-02-01,0.06,0.23,1.87,1.64,1.81
2012-02-02,0.08,0.23,1.86,1.63,1.78
2012-02-03,0.08,0.23,1.97,1.74,1.89
2012-02-06,0.08,0.24,1.93,1.69,1.85
2012-02-07,0.08,0.25,2.0,1.75,1.92
2012-02-08,0.09,0.27,2.01,1.74,1.92
2012-02-09,0.09,0.27,2.04,1.77,1.95
2012-02-10,0.09,0.27,1.96,1.69,1.87
2012-02-13,0.11,0.29,1.99,1.7,1.88
2012-02-14,0.12,0.29,1.92,1.63,1.8
2012-02-15,0.11,0.29,1.93,1.64,1.82
2012-02-16,0.1,0.29,1.99,1.7,1.89
2012-02-17,0.09,0.29,2.01,1.72,1.92
2012-02-21,0.08,0.31,2.05,1.74,1.97
2012-02-22,0.09,0.29,2.01,1.72,1.92
2012-02-23,0.09,0.31,1.99,1.68,1.9
2012-02-24,0.1,0.31,1.98,1.67,1.88
2012-02-27,0.12,0.3,1.92,1.62,1.8
2012-02-28,0.1,0.3,1.94,1.64,1.84
2012-02-29,0.08,0.3,1.98,1.68,1.9
2012-03-01,0.08,0.3,2.03,1.73,1.95
2012-03-02,0.07,0.28,1.99,1.71,1.92
2012-03-05,0.08,0.31,2.0,1.69,1.92
2012-03-06,0.08,0.3,1.96,1.66,1.88
2012-03-07,0.08,0.3,1.98,1.68,1.9
2012-03-08,0.08,0.32,2.03,1.71,1.95
2012-03-09,0.09,0.33,2.04,1.71,1.95
2012-03-12,0.09,0.33,2.04,1.71,1.95
2012-03-13,0.08,0.35,2.14,1.79,2.06
2012-03-14,0.09,0.4,2.29,1.89,2.2
2012-03-15,0.08,0.37,2.29,1.92,2.21
2012-03-16,0.09,0.37,2.31,1.94,2.22
2012-03-19,0.1,0.39,2.39,2.0,2.29
2012-03-20,0.1,0.41,2.38,1.97,2.28
2012-03-21,0.09,0.39,2.31,1.92,2.22
2012-03-22,0.08,0.37,2.29,1.92,2.21
2012-03-23,0.08,0.37,2.25,1.88,2.17
2012-03-26,0.09,0.36,2.26,1.9,2.17
2012-03-27,0.09,0.33,2.2,1.87,2.11
2012-03-28,0.09,0.34,2.21,1.87,2.12
2012-03-29,0.07,0.33,2.18,1.85,2.11
2012-03-30,0.07,0.33,2.23,1.9,2.16
2012-04-02,0.08,0.33,2.22,1.89,2.14
2012-04-03,0.08,0.36,2.3,1.94,2.22
2012-04-04,0.08,0.35,2.25,1.9,2.17
2012-04-05,0.08,0.35,2.19,1.84,2.11
2012-04-06,0.07,0.32,2.07,1.75,2.0
2012-04-09,0.09,0.32,2.06,1.74,1.97
2012-04-10,0.09,0.28,2.01,1.73,1.92
2012-04-11,0.09,0.3,2.05,1.75,1.96
2012-04-12,0.09,0.29,2.08,1.79,1.99
2012-04-13,0.09,0.27,2.02,1.75,1.93
2012-04-16,0.08,0.27,2.0,1.73,1.92
2012-04-17,0.08,0.27,2.03,1.76,1.95
2012-04-18,0.07,0.27,2.0,1.73,1.93
2012-04-19,0.07,0.27,1.98,1.71,1.91
2012-04-20,0.08,0.29,1.99,1.7,1.91
2012-04-23,0.08,0.27,1.96,1.69,1.88
2012-04-24,0.09,0.27,2.0,1.73,1.91
2012-04-25,0.09,0.26,2.01,1.75,1.92
2012-04-26,0.09,0.26,1.98,1.72,1.89
2012-04-27,0.09,0.26,1.96,1.7,1.87
2012-04-30,0.1,0.27,1.95,1.68,1.85
2012-05-01,0.09,0.27,1.98,1.71,1.89
2012-05-02,0.08,0.27,1.96,1.69,1.88
2012-05-03,0.09,0.28,1.96,1.68,1.87
2012-05-04,0.07,0.27,1.91,1.64,1.84
2012-05-07,0.1,0.27,1.92,1.65,1.82
2012-05-08,0.09,0.27,1.88,1.61,1.79
2012-05-09,0.09,0.27,1.87,1.6,1.78
2012-05-10,0.1,0.27,1.89,1.62,1.79
2012-05-11,0.1,0.27,1.84,1.57,1.74
2012-05-14,0.1,0.29,1.78,1.49,1.68
2012-05-15,0.09,0.29,1.76,1.47,1.67
2012-05-16,0.1,0.3,1.76,1.46,1.66
2012-05-17,0.1,0.32,1.7,1.38,1.6
2012-05-18,0.08,0.32,1.71,1.39,1.63
2012-05-21,0.09,0.3,1.75,1.45,1.66
2012-05-22,0.09,0.3,1.79,1.49,1.7
2012-05-23,0.09,0.28,1.73,1.45,1.64
2012-05-24,0.1,0.29,1.77,1.48,1.67
2012-05-25,0.09,0.3,1.75,1.45,1.66
2012-05-29,0.09,0.3,1.74,1.44,1.65
2012-05-30,0.07,0.27,1.63,1.36,1.56
2012-05-31,0.07,0.27,1.59,1.32,1.52
2012-06-01,0.07,0.25,1.47,1.22,1.4
2012-06-04,0.08,0.25,1.53,1.28,1.45
2012-06-05,0.08,0.25,1.57,1.32,1.49
2012-06-06,0.09,0.26,1.66,1.4,1.57
2012-06-07,0.09,0.27,1.66,1.39,1.57
2012-06-08,0.09,0.28,1.65,1.37,1.56
2012-06-11,0.09,0.27,1.6,1.33,1.51
2012-06-12,0.1,0.3,1.67,1.37,1.57
2012-06-13,0.1,0.3,1.61,1.31,1.51
2012-06-14,0.11,0.3,1.64,1.34,1.53
2012-06-15,0.09,0.29,1.6,1.31,1.51
2012-06-18,0.1,0.29,1.59,1.3,1.49
2012-06-19,0.09,0.3,1.64,1.34,1.55
2012-06-20,0.09,0.32,1.65,1.33,1.56
2012-06-21,0.09,0.32,1.63,1.31,1.54
2012-06-22,0.09,0.31,1.69,1.38,1.6
2012-06-25,0.1,0.31,1.63,1.32,1.53
2012-06-26,0.1,0.31,1.66,1.35,1.56
2012-06-27,0.09,0.31,1.65,1.34,1.56
2012-06-28,0.09,0.31,1.6,1.29,1.51
2012-06-29,0.09,0.33,1.67,1.34,1.58
2012-07-02,0.1,0.3,1.61,1.31,1.51
2012-07-03,0.09,0.3,1.65,1.35,1.56
2012-07-05,0.08,0.28,1.62,1.34,1.54
2012-07-06,0.08,0.27,1.57,1.3,1.49
2012-07-09,0.09,0.27,1.53,1.26,1.44
2012-07-10,0.09,0.27,1.53,1.26,1.44
2012-07-11,0.1,0.27,1.54,1.27,1.44
2012-07-12,0.1,0.25,1.5,1.25,1.4
2012-07-13,0.1,0.25,1.52,1.27,1.42
2012-07-16,0.1,0.24,1.5,1.26,1.4
2012-07-17,0.1,0.25,1.53,1.28,1.43
2012-07-18,0.09,0.22,1.52,1.3,1.43
2012-07-19,0.09,0.22,1.54,1.32,1.45
2012-07-20,0.09,0.22,1.49,1.27,1.4
2012-07-23,0.1,0.22,1.47,1.25,1.37
2012-07-24,0.1,0.22,1.44,1.22,1.34
2012-07-25,0.1,0.22,1.43,1.21,1.33
2012-07-26,0.11,0.23,1.45,1.22,1.34
2012-07-27,0.11,0.25,1.58,1.33,1.47
2012-07-30,0.11,0.23,1.53,1.3,1.42
2012-07-31,0.11,0.23,1.51,1.28,1.4
2012-08-01,0.1,0.24,1.56,1.32,1.46
2012-08-02,0.09,0.24,1.51,1.27,1.42
2012-08-03,0.09,0.24,1.6,1.36,1.51
2012-08-06,0.1,0.24,1.59,1.35,1.49
2012-08-07,0.11,0.27,1.66,1.39,1.55
2012-08-08,0.11,0.29,1.68,1.39,1.57
2012-08-09,0.11,0.29,1.69,1.4,1.58
2012-08-10,0.1,0.27,1.65,1.38,1.55
2012-08-13,0.11,0.27,1.65,1.38,1.54
2012-08-14,0.11,0.27,1.73,1.46,1.62
2012-08-15,0.09,0.27,1.8,1.53,1.71
2012-08-16,0.09,0.29,1.83,1.54,1.74
2012-08-17,0.09,0.29,1.81,1.52,1.72
2012-08-20,0.11,0.29,1.82,1.53,1.71
2012-08-21,0.11,0.31,1.8,1.49,1.69
2012-08-22,0.11,0.26,1.71,1.45,1.6
2012-08-23,0.11,0.26,1.68,1.42,1.57
2012-08-24,0.1,0.28,1.68,1.4,1.58
2012-08-27,0.11,0.28,1.65,1.37,1.54
2012-08-28,0.1,0.27,1.64,1.37,1.54
2012-08-29,0.12,0.27,1.66,1.39,1.54
2012-08-30,0.1,0.27,1.63,1.36,1.53
2012-08-31,0.09,0.22,1.57,1.35,1.48
2012-09-04,0.1,0.23,1.59,1.36,1.49
2012-09-05,0.11,0.25,1.6,1.35,1.49
2012-09-06,0.11,0.27,1.68,1.41,1.57
2012-09-07,0.11,0.25,1.67,1.42,1.56
2012-09-10,0.1,0.25,1.68,1.43,1.58
2012-09-11,0.1,0.25,1.7,1.45,1.6
2012-09-12,0.1,0.25,1.77,1.52,1.67
2012-09-13,0.1,0.24,1.75,1.51,1.65
2012-09-14,0.11,0.27,1.88,1.61,1.77
2012-09-17,0.11,0.25,1.85,1.6,1.74
2012-09-18,0.1,0.25,1.82,1.57,1.72
2012-09-19,0.11,0.27,1.79,1.52,1.68
2012-09-20,0.11,0.27,1.8,1.53,1.69
2012-09-21,0.11,0.27,1.77,1.5,1.66
2012-09-24,0.11,0.27,1.74,1.47,1.63
2012-09-25,0.11,0.27,1.7,1.43,1.59
2012-09-26,0.11,0.26,1.64,1.38,1.53
2012-09-27,0.09,0.25,1.66,1.41,1.57
2012-09-28,0.1,0.23,1.65,1.42,1.55
2012-10-01,0.09,0.25,1.64,1.39,1.55
2012-10-02,0.09,0.23,1.64,1.41,1.55
2012-10-03,0.09,0.23,1.64,1.41,1.55
2012-10-04,0.1,0.23,1.7,1.47,1.6
2012-10-05,0.11,0.27,1.75,1.48,1.64
2012-10-09,0.1,0.25,1.74,1.49,1.64
2012-10-10,0.1,0.27,1.72,1.45,1.62
2012-10-11,0.1,0.28,1.7,1.42,1.6
2012-10-12,0.11,0.27,1.69,1.42,1.58
2012-10-15,0.11,0.27,1.7,1.43,1.59
2012-10-16,0.09,0.27,1.75,1.48,1.66
2012-10-17,0.11,0.3,1.83,1.53,1.72
2012-10-18,0.1,0.29,1.86,1.57,1.76
2012-10-19,0.1,0.3,1.79,1.49,1.69
2012-10-22,0.1,0.32,1.83,1.51,1.73
2012-10-23,0.11,0.29,1.79,1.5,1.68
2012-10-24,0.11,0.29,1.8,1.51,1.69
2012-10-25,0.11,0.31,1.86,1.55,1.75
2012-10-26,0.12,0.3,1.78,1.48,1.66
2012-10-29,0.14,0.3,1.74,1.44,1.6
2012-10-31,0.11,0.3,1.72,1.42,1.61
2012-11-01,0.09,0.3,1.75,1.45,1.66
2012-11-02,0.09,0.28,1.75,1.47,1.66
2012-11-05,0.11,0.28,1.72,1.44,1.61
2012-11-06,0.1,0.3,1.78,1.48,1.68
2012-11-07,0.1,0.27,1.68,1.41,1.58
2012-11-08,0.1,0.27,1.62,1.35,1.52
2012-11-09,0.09,0.27,1.61,1.34,1.52
2012-11-13,0.11,0.27,1.59,1.32,1.48
2012-11-14,0.1,0.25,1.59,1.34,1.49
2012-11-15,0.08,0.24,1.58,1.34,1.5
2012-11-16,0.06,0.24,1.58,1.34,1.52
2012-11-19,0.09,0.25,1.61,1.36,1.52
2012-11-20,0.08,0.27,1.66,1.39,1.58
2012-11-21,0.1,0.27,1.69,1.42,1.59
2012-11-23,0.1,0.29,1.7,1.41,1.6
2012-11-26,0.1,0.27,1.66,1.39,1.56
2012-11-27,0.1,0.27,1.64,1.37,1.54
2012-11-28,0.1,0.27,1.63,1.36,1.53
2012-11-29,0.09,0.25,1.62,1.37,1.53
2012-11-30,0.08,0.25,1.62,1.37,1.54
2012-12-03,0.1,0.25,1.63,1.38,1.53
2012-12-04,0.1,0.25,1.62,1.37,1.52
2012-12-05,0.1,0.25,1.6,1.35,1.5
2012-12-06,0.1,0.25,1.59,1.34,1.49
2012-12-07,0.09,0.25,1.64,1.39,1.55
2012-12-10,0.09,0.24,1.63,1.39,1.54
2012-12-11,0.08,0.24,1.66,1.42,1.58
2012-12-12,0.07,0.25,1.72,1.47,1.65
2012-12-13,0.06,0.27,1.74,1.47,1.68
2012-12-14,0.04,0.24,1.72,1.48,1.68
2012-12-17,0.05,0.25,1.78,1.53,1.73
2012-12-18,0.06,0.28,1.84,1.56,1.78
2012-12-19,0.05,0.28,1.82,1.54,1.77
2012-12-20,0.06,0.28,1.81,1.53,1.75
2012-12-21,0.06,0.26,1.77,1.51,1.71
2012-12-24,0.06,0.26,1.79,1.53,1.73
2012-12-26,0.09,0.26,1.77,1.51,1.68
2012-12-27,0.08,0.26,1.74,1.48,1.66
2012-12-28,0.01,0.27,1.73,1.46,1.72
2012-12-31,0.05,0.25,1.78,1.53,1.73
2013-01-02,0.08,0.27,1.86,1.59,1.78
2013-01-03,0.08,0.27,1.92,1.65,1.84
2013-01-04,0.07,0.27,1.93,1.66,1.86
2013-01-07,0.07,0.27,1.92,1.65,1.85
2013-01-08,0.07,0.25,1.89,1.64,1.82
2013-01-09,0.06,0.24,1.88,1.64,1.82
2013-01-10,0.06,0.26,1.91,1.65,1.85
2013-01-11,0.07,0.26,1.89,1.63,1.82
2013-01-14,0.08,0.26,1.89,1.63,1.81
2013-01-15,0.09,0.26,1.86,1.6,1.77
2013-01-16,0.08,0.26,1.84,1.58,1.76
2013-01-17,0.07,0.28,1.89,1.61,1.82
2013-01-18,0.08,0.26,1.87,1.61,1.79
2013-01-22,0.08,0.26,1.86,1.6,1.78
2013-01-23,0.08,0.26,1.86,1.6,1.78
2013-01-24,0.08,0.23,1.88,1.65,1.8
2013-01-25,0.08,0.28,1.98,1.7,1.9
2013-01-28,0.07,0.29,2.0,1.71,1.93
2013-01-29,0.07,0.3,2.03,1.73,1.96
2013-01-30,0.07,0.27,2.03,1.76,1.96
2013-01-31,0.07,0.27,2.02,1.75,1.95
2013-02-01,0.06,0.27,2.04,1.77,1.98
2013-02-04,0.07,0.25,2.0,1.75,1.93
2013-02-05,0.07,0.27,2.04,1.77,1.97
2013-02-06,0.07,0.27,2.0,1.73,1.93
2013-02-07,0.07,0.25,1.99,1.74,1.92
2013-02-08,0.07,0.25,1.99,1.74,1.92
2013-02-11,0.09,0.27,1.99,1.72,1.9
2013-02-12,0.09,0.29,2.02,1.73,1.93
2013-02-13,0.1,0.29,2.05,1.76,1.95
2013-02-14,0.11,0.27,2.0,1.73,1.89
2013-02-15,0.1,0.29,2.01,1.72,1.91
2013-02-19,0.12,0.29,2.03,1.74,1.91
2013-02-20,0.12,0.27,2.02,1.75,1.9
2013-02-21,0.13,0.26,1.99,1.73,1.86
2013-02-22,0.13,0.27,1.97,1.7,1.84
2013-02-25,0.12,0.25,1.88,1.63,1.76
2013-02-26,0.14,0.25,1.88,1.63,1.74
2013-02-27,0.11,0.27,1.91,1.64,1.8
2013-02-28,0.11,0.25,1.89,1.64,1.78
2013-03-01,0.11,0.25,1.86,1.61,1.75
2013-03-04,0.11,0.24,1.88,1.64,1.77
2013-03-05,0.08,0.25,1.9,1.65,1.82
2013-03-06,0.1,0.25,1.95,1.7,1.85
2013-03-07,0.1,0.25,2.0,1.75,1.9
2013-03-08,0.1,0.27,2.06,1.79,1.96
2013-03-11,0.1,0.27,2.07,1.8,1.97
2013-03-12,0.1,0.27,2.03,1.76,1.93
2013-03-13,0.09,0.27,2.04,1.77,1.95
2013-03-14,0.1,0.27,2.04,1.77,1.94
2013-03-15,0.09,0.25,2.01,1.76,1.92
2013-03-18,0.07,0.26,1.96,1.7,1.89
2013-03-19,0.07,0.24,1.92,1.68,1.85
2013-03-20,0.07,0.26,1.96,1.7,1.89
2013-03-21,0.07,0.27,1.95,1.68,1.88
2013-03-22,0.07,0.26,1.93,1.67,1.86
2013-03-25,0.08,0.24,1.93,1.69,1.85
2013-03-26,0.07,0.25,1.92,1.67,1.85
2013-03-27,0.09,0.25,1.87,1.62,1.78
2013-03-28,0.07,0.25,1.87,1.62,1.8
2013-04-01,0.08,0.23,1.86,1.63,1.78
2013-04-02,0.07,0.25,1.88,1.63,1.81
2013-04-03,0.06,0.24,1.83,1.59,1.77
2013-04-04,0.07,0.22,1.78,1.56,1.71
2013-04-05,0.07,0.24,1.72,1.48,1.65
2013-04-08,0.07,0.24,1.76,1.52,1.69
2013-04-09,0.06,0.24,1.78,1.54,1.72
2013-04-10,0.07,0.24,1.84,1.6,1.77
2013-04-11,0.07,0.24,1.82,1.58,1.75
2013-04-12,0.06,0.22,1.75,1.53,1.69
2013-04-15,0.06,0.22,1.72,1.5,1.66
2013-04-16,0.06,0.24,1.75,1.51,1.69
2013-04-17,0.06,0.24,1.73,1.49,1.67
2013-04-18,0.05,0.24,1.72,1.48,1.67
2013-04-19,0.05,0.24,1.73,1.49,1.68
2013-04-22,0.05,0.24,1.72,1.48,1.67
2013-04-23,0.05,0.23,1.74,1.51,1.69
2013-04-24,0.06,0.23,1.73,1.5,1.67
2013-04-25,0.05,0.23,1.74,1.51,1.69
2013-04-26,0.05,0.22,1.7,1.48,1.65
2013-04-29,0.05,0.2,1.7,1.5,1.65
2013-04-30,0.05,0.22,1.7,1.48,1.65
2013-05-01,0.06,0.2,1.66,1.46,1.6
2013-05-02,0.05,0.2,1.66,1.46,1.61
2013-05-03,0.05,0.22,1.78,1.56,1.73
2013-05-06,0.04,0.22,1.8,1.58,1.76
2013-05-07,0.04,0.22,1.82,1.6,1.78
2013-05-08,0.04,0.22,1.81,1.59,1.77
2013-05-09,0.04,0.22,1.81,1.59,1.77
2013-05-10,0.04,0.26,1.9,1.64,1.86
2013-05-13,0.05,0.24,1.92,1.68,1.87
2013-05-14,0.05,0.26,1.96,1.7,1.91
2013-05-15,0.04,0.26,1.94,1.68,1.9
2013-05-16,0.03,0.23,1.87,1.64,1.84
2013-05-17,0.04,0.26,1.95,1.69,1.91
2013-05-20,0.05,0.26,1.97,1.71,1.92
2013-05-21,0.04,0.26,1.94,1.68,1.9
2013-05-22,0.04,0.26,2.03,1.77,1.99
2013-05-23,0.05,0.26,2.02,1.76,1.97
2013-05-24,0.04,0.26,2.01,1.75,1.97
2013-05-28,0.05,0.29,2.15,1.86,2.1
2013-05-29,0.05,0.3,2.13,1.83,2.08
2013-05-30,0.04,0.31,2.13,1.82,2.09
2013-05-31,0.04,0.3,2.16,1.86,2.12
2013-06-03,0.05,0.3,2.13,1.83,2.08
2013-06-04,0.04,0.32,2.14,1.82,2.1
2013-06-05,0.05,0.3,2.1,1.8,2.05
2013-06-06,0.05,0.3,2.08,1.78,2.03
2013-06-07,0.04,0.32,2.17,1.85,2.13
2013-06-10,0.05,0.32,2.22,1.9,2.17
2013-06-11,0.05,0.34,2.2,1.86,2.15
2013-06-12,0.05,0.34,2.25,1.91,2.2
2013-06-13,0.05,0.32,2.19,1.87,2.14
2013-06-14,0.05,0.29,2.14,1.85,2.09
2013-06-17,0.05,0.27,2.19,1.92,2.14
2013-06-18,0.05,0.27,2.2,1.93,2.15
2013-06-19,0.05,0.31,2.33,2.02,2.28
2013-06-20,0.05,0.33,2.41,2.08,2.36
2013-06-21,0.05,0.38,2.52,2.14,2.47
2013-06-24,0.06,0.42,2.57,2.15,2.51
2013-06-25,0.06,0.43,2.6,2.17,2.54
2013-06-26,0.06,0.39,2.55,2.16,2.49
2013-06-27,0.06,0.36,2.49,2.13,2.43
2013-06-28,0.04,0.36,2.52,2.16,2.48
2013-07-01,0.04,0.34,2.5,2.16,2.46
2013-07-02,0.03,0.34,2.48,2.14,2.45
2013-07-03,0.05,0.36,2.52,2.16,2.47
2013-07-05,0.04,0.4,2.73,2.33,2.69
2013-07-08,0.05,0.37,2.65,2.28,2.6
2013-07-09,0.04,0.37,2.65,2.28,2.61
2013-07-10,0.04,0.38,2.7,2.32,2.66
2013-07-11,0.04,0.34,2.6,2.26,2.56
2013-07-12,0.04,0.37,2.61,2.24,2.57
2013-07-15,0.04,0.34,2.57,2.23,2.53
2013-07-16,0.03,0.34,2.55,2.21,2.52
2013-07-17,0.03,0.32,2.52,2.2,2.49
2013-07-18,0.03,0.32,2.56,2.24,2.53
2013-07-19,0.03,0.32,2.5,2.18,2.47
2013-07-22,0.04,0.32,2.5,2.18,2.46
2013-07-23,0.02,0.33,2.53,2.2,2.51
2013-07-24,0.03,0.34,2.61,2.27,2.58
2013-07-25,0.02,0.32,2.61,2.29,2.59
2013-07-26,0.03,0.31,2.58,2.27,2.55
2013-07-29,0.03,0.33,2.61,2.28,2.58
2013-07-30,0.04,0.33,2.63,2.3,2.59
2013-07-31,0.04,0.31,2.6,2.29,2.56
2013-08-01,0.04,0.35,2.74,2.39,2.7
2013-08-02,0.04,0.3,2.63,2.33,2.59
2013-08-05,0.05,0.32,2.67,2.35,2.62
2013-08-06,0.04,0.32,2.67,2.35,2.63
2013-08-07,0.05,0.32,2.61,2.29,2.56
2013-08-08,0.05,0.3,2.58,2.28,2.53
2013-08-09,0.05,0.32,2.57,2.25,2.52
2013-08-12,0.06,0.32,2.61,2.29,2.55
2013-08-13,0.06,0.34,2.71,2.37,2.65
2013-08-14,0.05,0.34,2.71,2.37,2.66
2013-08-15,0.05,0.36,2.77,2.41,2.72
2013-08-16,0.05,0.36,2.84,2.48,2.79
2013-08-19,0.06,0.36,2.88,2.52,2.82
2013-08-20,0.04,0.36,2.82,2.46,2.78
2013-08-21,0.04,0.38,2.87,2.49,2.83
2013-08-22,0.03,0.42,2.9,2.48,2.87
2013-08-23,0.03,0.4,2.82,2.42,2.79
2013-08-26,0.04,0.41,2.79,2.38,2.75
2013-08-27,0.05,0.38,2.72,2.34,2.67
2013-08-28,0.03,0.4,2.78,2.38,2.75
2013-08-29,0.02,0.39,2.75,2.36,2.73
2013-08-30,0.03,0.39,2.78,2.39,2.75
2013-09-03,0.02,0.43,2.86,2.43,2.84
2013-09-04,0.02,0.46,2.9,2.44,2.88
2013-09-05,0.02,0.52,2.98,2.46,2.96
2013-09-06,0.02,0.46,2.94,2.48,2.92
2013-09-09,0.02,0.45,2.9,2.45,2.88
2013-09-10,0.02,0.5,2.96,2.46,2.94
2013-09-11,0.02,0.47,2.93,2.46,2.91
2013-09-12,0.01,0.45,2.92,2.47,2.91
2013-09-13,0.01,0.45,2.9,2.45,2.89
2013-09-16,0.02,0.41,2.88,2.47,2.86
2013-09-17,0.01,0.39,2.86,2.47,2.85
2013-09-18,0.01,0.34,2.69,2.35,2.68
2013-09-19,0.01,0.34,2.76,2.42,2.75
2013-09-20,0.01,0.34,2.75,2.41,2.74
2013-09-23,0.02,0.35,2.72,2.37,2.7
2013-09-24,0.02,0.35,2.67,2.32,2.65
2013-09-25,0.02,0.36,2.63,2.27,2.61
2013-09-26,0.0,0.34,2.66,2.32,2.66
2013-09-27,0.02,0.34,2.64,2.3,2.62
2013-09-30,0.02,0.33,2.64,2.31,2.62
2013-10-01,0.02,0.33,2.66,2.33,2.64
2013-10-02,0.02,0.31,2.63,2.32,2.61
2013-10-03,0.03,0.33,2.62,2.29,2.59
2013-10-04,0.03,0.33,2.66,2.33,2.63
2013-10-07,0.03,0.37,2.65,2.28,2.62
2013-10-08,0.05,0.4,2.66,2.26,2.61
2013-10-09,0.05,0.37,2.68,2.31,2.63
2013-10-10,0.05,0.35,2.71,2.36,2.66
2013-10-11,0.08,0.35,2.7,2.35,2.62
2013-10-15,0.14,0.37,2.75,2.38,2.61
2013-10-16,0.1,0.34,2.69,2.35,2.59
2013-10-17,0.05,0.33,2.61,2.28,2.56
2013-10-18,0.04,0.33,2.6,2.27,2.56
2013-10-21,0.04,0.33,2.63,2.3,2.59
2013-10-22,0.04,0.31,2.54,2.23,2.5
2013-10-23,0.04,0.31,2.51,2.2,2.47
2013-10-24,0.03,0.33,2.53,2.2,2.5
2013-10-25,0.04,0.32,2.53,2.21,2.49
2013-10-28,0.04,0.32,2.54,2.22,2.5
2013-10-29,0.04,0.31,2.53,2.22,2.49
2013-10-30,0.04,0.33,2.55,2.22,2.51
2013-10-31,0.04,0.31,2.57,2.26,2.53
2013-11-01,0.04,0.33,2.65,2.32,2.61
2013-11-04,0.05,0.32,2.63,2.31,2.58
2013-11-05,0.05,0.32,2.69,2.37,2.64
2013-11-06,0.05,0.3,2.67,2.37,2.62
2013-11-07,0.05,0.29,2.63,2.34,2.58
2013-11-08,0.06,0.32,2.77,2.45,2.71
2013-11-12,0.08,0.34,2.8,2.46,2.72
2013-11-13,0.08,0.32,2.75,2.43,2.67
2013-11-14,0.08,0.29,2.69,2.4,2.61
2013-11-15,0.08,0.31,2.71,2.4,2.63
2013-11-18,0.09,0.31,2.67,2.36,2.58
2013-11-19,0.08,0.29,2.71,2.42,2.63
2013-11-20,0.08,0.28,2.8,2.52,2.72
2013-11-21,0.07,0.29,2.79,2.5,2.72
2013-11-22,0.07,0.31,2.75,2.44,2.68
2013-11-25,0.08,0.3,2.74,2.44,2.66
2013-11-26,0.07,0.29,2.71,2.42,2.64
2013-11-27,0.07,0.28,2.74,2.46,2.67
2013-11-29,0.06,0.28,2.75,2.47,2.69
2013-12-02,0.05,0.3,2.81,2.51,2.76
2013-12-03,0.06,0.28,2.79,2.51,2.73
2013-12-04,0.06,0.3,2.84,2.54,2.78
2013-12-05,0.06,0.3,2.88,2.58,2.82
2013-12-06,0.06,0.3,2.88,2.58,2.82
2013-12-09,0.07,0.3,2.86,2.56,2.79
2013-12-10,0.07,0.3,2.81,2.51,2.74
2013-12-11,0.07,0.31,2.86,2.55,2.79
2013-12-12,0.07,0.34,2.89,2.55,2.82
2013-12-13,0.07,0.34,2.88,2.54,2.81
2013-12-16,0.07,0.34,2.89,2.55,2.82
2013-12-17,0.07,0.34,2.85,2.51,2.78
2013-12-18,0.07,0.32,2.89,2.57,2.82
2013-12-19,0.06,0.35,2.94,2.59,2.88
2013-12-20,0.07,0.37,2.89,2.52,2.82
2013-12-23,0.07,0.38,2.94,2.56,2.87
2013-12-24,0.07,0.38,2.99,2.61,2.92
2013-12-26,0.07,0.42,3.0,2.58,2.93
2013-12-27,0.07,0.4,3.02,2.62,2.95
2013-12-30,0.07,0.39,2.99,2.6,2.92
2013-12-31,0.07,0.38,3.04,2.66,2.97
2014-01-02,0.07,0.39,3.0,2.61,2.93
2014-01-03,0.07,0.41,3.01,2.6,2.94
2014-01-06,0.05,0.4,2.98,2.58,2.93
2014-01-07,0.04,0.4,2.96,2.56,2.92
2014-01-08,0.05,0.43,3.01,2.58,2.96
2014-01-09,0.04,0.44,2.97,2.53,2.93
2014-01-10,0.05,0.39,2.88,2.49,2.83
2014-01-13,0.03,0.39,2.84,2.45,2.81
2014-01-14,0.04,0.39,2.88,2.49,2.84
2014-01-15,0.04,0.41,2.9,2.49,2.86
2014-01-16,0.04,0.41,2.86,2.45,2.82
2014-01-17,0.05,0.4,2.84,2.44,2.79
2014-01-21,0.04,0.4,2.85,2.45,2.81
2014-01-22,0.04,0.44,2.87,2.43,2.83
2014-01-23,0.04,0.39,2.79,2.4,2.75
2014-01-24,0.04,0.37,2.75,2.38,2.71
2014-01-27,0.05,0.37,2.78,2.41,2.73
2014-01-28,0.05,0.38,2.77,2.39,2.72
2014-01-29,0.04,0.36,2.69,2.33,2.65
2014-01-30,0.02,0.36,2.72,2.36,2.7
2014-01-31,0.02,0.34,2.67,2.33,2.65
2014-02-03,0.05,0.3,2.61,2.31,2.56
2014-02-04,0.06,0.31,2.64,2.33,2.58
2014-02-05,0.07,0.32,2.7,2.38,2.63
2014-02-06,0.07,0.33,2.73,2.4,2.66
2014-02-07,0.08,0.3,2.71,2.41,2.63
2014-02-10,0.07,0.32,2.7,2.38,2.63
2014-02-11,0.05,0.35,2.75,2.4,2.7
2014-02-12,0.05,0.35,2.8,2.45,2.75
2014-02-13,0.03,0.32,2.73,2.41,2.7
2014-02-14,0.02,0.32,2.75,2.43,2.73
2014-02-18,0.05,0.31,2.71,2.4,2.66
2014-02-19,0.06,0.33,2.73,2.4,2.67
2014-02-20,0.05,0.34,2.76,2.42,2.71
2014-02-21,0.05,0.33,2.73,2.4,2.68
2014-02-24,0.05,0.35,2.75,2.4,2.7
2014-02-25,0.05,0.34,2.7,2.36,2.65
2014-02-26,0.05,0.33,2.67,2.34,2.62
2014-02-27,0.04,0.33,2.65,2.32,2.61
2014-02-28,0.05,0.33,2.66,2.33,2.61
2014-03-03,0.05,0.32,2.6,2.28,2.55
2014-03-04,0.05,0.33,2.7,2.37,2.65
2014-03-05,0.06,0.33,2.7,2.37,2.64
2014-03-06,0.05,0.37,2.74,2.37,2.69
2014-03-07,0.06,0.38,2.8,2.42,2.74
2014-03-10,0.05,0.37,2.79,2.42,2.74
2014-03-11,0.05,0.37,2.77,2.4,2.72
2014-03-12,0.05,0.37,2.73,2.36,2.68
2014-03-13,0.05,0.34,2.66,2.32,2.61
2014-03-14,0.05,0.36,2.65,2.29,2.6
2014-03-17,0.06,0.38,2.7,2.32,2.64
2014-03-18,0.05,0.36,2.68,2.32,2.63
2014-03-19,0.06,0.47,2.78,2.31,2.72
2014-03-20,0.06,0.45,2.79,2.34,2.73
2014-03-21,0.06,0.45,2.75,2.3,2.69
2014-03-24,0.06,0.47,2.74,2.27,2.68
2014-03-25,0.05,0.47,2.75,2.28,2.7
2014-03-26,0.05,0.45,2.71,2.26,2.66
2014-03-27,0.04,0.45,2.69,2.24,2.65
2014-03-28,0.04,0.45,2.73,2.28,2.69
2014-03-31,0.05,0.44,2.73,2.29,2.68
2014-04-01,0.04,0.44,2.77,2.33,2.73
2014-04-02,0.02,0.47,2.82,2.35,2.8
2014-04-03,0.02,0.46,2.8,2.34,2.78
2014-04-04,0.03,0.43,2.74,2.31,2.71
2014-04-07,0.03,0.41,2.71,2.3,2.68
2014-04-08,0.03,0.4,2.69,2.29,2.66
2014-04-09,0.04,0.37,2.71,2.34,2.67
2014-04-10,0.04,0.37,2.65,2.28,2.61
2014-04-11,0.04,0.37,2.63,2.26,2.59
2014-04-14,0.04,0.37,2.65,2.28,2.61
2014-04-15,0.04,0.39,2.64,2.25,2.6
2014-04-16,0.04,0.39,2.65,2.26,2.61
2014-04-17,0.03,0.43,2.73,2.3,2.7
2014-04-21,0.04,0.42,2.73,2.31,2.69
2014-04-22,0.03,0.45,2.73,2.28,2.7
2014-04-23,0.02,0.43,2.7,2.27,2.68
2014-04-24,0.01,0.43,2.7,2.27,2.69
2014-04-25,0.03,0.43,2.68,2.25,2.65
2014-04-28,0.03,0.44,2.7,2.26,2.67
2014-04-29,0.02,0.44,2.71,2.27,2.69
2014-04-30,0.03,0.42,2.67,2.25,2.64
2014-05-01,0.03,0.41,2.63,2.22,2.6
2014-05-02,0.02,0.42,2.6,2.18,2.58
2014-05-05,0.03,0.43,2.63,2.2,2.6
2014-05-06,0.03,0.43,2.61,2.18,2.58
2014-05-07,0.03,0.41,2.62,2.21,2.59
2014-05-08,0.03,0.4,2.61,2.21,2.58
2014-05-09,0.03,0.4,2.62,2.22,2.59
2014-05-12,0.03,0.41,2.66,2.25,2.63
2014-05-13,0.03,0.39,2.61,2.22,2.58
2014-05-14,0.03,0.39,2.54,2.15,2.51
2014-05-15,0.03,0.38,2.5,2.12,2.47
2014-05-16,0.03,0.38,2.52,2.14,2.49
2014-05-19,0.03,0.36,2.54,2.18,2.51
2014-05-20,0.03,0.35,2.52,2.17,2.49
2014-05-21,0.04,0.37,2.54,2.17,2.5
2014-05-22,0.03,0.37,2.56,2.19,2.53
2014-05-23,0.04,0.37,2.54,2.17,2.5
2014-05-27,0.04,0.39,2.52,2.13,2.48
2014-05-28,0.04,0.37,2.44,2.07,2.4
2014-05-29,0.04,0.37,2.45,2.08,2.41
2014-05-30,0.04,0.37,2.48,2.11,2.44
2014-06-02,0.04,0.39,2.54,2.15,2.5
2014-06-03,0.04,0.41,2.6,2.19,2.56
2014-06-04,0.04,0.41,2.61,2.2,2.57
2014-06-05,0.04,0.4,2.59,2.19,2.55
2014-06-06,0.04,0.41,2.6,2.19,2.56
2014-06-09,0.04,0.43,2.62,2.19,2.58
2014-06-10,0.04,0.45,2.64,2.19,2.6
2014-06-11,0.04,0.44,2.65,2.21,2.61
2014-06-12,0.04,0.42,2.58,2.16,2.54
2014-06-13,0.04,0.45,2.6,2.15,2.56
2014-06-16,0.04,0.49,2.61,2.12,2.57
2014-06-17,0.04,0.51,2.66,2.15,2.62
2014-06-18,0.03,0.48,2.61,2.13,2.58
2014-06-19,0.02,0.48,2.64,2.16,2.62
2014-06-20,0.02,0.5,2.63,2.13,2.61
2014-06-23,0.03,0.48,2.63,2.15,2.6
2014-06-24,0.03,0.49,2.59,2.1,2.56
2014-06-25,0.03,0.48,2.57,2.09,2.54
2014-06-26,0.04,0.46,2.53,2.07,2.49
2014-06-27,0.03,0.45,2.54,2.09,2.51
2014-06-30,0.04,0.47,2.53,2.06,2.49
2014-07-01,0.02,0.47,2.58,2.11,2.56
2014-07-02,0.02,0.49,2.64,2.15,2.62
2014-07-03,0.01,0.52,2.65,2.13,2.64
2014-07-07,0.04,0.52,2.63,2.11,2.59
2014-07-08,0.03,0.51,2.58,2.07,2.55
2014-07-09,0.03,0.51,2.57,2.06,2.54
2014-07-10,0.02,0.46,2.55,2.09,2.53
2014-07-11,0.02,0.48,2.53,2.05,2.51
2014-07-14,0.03,0.48,2.55,2.07,2.52
2014-07-15,0.02,0.49,2.56,2.07,2.54
2014-07-16,0.02,0.5,2.55,2.05,2.53
2014-07-17,0.02,0.47,2.47,2.0,2.45
2014-07-18,0.02,0.51,2.5,1.99,2.48
2014-07-21,0.03,0.51,2.49,1.98,2.46
2014-07-22,0.03,0.49,2.48,1.99,2.45
2014-07-23,0.03,0.5,2.48,1.98,2.45
2014-07-24,0.03,0.53,2.52,1.99,2.49
2014-07-25,0.03,0.53,2.48,1.95,2.45
2014-07-28,0.04,0.54,2.5,1.96,2.46
2014-07-29,0.02,0.54,2.47,1.93,2.45
2014-07-30,0.04,0.56,2.57,2.01,2.53
2014-07-31,0.03,0.53,2.58,2.05,2.55
2014-08-01,0.03,0.47,2.52,2.05,2.49
2014-08-04,0.04,0.47,2.51,2.04,2.47
2014-08-05,0.03,0.47,2.49,2.02,2.46
2014-08-06,0.03,0.48,2.49,2.01,2.46
2014-08-07,0.03,0.44,2.43,1.99,2.4
2014-08-08,0.03,0.45,2.44,1.99,2.41
2014-08-11,0.04,0.47,2.44,1.97,2.4
2014-08-12,0.03,0.45,2.46,2.01,2.43
2014-08-13,0.04,0.43,2.43,2.0,2.39
2014-08-14,0.04,0.42,2.4,1.98,2.36
2014-08-15,0.03,0.42,2.34,1.92,2.31
2014-08-18,0.03,0.44,2.39,1.95,2.36
2014-08-19,0.03,0.46,2.4,1.94,2.37
2014-08-20,0.04,0.49,2.43,1.94,2.39
2014-08-21,0.02,0.49,2.41,1.92,2.39
2014-08-22,0.03,0.53,2.4,1.87,2.37
2014-08-25,0.04,0.53,2.39,1.86,2.35
2014-08-26,0.03,0.52,2.39,1.87,2.36
2014-08-27,0.04,0.51,2.37,1.86,2.33
2014-08-28,0.03,0.5,2.34,1.84,2.31
2014-08-29,0.03,0.48,2.35,1.87,2.32
2014-09-02,0.03,0.53,2.42,1.89,2.39
2014-09-03,0.03,0.52,2.41,1.89,2.38
2014-09-04,0.03,0.54,2.45,1.91,2.42
2014-09-05,0.03,0.52,2.46,1.94,2.43
2014-09-08,0.02,0.54,2.48,1.94,2.46
2014-09-09,0.02,0.56,2.5,1.94,2.48
2014-09-10,0.02,0.58,2.54,1.96,2.52
2014-09-11,0.02,0.58,2.54,1.96,2.52
2014-09-12,0.02,0.58,2.62,2.04,2.6
2014-09-15,0.02,0.58,2.6,2.02,2.58
2014-09-16,0.02,0.55,2.6,2.05,2.58
2014-09-17,0.02,0.59,2.62,2.03,2.6
2014-09-18,0.02,0.59,2.63,2.04,2.61
2014-09-19,0.02,0.59,2.59,2.0,2.57
2014-09-22,0.01,0.58,2.57,1.99,2.56
2014-09-23,0.01,0.57,2.54,1.97,2.53
2014-09-24,0.02,0.59,2.57,1.98,2.55
2014-09-25,0.01,0.56,2.52,1.96,2.51
2014-09-26,0.01,0.59,2.54,1.95,2.53
2014-09-29,0.02,0.58,2.5,1.92,2.48
2014-09-30,0.02,0.58,2.52,1.94,2.5
2014-10-01,0.02,0.53,2.42,1.89,2.4
2014-10-02,0.01,0.53,2.44,1.91,2.43
2014-10-03,0.01,0.57,2.45,1.88,2.44
2014-10-06,0.02,0.54,2.43,1.89,2.41
2014-10-07,0.02,0.52,2.36,1.84,2.34
2014-10-08,0.01,0.46,2.35,1.89,2.34
2014-10-09,0.01,0.46,2.34,1.88,2.33
2014-10-10,0.01,0.45,2.31,1.86,2.3
2014-10-14,0.02,0.39,2.21,1.82,2.19
2014-10-15,0.02,0.34,2.15,1.81,2.13
2014-10-16,0.03,0.35,2.17,1.82,2.14
2014-10-17,0.02,0.39,2.22,1.83,2.2
2014-10-20,0.02,0.37,2.2,1.83,2.18
2014-10-21,0.02,0.38,2.23,1.85,2.21
2014-10-22,0.02,0.41,2.25,1.84,2.23
2014-10-23,0.01,0.41,2.29,1.88,2.28
2014-10-24,0.01,0.41,2.29,1.88,2.28
2014-10-27,0.02,0.41,2.27,1.86,2.25
2014-10-28,0.02,0.42,2.3,1.88,2.28
2014-10-29,0.03,0.48,2.34,1.86,2.31
2014-10-30,0.01,0.48,2.32,1.84,2.31
2014-10-31,0.01,0.5,2.35,1.85,2.34
2014-11-03,0.02,0.52,2.36,1.84,2.34
2014-11-04,0.03,0.52,2.35,1.83,2.32
2014-11-05,0.03,0.52,2.36,1.84,2.33
2014-11-06,0.03,0.54,2.39,1.85,2.36
2014-11-07,0.03,0.51,2.32,1.81,2.29
2014-11-10,0.02,0.55,2.38,1.83,2.36
2014-11-12,0.02,0.55,2.37,1.82,2.35
2014-11-13,0.02,0.53,2.35,1.82,2.33
2014-11-14,0.02,0.54,2.32,1.78,2.3
2014-11-17,0.03,0.54,2.34,1.8,2.31
2014-11-18,0.02,0.53,2.32,1.79,2.3
2014-11-19,0.01,0.54,2.36,1.82,2.35
2014-11-20,0.02,0.53,2.34,1.81,2.32
2014-11-21,0.01,0.53,2.31,1.78,2.3
2014-11-24,0.02,0.53,2.3,1.77,2.28
2014-11-25,0.02,0.51,2.27,1.76,2.25
2014-11-26,0.02,0.53,2.24,1.71,2.22
2014-11-28,0.02,0.47,2.18,1.71,2.16
2014-12-01,0.03,0.49,2.22,1.73,2.19
2014-12-02,0.03,0.55,2.28,1.73,2.25
2014-12-03,0.01,0.57,2.29,1.72,2.28
2014-12-04,0.02,0.55,2.25,1.7,2.23
2014-12-05,0.02,0.65,2.31,1.66,2.29
2014-12-08,0.03,0.64,2.26,1.62,2.23
2014-12-09,0.04,0.64,2.22,1.58,2.18
2014-12-10,0.03,0.59,2.18,1.59,2.15
2014-12-11,0.03,0.62,2.19,1.57,2.16
2014-12-12,0.02,0.56,2.1,1.54,2.08
2014-12-15,0.04,0.6,2.12,1.52,2.08
2014-12-16,0.03,0.58,2.07,1.49,2.04
2014-12-17,0.03,0.62,2.14,1.52,2.11
2014-12-18,0.04,0.67,2.22,1.55,2.18
2014-12-19,0.04,0.67,2.17,1.5,2.13
2014-12-22,0.05,0.71,2.17,1.46,2.12
2014-12-23,0.03,0.73,2.26,1.53,2.23
2014-12-24,0.01,0.73,2.27,1.54,2.26
2014-12-26,0.01,0.73,2.25,1.52,2.24
2014-12-29,0.03,0.72,2.22,1.5,2.19
2014-12-30,0.03,0.69,2.2,1.51,2.17
2014-12-31,0.04,0.67,2.17,1.5,2.13
2015-01-02,0.02,0.66,2.12,1.46,2.1
2015-01-05,0.03,0.68,2.04,1.36,2.01
2015-01-06,0.03,0.65,1.97,1.32,1.94
2015-01-07,0.03,0.62,1.96,1.34,1.93
2015-01-08,0.03,0.62,2.03,1.41,2.0
2015-01-09,0.02,0.59,1.98,1.39,1.96
2015-01-12,0.03,0.56,1.92,1.36,1.89
2015-01-13,0.03,0.54,1.91,1.37,1.88
2015-01-14,0.04,0.51,1.86,1.35,1.82
2015-01-15,0.03,0.44,1.77,1.33,1.74
2015-01-16,0.03,0.49,1.83,1.34,1.8
2015-01-20,0.03,0.53,1.82,1.29,1.79
2015-01-21,0.03,0.53,1.87,1.34,1.84
2015-01-22,0.03,0.53,1.9,1.37,1.87
2015-01-23,0.02,0.52,1.81,1.29,1.79
2015-01-26,0.03,0.54,1.83,1.29,1.8
2015-01-27,0.02,0.54,1.83,1.29,1.81
2015-01-28,0.02,0.5,1.73,1.23,1.71
2015-01-29,0.03,0.51,1.77,1.26,1.74
2015-01-30,0.02,0.47,1.68,1.21,1.66
2015-02-02,0.02,0.49,1.68,1.19,1.66
2015-02-03,0.02,0.52,1.79,1.27,1.77
2015-02-04,0.01,0.52,1.81,1.29,1.8
2015-02-05,0.02,0.52,1.83,1.31,1.81
2015-02-06,0.02,0.65,1.95,1.3,1.93
2015-02-09,0.01,0.65,1.96,1.31,1.95
2015-02-10,0.01,0.67,2.01,1.34,2.0
2015-02-11,0.01,0.67,2.0,1.33,1.99
2015-02-12,0.02,0.61,1.99,1.38,1.97
2015-02-13,0.01,0.66,2.02,1.36,2.01
2015-02-17,0.02,0.7,2.14,1.44,2.12
2015-02-18,0.02,0.62,2.07,1.45,2.05
2015-02-19,0.02,0.67,2.11,1.44,2.09
2015-02-20,0.02,0.67,2.13,1.46,2.11
2015-02-23,0.02,0.64,2.06,1.42,2.04
2015-02-24,0.02,0.6,1.99,1.39,1.97
2015-02-25,0.02,0.61,1.96,1.35,1.94
2015-02-26,0.03,0.66,2.03,1.37,2.0
2015-02-27,0.02,0.63,2.0,1.37,1.98
2015-03-02,0.02,0.66,2.08,1.42,2.06
2015-03-03,0.02,0.68,2.12,1.44,2.1
2015-03-04,0.01,0.66,2.12,1.46,2.11
2015-03-05,0.02,0.65,2.11,1.46,2.09
2015-03-06,0.01,0.73,2.24,1.51,2.23
2015-03-09,0.02,0.7,2.2,1.5,2.18
2015-03-10,0.02,0.7,2.14,1.44,2.12
2015-03-11,0.03,0.7,2.11,1.41,2.08
2015-03-12,0.03,0.67,2.1,1.43,2.07
2015-03-13,0.03,0.68,2.13,1.45,2.1
2015-03-16,0.05,0.66,2.1,1.44,2.05
2015-03-17,0.05,0.7,2.06,1.36,2.01
2015-03-18,0.03,0.57,1.93,1.36,1.9
2015-03-19,0.03,0.63,1.98,1.35,1.95
2015-03-20,0.01,0.6,1.93,1.33,1.92
2015-03-23,0.03,0.6,1.92,1.32,1.89
2015-03-24,0.02,0.58,1.88,1.3,1.86
2015-03-25,0.04,0.59,1.93,1.34,1.89
2015-03-26,0.03,0.61,2.01,1.4,1.98
2015-03-27,0.04,0.58,1.95,1.37,1.91
2015-03-30,0.04,0.58,1.96,1.38,1.92
2015-03-31,0.03,0.56,1.94,1.38,1.91
2015-04-01,0.03,0.55,1.87,1.32,1.84
2015-04-02,0.02,0.55,1.92,1.37,1.9
2015-04-03,0.02,0.49,1.85,1.36,1.83
2015-04-06,0.03,0.51,1.92,1.41,1.89
2015-04-07,0.02,0.52,1.89,1.37,1.87
2015-04-08,0.03,0.54,1.92,1.38,1.89
2015-04-09,0.03,0.56,1.97,1.41,1.94
2015-04-10,0.02,0.57,1.96,1.39,1.94
2015-04-13,0.03,0.54,1.94,1.4,1.91
2015-04-14,0.02,0.53,1.9,1.37,1.88
2015-04-15,0.02,0.51,1.91,1.4,1.89
2015-04-16,0.02,0.5,1.9,1.4,1.88
2015-04-17,0.01,0.51,1.87,1.36,1.86
2015-04-20,0.03,0.55,1.9,1.35,1.87
2015-04-21,0.03,0.55,1.92,1.37,1.89
2015-04-22,0.03,0.57,1.99,1.42,1.96
2015-04-23,0.03,0.55,1.96,1.41,1.93
2015-04-24,0.03,0.54,1.93,1.39,1.9
2015-04-27,0.02,0.54,1.94,1.4,1.92
2015-04-28,0.02,0.56,2.0,1.44,1.98
2015-04-29,0.01,0.56,2.06,1.5,2.05
2015-04-30,0.01,0.58,2.05,1.47,2.04
2015-05-01,0.01,0.6,2.12,1.52,2.11
2015-05-04,0.02,0.6,2.16,1.56,2.14
2015-05-05,0.01,0.62,2.19,1.57,2.18
2015-05-06,0.02,0.65,2.25,1.6,2.23
2015-05-07,0.01,0.63,2.18,1.55,2.17
2015-05-08,0.01,0.59,2.16,1.57,2.15
2015-05-11,0.02,0.62,2.28,1.66,2.26
2015-05-12,0.03,0.61,2.28,1.67,2.25
2015-05-13,0.02,0.59,2.27,1.68,2.25
2015-05-14,0.01,0.56,2.23,1.67,2.22
2015-05-15,0.02,0.55,2.14,1.59,2.12
2015-05-18,0.02,0.58,2.23,1.65,2.21
2015-05-19,0.02,0.63,2.27,1.64,2.25
2015-05-20,0.02,0.6,2.26,1.66,2.24
2015-05-21,0.02,0.6,2.19,1.59,2.17
2015-05-22,0.02,0.64,2.21,1.57,2.19
2015-05-26,0.02,0.64,2.14,1.5,2.12
2015-05-27,0.01,0.64,2.14,1.5,2.13
2015-05-28,0.01,0.62,2.13,1.51,2.12
2015-05-29,0.01,0.61,2.12,1.51,2.11
2015-06-01,0.02,0.64,2.19,1.55,2.17
2015-06-02,0.01,0.64,2.27,1.63,2.26
2015-06-03,0.02,0.69,2.38,1.69,2.36
2015-06-04,0.02,0.66,2.31,1.65,2.29
2015-06-05,0.03,0.73,2.41,1.68,2.38
2015-06-08,0.02,0.7,2.39,1.69,2.37
2015-06-09,0.02,0.72,2.42,1.7,2.4
2015-06-10,0.02,0.75,2.5,1.75,2.48
2015-06-11,0.01,0.73,2.39,1.66,2.38
2015-06-12,0.02,0.74,2.39,1.65,2.37
2015-06-15,0.02,0.72,2.36,1.64,2.34
2015-06-16,0.01,0.71,2.32,1.61,2.31
2015-06-17,0.01,0.67,2.32,1.65,2.31
2015-06-18,0.01,0.66,2.35,1.69,2.34
2015-06-19,0.01,0.65,2.26,1.61,2.25
2015-06-22,0.01,0.68,2.37,1.69,2.36
2015-06-23,0.01,0.7,2.42,1.72,2.41
2015-06-24,0.01,0.68,2.38,1.7,2.37
2015-06-25,0.01,0.68,2.4,1.72,2.39
2015-06-26,0.01,0.72,2.49,1.77,2.48
2015-06-29,0.02,0.64,2.33,1.69,2.31
2015-06-30,0.01,0.64,2.35,1.71,2.34
2015-07-01,0.01,0.69,2.43,1.74,2.42
2015-07-02,0.01,0.64,2.4,1.76,2.39
2015-07-06,0.02,0.6,2.3,1.7,2.28
2015-07-07,0.02,0.58,2.27,1.69,2.25
2015-07-08,0.02,0.55,2.22,1.67,2.2
2015-07-09,0.03,0.6,2.32,1.72,2.29
2015-07-10,0.01,0.65,2.42,1.77,2.41
2015-07-13,0.02,0.69,2.44,1.75,2.42
2015-07-14,0.01,0.66,2.41,1.75,2.4
2015-07-15,0.02,0.64,2.36,1.72,2.34
2015-07-16,0.02,0.67,2.36,1.69,2.34
2015-07-17,0.03,0.68,2.34,1.66,2.31
2015-07-20,0.04,0.71,2.38,1.67,2.34
2015-07-21,0.03,0.71,2.35,1.64,2.32
2015-07-22,0.04,0.75,2.33,1.58,2.29
2015-07-23,0.03,0.71,2.28,1.57,2.25
2015-07-24,0.04,0.7,2.27,1.57,2.23
2015-07-27,0.05,0.68,2.23,1.55,2.18
2015-07-28,0.05,0.69,2.26,1.57,2.21
2015-07-29,0.06,0.7,2.29,1.59,2.23
2015-07-30,0.07,0.72,2.28,1.56,2.21
2015-07-31,0.08,0.67,2.2,1.53,2.12
2015-08-03,0.08,0.68,2.16,1.48,2.08
2015-08-04,0.08,0.74,2.23,1.49,2.15
2015-08-05,0.08,0.73,2.28,1.55,2.2
2015-08-06,0.04,0.71,2.23,1.52,2.19
2015-08-07,0.06,0.73,2.18,1.45,2.12
2015-08-10,0.12,0.73,2.24,1.51,2.12
2015-08-11,0.1,0.68,2.15,1.47,2.05
2015-08-12,0.1,0.67,2.14,1.47,2.04
2015-08-13,0.1,0.72,2.19,1.47,2.09
2015-08-14,0.09,0.73,2.2,1.47,2.11
2015-08-17,0.1,0.72,2.16,1.44,2.06
2015-08-18,0.07,0.74,2.2,1.46,2.13
2015-08-19,0.05,0.67,2.12,1.45,2.07
2015-08-20,0.02,0.69,2.09,1.4,2.07
2015-08-21,0.03,0.64,2.05,1.41,2.02
2015-08-24,0.06,0.59,2.01,1.42,1.95
2015-08-25,0.07,0.67,2.12,1.45,2.05
2015-08-26,0.06,0.67,2.18,1.51,2.12
2015-08-27,0.06,0.68,2.18,1.5,2.12
2015-08-28,0.06,0.72,2.19,1.47,2.13
2015-08-31,0.08,0.74,2.21,1.47,2.13
2015-09-01,0.03,0.7,2.17,1.47,2.14
2015-09-02,0.03,0.72,2.2,1.48,2.17
2015-09-03,0.02,0.71,2.18,1.47,2.16
2015-09-04,0.02,0.71,2.13,1.42,2.11
2015-09-08,0.06,0.74,2.2,1.46,2.14
2015-09-09,0.03,0.75,2.21,1.46,2.18
2015-09-10,0.02,0.75,2.23,1.48,2.21
2015-09-11,0.04,0.71,2.2,1.49,2.16
2015-09-14,0.07,0.73,2.18,1.45,2.11
2015-09-15,0.07,0.82,2.28,1.46,2.21
2015-09-16,0.06,0.82,2.3,1.48,2.24
2015-09-17,0.01,0.7,2.21,1.51,2.2
2015-09-18,0.0,0.69,2.13,1.44,2.13
2015-09-21,0.01,0.72,2.2,1.48,2.19
2015-09-22,0.0,0.69,2.14,1.45,2.14
2015-09-23,0.01,0.7,2.16,1.46,2.15
2015-09-24,0.01,0.67,2.13,1.46,2.12
2015-09-25,0.0,0.7,2.17,1.47,2.17
2015-09-28,0.01,0.67,2.1,1.43,2.09
2015-09-29,0.01,0.64,2.05,1.41,2.04
2015-09-30,0.0,0.64,2.06,1.42,2.06
2015-10-01,0.0,0.64,2.05,1.41,2.05
2015-10-02,0.0,0.58,1.99,1.41,1.99
2015-10-05,0.01,0.61,2.07,1.46,2.06
2015-10-06,0.0,0.61,2.05,1.44,2.05
2015-10-07,0.0,0.65,2.08,1.43,2.08
2015-10-08,0.0,0.65,2.12,1.47,2.12
2015-10-09,0.01,0.65,2.12,1.47,2.11
2015-10-13,0.01,0.64,2.06,1.42,2.05
2015-10-14,0.0,0.57,1.99,1.42,1.99
2015-10-15,0.01,0.61,2.04,1.43,2.03
2015-10-16,0.01,0.61,2.04,1.43,2.03
2015-10-19,0.02,0.61,2.04,1.43,2.02
2015-10-20,0.02,0.66,2.08,1.42,2.06
2015-10-21,0.01,0.64,2.04,1.4,2.03
2015-10-22,0.0,0.61,2.04,1.43,2.04
2015-10-23,0.01,0.66,2.09,1.43,2.08
2015-10-26,0.02,0.66,2.07,1.41,2.05
2015-10-27,0.03,0.65,2.05,1.4,2.02
2015-10-28,0.04,0.73,2.1,1.37,2.06
2015-10-29,0.07,0.75,2.19,1.44,2.12
2015-10-30,0.08,0.75,2.16,1.41,2.08
2015-11-02,0.08,0.77,2.2,1.43,2.12
2015-11-03,0.06,0.8,2.23,1.43,2.17
2015-11-04,0.05,0.84,2.25,1.41,2.2
2015-11-05,0.05,0.85,2.26,1.41,2.21
2015-11-06,0.08,0.9,2.34,1.44,2.26
2015-11-09,0.14,0.89,2.36,1.47,2.22
2015-11-10,0.13,0.87,2.32,1.45,2.19
2015-11-12,0.14,0.89,2.32,1.43,2.18
2015-11-13,0.14,0.86,2.28,1.42,2.14
2015-11-16,0.15,0.88,2.27,1.39,2.12
2015-11-17,0.14,0.86,2.25,1.39,2.11
2015-11-18,0.12,0.9,2.27,1.37,2.15
2015-11-19,0.11,0.91,2.24,1.33,2.13
2015-11-20,0.12,0.93,2.26,1.33,2.14
2015-11-23,0.14,0.94,2.25,1.31,2.11
2015-11-24,0.16,0.93,2.24,1.31,2.08
2015-11-25,0.19,0.93,2.23,1.3,2.04
2015-11-27,0.18,0.92,2.22,1.3,2.04
2015-11-30,0.22,0.94,2.21,1.27,1.99
2015-12-01,0.21,0.91,2.15,1.24,1.94
2015-12-02,0.21,0.94,2.18,1.24,1.97
2015-12-03,0.21,0.96,2.33,1.37,2.12
2015-12-04,0.23,0.96,2.28,1.32,2.05
2015-12-07,0.29,0.94,2.23,1.29,1.94
2015-12-08,0.27,0.94,2.24,1.3,1.97
2015-12-09,0.26,0.93,2.22,1.29,1.96
2015-12-10,0.24,0.95,2.24,1.29,2.0
2015-12-11,0.23,0.88,2.13,1.25,1.9
2015-12-14,0.26,0.97,2.23,1.26,1.97
2015-12-15,0.25,0.98,2.28,1.3,2.03
2015-12-16,0.27,1.02,2.3,1.28,2.03
2015-12-17,0.23,1.0,2.24,1.24,2.01
2015-12-18,0.19,0.97,2.19,1.22,2.0
2015-12-21,0.24,0.96,2.2,1.24,1.96
2015-12-22,0.21,0.99,2.24,1.25,2.03
2015-12-23,0.2,1.01,2.27,1.26,2.07
2015-12-24,0.2,1.03,2.25,1.22,2.05
2015-12-28,0.23,1.05,2.24,1.19,2.01
2015-12-29,0.23,1.09,2.32,1.23,2.09
2015-12-30,0.21,1.08,2.31,1.23,2.1
2015-12-31,0.16,1.06,2.27,1.21,2.11
2016-01-04,0.22,1.02,2.24,1.22,2.02
2016-01-05,0.2,1.04,2.25,1.21,2.05
2016-01-06,0.21,0.99,2.18,1.19,1.97
2016-01-07,0.2,0.96,2.16,1.2,1.96
2016-01-08,0.2,0.94,2.13,1.19,1.93
2016-01-11,0.21,0.94,2.17,1.23,1.96
2016-01-12,0.21,0.93,2.12,1.19,1.91
2016-01-13,0.22,0.91,2.08,1.17,1.86
2016-01-14,0.25,0.9,2.1,1.2,1.85
2016-01-15,0.24,0.85,2.03,1.18,1.79
2016-01-19,0.26,0.88,2.06,1.18,1.8
2016-01-20,0.26,0.85,2.01,1.16,1.75
2016-01-21,0.28,0.84,2.02,1.18,1.74
2016-01-22,0.31,0.88,2.07,1.19,1.76
2016-01-25,0.31,0.88,2.03,1.15,1.72
2016-01-26,0.31,0.85,2.01,1.16,1.7
2016-01-27,0.32,0.84,2.02,1.18,1.7
2016-01-28,0.35,0.83,2.0,1.17,1.65
2016-01-29,0.33,0.76,1.94,1.18,1.61
2016-02-01,0.35,0.81,1.97,1.16,1.62
2016-02-02,0.34,0.75,1.87,1.12,1.53
2016-02-03,0.33,0.72,1.88,1.16,1.55
2016-02-04,0.29,0.7,1.87,1.17,1.58
2016-02-05,0.3,0.74,1.86,1.12,1.56
2016-02-08,0.32,0.66,1.75,1.09,1.43
2016-02-09,0.3,0.69,1.74,1.05,1.44
2016-02-10,0.31,0.71,1.71,1.0,1.4
2016-02-11,0.28,0.64,1.63,0.99,1.35
2016-02-12,0.3,0.71,1.74,1.03,1.44
2016-02-16,0.3,0.74,1.78,1.04,1.48
2016-02-17,0.3,0.74,1.81,1.07,1.51
2016-02-18,0.3,0.71,1.75,1.04,1.45
2016-02-19,0.31,0.76,1.76,1.0,1.45
2016-02-22,0.33,0.78,1.77,0.99,1.44
2016-02-23,0.32,0.76,1.74,0.98,1.42
2016-02-24,0.33,0.75,1.75,1.0,1.42
2016-02-25,0.32,0.72,1.71,0.99,1.39
2016-02-26,0.33,0.8,1.76,0.96,1.43
2016-02-29,0.33,0.78,1.74,0.96,1.41
2016-03-01,0.33,0.85,1.83,0.98,1.5
2016-03-02,0.36,0.85,1.84,0.99,1.48
2016-03-03,0.28,0.85,1.83,0.98,1.55
2016-03-04,0.29,0.88,1.88,1.0,1.59
2016-03-07,0.32,0.91,1.91,1.0,1.59
2016-03-08,0.29,0.88,1.83,0.95,1.54
2016-03-09,0.3,0.9,1.9,1.0,1.6
2016-03-10,0.32,0.93,1.93,1.0,1.61
2016-03-11,0.33,0.97,1.98,1.01,1.65
2016-03-14,0.34,0.97,1.97,1.0,1.63
2016-03-15,0.34,0.98,1.97,0.99,1.63
2016-03-16,0.31,0.87,1.94,1.07,1.63
2016-03-17,0.29,0.87,1.91,1.04,1.62
2016-03-18,0.3,0.84,1.88,1.04,1.58
2016-03-21,0.31,0.87,1.92,1.05,1.61
2016-03-22,0.3,0.91,1.94,1.03,1.64
2016-03-23,0.3,0.87,1.88,1.01,1.58
2016-03-24,0.3,0.89,1.91,1.02,1.61
2016-03-28,0.29,0.89,1.89,1.0,1.6
2016-03-29,0.23,0.78,1.81,1.03,1.58
2016-03-30,0.2,0.76,1.83,1.07,1.63
2016-03-31,0.21,0.73,1.78,1.05,1.57
2016-04-01,0.23,0.76,1.79,1.03,1.56
2016-04-04,0.23,0.75,1.78,1.03,1.55
2016-04-05,0.23,0.72,1.73,1.01,1.5
2016-04-06,0.23,0.73,1.76,1.03,1.53
2016-04-07,0.23,0.7,1.7,1.0,1.47
2016-04-08,0.23,0.7,1.72,1.02,1.49
2016-04-11,0.23,0.7,1.73,1.03,1.5
2016-04-12,0.22,0.74,1.79,1.05,1.57
2016-04-13,0.23,0.75,1.77,1.02,1.54
2016-04-14,0.22,0.77,1.8,1.03,1.58
2016-04-15,0.22,0.74,1.76,1.02,1.54
2016-04-18,0.22,0.75,1.78,1.03,1.56
2016-04-19,0.21,0.77,1.79,1.02,1.58
2016-04-20,0.23,0.8,1.85,1.05,1.62
2016-04-21,0.23,0.82,1.88,1.06,1.65
2016-04-22,0.23,0.84,1.89,1.05,1.66
2016-04-25,0.25,0.85,1.91,1.06,1.66
2016-04-26,0.24,0.86,1.94,1.08,1.7
2016-04-27,0.24,0.83,1.87,1.04,1.63
2016-04-28,0.22,0.78,1.84,1.06,1.62
2016-04-29,0.22,0.77,1.83,1.06,1.61
2016-05-02,0.22,0.8,1.88,1.08,1.66
2016-05-03,0.21,0.75,1.81,1.06,1.6
2016-05-04,0.19,0.75,1.79,1.04,1.6
2016-05-05,0.2,0.72,1.76,1.04,1.56
2016-05-06,0.19,0.74,1.79,1.05,1.6
2016-05-09,0.24,0.72,1.77,1.05,1.53
2016-05-10,0.24,0.72,1.77,1.05,1.53
2016-05-11,0.26,0.74,1.73,0.99,1.47
2016-05-12,0.27,0.76,1.75,0.99,1.48
2016-05-13,0.29,0.76,1.71,0.95,1.42
2016-05-16,0.28,0.79,1.75,0.96,1.47
2016-05-17,0.28,0.82,1.76,0.94,1.48
2016-05-18,0.3,0.9,1.87,0.97,1.57
2016-05-19,0.31,0.89,1.85,0.96,1.54
2016-05-20,0.33,0.89,1.85,0.96,1.52
2016-05-23,0.35,0.91,1.84,0.93,1.49
2016-05-24,0.35,0.92,1.86,0.94,1.51
2016-05-25,0.33,0.92,1.87,0.95,1.54
2016-05-26,0.31,0.87,1.83,0.96,1.52
2016-05-27,0.32,0.9,1.85,0.95,1.53
2016-05-31,0.34,0.87,1.84,0.97,1.5
2016-06-01,0.3,0.91,1.85,0.94,1.55
2016-06-02,0.29,0.89,1.81,0.92,1.52
2016-06-03,0.3,0.78,1.71,0.93,1.41
2016-06-06,0.28,0.8,1.73,0.93,1.45
2016-06-07,0.28,0.78,1.72,0.94,1.44
2016-06-08,0.24,0.78,1.71,0.93,1.47
2016-06-09,0.26,0.77,1.68,0.91,1.42
2016-06-10,0.26,0.73,1.64,0.91,1.38
2016-06-13,0.27,0.73,1.62,0.89,1.35
2016-06-14,0.27,0.74,1.62,0.88,1.35
2016-06-15,0.26,0.69,1.6,0.91,1.34
2016-06-16,0.27,0.7,1.57,0.87,1.3
2016-06-17,0.27,0.7,1.62,0.92,1.35
2016-06-20,0.28,0.74,1.67,0.93,1.39
2016-06-21,0.27,0.76,1.71,0.95,1.44
2016-06-22,0.27,0.75,1.69,0.94,1.42
2016-06-23,0.31,0.78,1.74,0.96,1.43
2016-06-24,0.27,0.64,1.57,0.93,1.3
2016-06-27,0.27,0.61,1.46,0.85,1.19
2016-06-28,0.26,0.61,1.46,0.85,1.2
2016-06-29,0.26,0.62,1.5,0.88,1.24
2016-06-30,0.26,0.58,1.49,0.91,1.23
2016-07-01,0.28,0.59,1.46,0.87,1.18
2016-07-05,0.28,0.56,1.37,0.81,1.09
2016-07-06,0.27,0.58,1.38,0.8,1.11
2016-07-07,0.29,0.58,1.4,0.82,1.11
2016-07-08,0.28,0.61,1.37,0.76,1.09
2016-07-11,0.31,0.66,1.43,0.77,1.12
2016-07-12,0.29,0.69,1.53,0.84,1.24
2016-07-13,0.31,0.68,1.48,0.8,1.17
2016-07-14,0.32,0.68,1.53,0.85,1.21
2016-07-15,0.32,0.71,1.6,0.89,1.28
2016-07-18,0.32,0.68,1.59,0.91,1.27
2016-07-19,0.31,0.7,1.56,0.86,1.25
2016-07-20,0.32,0.73,1.59,0.86,1.27
2016-07-21,0.32,0.7,1.57,0.87,1.25
2016-07-22,0.33,0.71,1.57,0.86,1.24
2016-07-25,0.32,0.72,1.58,0.86,1.26
2016-07-26,0.31,0.75,1.57,0.82,1.26
2016-07-27,0.31,0.73,1.52,0.79,1.21
2016-07-28,0.25,0.72,1.52,0.8,1.27
2016-07-29,0.28,0.67,1.46,0.79,1.18
2016-08-01,0.29,0.67,1.51,0.84,1.22
2016-08-02,0.29,0.67,1.55,0.88,1.26
2016-08-03,0.28,0.67,1.55,0.88,1.27
2016-08-04,0.26,0.64,1.51,0.87,1.25
2016-08-05,0.28,0.72,1.59,0.87,1.31
2016-08-08,0.31,0.74,1.59,0.85,1.28
2016-08-09,0.29,0.71,1.55,0.84,1.26
2016-08-10,0.28,0.69,1.5,0.81,1.22
2016-08-11,0.28,0.76,1.57,0.81,1.29
2016-08-12,0.29,0.71,1.51,0.8,1.22
2016-08-15,0.31,0.72,1.55,0.83,1.24
2016-08-16,0.27,0.76,1.57,0.81,1.3
2016-08-17,0.3,0.74,1.56,0.82,1.26
2016-08-18,0.3,0.71,1.53,0.82,1.23
2016-08-19,0.3,0.76,1.58,0.82,1.28
2016-08-22,0.29,0.76,1.55,0.79,1.26
2016-08-23,0.3,0.74,1.55,0.81,1.25
2016-08-24,0.31,0.76,1.56,0.8,1.25
2016-08-25,0.33,0.78,1.58,0.8,1.25
2016-08-26,0.34,0.84,1.62,0.78,1.28
2016-08-29,0.33,0.81,1.57,0.76,1.24
2016-08-30,0.33,0.8,1.57,0.77,1.24
2016-08-31,0.33,0.8,1.58,0.78,1.25
2016-09-01,0.33,0.78,1.57,0.79,1.24
2016-09-02,0.33,0.8,1.6,0.8,1.27
2016-09-06,0.32,0.74,1.55,0.81,1.23
2016-09-07,0.34,0.74,1.54,0.8,1.2
2016-09-08,0.35,0.78,1.61,0.83,1.26
2016-09-09,0.35,0.79,1.67,0.88,1.32
2016-09-12,0.37,0.79,1.68,0.89,1.31
2016-09-13,0.36,0.8,1.73,0.93,1.37
2016-09-14,0.33,0.77,1.7,0.93,1.37
2016-09-15,0.29,0.74,1.71,0.97,1.42
2016-09-16,0.3,0.77,1.7,0.93,1.4
2016-09-19,0.3,0.79,1.7,0.91,1.4
2016-09-20,0.3,0.79,1.69,0.9,1.39
2016-09-21,0.22,0.79,1.66,0.87,1.44
2016-09-22,0.18,0.79,1.63,0.84,1.45
2016-09-23,0.18,0.77,1.62,0.85,1.44
2016-09-26,0.25,0.76,1.59,0.83,1.34
2016-09-27,0.26,0.75,1.56,0.81,1.3
2016-09-28,0.27,0.75,1.57,0.82,1.3
2016-09-29,0.26,0.73,1.56,0.83,1.3
2016-09-30,0.29,0.77,1.6,0.83,1.31
2016-10-03,0.32,0.8,1.63,0.83,1.31
2016-10-04,0.33,0.82,1.69,0.87,1.36
2016-10-05,0.32,0.85,1.72,0.87,1.4
2016-10-06,0.33,0.86,1.75,0.89,1.42
2016-10-07,0.33,0.83,1.73,0.9,1.4
2016-10-11,0.35,0.87,1.77,0.9,1.42
2016-10-12,0.37,0.87,1.79,0.92,1.42
2016-10-13,0.3,0.85,1.75,0.9,1.45
2016-10-14,0.32,0.84,1.8,0.96,1.48
2016-10-17,0.34,0.81,1.77,0.96,1.43
2016-10-18,0.34,0.82,1.75,0.93,1.41
2016-10-19,0.35,0.81,1.76,0.95,1.41
2016-10-20,0.35,0.84,1.76,0.92,1.41
2016-10-21,0.34,0.84,1.74,0.9,1.4
2016-10-24,0.33,0.84,1.77,0.93,1.44
2016-10-25,0.34,0.86,1.77,0.91,1.43
2016-10-26,0.33,0.86,1.79,0.93,1.46
2016-10-27,0.3,0.87,1.85,0.98,1.55
2016-10-28,0.3,0.86,1.86,1.0,1.56
2016-10-31,0.34,0.86,1.84,0.98,1.5
2016-11-01,0.35,0.83,1.83,1.0,1.48
2016-11-02,0.37,0.81,1.81,1.0,1.44
2016-11-03,0.38,0.81,1.82,1.01,1.44
2016-11-04,0.38,0.8,1.79,0.99,1.41
2016-11-07,0.41,0.82,1.83,1.01,1.42
2016-11-08,0.43,0.87,1.88,1.01,1.45
2016-11-09,0.45,0.9,2.07,1.17,1.62
2016-11-10,0.48,0.92,2.15,1.23,1.67
2016-11-14,0.55,1.0,2.23,1.23,1.68
2016-11-15,0.51,1.02,2.23,1.21,1.72
2016-11-16,0.47,1.0,2.22,1.22,1.75
2016-11-17,0.44,1.04,2.29,1.25,1.85
2016-11-18,0.44,1.07,2.34,1.27,1.9
2016-11-21,0.46,1.08,2.33,1.25,1.87
2016-11-22,0.49,1.07,2.31,1.24,1.82
2016-11-23,0.51,1.12,2.36,1.24,1.85
2016-11-25,0.49,1.12,2.36,1.24,1.87
2016-11-28,0.48,1.11,2.32,1.21,1.84
2016-11-29,0.48,1.09,2.3,1.21,1.82
2016-11-30,0.48,1.11,2.37,1.26,1.89
2016-12-01,0.48,1.14,2.45,1.31,1.97
2016-12-02,0.49,1.11,2.4,1.29,1.91
2016-12-05,0.49,1.13,2.39,1.26,1.9
2016-12-06,0.49,1.12,2.39,1.27,1.9
2016-12-07,0.52,1.1,2.34,1.24,1.82
2016-12-08,0.51,1.12,2.4,1.28,1.89
2016-12-09,0.54,1.15,2.47,1.32,1.93
2016-12-12,0.51,1.15,2.49,1.34,1.98
2016-12-13,0.54,1.17,2.48,1.31,1.94
2016-12-14,0.55,1.27,2.54,1.27,1.99
2016-12-15,0.51,1.29,2.6,1.31,2.09
2016-12-16,0.51,1.28,2.6,1.32,2.09
2016-12-19,0.52,1.24,2.54,1.3,2.02
2016-12-20,0.52,1.25,2.57,1.32,2.05
2016-12-21,0.52,1.21,2.55,1.34,2.03
2016-12-22,0.51,1.22,2.55,1.33,2.04
2016-12-23,0.52,1.22,2.55,1.33,2.03
2016-12-27,0.51,1.28,2.57,1.29,2.06
2016-12-28,0.53,1.26,2.51,1.25,1.98
2016-12-29,0.47,1.22,2.49,1.27,2.02
2016-12-30,0.51,1.2,2.45,1.25,1.94
2017-01-03,0.53,1.22,2.45,1.23,1.92
2017-01-04,0.53,1.24,2.46,1.22,1.93
2017-01-05,0.52,1.17,2.37,1.2,1.85
2017-01-06,0.53,1.22,2.42,1.2,1.89
2017-01-09,0.5,1.21,2.38,1.17,1.88
2017-01-10,0.52,1.19,2.38,1.19,1.86
2017-01-11,0.52,1.2,2.38,1.18,1.86
2017-01-12,0.52,1.18,2.36,1.18,1.84
2017-01-13,0.53,1.21,2.4,1.19,1.87
2017-01-17,0.55,1.17,2.33,1.16,1.78
2017-01-18,0.53,1.23,2.42,1.19,1.89
2017-01-19,0.52,1.25,2.47,1.22,1.95
2017-01-20,0.5,1.2,2.48,1.28,1.98
2017-01-23,0.51,1.16,2.41,1.25,1.9
2017-01-24,0.51,1.21,2.47,1.26,1.96
2017-01-25,0.5,1.23,2.53,1.3,2.03
2017-01-26,0.51,1.21,2.51,1.3,2.0
2017-01-27,0.52,1.22,2.49,1.27,1.97
2017-01-30,0.51,1.22,2.49,1.27,1.98
2017-01-31,0.52,1.19,2.45,1.26,1.93
2017-02-01,0.51,1.22,2.48,1.26,1.97
2017-02-02,0.52,1.21,2.48,1.27,1.96
2017-02-03,0.51,1.21,2.49,1.28,1.98
2017-02-06,0.53,1.16,2.42,1.26,1.89
2017-02-07,0.53,1.16,2.4,1.24,1.87
2017-02-08,0.54,1.15,2.34,1.19,1.8
2017-02-09,0.54,1.2,2.4,1.2,1.86
2017-02-10,0.55,1.2,2.41,1.21,1.86
2017-02-13,0.52,1.2,2.43,1.23,1.91
2017-02-14,0.54,1.25,2.47,1.22,1.93
2017-02-15,0.54,1.27,2.51,1.24,1.97
2017-02-16,0.53,1.22,2.45,1.23,1.92
2017-02-17,0.53,1.21,2.42,1.21,1.89
2017-02-21,0.53,1.22,2.43,1.21,1.9
2017-02-22,0.52,1.22,2.42,1.2,1.9
2017-02-23,0.51,1.18,2.38,1.2,1.87
2017-02-24,0.52,1.12,2.31,1.19,1.79
2017-02-27,0.5,1.2,2.36,1.16,1.86
2017-02-28,0.53,1.22,2.36,1.14,1.83
2017-03-01,0.63,1.29,2.46,1.17,1.83
2017-03-02,0.67,1.32,2.49,1.17,1.82
2017-03-03,0.71,1.32,2.49,1.17,1.78
2017-03-06,0.74,1.31,2.49,1.18,1.75
2017-03-07,0.76,1.32,2.52,1.2,1.76
2017-03-08,0.73,1.36,2.57,1.21,1.84
2017-03-09,0.73,1.37,2.6,1.23,1.87
2017-03-10,0.75,1.36,2.58,1.22,1.83
2017-03-13,0.79,1.4,2.62,1.22,1.83
2017-03-14,0.78,1.4,2.6,1.2,1.82
2017-03-15,0.73,1.33,2.51,1.18,1.78
2017-03-16,0.73,1.35,2.53,1.18,1.8
2017-03-17,0.73,1.33,2.5,1.17,1.77
2017-03-20,0.76,1.3,2.47,1.17,1.71
2017-03-21,0.77,1.27,2.43,1.16,1.66
2017-03-22,0.77,1.27,2.4,1.13,1.63
2017-03-23,0.76,1.26,2.41,1.15,1.65
2017-03-24,0.78,1.26,2.4,1.14,1.62
2017-03-27,0.78,1.27,2.38,1.11,1.6
2017-03-28,0.78,1.3,2.42,1.12,1.64
2017-03-29,0.78,1.26,2.39,1.13,1.61
2017-03-30,0.78,1.28,2.42,1.14,1.64
2017-03-31,0.76,1.27,2.4,1.13,1.64
2017-04-03,0.79,1.24,2.35,1.11,1.56
2017-04-04,0.79,1.25,2.36,1.11,1.57
2017-04-05,0.8,1.24,2.34,1.1,1.54
2017-04-06,0.79,1.24,2.34,1.1,1.55
2017-04-07,0.82,1.29,2.38,1.09,1.56
2017-04-10,0.82,1.29,2.37,1.08,1.55
2017-04-11,0.82,1.24,2.32,1.08,1.5
2017-04-12,0.81,1.24,2.28,1.04,1.47
2017-04-13,0.81,1.21,2.24,1.03,1.43
2017-04-17,0.83,1.21,2.26,1.05,1.43
2017-04-18,0.82,1.18,2.18,1.0,1.36
2017-04-19,0.81,1.19,2.21,1.02,1.4
2017-04-20,0.79,1.21,2.24,1.03,1.45
2017-04-21,0.79,1.2,2.24,1.04,1.45
2017-04-24,0.81,1.25,2.28,1.03,1.47
2017-04-25,0.82,1.29,2.35,1.06,1.53
2017-04-26,0.83,1.28,2.32,1.04,1.49
2017-04-27,0.81,1.25,2.3,1.05,1.49
2017-04-28,0.8,1.28,2.29,1.01,1.49
2017-05-01,0.83,1.28,2.33,1.05,1.5
2017-05-02,0.82,1.27,2.29,1.02,1.47
2017-05-03,0.85,1.3,2.33,1.03,1.48
2017-05-04,0.86,1.32,2.36,1.04,1.5
2017-05-05,0.9,1.32,2.36,1.04,1.46
2017-05-08,0.91,1.33,2.39,1.06,1.48
2017-05-09,0.91,1.37,2.42,1.05,1.51
2017-05-10,0.9,1.35,2.41,1.06,1.51
2017-05-11,0.89,1.35,2.39,1.04,1.5
2017-05-12,0.88,1.29,2.33,1.04,1.45
2017-05-15,0.9,1.31,2.34,1.03,1.44
2017-05-16,0.9,1.29,2.33,1.04,1.43
2017-05-17,0.9,1.26,2.22,0.96,1.32
2017-05-18,0.93,1.27,2.23,0.96,1.3
2017-05-19,0.92,1.28,2.23,0.95,1.31
2017-05-22,0.93,1.29,2.25,0.96,1.32
2017-05-23,0.92,1.31,2.29,0.98,1.37
2017-05-24,0.93,1.29,2.26,0.97,1.33
2017-05-25,0.94,1.3,2.25,0.95,1.31
2017-05-26,0.94,1.3,2.25,0.95,1.31
2017-05-30,0.93,1.28,2.21,0.93,1.28
2017-05-31,0.98,1.28,2.21,0.93,1.23
2017-06-01,0.98,1.28,2.21,0.93,1.23
2017-06-02,0.98,1.28,2.15,0.87,1.17
2017-06-05,0.96,1.32,2.18,0.86,1.22
2017-06-06,0.97,1.3,2.14,0.84,1.17
2017-06-07,1.0,1.32,2.18,0.86,1.18
2017-06-08,1.01,1.33,2.19,0.86,1.18
2017-06-09,1.01,1.35,2.21,0.86,1.2
2017-06-12,0.98,1.35,2.21,0.86,1.23
2017-06-13,1.0,1.38,2.21,0.83,1.21
2017-06-14,1.01,1.35,2.15,0.8,1.14
2017-06-15,1.02,1.35,2.16,0.81,1.14
2017-06-16,1.03,1.32,2.16,0.84,1.13
2017-06-19,1.02,1.36,2.19,0.83,1.17
2017-06-20,1.01,1.36,2.16,0.8,1.15
2017-06-21,0.99,1.36,2.16,0.8,1.17
2017-06-22,0.96,1.34,2.15,0.81,1.19
2017-06-23,0.97,1.34,2.15,0.81,1.18
2017-06-26,0.99,1.36,2.14,0.78,1.15
2017-06-27,1.0,1.38,2.21,0.83,1.21
2017-06-28,1.02,1.34,2.22,0.88,1.2
2017-06-29,1.04,1.38,2.27,0.89,1.23
2017-06-30,1.03,1.38,2.31,0.93,1.28
2017-07-03,1.06,1.41,2.35,0.94,1.29
2017-07-05,1.05,1.41,2.33,0.92,1.28
2017-07-06,1.04,1.4,2.37,0.97,1.33
2017-07-07,1.05,1.4,2.39,0.99,1.34
2017-07-10,1.04,1.4,2.38,0.98,1.34
2017-07-11,1.05,1.37,2.37,1.0,1.32
2017-07-12,1.05,1.35,2.33,0.98,1.28
2017-07-13,1.05,1.37,2.35,0.98,1.3
2017-07-14,1.04,1.35,2.33,0.98,1.29
2017-07-17,1.07,1.36,2.31,0.95,1.24
2017-07-18,1.07,1.36,2.27,0.91,1.2
2017-07-19,1.11,1.37,2.27,0.9,1.16
2017-07-20,1.15,1.37,2.27,0.9,1.12
2017-07-21,1.16,1.36,2.24,0.88,1.08
2017-07-24,1.17,1.37,2.26,0.89,1.09
2017-07-25,1.18,1.4,2.33,0.93,1.15
2017-07-26,1.13,1.36,2.29,0.93,1.16
2017-07-27,1.11,1.36,2.32,0.96,1.21
2017-07-28,1.08,1.34,2.3,0.96,1.22
2017-07-31,1.07,1.34,2.3,0.96,1.23
2017-08-01,1.08,1.34,2.26,0.92,1.18
2017-08-02,1.08,1.36,2.27,0.91,1.19
2017-08-03,1.08,1.34,2.24,0.9,1.16
2017-08-04,1.08,1.36,2.27,0.91,1.19
2017-08-07,1.02,1.36,2.26,0.9,1.24
2017-08-08,1.06,1.36,2.29,0.93,1.23
2017-08-09,1.06,1.33,2.24,0.91,1.18
2017-08-10,1.05,1.33,2.2,0.87,1.15
2017-08-11,1.03,1.3,2.19,0.89,1.16
2017-08-14,1.02,1.33,2.22,0.89,1.2
2017-08-15,1.04,1.35,2.27,0.92,1.23
2017-08-16,1.02,1.33,2.23,0.9,1.21
2017-08-17,1.0,1.32,2.19,0.87,1.19
2017-08-18,1.02,1.33,2.19,0.86,1.17
2017-08-21,1.0,1.32,2.18,0.86,1.18
2017-08-22,1.0,1.33,2.22,0.89,1.22
2017-08-23,1.0,1.32,2.17,0.85,1.17
2017-08-24,1.02,1.33,2.19,0.86,1.17
2017-08-25,1.03,1.35,2.17,0.82,1.14
2017-08-28,0.98,1.33,2.16,0.83,1.18
2017-08-29,1.03,1.33,2.13,0.8,1.1
2017-08-30,1.03,1.33,2.15,0.82,1.12
2017-08-31,1.01,1.33,2.12,0.79,1.11
2017-09-01,1.02,1.35,2.16,0.81,1.14
2017-09-05,1.03,1.3,2.07,0.77,1.04
2017-09-06,1.07,1.3,2.1,0.8,1.03
2017-09-07,1.05,1.27,2.05,0.78,1.0
2017-09-08,1.04,1.27,2.06,0.79,1.02
2017-09-11,1.05,1.32,2.14,0.82,1.09
2017-09-12,1.03,1.33,2.17,0.84,1.14
2017-09-13,1.04,1.35,2.2,0.85,1.16
2017-09-14,1.05,1.37,2.2,0.83,1.15
2017-09-15,1.05,1.39,2.2,0.81,1.15
2017-09-18,1.05,1.4,2.23,0.83,1.18
2017-09-19,1.04,1.4,2.24,0.84,1.2
2017-09-20,1.04,1.45,2.28,0.83,1.24
2017-09-21,1.04,1.45,2.27,0.82,1.23
2017-09-22,1.03,1.46,2.26,0.8,1.23
2017-09-25,1.05,1.44,2.22,0.78,1.17
2017-09-26,1.06,1.45,2.24,0.79,1.18
2017-09-27,1.07,1.47,2.31,0.84,1.24
2017-09-28,1.06,1.45,2.31,0.86,1.25
2017-09-29,1.06,1.47,2.33,0.86,1.27
2017-10-02,1.01,1.49,2.34,0.85,1.33
2017-10-03,1.07,1.47,2.33,0.86,1.26
2017-10-04,1.08,1.47,2.33,0.86,1.25
2017-10-05,1.07,1.49,2.35,0.86,1.28
2017-10-06,1.07,1.54,2.37,0.83,1.3
2017-10-10,1.08,1.51,2.35,0.84,1.27
2017-10-11,1.1,1.51,2.35,0.84,1.25
2017-10-12,1.09,1.51,2.33,0.82,1.24
2017-10-13,1.09,1.51,2.28,0.77,1.19
2017-10-16,1.1,1.54,2.3,0.76,1.2
2017-10-17,1.09,1.54,2.3,0.76,1.21
2017-10-18,1.09,1.59,2.34,0.75,1.25
2017-10-19,1.1,1.58,2.33,0.75,1.23
2017-10-20,1.11,1.6,2.39,0.79,1.28
2017-10-23,1.09,1.58,2.38,0.8,1.29
2017-10-24,1.12,1.6,2.42,0.82,1.3
2017-10-25,1.12,1.61,2.44,0.83,1.32
2017-10-26,1.11,1.63,2.46,0.83,1.35
2017-10-27,1.1,1.59,2.42,0.83,1.32
2017-10-30,1.12,1.58,2.37,0.79,1.25
2017-10-31,1.15,1.6,2.38,0.78,1.23
2017-11-01,1.18,1.61,2.37,0.76,1.19
2017-11-02,1.17,1.61,2.35,0.74,1.18
2017-11-03,1.18,1.63,2.34,0.71,1.16
2017-11-06,1.19,1.61,2.32,0.71,1.13
2017-11-07,1.22,1.63,2.32,0.69,1.1
2017-11-08,1.23,1.65,2.32,0.67,1.09
2017-11-09,1.24,1.63,2.33,0.7,1.09
2017-11-10,1.23,1.67,2.4,0.73,1.17
2017-11-13,1.24,1.7,2.4,0.7,1.16
2017-11-14,1.26,1.68,2.38,0.7,1.12
2017-11-15,1.25,1.68,2.33,0.65,1.08
2017-11-16,1.27,1.72,2.37,0.65,1.1
2017-11-17,1.29,1.73,2.35,0.62,1.06
2017-11-20,1.3,1.77,2.37,0.6,1.07
2017-11-21,1.3,1.77,2.36,0.59,1.06
2017-11-22,1.29,1.74,2.32,0.58,1.03
2017-11-24,1.29,1.75,2.34,0.59,1.05
2017-11-27,1.27,1.74,2.32,0.58,1.05
2017-11-28,1.3,1.75,2.34,0.59,1.04
2017-11-29,1.29,1.78,2.37,0.59,1.08
2017-11-30,1.27,1.78,2.42,0.64,1.15
2017-12-01,1.27,1.78,2.37,0.59,1.1
2017-12-04,1.29,1.8,2.37,0.57,1.08
2017-12-05,1.3,1.83,2.36,0.53,1.06
2017-12-06,1.3,1.78,2.33,0.55,1.03
2017-12-07,1.29,1.8,2.37,0.57,1.08
2017-12-08,1.28,1.8,2.38,0.58,1.1
2017-12-11,1.33,1.82,2.39,0.57,1.06
2017-12-12,1.34,1.83,2.4,0.57,1.06
2017-12-13,1.3,1.79,2.36,0.57,1.06
2017-12-14,1.32,1.82,2.35,0.53,1.03
2017-12-15,1.31,1.84,2.35,0.51,1.04
2017-12-18,1.38,1.84,2.39,0.55,1.01
2017-12-19,1.37,1.87,2.46,0.59,1.09
2017-12-20,1.38,1.87,2.49,0.62,1.11
2017-12-21,1.35,1.89,2.48,0.59,1.13
2017-12-22,1.33,1.91,2.48,0.57,1.15
2017-12-26,1.47,1.92,2.47,0.55,1.0
2017-12-27,1.44,1.89,2.42,0.53,0.98
2017-12-28,1.39,1.91,2.43,0.52,1.04
2017-12-29,1.39,1.89,2.4,0.51,1.01
2018-01-02,1.44,1.92,2.46,0.54,1.02
2018-01-03,1.41,1.94,2.44,0.5,1.03
2018-01-04,1.41,1.96,2.46,0.5,1.05
2018-01-05,1.39,1.96,2.47,0.51,1.08
2018-01-08,1.45,1.96,2.49,0.53,1.04
2018-01-09,1.44,1.98,2.55,0.57,1.11
2018-01-10,1.42,1.98,2.55,0.57,1.13
2018-01-11,1.43,1.98,2.54,0.56,1.11
2018-01-12,1.43,1.99,2.55,0.56,1.12
2018-01-16,1.45,2.03,2.54,0.51,1.09
2018-01-17,1.44,2.05,2.57,0.52,1.13
2018-01-18,1.45,2.05,2.62,0.57,1.17
2018-01-19,1.44,2.06,2.64,0.58,1.2
2018-01-22,1.44,2.08,2.66,0.58,1.22
2018-01-23,1.44,2.06,2.63,0.57,1.19
2018-01-24,1.43,2.08,2.65,0.57,1.22
2018-01-25,1.42,2.08,2.63,0.55,1.21
2018-01-26,1.41,2.13,2.66,0.53,1.25
2018-01-29,1.44,2.11,2.7,0.59,1.26
2018-01-30,1.44,2.13,2.73,0.6,1.29
2018-01-31,1.46,2.14,2.72,0.58,1.26
2018-02-01,1.48,2.16,2.78,0.62,1.3
2018-02-02,1.48,2.15,2.84,0.69,1.36
2018-02-05,1.51,2.08,2.77,0.69,1.26
2018-02-06,1.52,2.1,2.79,0.69,1.27
2018-02-07,1.55,2.15,2.84,0.69,1.29
2018-02-08,1.55,2.13,2.85,0.72,1.3
2018-02-09,1.55,2.05,2.83,0.78,1.28
2018-02-12,1.62,2.09,2.86,0.77,1.24
2018-02-13,1.59,2.1,2.83,0.73,1.24
2018-02-14,1.58,2.17,2.91,0.74,1.33
2018-02-15,1.58,2.19,2.9,0.71,1.32
2018-02-16,1.62,2.21,2.87,0.66,1.25
2018-02-20,1.66,2.25,2.88,0.63,1.22
2018-02-21,1.64,2.26,2.94,0.68,1.3
2018-02-22,1.63,2.25,2.92,0.67,1.29
2018-02-23,1.64,2.25,2.88,0.63,1.24
2018-02-26,1.66,2.22,2.86,0.64,1.2
2018-02-27,1.66,2.27,2.9,0.63,1.24
2018-02-28,1.65,2.25,2.87,0.62,1.22
2018-03-01,1.63,2.22,2.81,0.59,1.18
2018-03-02,1.65,2.25,2.86,0.61,1.21
2018-03-05,1.7,2.24,2.88,0.64,1.18
2018-03-06,1.68,2.25,2.88,0.63,1.2
2018-03-07,1.68,2.25,2.89,0.64,1.21
2018-03-08,1.67,2.25,2.86,0.61,1.19
2018-03-09,1.67,2.27,2.9,0.63,1.23
2018-03-12,1.71,2.27,2.87,0.6,1.16
2018-03-13,1.73,2.26,2.84,0.58,1.11
2018-03-14,1.76,2.26,2.81,0.55,1.05
2018-03-15,1.77,2.29,2.82,0.53,1.05
2018-03-16,1.78,2.31,2.85,0.54,1.07
2018-03-19,1.8,2.31,2.85,0.54,1.05
2018-03-20,1.81,2.34,2.89,0.55,1.08
2018-03-21,1.74,2.31,2.89,0.58,1.15
2018-03-22,1.72,2.29,2.83,0.54,1.11
2018-03-23,1.74,2.28,2.82,0.54,1.08
2018-03-26,1.79,2.33,2.85,0.52,1.06
2018-03-27,1.77,2.26,2.78,0.52,1.01
2018-03-28,1.73,2.28,2.77,0.49,1.04
2018-03-29,1.73,2.27,2.74,0.47,1.01
2018-04-02,1.77,2.25,2.73,0.48,0.96
2018-04-03,1.75,2.28,2.79,0.51,1.04
2018-04-04,1.71,2.28,2.79,0.51,1.08
2018-04-05,1.72,2.3,2.83,0.53,1.11
2018-04-06,1.73,2.27,2.77,0.5,1.04
2018-04-09,1.76,2.29,2.78,0.49,1.02
2018-04-10,1.74,2.32,2.8,0.48,1.06
2018-04-11,1.73,2.32,2.79,0.47,1.06
2018-04-12,1.75,2.34,2.83,0.49,1.08
2018-04-13,1.76,2.37,2.82,0.45,1.06
2018-04-16,1.79,2.39,2.83,0.44,1.04
2018-04-17,1.8,2.41,2.82,0.41,1.02
2018-04-18,1.81,2.42,2.87,0.45,1.06
2018-04-19,1.82,2.44,2.92,0.48,1.1
2018-04-20,1.81,2.46,2.96,0.5,1.15
2018-04-23,1.87,2.49,2.98,0.49,1.11
2018-04-24,1.87,2.48,3.0,0.52,1.13
2018-04-25,1.85,2.49,3.03,0.54,1.18
2018-04-26,1.82,2.49,3.0,0.51,1.18
2018-04-27,1.82,2.49,2.96,0.47,1.14
2018-04-30,1.87,2.49,2.95,0.46,1.08
2018-05-01,1.85,2.5,2.97,0.47,1.12
2018-05-02,1.84,2.49,2.97,0.48,1.13
2018-05-03,1.84,2.49,2.94,0.45,1.1
2018-05-04,1.84,2.51,2.95,0.44,1.11
2018-05-07,1.86,2.49,2.95,0.46,1.09
2018-05-08,1.87,2.51,2.97,0.46,1.1
2018-05-09,1.88,2.54,3.0,0.46,1.12
2018-05-10,1.9,2.54,2.97,0.43,1.07
2018-05-11,1.92,2.54,2.97,0.43,1.05
2018-05-14,1.93,2.55,3.0,0.45,1.07
2018-05-15,1.92,2.58,3.08,0.5,1.16
2018-05-16,1.92,2.58,3.09,0.51,1.17
2018-05-17,1.92,2.57,3.11,0.54,1.19
2018-05-18,1.91,2.55,3.06,0.51,1.15
2018-05-21,1.93,2.58,3.06,0.48,1.13
2018-05-22,1.93,2.59,3.06,0.47,1.13
2018-05-23,1.92,2.53,3.01,0.48,1.09
2018-05-24,1.91,2.5,2.98,0.48,1.07
2018-05-25,1.9,2.48,2.93,0.45,1.03
2018-05-29,1.93,2.32,2.77,0.45,0.84
2018-05-30,1.94,2.42,2.84,0.42,0.9
2018-05-31,1.93,2.4,2.83,0.43,0.9
2018-06-01,1.92,2.47,2.89,0.42,0.97
2018-06-04,1.94,2.52,2.94,0.42,1.0
2018-06-05,1.94,2.49,2.92,0.43,0.98
2018-06-06,1.95,2.52,2.97,0.45,1.02
2018-06-07,1.94,2.5,2.93,0.43,0.99
2018-06-08,1.93,2.5,2.93,0.43,1.0
2018-06-11,1.94,2.52,2.96,0.44,1.02
2018-06-12,1.92,2.54,2.96,0.42,1.04
2018-06-13,1.94,2.59,2.98,0.39,1.04
2018-06-14,1.94,2.59,2.94,0.35,1.0
2018-06-15,1.94,2.55,2.93,0.38,0.99
2018-06-18,1.94,2.56,2.92,0.36,0.98
2018-06-19,1.94,2.54,2.89,0.35,0.95
2018-06-20,1.94,2.56,2.93,0.37,0.99
2018-06-21,1.94,2.56,2.9,0.34,0.96
2018-06-22,1.93,2.56,2.9,0.34,0.97
2018-06-25,1.93,2.54,2.87,0.33,0.94
2018-06-26,1.93,2.53,2.88,0.35,0.95
2018-06-27,1.93,2.52,2.83,0.31,0.9
2018-06-28,1.93,2.52,2.84,0.32,0.91
2018-06-29,1.93,2.52,2.85,0.33,0.92
2018-07-02,1.98,2.57,2.87,0.3,0.89
2018-07-03,1.98,2.53,2.83,0.3,0.85
2018-07-05,1.96,2.55,2.84,0.29,0.88
2018-07-06,1.97,2.53,2.82,0.29,0.85
2018-07-09,1.98,2.57,2.86,0.29,0.88
2018-07-10,1.99,2.59,2.87,0.28,0.88
2018-07-11,1.97,2.58,2.85,0.27,0.88
2018-07-12,1.98,2.6,2.85,0.25,0.87
2018-07-13,1.98,2.59,2.83,0.24,0.85
2018-07-16,2.01,2.59,2.85,0.26,0.84
2018-07-17,2.02,2.62,2.86,0.24,0.84
2018-07-18,2.0,2.6,2.88,0.28,0.88
2018-07-19,2.0,2.6,2.84,0.24,0.84
2018-07-20,1.99,2.6,2.89,0.29,0.9
2018-07-23,1.99,2.64,2.96,0.32,0.97
2018-07-24,2.02,2.63,2.95,0.32,0.93
2018-07-25,2.01,2.66,2.94,0.28,0.93
2018-07-26,1.99,2.69,2.98,0.29,0.99
2018-07-27,2.0,2.67,2.96,0.29,0.96
2018-07-30,2.04,2.66,2.98,0.32,0.94
2018-07-31,2.03,2.67,2.96,0.29,0.93
2018-08-01,2.03,2.67,3.0,0.33,0.97
2018-08-02,2.02,2.66,2.98,0.32,0.96
2018-08-03,2.01,2.63,2.95,0.32,0.94
2018-08-06,2.05,2.64,2.94,0.3,0.89
2018-08-07,2.06,2.68,2.98,0.3,0.92
2018-08-08,2.06,2.68,2.96,0.28,0.9
2018-08-09,2.06,2.64,2.93,0.29,0.87
2018-08-10,2.05,2.61,2.87,0.26,0.82
2018-08-13,2.06,2.61,2.88,0.27,0.82
2018-08-14,2.08,2.63,2.89,0.26,0.81
2018-08-15,2.07,2.61,2.86,0.25,0.79
2018-08-16,2.07,2.63,2.87,0.24,0.8
2018-08-17,2.05,2.61,2.87,0.26,0.82
2018-08-20,2.06,2.6,2.82,0.22,0.76
2018-08-21,2.08,2.61,2.85,0.24,0.77
2018-08-22,2.09,2.6,2.82,0.22,0.73
2018-08-23,2.08,2.61,2.82,0.21,0.74
2018-08-24,2.09,2.63,2.82,0.19,0.73
2018-08-27,2.12,2.67,2.85,0.18,0.73
2018-08-28,2.13,2.67,2.88,0.21,0.75
2018-08-29,2.13,2.67,2.89,0.22,0.76
2018-08-30,2.11,2.64,2.86,0.22,0.75
2018-08-31,2.11,2.62,2.86,0.24,0.75
2018-09-04,2.13,2.66,2.9,0.24,0.77
2018-09-05,2.14,2.66,2.9,0.24,0.76
2018-09-06,2.13,2.64,2.88,0.24,0.75
2018-09-07,2.14,2.71,2.94,0.23,0.8
2018-09-10,2.14,2.73,2.94,0.21,0.8
2018-09-11,2.15,2.76,2.98,0.22,0.83
2018-09-12,2.16,2.74,2.97,0.23,0.81
2018-09-13,2.15,2.76,2.97,0.21,0.82
2018-09-14,2.16,2.78,2.99,0.21,0.83
2018-09-17,2.16,2.78,2.99,0.21,0.83
2018-09-18,2.17,2.81,3.05,0.24,0.88
2018-09-19,2.16,2.81,3.08,0.27,0.92
2018-09-20,2.17,2.81,3.07,0.26,0.9
2018-09-21,2.18,2.81,3.07,0.26,0.89
2018-09-24,2.22,2.83,3.08,0.25,0.86
2018-09-25,2.21,2.83,3.1,0.27,0.89
2018-09-26,2.2,2.83,3.06,0.23,0.86
2018-09-27,2.18,2.83,3.06,0.23,0.88
2018-09-28,2.19,2.81,3.05,0.24,0.86
2018-10-01,2.23,2.82,3.09,0.27,0.86
2018-10-02,2.23,2.82,3.05,0.23,0.82
2018-10-03,2.23,2.85,3.15,0.3,0.92
2018-10-04,2.22,2.87,3.19,0.32,0.97
2018-10-05,2.23,2.88,3.23,0.35,1.0
2018-10-09,2.25,2.88,3.21,0.33,0.96
2018-10-10,2.27,2.88,3.22,0.34,0.95
2018-10-11,2.27,2.85,3.14,0.29,0.87
2018-10-12,2.28,2.85,3.15,0.3,0.87
2018-10-15,2.31,2.85,3.16,0.31,0.85
2018-10-16,2.3,2.87,3.16,0.29,0.86
2018-10-17,2.31,2.89,3.19,0.3,0.88
2018-10-18,2.32,2.87,3.17,0.3,0.85
2018-10-19,2.31,2.92,3.2,0.28,0.89
2018-10-22,2.34,2.92,3.2,0.28,0.86
2018-10-23,2.33,2.89,3.17,0.28,0.84
2018-10-24,2.34,2.84,3.1,0.26,0.76
2018-10-25,2.34,2.86,3.14,0.28,0.8
2018-10-26,2.33,2.81,3.08,0.27,0.75
2018-10-29,2.34,2.81,3.08,0.27,0.74
2018-10-30,2.33,2.84,3.12,0.28,0.79
2018-10-31,2.34,2.87,3.15,0.28,0.81
2018-11-01,2.32,2.84,3.14,0.3,0.82
2018-11-02,2.33,2.91,3.22,0.31,0.89
2018-11-05,2.36,2.91,3.2,0.29,0.84
2018-11-06,2.35,2.93,3.22,0.29,0.87
2018-11-07,2.37,2.96,3.22,0.26,0.85
2018-11-08,2.35,2.98,3.24,0.26,0.89
2018-11-09,2.36,2.94,3.19,0.25,0.83
2018-11-13,2.38,2.89,3.14,0.25,0.76
2018-11-14,2.38,2.86,3.12,0.26,0.74
2018-11-15,2.37,2.86,3.11,0.25,0.74
2018-11-16,2.36,2.81,3.08,0.27,0.72
2018-11-19,2.38,2.79,3.06,0.27,0.68
2018-11-20,2.39,2.79,3.06,0.27,0.67
2018-11-21,2.41,2.81,3.06,0.25,0.65
2018-11-23,2.41,2.81,3.05,0.24,0.64
2018-11-26,2.41,2.84,3.07,0.23,0.66
2018-11-27,2.41,2.83,3.06,0.23,0.65
2018-11-28,2.4,2.81,3.06,0.25,0.66
2018-11-29,2.37,2.81,3.03,0.22,0.66
2018-11-30,2.37,2.8,3.01,0.21,0.64
2018-12-03,2.38,2.83,2.98,0.15,0.6
2018-12-04,2.42,2.8,2.91,0.11,0.49
2018-12-06,2.41,2.75,2.87,0.12,0.46
2018-12-07,2.4,2.72,2.85,0.13,0.45
2018-12-10,2.41,2.72,2.85,0.13,0.44
2018-12-11,2.41,2.78,2.89,0.11,0.48
2018-12-12,2.43,2.77,2.91,0.14,0.48
2018-12-13,2.43,2.75,2.91,0.16,0.48
2018-12-14,2.42,2.73,2.89,0.16,0.47
2018-12-17,2.4,2.7,2.86,0.16,0.46
2018-12-18,2.39,2.65,2.82,0.17,0.43
2018-12-19,2.4,2.63,2.77,0.14,0.37
2018-12-20,2.39,2.67,2.79,0.12,0.4
2018-12-21,2.39,2.63,2.79,0.16,0.4
2018-12-24,2.45,2.55,2.74,0.19,0.29
2018-12-26,2.44,2.61,2.81,0.2,0.37
2018-12-27,2.41,2.56,2.77,0.21,0.36
2018-12-28,2.4,2.52,2.72,0.2,0.32
2018-12-31,2.45,2.48,2.69,0.21,0.24
2019-01-02,2.42,2.5,2.66,0.16,0.24
2019-01-03,2.41,2.39,2.56,0.17,0.15
2019-01-04,2.42,2.5,2.67,0.17,0.25
2019-01-07,2.45,2.53,2.7,0.17,0.25
2019-01-08,2.46,2.58,2.73,0.15,0.27
2019-01-09,2.45,2.56,2.74,0.18,0.29
2019-01-10,2.43,2.56,2.74,0.18,0.31
2019-01-11,2.43,2.55,2.71,0.16,0.28
2019-01-14,2.45,2.53,2.71,0.18,0.26
2019-01-15,2.45,2.53,2.72,0.19,0.27
2019-01-16,2.43,2.55,2.73,0.18,0.3
2019-01-17,2.42,2.56,2.75,0.19,0.33
2019-01-18,2.41,2.62,2.79,0.17,0.38
2019-01-22,2.43,2.58,2.74,0.16,0.31
2019-01-23,2.41,2.58,2.76,0.18,0.35
2019-01-24,2.37,2.56,2.72,0.16,0.35
2019-01-25,2.39,2.6,2.76,0.16,0.37
2019-01-28,2.42,2.6,2.75,0.15,0.33
2019-01-29,2.42,2.56,2.72,0.16,0.3
2019-01-30,2.42,2.52,2.7,0.18,0.28
2019-01-31,2.41,2.45,2.63,0.18,0.22
2019-02-01,2.4,2.52,2.7,0.18,0.3
2019-02-04,2.42,2.53,2.73,0.2,0.31
2019-02-05,2.42,2.53,2.71,0.18,0.29
2019-02-06,2.42,2.52,2.7,0.18,0.28
2019-02-07,2.42,2.48,2.65,0.17,0.23
2019-02-08,2.43,2.45,2.63,0.18,0.2
2019-02-11,2.45,2.48,2.65,0.17,0.2
2019-02-12,2.43,2.5,2.68,0.18,0.25
2019-02-13,2.44,2.53,2.71,0.18,0.27
2019-02-14,2.43,2.5,2.66,0.16,0.23
2019-02-15,2.43,2.52,2.66,0.14,0.23
2019-02-19,2.45,2.5,2.65,0.15,0.2
2019-02-20,2.45,2.5,2.65,0.15,0.2
2019-02-21,2.45,2.53,2.69,0.16,0.24
2019-02-22,2.46,2.48,2.65,0.17,0.19
2019-02-25,2.47,2.51,2.67,0.16,0.2
2019-02-26,2.45,2.48,2.64,0.16,0.19
2019-02-27,2.45,2.5,2.69,0.19,0.24
2019-02-28,2.45,2.52,2.73,0.21,0.28
2019-03-01,2.44,2.55,2.76,0.21,0.32
2019-03-04,2.46,2.55,2.72,0.17,0.26
2019-03-05,2.46,2.55,2.72,0.17,0.26
2019-03-06,2.47,2.52,2.69,0.17,0.22
2019-03-07,2.45,2.47,2.64,0.17,0.19
2019-03-08,2.46,2.45,2.62,0.17,0.16
2019-03-11,2.46,2.47,2.64,0.17,0.18
2019-03-12,2.46,2.45,2.61,0.16,0.15
2019-03-13,2.45,2.45,2.61,0.16,0.16
2019-03-14,2.45,2.46,2.63,0.17,0.18
2019-03-15,2.45,2.43,2.59,0.16,0.14
2019-03-18,2.44,2.45,2.6,0.15,0.16
2019-03-19,2.46,2.46,2.61,0.15,0.15
2019-03-20,2.48,2.4,2.54,0.14,0.06
2019-03-21,2.49,2.41,2.54,0.13,0.05
2019-03-22,2.46,2.31,2.44,0.13,-0.02
2019-03-25,2.46,2.26,2.43,0.17,-0.03
2019-03-26,2.46,2.24,2.41,0.17,-0.05
2019-03-27,2.44,2.22,2.39,0.17,-0.05
2019-03-28,2.43,2.23,2.39,0.16,-0.04
2019-03-29,2.4,2.27,2.41,0.14,0.01
2019-04-01,2.43,2.33,2.49,0.16,0.06
2019-04-02,2.42,2.3,2.48,0.18,0.06
2019-04-03,2.44,2.33,2.52,0.19,0.08
2019-04-04,2.44,2.33,2.51,0.18,0.07
2019-04-05,2.44,2.35,2.5,0.15,0.06
2019-04-08,2.43,2.36,2.52,0.16,0.09
2019-04-09,2.42,2.35,2.51,0.16,0.09
2019-04-10,2.43,2.31,2.48,0.17,0.05
2019-04-11,2.43,2.35,2.51,0.16,0.08
2019-04-12,2.44,2.4,2.56,0.16,0.12
2019-04-15,2.43,2.4,2.55,0.15,0.12
2019-04-16,2.43,2.41,2.6,0.19,0.17
2019-04-17,2.44,2.4,2.59,0.19,0.15
2019-04-18,2.42,2.38,2.57,0.19,0.15
2019-04-22,2.44,2.38,2.59,0.21,0.15
2019-04-23,2.45,2.36,2.57,0.21,0.12
2019-04-24,2.44,2.32,2.53,0.21,0.09
2019-04-25,2.43,2.33,2.54,0.21,0.11
2019-04-26,2.42,2.28,2.51,0.23,0.09
2019-04-29,2.44,2.3,2.54,0.24,0.1
2019-04-30,2.43,2.27,2.51,0.24,0.08
2019-05-01,2.43,2.31,2.52,0.21,0.09
2019-05-02,2.47,2.35,2.55,0.2,0.08
2019-05-03,2.43,2.33,2.54,0.21,0.11
2019-05-06,2.44,2.31,2.51,0.2,0.07
2019-05-07,2.43,2.28,2.45,0.17,0.02
2019-05-08,2.43,2.3,2.49,0.19,0.06
2019-05-09,2.43,2.26,2.45,0.19,0.02
2019-05-10,2.43,2.26,2.47,0.21,0.04
2019-05-13,2.41,2.18,2.4,0.22,-0.01
2019-05-14,2.41,2.2,2.42,0.22,0.01
2019-05-15,2.42,2.16,2.37,0.21,-0.05
2019-05-16,2.4,2.2,2.4,0.2,0.0
2019-05-17,2.39,2.2,2.39,0.19,0.0
2019-05-20,2.39,2.21,2.41,0.2,0.02
2019-05-21,2.39,2.26,2.43,0.17,0.04
2019-05-22,2.38,2.23,2.39,0.16,0.01
2019-05-23,2.37,2.12,2.31,0.19,-0.06
2019-05-24,2.35,2.16,2.32,0.16,-0.03
2019-05-28,2.37,2.12,2.26,0.14,-0.11
2019-05-29,2.37,2.09,2.25,0.16,-0.12
2019-05-30,2.38,2.06,2.22,0.16,-0.16
2019-05-31,2.35,1.95,2.14,0.19,-0.21
2019-06-03,2.35,1.82,2.07,0.25,-0.28
2019-06-04,2.35,1.88,2.12,0.24,-0.23
2019-06-05,2.35,1.83,2.12,0.29,-0.23
2019-06-06,2.33,1.88,2.12,0.24,-0.21
2019-06-07,2.28,1.85,2.09,0.24,-0.19
2019-06-10,2.29,1.9,2.15,0.25,-0.14
2019-06-11,2.27,1.93,2.15,0.22,-0.12
2019-06-12,2.24,1.88,2.13,0.25,-0.11
2019-06-13,2.19,1.83,2.1,0.27,-0.09
2019-06-14,2.2,1.84,2.09,0.25,-0.11
2019-06-17,2.23,1.86,2.09,0.23,-0.14
2019-06-18,2.22,1.86,2.06,0.2,-0.16
2019-06-19,2.18,1.74,2.03,0.29,-0.15
2019-06-20,2.14,1.72,2.01,0.29,-0.13
2019-06-21,2.11,1.77,2.07,0.3,-0.04
2019-06-24,2.13,1.72,2.02,0.3,-0.11
2019-06-25,2.12,1.71,2.0,0.29,-0.12
2019-06-26,2.15,1.77,2.05,0.28,-0.1
2019-06-27,2.14,1.74,2.01,0.27,-0.13
2019-06-28,2.12,1.75,2.0,0.25,-0.12
2019-07-01,2.21,1.78,2.03,0.25,-0.18
2019-07-02,2.2,1.77,1.98,0.21,-0.22
2019-07-03,2.21,1.77,1.96,0.19,-0.25
2019-07-05,2.23,1.87,2.04,0.17,-0.19
2019-07-08,2.26,1.88,2.05,0.17,-0.21
2019-07-09,2.26,1.92,2.07,0.15,-0.19
2019-07-10,2.2,1.82,2.07,0.25,-0.13
2019-07-11,2.17,1.85,2.13,0.28,-0.04
2019-07-12,2.14,1.84,2.12,0.28,-0.02
2019-07-15,2.16,1.83,2.09,0.26,-0.07
2019-07-16,2.15,1.87,2.13,0.26,-0.02
2019-07-17,2.14,1.83,2.06,0.23,-0.08
2019-07-18,2.05,1.77,2.04,0.27,-0.01
2019-07-19,2.06,1.8,2.05,0.25,-0.01
2019-07-22,2.09,1.8,2.05,0.25,-0.04
2019-07-23,2.06,1.83,2.08,0.25,0.02
2019-07-24,2.1,1.83,2.05,0.22,-0.05
2019-07-25,2.1,1.86,2.08,0.22,-0.02
2019-07-26,2.12,1.86,2.08,0.22,-0.04
2019-07-29,2.12,1.85,2.06,0.21,-0.06
2019-07-30,2.08,1.85,2.06,0.21,-0.02
2019-07-31,2.08,1.89,2.02,0.13,-0.06
2019-08-01,2.07,1.73,1.9,0.17,-0.17
2019-08-02,2.06,1.72,1.86,0.14,-0.2
2019-08-05,2.05,1.59,1.75,0.16,-0.3
2019-08-06,2.05,1.6,1.73,0.13,-0.32
2019-08-07,2.02,1.59,1.71,0.12,-0.31
2019-08-08,2.02,1.62,1.72,0.1,-0.3
2019-08-09,2.0,1.63,1.74,0.11,-0.26
2019-08-12,2.0,1.58,1.65,0.07,-0.35
2019-08-13,2.0,1.66,1.68,0.02,-0.32
2019-08-14,1.96,1.58,1.59,0.01,-0.37
2019-08-15,1.91,1.48,1.52,0.04,-0.39
2019-08-16,1.87,1.48,1.55,0.07,-0.32
2019-08-19,1.94,1.53,1.6,0.07,-0.34
2019-08-20,1.94,1.5,1.55,0.05,-0.39
2019-08-21,1.97,1.56,1.59,0.03,-0.38
2019-08-22,2.0,1.61,1.62,0.01,-0.38
2019-08-23,1.97,1.51,1.52,0.01,-0.45
2019-08-26,2.01,1.54,1.54,0.0,-0.47
2019-08-27,1.98,1.53,1.49,-0.04,-0.49
2019-08-28,1.99,1.5,1.47,-0.03,-0.52
2019-08-29,1.99,1.53,1.5,-0.03,-0.49
2019-08-30,1.99,1.5,1.5,0.0,-0.49
2019-09-03,1.98,1.47,1.47,0.0,-0.51
2019-09-04,1.97,1.43,1.47,0.04,-0.5
2019-09-05,1.97,1.55,1.57,0.02,-0.4
2019-09-06,1.96,1.53,1.55,0.02,-0.41
2019-09-09,1.96,1.58,1.63,0.05,-0.33
2019-09-10,1.95,1.67,1.72,0.05,-0.23
2019-09-11,1.96,1.68,1.75,0.07,-0.21
2019-09-12,1.95,1.72,1.79,0.07,-0.16
2019-09-13,1.96,1.79,1.9,0.11,-0.06
2019-09-16,1.99,1.74,1.84,0.1,-0.15
2019-09-17,1.99,1.72,1.81,0.09,-0.18
2019-09-18,1.95,1.77,1.8,0.03,-0.15
2019-09-19,1.93,1.74,1.79,0.05,-0.14
2019-09-20,1.91,1.69,1.74,0.05,-0.17
2019-09-23,1.94,1.68,1.72,0.04,-0.22
2019-09-24,1.92,1.6,1.64,0.04,-0.28
2019-09-25,1.89,1.68,1.73,0.05,-0.16
2019-09-26,1.83,1.66,1.7,0.04,-0.13
2019-09-27,1.8,1.63,1.69,0.06,-0.11
2019-09-30,1.88,1.63,1.68,0.05,-0.2
2019-10-01,1.82,1.56,1.65,0.09,-0.17
2019-10-02,1.79,1.48,1.6,0.12,-0.19
2019-10-03,1.7,1.39,1.54,0.15,-0.16
2019-10-04,1.71,1.4,1.52,0.12,-0.19
2019-10-07,1.75,1.46,1.56,0.1,-0.19
2019-10-08,1.72,1.42,1.54,0.12,-0.18
2019-10-09,1.69,1.47,1.59,0.12,-0.1
2019-10-10,1.68,1.53,1.67,0.14,-0.01
2019-10-11,1.68,1.63,1.76,0.13,0.08
2019-10-15,1.67,1.61,1.77,0.16,0.1
2019-10-16,1.66,1.58,1.75,0.17,0.09
2019-10-17,1.66,1.6,1.76,0.16,0.1
2019-10-18,1.66,1.58,1.76,0.18,0.1
2019-10-21,1.67,1.62,1.8,0.18,0.13
2019-10-22,1.65,1.6,1.78,0.18,0.13
2019-10-23,1.65,1.58,1.77,0.19,0.12
2019-10-24,1.67,1.58,1.77,0.19,0.1
2019-10-25,1.66,1.63,1.8,0.17,0.14
2019-10-28,1.65,1.64,1.85,0.21,0.2
2019-10-29,1.63,1.64,1.84,0.2,0.21
2019-10-30,1.62,1.61,1.78,0.17,0.16
2019-10-31,1.54,1.52,1.69,0.17,0.15
2019-11-01,1.52,1.56,1.73,0.17,0.21
2019-11-04,1.53,1.6,1.79,0.19,0.26
2019-11-05,1.56,1.63,1.86,0.23,0.3
2019-11-06,1.56,1.61,1.81,0.2,0.25
2019-11-07,1.56,1.68,1.92,0.24,0.36
2019-11-08,1.55,1.68,1.94,0.26,0.39
2019-11-12,1.59,1.66,1.92,0.26,0.33
2019-11-13,1.57,1.63,1.88,0.25,0.31
2019-11-14,1.57,1.58,1.82,0.24,0.25
2019-11-15,1.57,1.61,1.84,0.23,0.27
2019-11-18,1.57,1.6,1.81,0.21,0.24
2019-11-19,1.57,1.6,1.79,0.19,0.22
2019-11-20,1.57,1.56,1.73,0.17,0.16
2019-11-21,1.58,1.6,1.77,0.17,0.19
2019-11-22,1.58,1.61,1.77,0.16,0.19
2019-11-25,1.61,1.61,1.76,0.15,0.15
2019-11-26,1.6,1.58,1.74,0.16,0.14
2019-11-27,1.62,1.63,1.77,0.14,0.15
2019-11-29,1.59,1.61,1.78,0.17,0.19
2019-12-02,1.6,1.61,1.83,0.22,0.23
2019-12-03,1.57,1.53,1.72,0.19,0.15
2019-12-04,1.55,1.58,1.77,0.19,0.22
2019-12-05,1.54,1.58,1.8,0.22,0.26
2019-12-06,1.53,1.61,1.84,0.23,0.31
2019-12-09,1.54,1.63,1.83,0.2,0.29
2019-12-10,1.56,1.65,1.85,0.2,0.29
2019-12-11,1.57,1.61,1.79,0.18,0.22
2019-12-12,1.56,1.66,1.9,0.24,0.34
2019-12-13,1.57,1.61,1.82,0.21,0.25
2019-12-16,1.57,1.65,1.89,0.24,0.32
2019-12-17,1.56,1.63,1.89,0.26,0.33
2019-12-18,1.56,1.63,1.92,0.29,0.36
2019-12-19,1.57,1.62,1.92,0.3,0.35
2019-12-20,1.58,1.63,1.92,0.29,0.34
2019-12-23,1.59,1.64,1.93,0.29,0.34
2019-12-24,1.58,1.62,1.9,0.28,0.32
2019-12-26,1.58,1.64,1.9,0.26,0.32
2019-12-27,1.57,1.59,1.88,0.29,0.31
2019-12-30,1.57,1.58,1.9,0.32,0.33
2019-12-31,1.55,1.58,1.92,0.34,0.37
2020-01-02,1.54,1.58,1.88,0.3,0.34
2020-01-03,1.52,1.53,1.8,0.27,0.28
2020-01-06,1.56,1.54,1.81,0.27,0.25
2020-01-07,1.54,1.54,1.83,0.29,0.29
2020-01-08,1.54,1.58,1.87,0.29,0.33
2020-01-09,1.54,1.58,1.85,0.27,0.31
2020-01-10,1.54,1.56,1.83,0.27,0.29
2020-01-13,1.57,1.58,1.85,0.27,0.28
2020-01-14,1.57,1.58,1.82,0.24,0.25
2020-01-15,1.57,1.56,1.79,0.23,0.22
2020-01-16,1.55,1.58,1.81,0.23,0.26
2020-01-17,1.56,1.58,1.84,0.26,0.28
2020-01-21,1.56,1.53,1.78,0.25,0.22
2020-01-22,1.55,1.53,1.77,0.24,0.22
2020-01-23,1.55,1.51,1.74,0.23,0.19
2020-01-24,1.54,1.49,1.7,0.21,0.16
2020-01-27,1.55,1.44,1.61,0.17,0.06
2020-01-28,1.57,1.45,1.65,0.2,0.08
2020-01-29,1.56,1.42,1.6,0.18,0.04
2020-01-30,1.57,1.41,1.57,0.16,0.0
2020-01-31,1.55,1.33,1.51,0.18,-0.04
2020-02-03,1.57,1.36,1.54,0.18,-0.03
2020-02-04,1.57,1.41,1.61,0.2,0.04
2020-02-05,1.57,1.44,1.66,0.22,0.09
2020-02-06,1.57,1.44,1.65,0.21,0.08
2020-02-07,1.56,1.41,1.59,0.18,0.03
2020-02-10,1.58,1.37,1.56,0.19,-0.02
2020-02-11,1.57,1.41,1.59,0.18,0.02
2020-02-12,1.58,1.44,1.62,0.18,0.04
2020-02-13,1.59,1.44,1.61,0.17,0.02
2020-02-14,1.58,1.42,1.59,0.17,0.01
2020-02-18,1.58,1.41,1.55,0.14,-0.03
2020-02-19,1.58,1.42,1.56,0.14,-0.02
2020-02-20,1.58,1.39,1.52,0.13,-0.06
2020-02-21,1.56,1.34,1.46,0.12,-0.1
2020-02-24,1.53,1.26,1.38,0.12,-0.15
2020-02-25,1.53,1.2,1.33,0.13,-0.2
2020-02-26,1.53,1.16,1.33,0.17,-0.2
2020-02-27,1.45,1.11,1.3,0.19,-0.15
2020-02-28,1.27,0.86,1.13,0.27,-0.14
2020-03-02,1.13,0.84,1.1,0.26,-0.03
2020-03-03,0.95,0.71,1.02,0.31,0.07
2020-03-04,0.72,0.67,1.02,0.35,0.3
2020-03-05,0.62,0.59,0.92,0.33,0.3
2020-03-06,0.45,0.49,0.74,0.25,0.29
2020-03-09,0.33,0.38,0.54,0.16,0.21
2020-03-10,0.44,0.5,0.76,0.26,0.32
2020-03-11,0.42,0.5,0.82,0.32,0.4
2020-03-12,0.33,0.5,0.88,0.38,0.55
2020-03-13,0.28,0.49,0.94,0.45,0.66
2020-03-16,0.24,0.36,0.73,0.37,0.49
2020-03-17,0.19,0.47,1.02,0.55,0.83
2020-03-18,0.02,0.54,1.18,0.64,1.16
2020-03-19,0.04,0.44,1.12,0.68,1.08
2020-03-20,0.05,0.37,0.92,0.55,0.87
2020-03-23,0.02,0.28,0.76,0.48,0.74
2020-03-24,0.01,0.38,0.84,0.46,0.83
2020-03-25,0.0,0.34,0.88,0.54,0.88
2020-03-26,0.0,0.3,0.83,0.53,0.83
2020-03-27,0.03,0.25,0.72,0.47,0.69
2020-03-30,0.12,0.23,0.7,0.47,0.58
2020-03-31,0.11,0.23,0.7,0.47,0.59
2020-04-01,0.09,0.23,0.62,0.39,0.53
2020-04-02,0.09,0.23,0.63,0.4,0.54
2020-04-03,0.1,0.23,0.62,0.39,0.52
2020-04-06,0.15,0.27,0.67,0.4,0.52
2020-04-07,0.14,0.28,0.75,0.47,0.61
2020-04-08,0.22,0.27,0.77,0.5,0.55
2020-04-09,0.25,0.23,0.73,0.5,0.48
2020-04-13,0.26,0.25,0.76,0.51,0.5
2020-04-14,0.2,0.23,0.76,0.53,0.56
2020-04-15,0.14,0.2,0.63,0.43,0.49
2020-04-16,0.14,0.2,0.61,0.41,0.47
2020-04-17,0.12,0.2,0.65,0.45,0.53
2020-04-20,0.12,0.2,0.63,0.43,0.51
2020-04-21,0.11,0.2,0.58,0.38,0.47
2020-04-22,0.12,0.22,0.63,0.41,0.51
2020-04-23,0.11,0.22,0.61,0.39,0.5
2020-04-24,0.12,0.22,0.6,0.38,0.48
2020-04-27,0.12,0.24,0.67,0.43,0.55
2020-04-28,0.11,0.2,0.62,0.42,0.51
2020-04-29,0.1,0.2,0.63,0.43,0.53
2020-04-30,0.09,0.2,0.64,0.44,0.55
2020-05-01,0.12,0.2,0.64,0.44,0.52
2020-05-04,0.13,0.19,0.64,0.45,0.51
2020-05-05,0.13,0.19,0.66,0.47,0.53
2020-05-06,0.12,0.17,0.72,0.55,0.6
2020-05-07,0.11,0.13,0.63,0.5,0.52
2020-05-08,0.12,0.16,0.69,0.53,0.57
2020-05-11,0.12,0.17,0.73,0.56,0.61
2020-05-12,0.13,0.17,0.69,0.52,0.56
2020-05-13,0.13,0.16,0.64,0.48,0.51
2020-05-14,0.12,0.16,0.63,0.47,0.51
2020-05-15,0.12,0.16,0.64,0.48,0.52
2020-05-18,0.13,0.18,0.73,0.55,0.6
2020-05-19,0.13,0.17,0.7,0.53,0.57
2020-05-20,0.12,0.16,0.68,0.52,0.56
2020-05-21,0.12,0.17,0.68,0.51,0.56
2020-05-22,0.12,0.17,0.66,0.49,0.54
2020-05-26,0.14,0.18,0.69,0.51,0.55
2020-05-27,0.15,0.19,0.68,0.49,0.53
2020-05-28,0.15,0.17,0.7,0.53,0.55
2020-05-29,0.14,0.16,0.65,0.49,0.51
2020-06-01,0.14,0.14,0.66,0.52,0.52
2020-06-02,0.15,0.17,0.68,0.51,0.53
2020-06-03,0.16,0.19,0.77,0.58,0.61
2020-06-04,0.15,0.19,0.82,0.63,0.67
2020-06-05,0.15,0.22,0.91,0.69,0.76
2020-06-08,0.17,0.22,0.88,0.66,0.71
2020-06-09,0.19,0.2,0.84,0.64,0.65
2020-06-10,0.17,0.17,0.75,0.58,0.58
2020-06-11,0.17,0.19,0.66,0.47,0.49
2020-06-12,0.16,0.19,0.71,0.52,0.55
2020-06-15,0.18,0.19,0.71,0.52,0.53
2020-06-16,0.17,0.21,0.75,0.54,0.58
2020-06-17,0.17,0.19,0.74,0.55,0.57
2020-06-18,0.16,0.19,0.71,0.52,0.55
2020-06-19,0.15,0.19,0.7,0.51,0.55
2020-06-22,0.16,0.19,0.71,0.52,0.55
2020-06-23,0.16,0.18,0.72,0.54,0.56
2020-06-24,0.15,0.19,0.69,0.5,0.54
2020-06-25,0.16,0.17,0.68,0.51,0.52
2020-06-26,0.14,0.17,0.64,0.47,0.5
2020-06-29,0.14,0.16,0.64,0.48,0.5
2020-06-30,0.16,0.16,0.66,0.5,0.5
2020-07-01,0.14,0.17,0.69,0.52,0.55
2020-07-02,0.14,0.16,0.68,0.52,0.54
2020-07-06,0.15,0.16,0.69,0.53,0.54
2020-07-07,0.15,0.16,0.65,0.49,0.5
2020-07-08,0.15,0.16,0.67,0.51,0.52
2020-07-09,0.13,0.16,0.62,0.46,0.49
2020-07-10,0.13,0.16,0.65,0.49,0.52
2020-07-13,0.14,0.16,0.64,0.48,0.5
2020-07-14,0.15,0.14,0.63,0.49,0.48
2020-07-15,0.16,0.16,0.64,0.48,0.48
2020-07-16,0.11,0.16,0.62,0.46,0.51
2020-07-17,0.11,0.14,0.64,0.5,0.53
2020-07-20,0.13,0.16,0.62,0.46,0.49
2020-07-21,0.13,0.14,0.61,0.47,0.48
2020-07-22,0.13,0.14,0.6,0.46,0.47
2020-07-23,0.12,0.16,0.59,0.43,0.47
2020-07-24,0.11,0.14,0.59,0.45,0.48
2020-07-27,0.11,0.15,0.62,0.47,0.51
2020-07-28,0.11,0.14,0.59,0.45,0.48
2020-07-29,0.11,0.12,0.58,0.46,0.47
2020-07-30,0.09,0.11,0.55,0.44,0.46
2020-07-31,0.09,0.11,0.55,0.44,0.46
2020-08-03,0.1,0.11,0.56,0.45,0.46
2020-08-04,0.09,0.11,0.52,0.41,0.43
2020-08-05,0.1,0.11,0.55,0.44,0.45
2020-08-06,0.1,0.11,0.55,0.44,0.45
2020-08-07,0.1,0.13,0.57,0.44,0.47
2020-08-10,0.11,0.14,0.59,0.45,0.48
2020-08-11,0.11,0.16,0.64,0.48,0.53
2020-08-12,0.11,0.16,0.69,0.53,0.58
2020-08-13,0.1,0.16,0.71,0.55,0.61
2020-08-14,0.1,0.14,0.71,0.57,0.61
2020-08-17,0.1,0.14,0.69,0.55,0.59
2020-08-18,0.09,0.14,0.67,0.53,0.58
2020-08-19,0.11,0.14,0.68,0.54,0.57
2020-08-20,0.11,0.13,0.65,0.52,0.54
2020-08-21,0.1,0.16,0.64,0.48,0.54
2020-08-24,0.12,0.14,0.65,0.51,0.53
2020-08-25,0.11,0.15,0.69,0.54,0.58
2020-08-26,0.11,0.16,0.69,0.53,0.58
2020-08-27,0.11,0.16,0.74,0.58,0.63
2020-08-28,0.1,0.14,0.74,0.6,0.64
2020-08-31,0.11,0.14,0.72,0.58,0.61
2020-09-01,0.12,0.13,0.68,0.55,0.56
2020-09-02,0.12,0.14,0.66,0.52,0.54
2020-09-03,0.11,0.13,0.63,0.5,0.52
2020-09-04,0.11,0.14,0.72,0.58,0.61
2020-09-08,0.13,0.14,0.69,0.55,0.56
2020-09-09,0.12,0.14,0.71,0.57,0.59
2020-09-10,0.12,0.14,0.68,0.54,0.56
2020-09-11,0.11,0.13,0.67,0.54,0.56
2020-09-14,0.11,0.14,0.68,0.54,0.57
2020-09-15,0.11,0.14,0.68,0.54,0.57
2020-09-16,0.12,0.14,0.69,0.55,0.57
2020-09-17,0.09,0.13,0.69,0.56,0.6
2020-09-18,0.1,0.14,0.7,0.56,0.6
2020-09-21,0.1,0.14,0.68,0.54,0.58
2020-09-22,0.1,0.13,0.68,0.55,0.58
2020-09-23,0.11,0.14,0.68,0.54,0.57
2020-09-24,0.1,0.14,0.67,0.53,0.57
2020-09-25,0.1,0.12,0.66,0.54,0.56
2020-09-28,0.11,0.14,0.67,0.53,0.56
2020-09-29,0.09,0.11,0.66,0.55,0.57
2020-09-30,0.1,0.13,0.69,0.56,0.59
2020-10-01,0.09,0.14,0.68,0.54,0.59
2020-10-02,0.09,0.13,0.7,0.57,0.61
2020-10-05,0.1,0.14,0.78,0.64,0.68
2020-10-06,0.1,0.14,0.76,0.62,0.66
2020-10-07,0.1,0.16,0.81,0.65,0.71
2020-10-08,0.09,0.13,0.78,0.65,0.69
2020-10-09,0.1,0.16,0.79,0.63,0.69
2020-10-13,0.11,0.16,0.74,0.58,0.63
2020-10-14,0.12,0.14,0.73,0.59,0.61
2020-10-15,0.11,0.14,0.74,0.6,0.63
2020-10-16,0.11,0.14,0.76,0.62,0.65
2020-10-19,0.11,0.16,0.78,0.62,0.67
2020-10-20,0.1,0.14,0.81,0.67,0.71
2020-10-21,0.1,0.14,0.83,0.69,0.73
2020-10-22,0.09,0.16,0.87,0.71,0.78
2020-10-23,0.1,0.18,0.85,0.67,0.75
2020-10-26,0.11,0.16,0.81,0.65,0.7
2020-10-27,0.1,0.16,0.79,0.63,0.69
2020-10-28,0.1,0.16,0.79,0.63,0.69
2020-10-29,0.09,0.16,0.85,0.69,0.76
2020-10-30,0.09,0.14,0.88,0.74,0.79
2020-11-02,0.09,0.16,0.87,0.71,0.78
2020-11-03,0.1,0.17,0.9,0.73,0.8
2020-11-04,0.1,0.14,0.78,0.64,0.68
2020-11-05,0.1,0.14,0.79,0.65,0.69
2020-11-06,0.1,0.16,0.83,0.67,0.73
2020-11-09,0.11,0.17,0.96,0.79,0.85
2020-11-10,0.1,0.19,0.98,0.79,0.88
2020-11-12,0.1,0.17,0.88,0.71,0.78
2020-11-13,0.09,0.17,0.89,0.72,0.8
2020-11-16,0.09,0.19,0.91,0.72,0.82
2020-11-17,0.09,0.18,0.87,0.69,0.78
2020-11-18,0.09,0.16,0.88,0.72,0.79
2020-11-19,0.07,0.18,0.86,0.68,0.79
2020-11-20,0.07,0.16,0.83,0.67,0.76
2020-11-23,0.08,0.16,0.86,0.7,0.78
2020-11-24,0.09,0.16,0.88,0.72,0.79
2020-11-25,0.09,0.17,0.88,0.71,0.79
2020-11-27,0.09,0.16,0.84,0.68,0.75
2020-11-30,0.08,0.16,0.84,0.68,0.76
2020-12-01,0.09,0.17,0.92,0.75,0.83
2020-12-02,0.09,0.16,0.95,0.79,0.86
2020-12-03,0.08,0.16,0.92,0.76,0.84
2020-12-04,0.09,0.16,0.97,0.81,0.88
2020-12-07,0.08,0.14,0.94,0.8,0.86
2020-12-08,0.09,0.14,0.92,0.78,0.83
2020-12-09,0.08,0.16,0.95,0.79,0.87
2020-12-10,0.08,0.14,0.92,0.78,0.84
2020-12-11,0.08,0.11,0.9,0.79,0.82
2020-12-14,0.09,0.13,0.9,0.77,0.81
2020-12-15,0.08,0.11,0.92,0.81,0.84
2020-12-16,0.09,0.13,0.92,0.79,0.83
2020-12-17,0.08,0.13,0.94,0.81,0.86
2020-12-18,0.08,0.13,0.95,0.82,0.87
2020-12-21,0.09,0.13,0.95,0.82,0.86
2020-12-22,0.09,0.13,0.93,0.8,0.84
2020-12-23,0.09,0.13,0.96,0.83,0.87
2020-12-24,0.09,0.13,0.94,0.81,0.85
2020-12-28,0.11,0.13,0.94,0.81,0.83
2020-12-29,0.1,0.12,0.94,0.82,0.84
2020-12-30,0.08,0.12,0.93,0.81,0.85
2020-12-31,0.09,0.13,0.93,0.8,0.84
2021-01-04,0.09,0.11,0.93,0.82,0.84
2021-01-05,0.09,0.13,0.96,0.83,0.87
2021-01-06,0.09,0.14,1.04,0.9,0.95
2021-01-07,0.09,0.14,1.08,0.94,0.99
2021-01-08,0.08,0.14,1.13,0.99,1.05
2021-01-11,0.08,0.14,1.15,1.01,1.07
2021-01-12,0.09,0.14,1.15,1.01,1.06
2021-01-13,0.09,0.14,1.1,0.96,1.01
2021-01-14,0.09,0.16,1.15,0.99,1.06
2021-01-15,0.09,0.13,1.11,0.98,1.02
2021-01-19,0.09,0.14,1.1,0.96,1.01
2021-01-20,0.08,0.13,1.1,0.97,1.02
2021-01-21,0.09,0.13,1.12,0.99,1.03
2021-01-22,0.08,0.13,1.1,0.97,1.02
2021-01-25,0.09,0.13,1.05,0.92,0.96
2021-01-26,0.07,0.11,1.05,0.94,0.98
2021-01-27,0.08,0.12,1.04,0.92,0.96
2021-01-28,0.07,0.12,1.07,0.95,1.0
2021-01-29,0.06,0.11,1.11,1.0,1.05
2021-02-01,0.07,0.11,1.09,0.98,1.02
2021-02-02,0.07,0.11,1.12,1.01,1.05
2021-02-03,0.04,0.11,1.15,1.04,1.11
2021-02-04,0.04,0.11,1.15,1.04,1.11
2021-02-05,0.03,0.09,1.19,1.1,1.16
2021-02-08,0.05,0.11,1.19,1.08,1.14
2021-02-09,0.04,0.11,1.18,1.07,1.14
2021-02-10,0.05,0.11,1.15,1.04,1.1
2021-02-11,0.05,0.11,1.16,1.05,1.11
2021-02-12,0.04,0.11,1.2,1.09,1.16
2021-02-16,0.04,0.13,1.3,1.17,1.26
2021-02-17,0.04,0.11,1.29,1.18,1.25
2021-02-18,0.03,0.11,1.29,1.18,1.26
2021-02-19,0.04,0.11,1.34,1.23,1.3
2021-02-22,0.03,0.11,1.37,1.26,1.34
2021-02-23,0.04,0.11,1.37,1.26,1.33
2021-02-24,0.03,0.12,1.38,1.26,1.35
2021-02-25,0.04,0.17,1.54,1.37,1.5
2021-02-26,0.04,0.14,1.44,1.3,1.4
2021-03-01,0.05,0.13,1.45,1.32,1.4
2021-03-02,0.04,0.13,1.42,1.29,1.38
2021-03-03,0.05,0.14,1.47,1.33,1.42
2021-03-04,0.04,0.14,1.54,1.4,1.5
2021-03-05,0.04,0.14,1.56,1.42,1.52
2021-03-08,0.05,0.17,1.59,1.42,1.54
2021-03-09,0.05,0.17,1.55,1.38,1.5
2021-03-10,0.04,0.16,1.53,1.37,1.49
2021-03-11,0.04,0.14,1.54,1.4,1.5
2021-03-12,0.04,0.14,1.64,1.5,1.6
2021-03-15,0.04,0.14,1.62,1.48,1.58
2021-03-16,0.02,0.15,1.62,1.47,1.6
2021-03-17,0.02,0.13,1.63,1.5,1.61
2021-03-18,0.01,0.16,1.71,1.55,1.7
2021-03-19,0.01,0.16,1.74,1.58,1.73
2021-03-22,0.03,0.15,1.69,1.54,1.66
2021-03-23,0.01,0.15,1.63,1.48,1.62
2021-03-24,0.02,0.14,1.62,1.48,1.6
2021-03-25,0.02,0.14,1.63,1.49,1.61
2021-03-26,0.02,0.14,1.67,1.53,1.65
2021-03-29,0.03,0.14,1.73,1.59,1.7
2021-03-30,0.02,0.16,1.73,1.57,1.71
2021-03-31,0.03,0.16,1.74,1.58,1.71
2021-04-01,0.02,0.17,1.69,1.52,1.67
2021-04-02,0.02,0.19,1.72,1.53,1.7
2021-04-05,0.03,0.17,1.73,1.56,1.7
2021-04-06,0.02,0.16,1.67,1.51,1.65
2021-04-07,0.02,0.16,1.68,1.52,1.66
2021-04-08,0.01,0.14,1.64,1.5,1.63
2021-04-09,0.02,0.16,1.67,1.51,1.65
2021-04-12,0.02,0.18,1.69,1.51,1.67
2021-04-13,0.03,0.16,1.64,1.48,1.61
2021-04-14,0.02,0.16,1.64,1.48,1.62
2021-04-15,0.02,0.16,1.56,1.4,1.54
2021-04-16,0.02,0.16,1.59,1.43,1.57
2021-04-19,0.02,0.16,1.61,1.45,1.59
2021-04-20,0.03,0.15,1.58,1.43,1.55
2021-04-21,0.03,0.15,1.57,1.42,1.54
2021-04-22,0.03,0.16,1.57,1.41,1.54
2021-04-23,0.03,0.16,1.58,1.42,1.55
2021-04-26,0.03,0.18,1.58,1.4,1.55
2021-04-27,0.01,0.17,1.63,1.46,1.62
2021-04-28,0.01,0.17,1.63,1.46,1.62
2021-04-29,0.01,0.16,1.65,1.49,1.64
2021-04-30,0.01,0.16,1.65,1.49,1.64
2021-05-03,0.04,0.16,1.63,1.47,1.59
2021-05-04,0.02,0.16,1.61,1.45,1.59
2021-05-05,0.02,0.16,1.59,1.43,1.57
2021-05-06,0.02,0.16,1.58,1.42,1.56
2021-05-07,0.02,0.14,1.6,1.46,1.58
2021-05-10,0.02,0.16,1.63,1.47,1.61
2021-05-11,0.01,0.16,1.64,1.48,1.63
2021-05-12,0.02,0.16,1.69,1.53,1.67
2021-05-13,0.02,0.16,1.66,1.5,1.64
2021-05-14,0.01,0.16,1.63,1.47,1.62
2021-05-17,0.02,0.16,1.64,1.48,1.62
2021-05-18,0.02,0.16,1.64,1.48,1.62
2021-05-19,0.01,0.16,1.68,1.52,1.67
2021-05-20,0.01,0.15,1.63,1.48,1.62
2021-05-21,0.01,0.17,1.63,1.46,1.62
2021-05-24,0.02,0.15,1.61,1.46,1.59
2021-05-25,0.02,0.15,1.56,1.41,1.54
2021-05-26,0.02,0.14,1.58,1.44,1.56
2021-05-27,0.02,0.14,1.61,1.47,1.59
2021-05-28,0.01,0.14,1.58,1.44,1.57
2021-06-01,0.02,0.16,1.62,1.46,1.6
2021-06-02,0.02,0.13,1.59,1.46,1.57
2021-06-03,0.02,0.16,1.63,1.47,1.61
2021-06-04,0.02,0.14,1.56,1.42,1.54
2021-06-07,0.02,0.16,1.57,1.41,1.55
2021-06-08,0.02,0.14,1.53,1.39,1.51
2021-06-09,0.03,0.16,1.5,1.34,1.47
2021-06-10,0.03,0.14,1.45,1.31,1.42
2021-06-11,0.03,0.16,1.47,1.31,1.44
2021-06-14,0.03,0.16,1.51,1.35,1.48
2021-06-15,0.03,0.16,1.51,1.35,1.48
2021-06-16,0.04,0.21,1.57,1.36,1.53
2021-06-17,0.04,0.23,1.52,1.29,1.48
2021-06-18,0.05,0.26,1.45,1.19,1.4
2021-06-21,0.05,0.27,1.5,1.23,1.45
2021-06-22,0.04,0.25,1.48,1.23,1.44
2021-06-23,0.05,0.26,1.5,1.24,1.45
2021-06-24,0.05,0.26,1.49,1.23,1.44
2021-06-25,0.06,0.28,1.54,1.26,1.48
2021-06-28,0.05,0.25,1.49,1.24,1.44
2021-06-29,0.04,0.27,1.49,1.22,1.45
2021-06-30,0.05,0.25,1.45,1.2,1.4
2021-07-01,0.05,0.25,1.48,1.23,1.43
2021-07-02,0.05,0.24,1.44,1.2,1.39
2021-07-06,0.05,0.22,1.37,1.15,1.32
2021-07-07,0.05,0.22,1.33,1.11,1.28
2021-07-08,0.06,0.19,1.3,1.11,1.24
2021-07-09,0.06,0.23,1.37,1.14,1.31
2021-07-12,0.05,0.23,1.38,1.15,1.33
2021-07-13,0.05,0.26,1.42,1.16,1.37
2021-07-14,0.06,0.23,1.37,1.14,1.31
2021-07-15,0.05,0.23,1.31,1.08,1.26
2021-07-16,0.05,0.25,1.31,1.06,1.26
2021-07-19,0.05,0.21,1.19,0.98,1.14
2021-07-20,0.05,0.2,1.23,1.03,1.18
2021-07-21,0.05,0.22,1.3,1.08,1.25
2021-07-22,0.05,0.2,1.27,1.07,1.22
2021-07-23,0.05,0.22,1.3,1.08,1.25
2021-07-26,0.05,0.22,1.29,1.07,1.24
2021-07-27,0.05,0.2,1.25,1.05,1.2
2021-07-28,0.05,0.2,1.26,1.06,1.21
2021-07-29,0.06,0.2,1.28,1.08,1.22
2021-07-30,0.06,0.19,1.24,1.05,1.18
2021-08-02,0.05,0.17,1.2,1.03,1.15
2021-08-03,0.05,0.17,1.19,1.02,1.14
2021-08-04,0.05,0.17,1.19,1.02,1.14
2021-08-05,0.05,0.21,1.23,1.02,1.18
2021-08-06,0.06,0.21,1.31,1.1,1.25
2021-08-09,0.06,0.23,1.33,1.1,1.27
2021-08-10,0.05,0.24,1.36,1.12,1.31
2021-08-11,0.05,0.23,1.35,1.12,1.3
2021-08-12,0.06,0.23,1.36,1.13,1.3
2021-08-13,0.06,0.23,1.29,1.06,1.23
2021-08-16,0.06,0.21,1.26,1.05,1.2
2021-08-17,0.07,0.23,1.26,1.03,1.19
2021-08-18,0.07,0.23,1.27,1.04,1.2
2021-08-19,0.06,0.22,1.24,1.02,1.18
2021-08-20,0.05,0.23,1.26,1.03,1.21
2021-08-23,0.05,0.23,1.25,1.02,1.2
2021-08-24,0.05,0.24,1.29,1.05,1.24
2021-08-25,0.06,0.23,1.35,1.12,1.29
2021-08-26,0.05,0.25,1.34,1.09,1.29
2021-08-27,0.05,0.22,1.31,1.09,1.26
2021-08-30,0.05,0.2,1.29,1.09,1.24
2021-08-31,0.04,0.2,1.3,1.1,1.26
2021-09-01,0.05,0.2,1.31,1.11,1.26
2021-09-02,0.05,0.2,1.29,1.09,1.24
2021-09-03,0.05,0.21,1.33,1.12,1.28
2021-09-07,0.05,0.22,1.38,1.16,1.33
2021-09-08,0.05,0.22,1.35,1.13,1.3
2021-09-09,0.04,0.23,1.3,1.07,1.26
2021-09-10,0.05,0.23,1.35,1.12,1.3
2021-09-13,0.06,0.21,1.33,1.12,1.27
2021-09-14,0.04,0.21,1.28,1.07,1.24
2021-09-15,0.04,0.21,1.31,1.1,1.27
2021-09-16,0.04,0.23,1.34,1.11,1.3
2021-09-17,0.04,0.23,1.37,1.14,1.33
2021-09-20,0.04,0.23,1.31,1.08,1.27
2021-09-21,0.03,0.22,1.33,1.11,1.3
2021-09-22,0.03,0.25,1.32,1.07,1.29
2021-09-23,0.03,0.27,1.41,1.14,1.38
2021-09-24,0.03,0.29,1.47,1.18,1.44
2021-09-27,0.04,0.31,1.48,1.17,1.44
2021-09-28,0.04,0.31,1.54,1.23,1.5
2021-09-29,0.04,0.3,1.55,1.25,1.51
2021-09-30,0.04,0.28,1.52,1.24,1.48
2021-10-01,0.04,0.27,1.48,1.21,1.44
2021-10-04,0.04,0.27,1.49,1.22,1.45
2021-10-05,0.04,0.28,1.54,1.26,1.5
2021-10-06,0.04,0.3,1.53,1.23,1.49
2021-10-07,0.05,0.32,1.58,1.26,1.53
2021-10-08,0.05,0.32,1.61,1.29,1.56
2021-10-12,0.06,0.35,1.59,1.24,1.53
2021-10-13,0.05,0.37,1.56,1.19,1.51
2021-10-14,0.05,0.36,1.52,1.16,1.47
2021-10-15,0.05,0.41,1.59,1.18,1.54
2021-10-18,0.06,0.44,1.59,1.15,1.53
2021-10-19,0.05,0.41,1.65,1.24,1.6
2021-10-20,0.05,0.4,1.65,1.25,1.6
2021-10-21,0.06,0.45,1.68,1.23,1.62
2021-10-22,0.06,0.48,1.66,1.18,1.6
2021-10-25,0.06,0.47,1.64,1.17,1.58
2021-10-26,0.06,0.47,1.63,1.16,1.57
2021-10-27,0.06,0.5,1.54,1.04,1.48
2021-10-28,0.06,0.5,1.57,1.07,1.51
2021-10-29,0.05,0.48,1.55,1.07,1.5
2021-11-01,0.05,0.5,1.58,1.08,1.53
2021-11-02,0.05,0.46,1.56,1.1,1.51
2021-11-03,0.05,0.47,1.6,1.13,1.55
2021-11-04,0.04,0.41,1.53,1.12,1.49
2021-11-05,0.05,0.39,1.45,1.06,1.4
2021-11-08,0.06,0.45,1.51,1.06,1.45
2021-11-09,0.04,0.41,1.46,1.05,1.42
2021-11-10,0.05,0.51,1.56,1.05,1.51
2021-11-12,0.05,0.53,1.58,1.05,1.53
2021-11-15,0.05,0.53,1.63,1.1,1.58
2021-11-16,0.05,0.54,1.63,1.09,1.58
2021-11-17,0.05,0.52,1.6,1.08,1.55
2021-11-18,0.05,0.52,1.59,1.07,1.54
2021-11-19,0.05,0.52,1.54,1.02,1.49
2021-11-22,0.05,0.63,1.63,1.0,1.58
2021-11-23,0.06,0.6,1.67,1.07,1.61
2021-11-24,0.06,0.64,1.64,1.0,1.58
2021-11-26,0.06,0.5,1.48,0.98,1.42
2021-11-29,0.06,0.51,1.52,1.01,1.46
2021-11-30,0.05,0.52,1.43,0.91,1.38
2021-12-01,0.06,0.56,1.43,0.87,1.37
2021-12-02,0.05,0.63,1.44,0.81,1.39
2021-12-03,0.06,0.6,1.35,0.75,1.29
2021-12-06,0.05,0.65,1.43,0.78,1.38
2021-12-07,0.06,0.7,1.48,0.78,1.42
2021-12-08,0.07,0.68,1.52,0.84,1.45
2021-12-09,0.06,0.7,1.49,0.79,1.43
2021-12-10,0.06,0.67,1.48,0.81,1.42
2021-12-13,0.05,0.66,1.42,0.76,1.37
2021-12-14,0.05,0.67,1.44,0.77,1.39
2021-12-15,0.05,0.69,1.47,0.78,1.42
2021-12-16,0.05,0.64,1.44,0.8,1.39
2021-12-17,0.05,0.66,1.41,0.75,1.36
2021-12-20,0.07,0.65,1.43,0.78,1.36
2021-12-21,0.07,0.7,1.48,0.78,1.41
2021-12-22,0.08,0.68,1.46,0.78,1.38
2021-12-23,0.07,0.71,1.5,0.79,1.43
2021-12-27,0.06,0.76,1.48,0.72,1.42
2021-12-28,0.06,0.74,1.49,0.75,1.43
2021-12-29,0.05,0.75,1.55,0.8,1.5
2021-12-30,0.05,0.73,1.52,0.79,1.47
2021-12-31,0.06,0.73,1.52,0.79,1.46
2022-01-03,0.08,0.78,1.63,0.85,1.55
2022-01-04,0.08,0.77,1.66,0.89,1.58
2022-01-05,0.09,0.83,1.71,0.88,1.62
2022-01-06,0.1,0.88,1.73,0.85,1.63
2022-01-07,0.1,0.87,1.76,0.89,1.66
2022-01-10,0.13,0.92,1.78,0.86,1.65
2022-01-11,0.11,0.9,1.75,0.85,1.64
2022-01-12,0.12,0.92,1.74,0.82,1.62
2022-01-13,0.12,0.91,1.7,0.79,1.58
2022-01-14,0.13,0.99,1.78,0.79,1.65
2022-01-18,0.16,1.06,1.87,0.81,1.71
2022-01-19,0.17,1.04,1.83,0.79,1.66
2022-01-20,0.17,1.08,1.83,0.75,1.66
2022-01-21,0.17,1.01,1.75,0.74,1.58
2022-01-24,0.19,0.99,1.75,0.76,1.56
2022-01-25,0.19,1.02,1.78,0.76,1.59
2022-01-26,0.19,1.13,1.85,0.72,1.66
2022-01-27,0.2,1.18,1.81,0.63,1.61
2022-01-28,0.19,1.15,1.78,0.63,1.59
2022-01-31,0.22,1.18,1.79,0.61,1.57
2022-02-01,0.19,1.18,1.81,0.63,1.62
2022-02-02,0.19,1.16,1.78,0.62,1.59
2022-02-03,0.2,1.19,1.82,0.63,1.62
2022-02-04,0.23,1.31,1.93,0.62,1.7
2022-02-07,0.27,1.3,1.92,0.62,1.65
2022-02-08,0.25,1.35,1.96,0.61,1.71
2022-02-09,0.26,1.36,1.94,0.58,1.68
2022-02-10,0.4,1.61,2.03,0.42,1.63
2022-02-11,0.36,1.5,1.92,0.42,1.56
2022-02-14,0.43,1.58,1.98,0.4,1.55
2022-02-15,0.4,1.58,2.05,0.47,1.65
2022-02-16,0.38,1.52,2.03,0.51,1.65
2022-02-17,0.36,1.49,1.97,0.48,1.61
2022-02-18,0.35,1.47,1.92,0.45,1.57
2022-02-22,0.37,1.56,1.94,0.38,1.57
2022-02-23,0.34,1.58,1.99,0.41,1.65
2022-02-24,0.32,1.54,1.96,0.42,1.64
2022-02-25,0.33,1.55,1.97,0.42,1.64
2022-02-28,0.35,1.44,1.83,0.39,1.48
2022-03-01,0.32,1.31,1.72,0.41,1.4
2022-03-02,0.34,1.5,1.86,0.36,1.52
2022-03-03,0.38,1.53,1.86,0.33,1.48
2022-03-04,0.34,1.5,1.74,0.24,1.4
2022-03-07,0.38,1.55,1.78,0.23,1.4
2022-03-08,0.36,1.63,1.86,0.23,1.5
2022-03-09,0.38,1.68,1.94,0.26,1.56
2022-03-10,0.39,1.72,1.98,0.26,1.59
2022-03-11,0.4,1.75,2.0,0.25,1.6
2022-03-14,0.45,1.87,2.14,0.27,1.69
2022-03-15,0.46,1.85,2.15,0.3,1.69
2022-03-16,0.44,1.95,2.19,0.24,1.75
2022-03-17,0.4,1.94,2.2,0.26,1.8
2022-03-18,0.42,1.97,2.14,0.17,1.72
2022-03-21,0.54,2.14,2.32,0.18,1.78
2022-03-22,0.51,2.18,2.38,0.2,1.87
2022-03-23,0.5,2.13,2.32,0.19,1.82
2022-03-24,0.52,2.13,2.34,0.21,1.82
2022-03-25,0.55,2.3,2.48,0.18,1.93
2022-03-28,0.59,2.35,2.46,0.11,1.87
2022-03-29,0.55,2.35,2.41,0.06,1.86
2022-03-30,0.55,2.31,2.35,0.04,1.8
2022-03-31,0.52,2.28,2.32,0.04,1.8
2022-04-01,0.53,2.44,2.39,-0.05,1.86
2022-04-04,0.66,2.43,2.42,-0.01,1.76
2022-04-05,0.65,2.51,2.54,0.03,1.89
2022-04-06,0.67,2.5,2.61,0.11,1.94
2022-04-07,0.68,2.47,2.66,0.19,1.98
2022-04-08,0.7,2.53,2.72,0.19,2.02
2022-04-11,0.77,2.5,2.79,0.29,2.02
2022-04-12,0.74,2.39,2.72,0.33,1.98
2022-04-13,0.75,2.37,2.7,0.33,1.95
2022-04-14,0.79,2.47,2.83,0.36,2.04
2022-04-18,0.81,2.46,2.85,0.39,2.04
2022-04-19,0.81,2.61,2.93,0.32,2.12
2022-04-20,0.82,2.6,2.85,0.25,2.03
2022-04-21,0.83,2.68,2.9,0.22,2.07
2022-04-22,0.83,2.72,2.9,0.18,2.07
2022-04-25,0.91,2.63,2.81,0.18,1.9
2022-04-26,0.83,2.54,2.77,0.23,1.94
2022-04-27,0.82,2.58,2.82,0.24,2.0
2022-04-28,0.82,2.63,2.85,0.22,2.03
2022-04-29,0.85,2.7,2.89,0.19,2.04
2022-05-02,0.9,2.73,2.99,0.26,2.09
2022-05-03,0.91,2.78,2.97,0.19,2.06
2022-05-04,0.89,2.66,2.93,0.27,2.04
2022-05-05,0.85,2.71,3.05,0.34,2.2
2022-05-06,0.85,2.72,3.12,0.4,2.27
2022-05-09,0.92,2.61,3.05,0.44,2.13
2022-05-10,0.89,2.62,2.99,0.37,2.1
2022-05-11,0.91,2.66,2.91,0.25,2.0
2022-05-12,0.96,2.56,2.84,0.28,1.88
2022-05-13,1.03,2.61,2.93,0.32,1.9
2022-05-16,1.07,2.58,2.88,0.3,1.81
2022-05-17,1.06,2.71,2.98,0.27,1.92
2022-05-18,1.03,2.68,2.89,0.21,1.86
2022-05-19,1.05,2.63,2.84,0.21,1.79
2022-05-20,1.03,2.6,2.78,0.18,1.75
2022-05-23,1.07,2.65,2.86,0.21,1.79
2022-05-24,1.06,2.5,2.76,0.26,1.7
2022-05-25,1.06,2.48,2.75,0.27,1.69
2022-05-26,1.07,2.46,2.75,0.29,1.68
2022-05-27,1.08,2.47,2.74,0.27,1.66
2022-05-31,1.16,2.53,2.85,0.32,1.69
2022-06-01,1.15,2.66,2.94,0.28,1.79
2022-06-02,1.17,2.65,2.92,0.27,1.75
2022-06-03,1.21,2.66,2.96,0.3,1.75
2022-06-06,1.26,2.73,3.04,0.31,1.78
2022-06-07,1.26,2.75,2.98,0.23,1.72
2022-06-08,1.28,2.78,3.03,0.25,1.75
2022-06-09,1.3,2.83,3.04,0.21,1.74
2022-06-10,1.39,3.06,3.15,0.09,1.76
2022-06-13,1.73,3.4,3.43,0.03,1.7
2022-06-14,1.83,3.45,3.49,0.04,1.66
2022-06-15,1.74,3.2,3.33,0.13,1.59
2022-06-16,1.59,3.14,3.28,0.14,1.69
2022-06-17,1.63,3.17,3.25,0.08,1.62
2022-06-21,1.7,3.21,3.31,0.1,1.61
2022-06-22,1.61,3.06,3.16,0.1,1.55
2022-06-23,1.65,3.01,3.09,0.08,1.44
2022-06-24,1.73,3.04,3.13,0.09,1.4
2022-06-27,1.79,3.08,3.2,0.12,1.41
2022-06-28,1.79,3.1,3.2,0.1,1.41
2022-06-29,1.78,3.06,3.1,0.04,1.32
2022-06-30,1.72,2.92,2.98,0.06,1.26
2022-07-01,1.73,2.84,2.88,0.04,1.15
2022-07-05,1.9,2.82,2.82,0.0,0.92
2022-07-06,1.9,2.97,2.93,-0.04,1.03
2022-07-07,1.95,3.03,3.01,-0.02,1.06
2022-07-08,1.98,3.12,3.09,-0.03,1.11
2022-07-11,2.18,3.07,2.99,-0.08,0.81
2022-07-12,2.22,3.03,2.96,-0.07,0.74
2022-07-13,2.39,3.13,2.91,-0.22,0.52
2022-07-14,2.4,3.15,2.96,-0.19,0.56
2022-07-15,2.37,3.13,2.93,-0.2,0.56
2022-07-18,2.5,3.15,2.96,-0.19,0.46
2022-07-19,2.52,3.23,3.01,-0.22,0.49
2022-07-20,2.51,3.25,3.04,-0.21,0.53
2022-07-21,2.48,3.1,2.91,-0.19,0.43
2022-07-22,2.49,2.98,2.77,-0.21,0.28
2022-07-25,2.62,3.0,2.81,-0.19,0.19
2022-07-26,2.55,3.02,2.81,-0.21,0.26
2022-07-27,2.44,2.96,2.78,-0.18,0.34
2022-07-28,2.42,2.85,2.68,-0.17,0.26
2022-07-29,2.41,2.89,2.67,-0.22,0.26
2022-08-01,2.56,2.9,2.6,-0.3,0.04
2022-08-02,2.56,3.06,2.75,-0.31,0.19
2022-08-03,2.52,3.1,2.73,-0.37,0.21
2022-08-04,2.5,3.03,2.68,-0.35,0.18
2022-08-05,2.58,3.24,2.83,-0.41,0.25
2022-08-08,2.65,3.21,2.77,-0.44,0.12
2022-08-09,2.67,3.28,2.8,-0.48,0.13
2022-08-10,2.65,3.23,2.78,-0.45,0.13
2022-08-11,2.62,3.23,2.87,-0.36,0.25
2022-08-12,2.63,3.25,2.84,-0.41,0.21
2022-08-15,2.72,3.2,2.79,-0.41,0.07
2022-08-16,2.7,3.25,2.82,-0.43,0.12
2022-08-17,2.68,3.28,2.89,-0.39,0.21
2022-08-18,2.71,3.22,2.88,-0.34,0.17
2022-08-19,2.74,3.25,2.98,-0.27,0.24
2022-08-22,2.82,3.32,3.03,-0.29,0.21
2022-08-23,2.8,3.29,3.05,-0.24,0.25
2022-08-24,2.82,3.36,3.11,-0.25,0.29
2022-08-25,2.88,3.35,3.03,-0.32,0.15
2022-08-26,2.89,3.37,3.04,-0.33,0.15
2022-08-29,2.97,3.42,3.12,-0.3,0.15
2022-08-30,2.97,3.46,3.11,-0.35,0.14
2022-08-31,2.96,3.45,3.15,-0.3,0.19
2022-09-01,2.97,3.51,3.26,-0.25,0.29
2022-09-02,2.94,3.4,3.2,-0.2,0.26
2022-09-06,3.04,3.5,3.33,-0.17,0.29
2022-09-07,3.07,3.45,3.27,-0.18,0.2
2022-09-08,3.06,3.48,3.29,-0.19,0.23
2022-09-09,3.08,3.56,3.33,-0.23,0.25
2022-09-12,3.17,3.58,3.37,-0.21,0.2
2022-09-13,3.28,3.75,3.42,-0.33,0.14
2022-09-14,3.24,3.78,3.41,-0.37,0.17
2022-09-15,3.22,3.87,3.45,-0.42,0.23
2022-09-16,3.2,3.85,3.45,-0.4,0.25
2022-09-19,3.37,3.95,3.49,-0.46,0.12
2022-09-20,3.35,3.96,3.57,-0.39,0.22
2022-09-21,3.31,4.02,3.51,-0.51,0.2
2022-09-22,3.29,4.11,3.7,-0.41,0.41
2022-09-23,3.24,4.2,3.69,-0.51,0.45
2022-09-26,3.39,4.27,3.88,-0.39,0.49
2022-09-27,3.35,4.3,3.97,-0.33,0.62
2022-09-28,3.4,4.07,3.72,-0.35,0.32
2022-09-29,3.36,4.16,3.76,-0.4,0.4
2022-09-30,3.33,4.22,3.83,-0.39,0.5
2022-10-03,3.46,4.12,3.67,-0.45,0.21
2022-10-04,3.45,4.1,3.62,-0.48,0.17
2022-10-05,3.46,4.15,3.76,-0.39,0.3
2022-10-06,3.46,4.23,3.83,-0.4,0.37
2022-10-07,3.45,4.3,3.89,-0.41,0.44
2022-10-11,3.67,4.3,3.93,-0.37,0.26
2022-10-12,3.7,4.28,3.91,-0.37,0.21
2022-10-13,3.79,4.47,3.97,-0.5,0.18
2022-10-14,3.81,4.48,4.0,-0.48,0.19
2022-10-17,3.97,4.45,4.02,-0.43,0.05
2022-10-18,4.04,4.43,4.01,-0.42,-0.03
2022-10-19,4.07,4.55,4.14,-0.41,0.07
2022-10-20,4.09,4.62,4.24,-0.38,0.15
2022-10-21,4.09,4.49,4.21,-0.28,0.12
2022-10-24,4.16,4.5,4.25,-0.25,0.09
2022-10-25,4.14,4.42,4.1,-0.32,-0.04
2022-10-26,4.11,4.39,4.04,-0.35,-0.07
2022-10-27,4.13,4.3,3.96,-0.34,-0.17
2022-10-28,4.18,4.41,4.02,-0.39,-0.16
2022-10-31,4.22,4.51,4.1,-0.41,-0.12
2022-11-01,4.23,4.54,4.07,-0.47,-0.16
2022-11-02,4.22,4.61,4.1,-0.51,-0.12
2022-11-03,4.25,4.71,4.14,-0.57,-0.11
2022-11-04,4.21,4.66,4.17,-0.49,-0.04
2022-11-07,4.29,4.72,4.22,-0.5,-0.07
2022-11-08,4.28,4.67,4.14,-0.53,-0.14
2022-11-09,4.29,4.61,4.12,-0.49,-0.17
2022-11-10,4.28,4.34,3.82,-0.52,-0.46
2022-11-14,4.34,4.4,3.88,-0.52,-0.46
2022-11-15,4.31,4.37,3.8,-0.57,-0.51
2022-11-16,4.32,4.35,3.67,-0.68,-0.65
2022-11-17,4.32,4.43,3.77,-0.66,-0.55
2022-11-18,4.34,4.51,3.82,-0.69,-0.52
2022-11-21,4.41,4.48,3.83,-0.65,-0.58
2022-11-22,4.4,4.47,3.76,-0.71,-0.64
2022-11-23,4.4,4.46,3.71,-0.75,-0.69
2022-11-25,4.41,4.42,3.68,-0.74,-0.73
2022-11-28,4.41,4.46,3.69,-0.77,-0.72
2022-11-29,4.38,4.48,3.75,-0.73,-0.63
2022-11-30,4.37,4.38,3.68,-0.7,-0.69
2022-12-01,4.33,4.25,3.53,-0.72,-0.8
2022-12-02,4.34,4.28,3.51,-0.77,-0.83
2022-12-05,4.36,4.41,3.6,-0.81,-0.76
2022-12-06,4.37,4.34,3.51,-0.83,-0.86
2022-12-07,4.29,4.26,3.42,-0.84,-0.87
2022-12-08,4.28,4.31,3.48,-0.83,-0.8
2022-12-09,4.31,4.33,3.57,-0.76,-0.74
2022-12-12,4.38,4.39,3.61,-0.78,-0.77
2022-12-13,4.35,4.22,3.51,-0.71,-0.84
2022-12-14,4.33,4.23,3.49,-0.74,-0.84
2022-12-15,4.34,4.23,3.44,-0.79,-0.9
2022-12-16,4.31,4.17,3.48,-0.69,-0.83
2022-12-19,4.37,4.25,3.57,-0.68,-0.8
2022-12-20,4.35,4.25,3.69,-0.56,-0.66
2022-12-21,4.33,4.21,3.68,-0.53,-0.65
2022-12-22,4.35,4.24,3.67,-0.57,-0.68
2022-12-23,4.34,4.31,3.75,-0.56,-0.59
2022-12-27,4.46,4.32,3.84,-0.48,-0.62
2022-12-28,4.46,4.31,3.88,-0.43,-0.58
2022-12-29,4.45,4.34,3.83,-0.51,-0.62
2022-12-30,4.42,4.41,3.88,-0.53,-0.54
2023-01-03,4.53,4.4,3.79,-0.61,-0.74
2023-01-04,4.55,4.36,3.69,-0.67,-0.86
2023-01-05,4.66,4.45,3.71,-0.74,-0.95
2023-01-06,4.67,4.24,3.55,-0.69,-1.12
2023-01-09,4.7,4.19,3.53,-0.66,-1.17
2023-01-10,4.73,4.24,3.61,-0.63,-1.12
2023-01-11,4.72,4.2,3.54,-0.66,-1.18
2023-01-12,4.66,4.12,3.43,-0.69,-1.23
2023-01-13,4.67,4.22,3.49,-0.73,-1.18
2023-01-17,4.71,4.18,3.53,-0.65,-1.18
2023-01-18,4.69,4.06,3.37,-0.69,-1.32
2023-01-19,4.71,4.09,3.39,-0.7,-1.32
2023-01-20,4.72,4.14,3.48,-0.66,-1.24
2023-01-23,4.73,4.21,3.52,-0.69,-1.21
2023-01-24,4.72,4.12,3.46,-0.66,-1.26
2023-01-25,4.72,4.11,3.46,-0.65,-1.26
2023-01-26,4.71,4.17,3.49,-0.68,-1.22
2023-01-27,4.73,4.19,3.52,-0.67,-1.21
2023-01-30,4.72,4.25,3.55,-0.7,-1.17
2023-01-31,4.7,4.21,3.52,-0.69,-1.18
2023-02-01,4.66,4.09,3.39,-0.7,-1.27
2023-02-02,4.66,4.09,3.4,-0.69,-1.26
2023-02-03,4.7,4.3,3.53,-0.77,-1.17
2023-02-06,4.71,4.44,3.63,-0.81,-1.08
2023-02-07,4.71,4.47,3.67,-0.8,-1.04
2023-02-08,4.72,4.45,3.63,-0.82,-1.09
2023-02-09,4.77,4.48,3.67,-0.81,-1.1
2023-02-10,4.79,4.5,3.74,-0.76,-1.05
2023-02-13,4.81,4.52,3.72,-0.8,-1.09
2023-02-14,4.8,4.6,3.77,-0.83,-1.03
2023-02-15,4.79,4.62,3.81,-0.81,-0.98
2023-02-16,4.84,4.62,3.86,-0.76,-0.98
2023-02-17,4.84,4.6,3.82,-0.78,-1.02
2023-02-21,4.86,4.67,3.95,-0.72,-0.91
2023-02-22,4.84,4.66,3.93,-0.73,-0.91
2023-02-23,4.84,4.66,3.88,-0.78,-0.96
2023-02-24,4.86,4.78,3.95,-0.83,-0.91
2023-02-27,4.89,4.78,3.92,-0.86,-0.97
2023-02-28,4.88,4.81,3.92,-0.89,-0.96
2023-03-01,4.9,4.89,4.01,-0.88,-0.89
2023-03-02,4.91,4.89,4.08,-0.81,-0.83
2023-03-03,4.91,4.86,3.97,-0.89,-0.94
2023-03-06,4.93,4.89,3.98,-0.91,-0.95
2023-03-07,5.04,5.0,3.97,-1.03,-1.07
2023-03-08,5.06,5.05,3.98,-1.07,-1.08
2023-03-09,5.05,4.9,3.93,-0.97,-1.12
2023-03-10,5.01,4.6,3.7,-0.9,-1.31
2023-03-13,4.87,4.03,3.55,-0.48,-1.32
2023-03-14,4.88,4.2,3.64,-0.56,-1.24
2023-03-15,4.75,3.93,3.51,-0.42,-1.24
2023-03-16,4.74,4.14,3.56,-0.58,-1.18
2023-03-17,4.52,3.81,3.39,-0.42,-1.13
2023-03-20,4.81,3.92,3.47,-0.45,-1.34
2023-03-21,4.78,4.17,3.59,-0.58,-1.19
2023-03-22,4.79,3.96,3.48,-0.48,-1.31
2023-03-23,4.73,3.76,3.38,-0.38,-1.35
2023-03-24,4.74,3.76,3.38,-0.38,-1.36
2023-03-27,4.91,3.94,3.53,-0.41,-1.38
2023-03-28,4.8,4.02,3.55,-0.47,-1.25
2023-03-29,4.8,4.08,3.57,-0.51,-1.23
2023-03-30,4.97,4.1,3.55,-0.55,-1.42
2023-03-31,4.85,4.06,3.48,-0.58,-1.37
2023-04-03,4.9,3.97,3.43,-0.54,-1.47
2023-04-04,4.88,3.84,3.35,-0.49,-1.53
2023-04-05,4.86,3.79,3.3,-0.49,-1.56
2023-04-06,4.91,3.82,3.3,-0.52,-1.61
2023-04-07,4.95,3.97,3.39,-0.58,-1.56
2023-04-10,5.08,4.0,3.41,-0.59,-1.67
2023-04-11,5.04,4.03,3.43,-0.6,-1.61
2023-04-12,5.02,3.95,3.41,-0.54,-1.61
2023-04-13,5.1,3.96,3.45,-0.51,-1.65
2023-04-14,5.14,4.08,3.52,-0.56,-1.62
2023-04-17,5.21,4.18,3.6,-0.58,-1.61
2023-04-18,5.2,4.19,3.58,-0.61,-1.62
2023-04-19,5.16,4.24,3.6,-0.64,-1.56
2023-04-20,5.12,4.14,3.54,-0.6,-1.58
2023-04-21,5.14,4.17,3.57,-0.6,-1.57
2023-04-24,5.2,4.12,3.52,-0.6,-1.68
2023-04-25,5.12,3.86,3.4,-0.46,-1.72
2023-04-26,5.16,3.9,3.43,-0.47,-1.73
2023-04-27,5.18,4.07,3.53,-0.54,-1.65
2023-04-28,5.1,4.04,3.44,-0.6,-1.66
2023-05-01,5.27,4.14,3.59,-0.55,-1.68
2023-05-02,5.24,3.97,3.44,-0.53,-1.8
2023-05-03,5.26,3.89,3.38,-0.51,-1.88
2023-05-04,5.26,3.75,3.37,-0.38,-1.89
2023-05-05,5.26,3.92,3.44,-0.48,-1.82
2023-05-08,5.31,4.0,3.52,-0.48,-1.79
2023-05-09,5.29,4.01,3.53,-0.48,-1.76
2023-05-10,5.24,3.9,3.43,-0.47,-1.81
2023-05-11,5.2,3.89,3.39,-0.5,-1.81
2023-05-12,5.25,3.98,3.46,-0.52,-1.79
2023-05-15,5.21,3.99,3.5,-0.49,-1.71
2023-05-16,5.23,4.06,3.54,-0.52,-1.69
2023-05-17,5.26,4.12,3.57,-0.55,-1.69
2023-05-18,5.31,4.24,3.65,-0.59,-1.66
2023-05-19,5.29,4.28,3.7,-0.58,-1.59
2023-05-22,5.4,4.29,3.72,-0.57,-1.68
2023-05-23,5.34,4.26,3.7,-0.56,-1.64
2023-05-24,5.37,4.31,3.73,-0.58,-1.64
2023-05-25,5.38,4.5,3.83,-0.67,-1.55
2023-05-26,5.34,4.54,3.8,-0.74,-1.54
2023-05-30,5.55,4.46,3.69,-0.77,-1.86
2023-05-31,5.52,4.4,3.64,-0.76,-1.88
2023-06-01,5.5,4.33,3.61,-0.72,-1.89
2023-06-02,5.5,4.5,3.69,-0.81,-1.81
2023-06-05,5.46,4.46,3.69,-0.77,-1.77
2023-06-06,5.44,4.51,3.7,-0.81,-1.74
2023-06-07,5.42,4.56,3.79,-0.77,-1.63
2023-06-08,5.38,4.52,3.73,-0.79,-1.65
2023-06-09,5.37,4.59,3.75,-0.84,-1.62
2023-06-12,5.4,4.55,3.73,-0.82,-1.67
2023-06-13,5.36,4.67,3.84,-0.83,-1.52
2023-06-14,5.36,4.74,3.83,-0.91,-1.53
2023-06-15,5.33,4.62,3.72,-0.9,-1.61
2023-06-16,5.34,4.7,3.77,-0.93,-1.57
2023-06-20,5.39,4.68,3.74,-0.94,-1.65
2023-06-21,5.4,4.68,3.72,-0.96,-1.68
2023-06-22,5.4,4.77,3.8,-0.97,-1.6
2023-06-23,5.41,4.71,3.74,-0.97,-1.67
2023-06-26,5.5,4.65,3.72,-0.93,-1.78
2023-06-27,5.44,4.74,3.77,-0.97,-1.67
2023-06-28,5.44,4.71,3.71,-1.0,-1.73
2023-06-29,5.46,4.87,3.85,-1.02,-1.61
2023-06-30,5.43,4.87,3.81,-1.06,-1.62
2023-07-03,5.44,4.94,3.86,-1.08,-1.58
2023-07-05,5.44,4.94,3.95,-0.99,-1.49
2023-07-06,5.46,4.99,4.05,-0.94,-1.41
2023-07-07,5.46,4.94,4.06,-0.88,-1.4
2023-07-10,5.48,4.85,4.01,-0.84,-1.47
2023-07-11,5.49,4.88,3.99,-0.89,-1.5
2023-07-12,5.47,4.72,3.86,-0.86,-1.61
2023-07-13,5.47,4.59,3.76,-0.83,-1.71
2023-07-14,5.49,4.74,3.83,-0.91,-1.66
2023-07-17,5.49,4.74,3.81,-0.93,-1.68
2023-07-18,5.49,4.74,3.8,-0.94,-1.69
2023-07-19,5.49,4.74,3.75,-0.99,-1.74
2023-07-20,5.49,4.8,3.85,-0.95,-1.64
2023-07-21,5.5,4.82,3.84,-0.98,-1.66
2023-07-24,5.51,4.81,3.86,-0.95,-1.65
2023-07-25,5.51,4.85,3.91,-0.94,-1.6
2023-07-26,5.51,4.82,3.86,-0.96,-1.65
2023-07-27,5.51,4.91,4.01,-0.9,-1.5
2023-07-28,5.52,4.87,3.96,-0.91,-1.56
2023-07-31,5.55,4.88,3.97,-0.91,-1.58
2023-08-01,5.54,4.92,4.05,-0.87,-1.49
2023-08-02,5.53,4.88,4.08,-0.8,-1.45
2023-08-03,5.54,4.9,4.2,-0.7,-1.34
2023-08-04,5.54,4.78,4.05,-0.73,-1.49
2023-08-07,5.56,4.76,4.09,-0.67,-1.47
2023-08-08,5.57,4.74,4.02,-0.72,-1.55
2023-08-09,5.55,4.79,4.0,-0.79,-1.55
2023-08-10,5.54,4.82,4.09,-0.73,-1.45
2023-08-11,5.54,4.89,4.16,-0.73,-1.38
2023-08-14,5.56,4.96,4.19,-0.77,-1.37
2023-08-15,5.56,4.92,4.21,-0.71,-1.35
2023-08-16,5.56,4.97,4.28,-0.69,-1.28
2023-08-17,5.56,4.94,4.3,-0.64,-1.26
2023-08-18,5.55,4.92,4.26,-0.66,-1.29
2023-08-21,5.57,4.97,4.34,-0.63,-1.23
2023-08-22,5.57,5.02,4.34,-0.68,-1.23
2023-08-23,5.57,4.95,4.19,-0.76,-1.38
2023-08-24,5.58,4.98,4.23,-0.75,-1.35
2023-08-25,5.61,5.03,4.25,-0.78,-1.36
2023-08-28,5.58,4.98,4.2,-0.78,-1.38
2023-08-29,5.56,4.87,4.12,-0.75,-1.44
2023-08-30,5.56,4.9,4.12,-0.78,-1.44
2023-08-31,5.56,4.85,4.09,-0.76,-1.47
2023-09-01,5.53,4.87,4.18,-0.69,-1.35
2023-09-05,5.55,4.94,4.27,-0.67,-1.28
2023-09-06,5.55,5.01,4.3,-0.71,-1.25
2023-09-07,5.53,4.94,4.27,-0.67,-1.26
2023-09-08,5.55,4.98,4.26,-0.72,-1.29
2023-09-11,5.55,4.97,4.29,-0.68,-1.26
2023-09-12,5.56,4.98,4.27,-0.71,-1.29
2023-09-13,5.55,4.96,4.25,-0.71,-1.3
2023-09-14,5.55,5.0,4.29,-0.71,-1.26
2023-09-15,5.56,5.02,4.33,-0.69,-1.23
2023-09-18,5.55,5.05,4.32,-0.73,-1.23
2023-09-19,5.54,5.08,4.37,-0.71,-1.17
2023-09-20,5.56,5.12,4.35,-0.77,-1.21
2023-09-21,5.57,5.12,4.49,-0.63,-1.08
2023-09-22,5.56,5.1,4.44,-0.66,-1.12
2023-09-25,5.58,5.09,4.55,-0.54,-1.03
2023-09-26,5.58,5.04,4.56,-0.48,-1.02
2023-09-27,5.58,5.1,4.61,-0.49,-0.97
2023-09-28,5.56,5.04,4.59,-0.45,-0.97
2023-09-29,5.55,5.03,4.59,-0.44,-0.96
2023-10-02,5.62,5.12,4.69,-0.43,-0.93
2023-10-03,5.62,5.15,4.81,-0.34,-0.81
2023-10-04,5.61,5.05,4.73,-0.32,-0.88
2023-10-05,5.61,5.03,4.72,-0.31,-0.89
2023-10-06,5.63,5.08,4.78,-0.3,-0.85
2023-10-10,5.61,4.96,4.66,-0.3,-0.95
2023-10-11,5.61,4.99,4.58,-0.41,-1.03
2023-10-12,5.63,5.06,4.7,-0.36,-0.93
2023-10-13,5.62,5.04,4.63,-0.41,-0.99
2023-10-16,5.61,5.09,4.71,-0.38,-0.9
2023-10-17,5.62,5.19,4.83,-0.36,-0.79
2023-10-18,5.61,5.19,4.91,-0.28,-0.7
2023-10-19,5.6,5.14,4.98,-0.16,-0.62
2023-10-20,5.58,5.07,4.93,-0.14,-0.65
2023-10-23,5.58,5.05,4.86,-0.19,-0.72
2023-10-24,5.58,5.02,4.83,-0.19,-0.75
2023-10-25,5.59,5.08,4.95,-0.13,-0.64
2023-10-26,5.59,5.02,4.86,-0.16,-0.73
2023-10-27,5.59,4.99,4.84,-0.15,-0.75
2023-10-30,5.6,5.03,4.88,-0.15,-0.72
2023-10-31,5.59,5.07,4.88,-0.19,-0.71
2023-11-01,5.57,4.95,4.77,-0.18,-0.8
2023-11-02,5.54,4.98,4.67,-0.31,-0.87
2023-11-03,5.53,4.83,4.57,-0.26,-0.96
2023-11-06,5.56,4.93,4.67,-0.26,-0.89
2023-11-07,5.55,4.91,4.58,-0.33,-0.97
2023-11-08,5.54,4.93,4.49,-0.44,-1.05
2023-11-09,5.54,5.03,4.62,-0.41,-0.92
2023-11-10,5.53,5.04,4.61,-0.43,-0.92
2023-11-13,5.55,5.02,4.63,-0.39,-0.92
2023-11-14,5.52,4.8,4.44,-0.36,-1.08
2023-11-15,5.53,4.9,4.53,-0.37,-1.0
2023-11-16,5.51,4.83,4.45,-0.38,-1.06
2023-11-17,5.5,4.88,4.44,-0.44,-1.06
2023-11-20,5.54,4.89,4.42,-0.47,-1.12
2023-11-21,5.53,4.86,4.41,-0.45,-1.12
2023-11-22,5.54,4.89,4.42,-0.47,-1.12
2023-11-24,5.54,4.92,4.47,-0.45,-1.07
2023-11-27,5.49,4.84,4.39,-0.45,-1.1
2023-11-28,5.47,4.73,4.34,-0.39,-1.13
2023-11-29,5.45,4.64,4.27,-0.37,-1.18
2023-11-30,5.45,4.73,4.37,-0.36,-1.08
2023-12-01,5.43,4.56,4.22,-0.34,-1.21
2023-12-04,5.46,4.64,4.28,-0.36,-1.18
2023-12-05,5.45,4.57,4.18,-0.39,-1.27
2023-12-06,5.45,4.6,4.12,-0.48,-1.33
2023-12-07,5.44,4.58,4.14,-0.44,-1.3
2023-12-08,5.44,4.71,4.23,-0.48,-1.21
2023-12-11,5.47,4.71,4.23,-0.48,-1.24
2023-12-12,5.46,4.73,4.2,-0.53,-1.26
2023-12-13,5.44,4.46,4.04,-0.42,-1.4
2023-12-14,5.43,4.37,3.92,-0.45,-1.51
2023-12-15,5.44,4.44,3.91,-0.53,-1.53
2023-12-18,5.46,4.43,3.95,-0.48,-1.51
2023-12-19,5.43,4.41,3.93,-0.48,-1.5
2023-12-20,5.44,4.34,3.86,-0.48,-1.58
2023-12-21,5.42,4.33,3.89,-0.44,-1.53
2023-12-22,5.44,4.31,3.9,-0.41,-1.54
2023-12-26,5.45,4.26,3.89,-0.37,-1.56
2023-12-27,5.44,4.2,3.79,-0.41,-1.65
2023-12-28,5.45,4.26,3.84,-0.42,-1.61
2023-12-29,5.4,4.23,3.88,-0.35,-1.52
2024-01-02,5.46,4.33,3.95,-0.38,-1.51
2024-01-03,5.48,4.33,3.91,-0.42,-1.57
2024-01-04,5.48,4.38,3.99,-0.39,-1.49
2024-01-05,5.47,4.4,4.05,-0.35,-1.42
2024-01-08,5.49,4.36,4.01,-0.35,-1.48
2024-01-09,5.47,4.36,4.02,-0.34,-1.45
2024-01-10,5.46,4.37,4.04,-0.33,-1.42
2024-01-11,5.46,4.26,3.98,-0.28,-1.48
2024-01-12,5.45,4.14,3.96,-0.18,-1.49
2024-01-16,5.45,4.22,4.07,-0.15,-1.38
2024-01-17,5.47,4.34,4.1,-0.24,-1.37
2024-01-18,5.45,4.34,4.14,-0.2,-1.31
2024-01-19,5.45,4.39,4.15,-0.24,-1.3
2024-01-22,5.46,4.37,4.11,-0.26,-1.35
2024-01-23,5.45,4.31,4.14,-0.17,-1.31
2024-01-24,5.44,4.34,4.18,-0.16,-1.26
2024-01-25,5.44,4.28,4.14,-0.14,-1.3
2024-01-26,5.44,4.34,4.15,-0.19,-1.29
2024-01-29,5.42,4.29,4.08,-0.21,-1.34
2024-01-30,5.42,4.36,4.06,-0.3,-1.36
2024-01-31,5.42,4.27,3.99,-0.28,-1.43
2024-02-01,5.42,4.2,3.87,-0.33,-1.55
2024-02-02,5.43,4.36,4.03,-0.33,-1.4
2024-02-05,5.42,4.46,4.17,-0.29,-1.25
2024-02-06,5.44,4.39,4.09,-0.3,-1.35
2024-02-07,5.43,4.41,4.09,-0.32,-1.34
2024-02-08,5.44,4.46,4.15,-0.31,-1.29
2024-02-09,5.44,4.48,4.17,-0.31,-1.27
2024-02-12,5.43,4.46,4.17,-0.29,-1.26
2024-02-13,5.45,4.64,4.31,-0.33,-1.14
2024-02-14,5.43,4.56,4.27,-0.29,-1.16
2024-02-15,5.43,4.56,4.24,-0.32,-1.19
2024-02-16,5.44,4.64,4.3,-0.34,-1.14
2024-02-20,5.44,4.59,4.27,-0.32,-1.17
2024-02-21,5.44,4.64,4.32,-0.32,-1.12
2024-02-22,5.45,4.69,4.33,-0.36,-1.12
2024-02-23,5.46,4.67,4.26,-0.41,-1.2
2024-02-26,5.47,4.69,4.28,-0.41,-1.19
2024-02-27,5.45,4.7,4.31,-0.39,-1.14
2024-02-28,5.45,4.64,4.27,-0.37,-1.18
2024-02-29,5.45,4.64,4.25,-0.39,-1.2
2024-03-01,5.42,4.54,4.19,-0.35,-1.23
2024-03-04,5.48,4.61,4.22,-0.39,-1.26
2024-03-05,5.47,4.54,4.13,-0.41,-1.34
2024-03-06,5.47,4.55,4.11,-0.44,-1.36
2024-03-07,5.47,4.5,4.09,-0.41,-1.38
2024-03-08,5.46,4.48,4.09,-0.39,-1.37
2024-03-11,5.48,4.51,4.1,-0.41,-1.38
2024-03-12,5.48,4.58,4.16,-0.42,-1.32
2024-03-13,5.48,4.61,4.19,-0.42,-1.29
2024-03-14,5.48,4.68,4.29,-0.39,-1.19
2024-03-15,5.48,4.72,4.31,-0.41,-1.17
2024-03-18,5.48,4.73,4.34,-0.39,-1.14
2024-03-19,5.48,4.68,4.3,-0.38,-1.18
2024-03-20,5.47,4.59,4.27,-0.32,-1.2
2024-03-21,5.48,4.62,4.27,-0.35,-1.21
2024-03-22,5.46,4.59,4.22,-0.37,-1.24
2024-03-25,5.46,4.54,4.25,-0.29,-1.21
2024-03-26,5.46,4.56,4.24,-0.32,-1.22
2024-03-27,5.45,4.54,4.2,-0.34,-1.25
2024-03-28,5.46,4.59,4.2,-0.39,-1.26
2024-04-01,5.44,4.72,4.33,-0.39,-1.11
2024-04-02,5.42,4.7,4.36,-0.34,-1.06
2024-04-03,5.42,4.68,4.36,-0.32,-1.06
2024-04-04,5.41,4.65,4.31,-0.34,-1.1
2024-04-05,5.43,4.73,4.39,-0.34,-1.04
2024-04-08,5.43,4.78,4.42,-0.36,-1.01
2024-04-09,5.43,4.74,4.36,-0.38,-1.07
2024-04-10,5.45,4.97,4.55,-0.42,-0.9
2024-04-11,5.45,4.93,4.56,-0.37,-0.89
2024-04-12,5.45,4.88,4.5,-0.38,-0.95
2024-04-15,5.45,4.93,4.63,-0.3,-0.82
2024-04-16,5.45,4.97,4.67,-0.3,-0.78
2024-04-17,5.45,4.93,4.59,-0.34,-0.86
2024-04-18,5.46,4.98,4.64,-0.34,-0.82
2024-04-19,5.45,4.97,4.62,-0.35,-0.83
2024-04-22,5.42,4.97,4.62,-0.35,-0.8
2024-04-23,5.45,4.86,4.61,-0.25,-0.84
2024-04-24,5.46,4.89,4.65,-0.24,-0.81
2024-04-25,5.47,4.96,4.7,-0.26,-0.77
2024-04-26,5.46,4.96,4.67,-0.29,-0.79
2024-04-29,5.45,4.97,4.63,-0.34,-0.82
2024-04-30,5.46,5.04,4.69,-0.35,-0.77
2024-05-01,5.46,4.96,4.63,-0.33,-0.83
2024-05-02,5.46,4.87,4.58,-0.29,-0.88
2024-05-03,5.45,4.81,4.5,-0.31,-0.95
2024-05-06,5.45,4.82,4.49,-0.33,-0.96
2024-05-07,5.45,4.82,4.47,-0.35,-0.98
2024-05-08,5.45,4.84,4.48,-0.36,-0.97
2024-05-09,5.46,4.8,4.45,-0.35,-1.01
2024-05-10,5.47,4.87,4.5,-0.37,-0.97
2024-05-13,5.45,4.85,4.48,-0.37,-0.97
2024-05-14,5.44,4.81,4.45,-0.36,-0.99
2024-05-15,5.45,4.73,4.36,-0.37,-1.09
2024-05-16,5.45,4.78,4.38,-0.4,-1.07
2024-05-17,5.46,4.83,4.42,-0.41,-1.04
2024-05-20,5.45,4.82,4.44,-0.38,-1.01
2024-05-21,5.45,4.82,4.41,-0.41,-1.04
2024-05-22,5.45,4.86,4.43,-0.43,-1.02
2024-05-23,5.46,4.91,4.47,-0.44,-0.99
2024-05-24,5.46,4.93,4.46,-0.47,-1.0
2024-05-28,5.46,4.94,4.54,-0.4,-0.92
2024-05-29,5.46,4.96,4.61,-0.35,-0.85
2024-05-30,5.46,4.92,4.55,-0.37,-0.91
2024-05-31,5.46,4.89,4.51,-0.38,-0.95
2024-06-03,5.52,4.82,4.41,-0.41,-1.11
2024-06-04,5.52,4.77,4.33,-0.44,-1.19
2024-06-05,5.51,4.72,4.29,-0.43,-1.22
2024-06-06,5.51,4.72,4.28,-0.44,-1.23
2024-06-07,5.52,4.87,4.43,-0.44,-1.09
2024-06-10,5.52,4.87,4.47,-0.4,-1.05
2024-06-11,5.52,4.81,4.39,-0.42,-1.13
2024-06-12,5.51,4.75,4.31,-0.44,-1.2
2024-06-13,5.51,4.68,4.24,-0.44,-1.27
2024-06-14,5.51,4.67,4.2,-0.47,-1.31
2024-06-17,5.52,4.75,4.28,-0.47,-1.24
2024-06-18,5.5,4.69,4.22,-0.47,-1.28
2024-06-20,5.5,4.7,4.25,-0.45,-1.25
2024-06-21,5.49,4.7,4.25,-0.45,-1.24
2024-06-24,5.5,4.71,4.25,-0.46,-1.25
2024-06-25,5.49,4.65,4.23,-0.42,-1.26
2024-06-26,5.5,4.71,4.32,-0.39,-1.18
2024-06-27,5.49,4.7,4.29,-0.41,-1.2
2024-06-28,5.48,4.71,4.36,-0.35,-1.12
2024-07-01,5.47,4.77,4.48,-0.29,-0.99
2024-07-02,5.47,4.74,4.43,-0.31,-1.04
2024-07-03,5.47,4.71,4.36,-0.35,-1.11
2024-07-05,5.46,4.6,4.28,-0.32,-1.18
2024-07-08,5.46,4.62,4.28,-0.34,-1.18
2024-07-09,5.46,4.62,4.3,-0.32,-1.16
2024-07-10,5.46,4.62,4.28,-0.34,-1.18
2024-07-11,5.44,4.5,4.2,-0.3,-1.24
2024-07-12,5.43,4.45,4.18,-0.27,-1.25
2024-07-15,5.43,4.44,4.23,-0.21,-1.2
2024-07-16,5.43,4.43,4.17,-0.26,-1.26
2024-07-17,5.43,4.42,4.16,-0.26,-1.27
2024-07-18,5.43,4.46,4.2,-0.26,-1.23
2024-07-19,5.43,4.49,4.25,-0.24,-1.18
2024-07-22,5.43,4.5,4.26,-0.24,-1.17
2024-07-23,5.41,4.4,4.25,-0.15,-1.16
2024-07-24,5.4,4.37,4.28,-0.09,-1.12
2024-07-25,5.39,4.41,4.27,-0.14,-1.12
2024-07-26,5.38,4.36,4.2,-0.16,-1.18
2024-07-29,5.41,4.36,4.17,-0.19,-1.24
2024-07-30,5.4,4.35,4.15,-0.2,-1.25
2024-07-31,5.41,4.29,4.09,-0.2,-1.32
2024-08-01,5.37,4.16,3.99,-0.17,-1.38
2024-08-02,5.29,3.88,3.8,-0.08,-1.49
2024-08-05,5.35,3.89,3.78,-0.11,-1.57
2024-08-06,5.34,3.99,3.9,-0.09,-1.44
2024-08-07,5.34,4.0,3.96,-0.04,-1.38
2024-08-08,5.34,4.04,3.99,-0.05,-1.35
2024-08-09,5.33,4.05,3.94,-0.11,-1.39
2024-08-12,5.33,4.01,3.9,-0.11,-1.43
2024-08-13,5.32,3.93,3.85,-0.08,-1.47
2024-08-14,5.32,3.94,3.83,-0.11,-1.49
2024-08-15,5.34,4.08,3.92,-0.16,-1.42
2024-08-16,5.33,4.06,3.89,-0.17,-1.44
2024-08-19,5.31,4.06,3.86,-0.2,-1.45
2024-08-20,5.29,3.99,3.82,-0.17,-1.47
2024-08-21,5.26,3.92,3.79,-0.13,-1.47
2024-08-22,5.28,3.99,3.86,-0.13,-1.42
2024-08-23,5.25,3.9,3.81,-0.09,-1.44
2024-08-26,5.24,3.91,3.82,-0.09,-1.42
2024-08-27,5.23,3.83,3.83,0.0,-1.4
2024-08-28,5.21,3.83,3.84,0.01,-1.37
2024-08-29,5.22,3.87,3.87,0.0,-1.35
2024-08-30,5.21,3.91,3.91,0.0,-1.3
2024-09-03,5.19,3.88,3.84,-0.04,-1.35
2024-09-04,5.18,3.76,3.77,0.01,-1.41
2024-09-05,5.15,3.75,3.73,-0.02,-1.42
2024-09-06,5.13,3.66,3.72,0.06,-1.41
2024-09-09,5.11,3.68,3.7,0.02,-1.41
2024-09-10,5.06,3.59,3.65,0.06,-1.41
2024-09-11,5.1,3.62,3.65,0.03,-1.45
2024-09-12,5.06,3.64,3.68,0.04,-1.38
2024-09-13,4.97,3.57,3.66,0.09,-1.31
2024-09-16,4.96,3.56,3.63,0.07,-1.33
2024-09-17,4.95,3.59,3.65,0.06,-1.3
2024-09-18,4.84,3.61,3.7,0.09,-1.14
2024-09-19,4.8,3.59,3.73,0.14,-1.07
2024-09-20,4.75,3.55,3.73,0.18,-1.02
2024-09-23,4.72,3.57,3.75,0.18,-0.97
2024-09-24,4.69,3.49,3.74,0.25,-0.95
2024-09-25,4.69,3.53,3.79,0.26,-0.9
2024-09-26,4.68,3.6,3.79,0.19,-0.89
2024-09-27,4.68,3.55,3.75,0.2,-0.93
2024-09-30,4.73,3.66,3.81,0.15,-0.92
2024-10-01,4.71,3.61,3.74,0.13,-0.97
2024-10-02,4.69,3.63,3.79,0.16,-0.9
2024-10-03,4.68,3.7,3.85,0.15,-0.83
2024-10-04,4.73,3.93,3.98,0.05,-0.75
2024-10-07,4.77,3.99,4.03,0.04,-0.74
2024-10-08,4.75,3.98,4.04,0.06,-0.71
2024-10-09,4.75,3.99,4.06,0.07,-0.69
2024-10-10,4.75,3.98,4.09,0.11,-0.66
2024-10-11,4.73,3.95,4.08,0.13,-0.65
2024-10-15,4.73,3.95,4.03,0.08,-0.7
2024-10-16,4.72,3.93,4.02,0.09,-0.7
2024-10-17,4.74,3.96,4.09,0.13,-0.65
2024-10-18,4.73,3.95,4.08,0.13,-0.65
2024-10-21,4.73,4.02,4.19,0.17,-0.54
2024-10-22,4.72,4.03,4.2,0.17,-0.52
2024-10-23,4.73,4.07,4.24,0.17,-0.49
2024-10-24,4.7,4.07,4.21,0.14,-0.49
2024-10-25,4.73,4.11,4.25,0.14,-0.48
2024-10-28,4.7,4.12,4.28,0.16,-0.42
2024-10-29,4.7,4.11,4.28,0.17,-0.42
2024-10-30,4.67,4.15,4.29,0.14,-0.38
2024-10-31,4.64,4.16,4.28,0.12,-0.36
2024-11-01,4.61,4.21,4.37,0.16,-0.24
2024-11-04,4.65,4.17,4.31,0.14,-0.34
2024-11-05,4.64,4.19,4.26,0.07,-0.38
2024-11-06,4.64,4.27,4.42,0.15,-0.22
2024-11-07,4.63,4.21,4.31,0.1,-0.32
2024-11-08,4.63,4.26,4.3,0.04,-0.33
2024-11-12,4.63,4.34,4.43,0.09,-0.2
2024-11-13,4.6,4.27,4.44,0.17,-0.16
2024-11-14,4.61,4.34,4.43,0.09,-0.18
2024-11-15,4.6,4.31,4.43,0.12,-0.17
2024-11-18,4.63,4.29,4.42,0.13,-0.21
2024-11-19,4.62,4.27,4.39,0.12,-0.23
2024-11-20,4.62,4.31,4.41,0.1,-0.21
2024-11-21,4.63,4.34,4.43,0.09,-0.2
2024-11-22,4.63,4.37,4.41,0.04,-0.22
2024-11-25,4.62,4.21,4.27,0.06,-0.35
2024-11-26,4.61,4.21,4.3,0.09,-0.31
2024-11-27,4.6,4.19,4.25,0.06,-0.35
2024-11-29,4.58,4.13,4.18,0.05,-0.4
2024-12-02,4.51,4.17,4.19,0.02,-0.32
2024-12-03,4.49,4.17,4.23,0.06,-0.26
2024-12-04,4.47,4.13,4.19,0.06,-0.28
2024-12-05,4.46,4.15,4.17,0.02,-0.29
2024-12-06,4.42,4.1,4.15,0.05,-0.27
2024-12-09,4.42,4.13,4.2,0.07,-0.22
2024-12-10,4.41,4.15,4.22,0.07,-0.19
2024-12-11,4.38,4.15,4.26,0.11,-0.12
2024-12-12,4.35,4.18,4.32,0.14,-0.03
2024-12-13,4.34,4.25,4.4,0.15,0.06
2024-12-16,4.37,4.25,4.39,0.14,0.02
2024-12-17,4.38,4.25,4.4,0.15,0.02
2024-12-18,4.36,4.35,4.5,0.15,0.14
2024-12-19,4.35,4.32,4.57,0.25,0.22
2024-12-20,4.34,4.3,4.52,0.22,0.18
2024-12-23,4.36,4.3,4.59,0.29,0.23
2024-12-24,4.4,4.29,4.59,0.3,0.19
2024-12-26,4.35,4.3,4.58,0.28,0.23
2024-12-27,4.31,4.31,4.62,0.31,0.31
2024-12-30,4.37,4.24,4.55,0.31,0.18
2024-12-31,4.37,4.25,4.58,0.33,0.21
2025-01-02,4.36,4.25,4.57,0.32,0.21
2025-01-03,4.34,4.28,4.6,0.32,0.26
2025-01-06,4.35,4.28,4.62,0.34,0.27
2025-01-07,4.35,4.3,4.67,0.37,0.32
2025-01-08,4.35,4.28,4.67,0.39,0.32
2025-01-09,4.35,4.27,4.68,0.41,0.33
2025-01-10,4.36,4.4,4.77,0.37,0.41
2025-01-13,4.37,4.4,4.79,0.39,0.42
2025-01-14,4.36,4.37,4.78,0.41,0.42
2025-01-15,4.35,4.27,4.66,0.39,0.31
2025-01-16,4.34,4.23,4.61,0.38,0.27
2025-01-17,4.34,4.27,4.61,0.34,0.27
2025-01-21,4.36,4.29,4.57,0.28,0.21
2025-01-22,4.36,4.29,4.6,0.31,0.24
2025-01-23,4.36,4.29,4.65,0.36,0.29
2025-01-24,4.35,4.27,4.63,0.36,0.28
2025-01-27,4.32,4.17,4.53,0.36,0.21
2025-01-28,4.31,4.19,4.55,0.36,0.24
2025-01-29,4.31,4.21,4.55,0.34,0.24
2025-01-30,4.3,4.18,4.52,0.34,0.22
2025-01-31,4.31,4.22,4.58,0.36,0.27
2025-02-03,4.34,4.26,4.54,0.28,0.2
2025-02-04,4.33,4.21,4.52,0.31,0.19
2025-02-05,4.33,4.17,4.43,0.26,0.1
2025-02-06,4.34,4.21,4.45,0.24,0.11
2025-02-07,4.35,4.29,4.49,0.2,0.14
2025-02-10,4.35,4.28,4.51,0.23,0.16
2025-02-11,4.35,4.29,4.54,0.25,0.19
2025-02-12,4.35,4.36,4.62,0.26,0.27
2025-02-13,4.34,4.31,4.52,0.21,0.18
2025-02-14,4.34,4.26,4.47,0.21,0.13
2025-02-18,4.34,4.29,4.55,0.26,0.21
2025-02-19,4.34,4.28,4.53,0.25,0.19
2025-02-20,4.33,4.28,4.5,0.22,0.17
2025-02-21,4.32,4.19,4.42,0.23,0.1
2025-02-24,4.31,4.13,4.4,0.27,0.09
2025-02-25,4.3,4.07,4.3,0.23,0.0
2025-02-26,4.31,4.05,4.25,0.2,-0.06
2025-02-27,4.32,4.07,4.29,0.22,-0.03
2025-02-28,4.32,3.99,4.24,0.25,-0.08
2025-03-03,4.35,3.96,4.16,0.2,-0.19
2025-03-04,4.34,3.96,4.22,0.26,-0.12
2025-03-05,4.35,3.99,4.28,0.29,-0.07
2025-03-06,4.34,3.96,4.29,0.33,-0.05
2025-03-07,4.34,3.99,4.32,0.33,-0.02
2025-03-10,4.33,3.89,4.22,0.33,-0.11
2025-03-11,4.34,3.94,4.28,0.34,-0.06
2025-03-12,4.35,4.01,4.32,0.31,-0.03
2025-03-13,4.34,3.94,4.27,0.33,-0.07
2025-03-14,4.33,4.02,4.31,0.29,-0.02
2025-03-17,4.34,4.06,4.31,0.25,-0.03
2025-03-18,4.34,4.04,4.29,0.25,-0.05
2025-03-19,4.33,3.99,4.25,0.26,-0.08
2025-03-20,4.33,3.95,4.24,0.29,-0.09
2025-03-21,4.33,3.94,4.25,0.31,-0.08
2025-03-24,4.33,4.04,4.34,0.3,0.01
2025-03-25,4.33,3.96,4.31,0.35,-0.02
2025-03-26,4.33,3.98,4.35,0.37,0.02
2025-03-27,4.33,3.97,4.38,0.41,0.05
2025-03-28,4.33,3.89,4.27,0.38,-0.06
2025-03-31,4.32,3.89,4.23,0.34,-0.09
2025-04-01,4.32,3.87,4.17,0.3,-0.15
2025-04-02,4.32,3.91,4.2,0.29,-0.12
2025-04-03,4.31,3.71,4.06,0.35,-0.25
2025-04-04,4.28,3.68,4.01,0.33,-0.27
2025-04-07,4.29,3.73,4.15,0.42,-0.14
2025-04-08,4.31,3.71,4.26,0.55,-0.05
2025-04-09,4.35,3.91,4.34,0.43,-0.01
2025-04-10,4.34,3.84,4.4,0.56,0.06
2025-04-11,4.34,3.96,4.48,0.52,0.14
2025-04-14,4.33,3.84,4.38,0.54,0.05
2025-04-15,4.33,3.84,4.35,0.51,0.02
2025-04-16,4.33,3.77,4.29,0.52,-0.04
2025-04-17,4.34,3.81,4.34,0.53,0.0
2025-04-21,4.34,3.75,4.42,0.67,0.08
2025-04-22,4.33,3.76,4.41,0.65,0.08
2025-04-23,4.33,3.81,4.4,0.59,0.07
2025-04-24,4.32,3.77,4.32,0.55,0.0
2025-04-25,4.32,3.74,4.29,0.55,-0.03
2025-04-28,4.32,3.67,4.23,0.56,-0.09
2025-04-29,4.31,3.65,4.19,0.54,-0.12
2025-04-30,4.31,3.6,4.17,0.57,-0.14
2025-05-01,4.31,3.7,4.25,0.55,-0.06
2025-05-02,4.33,3.83,4.33,0.5,0.0
2025-05-05,4.33,3.83,4.36,0.53,0.03
2025-05-06,4.33,3.78,4.3,0.52,-0.03
2025-05-07,4.34,3.78,4.26,0.48,-0.08
2025-05-08,4.34,3.9,4.37,0.47,0.03
2025-05-09,4.34,3.88,4.37,0.49,0.03
2025-05-12,4.42,3.98,4.45,0.47,0.03
2025-05-13,4.41,4.02,4.49,0.47,0.08
2025-05-14,4.41,4.05,4.53,0.48,0.12
2025-05-15,4.38,3.96,4.45,0.49,0.07
2025-05-16,4.37,3.98,4.43,0.45,0.06
2025-05-19,4.39,3.97,4.46,0.49,0.07
2025-05-20,4.38,3.97,4.48,0.51,0.1
2025-05-21,4.36,4.0,4.58,0.58,0.22
2025-05-22,4.37,4.0,4.54,0.54,0.17
2025-05-23,4.36,4.0,4.51,0.51,0.15
2025-05-27,4.35,3.92,4.43,0.51,0.08
2025-05-28,4.35,3.96,4.47,0.51,0.12
2025-05-29,4.36,3.92,4.43,0.51,0.07
2025-05-30,4.36,3.89,4.41,0.52,0.05
2025-06-02,4.44,3.94,4.46,0.52,0.02
2025-06-03,4.43,3.96,4.46,0.5,0.03
2025-06-04,4.44,3.87,4.37,0.5,-0.07
2025-06-05,4.44,3.92,4.4,0.48,-0.04
2025-06-06,4.43,4.04,4.51,0.47,0.08
2025-06-09,4.44,4.01,4.49,0.48,0.05
2025-06-10,4.45,4.01,4.47,0.46,0.02
2025-06-11,4.45,3.94,4.41,0.47,-0.04
2025-06-12,4.46,3.9,4.36,0.46,-0.1
2025-06-13,4.45,3.96,4.41,0.45,-0.04
2025-06-16,4.43,3.97,4.46,0.49,0.03
2025-06-17,4.42,3.94,4.39,0.45,-0.03
2025-06-18,4.42,3.94,4.38,0.44,-0.04
2025-06-20,4.39,3.9,4.38,0.48,-0.01
2025-06-23,4.38,3.84,4.34,0.5,-0.04
2025-06-24,4.38,3.75,4.3,0.55,-0.08
2025-06-25,4.38,3.74,4.29,0.55,-0.09
2025-06-26,4.39,3.7,4.26,0.56,-0.13
2025-06-27,4.39,3.73,4.29,0.56,-0.1
2025-06-30,4.41,3.72,4.24,0.52,-0.17
2025-07-01,4.4,3.78,4.26,0.48,-0.14
2025-07-02,4.41,3.78,4.3,0.52,-0.11
2025-07-03,4.42,3.88,4.35,0.47,-0.07
2025-07-07,4.42,3.9,4.4,0.5,-0.02
2025-07-08,4.42,3.9,4.42,0.52,0.0
2025-07-09,4.42,3.86,4.34,0.48,-0.08
2025-07-10,4.42,3.86,4.35,0.49,-0.07
2025-07-11,4.41,3.9,4.43,0.53,0.02
2025-07-14,4.42,3.9,4.43,0.53,0.01
2025-07-15,4.42,3.95,4.5,0.55,0.08
2025-07-16,4.41,3.88,4.46,0.58,0.05
2025-07-17,4.41,3.91,4.47,0.56,0.06
2025-07-18,4.4,3.88,4.44,0.56,0.04
2025-07-21,4.41,3.85,4.38,0.53,-0.03
2025-07-22,4.41,3.83,4.35,0.52,-0.06
2025-07-23,4.41,3.88,4.4,0.52,-0.01
2025-07-24,4.42,3.91,4.43,0.52,0.01
2025-07-25,4.42,3.91,4.4,0.49,-0.02
2025-07-28,4.4,3.91,4.42,0.51,0.02
2025-07-29,4.4,3.86,4.34,0.48,-0.06
2025-07-30,4.41,3.94,4.38,0.44,-0.03
2025-07-31,4.41,3.94,4.37,0.43,-0.04
2025-08-01,4.35,3.69,4.23,0.54,-0.12
2025-08-04,4.35,3.69,4.22,0.53,-0.13
2025-08-05,4.34,3.72,4.22,0.5,-0.12
2025-08-06,4.32,3.69,4.22,0.53,-0.1
2025-08-07,4.32,3.72,4.23,0.51,-0.09
2025-08-08,4.32,3.76,4.27,0.51,-0.05
2025-08-11,4.34,3.76,4.27,0.51,-0.07
2025-08-12,4.33,3.72,4.29,0.57,-0.04
2025-08-13,4.29,3.67,4.24,0.57,-0.05
2025-08-14,4.3,3.74,4.29,0.55,-0.01
2025-08-15,4.3,3.75,4.33,0.58,0.03
2025-08-18,4.33,3.77,4.34,0.57,0.01
2025-08-19,4.3,3.75,4.3,0.55,0.0
2025-08-20,4.3,3.74,4.29,0.55,-0.01
2025-08-21,4.32,3.79,4.33,0.54,0.01
2025-08-22,4.27,3.68,4.26,0.58,-0.01
2025-08-25,4.29,3.73,4.28,0.55,-0.01
2025-08-26,4.28,3.61,4.26,0.65,-0.02
2025-08-27,4.26,3.59,4.24,0.65,-0.02
2025-08-28,4.26,3.62,4.22,0.6,-0.04
2025-08-29,4.23,3.59,4.23,0.64,0.0
2025-09-02,4.2,3.66,4.28,0.62,0.08
2025-09-03,4.18,3.61,4.22,0.61,0.04
2025-09-04,4.16,3.59,4.17,0.58,0.01
2025-09-05,4.07,3.51,4.1,0.59,0.03
2025-09-08,4.1,3.49,4.05,0.56,-0.05
2025-09-09,4.1,3.54,4.08,0.54,-0.02
2025-09-10,4.09,3.54,4.04,0.5,-0.05
2025-09-11,4.08,3.52,4.01,0.49,-0.07
2025-09-12,4.08,3.56,4.06,0.5,-0.02
2025-09-15,4.06,3.54,4.05,0.51,-0.01
2025-09-16,4.04,3.51,4.04,0.53,0.0
2025-09-17,4.02,3.52,4.06,0.54,0.04
2025-09-18,4.03,3.57,4.11,0.54,0.08
2025-09-19,4.03,3.57,4.14,0.57,0.11
2025-09-22,4.0,3.61,4.15,0.54,0.15
2025-09-23,4.0,3.53,4.12,0.59,0.12
2025-09-24,4.02,3.57,4.16,0.59,0.14
2025-09-25,4.04,3.64,4.18,0.54,0.14
2025-09-26,4.02,3.63,4.2,0.57,0.18
2025-09-29,4.04,3.63,4.15,0.52,0.11
2025-09-30,4.02,3.6,4.16,0.56,0.14
2025-10-01,4.01,3.55,4.12,0.57,0.11
2025-10-02,4.02,3.55,4.1,0.55,0.08
2025-10-03,4.03,3.58,4.13,0.55,0.1
2025-10-06,4.02,3.6,4.18,0.58,0.16
2025-10-07,4.01,3.57,4.14,0.57,0.13
2025-10-08,4.01,3.58,4.13,0.55,0.12
2025-10-09,4.03,3.6,4.14,0.54,0.11
2025-10-10,4.02,3.52,4.05,0.53,0.03
2025-10-14,4.02,3.48,4.03,0.55,0.01
2025-10-15,4.03,3.5,4.05,0.55,0.02
2025-10-16,4.02,3.41,3.99,0.58,-0.03
2025-10-17,4.0,3.46,4.02,0.56,0.02
2025-10-20,3.97,3.46,4.0,0.54,0.03
2025-10-21,3.96,3.45,3.98,0.53,0.02
2025-10-22,3.96,3.45,3.97,0.52,0.01
2025-10-23,3.95,3.48,4.01,0.53,0.06
2025-10-24,3.93,3.48,4.02,0.54,0.09
2025-10-27,3.89,3.48,4.01,0.53,0.12
2025-10-28,3.89,3.47,3.99,0.52,0.1
2025-10-29,3.93,3.59,4.08,0.49,0.15
2025-10-30,3.92,3.61,4.11,0.5,0.19
2025-10-31,3.89,3.6,4.11,0.51,0.22
2025-11-03,3.98,3.6,4.13,0.53,0.15
2025-11-04,3.96,3.58,4.1,0.52,0.14
2025-11-05,3.96,3.63,4.17,0.54,0.21
2025-11-06,3.93,3.57,4.11,0.54,0.18
2025-11-07,3.92,3.55,4.11,0.56,0.19
2025-11-10,3.95,3.58,4.13,0.55,0.18
2025-11-12,3.95,3.56,4.08,0.52,0.13
2025-11-13,3.96,3.58,4.11,0.53,0.15
2025-11-14,3.95,3.62,4.14,0.52,0.19
2025-11-17,3.97,3.6,4.13,0.53,0.16
2025-11-18,3.94,3.58,4.12,0.54,0.18
2025-11-19,3.95,3.58,4.13,0.55,0.18
2025-11-20,3.94,3.55,4.1,0.55,0.16
2025-11-21,3.9,3.51,4.06,0.55,0.16
2025-11-24,3.91,3.46,4.04,0.58,0.13
2025-11-25,3.9,3.43,4.01,0.58,0.11
2025-11-26,3.92,3.45,4.0,0.55,0.08
2025-11-28,3.88,3.47,4.02,0.55,0.14
2025-12-01,3.81,3.54,4.09,0.55,0.28
2025-12-02,3.77,3.51,4.09,0.58,0.32
2025-12-03,3.72,3.49,4.06,0.57,0.34
2025-12-04,3.71,3.52,4.11,0.59,0.4
2025-12-05,3.71,3.56,4.14,0.58,0.43
2025-12-08,3.73,3.57,4.17,0.6,0.44
2025-12-09,3.73,3.61,4.18,0.57,0.45
2025-12-10,3.69,3.54,4.13,0.59,0.44
2025-12-11,3.66,3.52,4.14,0.62,0.48
2025-12-12,3.63,3.52,4.19,0.67,0.56
2025-12-15,3.65,3.51,4.18,0.67,0.53
2025-12-16,3.64,3.48,4.15,0.67,0.51
2025-12-17,3.64,3.49,4.16,0.67,0.52
2025-12-18,3.62,3.46,4.12,0.66,0.5
2025-12-19,3.62,3.48,4.16,0.68,0.54
2025-12-22,3.64,3.44,4.17,0.73,0.53
2025-12-23,3.65,3.48,4.18,0.7,0.53
2025-12-24,3.69,3.47,4.15,0.68,0.46
2025-12-26,3.64,3.46,4.14,0.68,0.5
2025-12-29,3.68,3.45,4.12,0.67,0.44
2025-12-30,3.65,3.45,4.14,0.69,0.49
2025-12-31,3.67,3.47,4.18,0.71,0.51
2026-01-02,3.65,3.47,4.19,0.72,0.54
2026-01-05,3.64,3.46,4.17,0.71,0.53
2026-01-06,3.63,3.47,4.18,0.71,0.55
2026-01-07,3.62,3.47,4.15,0.68,0.53
2026-01-08,3.62,3.49,4.19,0.7,0.57
2026-01-09,3.62,3.54,4.18,0.64,0.56
2026-01-12,3.67,3.54,4.19,0.65,0.52
2026-01-13,3.67,3.53,4.18,0.65,0.51
2026-01-14,3.67,3.51,4.15,0.64,0.48
2026-01-15,3.68,3.56,4.17,0.61,0.49
2026-01-16,3.67,3.59,4.24,0.65,0.57
2026-01-20,3.7,3.6,4.3,0.7,0.6
2026-01-21,3.7,3.6,4.26,0.66,0.56
2026-01-22,3.71,3.61,4.26,0.65,0.55
2026-01-23,3.7,3.6,4.24,0.64,0.54
2026-01-26,3.67,3.56,4.22,0.66,0.55
2026-01-27,3.67,3.53,4.24,0.71,0.57
2026-01-28,3.68,3.56,4.26,0.7,0.58
2026-01-29,3.67,3.53,4.24,0.71,0.57
2026-01-30,3.67,3.52,4.26,0.74,0.59
2026-02-02,3.69,3.57,4.29,0.72,0.6
2026-02-03,3.69,3.57,4.28,0.71,0.59
2026-02-04,3.69,3.57,4.29,0.72,0.6
2026-02-05,3.67,3.47,4.21,0.74,0.54
2026-02-06,3.68,3.5,4.22,0.72,0.54
2026-02-09,3.69,3.48,4.22,0.74,0.53
2026-02-10,3.69,3.45,4.16,0.71,0.47
2026-02-11,3.7,3.52,4.18,0.66,0.48
2026-02-12,3.7,3.47,4.09,0.62,0.39
2026-02-13,3.68,3.4,4.04,0.64,0.36
2026-02-17,3.69,3.43,4.05,0.62,0.36
2026-02-18,3.7,3.47,4.09,0.62,0.39
2026-02-19,3.69,3.47,4.08,0.61,0.39
2026-02-20,3.69,3.48,4.08,0.6,0.39
2026-02-23,3.69,3.43,4.03,0.6,0.34
2026-02-24,3.69,3.43,4.04,0.61,0.35
2026-02-25,3.69,3.45,4.05,0.6,0.36
2026-02-26,3.68,3.42,4.02,0.6,0.34
2026-02-27,3.67,3.38,3.97,0.59,0.3
2026-03-02,3.72,3.47,4.05,0.58,0.33
2026-03-03,3.71,3.51,4.06,0.55,0.35
2026-03-04,3.71,3.54,4.09,0.55,0.38
2026-03-05,3.7,3.57,4.13,0.56,0.43
2026-03-06,3.69,3.56,4.15,0.59,0.46
2026-03-09,3.71,3.56,4.12,0.56,0.41
2026-03-10,3.71,3.57,4.15,0.58,0.44
2026-03-11,3.71,3.64,4.21,0.57,0.5
2026-03-12,3.72,3.76,4.27,0.51,0.55
2026-03-13,3.72,3.73,4.28,0.55,0.56
2026-03-16,3.72,3.68,4.23,0.55,0.51
2026-03-17,3.72,3.68,4.2,0.52,0.48
2026-03-18,3.73,3.76,4.26,0.5,0.53
2026-03-19,3.73,3.79,4.25,0.46,0.52
2026-03-20,3.74,3.88,4.39,0.51,0.65
2026-03-23,3.74,3.83,4.34,0.51,0.6
2026-03-24,3.74,3.9,4.39,0.49,0.65
2026-03-25,3.73,3.84,4.33,0.49,0.6
2026-03-26,3.73,3.96,4.42,0.46,0.69
2026-03-27,3.73,3.88,4.44,0.56,0.71
2026-03-30,3.71,3.82,4.35,0.53,0.64
2026-03-31,3.7,3.79,4.3,0.51,0.6
2026-04-01,3.7,3.81,4.33,0.52,0.63
2026-04-02,3.7,3.79,4.31,0.52,0.61
2026-04-03,3.71,3.84,4.35,0.51,0.64
2026-04-06,3.72,3.84,4.34,0.5,0.62
2026-04-07,3.71,3.81,4.33,0.52,0.62
2026-04-08,3.69,3.79,4.29,0.5,0.6
2026-04-09,3.68,3.78,4.29,0.51,0.61
2026-04-10,3.69,3.81,4.31,0.5,0.62
2026-04-13,3.71,3.78,4.3,0.52,0.59
2026-04-14,3.71,3.76,4.26,0.5,0.55
2026-04-15,3.71,3.76,4.29,0.53,0.58
2026-04-16,3.7,3.78,4.32,0.54,0.62
2026-04-17,3.7,3.71,4.26,0.55,0.56
2026-04-20,3.71,3.72,4.26,0.54,0.55
2026-04-21,3.69,3.78,4.3,0.52,0.61
2026-04-22,3.69,3.79,4.3,0.51,0.61
2026-04-23,3.69,3.83,4.34,0.51,0.65
2026-04-24,3.69,3.78,4.31,0.53,0.62
2026-04-27,3.68,3.78,4.35,0.57,0.67
2026-04-28,3.68,3.84,4.36,0.52,0.68
2026-04-29,3.68,3.92,4.42,0.5,0.74
2026-04-30,3.68,3.88,4.4,0.52,0.72
2026-05-01,3.68,3.88,4.39,0.51,0.71
2026-05-04,3.7,3.95,4.45,0.5,0.75
2026-05-05,3.69,3.93,4.43,0.5,0.74
2026-05-06,3.69,3.87,4.36,0.49,0.67
2026-05-07,3.69,3.92,4.41,0.49,0.72
2026-05-08,3.69,3.9,4.38,0.48,0.69
2026-05-11,3.7,3.95,4.42,0.47,0.72
2026-05-12,3.7,4.0,4.46,0.46,0.76
2026-05-13,3.69,3.98,4.46,0.48,0.77
2026-05-14,3.69,4.0,4.47,0.47,0.78
2026-05-15,3.69,4.09,4.59,0.5,0.9
2026-05-18,3.68,4.07,4.61,0.54,0.93
2026-05-19,3.67,4.13,4.67,0.54,1.0
2026-05-20,3.65,4.04,4.57,0.53,0.92
2026-05-21,3.68,4.08,4.57,0.49,0.89
2026-05-22,3.68,4.13,4.56,0.43,0.88
2026-05-26,3.68,4.01,4.5,0.49,0.82
2026-05-27,3.68,4.0,4.48,0.48,0.8
2026-05-28,3.69,3.99,4.45,0.46,0.76
2026-05-29,3.69,3.98,4.45,0.47,0.76
2026-06-01,3.78,4.05,4.47,0.42,0.69
2026-06-02,3.77,4.05,4.46,0.41,0.69
2026-06-03,3.78,4.08,4.49,0.41,0.71
2026-06-04,3.78,4.05,4.47,0.42,0.69
2026-06-05,3.78,4.17,4.55,0.38,0.77
2026-06-08,3.8,4.15,4.56,0.41,0.76
2026-06-09,3.79,4.13,4.53,0.4,0.74
2026-06-10,3.79,4.13,4.55,0.42,0.76
2026-06-11,3.78,4.05,4.45,0.4,0.67
2026-06-12,3.78,4.09,4.48,0.39,0.7
2026-06-15,3.79,4.07,4.47,0.4,0.68
2026-06-16,3.79,4.05,4.43,0.38,0.64
2026-06-17,3.83,4.2,4.49,0.29,0.66
2026-06-18,3.83,4.19,4.46,0.27,0.63
2026-06-22,3.85,4.24,4.51,0.27,0.66
2026-06-23,3.85,4.16,4.5,0.34,0.65
2026-06-24,3.85,4.11,4.41,0.3,0.56
2026-06-25,3.84,4.09,4.4,0.31,0.56
2026-06-26,3.83,4.07,4.38,0.31,0.55
2026-06-29,3.87,4.1,4.38,0.28,0.51
2026-06-30,3.87,4.14,4.44,0.3,0.57
2026-07-01,3.85,4.17,4.48,0.31,0.63
2026-07-02,3.82,4.14,4.49,0.35,0.67
2026-07-06,3.87,4.13,4.48,0.35,0.61
2026-07-07,3.86,4.19,4.55,0.36,0.69
2026-07-08,3.87,4.21,4.56,0.35,0.69
2026-07-09,3.83,4.16,4.54,0.38,0.71
2026-07-10,3.85,4.21,4.56,0.35,0.71
2026-07-13,3.89,4.26,4.62,0.36,0.73
2026-07-14,3.84,4.18,4.58,0.4,0.74
2026-07-15,3.83,4.13,4.55,0.42,0.72
2026-07-16,3.84,4.16,4.57,0.41,0.73
2026-07-17,3.85,4.18,4.55,0.37,0.7
2026-07-20,3.86,4.21,4.6,0.39,0.74
2026-07-21,3.87,4.26,4.63,0.37,0.76
2026-07-22,3.89,4.31,4.67,0.36,0.78
2026-07-23,3.95,4.37,4.71,0.34,0.76
2026-07-24,3.96,4.33,4.69,0.36,0.73
2026-07-27,3.96,4.31,4.65,0.34,0.69
2026-07-28,3.9,4.26,4.61,0.35,0.71
2026-07-29,3.83,4.22,4.67,0.45,0.84
2026-07-30,3.82,4.23,4.68,0.45,0.86
2026-07-31,3.83,4.28,4.75,0.47,0.92
2026-08-03,3.91,4.25,4.7,0.45,0.79
2026-08-04,3.89,4.2,4.63,0.43,0.74
2026-08-05,3.89,4.18,4.63,0.45,0.74
2026-08-06,3.9,4.25,4.69,0.44,0.79
2026-08-07,3.87,4.19,4.65,0.46,0.78
2026-08-10,3.89,4.25,4.72,0.47,0.83
2026-08-11,3.89,4.22,4.7,0.48,0.81
2026-08-12,3.87,4.2,4.68,0.48,0.81
2026-08-13,3.87,4.15,4.63,0.48,0.76
2026-08-14,3.86,4.17,4.68,0.51,0.82
2026-08-17,3.87,4.19,4.72,0.53,0.85
2026-08-18,3.86,4.19,4.71,0.52,0.85
2026-08-19,3.86,4.19,4.65,0.46,0.79
2026-08-20,3.87,4.19,4.69,0.5,0.82
2026-08-21,3.88,4.24,4.74,0.5,0.86
2026-08-24,3.87,4.24,4.7,0.46,0.83
2026-08-25,3.86,4.17,4.64,0.47,0.78
2026-08-26,3.85,4.19,4.66,0.47,0.81
2026-08-27,3.84,4.2,4.67,0.47,0.83
2026-08-28,3.9,4.34,4.73,0.39,0.83
2026-08-31,3.91,4.34,4.75,0.41,0.84
2026-09-01,3.92,4.39,4.79,0.4,0.87
2026-09-02,3.92,4.39,4.79,0.4,0.87
2026-09-03,3.89,4.34,4.77,0.43,0.88
2026-09-04,3.91,4.37,4.78,0.41,0.87
2026-09-08,3.94,4.39,4.8,0.41,0.86
2026-09-09,3.95,4.43,4.83,0.4,0.88
2026-09-10,4.0,4.56,4.95,0.39,0.95
