panel_date,recorded_at,model_version,ticker,composite_score,rank_pct,predicted_relative_return_40d,fm_slope_used,realized_return_40d,scored_at
2026-09-08,2026-09-22T13:29:44.351620,asset_growth_dropped_2026-09-22,A,0.025524262505119674,0.5537488708220416,0.00010954534558929889,0.004327479680140981,,
2026-09-08,2026-09-22T13:29:44.351620,asset_growth_dropped_2026-09-22,AA,-0.009339172626688756,0.43089430894308944,-4.132546152351531e-05,0.004327479680140981,,
2026-09-08,2026-09-22T13:29:44.351620,asset_growth_dropped_2026-09-22,AADX,-0.020354869797344355,0.3992773261065944,-8.89956671921139e-05,0.004327479680140981,,
2026-09-08,2026-09-22T13:29:44.351620,asset_growth_dropped_2026-09-22,AAL,0.13466354080265497,0.8721770551038843,0.0005818433547271345,0.004327479680140981,,
2026-09-08,2026-09-22T13:29:44.351620,asset_growth_dropped_2026-09-22,AAMI,0.141722166365652,0.8925022583559169,0.0006123894134207277,0.004327479680140981,,
2026-09-08,2026-09-22T13:29:44.351620,asset_growth_dropped_2026-09-22,AAOI,-0.165331282714947,0.0989159891598916,-0.0007163781481927678,0.004327479680140981,,
2026-09-08,2026-09-22T13:29:44.351620,asset_growth_dropped_2026-09-22,AAON,-0.12908898436726918,0.14905149051490515,-0.000559540338531585,0.004327479680140981,,
2026-09-08,2026-09-22T13:29:44.351620,asset_growth_dropped_2026-09-22,AAP,-0.1518764261952662,0.11382113821138211,-0.0006581525300046368,0.004327479680140981,,
2026-09-08,2026-09-22T13:29:44.351620,asset_growth_dropped_2026-09-22,AAPL,0.17693999857799134,0.943089430894309,0.0007647938666982408,0.004327479680140981,,
2026-09-08,2026-09-22T13:29:44.351620,asset_growth_dropped_2026-09-22,AAT,0.06454942107578598,0.6815718157181572,0.00027842592631813706,0.004327479680140981,,
2026-09-08,2026-09-22T13:29:44.351620,asset_growth_dropped_2026-09-22,AB,0.2351172594121484,0.9905149051490515,0.0010165547808043173,0.004327479680140981,,
2026-09-08,2026-09-22T13:29:44.351620,asset_growth_dropped_2026-09-22,ABBV,0.1742617128402307,0.9399277326106594,0.0007532036395904702,0.004327479680140981,,
2026-09-08,2026-09-22T13:29:44.351620,asset_growth_dropped_2026-09-22,ABCB,-0.04617612214126141,0.3274616079494128,-0.00020073661202620765,0.004327479680140981,,
2026-09-08,2026-09-22T13:29:44.351620,asset_growth_dropped_2026-09-22,ABCL,-0.08216575473248713,0.23712737127371275,-0.00035648101576047655,0.004327479680140981,,
2026-09-08,2026-09-22T13:29:44.351620,asset_growth_dropped_2026-09-22,ABG,0.06430427716289228,0.6806684733514001,0.00027736507101637926,0.004327479680140981,,
2026-09-08,2026-09-22T13:29:44.351620,asset_growth_dropped_2026-09-22,ABM,0.1399860397896718,0.8870822041553749,0.0006048763609410207,0.004327479680140981,,
2026-09-08,2026-09-22T13:29:44.351620,asset_growth_dropped_2026-09-22,ABNB,0.1843455449600198,0.95483288166215,0.0007968412181868106,0.004327479680140981,,
2026-09-08,2026-09-22T13:29:44.351620,asset_growth_dropped_2026-09-22,ABR,-0.18102167325239327,0.07949412827461608,-0.000784277994417043,0.004327479680140981,,
2026-09-08,2026-09-22T13:29:44.351620,asset_growth_dropped_2026-09-22,ABSI,-0.1935341984496416,0.06775067750677506,-0.000838425692955387,0.004327479680140981,,
2026-09-08,2026-09-22T13:29:44.351620,asset_growth_dropped_2026-09-22,ABT,0.0455316399508539,0.6233062330623306,0.0001961268649386247,0.004327479680140981,,
2026-09-08,2026-09-22T13:29:44.351620,asset_growth_dropped_2026-09-22,ACA,0.19446854820367543,0.9656729900632339,0.0008406483090257315,0.004327479680140981,,
2026-09-08,2026-09-22T13:29:44.351620,asset_growth_dropped_2026-09-22,ACAD,-0.014469785192827017,0.41418247515808493,-6.352808315015461e-05,0.004327479680140981,,
2026-09-08,2026-09-22T13:29:44.351620,asset_growth_dropped_2026-09-22,ACDC,-0.06545365013574647,0.27958446251129176,-0.0002841597227056906,0.004327479680140981,,
2026-09-08,2026-09-22T13:29:44.351620,asset_growth_dropped_2026-09-22,ACGL,0.04626411522553701,0.6246612466124661,0.00019929663680602155,0.004327479680140981,,
2026-09-08,2026-09-22T13:29:44.351620,asset_growth_dropped_2026-09-22,ACHC,-0.038876963611188226,0.34688346883468835,-0.00016914965180518822,0.004327479680140981,,
2026-09-08,2026-09-22T13:29:44.351620,asset_growth_dropped_2026-09-22,ACHR,-0.2015128983641219,0.06097560975609756,-0.0008729533547092432,0.004327479680140981,,
2026-09-08,2026-09-22T13:29:44.351620,asset_growth_dropped_2026-09-22,ACI,0.05574125201525491,0.6517615176151762,0.00024030875368944232,0.004327479680140981,,
2026-09-08,2026-09-22T13:29:44.351620,asset_growth_dropped_2026-09-22,ACIW,0.035087466362594126,0.5862691960252936,0.00015092991595956542,0.004327479680140981,,
2026-09-08,2026-09-22T13:29:44.351620,asset_growth_dropped_2026-09-22,ACLS,-0.05939675957326437,0.2935862691960253,-0.0002579486518717117,0.004327479680140981,,
2026-09-08,2026-09-22T13:29:44.351620,asset_growth_dropped_2026-09-22,ACM,-0.1247214180911238,0.15672990063233966,-0.0005406397842198968,0.004327479680140981,,
2026-09-08,2026-09-22T13:29:44.351620,asset_growth_dropped_2026-09-22,ACMR,-0.17589271881889756,0.08581752484191509,-0.0007620825483257213,0.004327479680140981,,
2026-09-08,2026-09-22T13:29:44.351620,asset_growth_dropped_2026-09-22,ACN,0.01208267733847182,0.5085817524841915,5.137715891174587e-05,0.004327479680140981,,
2026-09-08,2026-09-22T13:29:44.351620,asset_growth_dropped_2026-09-22,ACT,0.08877953319321275,0.7497741644083108,0.0003832812441538391,0.004327479680140981,,
2026-09-08,2026-09-22T13:29:44.351620,asset_growth_dropped_2026-09-22,ACTG,0.03046930758429954,0.5749774164408311,0.00013094492768683092,0.004327479680140981,,
2026-09-08,2026-09-22T13:29:44.351620,asset_growth_dropped_2026-09-22,ACVA,0.036583889032079,0.5934959349593496,0.00015740565465466354,0.004327479680140981,,
2026-09-08,2026-09-22T13:29:44.351620,asset_growth_dropped_2026-09-22,AD,-0.19184575837865653,0.06910569105691057,-0.0008311190028570634,0.004327479680140981,,
2026-09-08,2026-09-22T13:29:44.351620,asset_growth_dropped_2026-09-22,ADBE,0.12383029029286094,0.8441734417344173,0.0005349626832761239,0.004327479680140981,,
2026-09-08,2026-09-22T13:29:44.351620,asset_growth_dropped_2026-09-22,ADC,-0.03582183754975996,0.35411020776874436,-0.00015592865585408827,0.004327479680140981,,
2026-09-08,2026-09-22T13:29:44.351620,asset_growth_dropped_2026-09-22,ADCT,-0.30746317020487096,0.011743450767841012,-0.001331451003205498,0.004327479680140981,,
2026-09-08,2026-09-22T13:29:44.351620,asset_growth_dropped_2026-09-22,ADEA,-0.010726936036939437,0.4254742547425474,-4.733097948221828e-05,0.004327479680140981,,
2026-09-08,2026-09-22T13:29:44.351620,asset_growth_dropped_2026-09-22,ADI,0.04646630753340003,0.6260162601626016,0.0002001716199097796,0.004327479680140981,,
2026-09-08,2026-09-22T13:29:44.351620,asset_growth_dropped_2026-09-22,ADIG,0.13869235916517952,0.8830171635049684,0.0005992779843259383,0.004327479680140981,,
2026-09-08,2026-09-22T13:29:44.351620,asset_growth_dropped_2026-09-22,ADM,0.13981572741791823,0.8866305329719963,0.0006041393376129805,0.004327479680140981,,
2026-09-08,2026-09-22T13:29:44.351620,asset_growth_dropped_2026-09-22,ADMA,-0.11074905123709605,0.1802168021680217,-0.00048017465057561637,0.004327479680140981,,
2026-09-08,2026-09-22T13:29:44.351620,asset_growth_dropped_2026-09-22,ADNT,-0.09775641741079646,0.2032520325203252,-0.00042394929170079255,0.004327479680140981,,
2026-09-08,2026-09-22T13:29:44.351620,asset_growth_dropped_2026-09-22,ADP,0.01743065374217543,0.525293586269196,7.452041812864668e-05,0.004327479680140981,,
2026-09-08,2026-09-22T13:29:44.351620,asset_growth_dropped_2026-09-22,ADPT,-0.0068339479912173096,0.4408310749774164,-3.0484152819324027e-05,0.004327479680140981,,
2026-09-08,2026-09-22T13:29:44.351620,asset_growth_dropped_2026-09-22,ADSK,-0.02490552178732175,0.3852755194218609,-0.0001086885212101342,0.004327479680140981,,
2026-09-08,2026-09-22T13:29:44.351620,asset_growth_dropped_2026-09-22,ADT,0.14220659870923236,0.8934056007226739,0.0006144857845439748,0.004327479680140981,,
2026-09-08,2026-09-22T13:29:44.351620,asset_growth_dropped_2026-09-22,ADTN,-0.06821903898726166,0.2728093947606143,-0.00029612688676831103,0.004327479680140981,,
2026-09-08,2026-09-22T13:29:44.351620,asset_growth_dropped_2026-09-22,ADUS,0.06501365357350933,0.6833785004516711,0.0002804348830188959,0.004327479680140981,,
2026-09-08,2026-09-22T13:29:44.351620,asset_growth_dropped_2026-09-22,ADV,-0.09035139644877266,0.21770551038843722,-0.0003919042139566165,0.004327479680140981,,
2026-09-08,2026-09-22T13:29:44.351620,asset_growth_dropped_2026-09-22,AEE,-0.055504996614276686,0.3053297199638663,-0.00024110712674676717,0.004327479680140981,,
2026-09-08,2026-09-22T13:29:44.351620,asset_growth_dropped_2026-09-22,AEHR,-0.04227961187190202,0.33649503161698285,-0.00018387454301209421,0.004327479680140981,,
2026-09-08,2026-09-22T13:29:44.351620,asset_growth_dropped_2026-09-22,AEIS,-0.028191434193646968,0.3771454381210479,-0.00012290824037922976,0.004327479680140981,,
2026-09-08,2026-09-22T13:29:44.351620,asset_growth_dropped_2026-09-22,AEO,0.1125351523172709,0.8175248419150858,0.00048608320320236927,0.004327479680140981,,
2026-09-08,2026-09-22T13:29:44.351620,asset_growth_dropped_2026-09-22,AEP,0.01631424286238612,0.520776874435411,6.968917273167013e-05,0.004327479680140981,,
2026-09-08,2026-09-22T13:29:44.351620,asset_growth_dropped_2026-09-22,AES,0.09535103721523935,0.7700993676603433,0.000411719294277124,0.004327479680140981,,
2026-09-08,2026-09-22T13:29:44.351620,asset_growth_dropped_2026-09-22,AESI,-0.12611910684656508,0.15356820234869015,-0.0005466882539082305,0.004327479680140981,,
2026-09-08,2026-09-22T13:29:44.351620,asset_growth_dropped_2026-09-22,AEVA,-0.10659573383900783,0.1910569105691057,-0.0004622012539302136,0.004327479680140981,,
2026-09-08,2026-09-22T13:29:44.351620,asset_growth_dropped_2026-09-22,AFG,0.01605592358601325,0.5203252032520326,6.857130131217782e-05,0.004327479680140981,,
2026-09-08,2026-09-22T13:29:44.351620,asset_growth_dropped_2026-09-22,AFL,0.03478274774885277,0.5849141824751581,0.00014961125235043895,0.004327479680140981,,
2026-09-08,2026-09-22T13:29:44.351620,asset_growth_dropped_2026-09-22,AFRM,-0.21287138308615747,0.05013550135501355,-0.0009221069665410438,0.004327479680140981,,
2026-09-08,2026-09-22T13:29:44.351620,asset_growth_dropped_2026-09-22,AGCO,0.04660897223812641,0.6264679313459801,0.00020078899852055634,0.004327479680140981,,
2026-09-08,2026-09-22T13:29:44.351620,asset_growth_dropped_2026-09-22,AGIO,-0.1713986548707261,0.08988256549232158,-0.0007426345779087552,0.004327479680140981,,
2026-09-08,2026-09-22T13:29:44.351620,asset_growth_dropped_2026-09-22,AGL,0.005393341763734474,0.48419150858175247,2.2429195138425816e-05,0.004327479680140981,,
2026-09-08,2026-09-22T13:29:44.351620,asset_growth_dropped_2026-09-22,AGM,0.028699258324186787,0.5704607046070461,0.0001232850754808444,0.004327479680140981,,
2026-09-08,2026-09-22T13:29:44.351620,asset_growth_dropped_2026-09-22,AGNC,-0.10097322239341222,0.1978319783197832,-0.0004378699498980385,0.004327479680140981,,
2026-09-08,2026-09-22T13:29:44.351620,asset_growth_dropped_2026-09-22,AGNT,-0.1559123474862431,0.1093044263775971,-0.0006756178973819877,0.004327479680140981,,
2026-09-08,2026-09-22T13:29:44.351620,asset_growth_dropped_2026-09-22,AGO,-0.08528680695998692,0.22809394760614274,-0.0003699873058556406,0.004327479680140981,,
2026-09-08,2026-09-22T13:29:44.351620,asset_growth_dropped_2026-09-22,AGX,-0.08031694621654434,0.24028906955736223,-0.0003484803344752625,0.004327479680140981,,
2026-09-08,2026-09-22T13:29:44.351620,asset_growth_dropped_2026-09-22,AGYS,0.035336942624267564,0.5867208672086721,0.00015200951941263477,0.004327479680140981,,
2026-09-08,2026-09-22T13:29:44.351620,asset_growth_dropped_2026-09-22,AHCO,-0.07472342847536201,0.25564588979223124,-0.0003242745001097879,0.004327479680140981,,
2026-09-08,2026-09-22T13:29:44.351620,asset_growth_dropped_2026-09-22,AHR,-0.06659925865551733,0.2777777777777778,-0.00028911732029639545,0.004327479680140981,,
2026-09-08,2026-09-22T13:29:44.351620,asset_growth_dropped_2026-09-22,AI,-0.12478817414916481,0.15627822944896116,-0.0005409286697045956,0.004327479680140981,,
2026-09-08,2026-09-22T13:29:44.351620,asset_growth_dropped_2026-09-22,AIG,0.052608941280852,0.6431797651309846,0.00022675374263442623,0.004327479680140981,,
2026-09-08,2026-09-22T13:29:44.351620,asset_growth_dropped_2026-09-22,AIN,0.07261114299066054,0.7055103884372177,0.00031331286409170395,0.004327479680140981,,
2026-09-08,2026-09-22T13:29:44.351620,asset_growth_dropped_2026-09-22,AIP,0.01001417813120642,0.5013550135501355,4.2425770623917124e-05,0.004327479680140981,,
2026-09-08,2026-09-22T13:29:44.351620,asset_growth_dropped_2026-09-22,AIR,0.00030795231843322446,0.46522131887985546,4.2227564828124277e-07,0.004327479680140981,,
2026-09-08,2026-09-22T13:29:44.351620,asset_growth_dropped_2026-09-22,AIT,0.24033636675157624,0.9923215898825655,0.0010391403617641657,0.004327479680140981,,
2026-09-08,2026-09-22T13:29:44.351620,asset_growth_dropped_2026-09-22,AIV,-0.09411630753724372,0.2109304426377597,-0.0004081967901895125,0.004327479680140981,,
2026-09-08,2026-09-22T13:29:44.351620,asset_growth_dropped_2026-09-22,AIZ,0.16400539275573497,0.9272809394760614,0.0007088196228317932,0.004327479680140981,,
2026-09-08,2026-09-22T13:29:44.351620,asset_growth_dropped_2026-09-22,AJG,-0.11816205789028693,0.16711833785004518,-0.0005122542862360498,0.004327479680140981,,
2026-09-08,2026-09-22T13:29:44.351620,asset_growth_dropped_2026-09-22,AKAM,-0.04772255020788743,0.3229448961156278,-0.00020742874806133147,0.004327479680140981,,
2026-09-08,2026-09-22T13:29:44.351620,asset_growth_dropped_2026-09-22,AKR,-0.046417128409659954,0.32700993676603435,-0.00020177956175548896,0.004327479680140981,,
2026-09-08,2026-09-22T13:29:44.351620,asset_growth_dropped_2026-09-22,ALAB,-0.0011079773079526456,0.46115627822944893,-5.705131038413221e-06,0.004327479680140981,,
2026-09-08,2026-09-22T13:29:44.351620,asset_growth_dropped_2026-09-22,ALB,-0.012216320492913588,0.4223125564588979,-5.3776260451364246e-05,0.004327479680140981,,
2026-09-08,2026-09-22T13:29:44.351620,asset_growth_dropped_2026-09-22,ALEC,-0.2668566468871029,0.024841915085817526,-0.0011557270986666858,0.004327479680140981,,
2026-09-08,2026-09-22T13:29:44.351620,asset_growth_dropped_2026-09-22,ALG,-0.002949840208302343,0.45483288166214997,-1.3675755313282068e-05,0.004327479680140981,,
2026-09-08,2026-09-22T13:29:44.351620,asset_growth_dropped_2026-09-22,ALGM,-0.014935087595103147,0.4128274616079494,-6.554166984112534e-05,0.004327479680140981,,
2026-09-08,2026-09-22T13:29:44.351620,asset_growth_dropped_2026-09-22,ALGN,0.056886604550240076,0.6544715447154471,0.0002452652435111886,0.004327479680140981,,
2026-09-08,2026-09-22T13:29:44.351620,asset_growth_dropped_2026-09-22,ALGT,-0.07589249085461454,0.25248419150858176,-0.0003293335938008205,0.004327479680140981,,
2026-09-08,2026-09-22T13:29:44.351620,asset_growth_dropped_2026-09-22,ALH,-0.06981868048049891,0.26874435411020775,-0.0003030493028258056,0.004327479680140981,,
2026-09-08,2026-09-22T13:29:44.351620,asset_growth_dropped_2026-09-22,ALHC,-0.03293941516724193,0.36088527551942184,-0.00014345503156415793,0.004327479680140981,,
2026-09-08,2026-09-22T13:29:44.351620,asset_growth_dropped_2026-09-22,ALIT,-0.08248617307902446,0.23577235772357724,-0.00035786761964426124,0.004327479680140981,,
2026-09-08,2026-09-22T13:29:44.351620,asset_growth_dropped_2026-09-22,ALK,-0.029381705583836716,0.3712737127371274,-0.00012805911563412904,0.004327479680140981,,
2026-09-08,2026-09-22T13:29:44.351620,asset_growth_dropped_2026-09-22,ALKS,0.0698368909802571,0.6996386630532972,0.00030130734488909277,0.004327479680140981,,
2026-09-08,2026-09-22T13:29:44.351620,asset_growth_dropped_2026-09-22,ALKT,-0.02308062711332641,0.3888888888888889,-0.00010079132659002188,0.004327479680140981,,
2026-09-08,2026-09-22T13:29:44.351620,asset_growth_dropped_2026-09-22,ALL,0.13354339508423094,0.8699186991869918,0.0005769959468918575,0.004327479680140981,,
2026-09-08,2026-09-22T13:29:44.351620,asset_growth_dropped_2026-09-22,ALLE,0.11522051382177548,0.8229448961156278,0.0004977040505469456,0.004327479680140981,,
2026-09-08,2026-09-22T13:29:44.351620,asset_growth_dropped_2026-09-22,ALLO,-0.19159670022636746,0.06955736224028906,-0.000830041208763859,0.004327479680140981,,
2026-09-08,2026-09-22T13:29:44.351620,asset_growth_dropped_2026-09-22,ALLY,0.020227733966889407,0.535230352303523,8.662472596482058e-05,0.004327479680140981,,
2026-09-08,2026-09-22T13:29:44.351620,asset_growth_dropped_2026-09-22,ALMR,-0.15511424455636544,0.11065943992773261,-0.0006721641231702811,0.004327479680140981,,
2026-09-08,2026-09-22T13:29:44.351620,asset_growth_dropped_2026-09-22,ALMS,-0.2973002123967125,0.015356820234869015,-0.0012874710098005622,0.004327479680140981,,
2026-09-08,2026-09-22T13:29:44.351620,asset_growth_dropped_2026-09-22,ALNY,-0.05847979832670287,0.2976513098464318,-0.0002539805207097401,0.004327479680140981,,
2026-09-08,2026-09-22T13:29:44.351620,asset_growth_dropped_2026-09-22,ALRM,0.04819691090883389,0.6314363143631436,0.00020766077085135302,0.004327479680140981,,
2026-09-08,2026-09-22T13:29:44.351620,asset_growth_dropped_2026-09-22,ALSN,0.12311846839593421,0.8414634146341463,0.0005318822884812941,0.004327479680140981,,
2026-09-08,2026-09-22T13:29:44.351620,asset_growth_dropped_2026-09-22,ALV,0.12028241169614146,0.8364950316169828,0.0005196093107412132,0.004327479680140981,,
2026-09-08,2026-09-22T13:29:44.351620,asset_growth_dropped_2026-09-22,ALX,0.017803014794679634,0.5275519421860885,7.613180301703453e-05,0.004327479680140981,,
2026-09-08,2026-09-22T13:29:44.351620,asset_growth_dropped_2026-09-22,ALXO,-0.13529631881417015,0.13459801264679314,-0.0005864024522183881,0.004327479680140981,,
2026-09-08,2026-09-22T13:29:44.351620,asset_growth_dropped_2026-09-22,AM,0.17860986349061414,0.9471544715447154,0.0007720201731761964,0.004327479680140981,,
2026-09-08,2026-09-22T13:29:44.351620,asset_growth_dropped_2026-09-22,AMAT,-0.014428784997579693,0.4150858175248419,-6.335065563834e-05,0.004327479680140981,,
2026-09-08,2026-09-22T13:29:44.351620,asset_growth_dropped_2026-09-22,AMBA,-0.08918647581157552,0.21906052393857273,-0.000386863043570169,0.004327479680140981,,
2026-09-08,2026-09-22T13:29:44.351620,asset_growth_dropped_2026-09-22,AMC,-0.11242369686323547,0.17615176151761516,-0.0004874216454941717,0.004327479680140981,,
2026-09-08,2026-09-22T13:29:44.351620,asset_growth_dropped_2026-09-22,AMCR,-0.030344104354080005,0.3690153568202349,-0.00013222387675654955,0.004327479680140981,,
2026-09-08,2026-09-22T13:29:44.351620,asset_growth_dropped_2026-09-22,AMCX,0.06968006472113084,0.6987353206865402,0.00030062868243941135,0.004327479680140981,,
2026-09-08,2026-09-22T13:29:44.351620,asset_growth_dropped_2026-09-22,AMD,0.07098241858335616,0.7018970189701897,0.0003062645923145446,0.004327479680140981,,
2026-09-08,2026-09-22T13:29:44.351620,asset_growth_dropped_2026-09-22,AME,0.1595271411146321,0.9214092140921409,0.0006894400798523624,0.004327479680140981,,
2026-09-08,2026-09-22T13:29:44.351620,asset_growth_dropped_2026-09-22,AMG,0.17333953318933742,0.9381210478771455,0.00074921292588979,0.004327479680140981,,
2026-09-08,2026-09-22T13:29:44.351620,asset_growth_dropped_2026-09-22,AMGN,0.05779102870071241,0.6594399277326106,0.00024917912064458637,0.004327479680140981,,
2026-09-08,2026-09-22T13:29:44.351620,asset_growth_dropped_2026-09-22,AMH,0.1003687130492076,0.7827461607949413,0.000433433184490156,0.004327479680140981,,
2026-09-08,2026-09-22T13:29:44.351620,asset_growth_dropped_2026-09-22,AMKR,0.02436123936409451,0.5510388437217706,0.00010451238657897875,0.004327479680140981,,
2026-09-08,2026-09-22T13:29:44.351620,asset_growth_dropped_2026-09-22,AMLX,-0.14159909997911285,0.12917795844625113,-0.000613677609638053,0.004327479680140981,,
2026-09-08,2026-09-22T13:29:44.351620,asset_growth_dropped_2026-09-22,AMN,0.10343114769454535,0.7904245709123758,0.0004466858081896149,0.004327479680140981,,
2026-09-08,2026-09-22T13:29:44.351620,asset_growth_dropped_2026-09-22,AMP,0.0683616171611846,0.6946702800361337,0.00029492312741441257,0.004327479680140981,,
2026-09-08,2026-09-22T13:29:44.351620,asset_growth_dropped_2026-09-22,AMPH,-0.08234156983814483,0.23622402890695574,-0.0003572418520576721,0.004327479680140981,,
2026-09-08,2026-09-22T13:29:44.351620,asset_growth_dropped_2026-09-22,AMPL,0.14409606765202299,0.8988256549232159,0.0006226624230001587,0.004327479680140981,,
2026-09-08,2026-09-22T13:29:44.351620,asset_growth_dropped_2026-09-22,AMPX,-0.11138966437415421,0.17750677506775067,-0.0004829468909090669,0.004327479680140981,,
2026-09-08,2026-09-22T13:29:44.351620,asset_growth_dropped_2026-09-22,AMR,-0.0107355883927161,0.42502258355916894,-4.736842237602714e-05,0.004327479680140981,,
2026-09-08,2026-09-22T13:29:44.351620,asset_growth_dropped_2026-09-22,AMRC,-0.22982748349487986,0.03974706413730804,-0.0009954841465142203,0.004327479680140981,,
2026-09-08,2026-09-22T13:29:44.351620,asset_growth_dropped_2026-09-22,AMRX,0.09238938068923697,0.7588075880758808,0.00039890278584129175,0.004327479680140981,,
2026-09-08,2026-09-22T13:29:44.351620,asset_growth_dropped_2026-09-22,AMRZ,0.0259372694820261,0.556910569105691,0.0001113326248896179,0.004327479680140981,,
2026-09-08,2026-09-22T13:29:44.351620,asset_growth_dropped_2026-09-22,AMSC,-0.27425446887420757,0.022583559168925023,-0.0011877410229931813,0.004327479680140981,,
2026-09-08,2026-09-22T13:29:44.351620,asset_growth_dropped_2026-09-22,AMT,0.0928008752618015,0.7615176151761518,0.00040068352024255307,0.004327479680140981,,
2026-09-08,2026-09-22T13:29:44.351620,asset_growth_dropped_2026-09-22,AMTM,-0.14392906536368166,0.12466124661246612,-0.0006237604874952064,0.004327479680140981,,
2026-09-08,2026-09-22T13:29:44.351620,asset_growth_dropped_2026-09-22,AMWL,0.15979488421455024,0.9223125564588979,0.0006905987326767561,0.004327479680140981,,
2026-09-08,2026-09-22T13:29:44.351620,asset_growth_dropped_2026-09-22,AMZN,0.12273107963333788,0.8401084010840109,0.0005302058714828435,0.004327479680140981,,
2026-09-08,2026-09-22T13:29:44.351620,asset_growth_dropped_2026-09-22,AN,0.09097036580093859,0.7551942186088527,0.000392762027746363,0.004327479680140981,,
2026-09-08,2026-09-22T13:29:44.351620,asset_growth_dropped_2026-09-22,ANAB,0.07856655228956244,0.7240289069557362,0.00033908477681962454,0.004327479680140981,,
2026-09-08,2026-09-22T13:29:44.351620,asset_growth_dropped_2026-09-22,ANDE,0.08931530307006993,0.7524841915085817,0.0003855997774091702,0.004327479680140981,,
2026-09-08,2026-09-22T13:29:44.351620,asset_growth_dropped_2026-09-22,ANDG,-0.027696092333815238,0.37895212285456187,-0.00012076465854608469,0.004327479680140981,,
2026-09-08,2026-09-22T13:29:44.351620,asset_growth_dropped_2026-09-22,ANET,0.08768563172668836,0.7457091237579042,0.0003785474077853784,0.004327479680140981,,
2026-09-08,2026-09-22T13:29:44.351620,asset_growth_dropped_2026-09-22,ANF,0.07532667906152737,0.7158988256549232,0.00032506429125907,0.004327479680140981,,
2026-09-08,2026-09-22T13:29:44.351620,asset_growth_dropped_2026-09-22,ANGI,-0.04453934429626792,0.33062330623306235,-0.0001936534891610934,0.004327479680140981,,
2026-09-08,2026-09-22T13:29:44.351620,asset_growth_dropped_2026-09-22,ANGX,-0.15991278598732564,0.10478771454381211,-0.000692929713707076,0.004327479680140981,,
2026-09-08,2026-09-22T13:29:44.351620,asset_growth_dropped_2026-09-22,ANIP,-0.08314689532539372,0.23396567299006324,-0.0003607268817396413,0.004327479680140981,,
2026-09-08,2026-09-22T13:29:44.351620,asset_growth_dropped_2026-09-22,AON,0.038870561768327004,0.6007226738934056,0.00016730118445590917,0.004327479680140981,,
2026-09-08,2026-09-22T13:29:44.351620,asset_growth_dropped_2026-09-22,AORT,-0.15334773793112585,0.11291779584462511,-0.0006645196016447225,0.004327479680140981,,
2026-09-08,2026-09-22T13:29:44.351620,asset_growth_dropped_2026-09-22,AOS,0.025560280898235088,0.55420054200542,0.00010970121445361718,0.004327479680140981,,
2026-09-08,2026-09-22T13:29:44.351620,asset_growth_dropped_2026-09-22,APA,0.15934916506417662,0.9205058717253839,0.0006886698921104646,0.004327479680140981,,
2026-09-08,2026-09-22T13:29:44.351620,asset_growth_dropped_2026-09-22,APAM,0.03634718997032831,0.5925925925925926,0.000156381344274629,0.004327479680140981,,
2026-09-08,2026-09-22T13:29:44.351620,asset_growth_dropped_2026-09-22,APD,0.027098089486917352,0.5645889792231256,0.00011635604987308595,0.004327479680140981,,
2026-09-08,2026-09-22T13:29:44.351620,asset_growth_dropped_2026-09-22,APG,0.058454924111240536,0.6626016260162602,0.0002520521145433857,0.004327479680140981,,
2026-09-08,2026-09-22T13:29:44.351620,asset_growth_dropped_2026-09-22,APH,0.1252165020568181,0.8495934959349594,0.0005409614865170209,0.004327479680140981,,
2026-09-08,2026-09-22T13:29:44.351620,asset_growth_dropped_2026-09-22,APLD,-0.07875005907012456,0.24299909665763325,-0.0003416996621880568,0.004327479680140981,,
2026-09-08,2026-09-22T13:29:44.351620,asset_growth_dropped_2026-09-22,APLE,0.08741691114422956,0.7448057813911473,0.0003773845249251523,0.004327479680140981,,
2026-09-08,2026-09-22T13:29:44.351620,asset_growth_dropped_2026-09-22,APO,-0.17383523664777253,0.08717253839205058,-0.0007531788360379254,0.004327479680140981,,
2026-09-08,2026-09-22T13:29:44.351620,asset_growth_dropped_2026-09-22,APP,0.009657579133694819,0.4995483288166215,4.088259570822703e-05,0.004327479680140981,,
2026-09-08,2026-09-22T13:29:44.351620,asset_growth_dropped_2026-09-22,APPF,0.058606845344243416,0.6630532971996387,0.0002527095505921876,0.004327479680140981,,
2026-09-08,2026-09-22T13:29:44.351620,asset_growth_dropped_2026-09-22,APPN,0.06448826182766099,0.6811201445347786,0.0002781612609146234,0.004327479680140981,,
2026-09-08,2026-09-22T13:29:44.351620,asset_growth_dropped_2026-09-22,APPS,0.06950881667137143,0.6978319783197832,0.0002998876099838137,0.004327479680140981,,
2026-09-08,2026-09-22T13:29:44.351620,asset_growth_dropped_2026-09-22,AR,0.11559804610950872,0.8242999096657633,0.0004993378138507084,0.004327479680140981,,
2026-09-08,2026-09-22T13:29:44.351620,asset_growth_dropped_2026-09-22,ARCB,0.04200360363929368,0.6097560975609756,0.00018085935948954833,0.004327479680140981,,
2026-09-08,2026-09-22T13:29:44.351620,asset_growth_dropped_2026-09-22,ARCC,-0.08021210888201,0.24074074074074073,-0.000348026653040345,0.004327479680140981,,
2026-09-08,2026-09-22T13:29:44.351620,asset_growth_dropped_2026-09-22,ARCT,-0.3043539629480526,0.012195121951219513,-0.0013179959719802697,0.004327479680140981,,
2026-09-08,2026-09-22T13:29:44.351620,asset_growth_dropped_2026-09-22,ARDT,-0.10066316436321496,0.19828364950316169,-0.0004365281800726953,0.004327479680140981,,
2026-09-08,2026-09-22T13:29:44.351620,asset_growth_dropped_2026-09-22,ARE,-0.057461963922870715,0.3003613369467028,-0.000249575863009408,0.004327479680140981,,
2026-09-08,2026-09-22T13:29:44.351620,asset_growth_dropped_2026-09-22,ARES,-0.002875774711789375,0.45573622402890696,-1.3355238382122647e-05,0.004327479680140981,,
2026-09-08,2026-09-22T13:29:44.351620,asset_growth_dropped_2026-09-22,ARHS,-0.04746311575685575,0.3238482384823848,-0.00020630605074616333,0.004327479680140981,,
2026-09-08,2026-09-22T13:29:44.351620,asset_growth_dropped_2026-09-22,ARI,-0.05537986376073506,0.3057813911472448,-0.00024056561686574773,0.004327479680140981,,
2026-09-08,2026-09-22T13:29:44.351620,asset_growth_dropped_2026-09-22,ARLO,-0.04841272746868766,0.3206865401987353,-0.00021041547613313982,0.004327479680140981,,
2026-09-08,2026-09-22T13:29:44.351620,asset_growth_dropped_2026-09-22,ARLP,0.13407397004432325,0.8717253839205059,0.0005792919992504487,0.004327479680140981,,
2026-09-08,2026-09-22T13:29:44.351620,asset_growth_dropped_2026-09-22,ARMK,0.06591502934643528,0.6860885275519422,0.00028433556836040435,0.004327479680140981,,
2026-09-08,2026-09-22T13:29:44.351620,asset_growth_dropped_2026-09-22,AROC,0.11178017058700948,0.8157181571815718,0.0004828160351057853,0.004327479680140981,,
2026-09-08,2026-09-22T13:29:44.351620,asset_growth_dropped_2026-09-22,ARQT,0.02417958291693044,0.5501355013550135,0.00010372627199510962,0.004327479680140981,,
2026-09-08,2026-09-22T13:29:44.351620,asset_growth_dropped_2026-09-22,ARR,-0.02919866741496479,0.3721770551038844,-0.00012726702167764557,0.004327479680140981,,
2026-09-08,2026-09-22T13:29:44.351620,asset_growth_dropped_2026-09-22,ARRY,-0.10692149203559931,0.1901535682023487,-0.0004636109659066026,0.004327479680140981,,
2026-09-08,2026-09-22T13:29:44.351620,asset_growth_dropped_2026-09-22,ARVN,0.013413625411186333,0.5130984643179766,5.713680965174073e-05,0.004327479680140981,,
2026-09-08,2026-09-22T13:29:44.351620,asset_growth_dropped_2026-09-22,ARW,0.0993560980977157,0.7795844625112918,0.00042905111386376787,0.004327479680140981,,
2026-09-08,2026-09-22T13:29:44.351620,asset_growth_dropped_2026-09-22,ARWR,0.02856183812292029,0.5700090334236676,0.00012269039235222274,0.004327479680140981,,
2026-09-08,2026-09-22T13:29:44.351620,asset_growth_dropped_2026-09-22,ARX,0.0018568836278559098,0.4715447154471545,7.125244415742077e-06,0.004327479680140981,,
2026-09-08,2026-09-22T13:29:44.351620,asset_growth_dropped_2026-09-22,ARXS,0.037053949258106136,0.5948509485094851,0.00015943983073123845,0.004327479680140981,,
2026-09-08,2026-09-22T13:29:44.351620,asset_growth_dropped_2026-09-22,ASAN,-0.05158953349430806,0.3134598012646793,-0.00022416303965676153,0.004327479680140981,,
2026-09-08,2026-09-22T13:29:44.351620,asset_growth_dropped_2026-09-22,ASB,0.01873516302003675,0.5302619692863595,8.016565552114693e-05,0.004327479680140981,,
2026-09-08,2026-09-22T13:29:44.351620,asset_growth_dropped_2026-09-22,ASH,0.06424403848620176,0.6797651309846432,0.0002771043893670425,0.004327479680140981,,
2026-09-08,2026-09-22T13:29:44.351620,asset_growth_dropped_2026-09-22,ASO,0.04430686831477778,0.6192411924119241,0.00019082669057069227,0.004327479680140981,,
2026-09-08,2026-09-22T13:29:44.351620,asset_growth_dropped_2026-09-22,ASPN,-0.1107975975125921,0.17976513098464317,-0.00048038473359637206,0.004327479680140981,,
2026-09-08,2026-09-22T13:29:44.351620,asset_growth_dropped_2026-09-22,ASST,-0.4315442780656944,0.00045167118337850043,-0.0018684094761625928,0.004327479680140981,,
2026-09-08,2026-09-22T13:29:44.351620,asset_growth_dropped_2026-09-22,ASTH,-0.08288942648197034,0.23441734417344173,-0.0003596126905514572,0.004327479680140981,,
2026-09-08,2026-09-22T13:29:44.351620,asset_growth_dropped_2026-09-22,ASTS,-0.2030239624873742,0.06052393857271906,-0.0008794924539980075,0.004327479680140981,,
2026-09-08,2026-09-22T13:29:44.351620,asset_growth_dropped_2026-09-22,ATAI,-0.01280142636975741,0.4205058717253839,-5.630829424413696e-05,0.004327479680140981,,
2026-09-08,2026-09-22T13:29:44.351620,asset_growth_dropped_2026-09-22,ATEC,-0.037001320418170336,0.35140018066847334,-0.00016103284400020856,0.004327479680140981,,
2026-09-08,2026-09-22T13:29:44.351620,asset_growth_dropped_2026-09-22,ATEN,0.02223250528274638,0.544263775971093,9.530033309752115e-05,0.004327479680140981,,
2026-09-08,2026-09-22T13:29:44.351620,asset_growth_dropped_2026-09-22,ATEX,-0.19444331967557477,0.06594399277326106,-0.0008423598965873977,0.004327479680140981,,
2026-09-08,2026-09-22T13:29:44.351620,asset_growth_dropped_2026-09-22,ATI,0.187608522063915,0.9584462511291779,0.0008109616853006823,0.004327479680140981,,
2026-09-08,2026-09-22T13:29:44.351620,asset_growth_dropped_2026-09-22,ATKR,0.1269139000261948,0.8541102077687444,0.0005483069417386111,0.004327479680140981,,
2026-09-08,2026-09-22T13:29:44.351620,asset_growth_dropped_2026-09-22,ATLC,0.0022519900902261136,0.473803071364047,8.835059603141522e-06,0.004327479680140981,,
2026-09-08,2026-09-22T13:29:44.351620,asset_growth_dropped_2026-09-22,ATMU,-0.04648364209237161,0.3265582655826558,-0.00020206739836587498,0.004327479680140981,,
2026-09-08,2026-09-22T13:29:44.351620,asset_growth_dropped_2026-09-22,ATO,-0.042754489729294354,0.3355916892502258,-0.00018592956729050845,0.004327479680140981,,
2026-09-08,2026-09-22T13:29:44.351620,asset_growth_dropped_2026-09-22,ATR,0.12825087161932971,0.8568202348690154,0.0005540926591408281,0.004327479680140981,,
2026-09-08,2026-09-22T13:29:44.351620,asset_growth_dropped_2026-09-22,ATRC,0.12205175199712756,0.8396567299006323,0.0005272660949409852,0.004327479680140981,,
2026-09-08,2026-09-22T13:29:44.351620,asset_growth_dropped_2026-09-22,ATRO,-0.02219796534005434,0.39069557362240287,-9.697162570174977e-05,0.004327479680140981,,
2026-09-08,2026-09-22T13:29:44.351620,asset_growth_dropped_2026-09-22,AUB,0.013894567771540155,0.5149051490514905,5.921807794349093e-05,0.004327479680140981,,
2026-09-08,2026-09-22T13:29:44.351620,asset_growth_dropped_2026-09-22,AUPH,-0.058515615200169374,0.2971996386630533,-0.0002541355175018725,0.004327479680140981,,
2026-09-08,2026-09-22T13:29:44.351620,asset_growth_dropped_2026-09-22,AUR,-0.0940139142666509,0.2122854561878952,-0.0004077536853916389,0.004327479680140981,,
2026-09-08,2026-09-22T13:29:44.351620,asset_growth_dropped_2026-09-22,AVA,-0.0390519040837345,0.34552845528455284,-0.00016990670314536647,0.004327479680140981,,
2026-09-08,2026-09-22T13:29:44.351620,asset_growth_dropped_2026-09-22,AVAH,0.009169374037576318,0.496386630532972,3.876989807503294e-05,0.004327479680140981,,
2026-09-08,2026-09-22T13:29:44.351620,asset_growth_dropped_2026-09-22,AVAV,-0.1429075935596577,0.12601626016260162,-0.0006193400890194558,0.004327479680140981,,
2026-09-08,2026-09-22T13:29:44.351620,asset_growth_dropped_2026-09-22,AVEX,-0.050474870447502984,0.3166214995483288,-0.00021933935797150854,0.004327479680140981,,
2026-09-08,2026-09-22T13:29:44.351620,asset_growth_dropped_2026-09-22,AVGO,0.05936785308383208,0.6644083107497741,0.0002560027961216876,0.004327479680140981,,
2026-09-08,2026-09-22T13:29:44.351620,asset_growth_dropped_2026-09-22,AVIR,-0.06755473377860069,0.27461607949412825,-0.00029325211947641886,0.004327479680140981,,
2026-09-08,2026-09-22T13:29:44.351620,asset_growth_dropped_2026-09-22,AVNT,0.03487687412698989,0.5853658536585366,0.00015001858233919265,0.004327479680140981,,
2026-09-08,2026-09-22T13:29:44.351620,asset_growth_dropped_2026-09-22,AVPT,-0.006914430585984406,0.44037940379403795,-3.0832439612783654e-05,0.004327479680140981,,
2026-09-08,2026-09-22T13:29:44.351620,asset_growth_dropped_2026-09-22,AVT,0.06394656537840523,0.6779584462511292,0.0002758170805376646,0.004327479680140981,,
2026-09-08,2026-09-22T13:29:44.351620,asset_growth_dropped_2026-09-22,AVTR,0.08118238654640131,0.7289972899728997,0.00035040474641271144,0.004327479680140981,,
2026-09-08,2026-09-22T13:29:44.351620,asset_growth_dropped_2026-09-22,AVXL,-0.36334683272999146,0.0040650406504065045,-0.001573286417234813,0.004327479680140981,,
2026-09-08,2026-09-22T13:29:44.351620,asset_growth_dropped_2026-09-22,AVY,0.133990726800159,0.8708220415537489,0.0005789317658028188,0.004327479680140981,,
2026-09-08,2026-09-22T13:29:44.351620,asset_growth_dropped_2026-09-22,AWI,0.10302103328958032,0.7881662149954833,0.0004449110464355956,0.004327479680140981,,
2026-09-08,2026-09-22T13:29:44.351620,asset_growth_dropped_2026-09-22,AWK,0.02645693326041599,0.5618789521228545,0.00011358145933110543,0.004327479680140981,,
2026-09-08,2026-09-22T13:29:44.351620,asset_growth_dropped_2026-09-22,AWR,0.06805716710675108,0.6933152664859982,0.00029360562599023367,0.004327479680140981,,
2026-09-08,2026-09-22T13:29:44.351620,asset_growth_dropped_2026-09-22,AX,-0.04355746630606269,0.33378500451671184,-0.0001894044321101026,0.004327479680140981,,
2026-09-08,2026-09-22T13:29:44.351620,asset_growth_dropped_2026-09-22,AXGN,0.12706135863326412,0.8545618789521229,0.0005489450658643654,0.004327479680140981,,
2026-09-08,2026-09-22T13:29:44.351620,asset_growth_dropped_2026-09-22,AXON,-0.15532535289537658,0.10975609756097561,-0.0006730776902176602,0.004327479680140981,,
2026-09-08,2026-09-22T13:29:44.351620,asset_growth_dropped_2026-09-22,AXP,0.10398240727637548,0.7926829268292683,0.0004490713728284678,0.004327479680140981,,
2026-09-08,2026-09-22T13:29:44.351620,asset_growth_dropped_2026-09-22,AXS,0.047052690340910114,0.6278229448961157,0.0002027091795940635,0.004327479680140981,,
2026-09-08,2026-09-22T13:29:44.351620,asset_growth_dropped_2026-09-22,AXSM,0.13869043557331673,0.8825654923215899,0.0005992696600212392,0.004327479680140981,,
2026-09-08,2026-09-22T13:29:44.351620,asset_growth_dropped_2026-09-22,AXTA,0.10374799598640672,0.7922312556458898,0.0004480569627343323,0.004327479680140981,,
2026-09-08,2026-09-22T13:29:44.351620,asset_growth_dropped_2026-09-22,AXTI,-0.18783224610811516,0.07497741644083107,-0.0008137506100602992,0.004327479680140981,,
2026-09-08,2026-09-22T13:29:44.351620,asset_growth_dropped_2026-09-22,AYI,0.12117516128718325,0.8373983739837398,0.0005234726664559008,0.004327479680140981,,
2026-09-08,2026-09-22T13:29:44.351620,asset_growth_dropped_2026-09-22,AZO,0.10709634473700275,0.8044263775971093,0.0004625468739145621,0.004327479680140981,,
2026-09-08,2026-09-22T13:29:44.351620,asset_growth_dropped_2026-09-22,AZTA,-0.08274848385896087,0.23486901535682023,-0.00035900276421431794,0.004327479680140981,,
2026-09-08,2026-09-22T13:29:44.351620,asset_growth_dropped_2026-09-22,AZZ,0.14534916251286922,0.9010840108401084,0.00062808516554776,0.004327479680140981,,
2026-09-08,2026-09-22T13:29:44.351620,asset_growth_dropped_2026-09-22,BA,-0.05622552027727338,0.3030713640469738,-0.0002442251782574461,0.004327479680140981,,
2026-09-08,2026-09-22T13:29:44.351620,asset_growth_dropped_2026-09-22,BAC,0.12588183702474043,0.8514001806684733,0.0005438407100711919,0.004327479680140981,,
2026-09-08,2026-09-22T13:29:44.351620,asset_growth_dropped_2026-09-22,BAH,0.009824204235923804,0.5004516711833785,4.1603662452324375e-05,0.004327479680140981,,
2026-09-08,2026-09-22T13:29:44.351620,asset_growth_dropped_2026-09-22,BALL,0.10519679515317965,0.7976513098464318,0.00045432661168914737,0.004327479680140981,,
2026-09-08,2026-09-22T13:29:44.351620,asset_growth_dropped_2026-09-22,BALY,-0.22177359724172552,0.045618789521228546,-0.000960631117407528,0.004327479680140981,,
2026-09-08,2026-09-22T13:29:44.351620,asset_growth_dropped_2026-09-22,BANC,-0.13147568986314354,0.14408310749774164,-0.0005698687580674621,0.004327479680140981,,
2026-09-08,2026-09-22T13:29:44.351620,asset_growth_dropped_2026-09-22,BAND,-0.013785763382956888,0.4173441734417344,-6.0567992667168365e-05,0.004327479680140981,,
2026-09-08,2026-09-22T13:29:44.351620,asset_growth_dropped_2026-09-22,BANF,-0.1661074192381864,0.0984643179765131,-0.0007197368632261016,0.004327479680140981,,
2026-09-08,2026-09-22T13:29:44.351620,asset_growth_dropped_2026-09-22,BANR,0.017056184886668685,0.5225835591689251,7.28999117655956e-05,0.004327479680140981,,
2026-09-08,2026-09-22T13:29:44.351620,asset_growth_dropped_2026-09-22,BATRA,0.007868890496817257,0.491869918699187,3.314208197804031e-05,0.004327479680140981,,
2026-09-08,2026-09-22T13:29:44.351620,asset_growth_dropped_2026-09-22,BAX,0.06972922991124336,0.6991869918699187,0.00030084144380059354,0.004327479680140981,,
2026-09-08,2026-09-22T13:29:44.351620,asset_growth_dropped_2026-09-22,BBIO,0.09204512453573424,0.7583559168925023,0.0003974130243322452,0.004327479680140981,,
2026-09-08,2026-09-22T13:29:44.351620,asset_growth_dropped_2026-09-22,BBT,-0.09712410573734884,0.2037037037037037,-0.000421212975782432,0.004327479680140981,,
2026-09-08,2026-09-22T13:29:44.351620,asset_growth_dropped_2026-09-22,BBWI,0.0012170060182429068,0.4679313459801265,4.356187062364623e-06,0.004327479680140981,,
2026-09-08,2026-09-22T13:29:44.351620,asset_growth_dropped_2026-09-22,BBY,0.09112685632466912,0.7560975609756098,0.00039343923730794146,0.004327479680140981,,
2026-09-08,2026-09-22T13:29:44.351620,asset_growth_dropped_2026-09-22,BC,0.0950546217123399,0.7682926829268293,0.00041043656221144783,0.004327479680140981,,
2026-09-08,2026-09-22T13:29:44.351620,asset_growth_dropped_2026-09-22,BCC,0.07444384774575685,0.7122854561878952,0.00032124385667908095,0.004327479680140981,,
2026-09-08,2026-09-22T13:29:44.351620,asset_growth_dropped_2026-09-22,BCO,-0.028627129361896278,0.3748870822041554,-0.00012479370236656424,0.004327479680140981,,
2026-09-08,2026-09-22T13:29:44.351620,asset_growth_dropped_2026-09-22,BCPC,0.19822125828750925,0.9683830171635049,0.0008568880856589825,0.004327479680140981,,
2026-09-08,2026-09-22T13:29:44.351620,asset_growth_dropped_2026-09-22,BCRX,0.007490042727967362,0.4905149051490515,3.150262595647564e-05,0.004327479680140981,,
2026-09-08,2026-09-22T13:29:44.351620,asset_growth_dropped_2026-09-22,BDC,-0.013429362833822532,0.4182475158084914,-5.9025676532798354e-05,0.004327479680140981,,
2026-09-08,2026-09-22T13:29:44.351620,asset_growth_dropped_2026-09-22,BDN,-0.12766708938629,0.15085817524841916,-0.0005533871168941032,0.004327479680140981,,
2026-09-08,2026-09-22T13:29:44.351620,asset_growth_dropped_2026-09-22,BDX,-0.010888441456295472,0.4245709123757904,-4.8029890902714174e-05,0.004327479680140981,,
2026-09-08,2026-09-22T13:29:44.351620,asset_growth_dropped_2026-09-22,BE,0.0010239861863535205,0.4670280036133695,3.520897661999075e-06,0.004327479680140981,,
2026-09-08,2026-09-22T13:29:44.351620,asset_growth_dropped_2026-09-22,BEAM,-0.20881866085378786,0.05465221318879855,-0.0009045688934312088,0.004327479680140981,,
2026-09-08,2026-09-22T13:29:44.351620,asset_growth_dropped_2026-09-22,BELFA,-0.022037442580662293,0.3915989159891599,-9.627696672228054e-05,0.004327479680140981,,
2026-09-08,2026-09-22T13:29:44.351620,asset_growth_dropped_2026-09-22,BEN,0.09965459466489943,0.7809394760614273,0.0004303428516928473,0.004327479680140981,,
2026-09-08,2026-09-22T13:29:44.351620,asset_growth_dropped_2026-09-22,BETA,-0.14460719212832324,0.12375790424570912,-0.0006266950672897526,0.004327479680140981,,
2026-09-08,2026-09-22T13:29:44.351620,asset_growth_dropped_2026-09-22,BETR,-0.3406632109259493,0.006775067750677507,-0.0014751235048058176,0.004327479680140981,,
2026-09-08,2026-09-22T13:29:44.351620,asset_growth_dropped_2026-09-22,BF.B,-0.0028524624175211843,0.45663956639566394,-1.3254354902379585e-05,0.004327479680140981,,
2026-09-08,2026-09-22T13:29:44.351620,asset_growth_dropped_2026-09-22,BFAM,-0.0028149358093083887,0.45709123757904246,-1.30919592678741e-05,0.004327479680140981,,
2026-09-08,2026-09-22T13:29:44.351620,asset_growth_dropped_2026-09-22,BFH,0.1865938140730516,0.9579945799457995,0.0008065705570889441,0.004327479680140981,,
2026-09-08,2026-09-22T13:29:44.351620,asset_growth_dropped_2026-09-22,BFLY,0.011834326289986485,0.507226738934056,5.030242479588388e-05,0.004327479680140981,,
2026-09-08,2026-09-22T13:29:44.351620,asset_growth_dropped_2026-09-22,BG,0.026230165187325752,0.5609756097560976,0.0001126001251027027,0.004327479680140981,,
2026-09-08,2026-09-22T13:29:44.351620,asset_growth_dropped_2026-09-22,BGC,0.039687913004432356,0.6025293586269196,0.00017083825532169318,0.004327479680140981,,
2026-09-08,2026-09-22T13:29:44.351620,asset_growth_dropped_2026-09-22,BGS,-0.13076872004930737,0.14634146341463414,-0.0005668093605636131,0.004327479680140981,,
2026-09-08,2026-09-22T13:29:44.351620,asset_growth_dropped_2026-09-22,BHC,0.008678019742707654,0.493676603432701,3.66435723482388e-05,0.004327479680140981,,
2026-09-08,2026-09-22T13:29:44.351620,asset_growth_dropped_2026-09-22,BHE,-0.007553383312194961,0.43766937669376693,-3.3597494552030516e-05,0.004327479680140981,,
2026-09-08,2026-09-22T13:29:44.351620,asset_growth_dropped_2026-09-22,BHF,-0.1100337244640619,0.1820234869015357,-0.00047707908850065027,0.004327479680140981,,
2026-09-08,2026-09-22T13:29:44.351620,asset_growth_dropped_2026-09-22,BHVN,-0.229678361161647,0.04019873532068654,-0.0009948388226472997,0.004327479680140981,,
2026-09-08,2026-09-22T13:29:44.351620,asset_growth_dropped_2026-09-22,BIIB,0.06765811543150832,0.6910569105691057,0.0002918787379742944,0.004327479680140981,,
2026-09-08,2026-09-22T13:29:44.351620,asset_growth_dropped_2026-09-22,BILL,-0.0251116506917319,0.3839205058717254,-0.00010958053985545886,0.004327479680140981,,
2026-09-08,2026-09-22T13:29:44.351620,asset_growth_dropped_2026-09-22,BIO,0.07300336016078282,0.7068654019873533,0.00031501017592561046,0.004327479680140981,,
2026-09-08,2026-09-22T13:29:44.351620,asset_growth_dropped_2026-09-22,BJ,0.045921588583913125,0.6242095754290876,0.00019781435972448727,0.004327479680140981,,
2026-09-08,2026-09-22T13:29:44.351620,asset_growth_dropped_2026-09-22,BKD,-0.043968141829599856,0.3310749774164408,-0.00019118162209334094,0.004327479680140981,,
2026-09-08,2026-09-22T13:29:44.351620,asset_growth_dropped_2026-09-22,BKE,0.0038993857630924486,0.47831978319783197,1.5964130902622765e-05,0.004327479680140981,,
2026-09-08,2026-09-22T13:29:44.351620,asset_growth_dropped_2026-09-22,BKH,-0.03398428625590236,0.35907859078590787,-0.00014797668996870272,0.004327479680140981,,
2026-09-08,2026-09-22T13:29:44.351620,asset_growth_dropped_2026-09-22,BKKT,-0.4001505906564581,0.0018066847335140017,-0.0017325539318144248,0.004327479680140981,,
2026-09-08,2026-09-22T13:29:44.351620,asset_growth_dropped_2026-09-22,BKNG,0.1935173629063,0.9634146341463414,0.0008365320739792904,0.004327479680140981,,
2026-09-08,2026-09-22T13:29:44.351620,asset_growth_dropped_2026-09-22,BKR,0.0938434984805139,0.7651309846431797,0.00040519545103557414,0.004327479680140981,,
2026-09-08,2026-09-22T13:29:44.351620,asset_growth_dropped_2026-09-22,BKU,0.014268252390355535,0.5153568202348691,6.083519053819572e-05,0.004327479680140981,,
2026-09-08,2026-09-22T13:29:44.351620,asset_growth_dropped_2026-09-22,BKV,-0.16919702745209275,0.09530261969286359,-0.0007331070799913781,0.004327479680140981,,
2026-09-08,2026-09-22T13:29:44.351620,asset_growth_dropped_2026-09-22,BL,-0.021144055708937015,0.3952122854561879,-9.241085318838468e-05,0.004327479680140981,,
2026-09-08,2026-09-22T13:29:44.351620,asset_growth_dropped_2026-09-22,BLBD,-0.05946084804373681,0.2931345980126468,-0.0002582259934254125,0.004327479680140981,,
2026-09-08,2026-09-22T13:29:44.351620,asset_growth_dropped_2026-09-22,BLCO,0.06858434006696343,0.6964769647696477,0.00029588695626347236,0.004327479680140981,,
2026-09-08,2026-09-22T13:29:44.351620,asset_growth_dropped_2026-09-22,BLDR,-7.283221975158682e-05,0.46296296296296297,-1.2255617032253957e-06,0.004327479680140981,,
2026-09-08,2026-09-22T13:29:44.351620,asset_growth_dropped_2026-09-22,BLFS,-0.017143492779798673,0.4087624209575429,-7.509849840341323e-05,0.004327479680140981,,
2026-09-08,2026-09-22T13:29:44.351620,asset_growth_dropped_2026-09-22,BLK,-0.009297744738838577,0.4313459801264679,-4.11461831806525e-05,0.004327479680140981,,
2026-09-08,2026-09-22T13:29:44.351620,asset_growth_dropped_2026-09-22,BLKB,-0.046539708311644286,0.3261065943992773,-0.00020231002379051983,0.004327479680140981,,
2026-09-08,2026-09-22T13:29:44.351620,asset_growth_dropped_2026-09-22,BLLN,-0.10037596667400064,0.1991869918699187,-0.0004352853379084369,0.004327479680140981,,
2026-09-08,2026-09-22T13:29:44.351620,asset_growth_dropped_2026-09-22,BLMN,0.012075037036032348,0.508130081300813,5.1344095658188925e-05,0.004327479680140981,,
2026-09-08,2026-09-22T13:29:44.351620,asset_growth_dropped_2026-09-22,BLND,-0.006541680249415038,0.44128274616079494,-2.9219370105514008e-05,0.004327479680140981,,
2026-09-08,2026-09-22T13:29:44.351620,asset_growth_dropped_2026-09-22,BMBL,-0.08128203669660158,0.23893405600722675,-0.00035265674391720775,0.004327479680140981,,
2026-09-08,2026-09-22T13:29:44.351620,asset_growth_dropped_2026-09-22,BMI,-0.027523199446437274,0.3794037940379404,-0.00012001646808911566,0.004327479680140981,,
2026-09-08,2026-09-22T13:29:44.351620,asset_growth_dropped_2026-09-22,BMNR,-0.3383915851060205,0.0076784101174345075,-0.0014652930902291923,0.004327479680140981,,
2026-09-08,2026-09-22T13:29:44.351620,asset_growth_dropped_2026-09-22,BMRN,0.11049987419861995,0.8116531165311653,0.00047727557850047174,0.004327479680140981,,
2026-09-08,2026-09-22T13:29:44.351620,asset_growth_dropped_2026-09-22,BMY,0.22123425021588516,0.9832881662149955,0.0009564763406082776,0.004327479680140981,,
2026-09-08,2026-09-22T13:29:44.351620,asset_growth_dropped_2026-09-22,BNL,0.009304482692682178,0.497289972899729,3.9354578034614724e-05,0.004327479680140981,,
2026-09-08,2026-09-22T13:29:44.351620,asset_growth_dropped_2026-09-22,BNY,0.131636297728844,0.8658536585365854,0.0005687430218383699,0.004327479680140981,,
2026-09-08,2026-09-22T13:29:44.351620,asset_growth_dropped_2026-09-22,BOBS,0.08487509230454275,0.7366757000903342,0.0003663848555458081,0.004327479680140981,,
2026-09-08,2026-09-22T13:29:44.351620,asset_growth_dropped_2026-09-22,BOH,-0.01406197792813138,0.4159891598915989,-6.176330549877036e-05,0.004327479680140981,,
2026-09-08,2026-09-22T13:29:44.351620,asset_growth_dropped_2026-09-22,BOKF,0.057475613665087674,0.6576332429990966,0.00024781416848710937,0.004327479680140981,,
2026-09-08,2026-09-22T13:29:44.351620,asset_growth_dropped_2026-09-22,BOOT,-0.006285582405402376,0.44399277326106595,-2.8111111889421298e-05,0.004327479680140981,,
2026-09-08,2026-09-22T13:29:44.351620,asset_growth_dropped_2026-09-22,BOX,0.13071072368344916,0.8640469738030714,0.0005647376189644579,0.004327479680140981,,
2026-09-08,2026-09-22T13:29:44.351620,asset_growth_dropped_2026-09-22,BPOP,0.049813981871394276,0.6364046973803071,0.0002146586125831791,0.004327479680140981,,
2026-09-08,2026-09-22T13:29:44.351620,asset_growth_dropped_2026-09-22,BR,0.020596291451972518,0.540650406504065,8.821965099248162e-05,0.004327479680140981,,
2026-09-08,2026-09-22T13:29:44.351620,asset_growth_dropped_2026-09-22,BRBR,-0.047437859602238515,0.32429990966576333,-0.00020619675525025875,0.004327479680140981,,
2026-09-08,2026-09-22T13:29:44.351620,asset_growth_dropped_2026-09-22,BRC,0.06830589127126159,0.6942186088527552,0.00029468197475811296,0.004327479680140981,,
2026-09-08,2026-09-22T13:29:44.351620,asset_growth_dropped_2026-09-22,BRCC,-0.07874225892748815,0.24345076784101174,-0.00034166590722929554,0.004327479680140981,,
2026-09-08,2026-09-22T13:29:44.351620,asset_growth_dropped_2026-09-22,BRK.B,0.008924665306296622,0.494579945799458,3.7710926012866975e-05,0.004327479680140981,,
2026-09-08,2026-09-22T13:29:44.351620,asset_growth_dropped_2026-09-22,BRKR,0.02520696642968566,0.5528455284552846,0.00010817225327026971,0.004327479680140981,,
2026-09-08,2026-09-22T13:29:44.351620,asset_growth_dropped_2026-09-22,BRO,-0.10332336757525401,0.1933152664859982,-0.0004480401554178401,0.004327479680140981,,
2026-09-08,2026-09-22T13:29:44.351620,asset_growth_dropped_2026-09-22,BROS,-0.12648905816025777,0.15266485998193316,-0.0005482892107008771,0.004327479680140981,,
2026-09-08,2026-09-22T13:29:44.351620,asset_growth_dropped_2026-09-22,BRSP,0.027648177976687907,0.5663956639566395,0.00011873654663484746,0.004327479680140981,,
2026-09-08,2026-09-22T13:29:44.351620,asset_growth_dropped_2026-09-22,BRUN,-0.1670555756498735,0.0980126467931346,-0.0007238399908312729,0.004327479680140981,,
2026-09-08,2026-09-22T13:29:44.351620,asset_growth_dropped_2026-09-22,BRVE,0.1785423733067162,0.9462511291779584,0.0007717281107767691,0.004327479680140981,,
2026-09-08,2026-09-22T13:29:44.351620,asset_growth_dropped_2026-09-22,BRX,0.03998412027998631,0.6043360433604336,0.00017212008628776285,0.004327479680140981,,
2026-09-08,2026-09-22T13:29:44.351620,asset_growth_dropped_2026-09-22,BRZE,0.031201252996376223,0.5767841011743451,0.00013411240658456518,0.004327479680140981,,
2026-09-08,2026-09-22T13:29:44.351620,asset_growth_dropped_2026-09-22,BSM,0.088621072843116,0.7488708220415538,0.0003825955102086874,0.004327479680140981,,
2026-09-08,2026-09-22T13:29:44.351620,asset_growth_dropped_2026-09-22,BSX,0.019700329128623933,0.5338753387533876,8.434239224401872e-05,0.004327479680140981,,
2026-09-08,2026-09-22T13:29:44.351620,asset_growth_dropped_2026-09-22,BSY,-0.05268132784059534,0.3112014453477868,-0.00022888775750521255,0.004327479680140981,,
2026-09-08,2026-09-22T13:29:44.351620,asset_growth_dropped_2026-09-22,BTGO,-0.22353794174784988,0.044263775971093045,-0.0009682662824065496,0.004327479680140981,,
2026-09-08,2026-09-22T13:29:44.351620,asset_growth_dropped_2026-09-22,BTSG,0.09823231668683685,0.7773261065943993,0.0004241879726432695,0.004327479680140981,,
2026-09-08,2026-09-22T13:29:44.351620,asset_growth_dropped_2026-09-22,BTU,-0.070205412917824,0.26738934056007224,-0.00030472287958998136,0.004327479680140981,,
2026-09-08,2026-09-22T13:29:44.351620,asset_growth_dropped_2026-09-22,BURL,0.056674259382470296,0.6535682023486902,0.00024434632411248874,0.004327479680140981,,
2026-09-08,2026-09-22T13:29:44.351620,asset_growth_dropped_2026-09-22,BUSE,0.06153369592733186,0.6702800361336947,0.00026537543701731165,0.004327479680140981,,
2026-09-08,2026-09-22T13:29:44.351620,asset_growth_dropped_2026-09-22,BV,-0.02125624478067152,0.3947606142728094,-9.289634911664964e-05,0.004327479680140981,,
2026-09-08,2026-09-22T13:29:44.351620,asset_growth_dropped_2026-09-22,BW,-0.18721535198729206,0.07633242999096658,-0.0008110810132876387,0.004327479680140981,,
2026-09-08,2026-09-22T13:29:44.351620,asset_growth_dropped_2026-09-22,BWA,0.22483948713758883,0.9850948509485095,0.0009720779301290443,0.004327479680140981,,
2026-09-08,2026-09-22T13:29:44.351620,asset_growth_dropped_2026-09-22,BWIN,-0.21222045468142087,0.05103884372177055,-0.0009192900870963196,0.004327479680140981,,
2026-09-08,2026-09-22T13:29:44.351620,asset_growth_dropped_2026-09-22,BWXT,-0.042487252450967426,0.33604336043360433,-0.00018477310339877248,0.004327479680140981,,
2026-09-08,2026-09-22T13:29:44.351620,asset_growth_dropped_2026-09-22,BX,-0.1292696699007806,0.14769647696476965,-0.0005603222515063512,0.004327479680140981,,
2026-09-08,2026-09-22T13:29:44.351620,asset_growth_dropped_2026-09-22,BXDC,0.12368300111029003,0.8432700993676604,0.0005343252923314437,0.004327479680140981,,
2026-09-08,2026-09-22T13:29:44.351620,asset_growth_dropped_2026-09-22,BXMT,-0.0610313303018198,0.2926829268292683,-0.00026502222348528855,0.004327479680140981,,
2026-09-08,2026-09-22T13:29:44.351620,asset_growth_dropped_2026-09-22,BXP,-0.13169367987415923,0.14317976513098465,-0.0005708121054106062,0.004327479680140981,,
2026-09-08,2026-09-22T13:29:44.351620,asset_growth_dropped_2026-09-22,BXSL,-0.16911451953090634,0.0957542908762421,-0.0007327500286389932,0.004327479680140981,,
2026-09-08,2026-09-22T13:29:44.351620,asset_growth_dropped_2026-09-22,BYD,0.05788370910334715,0.6598915989159891,0.00024958019320373546,0.004327479680140981,,
2026-09-08,2026-09-22T13:29:44.351620,asset_growth_dropped_2026-09-22,BYND,-0.3516472276870496,0.005420054200542005,-0.001522656614145807,0.004327479680140981,,
2026-09-08,2026-09-22T13:29:44.351620,asset_growth_dropped_2026-09-22,BZH,0.08563284537938697,0.7393857271906052,0.0003696640165797608,0.004327479680140981,,
2026-09-08,2026-09-22T13:29:44.351620,asset_growth_dropped_2026-09-22,C,0.062041384603102046,0.6716350496838301,0.0002675724494455448,0.004327479680140981,,
2026-09-08,2026-09-22T13:29:44.351620,asset_growth_dropped_2026-09-22,CACC,0.1279116332480499,0.8559168925022583,0.0005526246119823907,0.004327479680140981,,
2026-09-08,2026-09-22T13:29:44.351620,asset_growth_dropped_2026-09-22,CACI,0.1063142096344743,0.8035230352303523,0.00045916220015124523,0.004327479680140981,,
2026-09-08,2026-09-22T13:29:44.351620,asset_growth_dropped_2026-09-22,CAG,0.0658269169540784,0.6856368563685636,0.00028395426377291134,0.004327479680140981,,
2026-09-08,2026-09-22T13:29:44.351620,asset_growth_dropped_2026-09-22,CAH,0.2475438647703087,0.993676603432701,0.001070330662984887,0.004327479680140981,,
2026-09-08,2026-09-22T13:29:44.351620,asset_growth_dropped_2026-09-22,CAI,-0.0030773479890663508,0.45347786811201446,-1.4227542643598184e-05,0.004327479680140981,,
2026-09-08,2026-09-22T13:29:44.351620,asset_growth_dropped_2026-09-22,CAKE,0.13723482376472412,0.8798554652213189,0.0005929705294973814,0.004327479680140981,,
2026-09-08,2026-09-22T13:29:44.351620,asset_growth_dropped_2026-09-22,CALM,0.013226251527610006,0.512646793134598,5.632595297797507e-05,0.004327479680140981,,
2026-09-08,2026-09-22T13:29:44.351620,asset_growth_dropped_2026-09-22,CALX,0.06772968512062902,0.6915085817524842,0.00029218845434967824,0.004327479680140981,,
2026-09-08,2026-09-22T13:29:44.351620,asset_growth_dropped_2026-09-22,CALY,0.19536482538050617,0.9661246612466124,0.0008445269302962406,0.004327479680140981,,
2026-09-08,2026-09-22T13:29:44.351620,asset_growth_dropped_2026-09-22,CAPR,-0.23996498208338554,0.03477868112014453,-0.0010393539656634364,0.004327479680140981,,
2026-09-08,2026-09-22T13:29:44.351620,asset_growth_dropped_2026-09-22,CAR,-0.13258400513550417,0.13866305329719963,-0.0005746649698877927,0.004327479680140981,,
2026-09-08,2026-09-22T13:29:44.351620,asset_growth_dropped_2026-09-22,CARG,0.1423222181476639,0.8947606142728094,0.0006149861253144167,0.004327479680140981,,
2026-09-08,2026-09-22T13:29:44.351620,asset_growth_dropped_2026-09-22,CARR,0.06955170855085042,0.6982836495031617,0.00030007322372070216,0.004327479680140981,,
2026-09-08,2026-09-22T13:29:44.351620,asset_growth_dropped_2026-09-22,CARS,0.05533061019636605,0.6508581752484192,0.00023853170956238462,0.004327479680140981,,
2026-09-08,2026-09-22T13:29:44.351620,asset_growth_dropped_2026-09-22,CART,0.18592561958376136,0.9570912375790425,0.0008036789590141585,0.004327479680140981,,
2026-09-08,2026-09-22T13:29:44.351620,asset_growth_dropped_2026-09-22,CASH,-0.05553495660359211,0.3048780487804878,-0.0002412367779917469,0.004327479680140981,,
2026-09-08,2026-09-22T13:29:44.351620,asset_growth_dropped_2026-09-22,CASY,0.215725759033077,0.9805781391147245,0.0009326384569464396,0.004327479680140981,,
2026-09-08,2026-09-22T13:29:44.351620,asset_growth_dropped_2026-09-22,CAT,0.11126938383513407,0.8152664859981933,0.00048060561581615924,0.004327479680140981,,
2026-09-08,2026-09-22T13:29:44.351620,asset_growth_dropped_2026-09-22,CATY,0.0015906757398895799,0.469286359530262,5.973235189874537e-06,0.004327479680140981,,
2026-09-08,2026-09-22T13:29:44.351620,asset_growth_dropped_2026-09-22,CAVA,-0.04356862794438877,0.3333333333333333,-0.00018945273387315577,0.004327479680140981,,
2026-09-08,2026-09-22T13:29:44.351620,asset_growth_dropped_2026-09-22,CB,0.16353302711203888,0.9263775971093045,0.0007067754701071016,0.004327479680140981,,
2026-09-08,2026-09-22T13:29:44.351620,asset_growth_dropped_2026-09-22,CBC,-0.06814233333433371,0.27371273712737126,-0.0002957949446139134,0.004327479680140981,,
2026-09-08,2026-09-22T13:29:44.351620,asset_growth_dropped_2026-09-22,CBOE,0.07460160734445438,0.7127371273712737,0.0003219265581367917,0.004327479680140981,,
2026-09-08,2026-09-22T13:29:44.351620,asset_growth_dropped_2026-09-22,CBRE,0.08257243284966947,0.7321589882565492,0.0003564201435445595,0.004327479680140981,,
2026-09-08,2026-09-22T13:29:44.351620,asset_growth_dropped_2026-09-22,CBRL,0.11996351561215102,0.8355916892502259,0.0005182292944176681,0.004327479680140981,,
2026-09-08,2026-09-22T13:29:44.351620,asset_growth_dropped_2026-09-22,CBRS,-0.09485001347259463,0.2082204155374887,-0.00041137188771594237,0.004327479680140981,,
2026-09-08,2026-09-22T13:29:44.351620,asset_growth_dropped_2026-09-22,CBSH,-0.09689484634271901,0.2055103884372177,-0.00042022086041069003,0.004327479680140981,,
2026-09-08,2026-09-22T13:29:44.351620,asset_growth_dropped_2026-09-22,CBT,0.00914130005168038,0.4959349593495935,3.8648408471527707e-05,0.004327479680140981,,
2026-09-08,2026-09-22T13:29:44.351620,asset_growth_dropped_2026-09-22,CBU,-0.07983597362448001,0.24164408310749774,-0.0003463989353563994,0.004327479680140981,,
2026-09-08,2026-09-22T13:29:44.351620,asset_growth_dropped_2026-09-22,CBZ,0.00013669924912024928,0.4643179765130985,-3.188185293324324e-07,0.004327479680140981,,
2026-09-08,2026-09-22T13:29:44.351620,asset_growth_dropped_2026-09-22,CC,-0.08382265733242324,0.23215898825654924,-0.0003636512280936728,0.004327479680140981,,
2026-09-08,2026-09-22T13:29:44.351620,asset_growth_dropped_2026-09-22,CCC,0.005777402473578289,0.48509485094850946,2.4091210056215444e-05,0.004327479680140981,,
2026-09-08,2026-09-22T13:29:44.351620,asset_growth_dropped_2026-09-22,CCCC,-0.21173299441356191,0.051942186088527555,-0.0009171806126922839,0.004327479680140981,,
2026-09-08,2026-09-22T13:29:44.351620,asset_growth_dropped_2026-09-22,CCI,0.04757015317454429,0.6291779584462511,0.0002049484894918436,0.004327479680140981,,
2026-09-08,2026-09-22T13:29:44.351620,asset_growth_dropped_2026-09-22,CCK,0.20897868527952632,0.9774164408310749,0.0009034406323775364,0.004327479680140981,,
2026-09-08,2026-09-22T13:29:44.351620,asset_growth_dropped_2026-09-22,CCL,0.06674762627713149,0.6887985546522132,0.00028793861465973994,0.004327479680140981,,
2026-09-08,2026-09-22T13:29:44.351620,asset_growth_dropped_2026-09-22,CCO,0.15434413806578223,0.9141824751580849,0.0006670107394763559,0.004327479680140981,,
2026-09-08,2026-09-22T13:29:44.351620,asset_growth_dropped_2026-09-22,CCOI,-0.2081461592958937,0.05510388437217705,-0.0009016586566045587,0.004327479680140981,,
2026-09-08,2026-09-22T13:29:44.351620,asset_growth_dropped_2026-09-22,CCS,-0.02019287834053409,0.4001806684733514,-8.829465245441106e-05,0.004327479680140981,,
2026-09-08,2026-09-22T13:29:44.351620,asset_growth_dropped_2026-09-22,CD,-0.40131768383593924,0.0013550135501355014,-0.0017376045038334606,0.004327479680140981,,
2026-09-08,2026-09-22T13:29:44.351620,asset_growth_dropped_2026-09-22,CDE,-0.07674119496232477,0.24932249322493225,-0.0003330063435813887,0.004327479680140981,,
2026-09-08,2026-09-22T13:29:44.351620,asset_growth_dropped_2026-09-22,CDNA,0.17725384817202514,0.9439927732610659,0.0007661520444390425,0.004327479680140981,,
2026-09-08,2026-09-22T13:29:44.351620,asset_growth_dropped_2026-09-22,CDNL,-0.03571988468970351,0.3545618789521229,-0.00015548745692386173,0.004327479680140981,,
2026-09-08,2026-09-22T13:29:44.351620,asset_growth_dropped_2026-09-22,CDNS,0.06810229829540404,0.6937669376693767,0.00029380093029207,0.004327479680140981,,
2026-09-08,2026-09-22T13:29:44.351620,asset_growth_dropped_2026-09-22,CDP,0.017718790243388224,0.5266485998193315,7.576732298275197e-05,0.004327479680140981,,
2026-09-08,2026-09-22T13:29:44.351620,asset_growth_dropped_2026-09-22,CDW,0.0017061449711918836,0.46973803071364045,6.472925942016756e-06,0.004327479680140981,,
2026-09-08,2026-09-22T13:29:44.351620,asset_growth_dropped_2026-09-22,CDXS,-0.09901155813948584,0.2014453477868112,-0.0004293808876999132,0.004327479680140981,,
2026-09-08,2026-09-22T13:29:44.351620,asset_growth_dropped_2026-09-22,CE,-0.05745813527128212,0.3008130081300813,-0.000249559294597456,0.004327479680140981,,
2026-09-08,2026-09-22T13:29:44.351620,asset_growth_dropped_2026-09-22,CECO,-0.045893357072299155,0.32791327913279134,-0.00019951295193601983,0.004327479680140981,,
2026-09-08,2026-09-22T13:29:44.351620,asset_growth_dropped_2026-09-22,CEG,-0.1698170664983651,0.09439927732610659,-0.0007357902863650155,0.004327479680140981,,
2026-09-08,2026-09-22T13:29:44.351620,asset_growth_dropped_2026-09-22,CELC,-0.25982820315720545,0.028003613369467027,-0.0011253116512425403,0.004327479680140981,,
2026-09-08,2026-09-22T13:29:44.351620,asset_growth_dropped_2026-09-22,CELH,-0.0871735232667382,0.22448057813911473,-0.00037815203233529745,0.004327479680140981,,
2026-09-08,2026-09-22T13:29:44.351620,asset_growth_dropped_2026-09-22,CENT,0.07250390561302075,0.7041553748870822,0.0003128487965190161,0.004327479680140981,,
2026-09-08,2026-09-22T13:29:44.351620,asset_growth_dropped_2026-09-22,CENX,-0.0753699321855058,0.25338753387533874,-0.0003270722317785709,0.004327479680140981,,
2026-09-08,2026-09-22T13:29:44.351620,asset_growth_dropped_2026-09-22,CERT,-0.09546502279490475,0.2073170731707317,-0.0004140333280613367,0.004327479680140981,,
2026-09-08,2026-09-22T13:29:44.351620,asset_growth_dropped_2026-09-22,CF,0.1645735143123797,0.928635953026197,0.0007112781573240233,0.004327479680140981,,
2026-09-08,2026-09-22T13:29:44.351620,asset_growth_dropped_2026-09-22,CFFN,-0.009761803896821436,0.4290876242095754,-4.315438975720665e-05,0.004327479680140981,,
2026-09-08,2026-09-22T13:29:44.351620,asset_growth_dropped_2026-09-22,CFG,0.05232219151933507,0.6404697380307136,0.00022551283886817645,0.004327479680140981,,
2026-09-08,2026-09-22T13:29:44.351620,asset_growth_dropped_2026-09-22,CFR,0.08367939958423373,0.7335140018066847,0.00036121051959497836,0.004327479680140981,,
2026-09-08,2026-09-22T13:29:44.351620,asset_growth_dropped_2026-09-22,CG,-0.15674361603315048,0.10885275519421861,-0.0006792151951274697,0.004327479680140981,,
2026-09-08,2026-09-22T13:29:44.351620,asset_growth_dropped_2026-09-22,CGC,-0.20723812394419783,0.056458897922312554,-0.0008977291520712451,0.004327479680140981,,
2026-09-08,2026-09-22T13:29:44.351620,asset_growth_dropped_2026-09-22,CGEM,-0.0702212443043287,0.2669376693766938,-0.0003047913895933889,0.004327479680140981,,
2026-09-08,2026-09-22T13:29:44.351620,asset_growth_dropped_2026-09-22,CGNX,0.13942463110869582,0.8857271906052394,0.0006024468762818424,0.004327479680140981,,
2026-09-08,2026-09-22T13:29:44.351620,asset_growth_dropped_2026-09-22,CGON,-0.17078540927687152,0.09123757904245709,-0.0007399807700624135,0.004327479680140981,,
2026-09-08,2026-09-22T13:29:44.351620,asset_growth_dropped_2026-09-22,CHCO,0.010239048665360281,0.5022583559168925,4.339889329113041e-05,0.004327479680140981,,
2026-09-08,2026-09-22T13:29:44.351620,asset_growth_dropped_2026-09-22,CHD,0.1355931985376973,0.8748870822041553,0.000585866429685016,0.004327479680140981,,
2026-09-08,2026-09-22T13:29:44.351620,asset_growth_dropped_2026-09-22,CHDN,0.026164266671277345,0.5600722673893406,0.00011231495061355178,0.004327479680140981,,
2026-09-08,2026-09-22T13:29:44.351620,asset_growth_dropped_2026-09-22,CHE,0.2701947607809926,0.997289972899729,0.001168351955208108,0.004327479680140981,,
2026-09-08,2026-09-22T13:29:44.351620,asset_growth_dropped_2026-09-22,CHEF,0.12889734250961826,0.8586269196025293,0.0005568902487823545,0.004327479680140981,,
2026-09-08,2026-09-22T13:29:44.351620,asset_growth_dropped_2026-09-22,CHH,-0.06858008518248795,0.27145438121047877,-0.000297689306841745,0.004327479680140981,,
2026-09-08,2026-09-22T13:29:44.351620,asset_growth_dropped_2026-09-22,CHPT,-0.24684421637561016,0.032520325203252036,-0.0010691237122779675,0.004327479680140981,,
2026-09-08,2026-09-22T13:29:44.351620,asset_growth_dropped_2026-09-22,CHRD,0.15462721213583047,0.9146341463414634,0.0006682357367624644,0.004327479680140981,,
2026-09-08,2026-09-22T13:29:44.351620,asset_growth_dropped_2026-09-22,CHRN,-0.02422173018867184,0.3875338753387534,-0.0001057294269615256,0.004327479680140981,,
2026-09-08,2026-09-22T13:29:44.351620,asset_growth_dropped_2026-09-22,CHRW,0.10319086254489038,0.7899728997289973,0.00044564597908704337,0.004327479680140981,,
2026-09-08,2026-09-22T13:29:44.351620,asset_growth_dropped_2026-09-22,CHTR,-0.04694669567728792,0.32475158084914185,-0.00020407125334541675,0.004327479680140981,,
2026-09-08,2026-09-22T13:29:44.351620,asset_growth_dropped_2026-09-22,CHWY,0.11044848327395222,0.8112014453477868,0.00047705318531822844,0.004327479680140981,,
2026-09-08,2026-09-22T13:29:44.351620,asset_growth_dropped_2026-09-22,CHYM,0.1360727925072797,0.8753387533875339,0.0005879418628431019,0.004327479680140981,,
2026-09-08,2026-09-22T13:29:44.351620,asset_growth_dropped_2026-09-22,CI,0.08373156281894992,0.7348690153568203,0.00036143625493326306,0.004327479680140981,,
2026-09-08,2026-09-22T13:29:44.351620,asset_growth_dropped_2026-09-22,CIEN,0.002180315489053515,0.47335140018066846,8.524889222984891e-06,0.004327479680140981,,
2026-09-08,2026-09-22T13:29:44.351620,asset_growth_dropped_2026-09-22,CIFR,-0.03735543068138025,0.35004516711833783,-0.00016256524896877885,0.004327479680140981,,
2026-09-08,2026-09-22T13:29:44.351620,asset_growth_dropped_2026-09-22,CIM,-0.1089416230980993,0.18518518518518517,-0.00047235304203079286,0.004327479680140981,,
2026-09-08,2026-09-22T13:29:44.351620,asset_growth_dropped_2026-09-22,CINF,0.055928656727659565,0.6522131887985546,0.0002411197437743361,0.004327479680140981,,
2026-09-08,2026-09-22T13:29:44.351620,asset_growth_dropped_2026-09-22,CL,0.22087217470480744,0.9823848238482384,0.0009549094661914122,0.004327479680140981,,
2026-09-08,2026-09-22T13:29:44.351620,asset_growth_dropped_2026-09-22,CLB,-0.07122024405524849,0.26422764227642276,-0.00030911454071596016,0.004327479680140981,,
2026-09-08,2026-09-22T13:29:44.351620,asset_growth_dropped_2026-09-22,CLBK,-0.31690891727183584,0.01084010840108401,-0.0013723272817015397,0.004327479680140981,,
2026-09-08,2026-09-22T13:29:44.351620,asset_growth_dropped_2026-09-22,CLBT,0.039745867629461834,0.6029810298102981,0.00017108905278387842,0.004327479680140981,,
2026-09-08,2026-09-22T13:29:44.351620,asset_growth_dropped_2026-09-22,CLDX,-0.10765428118558512,0.18699186991869918,-0.000466782096062994,0.004327479680140981,,
2026-09-08,2026-09-22T13:29:44.351620,asset_growth_dropped_2026-09-22,CLF,-0.12777974776899315,0.15040650406504066,-0.0005538746437560486,0.004327479680140981,,
2026-09-08,2026-09-22T13:29:44.351620,asset_growth_dropped_2026-09-22,CLH,0.25499713760808373,0.9950316169828365,0.0011025845497409051,0.004327479680140981,,
2026-09-08,2026-09-22T13:29:44.351620,asset_growth_dropped_2026-09-22,CLMT,0.057702939370538185,0.6589882565492322,0.0002487979158582202,0.004327479680140981,,
2026-09-08,2026-09-22T13:29:44.351620,asset_growth_dropped_2026-09-22,CLNE,-0.0617999382908713,0.2904245709123758,-0.00026834835893990293,0.004327479680140981,,
2026-09-08,2026-09-22T13:29:44.351620,asset_growth_dropped_2026-09-22,CLOV,-0.0404689247967691,0.33875338753387535,-0.0001760388314873626,0.004327479680140981,,
2026-09-08,2026-09-22T13:29:44.351620,asset_growth_dropped_2026-09-22,CLSK,-0.16479747424191896,0.0993676603432701,-0.0007140681028726519,0.004327479680140981,,
2026-09-08,2026-09-22T13:29:44.351620,asset_growth_dropped_2026-09-22,CLX,-0.0030393283535258553,0.45438121047877145,-1.4063013443350324e-05,0.004327479680140981,,
2026-09-08,2026-09-22T13:29:44.351620,asset_growth_dropped_2026-09-22,CMC,0.10304610526268124,0.7886178861788617,0.0004450195448897309,0.004327479680140981,,
2026-09-08,2026-09-22T13:29:44.351620,asset_growth_dropped_2026-09-22,CMCSA,0.11742325201344264,0.8292682926829268,0.0005072363553120558,0.004327479680140981,,
2026-09-08,2026-09-22T13:29:44.351620,asset_growth_dropped_2026-09-22,CME,0.01717093371799283,0.523486901535682,7.339648500147076e-05,0.004327479680140981,,
2026-09-08,2026-09-22T13:29:44.351620,asset_growth_dropped_2026-09-22,CMG,0.14365072192334366,0.8970189701897019,0.0006207351984086614,0.004327479680140981,,
2026-09-08,2026-09-22T13:29:44.351620,asset_growth_dropped_2026-09-22,CMI,0.06337971334065151,0.6757000903342367,0.00027336403986263886,0.004327479680140981,,
2026-09-08,2026-09-22T13:29:44.351620,asset_growth_dropped_2026-09-22,CMP,0.006804603881178567,0.487353206865402,2.853640327501786e-05,0.004327479680140981,,
2026-09-08,2026-09-22T13:29:44.351620,asset_growth_dropped_2026-09-22,CMPR,0.11309463262041644,0.8188798554652214,0.0004885043428456708,0.004327479680140981,,
2026-09-08,2026-09-22T13:29:44.351620,asset_growth_dropped_2026-09-22,CMPS,0.002308839469508342,0.47470641373080397,9.081074136813992e-06,0.004327479680140981,,
2026-09-08,2026-09-22T13:29:44.351620,asset_growth_dropped_2026-09-22,CMRC,-0.09860330195570513,0.2018970189701897,-0.0004276141673603102,0.004327479680140981,,
2026-09-08,2026-09-22T13:29:44.351620,asset_growth_dropped_2026-09-22,CMS,-0.006109660437072062,0.44579945799457993,-2.7349813146181457e-05,0.004327479680140981,,
2026-09-08,2026-09-22T13:29:44.351620,asset_growth_dropped_2026-09-22,CMTG,-0.18910439253030178,0.07317073170731707,-0.0008192557978524758,0.004327479680140981,,
2026-09-08,2026-09-22T13:29:44.351620,asset_growth_dropped_2026-09-22,CNA,-0.029292342179515263,0.37172538392050586,-0.00012767239731777973,0.004327479680140981,,
2026-09-08,2026-09-22T13:29:44.351620,asset_growth_dropped_2026-09-22,CNC,0.2030562293754035,0.973803071364047,0.000877811324795914,0.004327479680140981,,
2026-09-08,2026-09-22T13:29:44.351620,asset_growth_dropped_2026-09-22,CNDT,-0.12445463003155606,0.15763324299909665,-0.0005394852643132132,0.004327479680140981,,
2026-09-08,2026-09-22T13:29:44.351620,asset_growth_dropped_2026-09-22,CNH,-0.002918045414706326,0.45528455284552843,-1.3538163990061029e-05,0.004327479680140981,,
2026-09-08,2026-09-22T13:29:44.351620,asset_growth_dropped_2026-09-22,CNK,0.13821203975322138,0.8821138211382114,0.0005971994118307122,0.004327479680140981,,
2026-09-08,2026-09-22T13:29:44.351620,asset_growth_dropped_2026-09-22,CNM,0.026366069088662875,0.561427280939476,0.00011318824647419099,0.004327479680140981,,
2026-09-08,2026-09-22T13:29:44.351620,asset_growth_dropped_2026-09-22,CNMD,0.00011934684419205588,0.46386630532971995,-3.939107090607675e-07,0.004327479680140981,,
2026-09-08,2026-09-22T13:29:44.351620,asset_growth_dropped_2026-09-22,CNNE,-0.014646099745955474,0.4137308039747064,-6.429108079613114e-05,0.004327479680140981,,
2026-09-08,2026-09-22T13:29:44.351620,asset_growth_dropped_2026-09-22,CNO,0.1266160979967736,0.8527551942186089,0.000547018209507586,0.004327479680140981,,
2026-09-08,2026-09-22T13:29:44.351620,asset_growth_dropped_2026-09-22,CNP,-0.06237580213865032,0.2886178861788618,-0.0002708403980396944,0.004327479680140981,,
2026-09-08,2026-09-22T13:29:44.351620,asset_growth_dropped_2026-09-22,CNR,0.09496994715606814,0.7678410117434508,0.00041007013478975684,0.004327479680140981,,
2026-09-08,2026-09-22T13:29:44.351620,asset_growth_dropped_2026-09-22,CNS,0.050942742345455136,0.6391147244805782,0.00021954330059842378,0.004327479680140981,,
2026-09-08,2026-09-22T13:29:44.351620,asset_growth_dropped_2026-09-22,CNX,0.005533774150125292,0.484643179765131,2.3036913436965787e-05,0.004327479680140981,,
2026-09-08,2026-09-22T13:29:44.351620,asset_growth_dropped_2026-09-22,CNXC,-0.028600434734871075,0.37533875338753386,-0.00012467818191054373,0.004327479680140981,,
2026-09-08,2026-09-22T13:29:44.351620,asset_growth_dropped_2026-09-22,CNXN,0.19091199719681398,0.960252935862692,0.0008252574068121537,0.004327479680140981,,
2026-09-08,2026-09-22T13:29:44.351620,asset_growth_dropped_2026-09-22,COAG,-0.19641095287735044,0.06458897922312556,-0.0008508747892860527,0.004327479680140981,,
2026-09-08,2026-09-22T13:29:44.351620,asset_growth_dropped_2026-09-22,COCO,-0.03508365431670918,0.35636856368563685,-0.00015273418291284025,0.004327479680140981,,
2026-09-08,2026-09-22T13:29:44.351620,asset_growth_dropped_2026-09-22,CODI,0.0421466086872858,0.6102077687443541,0.0001814782109288918,0.004327479680140981,,
2026-09-08,2026-09-22T13:29:44.351620,asset_growth_dropped_2026-09-22,COF,0.03453935964224783,0.5840108401084011,0.00014855799526471811,0.004327479680140981,,
2026-09-08,2026-09-22T13:29:44.351620,asset_growth_dropped_2026-09-22,COGT,-0.11630895532588503,0.17118337850045168,-0.0005042350225433834,0.004327479680140981,,
2026-09-08,2026-09-22T13:29:44.351620,asset_growth_dropped_2026-09-22,COHR,-0.09331723313366522,0.21364046973803072,-0.00040473881194510574,0.004327479680140981,,
2026-09-08,2026-09-22T13:29:44.351620,asset_growth_dropped_2026-09-22,COHU,-0.048869280477999426,0.3202348690153568,-0.0002123912000038437,0.004327479680140981,,
2026-09-08,2026-09-22T13:29:44.351620,asset_growth_dropped_2026-09-22,COIN,-0.1187317171046538,0.16621499548328816,-0.0005147194749108275,0.004327479680140981,,
2026-09-08,2026-09-22T13:29:44.351620,asset_growth_dropped_2026-09-22,COKE,0.24391659687470846,0.992773261065944,0.0010546337348722491,0.004327479680140981,,
2026-09-08,2026-09-22T13:29:44.351620,asset_growth_dropped_2026-09-22,COLB,-0.07758131485456646,0.24841915085817526,-0.00033664194534394683,0.004327479680140981,,
2026-09-08,2026-09-22T13:29:44.351620,asset_growth_dropped_2026-09-22,COLD,-0.04360663309606615,0.3319783197831978,-0.0001896172003947803,0.004327479680140981,,
2026-09-08,2026-09-22T13:29:44.351620,asset_growth_dropped_2026-09-22,COLM,0.09864069644338581,0.7786811201445348,0.00042595522774151607,0.004327479680140981,,
2026-09-08,2026-09-22T13:29:44.351620,asset_growth_dropped_2026-09-22,COMP,-0.08656335769583222,0.22628726287262874,-0.0003755115532256802,0.004327479680140981,,
2026-09-08,2026-09-22T13:29:44.351620,asset_growth_dropped_2026-09-22,CON,0.1472501955924669,0.9037940379403794,0.0006363118475709948,0.004327479680140981,,
2026-09-08,2026-09-22T13:29:44.351620,asset_growth_dropped_2026-09-22,COO,0.11952438597752618,0.8342366757000903,0.0005163289698468813,0.004327479680140981,,
2026-09-08,2026-09-22T13:29:44.351620,asset_growth_dropped_2026-09-22,COP,0.21764616032430636,0.98193315266486,0.0009409489545119512,0.004327479680140981,,
2026-09-08,2026-09-22T13:29:44.351620,asset_growth_dropped_2026-09-22,COR,0.026060273411937215,0.558717253839205,0.00011186492189688573,0.004327479680140981,,
2026-09-08,2026-09-22T13:29:44.351620,asset_growth_dropped_2026-09-22,CORT,0.027037414847315644,0.5636856368563685,0.00011609348160310967,0.004327479680140981,,
2026-09-08,2026-09-22T13:29:44.351620,asset_growth_dropped_2026-09-22,CORZ,-0.06828213065094163,0.2719060523938573,-0.0002963999146608724,0.004327479680140981,,
2026-09-08,2026-09-22T13:29:44.351620,asset_growth_dropped_2026-09-22,COST,0.15664547306908644,0.9173441734417345,0.000676969719940352,0.004327479680140981,,
2026-09-08,2026-09-22T13:29:44.351620,asset_growth_dropped_2026-09-22,COTY,-0.09480723343217722,0.2086720867208672,-0.0004111867579603204,0.004327479680140981,,
2026-09-08,2026-09-22T13:29:44.351620,asset_growth_dropped_2026-09-22,COUR,-0.14294433356318062,0.12556458897922312,-0.0006194990806381495,0.004327479680140981,,
2026-09-08,2026-09-22T13:29:44.351620,asset_growth_dropped_2026-09-22,CPAY,0.06492458295500414,0.6829268292682927,0.0002800494317272171,0.004327479680140981,,
2026-09-08,2026-09-22T13:29:44.351620,asset_growth_dropped_2026-09-22,CPB,-0.06739371008313569,0.2750677506775068,-0.00029255529270627286,0.004327479680140981,,
2026-09-08,2026-09-22T13:29:44.351620,asset_growth_dropped_2026-09-22,CPK,-0.0436023401283861,0.3324299909665763,-0.00018959862266437738,0.004327479680140981,,
2026-09-08,2026-09-22T13:29:44.351620,asset_growth_dropped_2026-09-22,CPNG,0.02840667147992139,0.5695573622402891,0.0001220189118576093,0.004327479680140981,,
2026-09-08,2026-09-22T13:29:44.351620,asset_growth_dropped_2026-09-22,CPRI,0.009402557806438484,0.498193315266486,3.977899609652266e-05,0.004327479680140981,,
2026-09-08,2026-09-22T13:29:44.351620,asset_growth_dropped_2026-09-22,CPRT,-0.0042154351301047915,0.45076784101174344,-1.915259162067178e-05,0.004327479680140981,,
2026-09-08,2026-09-22T13:29:44.351620,asset_growth_dropped_2026-09-22,CPS,-0.06976558898746789,0.26919602529358627,-0.00030281955046852554,0.004327479680140981,,
2026-09-08,2026-09-22T13:29:44.351620,asset_growth_dropped_2026-09-22,CPT,0.035969968139812646,0.5894308943089431,0.00015474892446816688,0.004327479680140981,,
2026-09-08,2026-09-22T13:29:44.351620,asset_growth_dropped_2026-09-22,CQP,0.07736294966856466,0.7199638663053297,0.0003338762109342922,0.004327479680140981,,
2026-09-08,2026-09-22T13:29:44.351620,asset_growth_dropped_2026-09-22,CR,0.1004443352363863,0.7831978319783198,0.00043376043796853963,0.004327479680140981,,
2026-09-08,2026-09-22T13:29:44.351620,asset_growth_dropped_2026-09-22,CRBG,0.0885406543424786,0.7484191508581752,0.00038224750078127165,0.004327479680140981,,
2026-09-08,2026-09-22T13:29:44.351620,asset_growth_dropped_2026-09-22,CRC,0.031410915696961896,0.5776874435411021,0.00013501971766103314,0.004327479680140981,,
2026-09-08,2026-09-22T13:29:44.351620,asset_growth_dropped_2026-09-22,CRCL,-0.278345515377067,0.02032520325203252,-0.0012054449436048173,0.004327479680140981,,
2026-09-08,2026-09-22T13:29:44.351620,asset_growth_dropped_2026-09-22,CRCT,0.08245391497345428,0.7317073170731707,0.00035590725984350476,0.004327479680140981,,
2026-09-08,2026-09-22T13:29:44.351620,asset_growth_dropped_2026-09-22,CRDO,-0.1213559203219784,0.16260162601626016,-0.0005260756610103603,0.004327479680140981,,
2026-09-08,2026-09-22T13:29:44.351620,asset_growth_dropped_2026-09-22,CRGY,0.06479462011941853,0.6824751580849142,0.00027948702019704686,0.004327479680140981,,
2026-09-08,2026-09-22T13:29:44.351620,asset_growth_dropped_2026-09-22,CRI,0.09861826764218516,0.7782294489611563,0.0004258581675600703,0.004327479680140981,,
2026-09-08,2026-09-22T13:29:44.351620,asset_growth_dropped_2026-09-22,CRK,-0.12608827574800358,0.15447154471544716,-0.0005465548329556892,0.004327479680140981,,
2026-09-08,2026-09-22T13:29:44.351620,asset_growth_dropped_2026-09-22,CRL,0.2015531283931678,0.9715447154471545,0.0008713066858380891,0.004327479680140981,,
2026-09-08,2026-09-22T13:29:44.351620,asset_growth_dropped_2026-09-22,CRM,0.06388513618891464,0.6775067750677507,0.00027555124696837654,0.004327479680140981,,
2026-09-08,2026-09-22T13:29:44.351620,asset_growth_dropped_2026-09-22,CRNC,-0.1551775096560546,0.1102077687443541,-0.000672437901603648,0.004327479680140981,,
2026-09-08,2026-09-22T13:29:44.351620,asset_growth_dropped_2026-09-22,CRON,0.06323763534962279,0.6738934056007226,0.0002727492002434668,0.004327479680140981,,
2026-09-08,2026-09-22T13:29:44.351620,asset_growth_dropped_2026-09-22,CROX,0.22425685573141135,0.9846431797651309,0.0009695566045577993,0.004327479680140981,,
2026-09-08,2026-09-22T13:29:44.351620,asset_growth_dropped_2026-09-22,CRS,0.12774589035505024,0.8554652213188798,0.0005519073629808068,0.004327479680140981,,
2026-09-08,2026-09-22T13:29:44.351620,asset_growth_dropped_2026-09-22,CRSP,-0.23114026013842834,0.03884372177055104,-0.00100116516076374,0.004327479680140981,,
2026-09-08,2026-09-22T13:29:44.351620,asset_growth_dropped_2026-09-22,CRSR,0.035602887323957756,0.5880758807588076,0.00015316038969658525,0.004327479680140981,,
2026-09-08,2026-09-22T13:29:44.351620,asset_growth_dropped_2026-09-22,CRTO,0.11696751573129996,0.8288166214995484,0.0005052641658115803,0.004327479680140981,,
2026-09-08,2026-09-22T13:29:44.351620,asset_growth_dropped_2026-09-22,CRUS,0.09774982160735748,0.7750677506775068,0.00042209998499105454,0.004327479680140981,,
2026-09-08,2026-09-22T13:29:44.351620,asset_growth_dropped_2026-09-22,CRVL,-0.017865113061486602,0.4056007226738934,-7.822129550919536e-05,0.004327479680140981,,
2026-09-08,2026-09-22T13:29:44.351620,asset_growth_dropped_2026-09-22,CRWD,0.05358853087609061,0.6458897922312556,0.00023099289670269887,0.004327479680140981,,
2026-09-08,2026-09-22T13:29:44.351620,asset_growth_dropped_2026-09-22,CRWV,-0.17187413664872214,0.08943089430894309,-0.0007446922156413103,0.004327479680140981,,
2026-09-08,2026-09-22T13:29:44.351620,asset_growth_dropped_2026-09-22,CSCO,0.06598547019456993,0.6865401987353207,0.00028464039969935896,0.004327479680140981,,
2026-09-08,2026-09-22T13:29:44.351620,asset_growth_dropped_2026-09-22,CSGP,-0.0030460281904653858,0.453929539295393,-1.40920068515664e-05,0.004327479680140981,,
2026-09-08,2026-09-22T13:29:44.351620,asset_growth_dropped_2026-09-22,CSL,0.07072910128751053,0.7009936766034327,0.00030516836686414434,0.004327479680140981,,
2026-09-08,2026-09-22T13:29:44.351620,asset_growth_dropped_2026-09-22,CSQR,0.17508912828067374,0.940379403794038,0.0007567842630960223,0.004327479680140981,,
2026-09-08,2026-09-22T13:29:44.351620,asset_growth_dropped_2026-09-22,CSW,0.02417806719608675,0.549683830171635,0.0001037197127439578,0.004327479680140981,,
2026-09-08,2026-09-22T13:29:44.351620,asset_growth_dropped_2026-09-22,CSX,0.19179173350967102,0.962059620596206,0.0008290644478299246,0.004327479680140981,,
2026-09-08,2026-09-22T13:29:44.351620,asset_growth_dropped_2026-09-22,CTAS,0.12959694166295072,0.8599819331526649,0.0005599177499026445,0.004327479680140981,,
2026-09-08,2026-09-22T13:29:44.351620,asset_growth_dropped_2026-09-22,CTKB,-0.013918629496709925,0.4168925022583559,-6.114296807461394e-05,0.004327479680140981,,
2026-09-08,2026-09-22T13:29:44.351620,asset_growth_dropped_2026-09-22,CTOS,0.10572215034893215,0.8008130081300813,0.0004566000756236228,0.004327479680140981,,
2026-09-08,2026-09-22T13:29:44.351620,asset_growth_dropped_2026-09-22,CTRE,-0.09455344016489195,0.20957542908762422,-0.0004100884727531868,0.004327479680140981,,
2026-09-08,2026-09-22T13:29:44.351620,asset_growth_dropped_2026-09-22,CTRI,-0.13078391376130905,0.14588979223125564,-0.0005668751110435663,0.004327479680140981,,
2026-09-08,2026-09-22T13:29:44.351620,asset_growth_dropped_2026-09-22,CTSH,0.03743610781369393,0.5966576332429991,0.00016109361411513666,0.004327479680140981,,
2026-09-08,2026-09-22T13:29:44.351620,asset_growth_dropped_2026-09-22,CTVA,0.12689408217959264,0.8536585365853658,0.000548221180410136,0.004327479680140981,,
2026-09-08,2026-09-22T13:29:44.351620,asset_growth_dropped_2026-09-22,CUBE,0.10514983193571797,0.7967479674796748,0.00045412337931986796,0.004327479680140981,,
2026-09-08,2026-09-22T13:29:44.351620,asset_growth_dropped_2026-09-22,CUBI,-0.10772417119803773,0.18654019873532068,-0.0004670845436717274,0.004327479680140981,,
2026-09-08,2026-09-22T13:29:44.351620,asset_growth_dropped_2026-09-22,CURB,-0.013347713135139966,0.4186991869918699,-5.8672339120859917e-05,0.004327479680140981,,
2026-09-08,2026-09-22T13:29:44.351620,asset_growth_dropped_2026-09-22,CURV,0.08610359059565985,0.7411924119241192,0.0003717011569377053,0.004327479680140981,,
2026-09-08,2026-09-22T13:29:44.351620,asset_growth_dropped_2026-09-22,CUZ,0.03727213573267344,0.5962059620596206,0.00016038402826641006,0.004327479680140981,,
2026-09-08,2026-09-22T13:29:44.351620,asset_growth_dropped_2026-09-22,CVBF,-0.11784615225552973,0.16802168021680217,-0.000510887211020796,0.004327479680140981,,
2026-09-08,2026-09-22T13:29:44.351620,asset_growth_dropped_2026-09-22,CVCO,0.14527967781083043,0.90063233965673,0.0006277844719116064,0.004327479680140981,,
2026-09-08,2026-09-22T13:29:44.351620,asset_growth_dropped_2026-09-22,CVEO,0.1671526309816001,0.9308943089430894,0.0007224392323027874,0.004327479680140981,,
2026-09-08,2026-09-22T13:29:44.351620,asset_growth_dropped_2026-09-22,CVI,-0.030740043128883815,0.36720867208672087,-0.00013393729375909294,0.004327479680140981,,
2026-09-08,2026-09-22T13:29:44.351620,asset_growth_dropped_2026-09-22,CVLT,0.05083770999461802,0.6382113821138211,0.00021908877523441872,0.004327479680140981,,
2026-09-08,2026-09-22T13:29:44.351620,asset_growth_dropped_2026-09-22,CVNA,-0.1337527766898952,0.13685636856368563,-0.0005797228050401466,0.004327479680140981,,
2026-09-08,2026-09-22T13:29:44.351620,asset_growth_dropped_2026-09-22,CVS,0.14676348804974865,0.9033423667570009,0.0006342056305697102,0.004327479680140981,,
2026-09-08,2026-09-22T13:29:44.351620,asset_growth_dropped_2026-09-22,CVSA,0.09664720698147644,0.7737127371273713,0.00041732844260252805,0.004327479680140981,,
2026-09-08,2026-09-22T13:29:44.351620,asset_growth_dropped_2026-09-22,CVX,0.10615802354907727,0.8017163504968383,0.00045848630804036885,0.004327479680140981,,
2026-09-08,2026-09-22T13:29:44.351620,asset_growth_dropped_2026-09-22,CW,0.06673565636288104,0.6883468834688347,0.00028788681509904805,0.004327479680140981,,
2026-09-08,2026-09-22T13:29:44.351620,asset_growth_dropped_2026-09-22,CWEN,-0.08347782764264694,0.23351400180668475,-0.00036215898461805653,0.004327479680140981,,
2026-09-08,2026-09-22T13:29:44.351620,asset_growth_dropped_2026-09-22,CWH,-0.1819801229458201,0.07904245709123758,-0.000788425665989785,0.004327479680140981,,
2026-09-08,2026-09-22T13:29:44.351620,asset_growth_dropped_2026-09-22,CWK,-0.09401943847370212,0.21183378500451672,-0.0004077775912854019,0.004327479680140981,,
2026-09-08,2026-09-22T13:29:44.351620,asset_growth_dropped_2026-09-22,CWST,0.010020060550804316,0.501806684733514,4.245122667519708e-05,0.004327479680140981,,
2026-09-08,2026-09-22T13:29:44.351620,asset_growth_dropped_2026-09-22,CWT,0.061832971530454056,0.6711833785004516,0.0002666705461085849,0.004327479680140981,,
2026-09-08,2026-09-22T13:29:44.351620,asset_growth_dropped_2026-09-22,CXM,0.02417310789347077,0.5492321589882565,0.00010369825146265947,0.004327479680140981,,
2026-09-08,2026-09-22T13:29:44.351620,asset_growth_dropped_2026-09-22,CXT,-0.12419105708278123,0.15853658536585366,-0.0005383446577331553,0.004327479680140981,,
2026-09-08,2026-09-22T13:29:44.351620,asset_growth_dropped_2026-09-22,CXW,0.0712506149584479,0.7023486901535682,0.0003074252066780415,0.004327479680140981,,
2026-09-08,2026-09-22T13:29:44.351620,asset_growth_dropped_2026-09-22,CYH,-0.07531198818352416,0.25383920505871727,-0.0003268214802874093,0.004327479680140981,,
2026-09-08,2026-09-22T13:29:44.351620,asset_growth_dropped_2026-09-22,CYRX,-0.06157155496593244,0.2917795844625113,-0.000267360034741947,0.004327479680140981,,
2026-09-08,2026-09-22T13:29:44.351620,asset_growth_dropped_2026-09-22,CYTK,-0.03484443798113743,0.35727190605239384,-0.0001516989790814957,0.004327479680140981,,
2026-09-08,2026-09-22T13:29:44.351620,asset_growth_dropped_2026-09-22,CZR,0.22674969637645345,0.988256549232159,0.0009803443217950485,0.004327479680140981,,
2026-09-08,2026-09-22T13:29:44.351620,asset_growth_dropped_2026-09-22,D,-0.009546258146303582,0.42999096657633246,-4.2221619901699906e-05,0.004327479680140981,,
2026-09-08,2026-09-22T13:29:44.351620,asset_growth_dropped_2026-09-22,DAL,0.12395722716512633,0.8446251129177959,0.0005355120000115131,0.004327479680140981,,
2026-09-08,2026-09-22T13:29:44.351620,asset_growth_dropped_2026-09-22,DAN,0.13360133805151117,0.8703703703703703,0.0005772466939053698,0.004327479680140981,,
2026-09-08,2026-09-22T13:29:44.351620,asset_growth_dropped_2026-09-22,DAR,0.17306266508543988,0.9376693766937669,0.0007480147847960943,0.004327479680140981,,
2026-09-08,2026-09-22T13:29:44.351620,asset_growth_dropped_2026-09-22,DASH,-0.031025886211617518,0.36585365853658536,-0.0001351742738913319,0.004327479680140981,,
2026-09-08,2026-09-22T13:29:44.351620,asset_growth_dropped_2026-09-22,DAVE,0.16214978848656444,0.9259259259259259,0.0007007895330625748,0.004327479680140981,,
2026-09-08,2026-09-22T13:29:44.351620,asset_growth_dropped_2026-09-22,DBD,0.012632569301098996,0.510840108401084,5.375680520628782e-05,0.004327479680140981,,
2026-09-08,2026-09-22T13:29:44.351620,asset_growth_dropped_2026-09-22,DBI,-0.005113071417547105,0.44715447154471544,-2.303709441473558e-05,0.004327479680140981,,
2026-09-08,2026-09-22T13:29:44.351620,asset_growth_dropped_2026-09-22,DBRG,0.09851726513058025,0.7777777777777778,0.00042542108124345683,0.004327479680140981,,
2026-09-08,2026-09-22T13:29:44.351620,asset_growth_dropped_2026-09-22,DBX,0.18391012296523232,0.953026196928636,0.0007949569383520812,0.004327479680140981,,
2026-09-08,2026-09-22T13:29:44.351620,asset_growth_dropped_2026-09-22,DCH,-0.20742242825266438,0.05600722673893405,-0.0008985267252210966,0.004327479680140981,,
2026-09-08,2026-09-22T13:29:44.351620,asset_growth_dropped_2026-09-22,DCI,0.13033183935999934,0.8626919602529358,0.0005630980047536048,0.004327479680140981,,
2026-09-08,2026-09-22T13:29:44.351620,asset_growth_dropped_2026-09-22,DCO,-0.011295319695509537,0.4241192411924119,-4.979064821520458e-05,0.004327479680140981,,
2026-09-08,2026-09-22T13:29:44.351620,asset_growth_dropped_2026-09-22,DD,0.023870165375004707,0.5483288166214996,0.00010238727386974685,0.004327479680140981,,
2026-09-08,2026-09-22T13:29:44.351620,asset_growth_dropped_2026-09-22,DDD,-0.1291637720844051,0.14859981933152666,-0.0005598639808578149,0.004327479680140981,,
2026-09-08,2026-09-22T13:29:44.351620,asset_growth_dropped_2026-09-22,DDOG,0.05699751539064671,0.6549232158988256,0.00024574520791935563,0.004327479680140981,,
2026-09-08,2026-09-22T13:29:44.351620,asset_growth_dropped_2026-09-22,DDS,-0.015879201613537355,0.4110207768744354,-6.962730407163563e-05,0.004327479680140981,,
2026-09-08,2026-09-22T13:29:44.351620,asset_growth_dropped_2026-09-22,DE,-0.012610011524816667,0.4209575429087624,-5.547995039217856e-05,0.004327479680140981,,
2026-09-08,2026-09-22T13:29:44.351620,asset_growth_dropped_2026-09-22,DEA,0.08663684743274588,0.7429990966576332,0.0003740088150644913,0.004327479680140981,,
2026-09-08,2026-09-22T13:29:44.351620,asset_growth_dropped_2026-09-22,DECK,0.08369902232629156,0.7339656729900632,0.00036129543661250226,0.004327479680140981,,
2026-09-08,2026-09-22T13:29:44.351620,asset_growth_dropped_2026-09-22,DEI,-0.1786717989349269,0.08220415537488708,-0.0007741089610573221,0.004327479680140981,,
2026-09-08,2026-09-22T13:29:44.351620,asset_growth_dropped_2026-09-22,DELL,0.2299461912193242,0.9887082204155375,0.000994177088275247,0.004327479680140981,,
2026-09-08,2026-09-22T13:29:44.351620,asset_growth_dropped_2026-09-22,DFH,-0.19757432713404294,0.06278229448961156,-0.0008559092677422886,0.004327479680140981,,
2026-09-08,2026-09-22T13:29:44.351620,asset_growth_dropped_2026-09-22,DFIN,0.17646539883491033,0.9417344173441734,0.0007627400459538576,0.004327479680140981,,
2026-09-08,2026-09-22T13:29:44.351620,asset_growth_dropped_2026-09-22,DFTX,-0.12101772800456759,0.16305329719963865,-0.0005246121406287852,0.004327479680140981,,
2026-09-08,2026-09-22T13:29:44.351620,asset_growth_dropped_2026-09-22,DG,0.04074928158583175,0.6061427280939476,0.0001754313062908391,0.004327479680140981,,
2026-09-08,2026-09-22T13:29:44.351620,asset_growth_dropped_2026-09-22,DGII,-0.0021124300229103665,0.46070460704607047,-1.0051879752055199e-05,0.004327479680140981,,
2026-09-08,2026-09-22T13:29:44.351620,asset_growth_dropped_2026-09-22,DGX,0.2031679118470301,0.9742547425474255,0.0008782946284225059,0.004327479680140981,,
2026-09-08,2026-09-22T13:29:44.351620,asset_growth_dropped_2026-09-22,DHC,0.039013609185440806,0.6016260162601627,0.0001679202192467658,0.004327479680140981,,
2026-09-08,2026-09-22T13:29:44.351620,asset_growth_dropped_2026-09-22,DHI,-0.08689104257490587,0.22583559168925021,-0.00037692960288136085,0.004327479680140981,,
2026-09-08,2026-09-22T13:29:44.351620,asset_growth_dropped_2026-09-22,DHR,0.09486166825593356,0.7673893405600722,0.00040960156004963644,0.004327479680140981,,
2026-09-08,2026-09-22T13:29:44.351620,asset_growth_dropped_2026-09-22,DIN,0.07660831121137462,0.7181571815718157,0.0003306105283449494,0.004327479680140981,,
2026-09-08,2026-09-22T13:29:44.351620,asset_growth_dropped_2026-09-22,DINO,0.19328133922245372,0.9625112917795845,0.0008355106862834136,0.004327479680140981,,
2026-09-08,2026-09-22T13:29:44.351620,asset_growth_dropped_2026-09-22,DIOD,0.03551777577023966,0.587624209575429,0.00015279207117732498,0.004327479680140981,,
2026-09-08,2026-09-22T13:29:44.351620,asset_growth_dropped_2026-09-22,DIS,0.048986373217789925,0.6332429990966576,0.00021107715295159743,0.004327479680140981,,
2026-09-08,2026-09-22T13:29:44.351620,asset_growth_dropped_2026-09-22,DJT,-0.15843636155784735,0.10659439927732611,-0.000686540516989245,0.004327479680140981,,
2026-09-08,2026-09-22T13:29:44.351620,asset_growth_dropped_2026-09-22,DK,0.014345542810561406,0.5158084914182475,6.116966326110618e-05,0.004327479680140981,,
2026-09-08,2026-09-22T13:29:44.351620,asset_growth_dropped_2026-09-22,DKL,0.03895388807981505,0.6011743450767841,0.00016766177737569476,0.004327479680140981,,
2026-09-08,2026-09-22T13:29:44.351620,asset_growth_dropped_2026-09-22,DKNG,-0.008172270971027767,0.4363143631436314,-3.627571831991951e-05,0.004327479680140981,,
2026-09-08,2026-09-22T13:29:44.351620,asset_growth_dropped_2026-09-22,DKS,-0.19281235747035735,0.06820234869015357,-0.0008353019407852415,0.004327479680140981,,
2026-09-08,2026-09-22T13:29:44.351620,asset_growth_dropped_2026-09-22,DLB,-0.00883163505862794,0.4349593495934959,-3.9129103010823956e-05,0.004327479680140981,,
2026-09-08,2026-09-22T13:29:44.351620,asset_growth_dropped_2026-09-22,DLR,-0.011464650965189525,0.42366757000903343,-5.05234258439572e-05,0.004327479680140981,,
2026-09-08,2026-09-22T13:29:44.351620,asset_growth_dropped_2026-09-22,DLTR,0.1388095642904031,0.8839205058717254,0.0005997851871237516,0.004327479680140981,,
2026-09-08,2026-09-22T13:29:44.351620,asset_growth_dropped_2026-09-22,DLX,-0.006167938408986981,0.44534778681120146,-2.7602009885443095e-05,0.004327479680140981,,
2026-09-08,2026-09-22T13:29:44.351620,asset_growth_dropped_2026-09-22,DMC,0.001373291016318022,0.46838301716350494,5.032507215845557e-06,0.004327479680140981,,
2026-09-08,2026-09-22T13:29:44.351620,asset_growth_dropped_2026-09-22,DMRA,-0.11657064719465762,0.17028003613369466,-0.0005053674887879549,0.004327479680140981,,
2026-09-08,2026-09-22T13:29:44.351620,asset_growth_dropped_2026-09-22,DNA,-0.18976762657550267,0.07226738934056007,-0.0008221259297062604,0.004327479680140981,,
2026-09-08,2026-09-22T13:29:44.351620,asset_growth_dropped_2026-09-22,DNLI,-0.1246719284922599,0.15718157181571815,-0.000540425618986435,0.004327479680140981,,
2026-09-08,2026-09-22T13:29:44.351620,asset_growth_dropped_2026-09-22,DNOW,0.001854886771903104,0.47109304426377596,7.116603062182141e-06,0.004327479680140981,,
2026-09-08,2026-09-22T13:29:44.351620,asset_growth_dropped_2026-09-22,DNTH,-0.11603134736623924,0.17163504968383017,-0.0005030336797389709,0.004327479680140981,,
2026-09-08,2026-09-22T13:29:44.351620,asset_growth_dropped_2026-09-22,DNUT,-0.07356168984145808,0.2588075880758808,-0.0003192470997779339,0.004327479680140981,,
2026-09-08,2026-09-22T13:29:44.351620,asset_growth_dropped_2026-09-22,DOC,0.12848629773145498,0.8577235772357723,0.0005551114608572248,0.004327479680140981,,
2026-09-08,2026-09-22T13:29:44.351620,asset_growth_dropped_2026-09-22,DOCN,-0.0823372878406041,0.23667570009033423,-0.0003572233218003241,0.004327479680140981,,
2026-09-08,2026-09-22T13:29:44.351620,asset_growth_dropped_2026-09-22,DOCS,0.009629099188467521,0.499096657633243,4.075934932396437e-05,0.004327479680140981,,
2026-09-08,2026-09-22T13:29:44.351620,asset_growth_dropped_2026-09-22,DOCU,0.009943872222150027,0.500903342366757,4.2121523231081745e-05,0.004327479680140981,,
2026-09-08,2026-09-22T13:29:44.351620,asset_growth_dropped_2026-09-22,DOMO,-0.20394250170219375,0.05916892502258356,-0.0008834674137855518,0.004327479680140981,,
2026-09-08,2026-09-22T13:29:44.351620,asset_growth_dropped_2026-09-22,DORM,0.02042582999606838,0.5388437217705511,8.748198250580921e-05,0.004327479680140981,,
2026-09-08,2026-09-22T13:29:44.351620,asset_growth_dropped_2026-09-22,DOV,0.11548963168542742,0.8238482384823849,0.0004988686526334623,0.004327479680140981,,
2026-09-08,2026-09-22T13:29:44.351620,asset_growth_dropped_2026-09-22,DOW,-0.01048872671699444,0.42728093947606144,-4.63001334905361e-05,0.004327479680140981,,
2026-09-08,2026-09-22T13:29:44.351620,asset_growth_dropped_2026-09-22,DPZ,0.13482453149302212,0.8726287262872628,0.0005825400386683902,0.004327479680140981,,
2026-09-08,2026-09-22T13:29:44.351620,asset_growth_dropped_2026-09-22,DRH,0.04357125519794182,0.6147244805781391,0.00018764333975513947,0.004327479680140981,,
2026-09-08,2026-09-22T13:29:44.351620,asset_growth_dropped_2026-09-22,DRI,0.14378986106343086,0.8979223125564589,0.0006213373202101011,0.004327479680140981,,
2026-09-08,2026-09-22T13:29:44.351620,asset_growth_dropped_2026-09-22,DRS,0.01538199568302244,0.517163504968383,6.565489200610505e-05,0.004327479680140981,,
2026-09-08,2026-09-22T13:29:44.351620,asset_growth_dropped_2026-09-22,DRVN,-0.12392382967400416,0.15898825654923215,-0.0005371882365516957,0.004327479680140981,,
2026-09-08,2026-09-22T13:29:44.351620,asset_growth_dropped_2026-09-22,DSGN,-0.06815174596258494,0.2732610659439928,-0.0002958356775714073,0.004327479680140981,,
2026-09-08,2026-09-22T13:29:44.351620,asset_growth_dropped_2026-09-22,DSP,0.07567607756855105,0.7177055103884372,0.00032657630619848657,0.004327479680140981,,
2026-09-08,2026-09-22T13:29:44.351620,asset_growth_dropped_2026-09-22,DT,0.18517738209981416,0.955736224028907,0.0008004409765064572,0.004327479680140981,,
2026-09-08,2026-09-22T13:29:44.351620,asset_growth_dropped_2026-09-22,DTE,0.08009799494543757,0.7267389340560072,0.0003457120637942253,0.004327479680140981,,
2026-09-08,2026-09-22T13:29:44.351620,asset_growth_dropped_2026-09-22,DTM,0.05375254398583563,0.6463414634146342,0.00023170266010239714,0.004327479680140981,,
2026-09-08,2026-09-22T13:29:44.351620,asset_growth_dropped_2026-09-22,DUK,0.020247365784019346,0.53613369467028,8.670968225453465e-05,0.004327479680140981,,
2026-09-08,2026-09-22T13:29:44.351620,asset_growth_dropped_2026-09-22,DUOL,-0.21417316172622192,0.04878048780487805,-0.0009277403871539643,0.004327479680140981,,
2026-09-08,2026-09-22T13:29:44.351620,asset_growth_dropped_2026-09-22,DV,0.13896430992958414,0.8843721770551038,0.000600454845732898,0.004327479680140981,,
2026-09-08,2026-09-22T13:29:44.351620,asset_growth_dropped_2026-09-22,DVA,0.17780966853090213,0.94579945799458,0.0007685573457478914,0.004327479680140981,,
2026-09-08,2026-09-22T13:29:44.351620,asset_growth_dropped_2026-09-22,DVN,0.03415969213766354,0.5835591689250226,0.00014691499185341976,0.004327479680140981,,
2026-09-08,2026-09-22T13:29:44.351620,asset_growth_dropped_2026-09-22,DX,-0.02147354563996643,0.3934056007226739,-9.383671416972553e-05,0.004327479680140981,,
2026-09-08,2026-09-22T13:29:44.351620,asset_growth_dropped_2026-09-22,DXC,-0.006209669510843882,0.44489611562782294,-2.778260038075873e-05,0.004327479680140981,,
2026-09-08,2026-09-22T13:29:44.351620,asset_growth_dropped_2026-09-22,DXCM,0.19932690842971962,0.969286359530262,0.0008616727641827429,0.004327479680140981,,
2026-09-08,2026-09-22T13:29:44.351620,asset_growth_dropped_2026-09-22,DXPE,0.10078260134004903,0.7850045167118338,0.0004352242776586206,0.004327479680140981,,
2026-09-08,2026-09-22T13:29:44.351620,asset_growth_dropped_2026-09-22,DY,-0.09976144633908934,0.2000903342366757,-0.0004326260136460748,0.004327479680140981,,
2026-09-08,2026-09-22T13:29:44.351620,asset_growth_dropped_2026-09-22,DYN,-0.16233028534032506,0.1016260162601626,-0.000703391393033935,0.004327479680140981,,
2026-09-08,2026-09-22T13:29:44.351620,asset_growth_dropped_2026-09-22,EAF,-0.15767399301144547,0.10794941282746161,-0.0006832413825959122,0.004327479680140981,,
2026-09-08,2026-09-22T13:29:44.351620,asset_growth_dropped_2026-09-22,EAT,0.20769877818459814,0.976513098464318,0.0008979018604317665,0.004327479680140981,,
2026-09-08,2026-09-22T13:29:44.351620,asset_growth_dropped_2026-09-22,EBAY,0.13694539055831007,0.8785004516711834,0.0005917180131778665,0.004327479680140981,,
2026-09-08,2026-09-22T13:29:44.351620,asset_growth_dropped_2026-09-22,EBC,-0.09698837588798812,0.2050587172538392,-0.00042062560761733486,0.004327479680140981,,
2026-09-08,2026-09-22T13:29:44.351620,asset_growth_dropped_2026-09-22,EBS,-0.03183949652209754,0.36359530261969286,-0.0001386951559774874,0.004327479680140981,,
2026-09-08,2026-09-22T13:29:44.351620,asset_growth_dropped_2026-09-22,ECG,-0.022841715347055376,0.3897922312556459,-9.975744077613738e-05,0.004327479680140981,,
2026-09-08,2026-09-22T13:29:44.351620,asset_growth_dropped_2026-09-22,ECHO,-0.05760381836427205,0.2999096657633243,-0.00025018973522211,0.004327479680140981,,
2026-09-08,2026-09-22T13:29:44.351620,asset_growth_dropped_2026-09-22,ECL,0.13519415794609368,0.8735320686540199,0.0005841395896332999,0.004327479680140981,,
2026-09-08,2026-09-22T13:29:44.351620,asset_growth_dropped_2026-09-22,ECPG,0.15077131916959868,0.9096657633242999,0.0006515494383022978,0.004327479680140981,,
2026-09-08,2026-09-22T13:29:44.351620,asset_growth_dropped_2026-09-22,ECVT,0.08919551283180555,0.7511291779584462,0.0003850813875872018,0.004327479680140981,,
2026-09-08,2026-09-22T13:29:44.351620,asset_growth_dropped_2026-09-22,ED,0.01914201150434911,0.5311653116531165,8.192628406990483e-05,0.004327479680140981,,
2026-09-08,2026-09-22T13:29:44.351620,asset_growth_dropped_2026-09-22,EDIT,-0.29807782615718625,0.014905149051490514,-0.0012908361175480102,0.004327479680140981,,
2026-09-08,2026-09-22T13:29:44.351620,asset_growth_dropped_2026-09-22,EE,0.07792582317837937,0.7217705510388437,0.000336312034610505,0.004327479680140981,,
2026-09-08,2026-09-22T13:29:44.351620,asset_growth_dropped_2026-09-22,EEFT,-0.005561053120995127,0.44670280036133697,-2.497572613348184e-05,0.004327479680140981,,
2026-09-08,2026-09-22T13:29:44.351620,asset_growth_dropped_2026-09-22,EFSC,0.04364430336241221,0.6151761517615176,0.0001879594542025567,0.004327479680140981,,
2026-09-08,2026-09-22T13:29:44.351620,asset_growth_dropped_2026-09-22,EFX,0.0413382326656076,0.6079494128274616,0.0001779799801211662,0.004327479680140981,,
2026-09-08,2026-09-22T13:29:44.351620,asset_growth_dropped_2026-09-22,EG,0.08523754445250945,0.7371273712737128,0.0003679533598511574,0.004327479680140981,,
2026-09-08,2026-09-22T13:29:44.351620,asset_growth_dropped_2026-09-22,EGBN,-0.06528470524335375,0.2804878048780488,-0.00028342861711679756,0.004327479680140981,,
2026-09-08,2026-09-22T13:29:44.351620,asset_growth_dropped_2026-09-22,EGHT,0.024249433624618004,0.5505871725383921,0.00010402854951327103,0.004327479680140981,,
2026-09-08,2026-09-22T13:29:44.351620,asset_growth_dropped_2026-09-22,EGP,0.09273207600881596,0.7610659439927733,0.0004003857928732492,0.004327479680140981,,
2026-09-08,2026-09-22T13:29:44.351620,asset_growth_dropped_2026-09-22,EHC,0.17136746211456233,0.9354110207768744,0.000740678828385907,0.004327479680140981,,
2026-09-08,2026-09-22T13:29:44.351620,asset_growth_dropped_2026-09-22,EIX,-0.032102324008571666,0.3626919602529359,-0.00013983253658458669,0.004327479680140981,,
2026-09-08,2026-09-22T13:29:44.351620,asset_growth_dropped_2026-09-22,EL,0.10528821609800872,0.7985546522131888,0.0004547222339702345,0.004327479680140981,,
2026-09-08,2026-09-22T13:29:44.351620,asset_growth_dropped_2026-09-22,ELAN,0.08537809764267071,0.7380307136404698,0.0003685616009255593,0.004327479680140981,,
2026-09-08,2026-09-22T13:29:44.351620,asset_growth_dropped_2026-09-22,ELF,-0.03997826637990051,0.34146341463414637,-0.00017391551715847364,0.004327479680140981,,
2026-09-08,2026-09-22T13:29:44.351620,asset_growth_dropped_2026-09-22,ELS,0.049140633223156815,0.6345980126467932,0.0002117447099902811,0.004327479680140981,,
2026-09-08,2026-09-22T13:29:44.351620,asset_growth_dropped_2026-09-22,ELV,0.11451893499745666,0.8211382113821138,0.0004946679824406888,0.004327479680140981,,
2026-09-08,2026-09-22T13:29:44.351620,asset_growth_dropped_2026-09-22,ELVN,-0.0978627492618735,0.2028003613369467,-0.00042440944062568014,0.004327479680140981,,
2026-09-08,2026-09-22T13:29:44.351620,asset_growth_dropped_2026-09-22,EMAT,-0.23442119816710383,0.036585365853658534,-0.0010153633534146348,0.004327479680140981,,
2026-09-08,2026-09-22T13:29:44.351620,asset_growth_dropped_2026-09-22,EMBC,-0.06155479852937757,0.2922312556458898,-0.0002672875216032442,0.004327479680140981,,
2026-09-08,2026-09-22T13:29:44.351620,asset_growth_dropped_2026-09-22,EME,0.07760143333755101,0.7208672086720868,0.00033490824416587613,0.004327479680140981,,
2026-09-08,2026-09-22T13:29:44.351620,asset_growth_dropped_2026-09-22,EMN,0.0005036880565504123,0.465672990063234,1.2693180776607699e-06,0.004327479680140981,,
2026-09-08,2026-09-22T13:29:44.351620,asset_growth_dropped_2026-09-22,EMR,0.050227807357689974,0.6373080397470642,0.0002164494339662482,0.004327479680140981,,
2026-09-08,2026-09-22T13:29:44.351620,asset_growth_dropped_2026-09-22,ENOV,-0.09323877531187569,0.2140921409214092,-0.00040439928731556343,0.004327479680140981,,
2026-09-08,2026-09-22T13:29:44.351620,asset_growth_dropped_2026-09-22,ENPH,-0.12178209969527093,0.16124661246612465,-0.0005279199435883789,0.004327479680140981,,
2026-09-08,2026-09-22T13:29:44.351620,asset_growth_dropped_2026-09-22,ENR,-0.167561333646233,0.0975609756097561,-0.0007260286482835875,0.004327479680140981,,
2026-09-08,2026-09-22T13:29:44.351620,asset_growth_dropped_2026-09-22,ENS,0.11101168053639258,0.8130081300813008,0.0004794904100273502,0.004327479680140981,,
2026-09-08,2026-09-22T13:29:44.351620,asset_growth_dropped_2026-09-22,ENSG,-0.009126777206610051,0.4327009936766034,-4.0406324658969704e-05,0.004327479680140981,,
2026-09-08,2026-09-22T13:29:44.351620,asset_growth_dropped_2026-09-22,ENTA,-0.0785286790090432,0.24525745257452575,-0.0003407416444721389,0.004327479680140981,,
2026-09-08,2026-09-22T13:29:44.351620,asset_growth_dropped_2026-09-22,ENTG,0.020267366927281615,0.5365853658536586,8.67962367955817e-05,0.004327479680140981,,
2026-09-08,2026-09-22T13:29:44.351620,asset_growth_dropped_2026-09-22,ENVA,0.14366524955825888,0.8974706413730804,0.0006207980664535575,0.004327479680140981,,
2026-09-08,2026-09-22T13:29:44.351620,asset_growth_dropped_2026-09-22,ENVX,-0.29876572836307824,0.014453477868112014,-0.0012938130003659319,0.004327479680140981,,
2026-09-08,2026-09-22T13:29:44.351620,asset_growth_dropped_2026-09-22,EOG,0.1466291226333254,0.9028906955736224,0.0006336241669604248,0.004327479680140981,,
2026-09-08,2026-09-22T13:29:44.351620,asset_growth_dropped_2026-09-22,EOSE,-0.23292679606571726,0.037940379403794036,-0.0010088963586869246,0.004327479680140981,,
2026-09-08,2026-09-22T13:29:44.351620,asset_growth_dropped_2026-09-22,EPAC,0.09338566215570415,0.7637759710930443,0.00040321417364312954,0.004327479680140981,,
2026-09-08,2026-09-22T13:29:44.351620,asset_growth_dropped_2026-09-22,EPAM,-0.04014462850638258,0.3405600722673893,-0.00017463544588036987,0.004327479680140981,,
2026-09-08,2026-09-22T13:29:44.351620,asset_growth_dropped_2026-09-22,EPC,-0.037979627988826634,0.3486901535682023,-0.0001652664501331518,0.004327479680140981,,
2026-09-08,2026-09-22T13:29:44.351620,asset_growth_dropped_2026-09-22,EPD,0.047471400465812164,0.6287262872628726,0.0002045211391514464,0.004327479680140981,,
2026-09-08,2026-09-22T13:29:44.351620,asset_growth_dropped_2026-09-22,EPR,0.020461723744184195,0.539747064137308,8.76373119714245e-05,0.004327479680140981,,
2026-09-08,2026-09-22T13:29:44.351620,asset_growth_dropped_2026-09-22,EPRT,-0.07661059661960162,0.24977416440831074,-0.0003324411819069942,0.004327479680140981,,
2026-09-08,2026-09-22T13:29:44.351620,asset_growth_dropped_2026-09-22,EQH,0.04092774617294893,0.6070460704607046,0.00017620360816521344,0.004327479680140981,,
2026-09-08,2026-09-22T13:29:44.351620,asset_growth_dropped_2026-09-22,EQIX,0.15863500921751833,0.919602529358627,0.000685579397195597,0.004327479680140981,,
2026-09-08,2026-09-22T13:29:44.351620,asset_growth_dropped_2026-09-22,EQPT,-0.26030553973865367,0.027551942186088526,-0.0011273773155993454,0.004327479680140981,,
2026-09-08,2026-09-22T13:29:44.351620,asset_growth_dropped_2026-09-22,EQT,0.1042853906779988,0.7931345980126467,0.0004503825273424127,0.004327479680140981,,
2026-09-08,2026-09-22T13:29:44.351620,asset_growth_dropped_2026-09-22,ERAS,-0.18890270517740662,0.07362240289069558,-0.0008183829999310805,0.004327479680140981,,
2026-09-08,2026-09-22T13:29:44.351620,asset_growth_dropped_2026-09-22,ERIE,-0.11092944156171307,0.17886178861788618,-0.00048095528603989054,0.004327479680140981,,
2026-09-08,2026-09-22T13:29:44.351620,asset_growth_dropped_2026-09-22,ES,0.02031773545849626,0.5370370370370371,8.701420559093161e-05,0.004327479680140981,,
2026-09-08,2026-09-22T13:29:44.351620,asset_growth_dropped_2026-09-22,ESAB,-0.18722263527054012,0.07588075880758807,-0.0008111125315478995,0.004327479680140981,,
2026-09-08,2026-09-22T13:29:44.351620,asset_growth_dropped_2026-09-22,ESE,-0.047547854117521084,0.32339656729900634,-0.00020667275428007102,0.004327479680140981,,
2026-09-08,2026-09-22T13:29:44.351620,asset_growth_dropped_2026-09-22,ESI,0.03649473865123572,0.5930442637759711,0.0001570198581930874,0.004327479680140981,,
2026-09-08,2026-09-22T13:29:44.351620,asset_growth_dropped_2026-09-22,ESNT,0.08675989287180799,0.7434507678410117,0.00037454129170176663,0.004327479680140981,,
2026-09-08,2026-09-22T13:29:44.351620,asset_growth_dropped_2026-09-22,ESRT,-0.1518040927858401,0.11472448057813911,-0.00065783950864515,0.004327479680140981,,
2026-09-08,2026-09-22T13:29:44.351620,asset_growth_dropped_2026-09-22,ESS,0.05683510744776072,0.6540198735320687,0.000245042390846623,0.004327479680140981,,
2026-09-08,2026-09-22T13:29:44.351620,asset_growth_dropped_2026-09-22,ESTA,-0.06348244204311917,0.28545618789521227,-0.00027562935973951655,0.004327479680140981,,
2026-09-08,2026-09-22T13:29:44.351620,asset_growth_dropped_2026-09-22,ESTC,-0.054003620522856496,0.3098464317976513,-0.0002346099522188968,0.004327479680140981,,
2026-09-08,2026-09-22T13:29:44.351620,asset_growth_dropped_2026-09-22,ET,0.12362743967161263,0.8423667570009034,0.0005340848513345678,0.004327479680140981,,
2026-09-08,2026-09-22T13:29:44.351620,asset_growth_dropped_2026-09-22,ETN,0.045161934794816234,0.6210478771454381,0.00019452697338822838,0.004327479680140981,,
2026-09-08,2026-09-22T13:29:44.351620,asset_growth_dropped_2026-09-22,ETR,0.0017364698845091509,0.470189701897019,6.604156388199266e-06,0.004327479680140981,,
2026-09-08,2026-09-22T13:29:44.351620,asset_growth_dropped_2026-09-22,ETSY,0.2862227194752454,0.9977416440831075,0.001237712620771626,0.004327479680140981,,
2026-09-08,2026-09-22T13:29:44.351620,asset_growth_dropped_2026-09-22,EVCM,-0.08527104655447851,0.22854561878952123,-0.0003699191030210522,0.004327479680140981,,
2026-09-08,2026-09-22T13:29:44.351620,asset_growth_dropped_2026-09-22,EVEX,-0.25144147274620304,0.02935862691960253,-0.0010890182458061068,0.004327479680140981,,
2026-09-08,2026-09-22T13:29:44.351620,asset_growth_dropped_2026-09-22,EVGO,-0.33152742607794167,0.009485094850948509,-0.0014355885815139247,0.004327479680140981,,
2026-09-08,2026-09-22T13:29:44.351620,asset_growth_dropped_2026-09-22,EVH,-0.08845106371619413,0.22131887985546522,-0.0003836805626708761,0.004327479680140981,,
2026-09-08,2026-09-22T13:29:44.351620,asset_growth_dropped_2026-09-22,EVR,0.13804827257825075,0.8812104787714544,0.0005964907127087527,0.004327479680140981,,
2026-09-08,2026-09-22T13:29:44.351620,asset_growth_dropped_2026-09-22,EVRG,-0.0071051184316497235,0.43947606142728096,-3.165763739015018e-05,0.004327479680140981,,
2026-09-08,2026-09-22T13:29:44.351620,asset_growth_dropped_2026-09-22,EVTC,-0.04066759317161241,0.33830171635049683,-0.00017689856484258366,0.004327479680140981,,
2026-09-08,2026-09-22T13:29:44.351620,asset_growth_dropped_2026-09-22,EW,0.1499470248588785,0.907859078590786,0.0006479823214222005,0.004327479680140981,,
2026-09-08,2026-09-22T13:29:44.351620,asset_growth_dropped_2026-09-22,EWBC,-0.03472078480850735,0.35772357723577236,-0.00015116387248955408,0.004327479680140981,,
2026-09-08,2026-09-22T13:29:44.351620,asset_growth_dropped_2026-09-22,EWTX,-0.08829236890340782,0.2222222222222222,-0.0003829938140931996,0.004327479680140981,,
2026-09-08,2026-09-22T13:29:44.351620,asset_growth_dropped_2026-09-22,EXC,-0.02992681499749588,0.3699186991869919,-0.00013041806554519263,0.004327479680140981,,
2026-09-08,2026-09-22T13:29:44.351620,asset_growth_dropped_2026-09-22,EXE,0.15345023193804266,0.9128274616079494,0.0006631423788726094,0.004327479680140981,,
2026-09-08,2026-09-22T13:29:44.351620,asset_growth_dropped_2026-09-22,EXEL,0.1819536944864883,0.952122854561879,0.0007864905338646674,0.004327479680140981,,
2026-09-08,2026-09-22T13:29:44.351620,asset_growth_dropped_2026-09-22,EXFY,0.1438973198661906,0.8983739837398373,0.000621802345995496,0.004327479680140981,,
2026-09-08,2026-09-22T13:29:44.351620,asset_growth_dropped_2026-09-22,EXLS,0.07254471029318076,0.7046070460704607,0.0003130253779432632,0.004327479680140981,,
2026-09-08,2026-09-22T13:29:44.351620,asset_growth_dropped_2026-09-22,EXOD,-0.27792168106780557,0.02122854561878952,-0.001203610809243742,0.004327479680140981,,
2026-09-08,2026-09-22T13:29:44.351620,asset_growth_dropped_2026-09-22,EXP,0.038169401608122364,0.5984643179765131,0.00016426692811009918,0.004327479680140981,,
2026-09-08,2026-09-22T13:29:44.351620,asset_growth_dropped_2026-09-22,EXPD,0.23287815082759605,0.9896115627822945,0.0010068650839030377,0.004327479680140981,,
2026-09-08,2026-09-22T13:29:44.351620,asset_growth_dropped_2026-09-22,EXPE,0.12474024928236585,0.8477868112014454,0.000538900512312968,0.004327479680140981,,
2026-09-08,2026-09-22T13:29:44.351620,asset_growth_dropped_2026-09-22,EXPO,-0.004945420908499684,0.44896115627822947,-2.2311590243467577e-05,0.004327479680140981,,
2026-09-08,2026-09-22T13:29:44.351620,asset_growth_dropped_2026-09-22,EXR,0.033999010382272786,0.5826558265582655,0.00014621964482199688,0.004327479680140981,,
2026-09-08,2026-09-22T13:29:44.351620,asset_growth_dropped_2026-09-22,EXTR,0.08370581922163658,0.7344173441734417,0.0003613248500389959,0.004327479680140981,,
2026-09-08,2026-09-22T13:29:44.351620,asset_growth_dropped_2026-09-22,EYE,-0.03940561251107044,0.34462511291779585,-0.00017143736917735742,0.004327479680140981,,
2026-09-08,2026-09-22T13:29:44.351620,asset_growth_dropped_2026-09-22,EZPW,-0.05738615382587707,0.3012646793134598,-0.0002492477963551185,0.004327479680140981,,
2026-09-08,2026-09-22T13:29:44.351620,asset_growth_dropped_2026-09-22,F,0.11186589139083997,0.8166214995483289,0.0004831869901425271,0.004327479680140981,,
2026-09-08,2026-09-22T13:29:44.351620,asset_growth_dropped_2026-09-22,FA,0.054480673177312165,0.6485998193315267,0.00023485362438302934,0.004327479680140981,,
2026-09-08,2026-09-22T13:29:44.351620,asset_growth_dropped_2026-09-22,FAC,-0.11838741090435417,0.16666666666666666,-0.0005132294968252843,0.004327479680140981,,
2026-09-08,2026-09-22T13:29:44.351620,asset_growth_dropped_2026-09-22,FAF,-0.01883924164112582,0.4037940379403794,-8.243681714342865e-05,0.004327479680140981,,
2026-09-08,2026-09-22T13:29:44.351620,asset_growth_dropped_2026-09-22,FANG,0.15291071169989953,0.9110207768744354,0.0006608076160050201,0.004327479680140981,,
2026-09-08,2026-09-22T13:29:44.351620,asset_growth_dropped_2026-09-22,FAST,0.17234503166300028,0.9363143631436315,0.0007449092407426968,0.004327479680140981,,
2026-09-08,2026-09-22T13:29:44.351620,asset_growth_dropped_2026-09-22,FATE,-0.06629675389440279,0.2786811201445348,-0.00028780823708952636,0.004327479680140981,,
2026-09-08,2026-09-22T13:29:44.351620,asset_growth_dropped_2026-09-22,FBIN,0.007088463924033214,0.48870822041553746,2.9764801842475296e-05,0.004327479680140981,,
2026-09-08,2026-09-22T13:29:44.351620,asset_growth_dropped_2026-09-22,FBK,-0.02055380072173929,0.3983739837398374,-8.985653672518466e-05,0.004327479680140981,,
2026-09-08,2026-09-22T13:29:44.351620,asset_growth_dropped_2026-09-22,FBNC,-0.05461480997565235,0.3084914182475158,-0.00023725486215658736,0.004327479680140981,,
2026-09-08,2026-09-22T13:29:44.351620,asset_growth_dropped_2026-09-22,FBP,0.025957101448120384,0.5573622402890696,0.00011141844731990816,0.004327479680140981,,
2026-09-08,2026-09-22T13:29:44.351620,asset_growth_dropped_2026-09-22,FBYD,-0.2511920284728904,0.02981029810298103,-0.001087938780782019,0.004327479680140981,,
2026-09-08,2026-09-22T13:29:44.351620,asset_growth_dropped_2026-09-22,FCEL,-0.1799051338689459,0.08084914182475159,-0.0007794461929230974,0.004327479680140981,,
2026-09-08,2026-09-22T13:29:44.351620,asset_growth_dropped_2026-09-22,FCF,0.04951412524291856,0.6355013550135501,0.00021336098911649485,0.004327479680140981,,
2026-09-08,2026-09-22T13:29:44.351620,asset_growth_dropped_2026-09-22,FCFS,0.13014255848566672,0.8617886178861789,0.0005622788956160911,0.004327479680140981,,
2026-09-08,2026-09-22T13:29:44.351620,asset_growth_dropped_2026-09-22,FCN,0.07307455640999483,0.7073170731707317,0.0003153182762473777,0.004327479680140981,,
2026-09-08,2026-09-22T13:29:44.351620,asset_growth_dropped_2026-09-22,FCNCA,-0.0222711200006862,0.3902439024390244,-9.728820100914177e-05,0.004327479680140981,,
2026-09-08,2026-09-22T13:29:44.351620,asset_growth_dropped_2026-09-22,FCPT,-0.015094618896346182,0.4123757904245709,-6.623203830560103e-05,0.004327479680140981,,
2026-09-08,2026-09-22T13:29:44.351620,asset_growth_dropped_2026-09-22,FCX,0.10121170508424121,0.7863595302619693,0.00043708121539228465,0.004327479680140981,,
2026-09-08,2026-09-22T13:29:44.351620,asset_growth_dropped_2026-09-22,FDS,0.03173591338959462,0.5785907859078591,0.00013642613857199395,0.004327479680140981,,
2026-09-08,2026-09-22T13:29:44.351620,asset_growth_dropped_2026-09-22,FDX,0.19348736187167975,0.9629629629629629,0.0008364022451115881,0.004327479680140981,,
2026-09-08,2026-09-22T13:29:44.351620,asset_growth_dropped_2026-09-22,FDXF,-0.08513913258960826,0.22944896115627822,-0.00036934824801854936,0.004327479680140981,,
2026-09-08,2026-09-22T13:29:44.351620,asset_growth_dropped_2026-09-22,FE,0.07195173132967234,0.7028003613369467,0.00031045927352792944,0.004327479680140981,,
2026-09-08,2026-09-22T13:29:44.351620,asset_growth_dropped_2026-09-22,FELE,0.1791612695960272,0.9498644986449865,0.0007744063718928771,0.004327479680140981,,
2026-09-08,2026-09-22T13:29:44.351620,asset_growth_dropped_2026-09-22,FERG,0.06429477127171543,0.6802168021680217,0.0002773239344654698,0.004327479680140981,,
2026-09-08,2026-09-22T13:29:44.351620,asset_growth_dropped_2026-09-22,FET,0.22196493079415497,0.983739837398374,0.0009596383459634139,0.004327479680140981,,
2026-09-08,2026-09-22T13:29:44.351620,asset_growth_dropped_2026-09-22,FFBC,-0.07809996700859664,0.24661246612466126,-0.0003388864020015738,0.004327479680140981,,
2026-09-08,2026-09-22T13:29:44.351620,asset_growth_dropped_2026-09-22,FFIN,-0.1291764645775625,0.14814814814814814,-0.0005599189073640438,0.004327479680140981,,
2026-09-08,2026-09-22T13:29:44.351620,asset_growth_dropped_2026-09-22,FFIV,0.11693197327331897,0.8283649503161699,0.0005051103565468854,0.004327479680140981,,
2026-09-08,2026-09-22T13:29:44.351620,asset_growth_dropped_2026-09-22,FG,-0.14876710038881719,0.11969286359530262,-0.0006446969857582907,0.004327479680140981,,
2026-09-08,2026-09-22T13:29:44.351620,asset_growth_dropped_2026-09-22,FHB,-0.026716338506880287,0.3816621499548329,-0.00011652479376848333,0.004327479680140981,,
2026-09-08,2026-09-22T13:29:44.351620,asset_growth_dropped_2026-09-22,FHI,0.10966049472439009,0.8098464317976513,0.00047364318088181456,0.004327479680140981,,
2026-09-08,2026-09-22T13:29:44.351620,asset_growth_dropped_2026-09-22,FHN,0.09299614262042805,0.7624209575429087,0.00040152853576920424,0.004327479680140981,,
2026-09-08,2026-09-22T13:29:44.351620,asset_growth_dropped_2026-09-22,FIBK,-0.006261540354208055,0.4444444444444444,-2.800707040140896e-05,0.004327479680140981,,
2026-09-08,2026-09-22T13:29:44.351620,asset_growth_dropped_2026-09-22,FICO,-0.040290131876328864,0.33965672990063234,-0.00017526510875720444,0.004327479680140981,,
2026-09-08,2026-09-22T13:29:44.351620,asset_growth_dropped_2026-09-22,FIG,-0.06540632197290597,0.2800361336946703,-0.00028395491104269994,0.004327479680140981,,
2026-09-08,2026-09-22T13:29:44.351620,asset_growth_dropped_2026-09-22,FIGR,-0.03442419040498721,0.35862691960252935,-0.00014988036623507714,0.004327479680140981,,
2026-09-08,2026-09-22T13:29:44.351620,asset_growth_dropped_2026-09-22,FIGS,0.017775410657799667,0.5271002710027101,7.601234667559865e-05,0.004327479680140981,,
2026-09-08,2026-09-22T13:29:44.351620,asset_growth_dropped_2026-09-22,FIRY,-0.07516540771111521,0.25429087624209573,-0.0003261871562715541,0.004327479680140981,,
2026-09-08,2026-09-22T13:29:44.351620,asset_growth_dropped_2026-09-22,FIS,-0.04111601181784358,0.33739837398373984,-0.00017883908742234538,0.004327479680140981,,
2026-09-08,2026-09-22T13:29:44.351620,asset_growth_dropped_2026-09-22,FISV,-0.050821717443735925,0.31616982836495033,-0.00022084033129982452,0.004327479680140981,,
2026-09-08,2026-09-22T13:29:44.351620,asset_growth_dropped_2026-09-22,FITB,-0.07844127822380767,0.24570912375790424,-0.00034036341935000377,0.004327479680140981,,
2026-09-08,2026-09-22T13:29:44.351620,asset_growth_dropped_2026-09-22,FIVE,0.1368009681353996,0.8780487804878049,0.0005910930280773648,0.004327479680140981,,
2026-09-08,2026-09-22T13:29:44.351620,asset_growth_dropped_2026-09-22,FIVN,0.11071065849823669,0.8121047877145439,0.00047818774327395593,0.004327479680140981,,
2026-09-08,2026-09-22T13:29:44.351620,asset_growth_dropped_2026-09-22,FIX,0.10938932372197506,0.8089430894308943,0.0004724696938790201,0.004327479680140981,,
2026-09-08,2026-09-22T13:29:44.351620,asset_growth_dropped_2026-09-22,FIZZ,-0.036784272873546416,0.35185185185185186,-0.00016009357516122405,0.004327479680140981,,
2026-09-08,2026-09-22T13:29:44.351620,asset_growth_dropped_2026-09-22,FLEX,0.023767148549798306,0.5474254742547425,0.00010194147065195352,0.004327479680140981,,
2026-09-08,2026-09-22T13:29:44.351620,asset_growth_dropped_2026-09-22,FLG,-0.10727070985565226,0.18834688346883469,-0.0004651221989268249,0.004327479680140981,,
2026-09-08,2026-09-22T13:29:44.351620,asset_growth_dropped_2026-09-22,FLGT,-0.18788452716732817,0.07452574525745258,-0.0008139768552816997,0.004327479680140981,,
2026-09-08,2026-09-22T13:29:44.351620,asset_growth_dropped_2026-09-22,FLNC,-0.17579005252478475,0.08672086720867209,-0.0007616382620241126,0.004327479680140981,,
2026-09-08,2026-09-22T13:29:44.351620,asset_growth_dropped_2026-09-22,FLO,-0.1102583610372278,0.18112014453477868,-0.0004780511987064422,0.004327479680140981,,
2026-09-08,2026-09-22T13:29:44.351620,asset_growth_dropped_2026-09-22,FLOC,0.049508053830656554,0.6350496838301717,0.00021333471520330126,0.004327479680140981,,
2026-09-08,2026-09-22T13:29:44.351620,asset_growth_dropped_2026-09-22,FLR,0.008467732807342747,0.492773261065944,3.573355990844804e-05,0.004327479680140981,,
2026-09-08,2026-09-22T13:29:44.351620,asset_growth_dropped_2026-09-22,FLS,0.10060585644119575,0.7841011743450768,0.00043445941770026445,0.004327479680140981,,
2026-09-08,2026-09-22T13:29:44.351620,asset_growth_dropped_2026-09-22,FLUT,-0.08638165723456107,0.22719060523938572,-0.000374725248171657,0.004327479680140981,,
2026-09-08,2026-09-22T13:29:44.351620,asset_growth_dropped_2026-09-22,FLWS,0.012560528520232497,0.5103884372177055,5.344505019094656e-05,0.004327479680140981,,
2026-09-08,2026-09-22T13:29:44.351620,asset_growth_dropped_2026-09-22,FLY,-0.28499661994697256,0.017615176151761516,-0.0012342274634815765,0.004327479680140981,,
2026-09-08,2026-09-22T13:29:44.351620,asset_growth_dropped_2026-09-22,FLYW,0.07685983279465008,0.7190605239385727,0.0003316989828856908,0.004327479680140981,,
2026-09-08,2026-09-22T13:29:44.351620,asset_growth_dropped_2026-09-22,FMC,-0.14170107434463097,0.12827461607949414,-0.0006141189016327279,0.004327479680140981,,
2026-09-08,2026-09-22T13:29:44.351620,asset_growth_dropped_2026-09-22,FMCC,-0.17802091271866877,0.08401084010840108,-0.0007712922641823811,0.004327479680140981,,
2026-09-08,2026-09-22T13:29:44.351620,asset_growth_dropped_2026-09-22,FN,-0.06983643703341501,0.2682926829268293,-0.0003031261439477394,0.004327479680140981,,
2026-09-08,2026-09-22T13:29:44.351620,asset_growth_dropped_2026-09-22,FNB,-0.0025244505196317865,0.45799457994579945,-1.1834890079418738e-05,0.004327479680140981,,
2026-09-08,2026-09-22T13:29:44.351620,asset_growth_dropped_2026-09-22,FND,-0.07441267335757205,0.2565492321589883,-0.000322929713652052,0.004327479680140981,,
2026-09-08,2026-09-22T13:29:44.351620,asset_growth_dropped_2026-09-22,FNF,-0.08963311989636423,0.2186088527551942,-0.0003887958867713473,0.004327479680140981,,
2026-09-08,2026-09-22T13:29:44.351620,asset_growth_dropped_2026-09-22,FNMA,-0.17037283776859527,0.09259259259259259,-0.0007381953752437428,0.004327479680140981,,
2026-09-08,2026-09-22T13:29:44.351620,asset_growth_dropped_2026-09-22,FOR,-0.13017299160937582,0.14679313459801266,-0.0005642313578449272,0.004327479680140981,,
2026-09-08,2026-09-22T13:29:44.351620,asset_growth_dropped_2026-09-22,FORM,0.017576489881753393,0.526196928635953,7.515152105930052e-05,0.004327479680140981,,
2026-09-08,2026-09-22T13:29:44.351620,asset_growth_dropped_2026-09-22,FOSL,-0.051328109486233356,0.31391147244805784,-0.00022303173257391722,0.004327479680140981,,
2026-09-08,2026-09-22T13:29:44.351620,asset_growth_dropped_2026-09-22,FOUR,-0.13889814585835708,0.13233965672990064,-0.0006019892855634893,0.004327479680140981,,
2026-09-08,2026-09-22T13:29:44.351620,asset_growth_dropped_2026-09-22,FOXA,0.0014558027414965716,0.46883468834688347,5.389575029929107e-06,0.004327479680140981,,
2026-09-08,2026-09-22T13:29:44.351620,asset_growth_dropped_2026-09-22,FOXF,-0.06203563669048831,0.2899728997289973,-0.0002693683389748873,0.004327479680140981,,
2026-09-08,2026-09-22T13:29:44.351620,asset_growth_dropped_2026-09-22,FPH,-0.002370925215154064,0.45934959349593496,-1.1170512443903937e-05,0.004327479680140981,,
2026-09-08,2026-09-22T13:29:44.351620,asset_growth_dropped_2026-09-22,FPS,0.052479725914482425,0.6422764227642277,0.00022619456576209994,0.004327479680140981,,
2026-09-08,2026-09-22T13:29:44.351620,asset_growth_dropped_2026-09-22,FR,0.10617969692075732,0.8021680216802168,0.0004585800991159144,0.004327479680140981,,
2026-09-08,2026-09-22T13:29:44.351620,asset_growth_dropped_2026-09-22,FRHC,-0.22865756351699124,0.04245709123757904,-0.0009904213415825162,0.004327479680140981,,
2026-09-08,2026-09-22T13:29:44.351620,asset_growth_dropped_2026-09-22,FRME,-0.048364803982190445,0.32113821138211385,-0.0002102080882191216,0.004327479680140981,,
2026-09-08,2026-09-22T13:29:44.351620,asset_growth_dropped_2026-09-22,FRMI,-0.0937960828859948,0.2127371273712737,-0.0004068110245181525,0.004327479680140981,,
2026-09-08,2026-09-22T13:29:44.351620,asset_growth_dropped_2026-09-22,FROG,0.02683669690827696,0.5627822944896116,0.00011522487880048,0.004327479680140981,,
2026-09-08,2026-09-22T13:29:44.351620,asset_growth_dropped_2026-09-22,FRPT,0.0039158339668016184,0.4787714543812105,1.603531016994902e-05,0.004327479680140981,,
2026-09-08,2026-09-22T13:29:44.351620,asset_growth_dropped_2026-09-22,FRSH,0.09428904447679104,0.7664859981933153,0.0004071235422810316,0.004327479680140981,,
2026-09-08,2026-09-22T13:29:44.351620,asset_growth_dropped_2026-09-22,FRT,0.07034498359355945,0.7005420054200542,0.00030350610534878844,0.004327479680140981,,
2026-09-08,2026-09-22T13:29:44.351620,asset_growth_dropped_2026-09-22,FRVO,-0.1189733221358052,0.16576332429990967,-0.0005157650157737551,0.004327479680140981,,
2026-09-08,2026-09-22T13:29:44.351620,asset_growth_dropped_2026-09-22,FSK,-0.05829671809575583,0.2985546522131888,-0.0002531882447304812,0.004327479680140981,,
2026-09-08,2026-09-22T13:29:44.351620,asset_growth_dropped_2026-09-22,FSLR,0.019490720516423803,0.533423667570009,8.34353152339401e-05,0.004327479680140981,,
2026-09-08,2026-09-22T13:29:44.351620,asset_growth_dropped_2026-09-22,FSLY,-0.006463304074202758,0.4421860885275519,-2.8880198799875695e-05,0.004327479680140981,,
2026-09-08,2026-09-22T13:29:44.351620,asset_growth_dropped_2026-09-22,FSS,-0.048105811479968515,0.3224932249322493,-0.00020908730342844732,0.004327479680140981,,
2026-09-08,2026-09-22T13:29:44.351620,asset_growth_dropped_2026-09-22,FTAI,-0.06355508838408072,0.2850045167118338,-0.00027594373530386425,0.004327479680140981,,
2026-09-08,2026-09-22T13:29:44.351620,asset_growth_dropped_2026-09-22,FTDR,0.14821800728688517,0.9060523938572719,0.0006405000330127926,0.004327479680140981,,
2026-09-08,2026-09-22T13:29:44.351620,asset_growth_dropped_2026-09-22,FTI,0.26179853858420743,0.9968383017163505,0.0011320174742615713,0.004327479680140981,,
2026-09-08,2026-09-22T13:29:44.351620,asset_growth_dropped_2026-09-22,FTNT,0.19152451642555562,0.9611562782294489,0.0008279080713282287,0.004327479680140981,,
2026-09-08,2026-09-22T13:29:44.351620,asset_growth_dropped_2026-09-22,FTRE,0.003821765993372493,0.4778681120144535,1.5628232926382436e-05,0.004327479680140981,,
2026-09-08,2026-09-22T13:29:44.351620,asset_growth_dropped_2026-09-22,FTV,0.15994604555414643,0.9227642276422764,0.0006912528803022815,0.004327479680140981,,
2026-09-08,2026-09-22T13:29:44.351620,asset_growth_dropped_2026-09-22,FUBO,-0.26695023149775643,0.023938572719060525,-0.0011561320841676627,0.004327479680140981,,
2026-09-08,2026-09-22T13:29:44.351620,asset_growth_dropped_2026-09-22,FUL,0.03708980503112926,0.5953026196928636,0.00015959499586041178,0.004327479680140981,,
2026-09-08,2026-09-22T13:29:44.351620,asset_growth_dropped_2026-09-22,FULT,-0.07164055992758717,0.26287262872628725,-0.0003109334491127465,0.004327479680140981,,
2026-09-08,2026-09-22T13:29:44.351620,asset_growth_dropped_2026-09-22,FUN,-0.16407920481476704,0.1002710027100271,-0.0007109598065217855,0.004327479680140981,,
2026-09-08,2026-09-22T13:29:44.351620,asset_growth_dropped_2026-09-22,FWONA,-0.05535982979263566,0.3062330623306233,-0.00024047892027588495,0.004327479680140981,,
2026-09-08,2026-09-22T13:29:44.351620,asset_growth_dropped_2026-09-22,FWRD,-0.10097969348634672,0.1973803071364047,-0.00043789795342122085,0.004327479680140981,,
2026-09-08,2026-09-22T13:29:44.351620,asset_growth_dropped_2026-09-22,G,-0.020070816649737595,0.4006323396567299,-8.776643296776558e-05,0.004327479680140981,,
2026-09-08,2026-09-22T13:29:44.351620,asset_growth_dropped_2026-09-22,GAP,-0.04356871982139527,0.33288166214995485,-0.0001894531314690345,0.004327479680140981,,
2026-09-08,2026-09-22T13:29:44.351620,asset_growth_dropped_2026-09-22,GATX,-0.013234339338366437,0.41915085817524844,-5.8181716319062034e-05,0.004327479680140981,,
2026-09-08,2026-09-22T13:29:44.351620,asset_growth_dropped_2026-09-22,GBCI,-0.1319817064861268,0.14092140921409213,-0.0005720585347212358,0.004327479680140981,,
2026-09-08,2026-09-22T13:29:44.351620,asset_growth_dropped_2026-09-22,GBDC,-0.12322740217346526,0.15943992773261065,-0.0005341744606944223,0.004327479680140981,,
2026-09-08,2026-09-22T13:29:44.351620,asset_growth_dropped_2026-09-22,GBX,-0.06341913145519057,0.2859078590785908,-0.00027535538445671773,0.004327479680140981,,
2026-09-08,2026-09-22T13:29:44.351620,asset_growth_dropped_2026-09-22,GCMG,0.18397721697209488,0.9539295392953929,0.0007952472863034382,0.004327479680140981,,
2026-09-08,2026-09-22T13:29:44.351620,asset_growth_dropped_2026-09-22,GCO,0.11454463680012505,0.8215898825654924,0.0004947792064694792,0.004327479680140981,,
2026-09-08,2026-09-22T13:29:44.351620,asset_growth_dropped_2026-09-22,GD,0.10374559399248638,0.7917795844625113,0.00044804656815445026,0.004327479680140981,,
2026-09-08,2026-09-22T13:29:44.351620,asset_growth_dropped_2026-09-22,GDDY,0.07204212401994402,0.7032520325203252,0.00031085044605831343,0.004327479680140981,,
2026-09-08,2026-09-22T13:29:44.351620,asset_growth_dropped_2026-09-22,GDOT,-0.010632270331579569,0.42592592592592593,-4.692131556586724e-05,0.004327479680140981,,
2026-09-08,2026-09-22T13:29:44.351620,asset_growth_dropped_2026-09-22,GDRX,0.050044395492111676,0.6368563685636857,0.00021565572284486137,0.004327479680140981,,
2026-09-08,2026-09-22T13:29:44.351620,asset_growth_dropped_2026-09-22,GDYN,0.08095132514691782,0.7285456187895212,0.0003494048329015817,0.004327479680140981,,
2026-09-08,2026-09-22T13:29:44.351620,asset_growth_dropped_2026-09-22,GE,0.09527342629540111,0.7691960252935862,0.00041138343459856696,0.004327479680140981,,
2026-09-08,2026-09-22T13:29:44.351620,asset_growth_dropped_2026-09-22,GEF,0.044075327275637996,0.6169828364950316,0.00018982470142869614,0.004327479680140981,,
2026-09-08,2026-09-22T13:29:44.351620,asset_growth_dropped_2026-09-22,GEHC,-0.04456817205688987,0.33017163504968383,-0.00019377824070940884,0.004327479680140981,,
2026-09-08,2026-09-22T13:29:44.351620,asset_growth_dropped_2026-09-22,GEL,0.020030145718020816,0.5343270099367661,8.576966683280712e-05,0.004327479680140981,,
2026-09-08,2026-09-22T13:29:44.351620,asset_growth_dropped_2026-09-22,GEMI,-0.14969330087619667,0.11788617886178862,-0.0006487050995471621,0.004327479680140981,,
2026-09-08,2026-09-22T13:29:44.351620,asset_growth_dropped_2026-09-22,GEN,0.040755973402724285,0.6065943992773261,0.0001754602649924648,0.004327479680140981,,
2026-09-08,2026-09-22T13:29:44.351620,asset_growth_dropped_2026-09-22,GENB,-0.23604413694697488,0.036133694670280034,-0.0010223865880066396,0.004327479680140981,,
2026-09-08,2026-09-22T13:29:44.351620,asset_growth_dropped_2026-09-22,GEO,0.0828771396418514,0.7330623306233063,0.0003577387559961277,0.004327479680140981,,
2026-09-08,2026-09-22T13:29:44.351620,asset_growth_dropped_2026-09-22,GEV,0.029959945820990416,0.5727190605239386,0.0001287406750062699,0.004327479680140981,,
2026-09-08,2026-09-22T13:29:44.351620,asset_growth_dropped_2026-09-22,GFF,0.15843282852959317,0.9191508581752484,0.0006847044643768839,0.004327479680140981,,
2026-09-08,2026-09-22T13:29:44.351620,asset_growth_dropped_2026-09-22,GGG,0.13879487513050082,0.8834688346883469,0.0005997216200827562,0.004327479680140981,,
2026-09-08,2026-09-22T13:29:44.351620,asset_growth_dropped_2026-09-22,GH,0.12661016137658607,0.8523035230352304,0.0005469925189043558,0.004327479680140981,,
2026-09-08,2026-09-22T13:29:44.351620,asset_growth_dropped_2026-09-22,GHC,0.07287319534349088,0.7064137308039747,0.00031444689032371034,0.004327479680140981,,
2026-09-08,2026-09-22T13:29:44.351620,asset_growth_dropped_2026-09-22,GIII,0.1110288369507966,0.8134598012646793,0.0004795646540620676,0.004327479680140981,,
2026-09-08,2026-09-22T13:29:44.351620,asset_growth_dropped_2026-09-22,GILD,0.10775052771348438,0.8057813911472448,0.0004653778374523805,0.004327479680140981,,
2026-09-08,2026-09-22T13:29:44.351620,asset_growth_dropped_2026-09-22,GIS,0.043153575627222183,0.6133694670280037,0.00018583583990004025,0.004327479680140981,,
2026-09-08,2026-09-22T13:29:44.351620,asset_growth_dropped_2026-09-22,GKOS,0.1788135718053034,0.9480578139114725,0.00077290171676869,0.004327479680140981,,
2026-09-08,2026-09-22T13:29:44.351620,asset_growth_dropped_2026-09-22,GL,0.10448784562610933,0.7940379403794038,0.000451258647016505,0.004327479680140981,,
2026-09-08,2026-09-22T13:29:44.351620,asset_growth_dropped_2026-09-22,GLP,0.11397914023432235,0.8206865401987353,0.0004923320315717785,0.004327479680140981,,
2026-09-08,2026-09-22T13:29:44.351620,asset_growth_dropped_2026-09-22,GLPI,-0.029655981376277417,0.37082204155374887,-0.00012924603855267073,0.004327479680140981,,
2026-09-08,2026-09-22T13:29:44.351620,asset_growth_dropped_2026-09-22,GLUE,-0.20109057190739346,0.06142728093947606,-0.0008711257455493649,0.004327479680140981,,
2026-09-08,2026-09-22T13:29:44.351620,asset_growth_dropped_2026-09-22,GLW,0.010478757589323907,0.5031616982836495,4.443622878873146e-05,0.004327479680140981,,
2026-09-08,2026-09-22T13:29:44.351620,asset_growth_dropped_2026-09-22,GLXY,-0.1971395448785608,0.06413730803974707,-0.0008540277563664038,0.004327479680140981,,
2026-09-08,2026-09-22T13:29:44.351620,asset_growth_dropped_2026-09-22,GM,0.20928587731429024,0.9778681120144534,0.0009047699996658785,0.004327479680140981,,
2026-09-08,2026-09-22T13:29:44.351620,asset_growth_dropped_2026-09-22,GME,-0.057841359691506576,0.2990063233965673,-0.00025121769048891114,0.004327479680140981,,
2026-09-08,2026-09-22T13:29:44.351620,asset_growth_dropped_2026-09-22,GMED,0.05241420002932534,0.6413730803974707,0.0002259110038255594,0.004327479680140981,,
2026-09-08,2026-09-22T13:29:44.351620,asset_growth_dropped_2026-09-22,GNL,0.14153977173710908,0.8915989159891599,0.0006116001043719414,0.004327479680140981,,
2026-09-08,2026-09-22T13:29:44.351620,asset_growth_dropped_2026-09-22,GNRC,0.02587747654780874,0.5551038843721771,0.00011107387218177626,0.004327479680140981,,
2026-09-08,2026-09-22T13:29:44.351620,asset_growth_dropped_2026-09-22,GNTX,0.0008237013766817236,0.46657633242999097,2.6541692179034703e-06,0.004327479680140981,,
2026-09-08,2026-09-22T13:29:44.351620,asset_growth_dropped_2026-09-22,GNW,0.08907079419245034,0.7502258355916892,0.0003845416702096574,0.004327479680140981,,
2026-09-08,2026-09-22T13:29:44.351620,asset_growth_dropped_2026-09-22,GO,-0.05845138757280665,0.2981029810298103,-0.0002538575737495567,0.004327479680140981,,
2026-09-08,2026-09-22T13:29:44.351620,asset_growth_dropped_2026-09-22,GOGO,-0.17775761357499442,0.08446251129177959,-0.0007701528424883319,0.004327479680140981,,
2026-09-08,2026-09-22T13:29:44.351620,asset_growth_dropped_2026-09-22,GOLF,0.0006206879587237341,0.46612466124661245,1.7756327768943021e-06,0.004327479680140981,,
2026-09-08,2026-09-22T13:29:44.351620,asset_growth_dropped_2026-09-22,GOOGL,0.11021477874343932,0.8107497741644083,0.000476041833711277,0.004327479680140981,,
2026-09-08,2026-09-22T13:29:44.351620,asset_growth_dropped_2026-09-22,GPC,0.08633550722051653,0.7425474254742548,0.00037270477141925943,0.004327479680140981,,
2026-09-08,2026-09-22T13:29:44.351620,asset_growth_dropped_2026-09-22,GPCR,-0.2669414293912778,0.024390243902439025,-0.001156093993230734,0.004327479680140981,,
2026-09-08,2026-09-22T13:29:44.351620,asset_growth_dropped_2026-09-22,GPGI,-0.29951357783213345,0.014001806684733513,-0.0012970493037470726,0.004327479680140981,,
2026-09-08,2026-09-22T13:29:44.351620,asset_growth_dropped_2026-09-22,GPI,-0.026274491142346756,0.3825654923215899,-0.00011461270827674064,0.004327479680140981,,
2026-09-08,2026-09-22T13:29:44.351620,asset_growth_dropped_2026-09-22,GPK,-0.12166482985361027,0.16169828364950317,-0.0005274124607314991,0.004327479680140981,,
2026-09-08,2026-09-22T13:29:44.351620,asset_growth_dropped_2026-09-22,GPN,-0.064579455276316,0.2836495031616983,-0.00028037666221502163,0.004327479680140981,,
2026-09-08,2026-09-22T13:29:44.351620,asset_growth_dropped_2026-09-22,GPOR,0.08954425738329799,0.7533875338753387,0.0003865905725473453,0.004327479680140981,,
2026-09-08,2026-09-22T13:29:44.351620,asset_growth_dropped_2026-09-22,GPRE,-0.07831834250139831,0.24616079494128273,-0.0003398314175093138,0.004327479680140981,,
2026-09-08,2026-09-22T13:29:44.351620,asset_growth_dropped_2026-09-22,GPRO,-0.11356209040283227,0.17434507678410116,-0.0004923480204047806,0.004327479680140981,,
2026-09-08,2026-09-22T13:29:44.351620,asset_growth_dropped_2026-09-22,GRAL,-0.24187434295954305,0.03342366757000903,-0.0010476166860570642,0.004327479680140981,,
2026-09-08,2026-09-22T13:29:44.351620,asset_growth_dropped_2026-09-22,GRBK,-0.012365192573167157,0.4218608852755194,-5.442050135360189e-05,0.004327479680140981,,
2026-09-08,2026-09-22T13:29:44.351620,asset_growth_dropped_2026-09-22,GRC,0.14536627263243368,0.9015356820234869,0.0006281592092424999,0.004327479680140981,,
2026-09-08,2026-09-22T13:29:44.351620,asset_growth_dropped_2026-09-22,GRDN,0.10348892560642549,0.7908762420957542,0.0004469358409292372,0.004327479680140981,,
2026-09-08,2026-09-22T13:29:44.351620,asset_growth_dropped_2026-09-22,GRMN,0.06923045218156357,0.6973803071364046,0.00029868299331049737,0.004327479680140981,,
2026-09-08,2026-09-22T13:29:44.351620,asset_growth_dropped_2026-09-22,GRND,0.1415410929949497,0.8920505871725384,0.000611605822088399,0.004327479680140981,,
2026-09-08,2026-09-22T13:29:44.351620,asset_growth_dropped_2026-09-22,GRPN,-0.04957329749677607,0.3188798554652213,-0.00021543781934707304,0.004327479680140981,,
2026-09-08,2026-09-22T13:29:44.351620,asset_growth_dropped_2026-09-22,GS,0.044212410593754206,0.6178861788617886,0.00019041792670233034,0.004327479680140981,,
2026-09-08,2026-09-22T13:29:44.351620,asset_growth_dropped_2026-09-22,GSAT,0.14132580690755167,0.8902439024390244,0.0006106741759197669,0.004327479680140981,,
2026-09-08,2026-09-22T13:29:44.351620,asset_growth_dropped_2026-09-22,GSBD,-0.028339636938849444,0.37624209575429085,-0.00012354958474763457,0.004327479680140981,,
2026-09-08,2026-09-22T13:29:44.351620,asset_growth_dropped_2026-09-22,GSHD,0.08690892075184448,0.7443541102077688,0.00037518620682439903,0.004327479680140981,,
2026-09-08,2026-09-22T13:29:44.351620,asset_growth_dropped_2026-09-22,GT,-0.05851673851449913,0.2967479674796748,-0.00025414037862180896,0.004327479680140981,,
2026-09-08,2026-09-22T13:29:44.351620,asset_growth_dropped_2026-09-22,GTES,0.04142806729853553,0.6084010840108401,0.00017836873766973474,0.004327479680140981,,
2026-09-08,2026-09-22T13:29:44.351620,asset_growth_dropped_2026-09-22,GTLB,0.04869110050004796,0.6323396567299007,0.0002097993662654691,0.004327479680140981,,
2026-09-08,2026-09-22T13:29:44.351620,asset_growth_dropped_2026-09-22,GTM,-0.07281910741831177,0.2601626016260163,-0.00031603358943093837,0.004327479680140981,,
2026-09-08,2026-09-22T13:29:44.351620,asset_growth_dropped_2026-09-22,GTN,-0.1702560075925481,0.09349593495934959,-0.0007376897950308715,0.004327479680140981,,
2026-09-08,2026-09-22T13:29:44.351620,asset_growth_dropped_2026-09-22,GTX,0.22638641019714412,0.987353206865402,0.0009787722082360113,0.004327479680140981,,
2026-09-08,2026-09-22T13:29:44.351620,asset_growth_dropped_2026-09-22,GTY,-0.030934238886752646,0.36675700090334235,-0.0001347776719552399,0.004327479680140981,,
2026-09-08,2026-09-22T13:29:44.351620,asset_growth_dropped_2026-09-22,GVA,-0.024768785512530915,0.3861788617886179,-0.0001080967977594387,0.004327479680140981,,
2026-09-08,2026-09-22T13:29:44.351620,asset_growth_dropped_2026-09-22,GWRE,0.004288455057546922,0.480126467931346,1.7647820368541286e-05,0.004327479680140981,,
2026-09-08,2026-09-22T13:29:44.351620,asset_growth_dropped_2026-09-22,GWW,0.21532113806113656,0.980126467931346,0.0009308874679122085,0.004327479680140981,,
2026-09-08,2026-09-22T13:29:44.351620,asset_growth_dropped_2026-09-22,GXO,-0.06393619416193189,0.2845528455284553,-0.0002775929628134995,0.004327479680140981,,
2026-09-08,2026-09-22T13:29:44.351620,asset_growth_dropped_2026-09-22,H,-0.016494840451161473,0.40966576332429994,-7.229146863175961e-05,0.004327479680140981,,
2026-09-08,2026-09-22T13:29:44.351620,asset_growth_dropped_2026-09-22,HAE,0.20118783145552022,0.9706413730803974,0.0008697258707632014,0.004327479680140981,,
2026-09-08,2026-09-22T13:29:44.351620,asset_growth_dropped_2026-09-22,HAL,0.1730159428437545,0.9372177055103884,0.0007478125952445901,0.004327479680140981,,
2026-09-08,2026-09-22T13:29:44.351620,asset_growth_dropped_2026-09-22,HALO,0.2028369681287393,0.9733514001806685,0.0008768624762063324,0.004327479680140981,,
2026-09-08,2026-09-22T13:29:44.351620,asset_growth_dropped_2026-09-22,HAPN,-0.061679828266300155,0.29132791327913277,-0.0002678285852491901,0.004327479680140981,,
2026-09-08,2026-09-22T13:29:44.351620,asset_growth_dropped_2026-09-22,HAS,0.14100003846711326,0.8884372177055104,0.0006092644196133384,0.004327479680140981,,
2026-09-08,2026-09-22T13:29:44.351620,asset_growth_dropped_2026-09-22,HASI,-0.11632743016268418,0.17073170731707318,-0.0005043149720242257,0.004327479680140981,,
2026-09-08,2026-09-22T13:29:44.351620,asset_growth_dropped_2026-09-22,HAWK,-0.06278459869526634,0.28771454381210476,-0.00027260945683176186,0.004327479680140981,,
2026-09-08,2026-09-22T13:29:44.351620,asset_growth_dropped_2026-09-22,HAYW,0.04737974947435934,0.6282746160794941,0.00020412452134826954,0.004327479680140981,,
2026-09-08,2026-09-22T13:29:44.351620,asset_growth_dropped_2026-09-22,HBAN,-0.0188709689195903,0.4033423667570009,-8.257411629628989e-05,0.004327479680140981,,
2026-09-08,2026-09-22T13:29:44.351620,asset_growth_dropped_2026-09-22,HCA,0.12153722135088907,0.8378500451671184,0.0005250394740245782,0.004327479680140981,,
2026-09-08,2026-09-22T13:29:44.351620,asset_growth_dropped_2026-09-22,HCC,0.03225623456016642,0.5794941282746161,0.00013867781786479062,0.004327479680140981,,
2026-09-08,2026-09-22T13:29:44.351620,asset_growth_dropped_2026-09-22,HCI,0.1367517571906859,0.8775971093044264,0.0005908800687140758,0.004327479680140981,,
2026-09-08,2026-09-22T13:29:44.351620,asset_growth_dropped_2026-09-22,HCSG,0.25230948916677365,0.9941282746160794,0.001090953805723773,0.004327479680140981,,
2026-09-08,2026-09-22T13:29:44.351620,asset_growth_dropped_2026-09-22,HD,-0.03093689483334653,0.3663053297199639,-0.00013478916551015646,0.004327479680140981,,
2026-09-08,2026-09-22T13:29:44.351620,asset_growth_dropped_2026-09-22,HE,-0.13957795804705747,0.13008130081300814,-0.0006049311589964025,0.004327479680140981,,
2026-09-08,2026-09-22T13:29:44.351620,asset_growth_dropped_2026-09-22,HEI,-0.0762742809287853,0.2506775067750677,-0.00033098578258887397,0.004327479680140981,,
2026-09-08,2026-09-22T13:29:44.351620,asset_growth_dropped_2026-09-22,HELE,0.10889894896988571,0.8084914182475158,0.0004703476071036992,0.004327479680140981,,
2026-09-08,2026-09-22T13:29:44.351620,asset_growth_dropped_2026-09-22,HESM,0.19910866667813232,0.9688346883468835,0.0008607283274373904,0.004327479680140981,,
2026-09-08,2026-09-22T13:29:44.351620,asset_growth_dropped_2026-09-22,HG,0.14137365891764964,0.8906955736224029,0.0006108812545211198,0.004327479680140981,,
2026-09-08,2026-09-22T13:29:44.351620,asset_growth_dropped_2026-09-22,HGTY,0.09580326346035539,0.7710027100271003,0.00041367629416369007,0.004327479680140981,,
2026-09-08,2026-09-22T13:29:44.351620,asset_growth_dropped_2026-09-22,HGV,0.017132421348246975,0.5230352303523035,7.32298235039615e-05,0.004327479680140981,,
2026-09-08,2026-09-22T13:29:44.351620,asset_growth_dropped_2026-09-22,HHH,-0.17820791756673493,0.08355916892502259,-0.0007721015238624753,0.004327479680140981,,
2026-09-08,2026-09-22T13:29:44.351620,asset_growth_dropped_2026-09-22,HIG,0.18160824404041565,0.9516711833785004,0.0007849956040787923,0.004327479680140981,,
2026-09-08,2026-09-22T13:29:44.351620,asset_growth_dropped_2026-09-22,HII,0.03086408346708113,0.5763324299909666,0.00013265331229777796,0.004327479680140981,,
2026-09-08,2026-09-22T13:29:44.351620,asset_growth_dropped_2026-09-22,HIMS,-0.1272929854801934,0.15176151761517614,-0.0005517681898422088,0.004327479680140981,,
2026-09-08,2026-09-22T13:29:44.351620,asset_growth_dropped_2026-09-22,HIW,-0.04487828239336218,0.32926829268292684,-0.00019512023688909446,0.004327479680140981,,
2026-09-08,2026-09-22T13:29:44.351620,asset_growth_dropped_2026-09-22,HL,0.05701662084664366,0.6553748870822041,0.0002458278863919623,0.004327479680140981,,
2026-09-08,2026-09-22T13:29:44.351620,asset_growth_dropped_2026-09-22,HLF,-0.026690003767025433,0.3821138211382114,-0.00011641083071687965,0.004327479680140981,,
2026-09-08,2026-09-22T13:29:44.351620,asset_growth_dropped_2026-09-22,HLI,0.07425359218422159,0.7104787714543812,0.0003204205296025033,0.004327479680140981,,
2026-09-08,2026-09-22T13:29:44.351620,asset_growth_dropped_2026-09-22,HLIO,0.10794954973943628,0.8062330623306233,0.0004662391012255879,0.004327479680140981,,
2026-09-08,2026-09-22T13:29:44.351620,asset_growth_dropped_2026-09-22,HLIT,0.12180379394807385,0.8383017163504969,0.0005261930615221778,0.004327479680140981,,
2026-09-08,2026-09-22T13:29:44.351620,asset_growth_dropped_2026-09-22,HLMN,0.018064395504430654,0.528003613369467,7.72629227272629e-05,0.004327479680140981,,
2026-09-08,2026-09-22T13:29:44.351620,asset_growth_dropped_2026-09-22,HLNE,-0.017350398454153655,0.4074074074074074,-7.599387850489028e-05,0.004327479680140981,,
2026-09-08,2026-09-22T13:29:44.351620,asset_growth_dropped_2026-09-22,HLT,0.21143042416899582,0.979223125564589,0.0009140504826027271,0.004327479680140981,,
2026-09-08,2026-09-22T13:29:44.351620,asset_growth_dropped_2026-09-22,HMN,0.01083625254217585,0.5040650406504065,4.59832809329512e-05,0.004327479680140981,,
2026-09-08,2026-09-22T13:29:44.351620,asset_growth_dropped_2026-09-22,HNGE,0.17577474821130284,0.9408310749774165,0.0007597512694141195,0.004327479680140981,,
2026-09-08,2026-09-22T13:29:44.351620,asset_growth_dropped_2026-09-22,HNI,-0.05106137755842631,0.3148148148148148,-0.0002218774555762874,0.004327479680140981,,
2026-09-08,2026-09-22T13:29:44.351620,asset_growth_dropped_2026-09-22,HNST,0.2115762831589439,0.9796747967479674,0.0009146816844178933,0.004327479680140981,,
2026-09-08,2026-09-22T13:29:44.351620,asset_growth_dropped_2026-09-22,HOG,-0.013121634526284343,0.4196025293586269,-5.7693988534922666e-05,0.004327479680140981,,
2026-09-08,2026-09-22T13:29:44.351620,asset_growth_dropped_2026-09-22,HOMB,-0.04915744956333344,0.31978319783197834,-0.00021363824586507146,0.004327479680140981,,
2026-09-08,2026-09-22T13:29:44.351620,asset_growth_dropped_2026-09-22,HON,-0.084450574691498,0.23125564588979222,-0.0003663685277058766,0.004327479680140981,,
2026-09-08,2026-09-22T13:29:44.351620,asset_growth_dropped_2026-09-22,HONA,0.3128520100802188,0.999096657633243,0.0013529503347612173,0.004327479680140981,,
2026-09-08,2026-09-22T13:29:44.351620,asset_growth_dropped_2026-09-22,HOOD,-0.0934510829735446,0.21318879855465223,-0.0004053180444073739,0.004327479680140981,,
2026-09-08,2026-09-22T13:29:44.351620,asset_growth_dropped_2026-09-22,HOPE,0.004580161333259017,0.48148148148148145,1.8910173349254978e-05,0.004327479680140981,,
2026-09-08,2026-09-22T13:29:44.351620,asset_growth_dropped_2026-09-22,HOS,0.06068647723324948,0.6684733514001807,0.00026170911533403453,0.004327479680140981,,
2026-09-08,2026-09-22T13:29:44.351620,asset_growth_dropped_2026-09-22,HOV,-0.13183594201083965,0.14137308039747065,-0.0005714277419163442,0.004327479680140981,,
2026-09-08,2026-09-22T13:29:44.351620,asset_growth_dropped_2026-09-22,HP,0.031249155183989893,0.5772357723577236,0.00013431970232809763,0.004327479680140981,,
2026-09-08,2026-09-22T13:29:44.351620,asset_growth_dropped_2026-09-22,HPE,-0.01024545306480102,0.4281842818428184,-4.52473717039554e-05,0.004327479680140981,,
2026-09-08,2026-09-22T13:29:44.351620,asset_growth_dropped_2026-09-22,HPK,-0.023658845180501056,0.3879855465221319,-0.00010329355352641055,0.004327479680140981,,
2026-09-08,2026-09-22T13:29:44.351620,asset_growth_dropped_2026-09-22,HPP,-0.18743977326012096,0.07542908762420958,-0.0008120521917855971,0.004327479680140981,,
2026-09-08,2026-09-22T13:29:44.351620,asset_growth_dropped_2026-09-22,HPQ,-0.02100126477390974,0.3961156278229449,-9.179292831854582e-05,0.004327479680140981,,
2026-09-08,2026-09-22T13:29:44.351620,asset_growth_dropped_2026-09-22,HQY,0.03370785297567367,0.5822041553748871,0.00014495966706121668,0.004327479680140981,,
2026-09-08,2026-09-22T13:29:44.351620,asset_growth_dropped_2026-09-22,HR,0.11933708357803856,0.8333333333333334,0.000515518422519057,0.004327479680140981,,
2026-09-08,2026-09-22T13:29:44.351620,asset_growth_dropped_2026-09-22,HRB,0.016603936062612873,0.521680216802168,7.094281416912642e-05,0.004327479680140981,,
2026-09-08,2026-09-22T13:29:44.351620,asset_growth_dropped_2026-09-22,HRI,0.009214028071934471,0.4968383017163505,3.896313750135417e-05,0.004327479680140981,,
2026-09-08,2026-09-22T13:29:44.351620,asset_growth_dropped_2026-09-22,HRL,-0.11582096947272524,0.17299006323396568,-0.0005021232736796382,0.004327479680140981,,
2026-09-08,2026-09-22T13:29:44.351620,asset_growth_dropped_2026-09-22,HRMY,0.12457569437340865,0.8468834688346883,0.0005381884042881883,0.004327479680140981,,
2026-09-08,2026-09-22T13:29:44.351620,asset_growth_dropped_2026-09-22,HROW,-0.0705346238922284,0.26558265582655827,-0.0003061475333921958,0.004327479680140981,,
2026-09-08,2026-09-22T13:29:44.351620,asset_growth_dropped_2026-09-22,HSIC,0.20071171146438338,0.9701897018970189,0.0008676654711762479,0.004327479680140981,,
2026-09-08,2026-09-22T13:29:44.351620,asset_growth_dropped_2026-09-22,HST,0.0582207321622918,0.6616982836495031,0.0002510386536430574,0.004327479680140981,,
2026-09-08,2026-09-22T13:29:44.351620,asset_growth_dropped_2026-09-22,HSY,0.05543783014060292,0.6513098464317977,0.00023899570169237552,0.004327479680140981,,
2026-09-08,2026-09-22T13:29:44.351620,asset_growth_dropped_2026-09-22,HTFL,-0.021748216661792136,0.3925022583559169,-9.502534743539983e-05,0.004327479680140981,,
2026-09-08,2026-09-22T13:29:44.351620,asset_growth_dropped_2026-09-22,HTGC,-0.06209826156633751,0.2895212285456188,-0.0002696393468525961,0.004327479680140981,,
2026-09-08,2026-09-22T13:29:44.351620,asset_growth_dropped_2026-09-22,HTH,0.07806975962435117,0.7226738934056007,0.0003369349166556797,0.004327479680140981,,
2026-09-08,2026-09-22T13:29:44.351620,asset_growth_dropped_2026-09-22,HTLD,0.09620974466440449,0.7719060523938572,0.0004154353333145718,0.004327479680140981,,
2026-09-08,2026-09-22T13:29:44.351620,asset_growth_dropped_2026-09-22,HTO,0.010391135886223035,0.502710027100271,4.405704764902309e-05,0.004327479680140981,,
2026-09-08,2026-09-22T13:29:44.351620,asset_growth_dropped_2026-09-22,HTZ,-0.16904512347261952,0.0966576332429991,-0.0007324497186068751,0.004327479680140981,,
2026-09-08,2026-09-22T13:29:44.351620,asset_growth_dropped_2026-09-22,HUBB,0.013645129044339038,0.514453477868112,5.813863692008787e-05,0.004327479680140981,,
2026-09-08,2026-09-22T13:29:44.351620,asset_growth_dropped_2026-09-22,HUBG,0.1050235166618459,0.7953929539295393,0.0004535767525388951,0.004327479680140981,,
2026-09-08,2026-09-22T13:29:44.351620,asset_growth_dropped_2026-09-22,HUBS,0.05468628957833825,0.6495031616982837,0.00023574342518037345,0.004327479680140981,,
2026-09-08,2026-09-22T13:29:44.351620,asset_growth_dropped_2026-09-22,HUM,0.11605702485249036,0.8252032520325203,0.0005013240350345781,0.004327479680140981,,
2026-09-08,2026-09-22T13:29:44.351620,asset_growth_dropped_2026-09-22,HUN,-0.15903840618274054,0.10569105691056911,-0.0006891458528700084,0.004327479680140981,,
2026-09-08,2026-09-22T13:29:44.351620,asset_growth_dropped_2026-09-22,HURN,0.11120955345034492,0.8148148148148148,0.00048034670104172916,0.004327479680140981,,
2026-09-08,2026-09-22T13:29:44.351620,asset_growth_dropped_2026-09-22,HUT,-0.1179007302872669,0.16757000903342367,-0.0005111233963441207,0.004327479680140981,,
2026-09-08,2026-09-22T13:29:44.351620,asset_growth_dropped_2026-09-22,HWC,0.027859980005274232,0.5682023486901535,0.00011965311560976742,0.004327479680140981,,
2026-09-08,2026-09-22T13:29:44.351620,asset_growth_dropped_2026-09-22,HWKN,-0.0468458824238928,0.3252032520325203,-0.00020363498603986048,0.004327479680140981,,
2026-09-08,2026-09-22T13:29:44.351620,asset_growth_dropped_2026-09-22,HWM,0.09383379548312826,0.7646793134598012,0.0004051534615115513,0.004327479680140981,,
2026-09-08,2026-09-22T13:29:44.351620,asset_growth_dropped_2026-09-22,HXL,0.1494649530857447,0.9074074074074074,0.0006458961656195944,0.004327479680140981,,
2026-09-08,2026-09-22T13:29:44.351620,asset_growth_dropped_2026-09-22,HYLN,-0.16449565567782376,0.0998193315266486,-0.0007127619891694406,0.004327479680140981,,
2026-09-08,2026-09-22T13:29:44.351620,asset_growth_dropped_2026-09-22,HYMC,-0.22965639241051614,0.04065040650406504,-0.0009947437533231829,0.004327479680140981,,
2026-09-08,2026-09-22T13:29:44.351620,asset_growth_dropped_2026-09-22,IART,0.02064106107096942,0.5411020776874436,8.841339060897836e-05,0.004327479680140981,,
2026-09-08,2026-09-22T13:29:44.351620,asset_growth_dropped_2026-09-22,IBKR,0.05936415572748846,0.6639566395663956,0.0002559867958872403,0.004327479680140981,,
2026-09-08,2026-09-22T13:29:44.351620,asset_growth_dropped_2026-09-22,IBM,-0.05491965182871063,0.3080397470641373,-0.00023857405908135358,0.004327479680140981,,
2026-09-08,2026-09-22T13:29:44.351620,asset_growth_dropped_2026-09-22,IBOC,-0.034574320706155744,0.3581752484191509,-0.0001505300520627574,0.004327479680140981,,
2026-09-08,2026-09-22T13:29:44.351620,asset_growth_dropped_2026-09-22,IBP,0.0025603635280968817,0.4751580849141825,1.0169539389422488e-05,0.004327479680140981,,
2026-09-08,2026-09-22T13:29:44.351620,asset_growth_dropped_2026-09-22,IBRX,-0.08857282560467689,0.2204155374887082,-0.00038420748476910085,0.004327479680140981,,
2026-09-08,2026-09-22T13:29:44.351620,asset_growth_dropped_2026-09-22,IBTA,0.11491894267073637,0.8224932249322493,0.0004963990075187071,0.004327479680140981,,
2026-09-08,2026-09-22T13:29:44.351620,asset_growth_dropped_2026-09-22,ICE,0.05242755049307602,0.6418247515808492,0.00022596877768616091,0.004327479680140981,,
2026-09-08,2026-09-22T13:29:44.351620,asset_growth_dropped_2026-09-22,ICFI,0.09696611875167631,0.7741644083107497,0.0004187085268078258,0.004327479680140981,,
2026-09-08,2026-09-22T13:29:44.351620,asset_growth_dropped_2026-09-22,ICHR,-0.03953294337150789,0.34417344173441733,-0.0001719883908885553,0.004327479680140981,,
2026-09-08,2026-09-22T13:29:44.351620,asset_growth_dropped_2026-09-22,ICUI,0.02766290909978939,0.5668473351400181,0.0001188002952707348,0.004327479680140981,,
2026-09-08,2026-09-22T13:29:44.351620,asset_growth_dropped_2026-09-22,IDA,-0.04188153394672502,0.3369467028003613,-0.0001821518688797781,0.004327479680140981,,
2026-09-08,2026-09-22T13:29:44.351620,asset_growth_dropped_2026-09-22,IDCC,0.01939965972900439,0.532520325203252,8.304125152672495e-05,0.004327479680140981,,
2026-09-08,2026-09-22T13:29:44.351620,asset_growth_dropped_2026-09-22,IDXX,0.09460612104585037,0.7669376693766937,0.00040849568469068467,0.004327479680140981,,
2026-09-08,2026-09-22T13:29:44.351620,asset_growth_dropped_2026-09-22,IDYA,-0.059310016765664685,0.2940379403794038,-0.0002575732741344257,0.004327479680140981,,
2026-09-08,2026-09-22T13:29:44.351620,asset_growth_dropped_2026-09-22,IE,-0.2101924237128382,0.052845528455284556,-0.0009105138242890815,0.004327479680140981,,
2026-09-08,2026-09-22T13:29:44.351620,asset_growth_dropped_2026-09-22,IEP,-0.1833717215588446,0.07859078590785908,-0.0007944477807105608,0.004327479680140981,,
2026-09-08,2026-09-22T13:29:44.351620,asset_growth_dropped_2026-09-22,IESC,-0.05923829755735713,0.2944896115627823,-0.00025726291071779894,0.004327479680140981,,
2026-09-08,2026-09-22T13:29:44.351620,asset_growth_dropped_2026-09-22,IEX,0.21122630939232628,0.9787714543812105,0.0009131671800542732,0.004327479680140981,,
2026-09-08,2026-09-22T13:29:44.351620,asset_growth_dropped_2026-09-22,IFF,0.066941927880892,0.6901535682023487,0.00028877945090183233,0.004327479680140981,,
2026-09-08,2026-09-22T13:29:44.351620,asset_growth_dropped_2026-09-22,IHRT,-0.07470137496770872,0.25609756097560976,-0.00032417906400354244,0.004327479680140981,,
2026-09-08,2026-09-22T13:29:44.351620,asset_growth_dropped_2026-09-22,IIPR,-0.016078581983953615,0.4101174345076784,-7.049011857323097e-05,0.004327479680140981,,
2026-09-08,2026-09-22T13:29:44.351620,asset_growth_dropped_2026-09-22,ILMN,0.15006162849644702,0.9083107497741644,0.0006484782663350485,0.004327479680140981,,
2026-09-08,2026-09-22T13:29:44.351620,asset_growth_dropped_2026-09-22,IMAX,0.15309632215273788,0.9119241192411924,0.0006616108414680999,0.004327479680140981,,
2026-09-08,2026-09-22T13:29:44.351620,asset_growth_dropped_2026-09-22,IMCR,-0.09194047916157891,0.2163504968383017,-0.00039878093710634885,0.004327479680140981,,
2026-09-08,2026-09-22T13:29:44.351620,asset_growth_dropped_2026-09-22,IMNM,-0.1318135657143184,0.14182475158084915,-0.0005713309089478317,0.004327479680140981,,
2026-09-08,2026-09-22T13:29:44.351620,asset_growth_dropped_2026-09-22,IMSR,-0.3592158015481365,0.004516711833785004,-0.0015554094637373068,0.004327479680140981,,
2026-09-08,2026-09-22T13:29:44.351620,asset_growth_dropped_2026-09-22,IMVT,-0.08077542318591807,0.23983739837398374,-0.00035046438424403994,0.004327479680140981,,
2026-09-08,2026-09-22T13:29:44.351620,asset_growth_dropped_2026-09-22,INBX,-0.14753918076614642,0.12104787714543812,-0.0006393831885423366,0.004327479680140981,,
2026-09-08,2026-09-22T13:29:44.351620,asset_growth_dropped_2026-09-22,INCY,0.08809320162136061,0.7466124661246613,0.0003803111582228098,0.004327479680140981,,
2026-09-08,2026-09-22T13:29:44.351620,asset_growth_dropped_2026-09-22,INDB,0.023486339972317506,0.5465221318879856,0.00010072627723889606,0.004327479680140981,,
2026-09-08,2026-09-22T13:29:44.351620,asset_growth_dropped_2026-09-22,INDI,-0.23186098664476046,0.03839205058717254,-0.001004284090074831,0.004327479680140981,,
2026-09-08,2026-09-22T13:29:44.351620,asset_growth_dropped_2026-09-22,INFQ,-0.13890248908193176,0.13188798554652212,-0.0006020080807752551,0.004327479680140981,,
2026-09-08,2026-09-22T13:29:44.351620,asset_growth_dropped_2026-09-22,INGM,0.0737206005306957,0.7091237579042458,0.0003181140190521853,0.004327479680140981,,
2026-09-08,2026-09-22T13:29:44.351620,asset_growth_dropped_2026-09-22,INGR,-0.030739768300646737,0.3676603432700994,-0.00013393610444548145,0.004327479680140981,,
2026-09-08,2026-09-22T13:29:44.351620,asset_growth_dropped_2026-09-22,INNV,0.18871525004032702,0.9588979223125564,0.0008157510281300488,0.004327479680140981,,
2026-09-08,2026-09-22T13:29:44.351620,asset_growth_dropped_2026-09-22,INOD,-0.05723776046799927,0.3017163504968383,-0.0002486056271142344,0.004327479680140981,,
2026-09-08,2026-09-22T13:29:44.351620,asset_growth_dropped_2026-09-22,INSM,-0.021870108147017522,0.3920505871725384,-9.55528303608949e-05,0.004327479680140981,,
2026-09-08,2026-09-22T13:29:44.351620,asset_growth_dropped_2026-09-22,INSP,-0.09906874765226523,0.2009936766034327,-0.00042962837415438314,0.004327479680140981,,
2026-09-08,2026-09-22T13:29:44.351620,asset_growth_dropped_2026-09-22,INSW,0.04185882262558249,0.6088527551942186,0.00018023282259464296,0.004327479680140981,,
2026-09-08,2026-09-22T13:29:44.351620,asset_growth_dropped_2026-09-22,INTA,0.11465660580447287,0.8220415537488708,0.0004952637500606,0.004327479680140981,,
2026-09-08,2026-09-22T13:29:44.351620,asset_growth_dropped_2026-09-22,INTC,-0.04026088557693897,0.34010840108401086,-0.00017513854599087534,0.004327479680140981,,
2026-09-08,2026-09-22T13:29:44.351620,asset_growth_dropped_2026-09-22,INTU,0.061808998178436145,0.6707317073170732,0.0002665668019148625,0.004327479680140981,,
2026-09-08,2026-09-22T13:29:44.351620,asset_growth_dropped_2026-09-22,INVA,-0.11730031114846376,0.16937669376693767,-0.0005085250947213823,0.004327479680140981,,
2026-09-08,2026-09-22T13:29:44.351620,asset_growth_dropped_2026-09-22,INVH,0.12364722453076057,0.8428184281842819,0.0005341704699105051,0.004327479680140981,,
2026-09-08,2026-09-22T13:29:44.351620,asset_growth_dropped_2026-09-22,INVX,0.15364079210813547,0.9137308039747064,0.0006639670241365302,0.004327479680140981,,
2026-09-08,2026-09-22T13:29:44.351620,asset_growth_dropped_2026-09-22,IOND,0.25963010259190294,0.9959349593495935,0.0011226336115671874,0.004327479680140981,,
2026-09-08,2026-09-22T13:29:44.351620,asset_growth_dropped_2026-09-22,IONQ,-0.17969185971324902,0.08130081300813008,-0.0007785232533480198,0.004327479680140981,,
2026-09-08,2026-09-22T13:29:44.351620,asset_growth_dropped_2026-09-22,IONS,-0.1253634495814726,0.15537488708220415,-0.000543418162448392,0.004327479680140981,,
2026-09-08,2026-09-22T13:29:44.351620,asset_growth_dropped_2026-09-22,IOSP,0.14483402788169947,0.8997289972899729,0.0006258559308988359,0.004327479680140981,,
2026-09-08,2026-09-22T13:29:44.351620,asset_growth_dropped_2026-09-22,IOT,0.06099041187298349,0.6689250225835591,0.00026302438631157447,0.004327479680140981,,
2026-09-08,2026-09-22T13:29:44.351620,asset_growth_dropped_2026-09-22,IOVA,-0.022138649112766945,0.3911472448057814,-9.671493593346096e-05,0.004327479680140981,,
2026-09-08,2026-09-22T13:29:44.351620,asset_growth_dropped_2026-09-22,IP,-0.08704176437022063,0.22538392050587172,-0.0003775818483879398,0.004327479680140981,,
2026-09-08,2026-09-22T13:29:44.351620,asset_growth_dropped_2026-09-22,IPAR,0.04571229552961484,0.6237579042457091,0.00019690864828481679,0.004327479680140981,,
2026-09-08,2026-09-22T13:29:44.351620,asset_growth_dropped_2026-09-22,IPGP,-0.17679373901792694,0.08491418247515808,-0.0007659816949284174,0.004327479680140981,,
2026-09-08,2026-09-22T13:29:44.351620,asset_growth_dropped_2026-09-22,IPI,0.03759749990247701,0.5971093044263776,0.00016179203509988094,0.004327479680140981,,
2026-09-08,2026-09-22T13:29:44.351620,asset_growth_dropped_2026-09-22,IQV,0.1590914995849854,0.9200542005420054,0.0006875548499849908,0.004327479680140981,,
2026-09-08,2026-09-22T13:29:44.351620,asset_growth_dropped_2026-09-22,IR,0.06328541897487469,0.6743450767841012,0.0002729559829107879,0.004327479680140981,,
2026-09-08,2026-09-22T13:29:44.351620,asset_growth_dropped_2026-09-22,IRDM,0.1737899080614666,0.9390243902439024,0.0007511619139973752,0.004327479680140981,,
2026-09-08,2026-09-22T13:29:44.351620,asset_growth_dropped_2026-09-22,IRM,0.06304609554953,0.6734417344173442,0.00027192031565062704,0.004327479680140981,,
2026-09-08,2026-09-22T13:29:44.351620,asset_growth_dropped_2026-09-22,IRON,-0.1494221938512896,0.11878952122854562,-0.0006475318894057333,0.004327479680140981,,
2026-09-08,2026-09-22T13:29:44.351620,asset_growth_dropped_2026-09-22,IRT,0.023788206319731366,0.547877145438121,0.00010203259772344791,0.004327479680140981,,
2026-09-08,2026-09-22T13:29:44.351620,asset_growth_dropped_2026-09-22,IRTC,0.012548660397900438,0.509936766034327,5.339369113271314e-05,0.004327479680140981,,
2026-09-08,2026-09-22T13:29:44.351620,asset_growth_dropped_2026-09-22,IRWD,0.03465854083130102,0.5844625112917796,0.00014907374943860083,0.004327479680140981,,
2026-09-08,2026-09-22T13:29:44.351620,asset_growth_dropped_2026-09-22,ISRG,0.021072857848103102,0.5420054200542005,9.028198238797473e-05,0.004327479680140981,,
2026-09-08,2026-09-22T13:29:44.351620,asset_growth_dropped_2026-09-22,IT,0.03352588078808033,0.5817524841915086,0.0001441721861170557,0.004327479680140981,,
2026-09-08,2026-09-22T13:29:44.351620,asset_growth_dropped_2026-09-22,ITGR,0.17378018674374415,0.938572719060524,0.0007511198451924671,0.004327479680140981,,
2026-09-08,2026-09-22T13:29:44.351620,asset_growth_dropped_2026-09-22,ITRI,-0.0802088835211267,0.24119241192411925,-0.00034801269535666144,0.004327479680140981,,
2026-09-08,2026-09-22T13:29:44.351620,asset_growth_dropped_2026-09-22,ITT,-0.0179544842546496,0.4046973803071364,-7.860804753159818e-05,0.004327479680140981,,
2026-09-08,2026-09-22T13:29:44.351620,asset_growth_dropped_2026-09-22,ITW,0.10571546941871632,0.8003613369467028,0.00045657116403386935,0.004327479680140981,,
2026-09-08,2026-09-22T13:29:44.351620,asset_growth_dropped_2026-09-22,IVR,-0.1317022866759337,0.14272809394760613,-0.0005708493511703963,0.004327479680140981,,
2026-09-08,2026-09-22T13:29:44.351620,asset_growth_dropped_2026-09-22,IVT,0.0036307310982024027,0.477416440831075,1.4801533299336006e-05,0.004327479680140981,,
2026-09-08,2026-09-22T13:29:44.351620,asset_growth_dropped_2026-09-22,IVVD,-0.35033057059736944,0.005871725383920506,-0.0015169588073445026,0.004327479680140981,,
2026-09-08,2026-09-22T13:29:44.351620,asset_growth_dropped_2026-09-22,IVZ,0.21674365732516948,0.9814814814814815,0.00093704339112192,0.004327479680140981,,
2026-09-08,2026-09-22T13:29:44.351620,asset_growth_dropped_2026-09-22,J,0.027762052578957017,0.5677506775067751,0.00011922933666225117,0.004327479680140981,,
2026-09-08,2026-09-22T13:29:44.351620,asset_growth_dropped_2026-09-22,JACK,-0.1618644968211695,0.1020776874435411,-0.0007013757026820463,0.004327479680140981,,
2026-09-08,2026-09-22T13:29:44.351620,asset_growth_dropped_2026-09-22,JAN,0.10240773113243382,0.7877145438121048,0.0004422569938127575,0.004327479680140981,,
2026-09-08,2026-09-22T13:29:44.351620,asset_growth_dropped_2026-09-22,JANX,-0.2604732951465946,0.02710027100271003,-0.0011281032737184436,0.004327479680140981,,
2026-09-08,2026-09-22T13:29:44.351620,asset_growth_dropped_2026-09-22,JAZZ,0.16422939859497265,0.9281842818428184,0.0007097890035493271,0.004327479680140981,,
2026-09-08,2026-09-22T13:29:44.351620,asset_growth_dropped_2026-09-22,JBGS,-0.10862943692521704,0.1856368563685637,-0.00047100206271122395,0.004327479680140981,,
2026-09-08,2026-09-22T13:29:44.351620,asset_growth_dropped_2026-09-22,JBHT,0.30765594403613905,0.9986449864498645,0.0013304644645387917,0.004327479680140981,,
2026-09-08,2026-09-22T13:29:44.351620,asset_growth_dropped_2026-09-22,JBI,-0.01594141905156403,0.4105691056910569,-6.98965487704465e-05,0.004327479680140981,,
2026-09-08,2026-09-22T13:29:44.351620,asset_growth_dropped_2026-09-22,JBL,0.11908453176873078,0.8324299909665763,0.0005144255096960948,0.004327479680140981,,
2026-09-08,2026-09-22T13:29:44.351620,asset_growth_dropped_2026-09-22,JBLU,-0.017918561511289503,0.4051490514905149,-7.845259258965244e-05,0.004327479680140981,,
2026-09-08,2026-09-22T13:29:44.351620,asset_growth_dropped_2026-09-22,JBTM,-0.03900612742707611,0.3464317976513098,-0.00016970860559385254,0.004327479680140981,,
2026-09-08,2026-09-22T13:29:44.351620,asset_growth_dropped_2026-09-22,JCI,0.0973183576513601,0.7746160794941283,0.0004202328334887626,0.004327479680140981,,
2026-09-08,2026-09-22T13:29:44.351620,asset_growth_dropped_2026-09-22,JEF,-0.07490164512641337,0.25474254742547425,-0.0003250457290458754,0.004327479680140981,,
2026-09-08,2026-09-22T13:29:44.351620,asset_growth_dropped_2026-09-22,JELD,-0.15042416887669835,0.11653116531165311,-0.0006518679159681984,0.004327479680140981,,
2026-09-08,2026-09-22T13:29:44.351620,asset_growth_dropped_2026-09-22,JJSF,0.03046866046642062,0.5745257452574526,0.00013094212729735923,0.004327479680140981,,
2026-09-08,2026-09-22T13:29:44.351620,asset_growth_dropped_2026-09-22,JKHY,0.05225751987302905,0.6400180668473351,0.00022523297363290587,0.004327479680140981,,
2026-09-08,2026-09-22T13:29:44.351620,asset_growth_dropped_2026-09-22,JLL,0.15308406836911184,0.9114724480578139,0.0006615578134684533,0.004327479680140981,,
2026-09-08,2026-09-22T13:29:44.351620,asset_growth_dropped_2026-09-22,JMKE,0.44096731612904017,1.0,0.001907366718402535,0.004327479680140981,,
2026-09-08,2026-09-22T13:29:44.351620,asset_growth_dropped_2026-09-22,JNJ,0.184131044687825,0.9543812104787714,0.0007959129726175029,0.004327479680140981,,
2026-09-08,2026-09-22T13:29:44.351620,asset_growth_dropped_2026-09-22,JOBY,-0.18604929375430204,0.07768744354110207,-0.0008060349199785134,0.004327479680140981,,
2026-09-08,2026-09-22T13:29:44.351620,asset_growth_dropped_2026-09-22,JOE,0.12617191970084968,0.8518518518518519,0.0005450960369576157,0.004327479680140981,,
2026-09-08,2026-09-22T13:29:44.351620,asset_growth_dropped_2026-09-22,JPM,0.061469602592777006,0.6698283649503162,0.000265098074414393,0.004327479680140981,,
2026-09-08,2026-09-22T13:29:44.351620,asset_growth_dropped_2026-09-22,JXN,0.04410198763453252,0.6174345076784101,0.00018994007359007746,0.004327479680140981,,
2026-09-08,2026-09-22T13:29:44.351620,asset_growth_dropped_2026-09-22,KAI,-0.0355507728804074,0.35501355013550134,-0.00015475562900546094,0.004327479680140981,,
2026-09-08,2026-09-22T13:29:44.351620,asset_growth_dropped_2026-09-22,KALU,0.020063959867643893,0.5347786811201445,8.591599687820224e-05,0.004327479680140981,,
2026-09-08,2026-09-22T13:29:44.351620,asset_growth_dropped_2026-09-22,KARD,-0.06862112586489612,0.27100271002710025,-0.0002978669095609255,0.004327479680140981,,
2026-09-08,2026-09-22T13:29:44.351620,asset_growth_dropped_2026-09-22,KBH,-0.057145173454285964,0.3021680216802168,-0.0002482049586937452,0.004327479680140981,,
2026-09-08,2026-09-22T13:29:44.351620,asset_growth_dropped_2026-09-22,KBR,-0.057818868062886566,0.2994579945799458,-0.0002511203584230848,0.004327479680140981,,
2026-09-08,2026-09-22T13:29:44.351620,asset_growth_dropped_2026-09-22,KD,-0.07624970219053703,0.25112917795844625,-0.0003308794185985411,0.004327479680140981,,
2026-09-08,2026-09-22T13:29:44.351620,asset_growth_dropped_2026-09-22,KDK,-0.27567391901959437,0.022131887985546522,-0.001193883664654316,0.004327479680140981,,
2026-09-08,2026-09-22T13:29:44.351620,asset_growth_dropped_2026-09-22,KDP,0.03630870931722603,0.5916892502258356,0.00015621482003025033,0.004327479680140981,,
2026-09-08,2026-09-22T13:29:44.351620,asset_growth_dropped_2026-09-22,KEX,0.14353274970889598,0.8965672990063234,0.0006202246760478178,0.004327479680140981,,
2026-09-08,2026-09-22T13:29:44.351620,asset_growth_dropped_2026-09-22,KEY,0.06530812377665549,0.6847335140018067,0.00028170919683941786,0.004327479680140981,,
2026-09-08,2026-09-22T13:29:44.351620,asset_growth_dropped_2026-09-22,KEYS,0.07677193412359651,0.7186088527551943,0.00033131860317279506,0.004327479680140981,,
2026-09-08,2026-09-22T13:29:44.351620,asset_growth_dropped_2026-09-22,KFY,0.16821933906651027,0.9322493224932249,0.0007270553898648782,0.004327479680140981,,
2026-09-08,2026-09-22T13:29:44.351620,asset_growth_dropped_2026-09-22,KGS,-0.015744342188277118,0.41192411924119243,-6.904370264914646e-05,0.004327479680140981,,
2026-09-08,2026-09-22T13:29:44.351620,asset_growth_dropped_2026-09-22,KHC,0.0636516456862746,0.6761517615176151,0.00027454082156269584,0.004327479680140981,,
2026-09-08,2026-09-22T13:29:44.351620,asset_growth_dropped_2026-09-22,KIM,0.039040402672312915,0.6020776874435411,0.00016803616751676496,0.004327479680140981,,
2026-09-08,2026-09-22T13:29:44.351620,asset_growth_dropped_2026-09-22,KKR,-0.1569510916557297,0.10840108401084012,-0.0006801130416683059,0.004327479680140981,,
2026-09-08,2026-09-22T13:29:44.351620,asset_growth_dropped_2026-09-22,KLAC,0.03626144011663064,0.5907859078590786,0.00015601026352517728,0.004327479680140981,,
2026-09-08,2026-09-22T13:29:44.351620,asset_growth_dropped_2026-09-22,KLC,-0.1701194827579878,0.0939476061427281,-0.0007370989865834771,0.004327479680140981,,
2026-09-08,2026-09-22T13:29:44.351620,asset_growth_dropped_2026-09-22,KLIC,0.0032357312787192824,0.4760614272809395,1.3092179606863447e-05,0.004327479680140981,,
2026-09-08,2026-09-22T13:29:44.351620,asset_growth_dropped_2026-09-22,KLRA,-0.20691972484280732,0.056910569105691054,-0.0008963512864298026,0.004327479680140981,,
2026-09-08,2026-09-22T13:29:44.351620,asset_growth_dropped_2026-09-22,KMB,-0.013666452363769392,0.41779584462511293,-6.0051676656017565e-05,0.004327479680140981,,
2026-09-08,2026-09-22T13:29:44.351620,asset_growth_dropped_2026-09-22,KMI,0.10059348085061921,0.7836495031616982,0.0004344058625835147,0.004327479680140981,,
2026-09-08,2026-09-22T13:29:44.351620,asset_growth_dropped_2026-09-22,KMPR,-0.1477093398907375,0.12059620596205962,-0.0006401195486963952,0.004327479680140981,,
2026-09-08,2026-09-22T13:29:44.351620,asset_growth_dropped_2026-09-22,KMT,0.016049840767663713,0.519873532068654,6.85449780393722e-05,0.004327479680140981,,
2026-09-08,2026-09-22T13:29:44.351620,asset_growth_dropped_2026-09-22,KMX,0.07461601464495454,0.7131887985546522,0.00032198890543695186,0.004327479680140981,,
2026-09-08,2026-09-22T13:29:44.351620,asset_growth_dropped_2026-09-22,KN,0.08167318326563713,0.7299006323396567,0.0003525286592422843,0.004327479680140981,,
2026-09-08,2026-09-22T13:29:44.351620,asset_growth_dropped_2026-09-22,KNF,-0.09797770544901835,0.2023486901535682,-0.000424906911189656,0.004327479680140981,,
2026-09-08,2026-09-22T13:29:44.351620,asset_growth_dropped_2026-09-22,KNSA,0.1072843395131735,0.8053297199638663,0.00046336041748841364,0.004327479680140981,,
2026-09-08,2026-09-22T13:29:44.351620,asset_growth_dropped_2026-09-22,KNSL,0.007433559528252198,0.490063233965673,3.1258196057438924e-05,0.004327479680140981,,
2026-09-08,2026-09-22T13:29:44.351620,asset_growth_dropped_2026-09-22,KNTK,0.04980994931345012,0.6359530261969286,0.00021464116177061677,0.004327479680140981,,
2026-09-08,2026-09-22T13:29:44.351620,asset_growth_dropped_2026-09-22,KNX,0.19669060644845915,0.9670280036133695,0.0008502642209281228,0.004327479680140981,,
2026-09-08,2026-09-22T13:29:44.351620,asset_growth_dropped_2026-09-22,KO,0.17768975019478123,0.9453477868112015,0.0007680384015850519,0.004327479680140981,,
2026-09-08,2026-09-22T13:29:44.351620,asset_growth_dropped_2026-09-22,KOD,-0.14266488354142012,0.12646793134598014,-0.0006182897663473659,0.004327479680140981,,
2026-09-08,2026-09-22T13:29:44.351620,asset_growth_dropped_2026-09-22,KOS,0.047729363985240296,0.6300813008130082,0.0002056374710399893,0.004327479680140981,,
2026-09-08,2026-09-22T13:29:44.351620,asset_growth_dropped_2026-09-22,KR,0.1847742059671638,0.9552845528455285,0.0007986962399848949,0.004327479680140981,,
2026-09-08,2026-09-22T13:29:44.351620,asset_growth_dropped_2026-09-22,KRC,-0.025406729403646293,0.38346883468834686,-0.00011085748698531057,0.004327479680140981,,
2026-09-08,2026-09-22T13:29:44.351620,asset_growth_dropped_2026-09-22,KRG,0.11851092046576847,0.8306233062330624,0.0005119432184382262,0.004327479680140981,,
2026-09-08,2026-09-22T13:29:44.351620,asset_growth_dropped_2026-09-22,KRMN,-0.22289076562816743,0.044715447154471545,-0.0009654656408991512,0.004327479680140981,,
2026-09-08,2026-09-22T13:29:44.351620,asset_growth_dropped_2026-09-22,KRO,0.07262929472663386,0.7059620596205962,0.00031339141536028777,0.004327479680140981,,
2026-09-08,2026-09-22T13:29:44.351620,asset_growth_dropped_2026-09-22,KROS,0.025625847334415586,0.5546522131887985,0.00010998495187388753,0.004327479680140981,,
2026-09-08,2026-09-22T13:29:44.351620,asset_growth_dropped_2026-09-22,KRYS,-0.017234380904150207,0.4083107497741644,-7.549181491471061e-05,0.004327479680140981,,
2026-09-08,2026-09-22T13:29:44.351620,asset_growth_dropped_2026-09-22,KSS,-0.08558210553685401,0.22764227642276422,-0.0003712652044466075,0.004327479680140981,,
2026-09-08,2026-09-22T13:29:44.351620,asset_growth_dropped_2026-09-22,KTB,0.06379445066494888,0.6766034327009937,0.00027515880720613175,0.004327479680140981,,
2026-09-08,2026-09-22T13:29:44.351620,asset_growth_dropped_2026-09-22,KTOS,-0.18647539759671725,0.07723577235772358,-0.0008078788756981951,0.004327479680140981,,
2026-09-08,2026-09-22T13:29:44.351620,asset_growth_dropped_2026-09-22,KURA,-0.020516937085889683,0.3988256549232159,-8.969701009010936e-05,0.004327479680140981,,
2026-09-08,2026-09-22T13:29:44.351620,asset_growth_dropped_2026-09-22,KVUE,0.14118220857997352,0.8897922312556459,0.0006100527570750702,0.004327479680140981,,
2026-09-08,2026-09-22T13:29:44.351620,asset_growth_dropped_2026-09-22,KVYO,0.037671214465860386,0.5975609756097561,0.00016211103337505296,0.004327479680140981,,
2026-09-08,2026-09-22T13:29:44.351620,asset_growth_dropped_2026-09-22,KWR,0.06904109848735723,0.6969286359530262,0.00029786356904645985,0.004327479680140981,,
2026-09-08,2026-09-22T13:29:44.351620,asset_growth_dropped_2026-09-22,KYMR,-0.08844214096092372,0.22177055103884372,-0.0003836419496287526,0.004327479680140981,,
2026-09-08,2026-09-22T13:29:44.351620,asset_growth_dropped_2026-09-22,L,0.04347254677872067,0.6142728093947606,0.00018721618107670114,0.004327479680140981,,
2026-09-08,2026-09-22T13:29:44.351620,asset_growth_dropped_2026-09-22,LAD,0.009051533830775275,0.495483288166215,3.825994697459782e-05,0.004327479680140981,,
2026-09-08,2026-09-22T13:29:44.351620,asset_growth_dropped_2026-09-22,LADR,-0.009149091962224215,0.43224932249322495,-4.050289131045731e-05,0.004327479680140981,,
2026-09-08,2026-09-22T13:29:44.351620,asset_growth_dropped_2026-09-22,LAMR,0.08576773760519697,0.7402890695573623,0.0003702477599459626,0.004327479680140981,,
2026-09-08,2026-09-22T13:29:44.351620,asset_growth_dropped_2026-09-22,LASR,-0.0712922002922176,0.26377597109304424,-0.0003094259298693034,0.004327479680140981,,
2026-09-08,2026-09-22T13:29:44.351620,asset_growth_dropped_2026-09-22,LAUR,0.1773949443665615,0.9444444444444444,0.0007667626353538439,0.004327479680140981,,
2026-09-08,2026-09-22T13:29:44.351620,asset_growth_dropped_2026-09-22,LAW,-0.07722878829882487,0.24887082204155375,-0.00033511639383726504,0.004327479680140981,,
2026-09-08,2026-09-22T13:29:44.351620,asset_growth_dropped_2026-09-22,LAZ,0.07462275754258074,0.7136404697380307,0.0003220180851894145,0.004327479680140981,,
2026-09-08,2026-09-22T13:29:44.351620,asset_growth_dropped_2026-09-22,LB,-0.07866145421631351,0.24390243902439024,-0.0003413162264836277,0.004327479680140981,,
2026-09-08,2026-09-22T13:29:44.351620,asset_growth_dropped_2026-09-22,LBRT,0.056016826687217455,0.6531165311653117,0.00024150129748272173,0.004327479680140981,,
2026-09-08,2026-09-22T13:29:44.351620,asset_growth_dropped_2026-09-22,LBTYA,0.06629638765608314,0.6874435411020777,0.0002859858886962584,0.004327479680140981,,
2026-09-08,2026-09-22T13:29:44.351620,asset_growth_dropped_2026-09-22,LCID,-0.38786502669235146,0.0031616982836495033,-0.001679388403400681,0.004327479680140981,,
2026-09-08,2026-09-22T13:29:44.351620,asset_growth_dropped_2026-09-22,LCII,-0.03661301739170187,0.35275519421860885,-0.00015935247054342904,0.004327479680140981,,
2026-09-08,2026-09-22T13:29:44.351620,asset_growth_dropped_2026-09-22,LCLN,0.1535086710434262,0.9132791327913279,0.0006633952729136822,0.004327479680140981,,
2026-09-08,2026-09-22T13:29:44.351620,asset_growth_dropped_2026-09-22,LDI,-0.34548677376146253,0.006323396567299007,-0.0014959973749623843,0.004327479680140981,,
2026-09-08,2026-09-22T13:29:44.351620,asset_growth_dropped_2026-09-22,LDOS,-0.01800714436793941,0.4042457091237579,-7.883593310181375e-05,0.004327479680140981,,
2026-09-08,2026-09-22T13:29:44.351620,asset_growth_dropped_2026-09-22,LEA,0.09777481282414432,0.7759710930442638,0.00042220813397388156,0.004327479680140981,,
2026-09-08,2026-09-22T13:29:44.351620,asset_growth_dropped_2026-09-22,LECO,0.17757522408949544,0.9448961156278229,0.0007675427921915819,0.004327479680140981,,
2026-09-08,2026-09-22T13:29:44.351620,asset_growth_dropped_2026-09-22,LEE,-0.10934983022099092,0.1842818428184282,-0.0004741195500603952,0.004327479680140981,,
2026-09-08,2026-09-22T13:29:44.351620,asset_growth_dropped_2026-09-22,LEN,-0.10717938626375731,0.1892502258355917,-0.00046472699793858197,0.004327479680140981,,
2026-09-08,2026-09-22T13:29:44.351620,asset_growth_dropped_2026-09-22,LEU,-0.33863902915586414,0.007226738934056007,-0.0014663638993268622,0.004327479680140981,,
2026-09-08,2026-09-22T13:29:44.351620,asset_growth_dropped_2026-09-22,LEVI,0.14505538743599478,0.9001806684733514,0.0006268138598720539,0.004327479680140981,,
2026-09-08,2026-09-22T13:29:44.351620,asset_growth_dropped_2026-09-22,LFST,0.19352964716419194,0.96386630532972,0.0008365852338557034,0.004327479680140981,,
2026-09-08,2026-09-22T13:29:44.351620,asset_growth_dropped_2026-09-22,LFTO,0.20634641405586454,0.975609756097561,0.0008920495321445203,0.004327479680140981,,
2026-09-08,2026-09-22T13:29:44.351620,asset_growth_dropped_2026-09-22,LFUS,0.09130954686130971,0.7570009033423668,0.0003942298268930077,0.004327479680140981,,
2026-09-08,2026-09-22T13:29:44.351620,asset_growth_dropped_2026-09-22,LGIH,-0.19928894008034312,0.06187895212285456,-0.0008633292204267092,0.004327479680140981,,
2026-09-08,2026-09-22T13:29:44.351620,asset_growth_dropped_2026-09-22,LGN,-0.13222460636747463,0.13956639566395665,-0.0005731096790220771,0.004327479680140981,,
2026-09-08,2026-09-22T13:29:44.351620,asset_growth_dropped_2026-09-22,LGND,-0.09710683356326745,0.2041553748870822,-0.0004211382308000629,0.004327479680140981,,
2026-09-08,2026-09-22T13:29:44.351620,asset_growth_dropped_2026-09-22,LH,0.1677075561765689,0.9317976513098465,0.0007248406598080132,0.004327479680140981,,
2026-09-08,2026-09-22T13:29:44.351620,asset_growth_dropped_2026-09-22,LHX,0.03859710498934716,0.5998193315266486,0.00016611780580147708,0.004327479680140981,,
2026-09-08,2026-09-22T13:29:44.351620,asset_growth_dropped_2026-09-22,LIF,-0.2956715737974657,0.016260162601626018,-0.0012804231093560283,0.004327479680140981,,
2026-09-08,2026-09-22T13:29:44.351620,asset_growth_dropped_2026-09-22,LIFE,0.09558364197562289,0.7705510388437218,0.00041272588665118776,0.004327479680140981,,
2026-09-08,2026-09-22T13:29:44.351620,asset_growth_dropped_2026-09-22,LII,-0.0021298514243217603,0.4598012646793135,-1.0127270512662585e-05,0.004327479680140981,,
2026-09-08,2026-09-22T13:29:44.351620,asset_growth_dropped_2026-09-22,LILA,0.1390856456176787,0.8848238482384824,0.0006009799234576032,0.004327479680140981,,
2026-09-08,2026-09-22T13:29:44.351620,asset_growth_dropped_2026-09-22,LIME,0.3497122152143668,0.9995483288166215,0.0015124621234850711,0.004327479680140981,,
2026-09-08,2026-09-22T13:29:44.351620,asset_growth_dropped_2026-09-22,LIN,0.13539908889748992,0.8739837398373984,0.0005850264241612991,0.004327479680140981,,
2026-09-08,2026-09-22T13:29:44.351620,asset_growth_dropped_2026-09-22,LIND,0.026008517729653513,0.5582655826558266,0.00011164095023347118,0.004327479680140981,,
2026-09-08,2026-09-22T13:29:44.351620,asset_growth_dropped_2026-09-22,LINE,-0.021422736236117526,0.3938572719060524,-9.361683750700932e-05,0.004327479680140981,,
2026-09-08,2026-09-22T13:29:44.351620,asset_growth_dropped_2026-09-22,LION,-0.039013182662127006,0.34598012646793136,-0.0001697391369801739,0.004327479680140981,,
2026-09-08,2026-09-22T13:29:44.351620,asset_growth_dropped_2026-09-22,LITE,0.09777106387371279,0.7755194218608853,0.00042219191046706723,0.004327479680140981,,
2026-09-08,2026-09-22T13:29:44.351620,asset_growth_dropped_2026-09-22,LIVN,0.14603443773916036,0.9024390243902439,0.0006310506801648388,0.004327479680140981,,
2026-09-08,2026-09-22T13:29:44.351620,asset_growth_dropped_2026-09-22,LKFN,-0.04323357853237414,0.33423667570009036,-0.00018800281435081927,0.004327479680140981,,
2026-09-08,2026-09-22T13:29:44.351620,asset_growth_dropped_2026-09-22,LKQ,0.0035584633297393656,0.47696476964769646,1.448879599978308e-05,0.004327479680140981,,
2026-09-08,2026-09-22T13:29:44.351620,asset_growth_dropped_2026-09-22,LLY,0.15477476615346752,0.9150858175248419,0.000668874273775512,0.004327479680140981,,
2026-09-08,2026-09-22T13:29:44.351620,asset_growth_dropped_2026-09-22,LLYVA,-0.1072755515631281,0.1878952122854562,-0.00046514315131754373,0.004327479680140981,,
2026-09-08,2026-09-22T13:29:44.351620,asset_growth_dropped_2026-09-22,LMAT,-0.10065100621425349,0.1987353206865402,-0.00043647556593011643,0.004327479680140981,,
2026-09-08,2026-09-22T13:29:44.351620,asset_growth_dropped_2026-09-22,LMND,-0.17861478695217164,0.08265582655826559,-0.0007738622428604241,0.004327479680140981,,
2026-09-08,2026-09-22T13:29:44.351620,asset_growth_dropped_2026-09-22,LMT,0.13817894493013105,0.8816621499548328,0.0005970561946562709,0.004327479680140981,,
2026-09-08,2026-09-22T13:29:44.351620,asset_growth_dropped_2026-09-22,LNC,-0.07368138440090469,0.25790424570912374,-0.0003197650755517625,0.004327479680140981,,
2026-09-08,2026-09-22T13:29:44.351620,asset_growth_dropped_2026-09-22,LNG,0.1433565216365306,0.8956639566395664,0.0006194620526455862,0.004327479680140981,,
2026-09-08,2026-09-22T13:29:44.351620,asset_growth_dropped_2026-09-22,LNT,-0.08520255041268562,0.22899728997289973,-0.0003696226873592754,0.004327479680140981,,
2026-09-08,2026-09-22T13:29:44.351620,asset_growth_dropped_2026-09-22,LNTH,0.24692952701838164,0.9932249322493225,0.0010676721288466792,0.004327479680140981,,
2026-09-08,2026-09-22T13:29:44.351620,asset_growth_dropped_2026-09-22,LOAR,-0.17057206309113251,0.0921409214092141,-0.0007390575187787923,0.004327479680140981,,
2026-09-08,2026-09-22T13:29:44.351620,asset_growth_dropped_2026-09-22,LOB,-0.14392385510069322,0.12511291779584463,-0.0006237379401879957,0.004327479680140981,,
2026-09-08,2026-09-22T13:29:44.351620,asset_growth_dropped_2026-09-22,LOGI,0.07327938979048784,0.7082204155374887,0.0003162046885392758,0.004327479680140981,,
2026-09-08,2026-09-22T13:29:44.351620,asset_growth_dropped_2026-09-22,LOPE,0.03608833400351684,0.5898825654923215,0.0001552611503381691,0.004327479680140981,,
2026-09-08,2026-09-22T13:29:44.351620,asset_growth_dropped_2026-09-22,LOW,-0.01205708375322466,0.42276422764227645,-5.308716669602851e-05,0.004327479680140981,,
2026-09-08,2026-09-22T13:29:44.351620,asset_growth_dropped_2026-09-22,LPG,0.032369296243178976,0.580397470641373,0.00013916709000062999,0.004327479680140981,,
2026-09-08,2026-09-22T13:29:44.351620,asset_growth_dropped_2026-09-22,LPLA,0.060469577444139555,0.6675700090334237,0.00026077048590403447,0.004327479680140981,,
2026-09-08,2026-09-22T13:29:44.351620,asset_growth_dropped_2026-09-22,LPX,-0.051019467967096194,0.3152664859981933,-0.0002216960926714033,0.004327479680140981,,
2026-09-08,2026-09-22T13:29:44.351620,asset_growth_dropped_2026-09-22,LQDA,-0.004245103802370975,0.450316169828365,-1.9280982197040455e-05,0.004327479680140981,,
2026-09-08,2026-09-22T13:29:44.351620,asset_growth_dropped_2026-09-22,LQDT,0.137525425018438,0.8807588075880759,0.0005942281005178518,0.004327479680140981,,
2026-09-08,2026-09-22T13:29:44.351620,asset_growth_dropped_2026-09-22,LRCX,0.07096539945225766,0.7014453477868112,0.00030619094237054214,0.004327479680140981,,
2026-09-08,2026-09-22T13:29:44.351620,asset_growth_dropped_2026-09-22,LRN,-0.029855161982494383,0.37037037037037035,-0.00013010798857875281,0.004327479680140981,,
2026-09-08,2026-09-22T13:29:44.351620,asset_growth_dropped_2026-09-22,LSCC,0.10963455850867648,0.8093947606142728,0.0004735309424353342,0.004327479680140981,,
2026-09-08,2026-09-22T13:29:44.351620,asset_growth_dropped_2026-09-22,LSTR,0.20982061196018573,0.978319783197832,0.0009070840529802586,0.004327479680140981,,
2026-09-08,2026-09-22T13:29:44.351620,asset_growth_dropped_2026-09-22,LTC,-0.008340415513346494,0.43586269196025296,-3.700336041013041e-05,0.004327479680140981,,
2026-09-08,2026-09-22T13:29:44.351620,asset_growth_dropped_2026-09-22,LTH,0.11676586019839758,0.8274616079494128,0.0005043915055905572,0.004327479680140981,,
2026-09-08,2026-09-22T13:29:44.351620,asset_growth_dropped_2026-09-22,LUCK,-0.13449478214176122,0.13550135501355012,-0.0005829338185556507,0.004327479680140981,,
2026-09-08,2026-09-22T13:29:44.351620,asset_growth_dropped_2026-09-22,LULU,-0.10346422393836396,0.1928635953026197,-0.00044864970846701695,0.004327479680140981,,
2026-09-08,2026-09-22T13:29:44.351620,asset_growth_dropped_2026-09-22,LUMN,0.04263568793421747,0.6120144534778681,0.00018359469143196727,0.004327479680140981,,
2026-09-08,2026-09-22T13:29:44.351620,asset_growth_dropped_2026-09-22,LUNR,-0.18939657429711332,0.07271906052393858,-0.0008205202085112604,0.004327479680140981,,
2026-09-08,2026-09-22T13:29:44.351620,asset_growth_dropped_2026-09-22,LUV,0.17118674094800185,0.9349593495934959,0.0007398967612098451,0.004327479680140981,,
2026-09-08,2026-09-22T13:29:44.351620,asset_growth_dropped_2026-09-22,LVS,0.1411525812771509,0.8893405600722674,0.000609924545524128,0.004327479680140981,,
2026-09-08,2026-09-22T13:29:44.351620,asset_growth_dropped_2026-09-22,LVWR,-0.2227255450821973,0.045167118337850046,-0.0009647506523437237,0.004327479680140981,,
2026-09-08,2026-09-22T13:29:44.351620,asset_growth_dropped_2026-09-22,LW,0.08474839652430732,0.7362240289069557,0.0003658365821312797,0.004327479680140981,,
2026-09-08,2026-09-22T13:29:44.351620,asset_growth_dropped_2026-09-22,LWLG,-0.23719938075902602,0.03568202348690153,-0.0010273858821288997,0.004327479680140981,,
2026-09-08,2026-09-22T13:29:44.351620,asset_growth_dropped_2026-09-22,LXP,0.16043420069835668,0.9236675700090334,0.0006933653617696077,0.004327479680140981,,
2026-09-08,2026-09-22T13:29:44.351620,asset_growth_dropped_2026-09-22,LXRX,-0.15181958474043566,0.11427280939476062,-0.000657906549763868,0.004327479680140981,,
2026-09-08,2026-09-22T13:29:44.351620,asset_growth_dropped_2026-09-22,LXU,0.002781401898217316,0.47560975609756095,1.1126078444650147e-05,0.004327479680140981,,
2026-09-08,2026-09-22T13:29:44.351620,asset_growth_dropped_2026-09-22,LYB,0.04510361476784186,0.6205962059620597,0.0001942745946565515,0.004327479680140981,,
2026-09-08,2026-09-22T13:29:44.351620,asset_growth_dropped_2026-09-22,LYEL,-0.21766656359311656,0.04697380307136405,-0.0009428580127475175,0.004327479680140981,,
2026-09-08,2026-09-22T13:29:44.351620,asset_growth_dropped_2026-09-22,LYFT,-0.0482046424632014,0.3215898825654923,-0.000209514992500156,0.004327479680140981,,
2026-09-08,2026-09-22T13:29:44.351620,asset_growth_dropped_2026-09-22,LYV,0.004686443347041699,0.4823848238482385,1.9370106604264e-05,0.004327479680140981,,
2026-09-08,2026-09-22T13:29:44.351620,asset_growth_dropped_2026-09-22,LZ,0.043027670541946034,0.6124661246612466,0.0001852909882018813,0.004327479680140981,,
2026-09-08,2026-09-22T13:29:44.351620,asset_growth_dropped_2026-09-22,LZB,0.008255502950098047,0.49232158988256547,3.481513951370238e-05,0.004327479680140981,,
2026-09-08,2026-09-22T13:29:44.351620,asset_growth_dropped_2026-09-22,M,0.17858163576793093,0.9467028003613369,0.0007718980182798681,0.004327479680140981,,
2026-09-08,2026-09-22T13:29:44.351620,asset_growth_dropped_2026-09-22,MA,0.238529849443909,0.991869918699187,0.0010313226948234129,0.004327479680140981,,
2026-09-08,2026-09-22T13:29:44.351620,asset_growth_dropped_2026-09-22,MAA,0.05272726456218369,0.6436314363143631,0.00022726578423007673,0.004327479680140981,,
2026-09-08,2026-09-22T13:29:44.351620,asset_growth_dropped_2026-09-22,MAC,-0.0071021655859784955,0.4399277326106594,-3.164485901050935e-05,0.004327479680140981,,
2026-09-08,2026-09-22T13:29:44.351620,asset_growth_dropped_2026-09-22,MAIN,-0.19571245608171317,0.06549232158988257,-0.0008478520585962888,0.004327479680140981,,
2026-09-08,2026-09-22T13:29:44.351620,asset_growth_dropped_2026-09-22,MAIR,0.054080805512414856,0.6472448057813911,0.00023312320518844082,0.004327479680140981,,
2026-09-08,2026-09-22T13:29:44.351620,asset_growth_dropped_2026-09-22,MAN,-0.01894681566936028,0.4024390243902439,-8.29023415647242e-05,0.004327479680140981,,
2026-09-08,2026-09-22T13:29:44.351620,asset_growth_dropped_2026-09-22,MANE,-0.11413565539413431,0.17344173441734417,-0.0004948301112498804,0.004327479680140981,,
2026-09-08,2026-09-22T13:29:44.351620,asset_growth_dropped_2026-09-22,MANH,0.22647466241498876,0.9878048780487805,0.0009791541179154613,0.004327479680140981,,
2026-09-08,2026-09-22T13:29:44.351620,asset_growth_dropped_2026-09-22,MAR,0.12523508283673088,0.8500451671183379,0.0005410418944645346,0.004327479680140981,,
2026-09-08,2026-09-22T13:29:44.351620,asset_growth_dropped_2026-09-22,MARA,-0.14686140411293575,0.12149954832881663,-0.0006364501238478934,0.004327479680140981,,
2026-09-08,2026-09-22T13:29:44.351620,asset_growth_dropped_2026-09-22,MAS,0.1609463272202263,0.9250225835591689,0.0006955815788866598,0.004327479680140981,,
2026-09-08,2026-09-22T13:29:44.351620,asset_growth_dropped_2026-09-22,MAT,0.04003329773358357,0.6047877145438121,0.00017233290071892607,0.004327479680140981,,
2026-09-08,2026-09-22T13:29:44.351620,asset_growth_dropped_2026-09-22,MATW,-0.1339384517460078,0.13640469738030714,-0.000580526310072583,0.004327479680140981,,
2026-09-08,2026-09-22T13:29:44.351620,asset_growth_dropped_2026-09-22,MATX,0.16968702252111506,0.934056007226739,0.0007334067601915596,0.004327479680140981,,
2026-09-08,2026-09-22T13:29:44.351620,asset_growth_dropped_2026-09-22,MAX,0.17916782824484823,0.950316169828365,0.0007744347543123792,0.004327479680140981,,
2026-09-08,2026-09-22T13:29:44.351620,asset_growth_dropped_2026-09-22,MAZE,-0.21388087431768496,0.04923215898825655,-0.0009264755193327596,0.004327479680140981,,
2026-09-08,2026-09-22T13:29:44.351620,asset_growth_dropped_2026-09-22,MBC,-0.23356753984834633,0.037488708220415536,-0.0010116691643864285,0.004327479680140981,,
2026-09-08,2026-09-22T13:29:44.351620,asset_growth_dropped_2026-09-22,MBGL,0.12471986112550808,0.8473351400180669,0.0005388122829784505,0.004327479680140981,,
2026-09-08,2026-09-22T13:29:44.351620,asset_growth_dropped_2026-09-22,MBI,-0.11364074171039279,0.17389340560072267,-0.0004926883823400652,0.004327479680140981,,
2026-09-08,2026-09-22T13:29:44.351620,asset_growth_dropped_2026-09-22,MBIN,-0.07293583723958638,0.25971093044263777,-0.0003165387353605708,0.004327479680140981,,
2026-09-08,2026-09-22T13:29:44.351620,asset_growth_dropped_2026-09-22,MBLY,-0.08755641544820138,0.22357723577235772,-0.00037980899047026416,0.004327479680140981,,
2026-09-08,2026-09-22T13:29:44.351620,asset_growth_dropped_2026-09-22,MBX,-0.17586564232392565,0.08626919602529359,-0.0007619653753439208,0.004327479680140981,,
2026-09-08,2026-09-22T13:29:44.351620,asset_growth_dropped_2026-09-22,MC,0.12474428932625015,0.8482384823848238,0.0005389179955207842,0.004327479680140981,,
2026-09-08,2026-09-22T13:29:44.351620,asset_growth_dropped_2026-09-22,MCD,0.06045321232303432,0.6671183378500452,0.0002606996661749885,0.004327479680140981,,
2026-09-08,2026-09-22T13:29:44.351620,asset_growth_dropped_2026-09-22,MCHB,-0.15467691268378886,0.1111111111111111,-0.000670271578378228,0.004327479680140981,,
2026-09-08,2026-09-22T13:29:44.351620,asset_growth_dropped_2026-09-22,MCHP,-0.027766432533470012,0.3785004516711834,-0.00012106905433078778,0.004327479680140981,,
2026-09-08,2026-09-22T13:29:44.351620,asset_growth_dropped_2026-09-22,MCK,0.10533908861844604,0.7990063233965673,0.00045494238376870454,0.004327479680140981,,
2026-09-08,2026-09-22T13:29:44.351620,asset_growth_dropped_2026-09-22,MCO,0.1611186391931049,0.9254742547425474,0.0006963272554479368,0.004327479680140981,,
2026-09-08,2026-09-22T13:29:44.351620,asset_growth_dropped_2026-09-22,MCRI,0.2261852725390183,0.9869015356820234,0.0009779017891075607,0.004327479680140981,,
2026-09-08,2026-09-22T13:29:44.351620,asset_growth_dropped_2026-09-22,MCY,0.1327685516626867,0.8681120144534779,0.0005736428277298339,0.004327479680140981,,
2026-09-08,2026-09-22T13:29:44.351620,asset_growth_dropped_2026-09-22,MD,0.18397034988767252,0.9534778681120144,0.0007952175691351386,0.004327479680140981,,
2026-09-08,2026-09-22T13:29:44.351620,asset_growth_dropped_2026-09-22,MDB,0.07254857030837875,0.7050587172538392,0.00031304208208059756,0.004327479680140981,,
2026-09-08,2026-09-22T13:29:44.351620,asset_growth_dropped_2026-09-22,MDGL,0.06266823523719753,0.6725383920505872,0.0002702851328270765,0.004327479680140981,,
2026-09-08,2026-09-22T13:29:44.351620,asset_growth_dropped_2026-09-22,MDLN,-0.1588037800564181,0.1061427280939476,-0.0006881305130759178,0.004327479680140981,,
2026-09-08,2026-09-22T13:29:44.351620,asset_growth_dropped_2026-09-22,MDLZ,0.11692808343262728,0.8279132791327913,0.0005050935233403331,0.004327479680140981,,
2026-09-08,2026-09-22T13:29:44.351620,asset_growth_dropped_2026-09-22,MDT,0.02609970149226335,0.5591689250225835,0.00011203554611332406,0.004327479680140981,,
2026-09-08,2026-09-22T13:29:44.351620,asset_growth_dropped_2026-09-22,MDU,-0.06874534864773235,0.2705510388437218,-0.00029840448112945984,0.004327479680140981,,
2026-09-08,2026-09-22T13:29:44.351620,asset_growth_dropped_2026-09-22,MEDP,0.16697673662119428,0.9304426377597109,0.0007216780530322799,0.004327479680140981,,
2026-09-08,2026-09-22T13:29:44.351620,asset_growth_dropped_2026-09-22,MET,0.06381441570644308,0.6770551038843722,0.00027524520551751113,0.004327479680140981,,
2026-09-08,2026-09-22T13:29:44.351620,asset_growth_dropped_2026-09-22,META,0.07919681386752367,0.7249322493224932,0.00034181222099142534,0.004327479680140981,,
2026-09-08,2026-09-22T13:29:44.351620,asset_growth_dropped_2026-09-22,METC,-0.21782629467660775,0.04652213188798555,-0.0009435492457656125,0.004327479680140981,,
2026-09-08,2026-09-22T13:29:44.351620,asset_growth_dropped_2026-09-22,MFIC,-0.03983581300113625,0.34236675700090335,-0.00017329905305650387,0.004327479680140981,,
2026-09-08,2026-09-22T13:29:44.351620,asset_growth_dropped_2026-09-22,MFP,0.1299281136536945,0.8613369467028004,0.00056135088996322,0.004327479680140981,,
2026-09-08,2026-09-22T13:29:44.351620,asset_growth_dropped_2026-09-22,MGEE,-0.06303989566810388,0.2868112014453478,-0.0002737142492941178,0.004327479680140981,,
2026-09-08,2026-09-22T13:29:44.351620,asset_growth_dropped_2026-09-22,MGM,0.13112264141829622,0.8649503161698283,0.0005665201845918982,0.004327479680140981,,
2026-09-08,2026-09-22T13:29:44.351620,asset_growth_dropped_2026-09-22,MGNI,-0.036633497315777266,0.3523035230352303,-0.00015944109699871615,0.004327479680140981,,
2026-09-08,2026-09-22T13:29:44.351620,asset_growth_dropped_2026-09-22,MGNX,-0.10184787788926891,0.19647696476964768,-0.00044165500378348194,0.004327479680140981,,
2026-09-08,2026-09-22T13:29:44.351620,asset_growth_dropped_2026-09-22,MGPI,-0.03181059103456421,0.3640469738030714,-0.00013857006806754235,0.004327479680140981,,
2026-09-08,2026-09-22T13:29:44.351620,asset_growth_dropped_2026-09-22,MGRC,0.14230959161870904,0.8943089430894309,0.0006149314842669338,0.004327479680140981,,
2026-09-08,2026-09-22T13:29:44.351620,asset_growth_dropped_2026-09-22,MGY,0.04629846294310922,0.6251129177958447,0.00019944527585587452,0.004327479680140981,,
2026-09-08,2026-09-22T13:29:44.351620,asset_growth_dropped_2026-09-22,MH,-0.0777995616368112,0.24751580849141824,-0.00033758640385936713,0.004327479680140981,,
2026-09-08,2026-09-22T13:29:44.351620,asset_growth_dropped_2026-09-22,MHK,0.044532319450778526,0.6196928635953026,0.0001918023257806002,0.004327479680140981,,
2026-09-08,2026-09-22T13:29:44.351620,asset_growth_dropped_2026-09-22,MHO,0.027693985607046008,0.5672990063233966,0.00011893477822441755,0.004327479680140981,,
2026-09-08,2026-09-22T13:29:44.351620,asset_growth_dropped_2026-09-22,MIAX,-0.06436242909925205,0.28410117434507676,-0.00027943748584371866,0.004327479680140981,,
2026-09-08,2026-09-22T13:29:44.351620,asset_growth_dropped_2026-09-22,MIDD,0.05704205589367216,0.6558265582655827,0.00024593795604114154,0.004327479680140981,,
2026-09-08,2026-09-22T13:29:44.351620,asset_growth_dropped_2026-09-22,MIR,-0.1940192612871034,0.06684733514001806,-0.0008405247925280945,0.004327479680140981,,
2026-09-08,2026-09-22T13:29:44.351620,asset_growth_dropped_2026-09-22,MIRM,-0.017554460866708047,0.4069557362240289,-7.687695444869995e-05,0.004327479680140981,,
2026-09-08,2026-09-22T13:29:44.351620,asset_growth_dropped_2026-09-22,MKC,-0.055561838049167984,0.3044263775971093,-0.0002413531069012493,0.004327479680140981,,
2026-09-08,2026-09-22T13:29:44.351620,asset_growth_dropped_2026-09-22,MKL,0.02958072909807155,0.5722673893405601,0.00012709962234346884,0.004327479680140981,,
2026-09-08,2026-09-22T13:29:44.351620,asset_growth_dropped_2026-09-22,MKSI,-0.04663403592425121,0.32565492321589884,-0.00020271822461735247,0.004327479680140981,,
2026-09-08,2026-09-22T13:29:44.351620,asset_growth_dropped_2026-09-22,MKTX,0.05768433539419589,0.6585365853658537,0.0002487174075286291,0.004327479680140981,,
2026-09-08,2026-09-22T13:29:44.351620,asset_growth_dropped_2026-09-22,MLI,0.10871298428022488,0.8075880758807588,0.0004695428486879683,0.004327479680140981,,
2026-09-08,2026-09-22T13:29:44.351620,asset_growth_dropped_2026-09-22,MLKN,0.054013930320951635,0.6467931345980127,0.00023283380415627819,0.004327479680140981,,
2026-09-08,2026-09-22T13:29:44.351620,asset_growth_dropped_2026-09-22,MLM,-0.06822724024871377,0.27235772357723576,-0.00029616237756059654,0.004327479680140981,,
2026-09-08,2026-09-22T13:29:44.351620,asset_growth_dropped_2026-09-22,MLTX,-0.24815932264781698,0.031616982836495035,-0.0010748148079481685,0.004327479680140981,,
2026-09-08,2026-09-22T13:29:44.351620,asset_growth_dropped_2026-09-22,MLYS,-0.33335295082926397,0.009033423667570008,-0.0014434885027808664,0.004327479680140981,,
2026-09-08,2026-09-22T13:29:44.351620,asset_growth_dropped_2026-09-22,MMED,0.06574919282961693,0.6851851851851852,0.0002836179142036476,0.004327479680140981,,
2026-09-08,2026-09-22T13:29:44.351620,asset_growth_dropped_2026-09-22,MMI,0.09127365454781493,0.7565492321589883,0.00039407450363568574,0.004327479680140981,,
2026-09-08,2026-09-22T13:29:44.351620,asset_growth_dropped_2026-09-22,MMM,0.15730334368502447,0.9182475158084914,0.0006798166416629856,0.004327479680140981,,
2026-09-08,2026-09-22T13:29:44.351620,asset_growth_dropped_2026-09-22,MMS,-0.07207002954010686,0.26196928635953026,-0.0003127919701341635,0.004327479680140981,,
2026-09-08,2026-09-22T13:29:44.351620,asset_growth_dropped_2026-09-22,MMSI,0.13717725042400108,0.8794037940379403,0.0005927213820352846,0.004327479680140981,,
2026-09-08,2026-09-22T13:29:44.351620,asset_growth_dropped_2026-09-22,MNKD,-0.16836444338511042,0.0971093044263776,-0.0007295040893595028,0.004327479680140981,,
2026-09-08,2026-09-22T13:29:44.351620,asset_growth_dropped_2026-09-22,MNR,0.057280902296469746,0.6562782294489612,0.00024697155899592286,0.004327479680140981,,
2026-09-08,2026-09-22T13:29:44.351620,asset_growth_dropped_2026-09-22,MNRO,-0.1488359269348544,0.11924119241192412,-0.000644994831237721,0.004327479680140981,,
2026-09-08,2026-09-22T13:29:44.351620,asset_growth_dropped_2026-09-22,MNST,0.07838181676624029,0.7231255645889793,0.0003382853375962477,0.004327479680140981,,
2026-09-08,2026-09-22T13:29:44.351620,asset_growth_dropped_2026-09-22,MNTN,-0.08121946249858877,0.23938572719060525,-0.0003523859553468062,0.004327479680140981,,
2026-09-08,2026-09-22T13:29:44.351620,asset_growth_dropped_2026-09-22,MO,0.15739569890822952,0.9186991869918699,0.0006802163070147604,0.004327479680140981,,
2026-09-08,2026-09-22T13:29:44.351620,asset_growth_dropped_2026-09-22,MOD,0.032777157102777565,0.5808491418247516,0.00014093209958286772,0.004327479680140981,,
2026-09-08,2026-09-22T13:29:44.351620,asset_growth_dropped_2026-09-22,MOG.A,-0.028817470683775763,0.37398373983739835,-0.00012561740056928888,0.004327479680140981,,
2026-09-08,2026-09-22T13:29:44.351620,asset_growth_dropped_2026-09-22,MOH,0.04188718940863229,0.6093044263775971,0.00018035557927188192,0.004327479680140981,,
2026-09-08,2026-09-22T13:29:44.351620,asset_growth_dropped_2026-09-22,MORN,0.06518887595795278,0.6838301716350497,0.0002811931543270808,0.004327479680140981,,
2026-09-08,2026-09-22T13:29:44.351620,asset_growth_dropped_2026-09-22,MOS,-0.13334869577289463,0.13730803974706413,-0.000577974153082694,0.004327479680140981,,
2026-09-08,2026-09-22T13:29:44.351620,asset_growth_dropped_2026-09-22,MP,-0.24894489472819858,0.03116531165311653,-0.001078214355163306,0.004327479680140981,,
2026-09-08,2026-09-22T13:29:44.351620,asset_growth_dropped_2026-09-22,MPC,0.22546103012071675,0.9859981933152665,0.0009747676447588645,0.004327479680140981,,
2026-09-08,2026-09-22T13:29:44.351620,asset_growth_dropped_2026-09-22,MPLX,0.111982380196532,0.8170731707317073,0.00048369109308212324,0.004327479680140981,,
2026-09-08,2026-09-22T13:29:44.351620,asset_growth_dropped_2026-09-22,MPT,-0.17096242739077666,0.09078590785907859,-0.0007407468123533547,0.004327479680140981,,
2026-09-08,2026-09-22T13:29:44.351620,asset_growth_dropped_2026-09-22,MPWR,0.026108589785608677,0.559620596205962,0.00011207401002216708,0.004327479680140981,,
2026-09-08,2026-09-22T13:29:44.351620,asset_growth_dropped_2026-09-22,MQ,0.04911428165989057,0.6341463414634146,0.00021163067413570646,0.004327479680140981,,
2026-09-08,2026-09-22T13:29:44.351620,asset_growth_dropped_2026-09-22,MRCY,-0.0886288686533676,0.2199638663053297,-0.00038445000992352304,0.004327479680140981,,
2026-09-08,2026-09-22T13:29:44.351620,asset_growth_dropped_2026-09-22,MRK,0.13041750562789078,0.8631436314363143,0.0005634687237871785,0.004327479680140981,,
2026-09-08,2026-09-22T13:29:44.351620,asset_growth_dropped_2026-09-22,MRNA,-0.10970661595781278,0.18337850045167117,-0.00047566353308665596,0.004327479680140981,,
2026-09-08,2026-09-22T13:29:44.351620,asset_growth_dropped_2026-09-22,MRP,0.06782179636915556,0.6924119241192412,0.00029258706390598925,0.004327479680140981,,
2026-09-08,2026-09-22T13:29:44.351620,asset_growth_dropped_2026-09-22,MRSH,0.13348942456033142,0.8694670280036134,0.0005767623905463558,0.004327479680140981,,
2026-09-08,2026-09-22T13:29:44.351620,asset_growth_dropped_2026-09-22,MRVI,-0.059183027130972066,0.29494128274616077,-0.00025702372907070485,0.004327479680140981,,
2026-09-08,2026-09-22T13:29:44.351620,asset_growth_dropped_2026-09-22,MRVL,-0.11129960376042058,0.17795844625112917,-0.00048255715543315365,0.004327479680140981,,
2026-09-08,2026-09-22T13:29:44.351620,asset_growth_dropped_2026-09-22,MS,0.08577754034311867,0.7407407407407407,0.0003702901810951285,0.004327479680140981,,
2026-09-08,2026-09-22T13:29:44.351620,asset_growth_dropped_2026-09-22,MSA,0.19356343604545195,0.9643179765130985,0.0008367314545527708,0.004327479680140981,,
2026-09-08,2026-09-22T13:29:44.351620,asset_growth_dropped_2026-09-22,MSCI,0.2311683596008361,0.989159891598916,0.0009994659971119507,0.004327479680140981,,
2026-09-08,2026-09-22T13:29:44.351620,asset_growth_dropped_2026-09-22,MSEX,-0.031189511613376908,0.36449864498644985,-0.00013588235949260058,0.004327479680140981,,
2026-09-08,2026-09-22T13:29:44.351620,asset_growth_dropped_2026-09-22,MSFT,0.15067611868470404,0.9092140921409214,0.0006511374601383767,0.004327479680140981,,
2026-09-08,2026-09-22T13:29:44.351620,asset_growth_dropped_2026-09-22,MSGE,0.1758301099261865,0.941282746160795,0.0007599908461103363,0.004327479680140981,,
2026-09-08,2026-09-22T13:29:44.351620,asset_growth_dropped_2026-09-22,MSGS,0.13238861253189046,0.8672086720867209,0.0005719986488616227,0.004327479680140981,,
2026-09-08,2026-09-22T13:29:44.351620,asset_growth_dropped_2026-09-22,MSI,0.14783695092845314,0.9051490514905149,0.0006388510193646895,0.004327479680140981,,
2026-09-08,2026-09-22T13:29:44.351620,asset_growth_dropped_2026-09-22,MSM,0.25731850683864627,0.995483288166215,0.001112630227916269,0.004327479680140981,,
2026-09-08,2026-09-22T13:29:44.351620,asset_growth_dropped_2026-09-22,MSTR,-0.19355603422125425,0.06729900632339657,-0.0008385201868133411,0.004327479680140981,,
2026-09-08,2026-09-22T13:29:44.351620,asset_growth_dropped_2026-09-22,MTB,0.09388256019397132,0.7655826558265583,0.0004053644898068326,0.004327479680140981,,
2026-09-08,2026-09-22T13:29:44.351620,asset_growth_dropped_2026-09-22,MTCH,0.21578646290088538,0.981029810298103,0.0009329011517008863,0.004327479680140981,,
2026-09-08,2026-09-22T13:29:44.351620,asset_growth_dropped_2026-09-22,MTD,0.08043373604187057,0.7276422764227642,0.00034716497656682736,0.004327479680140981,,
2026-09-08,2026-09-22T13:29:44.351620,asset_growth_dropped_2026-09-22,MTDR,0.10441471096998586,0.7935862691960253,0.0004509421582782166,0.004327479680140981,,
2026-09-08,2026-09-22T13:29:44.351620,asset_growth_dropped_2026-09-22,MTG,0.16517599299296704,0.9290876242095755,0.0007138853715719831,0.004327479680140981,,
2026-09-08,2026-09-22T13:29:44.351620,asset_growth_dropped_2026-09-22,MTH,-0.058864265374960485,0.2958446251129178,-0.00025564429404875867,0.004327479680140981,,
2026-09-08,2026-09-22T13:29:44.351620,asset_growth_dropped_2026-09-22,MTN,0.00857132511497117,0.4932249322493225,3.618185351472895e-05,0.004327479680140981,,
2026-09-08,2026-09-22T13:29:44.351620,asset_growth_dropped_2026-09-22,MTRN,0.04871403932797784,0.6327913279132791,0.00020989863357722188,0.004327479680140981,,
2026-09-08,2026-09-22T13:29:44.351620,asset_growth_dropped_2026-09-22,MTSI,0.01566742822309538,0.5185185185185185,6.689009552332173e-05,0.004327479680140981,,
2026-09-08,2026-09-22T13:29:44.351620,asset_growth_dropped_2026-09-22,MTUS,-0.02085602732325345,0.3970189701897019,-9.116441620203525e-05,0.004327479680140981,,
2026-09-08,2026-09-22T13:29:44.351620,asset_growth_dropped_2026-09-22,MTW,0.03146904783043273,0.5781391147244805,0.00013527128328739142,0.004327479680140981,,
2026-09-08,2026-09-22T13:29:44.351620,asset_growth_dropped_2026-09-22,MTX,0.13135239267303517,0.8654019873532068,0.0005675144284782679,0.004327479680140981,,
2026-09-08,2026-09-22T13:29:44.351620,asset_growth_dropped_2026-09-22,MTZ,-0.06511842042127533,0.2813911472448058,-0.00028270902292813733,0.004327479680140981,,
2026-09-08,2026-09-22T13:29:44.351620,asset_growth_dropped_2026-09-22,MU,0.10628830943914962,0.8026196928635954,0.000459050117582266,0.004327479680140981,,
2026-09-08,2026-09-22T13:29:44.351620,asset_growth_dropped_2026-09-22,MUR,0.03565211538275755,0.5885275519421861,0.00015337342312073417,0.004327479680140981,,
2026-09-08,2026-09-22T13:29:44.351620,asset_growth_dropped_2026-09-22,MUSA,0.19137987666959705,0.9607046070460704,0.0008272821457233774,0.004327479680140981,,
2026-09-08,2026-09-22T13:29:44.351620,asset_growth_dropped_2026-09-22,MVST,-0.20905639768647932,0.05374887082204156,-0.0009055976947439022,0.004327479680140981,,
2026-09-08,2026-09-22T13:29:44.351620,asset_growth_dropped_2026-09-22,MWA,-0.056797090258396986,0.3026196928635953,-0.0002466986357365371,0.004327479680140981,,
2026-09-08,2026-09-22T13:29:44.351620,asset_growth_dropped_2026-09-22,MWH,0.11376973054885169,0.8202348690153568,0.0004914258154130795,0.004327479680140981,,
2026-09-08,2026-09-22T13:29:44.351620,asset_growth_dropped_2026-09-22,MXL,0.10115576289833227,0.7859078590785907,0.00043683912671950106,0.004327479680140981,,
2026-09-08,2026-09-22T13:29:44.351620,asset_growth_dropped_2026-09-22,MYGN,-0.045253425593691235,0.3283649503161698,-0.00019674366146566147,0.004327479680140981,,
2026-09-08,2026-09-22T13:29:44.351620,asset_growth_dropped_2026-09-22,MYRG,0.12297666059650872,0.8410117434507678,0.0005312686181107947,0.004327479680140981,,
2026-09-08,2026-09-22T13:29:44.351620,asset_growth_dropped_2026-09-22,MZTI,-0.054973764371130156,0.3075880758807588,-0.00023880823000911483,0.004327479680140981,,
2026-09-08,2026-09-22T13:29:44.351620,asset_growth_dropped_2026-09-22,NABL,-0.09441529471896218,0.2104787714543812,-0.00040949065114302176,0.004327479680140981,,
2026-09-08,2026-09-22T13:29:44.351620,asset_growth_dropped_2026-09-22,NATL,0.045396951162891094,0.6224028906955736,0.00019554400194557285,0.004327479680140981,,
2026-09-08,2026-09-22T13:29:44.351620,asset_growth_dropped_2026-09-22,NAVI,-0.11739989436122905,0.16892502258355918,-0.0005089560390511073,0.004327479680140981,,
2026-09-08,2026-09-22T13:29:44.351620,asset_growth_dropped_2026-09-22,NAVN,0.15321238704514253,0.912375790424571,0.0006621131099315587,0.004327479680140981,,
2026-09-08,2026-09-22T13:29:44.351620,asset_growth_dropped_2026-09-22,NBHC,-0.03765131422335645,0.34914182475158084,-0.000163845678984369,0.004327479680140981,,
2026-09-08,2026-09-22T13:29:44.351620,asset_growth_dropped_2026-09-22,NBIX,0.12410614516801785,0.8455284552845529,0.0005361564396430332,0.004327479680140981,,
2026-09-08,2026-09-22T13:29:44.351620,asset_growth_dropped_2026-09-22,NBR,0.10090716326346211,0.7854561878952123,0.00043576331685110995,0.004327479680140981,,
2026-09-08,2026-09-22T13:29:44.351620,asset_growth_dropped_2026-09-22,NBTB,-0.027423571527269458,0.37985546522131886,-0.0001195853302933422,0.004327479680140981,,
2026-09-08,2026-09-22T13:29:44.351620,asset_growth_dropped_2026-09-22,NCLH,-0.1160107304642032,0.17208672086720866,-0.0005029444605143424,0.004327479680140981,,
2026-09-08,2026-09-22T13:29:44.351620,asset_growth_dropped_2026-09-22,NCNO,-0.1209645142201563,0.16350496838301717,-0.000524381859058042,0.004327479680140981,,
2026-09-08,2026-09-22T13:29:44.351620,asset_growth_dropped_2026-09-22,NDAQ,0.12759080072849133,0.8550135501355014,0.0005512362157732725,0.004327479680140981,,
2026-09-08,2026-09-22T13:29:44.351620,asset_growth_dropped_2026-09-22,NDSN,0.07565699149075747,0.7172538392050587,0.0003264937115846613,0.004327479680140981,,
2026-09-08,2026-09-22T13:29:44.351620,asset_growth_dropped_2026-09-22,NE,0.0409860635182304,0.6074977416440831,0.0001764559752919188,0.004327479680140981,,
2026-09-08,2026-09-22T13:29:44.351620,asset_growth_dropped_2026-09-22,NEE,0.03715414147154852,0.5957542908762421,0.0001598734104990187,0.004327479680140981,,
2026-09-08,2026-09-22T13:29:44.351620,asset_growth_dropped_2026-09-22,NEM,0.23635921591671072,0.99096657633243,0.0010219293223414296,0.004327479680140981,,
2026-09-08,2026-09-22T13:29:44.351620,asset_growth_dropped_2026-09-22,NEO,0.11916295286827513,0.8328816621499548,0.0005147648754108673,0.004327479680140981,,
2026-09-08,2026-09-22T13:29:44.351620,asset_growth_dropped_2026-09-22,NEOG,0.09239958737646117,0.7592592592592593,0.00039894695507285605,0.004327479680140981,,
2026-09-08,2026-09-22T13:29:44.351620,asset_growth_dropped_2026-09-22,NESR,0.030440755429782224,0.5736224028906955,0.00013082136881833298,0.004327479680140981,,
2026-09-08,2026-09-22T13:29:44.351620,asset_growth_dropped_2026-09-22,NET,0.1340440947802114,0.8712737127371274,0.0005791627146520658,0.004327479680140981,,
2026-09-08,2026-09-22T13:29:44.351620,asset_growth_dropped_2026-09-22,NEU,0.12279082075041207,0.8405600722673894,0.000530464399953051,0.004327479680140981,,
2026-09-08,2026-09-22T13:29:44.351620,asset_growth_dropped_2026-09-22,NEXT,-0.24043912107340212,0.03432700993676603,-0.0010414057925082958,0.004327479680140981,,
2026-09-08,2026-09-22T13:29:44.351620,asset_growth_dropped_2026-09-22,NFG,-0.09631420516652292,0.20596205962059622,-0.00041770814751924826,0.004327479680140981,,
2026-09-08,2026-09-22T13:29:44.351620,asset_growth_dropped_2026-09-22,NFLX,0.01091597077056082,0.5049683830171635,4.6328259946424e-05,0.004327479680140981,,
2026-09-08,2026-09-22T13:29:44.351620,asset_growth_dropped_2026-09-22,NG,-0.10001861969245568,0.1996386630532972,-0.00043373892610704134,0.004327479680140981,,
2026-09-08,2026-09-22T13:29:44.351620,asset_growth_dropped_2026-09-22,NGL,0.1177184795578645,0.8297199638663053,0.0005085139465115593,0.004327479680140981,,
2026-09-08,2026-09-22T13:29:44.351620,asset_growth_dropped_2026-09-22,NGVT,0.17697258115925968,0.9435411020776875,0.0007649348671566061,0.004327479680140981,,
2026-09-08,2026-09-22T13:29:44.351620,asset_growth_dropped_2026-09-22,NHC,0.10587261951036511,0.8012646793134598,0.00045725122786221184,0.004327479680140981,,
2026-09-08,2026-09-22T13:29:44.351620,asset_growth_dropped_2026-09-22,NHI,-0.1065433030969535,0.1915085817524842,-0.0004619743609593588,0.004327479680140981,,
2026-09-08,2026-09-22T13:29:44.351620,asset_growth_dropped_2026-09-22,NI,0.09628622659804956,0.7723577235772358,0.00041576630732831875,0.004327479680140981,,
2026-09-08,2026-09-22T13:29:44.351620,asset_growth_dropped_2026-09-22,NIC,-0.03823899313642441,0.34823848238482386,-0.00016638884753911794,0.004327479680140981,,
2026-09-08,2026-09-22T13:29:44.351620,asset_growth_dropped_2026-09-22,NIQ,0.021191780076624166,0.5429087624209575,9.079661591541672e-05,0.004327479680140981,,
2026-09-08,2026-09-22T13:29:44.351620,asset_growth_dropped_2026-09-22,NJR,-0.05281204905891768,0.3107497741644083,-0.00022945345092126575,0.004327479680140981,,
2026-09-08,2026-09-22T13:29:44.351620,asset_growth_dropped_2026-09-22,NKE,0.001964874313753265,0.47199638663053295,7.592571914607368e-06,0.004327479680140981,,
2026-09-08,2026-09-22T13:29:44.351620,asset_growth_dropped_2026-09-22,NKTR,-0.22955990081387273,0.04155374887082204,-0.0009943261878994042,0.004327479680140981,,
2026-09-08,2026-09-22T13:29:44.351620,asset_growth_dropped_2026-09-22,NKTX,-0.17622391339730775,0.08536585365853659,-0.0007635157861339642,0.004327479680140981,,
2026-09-08,2026-09-22T13:29:44.351620,asset_growth_dropped_2026-09-22,NLY,-0.004939797153855556,0.44941282746160793,-2.2287253559519015e-05,0.004327479680140981,,
2026-09-08,2026-09-22T13:29:44.351620,asset_growth_dropped_2026-09-22,NMAX,-0.19072803720976045,0.07136404697380307,-0.0008262820872106021,0.004327479680140981,,
2026-09-08,2026-09-22T13:29:44.351620,asset_growth_dropped_2026-09-22,NMIH,0.09662943511776699,0.7732610659439928,0.0004172515352234472,0.004327479680140981,,
2026-09-08,2026-09-22T13:29:44.351620,asset_growth_dropped_2026-09-22,NMRA,-0.27294422440488775,0.023035230352303523,-0.0011820709666761828,0.004327479680140981,,
2026-09-08,2026-09-22T13:29:44.351620,asset_growth_dropped_2026-09-22,NMRK,-0.11298373132227858,0.17479674796747968,-0.0004898451832358595,0.004327479680140981,,
2026-09-08,2026-09-22T13:29:44.351620,asset_growth_dropped_2026-09-22,NN,-0.16075146583771832,0.1034327009936766,-0.000696559083717794,0.004327479680140981,,
2026-09-08,2026-09-22T13:29:44.351620,asset_growth_dropped_2026-09-22,NNDM,-0.032325290880337726,0.3617886178861789,-0.00014079742119149893,0.004327479680140981,,
2026-09-08,2026-09-22T13:29:44.351620,asset_growth_dropped_2026-09-22,NNE,-0.3895917680929742,0.0027100271002710027,-0.001686860841724734,0.004327479680140981,,
2026-09-08,2026-09-22T13:29:44.351620,asset_growth_dropped_2026-09-22,NNI,-0.0023767588056158584,0.45889792231255644,-1.1195757188089617e-05,0.004327479680140981,,
2026-09-08,2026-09-22T13:29:44.351620,asset_growth_dropped_2026-09-22,NNN,0.014591583335825935,0.516260162601626,6.223439863467964e-05,0.004327479680140981,,
2026-09-08,2026-09-22T13:29:44.351620,asset_growth_dropped_2026-09-22,NOC,0.012914309386357077,0.511743450767841,5.4976029700323354e-05,0.004327479680140981,,
2026-09-08,2026-09-22T13:29:44.351620,asset_growth_dropped_2026-09-22,NOG,-0.08495313235247422,0.22990063233965674,-0.00036854333577185036,0.004327479680140981,,
2026-09-08,2026-09-22T13:29:44.351620,asset_growth_dropped_2026-09-22,NOV,0.1854416196105888,0.9561878952122854,0.0008015844589650654,0.004327479680140981,,
2026-09-08,2026-09-22T13:29:44.351620,asset_growth_dropped_2026-09-22,NOVT,-0.07612622211758911,0.25158084914182477,-0.00033034506109195664,0.004327479680140981,,
2026-09-08,2026-09-22T13:29:44.351620,asset_growth_dropped_2026-09-22,NOW,0.06139041264690512,0.6693766937669376,0.000264755381532761,0.004327479680140981,,
2026-09-08,2026-09-22T13:29:44.351620,asset_growth_dropped_2026-09-22,NP,0.05497159808571613,0.6499548328816621,0.0002369780919486226,0.004327479680140981,,
2026-09-08,2026-09-22T13:29:44.351620,asset_growth_dropped_2026-09-22,NPO,0.08021141264130476,0.7271906052393857,0.000346202876568459,0.004327479680140981,,
2026-09-08,2026-09-22T13:29:44.351620,asset_growth_dropped_2026-09-22,NPWR,-0.21253982639844726,0.05058717253839205,-0.0009206721617121631,0.004327479680140981,,
2026-09-08,2026-09-22T13:29:44.351620,asset_growth_dropped_2026-09-22,NRG,-0.14169782506380224,0.12872628726287264,-0.0006141048404359666,0.004327479680140981,,
2026-09-08,2026-09-22T13:29:44.351620,asset_growth_dropped_2026-09-22,NRGV,-0.0912478348980155,0.21725383920505872,-0.000395783533130212,0.004327479680140981,,
2026-09-08,2026-09-22T13:29:44.351620,asset_growth_dropped_2026-09-22,NRIX,-0.004951482245482669,0.44850948509485095,-2.233782055609593e-05,0.004327479680140981,,
2026-09-08,2026-09-22T13:29:44.351620,asset_growth_dropped_2026-09-22,NRP,0.04779846125638111,0.6305329719963866,0.00020593648807680438,0.004327479680140981,,
2026-09-08,2026-09-22T13:29:44.351620,asset_growth_dropped_2026-09-22,NSC,0.11180693974911746,0.8161698283649503,0.00048293187811086194,0.004327479680140981,,
2026-09-08,2026-09-22T13:29:44.351620,asset_growth_dropped_2026-09-22,NSIT,0.16053232854704397,0.9245709123757905,0.0006937900080408579,0.004327479680140981,,
2026-09-08,2026-09-22T13:29:44.351620,asset_growth_dropped_2026-09-22,NSP,-0.07115903184226674,0.26513098464317975,-0.0003088496461081052,0.004327479680140981,,
2026-09-08,2026-09-22T13:29:44.351620,asset_growth_dropped_2026-09-22,NSSC,0.03799943394254174,0.5980126467931346,0.000163531396491018,0.004327479680140981,,
2026-09-08,2026-09-22T13:29:44.351620,asset_growth_dropped_2026-09-22,NTAP,0.12529525951997444,0.8504968383017163,0.0005413023078384894,0.004327479680140981,,
2026-09-08,2026-09-22T13:29:44.351620,asset_growth_dropped_2026-09-22,NTCT,0.08176100513755802,0.7303523035230353,0.00035290870660849386,0.004327479680140981,,
2026-09-08,2026-09-22T13:29:44.351620,asset_growth_dropped_2026-09-22,NTGR,-0.027935606333680106,0.37759710930442636,-0.0001218011505136092,0.004327479680140981,,
2026-09-08,2026-09-22T13:29:44.351620,asset_growth_dropped_2026-09-22,NTLA,-0.31665679857538975,0.011291779584462511,-0.0013712362431656856,0.004327479680140981,,
2026-09-08,2026-09-22T13:29:44.351620,asset_growth_dropped_2026-09-22,NTNX,0.13049646026001105,0.8635953026196929,0.000563810398353332,0.004327479680140981,,
2026-09-08,2026-09-22T13:29:44.351620,asset_growth_dropped_2026-09-22,NTRA,0.14225263941785665,0.8938572719060524,0.0006146850247750057,0.004327479680140981,,
2026-09-08,2026-09-22T13:29:44.351620,asset_growth_dropped_2026-09-22,NTRS,0.164142042060047,0.9277326106594399,0.0007094109699195089,0.004327479680140981,,
2026-09-08,2026-09-22T13:29:44.351620,asset_growth_dropped_2026-09-22,NTSK,0.01922753231828044,0.5316169828364951,8.229637365442177e-05,0.004327479680140981,,
2026-09-08,2026-09-22T13:29:44.351620,asset_growth_dropped_2026-09-22,NTST,-0.04284831939002057,0.33514001806684734,-0.00018633561324069565,0.004327479680140981,,
2026-09-08,2026-09-22T13:29:44.351620,asset_growth_dropped_2026-09-22,NUE,0.08141049272347586,0.7294489611562782,0.0003513918712589162,0.004327479680140981,,
2026-09-08,2026-09-22T13:29:44.351620,asset_growth_dropped_2026-09-22,NUS,-0.15428194376724985,0.1120144534778681,-0.0006685623584176181,0.004327479680140981,,
2026-09-08,2026-09-22T13:29:44.351620,asset_growth_dropped_2026-09-22,NUTX,0.025983717967122844,0.5578139114724481,0.00011153362976504739,0.004327479680140981,,
2026-09-08,2026-09-22T13:29:44.351620,asset_growth_dropped_2026-09-22,NUVB,-0.11599599825566917,0.17253839205058719,-0.0005028807071812679,0.004327479680140981,,
2026-09-08,2026-09-22T13:29:44.351620,asset_growth_dropped_2026-09-22,NVAX,-0.10610740063132135,0.1919602529358627,-0.0004600880018968123,0.004327479680140981,,
2026-09-08,2026-09-22T13:29:44.351620,asset_growth_dropped_2026-09-22,NVCR,0.01733800029712844,0.5248419150858176,7.411946222791077e-05,0.004327479680140981,,
2026-09-08,2026-09-22T13:29:44.351620,asset_growth_dropped_2026-09-22,NVDA,0.07687563102546326,0.7195121951219512,0.000331767349408517,0.004327479680140981,,
2026-09-08,2026-09-22T13:29:44.351620,asset_growth_dropped_2026-09-22,NVR,0.020391634979941148,0.537940379403794,8.733400426835652e-05,0.004327479680140981,,
2026-09-08,2026-09-22T13:29:44.351620,asset_growth_dropped_2026-09-22,NVST,0.19955549696873295,0.9697380307136405,0.0008626619764404361,0.004327479680140981,,
2026-09-08,2026-09-22T13:29:44.351620,asset_growth_dropped_2026-09-22,NVT,0.0576831604990226,0.6580849141824752,0.00024871232319364036,0.004327479680140981,,
2026-09-08,2026-09-22T13:29:44.351620,asset_growth_dropped_2026-09-22,NVTS,-0.08445388905719084,0.23080397470641373,-0.00036638287055606496,0.004327479680140981,,
2026-09-08,2026-09-22T13:29:44.351620,asset_growth_dropped_2026-09-22,NWBI,-0.04975886786148337,0.3179765130984643,-0.00021624087132958024,0.004327479680140981,,
2026-09-08,2026-09-22T13:29:44.351620,asset_growth_dropped_2026-09-22,NWE,0.11905506888871611,0.8319783197831978,0.0005142980096815129,0.004327479680140981,,
2026-09-08,2026-09-22T13:29:44.351620,asset_growth_dropped_2026-09-22,NWL,0.013519913691867336,0.5140018066847335,5.759677002662489e-05,0.004327479680140981,,
2026-09-08,2026-09-22T13:29:44.351620,asset_growth_dropped_2026-09-22,NWN,-0.036450914089904196,0.35320686540198737,-0.00015865097179881585,0.004327479680140981,,
2026-09-08,2026-09-22T13:29:44.351620,asset_growth_dropped_2026-09-22,NWSA,0.13944000339147702,0.8861788617886179,0.0006025133995232155,0.004327479680140981,,
2026-09-08,2026-09-22T13:29:44.351620,asset_growth_dropped_2026-09-22,NX,-0.00248620168038146,0.458446251129178,-1.1669369004773972e-05,0.004327479680140981,,
2026-09-08,2026-09-22T13:29:44.351620,asset_growth_dropped_2026-09-22,NXDR,0.1558048834802122,0.9159891598915989,0.0006733320855751607,0.004327479680140981,,
2026-09-08,2026-09-22T13:29:44.351620,asset_growth_dropped_2026-09-22,NXDT,-0.06333276451807446,0.2863595302619693,-0.00027498163329131174,0.004327479680140981,,
2026-09-08,2026-09-22T13:29:44.351620,asset_growth_dropped_2026-09-22,NXH,-0.1495777461232919,0.11833785004516711,-0.0006482050387020229,0.004327479680140981,,
2026-09-08,2026-09-22T13:29:44.351620,asset_growth_dropped_2026-09-22,NXPI,0.04423746479136746,0.6183378500451672,0.00019052634823340394,0.004327479680140981,,
2026-09-08,2026-09-22T13:29:44.351620,asset_growth_dropped_2026-09-22,NXRT,-0.044857754142369435,0.3297199638663053,-0.00019503140130005452,0.004327479680140981,,
2026-09-08,2026-09-22T13:29:44.351620,asset_growth_dropped_2026-09-22,NXST,-0.13889565855277114,0.13279132791327913,-0.0006019785217991079,0.004327479680140981,,
2026-09-08,2026-09-22T13:29:44.351620,asset_growth_dropped_2026-09-22,NXT,-0.05867971838796517,0.2962962962962963,-0.00025484567071250525,0.004327479680140981,,
2026-09-08,2026-09-22T13:29:44.351620,asset_growth_dropped_2026-09-22,NYT,0.09906026647955407,0.7791327913279132,0.0004277709085474302,0.004327479680140981,,
2026-09-08,2026-09-22T13:29:44.351620,asset_growth_dropped_2026-09-22,O,-0.02131396581802704,0.3943089430894309,-9.31461357329223e-05,0.004327479680140981,,
2026-09-08,2026-09-22T13:29:44.351620,asset_growth_dropped_2026-09-22,OBDC,0.05315342755068004,0.6449864498644986,0.00022910999590322284,0.004327479680140981,,
2026-09-08,2026-09-22T13:29:44.351620,asset_growth_dropped_2026-09-22,OBX,0.22569797487272816,0.986449864498645,0.00097579301835851,0.004327479680140981,,
2026-09-08,2026-09-22T13:29:44.351620,asset_growth_dropped_2026-09-22,OC,0.11960854700699516,0.8346883468834688,0.0005166931749917682,0.004327479680140981,,
2026-09-08,2026-09-22T13:29:44.351620,asset_growth_dropped_2026-09-22,OCGN,-0.19121461558071248,0.07091237579042457,-0.0008283877452236932,0.004327479680140981,,
2026-09-08,2026-09-22T13:29:44.351620,asset_growth_dropped_2026-09-22,OCTV,0.15518550980715032,0.9155374887082204,0.0006706517585905711,0.004327479680140981,,
2026-09-08,2026-09-22T13:29:44.351620,asset_growth_dropped_2026-09-22,OCUL,-0.2030733492835343,0.06007226738934056,-0.0008797061743548577,0.004327479680140981,,
2026-09-08,2026-09-22T13:29:44.351620,asset_growth_dropped_2026-09-22,ODFL,0.11808244417596094,0.8301716350496838,0.0005100889960006618,0.004327479680140981,,
2026-09-08,2026-09-22T13:29:44.351620,asset_growth_dropped_2026-09-22,OEC,-0.09557622123851928,0.2064137308039747,-0.0004145145370665419,0.004327479680140981,,
2026-09-08,2026-09-22T13:29:44.351620,asset_growth_dropped_2026-09-22,OFG,0.004409650770856088,0.48057813911472447,1.8172292355206895e-05,0.004327479680140981,,
2026-09-08,2026-09-22T13:29:44.351620,asset_growth_dropped_2026-09-22,OGE,0.05427845563145545,0.6481481481481481,0.00023397853206236642,0.004327479680140981,,
2026-09-08,2026-09-22T13:29:44.351620,asset_growth_dropped_2026-09-22,OGN,0.07012062078160229,0.7000903342366757,0.00030253517983906453,0.004327479680140981,,
2026-09-08,2026-09-22T13:29:44.351620,asset_growth_dropped_2026-09-22,OGS,-0.01935619471783638,0.4015356820234869,-8.467392107847997e-05,0.004327479680140981,,
2026-09-08,2026-09-22T13:29:44.351620,asset_growth_dropped_2026-09-22,OHI,-0.0057708925410182785,0.44625112917795845,-2.5883801959724596e-05,0.004327479680140981,,
2026-09-08,2026-09-22T13:29:44.351620,asset_growth_dropped_2026-09-22,OI,-0.13004280401474622,0.14724480578139115,-0.0005636679736745611,0.004327479680140981,,
2026-09-08,2026-09-22T13:29:44.351620,asset_growth_dropped_2026-09-22,OII,0.049042985057014564,0.6336946702800361,0.00021132213953549748,0.004327479680140981,,
2026-09-08,2026-09-22T13:29:44.351620,asset_growth_dropped_2026-09-22,OIS,0.09264150027147612,0.7601626016260162,0.0003999938282103973,0.004327479680140981,,
2026-09-08,2026-09-22T13:29:44.351620,asset_growth_dropped_2026-09-22,OKE,0.0919915340215871,0.7579042457091237,0.0003971811124712252,0.004327479680140981,,
2026-09-08,2026-09-22T13:29:44.351620,asset_growth_dropped_2026-09-22,OKLO,-0.21713255674987172,0.04742547425474255,-0.0009405471089843192,0.004327479680140981,,
2026-09-08,2026-09-22T13:29:44.351620,asset_growth_dropped_2026-09-22,OKTA,0.0886788115684473,0.7493224932249323,0.00038284537336931586,0.004327479680140981,,
2026-09-08,2026-09-22T13:29:44.351620,asset_growth_dropped_2026-09-22,OLED,-0.13246680951700013,0.13911472448057813,-0.0005741578082301148,0.004327479680140981,,
2026-09-08,2026-09-22T13:29:44.351620,asset_growth_dropped_2026-09-22,OLLI,-0.1516773170009853,0.11517615176151762,-0.000657290889012257,0.004327479680140981,,
2026-09-08,2026-09-22T13:29:44.351620,asset_growth_dropped_2026-09-22,OLMA,-0.2783791193140427,0.01987353206865402,-0.0012055903639592524,0.004327479680140981,,
2026-09-08,2026-09-22T13:29:44.351620,asset_growth_dropped_2026-09-22,OLN,-0.04378314497890384,0.33152664859981934,-0.00019038105198106384,0.004327479680140981,,
2026-09-08,2026-09-22T13:29:44.351620,asset_growth_dropped_2026-09-22,OMC,-0.04300613489971224,0.3346883468834688,-0.00018701855665209744,0.004327479680140981,,
2026-09-08,2026-09-22T13:29:44.351620,asset_growth_dropped_2026-09-22,OMCL,-0.0038962468080989757,0.45121951219512196,-1.7771310643053317e-05,0.004327479680140981,,
2026-09-08,2026-09-22T13:29:44.351620,asset_growth_dropped_2026-09-22,OMF,0.10363105037946327,0.7913279132791328,0.0004475508829966028,0.004327479680140981,,
2026-09-08,2026-09-22T13:29:44.351620,asset_growth_dropped_2026-09-22,ON,0.08005086867536962,0.7262872628726287,0.0003455081258181054,0.004327479680140981,,
2026-09-08,2026-09-22T13:29:44.351620,asset_growth_dropped_2026-09-22,ONB,0.06298267731001453,0.6729900632339657,0.0002716458745077735,0.004327479680140981,,
2026-09-08,2026-09-22T13:29:44.351620,asset_growth_dropped_2026-09-22,ONC,0.12475455890594787,0.8486901535682023,0.0005389624369182497,0.004327479680140981,,
2026-09-08,2026-09-22T13:29:44.351620,asset_growth_dropped_2026-09-22,ONDS,-0.19263674386839197,0.06865401987353206,-0.0008345419764911799,0.004327479680140981,,
2026-09-08,2026-09-22T13:29:44.351620,asset_growth_dropped_2026-09-22,ONIT,-0.22956519578065698,0.04110207768744354,-0.00099434910176057,0.004327479680140981,,
2026-09-08,2026-09-22T13:29:44.351620,asset_growth_dropped_2026-09-22,ONT,-0.039856835538460575,0.34191508581752483,-0.00017339002765959992,0.004327479680140981,,
2026-09-08,2026-09-22T13:29:44.351620,asset_growth_dropped_2026-09-22,ONTO,0.005187442426048329,0.483739837398374,2.1538169938434536e-05,0.004327479680140981,,
2026-09-08,2026-09-22T13:29:44.351620,asset_growth_dropped_2026-09-22,OPCH,0.015406786432291819,0.5176151761517616,6.576217346982376e-05,0.004327479680140981,,
2026-09-08,2026-09-22T13:29:44.351620,asset_growth_dropped_2026-09-22,OPEN,-0.1733119933482568,0.08807588075880758,-0.0007509145112915011,0.004327479680140981,,
2026-09-08,2026-09-22T13:29:44.351620,asset_growth_dropped_2026-09-22,OPK,-0.13216198082255426,0.14046973803071364,-0.0005728386682489764,0.004327479680140981,,
2026-09-08,2026-09-22T13:29:44.351620,asset_growth_dropped_2026-09-22,OPLN,0.032021588844971804,0.5790424570912376,0.00013766239330025376,0.004327479680140981,,
2026-09-08,2026-09-22T13:29:44.351620,asset_growth_dropped_2026-09-22,OPTU,-0.14813878364803806,0.12014453477868112,-0.0006419779578298767,0.004327479680140981,,
2026-09-08,2026-09-22T13:29:44.351620,asset_growth_dropped_2026-09-22,ORA,-0.12246097589146891,0.16079494128274616,-0.0005308577665327571,0.004327479680140981,,
2026-09-08,2026-09-22T13:29:44.351620,asset_growth_dropped_2026-09-22,ORCL,-0.03036136832997391,0.3685636856368564,-0.00013229858626142885,0.004327479680140981,,
2026-09-08,2026-09-22T13:29:44.351620,asset_growth_dropped_2026-09-22,ORGO,-0.2624507284051795,0.026648599819331528,-0.0011366605759638047,0.004327479680140981,,
2026-09-08,2026-09-22T13:29:44.351620,asset_growth_dropped_2026-09-22,ORI,0.028879755723635492,0.5709123757904245,0.00012406617430927696,0.004327479680140981,,
2026-09-08,2026-09-22T13:29:44.351620,asset_growth_dropped_2026-09-22,ORKA,-0.22827964073646378,0.04290876242095754,-0.0009887858884291213,0.004327479680140981,,
2026-09-08,2026-09-22T13:29:44.351620,asset_growth_dropped_2026-09-22,ORLY,-0.003356874607084691,0.45167118337850043,-1.543718840313108e-05,0.004327479680140981,,
2026-09-08,2026-09-22T13:29:44.351620,asset_growth_dropped_2026-09-22,OSCR,0.07437917789179879,0.7113821138211383,0.00032096399920015974,0.004327479680140981,,
2026-09-08,2026-09-22T13:29:44.351620,asset_growth_dropped_2026-09-22,OSIS,0.018287070185567522,0.528906955736224,7.822654288516458e-05,0.004327479680140981,,
2026-09-08,2026-09-22T13:29:44.351620,asset_growth_dropped_2026-09-22,OSK,0.09511563449719809,0.7687443541102078,0.00041070059379815047,0.004327479680140981,,
2026-09-08,2026-09-22T13:29:44.351620,asset_growth_dropped_2026-09-22,OSW,-0.006392968177727436,0.44308943089430897,-2.8575821637094238e-05,0.004327479680140981,,
2026-09-08,2026-09-22T13:29:44.351620,asset_growth_dropped_2026-09-22,OTEX,-0.07050624401159436,0.2660343270099368,-0.0003060247200354271,0.004327479680140981,,
2026-09-08,2026-09-22T13:29:44.351620,asset_growth_dropped_2026-09-22,OTIS,0.059028747495527986,0.6635049683830172,0.00025453532357887936,0.004327479680140981,,
2026-09-08,2026-09-22T13:29:44.351620,asset_growth_dropped_2026-09-22,OTTR,-0.007218862372260992,0.4385727190605239,-3.2149861981884606e-05,0.004327479680140981,,
2026-09-08,2026-09-22T13:29:44.351620,asset_growth_dropped_2026-09-22,OUST,-0.07259542078640605,0.26061427280939475,-0.00031506559007664716,0.004327479680140981,,
2026-09-08,2026-09-22T13:29:44.351620,asset_growth_dropped_2026-09-22,OUT,0.018284782870346905,0.5284552845528455,7.821664457502527e-05,0.004327479680140981,,
2026-09-08,2026-09-22T13:29:44.351620,asset_growth_dropped_2026-09-22,OVV,0.13621516490994767,0.8762420957542909,0.0005885579765226604,0.004327479680140981,,
2026-09-08,2026-09-22T13:29:44.351620,asset_growth_dropped_2026-09-22,OWL,-0.07853287756363878,0.24480578139114725,-0.0003407598136318372,0.004327479680140981,,
2026-09-08,2026-09-22T13:29:44.351620,asset_growth_dropped_2026-09-22,OXY,0.05289346967424265,0.6440831074977417,0.00022798503347524744,0.004327479680140981,,
2026-09-08,2026-09-22T13:29:44.351620,asset_growth_dropped_2026-09-22,OZK,-0.025077226209202684,0.3843721770551039,-0.0001094315686068143,0.004327479680140981,,
2026-09-08,2026-09-22T13:29:44.351620,asset_growth_dropped_2026-09-22,P,0.021410733948784136,0.5433604336043361,9.174413434807717e-05,0.004327479680140981,,
2026-09-08,2026-09-22T13:29:44.351620,asset_growth_dropped_2026-09-22,PAA,0.06424047859970333,0.6793134598012647,0.0002770889840305569,0.004327479680140981,,
2026-09-08,2026-09-22T13:29:44.351620,asset_growth_dropped_2026-09-22,PACB,-0.1942737728191853,0.06639566395663957,-0.0008416261860115404,0.004327479680140981,,
2026-09-08,2026-09-22T13:29:44.351620,asset_growth_dropped_2026-09-22,PACK,-0.10314276130284664,0.1942186088527552,-0.00044725858544389114,0.004327479680140981,,
2026-09-08,2026-09-22T13:29:44.351620,asset_growth_dropped_2026-09-22,PACS,-0.0005992375640127834,0.46160794941282746,-3.503570134033342e-06,0.004327479680140981,,
2026-09-08,2026-09-22T13:29:44.351620,asset_growth_dropped_2026-09-22,PAG,0.08074556367177989,0.7280939476061428,0.00034851440429896645,0.004327479680140981,,
2026-09-08,2026-09-22T13:29:44.351620,asset_growth_dropped_2026-09-22,PAGP,0.0581007788424436,0.6612466124661247,0.0002505195580888489,0.004327479680140981,,
2026-09-08,2026-09-22T13:29:44.351620,asset_growth_dropped_2026-09-22,PAHC,-0.11254172544507986,0.17524841915085818,-0.0004879324117837791,0.004327479680140981,,
2026-09-08,2026-09-22T13:29:44.351620,asset_growth_dropped_2026-09-22,PANW,0.047593512987086195,0.6296296296296297,0.00020504957860595057,0.004327479680140981,,
2026-09-08,2026-09-22T13:29:44.351620,asset_growth_dropped_2026-09-22,PAR,-0.24974334294694459,0.03026196928635953,-0.001081669623605574,0.004327479680140981,,
2026-09-08,2026-09-22T13:29:44.351620,asset_growth_dropped_2026-09-22,PARR,0.085666416581537,0.7398373983739838,0.00036980929527490297,0.004327479680140981,,
2026-09-08,2026-09-22T13:29:44.351620,asset_growth_dropped_2026-09-22,PATH,0.139314414873405,0.8852755194218609,0.0006019699177631998,0.004327479680140981,,
2026-09-08,2026-09-22T13:29:44.351620,asset_growth_dropped_2026-09-22,PATK,-0.06497986546517374,0.28184281842818426,-0.0002821094291710249,0.004327479680140981,,
2026-09-08,2026-09-22T13:29:44.351620,asset_growth_dropped_2026-09-22,PAY,0.06333801762650845,0.6747967479674797,0.0002731836025069358,0.004327479680140981,,
2026-09-08,2026-09-22T13:29:44.351620,asset_growth_dropped_2026-09-22,PAYC,0.09353243842426173,0.7642276422764228,0.0004038493449628394,0.004327479680140981,,
2026-09-08,2026-09-22T13:29:44.351620,asset_growth_dropped_2026-09-22,PAYO,0.14217547210917741,0.8929539295392954,0.0006143510848147252,0.004327479680140981,,
2026-09-08,2026-09-22T13:29:44.351620,asset_growth_dropped_2026-09-22,PAYX,0.07362967186685757,0.7086720867208672,0.00031772052710708336,0.004327479680140981,,
2026-09-08,2026-09-22T13:29:44.351620,asset_growth_dropped_2026-09-22,PB,-0.08273617551488607,0.23532068654019875,-0.0003589495001054381,0.004327479680140981,,
2026-09-08,2026-09-22T13:29:44.351620,asset_growth_dropped_2026-09-22,PBF,-0.0044243572696135575,0.44986449864498645,-2.0056697934127544e-05,0.004327479680140981,,
2026-09-08,2026-09-22T13:29:44.351620,asset_growth_dropped_2026-09-22,PBH,-0.10703642653424922,0.1897018970189702,-0.00046410834261405726,0.004327479680140981,,
2026-09-08,2026-09-22T13:29:44.351620,asset_growth_dropped_2026-09-22,PBI,0.18905878027763662,0.9598012646793135,0.0008172376482515201,0.004327479680140981,,
2026-09-08,2026-09-22T13:29:44.351620,asset_growth_dropped_2026-09-22,PBLS,-0.19757166773893878,0.06323396567299007,-0.0008558977592640139,0.004327479680140981,,
2026-09-08,2026-09-22T13:29:44.351620,asset_growth_dropped_2026-09-22,PBYI,0.06048363980520746,0.6680216802168022,0.00026083134048581066,0.004327479680140981,,
2026-09-08,2026-09-22T13:29:44.351620,asset_growth_dropped_2026-09-22,PCAR,0.12829918379039748,0.8572719060523939,0.0005543017290794274,0.004327479680140981,,
2026-09-08,2026-09-22T13:29:44.351620,asset_growth_dropped_2026-09-22,PCG,-0.010307257960781177,0.4277326106594399,-4.5514831135442755e-05,0.004327479680140981,,
2026-09-08,2026-09-22T13:29:44.351620,asset_growth_dropped_2026-09-22,PCOR,-0.014902059468959936,0.4132791327913279,-6.539874129636747e-05,0.004327479680140981,,
2026-09-08,2026-09-22T13:29:44.351620,asset_growth_dropped_2026-09-22,PCRX,0.1199718041693501,0.8360433604336044,0.0005182651629805249,0.004327479680140981,,
2026-09-08,2026-09-22T13:29:44.351620,asset_growth_dropped_2026-09-22,PCT,-0.3372870206180314,0.008581752484191508,-0.0014605131098520139,0.004327479680140981,,
2026-09-08,2026-09-22T13:29:44.351620,asset_growth_dropped_2026-09-22,PCTY,0.05600427850011606,0.6526648599819331,0.00024144699545801783,0.004327479680140981,,
2026-09-08,2026-09-22T13:29:44.351620,asset_growth_dropped_2026-09-22,PCVX,-0.07332221981437538,0.25925925925925924,-0.0003182107981017307,0.004327479680140981,,
2026-09-08,2026-09-22T13:29:44.351620,asset_growth_dropped_2026-09-22,PD,-0.13265640462365097,0.13821138211382114,-0.0005749782772016005,0.004327479680140981,,
2026-09-08,2026-09-22T13:29:44.351620,asset_growth_dropped_2026-09-22,PDFS,-0.06644765811034711,0.27822944896115626,-0.00028846127201767304,0.004327479680140981,,
2026-09-08,2026-09-22T13:29:44.351620,asset_growth_dropped_2026-09-22,PDM,0.0744066750893172,0.7118337850045167,0.00032108299276368147,0.004327479680140981,,
2026-09-08,2026-09-22T13:29:44.351620,asset_growth_dropped_2026-09-22,PEB,0.08529731482969573,0.7375790424570913,0.0003682120149439054,0.004327479680140981,,
2026-09-08,2026-09-22T13:29:44.351620,asset_growth_dropped_2026-09-22,PECO,0.04518170731553094,0.6214995483288166,0.00019461253856984645,0.004327479680140981,,
2026-09-08,2026-09-22T13:29:44.351620,asset_growth_dropped_2026-09-22,PEG,0.02117577845985759,0.542457091237579,9.072736924400996e-05,0.004327479680140981,,
2026-09-08,2026-09-22T13:29:44.351620,asset_growth_dropped_2026-09-22,PEGA,0.020477944618694857,0.5401987353206865,8.77075074762635e-05,0.004327479680140981,,
2026-09-08,2026-09-22T13:29:44.351620,asset_growth_dropped_2026-09-22,PEN,0.060100582291536656,0.6657633242999097,0.00025917366687907493,0.004327479680140981,,
2026-09-08,2026-09-22T13:29:44.351620,asset_growth_dropped_2026-09-22,PENG,0.04052108759134207,0.6056910569105691,0.00017444380141655482,0.004327479680140981,,
2026-09-08,2026-09-22T13:29:44.351620,asset_growth_dropped_2026-09-22,PENN,0.03668443511350399,0.5939476061427281,0.000157840765778948,0.004327479680140981,,
2026-09-08,2026-09-22T13:29:44.351620,asset_growth_dropped_2026-09-22,PEP,0.1291988889891517,0.8590785907859079,0.0005581951850451534,0.004327479680140981,,
2026-09-08,2026-09-22T13:29:44.351620,asset_growth_dropped_2026-09-22,PFE,0.0958871143455321,0.7714543812104788,0.00041403915716545415,0.004327479680140981,,
2026-09-08,2026-09-22T13:29:44.351620,asset_growth_dropped_2026-09-22,PFG,0.0752140622507107,0.7154471544715447,0.0003245769442986186,0.004327479680140981,,
2026-09-08,2026-09-22T13:29:44.351620,asset_growth_dropped_2026-09-22,PFGC,0.1330176341158396,0.8685636856368564,0.0005747207269845328,0.004327479680140981,,
2026-09-08,2026-09-22T13:29:44.351620,asset_growth_dropped_2026-09-22,PFS,-0.030461061546003268,0.36811201445347785,-0.0001327300066280438,0.004327479680140981,,
2026-09-08,2026-09-22T13:29:44.351620,asset_growth_dropped_2026-09-22,PFSI,-0.14654626496595125,0.12240289069557363,-0.0006350863655929011,0.004327479680140981,,
2026-09-08,2026-09-22T13:29:44.351620,asset_growth_dropped_2026-09-22,PG,0.1474890673030049,0.9042457091237579,0.0006373455600445085,0.004327479680140981,,
2026-09-08,2026-09-22T13:29:44.351620,asset_growth_dropped_2026-09-22,PGEN,-0.06568269837740506,0.2791327913279133,-0.0002851509243172402,0.004327479680140981,,
2026-09-08,2026-09-22T13:29:44.351620,asset_growth_dropped_2026-09-22,PGNY,0.17904796924377242,0.948509485094851,0.0007739160669207417,0.004327479680140981,,
2026-09-08,2026-09-22T13:29:44.351620,asset_growth_dropped_2026-09-22,PGR,0.08929291943200204,0.7520325203252033,0.0003855029126702638,0.004327479680140981,,
2026-09-08,2026-09-22T13:29:44.351620,asset_growth_dropped_2026-09-22,PH,0.1163875286679929,0.8261065943992774,0.0005027542835803744,0.004327479680140981,,
2026-09-08,2026-09-22T13:29:44.351620,asset_growth_dropped_2026-09-22,PHIN,0.0678013105111416,0.6919602529358627,0.0002924984117717036,0.004327479680140981,,
2026-09-08,2026-09-22T13:29:44.351620,asset_growth_dropped_2026-09-22,PHM,0.030224462148252584,0.573170731707317,0.00012988536403756246,0.004327479680140981,,
2026-09-08,2026-09-22T13:29:44.351620,asset_growth_dropped_2026-09-22,PHR,-0.12673755066483955,0.15221318879855464,-0.0005493645569651221,0.004327479680140981,,
2026-09-08,2026-09-22T13:29:44.351620,asset_growth_dropped_2026-09-22,PI,-0.01689916327708802,0.4092140921409214,-7.404116744517393e-05,0.004327479680140981,,
2026-09-08,2026-09-22T13:29:44.351620,asset_growth_dropped_2026-09-22,PII,0.10513384228079989,0.7962962962962963,0.00045405418441311744,0.004327479680140981,,
2026-09-08,2026-09-22T13:29:44.351620,asset_growth_dropped_2026-09-22,PINS,0.09104711357645777,0.7556458897922312,0.00039309415218541827,0.004327479680140981,,
2026-09-08,2026-09-22T13:29:44.351620,asset_growth_dropped_2026-09-22,PIPR,0.09334838573195688,0.7633242999096658,0.00040305286067681485,0.004327479680140981,,
2026-09-08,2026-09-22T13:29:44.351620,asset_growth_dropped_2026-09-22,PJT,0.08218099193173224,0.7312556458897922,0.00035472619092621037,0.004327479680140981,,
2026-09-08,2026-09-22T13:29:44.351620,asset_growth_dropped_2026-09-22,PK,0.07544271009334011,0.7168021680216802,0.00032556641319150543,0.004327479680140981,,
2026-09-08,2026-09-22T13:29:44.351620,asset_growth_dropped_2026-09-22,PKG,0.0572927545079712,0.6567299006323396,0.00024702284920036016,0.004327479680140981,,
2026-09-08,2026-09-22T13:29:44.351620,asset_growth_dropped_2026-09-22,PL,-0.12816805328632117,0.14995483288166214,-0.0005555550279919722,0.004327479680140981,,
2026-09-08,2026-09-22T13:29:44.351620,asset_growth_dropped_2026-09-22,PLAB,0.028324898284695567,0.5691056910569106,0.00012166504001688936,0.004327479680140981,,
2026-09-08,2026-09-22T13:29:44.351620,asset_growth_dropped_2026-09-22,PLAY,-0.04811810680393225,0.32204155374887083,-0.00020914051119306113,0.004327479680140981,,
2026-09-08,2026-09-22T13:29:44.351620,asset_growth_dropped_2026-09-22,PLD,0.09812306810145138,0.7768744354110207,0.0004237152016099297,0.004327479680140981,,
2026-09-08,2026-09-22T13:29:44.351620,asset_growth_dropped_2026-09-22,PLMR,0.05530022996880316,0.6504065040650406,0.00023840023974492817,0.004327479680140981,,
2026-09-08,2026-09-22T13:29:44.351620,asset_growth_dropped_2026-09-22,PLNT,-0.007352030376711172,0.43812104787714545,-3.272614381518768e-05,0.004327479680140981,,
2026-09-08,2026-09-22T13:29:44.351620,asset_growth_dropped_2026-09-22,PLPC,0.1481431151439675,0.9056007226738934,0.0006401759387861142,0.004327479680140981,,
2026-09-08,2026-09-22T13:29:44.351620,asset_growth_dropped_2026-09-22,PLSE,-0.045090838477241935,0.3288166214995483,-0.00019604006902297443,0.004327479680140981,,
2026-09-08,2026-09-22T13:29:44.351620,asset_growth_dropped_2026-09-22,PLTK,-0.049401934927202296,0.3193315266485998,-0.0002146962513093058,0.004327479680140981,,
2026-09-08,2026-09-22T13:29:44.351620,asset_growth_dropped_2026-09-22,PLTR,0.027238540951937562,0.5650406504065041,0.00011696385073400693,0.004327479680140981,,
2026-09-08,2026-09-22T13:29:44.351620,asset_growth_dropped_2026-09-22,PLUG,-0.1251571704859661,0.15582655826558264,-0.0005425254938541497,0.004327479680140981,,
2026-09-08,2026-09-22T13:29:44.351620,asset_growth_dropped_2026-09-22,PLUS,0.05080919131514619,0.6377597109304426,0.0002189653612284999,0.004327479680140981,,
2026-09-08,2026-09-22T13:29:44.351620,asset_growth_dropped_2026-09-22,PLX,-0.06289572477252545,0.2872628726287263,-0.0002730903526730344,0.004327479680140981,,
2026-09-08,2026-09-22T13:29:44.351620,asset_growth_dropped_2026-09-22,PLXS,-0.002618038985308789,0.45754290876242093,-1.2239892262931538e-05,0.004327479680140981,,
2026-09-08,2026-09-22T13:29:44.351620,asset_growth_dropped_2026-09-22,PM,0.16400524818404344,0.926829268292683,0.0007088189972007357,0.004327479680140981,,
2026-09-08,2026-09-22T13:29:44.351620,asset_growth_dropped_2026-09-22,PMT,-0.1603417932342271,0.1043360433604336,-0.0006947862338506752,0.004327479680140981,,
2026-09-08,2026-09-22T13:29:44.351620,asset_growth_dropped_2026-09-22,PNC,0.010812521124164615,0.503613369467028,4.5880583703726644e-05,0.004327479680140981,,
2026-09-08,2026-09-22T13:29:44.351620,asset_growth_dropped_2026-09-22,PNFP,-0.09227577523043089,0.21499548328816623,-0.00040023192403113695,0.004327479680140981,,
2026-09-08,2026-09-22T13:29:44.351620,asset_growth_dropped_2026-09-22,PNR,0.011800468378480866,0.5067750677506775,5.01559053718313e-05,0.004327479680140981,,
2026-09-08,2026-09-22T13:29:44.351620,asset_growth_dropped_2026-09-22,PNW,-0.007115636132060982,0.43902439024390244,-3.170315252496171e-05,0.004327479680140981,,
2026-09-08,2026-09-22T13:29:44.351620,asset_growth_dropped_2026-09-22,PODD,0.009724298698412182,0.5,4.1171323268809266e-05,0.004327479680140981,,
2026-09-08,2026-09-22T13:29:44.351620,asset_growth_dropped_2026-09-22,POOL,-0.055252468075838106,0.30668473351400183,-0.0002400143146280185,0.004327479680140981,,
2026-09-08,2026-09-22T13:29:44.351620,asset_growth_dropped_2026-09-22,POR,0.03309381021959051,0.5813008130081301,0.000142302409511529,0.004327479680140981,,
2026-09-08,2026-09-22T13:29:44.351620,asset_growth_dropped_2026-09-22,POST,-0.06518030307815506,0.2809394760614273,-0.0002829768188683375,0.004327479680140981,,
2026-09-08,2026-09-22T13:29:44.351620,asset_growth_dropped_2026-09-22,POWI,-0.02492090572240384,0.38482384823848237,-0.00010875509487660256,0.004327479680140981,,
2026-09-08,2026-09-22T13:29:44.351620,asset_growth_dropped_2026-09-22,POWL,-0.11037524535012702,0.18066847335140018,-0.00047855701319544084,0.004327479680140981,,
2026-09-08,2026-09-22T13:29:44.351620,asset_growth_dropped_2026-09-22,PPC,-0.08809929362545227,0.22312556458897922,-0.00038215828475110937,0.004327479680140981,,
2026-09-08,2026-09-22T13:29:44.351620,asset_growth_dropped_2026-09-22,PPG,0.09534359418180476,0.7696476964769647,0.00041168708470117716,0.004327479680140981,,
2026-09-08,2026-09-22T13:29:44.351620,asset_growth_dropped_2026-09-22,PPL,-0.03535625405920866,0.35546522131887986,-0.00015391385275931842,0.004327479680140981,,
2026-09-08,2026-09-22T13:29:44.351620,asset_growth_dropped_2026-09-22,PPLI,0.02742169134142944,0.5654923215898826,0.00011775643032294294,0.004327479680140981,,
2026-09-08,2026-09-22T13:29:44.351620,asset_growth_dropped_2026-09-22,PPTA,-0.30124230186272516,0.013098464317976514,-0.0013045303218620296,0.004327479680140981,,
2026-09-08,2026-09-22T13:29:44.351620,asset_growth_dropped_2026-09-22,PR,0.16050797345698248,0.924119241192412,0.0006936846118835088,0.004327479680140981,,
2026-09-08,2026-09-22T13:29:44.351620,asset_growth_dropped_2026-09-22,PRAA,0.06028106184681916,0.6666666666666666,0.00025995468848724086,0.004327479680140981,,
2026-09-08,2026-09-22T13:29:44.351620,asset_growth_dropped_2026-09-22,PRAX,-0.10741189698117821,0.1874435411020777,-0.0004657331833436359,0.004327479680140981,,
2026-09-08,2026-09-22T13:29:44.351620,asset_growth_dropped_2026-09-22,PRCH,-0.10127529713564802,0.1969286359530262,-0.00043917717220694777,0.004327479680140981,,
2026-09-08,2026-09-22T13:29:44.351620,asset_growth_dropped_2026-09-22,PRCT,-0.08131178734962959,0.23848238482384823,-0.00035278548926365736,0.004327479680140981,,
2026-09-08,2026-09-22T13:29:44.351620,asset_growth_dropped_2026-09-22,PRDO,0.07797345566229495,0.7222222222222222,0.00033651816321676433,0.004327479680140981,,
2026-09-08,2026-09-22T13:29:44.351620,asset_growth_dropped_2026-09-22,PRG,0.12203627004811024,0.8392050587172538,0.0005271990971212037,0.004327479680140981,,
2026-09-08,2026-09-22T13:29:44.351620,asset_growth_dropped_2026-09-22,PRGO,-0.1285528677644364,0.14950316169828365,-0.0005572203048266399,0.004327479680140981,,
2026-09-08,2026-09-22T13:29:44.351620,asset_growth_dropped_2026-09-22,PRGS,0.08549535148682338,0.7384823848238482,0.0003690690145535484,0.004327479680140981,,
2026-09-08,2026-09-22T13:29:44.351620,asset_growth_dropped_2026-09-22,PRI,0.04791868068977359,0.6309846431797651,0.0002064567352319684,0.004327479680140981,,
2026-09-08,2026-09-22T13:29:44.351620,asset_growth_dropped_2026-09-22,PRIM,-0.11696877836275738,0.16982836495031617,-0.0005070903933279375,0.004327479680140981,,
2026-09-08,2026-09-22T13:29:44.351620,asset_growth_dropped_2026-09-22,PRK,-0.09553778271168423,0.2068654019873532,-0.0004143481951227286,0.004327479680140981,,
2026-09-08,2026-09-22T13:29:44.351620,asset_growth_dropped_2026-09-22,PRKS,-0.0032349693779824065,0.45212285456187895,-1.4909646001288015e-05,0.004327479680140981,,
2026-09-08,2026-09-22T13:29:44.351620,asset_growth_dropped_2026-09-22,PRLB,0.15683232735440544,0.9177958446251129,0.0006777783280632173,0.004327479680140981,,
2026-09-08,2026-09-22T13:29:44.351620,asset_growth_dropped_2026-09-22,PRLD,-0.1371160749426232,0.13324299909665763,-0.0005942774098870808,0.004327479680140981,,
2026-09-08,2026-09-22T13:29:44.351620,asset_growth_dropped_2026-09-22,PRM,0.029473454158469053,0.5718157181571816,0.0001266353922221507,0.004327479680140981,,
2026-09-08,2026-09-22T13:29:44.351620,asset_growth_dropped_2026-09-22,PRMB,0.027055843612413068,0.564137308039747,0.00011617323170959887,0.004327479680140981,,
2026-09-08,2026-09-22T13:29:44.351620,asset_growth_dropped_2026-09-22,PRME,-0.2886301100454115,0.017163504968383016,-0.0012499513180505644,0.004327479680140981,,
2026-09-08,2026-09-22T13:29:44.351620,asset_growth_dropped_2026-09-22,PROK,-0.3798349932373048,0.0036133694670280035,-0.0016446385967931144,0.004327479680140981,,
2026-09-08,2026-09-22T13:29:44.351620,asset_growth_dropped_2026-09-22,PRTA,-0.03863723284351083,0.34778681120144533,-0.0001681122217793597,0.004327479680140981,,
2026-09-08,2026-09-22T13:29:44.351620,asset_growth_dropped_2026-09-22,PRU,0.03840252371091469,0.5989159891598916,0.00016527575927292472,0.004327479680140981,,
2026-09-08,2026-09-22T13:29:44.351620,asset_growth_dropped_2026-09-22,PRVA,-0.02863206797705982,0.3744354110207769,-0.0001248150741233325,0.004327479680140981,,
2026-09-08,2026-09-22T13:29:44.351620,asset_growth_dropped_2026-09-22,PS,0.0022739739884868326,0.4742547425474255,8.93019447615507e-06,0.004327479680140981,,
2026-09-08,2026-09-22T13:29:44.351620,asset_growth_dropped_2026-09-22,PSA,0.10485726861157552,0.7944896115627823,0.00045285731747948696,0.004327479680140981,,
2026-09-08,2026-09-22T13:29:44.351620,asset_growth_dropped_2026-09-22,PSEC,-0.1392546934706547,0.13098464317976513,-0.00060353223811071,0.004327479680140981,,
2026-09-08,2026-09-22T13:29:44.351620,asset_growth_dropped_2026-09-22,PSIX,-0.17028699919959628,0.0930442637759711,-0.0007378239105806273,0.004327479680140981,,
2026-09-08,2026-09-22T13:29:44.351620,asset_growth_dropped_2026-09-22,PSKY,-0.16058950760527457,0.10388437217705511,-0.0006958582127578622,0.004327479680140981,,
2026-09-08,2026-09-22T13:29:44.351620,asset_growth_dropped_2026-09-22,PSMT,0.10524337334792258,0.7981029810298103,0.0004545281778804351,0.004327479680140981,,
2026-09-08,2026-09-22T13:29:44.351620,asset_growth_dropped_2026-09-22,PSN,-0.13296183867973083,0.13775971093044265,-0.0005763000368729092,0.004327479680140981,,
2026-09-08,2026-09-22T13:29:44.351620,asset_growth_dropped_2026-09-22,PSX,0.19397111195035543,0.9652213188798555,0.0008384956637473237,0.004327479680140981,,
2026-09-08,2026-09-22T13:29:44.351620,asset_growth_dropped_2026-09-22,PTC,-0.08350256587776664,0.23306233062330622,-0.0003622660388278596,0.004327479680140981,,
2026-09-08,2026-09-22T13:29:44.351620,asset_growth_dropped_2026-09-22,PTCT,-0.06487679190610651,0.2827461607949413,-0.0002816633804386016,0.004327479680140981,,
2026-09-08,2026-09-22T13:29:44.351620,asset_growth_dropped_2026-09-22,PTEN,0.20145253551430717,0.971093044263776,0.0008708713721988527,0.004327479680140981,,
2026-09-08,2026-09-22T13:29:44.351620,asset_growth_dropped_2026-09-22,PTGX,-0.013926853506306,0.4164408310749774,-6.117855730903024e-05,0.004327479680140981,,
2026-09-08,2026-09-22T13:29:44.351620,asset_growth_dropped_2026-09-22,PTLO,-0.18816438340733857,0.07407407407407407,-0.0008151879274737054,0.004327479680140981,,
2026-09-08,2026-09-22T13:29:44.351620,asset_growth_dropped_2026-09-22,PTON,-0.09407937297863586,0.21138211382113822,-0.000408036956637642,0.004327479680140981,,
2026-09-08,2026-09-22T13:29:44.351620,asset_growth_dropped_2026-09-22,PTRN,0.09187264736785034,0.7574525745257452,0.00039666663289293934,0.004327479680140981,,
2026-09-08,2026-09-22T13:29:44.351620,asset_growth_dropped_2026-09-22,PUBM,0.12201594210529512,0.8387533875338753,0.0005271111283617322,0.004327479680140981,,
2026-09-08,2026-09-22T13:29:44.351620,asset_growth_dropped_2026-09-22,PUMP,-0.027207296056465033,0.3803071364046974,-0.00011864940258812313,0.004327479680140981,,
2026-09-08,2026-09-22T13:29:44.351620,asset_growth_dropped_2026-09-22,PURR,-0.3516516648486811,0.004968383017163505,-0.001522675815872605,0.004327479680140981,,
2026-09-08,2026-09-22T13:29:44.351620,asset_growth_dropped_2026-09-22,PVH,7.414109140231606e-05,0.4634146341463415,-5.895376856838431e-07,0.004327479680140981,,
2026-09-08,2026-09-22T13:29:44.351620,asset_growth_dropped_2026-09-22,PVLA,-0.13511311640888696,0.13504968383017163,-0.0005856096475321722,0.004327479680140981,,
2026-09-08,2026-09-22T13:29:44.351620,asset_growth_dropped_2026-09-22,PWP,-0.2307611766090648,0.03929539295392954,-0.0009995246844933432,0.004327479680140981,,
2026-09-08,2026-09-22T13:29:44.351620,asset_growth_dropped_2026-09-22,PWR,0.051816749102577046,0.6395663956639567,0.00022332554708017475,0.004327479680140981,,
2026-09-08,2026-09-22T13:29:44.351620,asset_growth_dropped_2026-09-22,PYPL,-0.005005177694809904,0.44760614272809396,-2.2570186521975578e-05,0.004327479680140981,,
2026-09-08,2026-09-22T13:29:44.351620,asset_growth_dropped_2026-09-22,PZZA,-0.023525617477882267,0.3884372177055104,-0.00010271701335049588,0.004327479680140981,,
2026-09-08,2026-09-22T13:29:44.351620,asset_growth_dropped_2026-09-22,Q,-0.05517585233340744,0.3071364046973803,-0.00023968276155947088,0.004327479680140981,,
2026-09-08,2026-09-22T13:29:44.351620,asset_growth_dropped_2026-09-22,QBTS,-0.13900383835546748,0.13143631436314362,-0.0006024466676970779,0.004327479680140981,,
2026-09-08,2026-09-22T13:29:44.351620,asset_growth_dropped_2026-09-22,QCOM,0.08555639673318938,0.7389340560072267,0.00036933318661676643,0.004327479680140981,,
2026-09-08,2026-09-22T13:29:44.351620,asset_growth_dropped_2026-09-22,QDEL,-0.19032964465721422,0.07181571815718157,-0.0008245580515347389,0.004327479680140981,,
2026-09-08,2026-09-22T13:29:44.351620,asset_growth_dropped_2026-09-22,QLYS,0.1477431682308985,0.9046973803071364,0.000638445176646673,0.004327479680140981,,
2026-09-08,2026-09-22T13:29:44.351620,asset_growth_dropped_2026-09-22,QNT,-0.051968398315031014,0.3130081300813008,-0.00022580256946996035,0.004327479680140981,,
2026-09-08,2026-09-22T13:29:44.351620,asset_growth_dropped_2026-09-22,QRVO,0.17905877130164333,0.9489611562782294,0.0007739628126066817,0.004327479680140981,,
2026-09-08,2026-09-22T13:29:44.351620,asset_growth_dropped_2026-09-22,QS,-0.18074633270493956,0.07994579945799458,-0.0007830864637928181,0.004327479680140981,,
2026-09-08,2026-09-22T13:29:44.351620,asset_growth_dropped_2026-09-22,QSR,0.04032708927021398,0.6052393857271906,0.00017360427762389154,0.004327479680140981,,
2026-09-08,2026-09-22T13:29:44.351620,asset_growth_dropped_2026-09-22,QTWO,0.006275015096903577,0.4869015356820235,2.6244618572237277e-05,0.004327479680140981,,
2026-09-08,2026-09-22T13:29:44.351620,asset_growth_dropped_2026-09-22,QUAD,0.1973356251518773,0.9679313459801264,0.0008530555262604757,0.004327479680140981,,
2026-09-08,2026-09-22T13:29:44.351620,asset_growth_dropped_2026-09-22,QUBT,-0.41265374290920753,0.0009033423667570009,-0.001786661069125907,0.004327479680140981,,
2026-09-08,2026-09-22T13:29:44.351620,asset_growth_dropped_2026-09-22,QURE,-0.2701527096018951,0.023486901535682024,-0.001169990743089419,0.004327479680140981,,
2026-09-08,2026-09-22T13:29:44.351620,asset_growth_dropped_2026-09-22,QXO,-0.26250959380170547,0.026196928635953028,-0.0011369153147711341,0.004327479680140981,,
2026-09-08,2026-09-22T13:29:44.351620,asset_growth_dropped_2026-09-22,R,0.26089205961814904,0.996386630532972,0.0011280947049554786,0.004327479680140981,,
2026-09-08,2026-09-22T13:29:44.351620,asset_growth_dropped_2026-09-22,RAL,0.20662997485656825,0.9760614272809395,0.0008932766357476501,0.004327479680140981,,
2026-09-08,2026-09-22T13:29:44.351620,asset_growth_dropped_2026-09-22,RAMP,0.19363110643474502,0.964769647696477,0.0008370242967873837,0.004327479680140981,,
2026-09-08,2026-09-22T13:29:44.351620,asset_growth_dropped_2026-09-22,RAPP,-0.1097295191352833,0.18292682926829268,-0.00047576264612177025,0.004327479680140981,,
2026-09-08,2026-09-22T13:29:44.351620,asset_growth_dropped_2026-09-22,RARE,-0.15060317884156868,0.11607949412827462,-0.0006526425779537175,0.004327479680140981,,
2026-09-08,2026-09-22T13:29:44.351620,asset_growth_dropped_2026-09-22,RBA,-0.1022130070001853,0.1951219512195122,-0.0004432350925916006,0.004327479680140981,,
2026-09-08,2026-09-22T13:29:44.351620,asset_growth_dropped_2026-09-22,RBC,0.08612687882844644,0.7416440831074977,0.00037180193629187563,0.004327479680140981,,
2026-09-08,2026-09-22T13:29:44.351620,asset_growth_dropped_2026-09-22,RBLX,-0.01578069383826869,0.4114724480578139,-6.920101367582458e-05,0.004327479680140981,,
2026-09-08,2026-09-22T13:29:44.351620,asset_growth_dropped_2026-09-22,RBRK,-0.05404157548719653,0.3093947606142728,-0.00023477420155583876,0.004327479680140981,,
2026-09-08,2026-09-22T13:29:44.351620,asset_growth_dropped_2026-09-22,RCAT,-0.2818974202189054,0.018970189701897018,-0.0012208157396336673,0.004327479680140981,,
2026-09-08,2026-09-22T13:29:44.351620,asset_growth_dropped_2026-09-22,RCKT,-0.18665857140319803,0.07678410117434507,-0.0008086715566236747,0.004327479680140981,,
2026-09-08,2026-09-22T13:29:44.351620,asset_growth_dropped_2026-09-22,RCL,0.011484469847005747,0.5058717253839206,4.878842814791833e-05,0.004327479680140981,,
2026-09-08,2026-09-22T13:29:44.351620,asset_growth_dropped_2026-09-22,RCUS,-0.032824429833102534,0.36133694670280037,-0.00014295743486715548,0.004327479680140981,,
2026-09-08,2026-09-22T13:29:44.351620,asset_growth_dropped_2026-09-22,RDDT,-0.06665960794529713,0.27732610659439927,-0.00028937848062162845,0.004327479680140981,,
2026-09-08,2026-09-22T13:29:44.351620,asset_growth_dropped_2026-09-22,RDN,-0.020567621101090568,0.3979223125564589,-8.991634413599915e-05,0.004327479680140981,,
2026-09-08,2026-09-22T13:29:44.351620,asset_growth_dropped_2026-09-22,RDNT,-0.150289747104259,0.11698283649503162,-0.0006512862084793985,0.004327479680140981,,
2026-09-08,2026-09-22T13:29:44.351620,asset_growth_dropped_2026-09-22,RDW,-0.1690808224153039,0.09620596205962059,-0.0007326042050559442,0.004327479680140981,,
2026-09-08,2026-09-22T13:29:44.351620,asset_growth_dropped_2026-09-22,REAL,0.020453890961278184,0.5392953929539296,8.760341576255978e-05,0.004327479680140981,,
2026-09-08,2026-09-22T13:29:44.351620,asset_growth_dropped_2026-09-22,REG,0.009035030774680416,0.4950316169828365,3.818853033468709e-05,0.004327479680140981,,
2026-09-08,2026-09-22T13:29:44.351620,asset_growth_dropped_2026-09-22,REGN,0.20165594603190556,0.971996386630533,0.0008717516270804867,0.004327479680140981,,
2026-09-08,2026-09-22T13:29:44.351620,asset_growth_dropped_2026-09-22,RELY,0.12359699508468104,0.8419150858175248,0.0005339531030032511,0.004327479680140981,,
2026-09-08,2026-09-22T13:29:44.351620,asset_growth_dropped_2026-09-22,REPL,-0.05392269815645756,0.31029810298102983,-0.00023425976232263647,0.004327479680140981,,
2026-09-08,2026-09-22T13:29:44.351620,asset_growth_dropped_2026-09-22,RES,0.046906846101738946,0.6269196025293586,0.00020207804161258465,0.004327479680140981,,
2026-09-08,2026-09-22T13:29:44.351620,asset_growth_dropped_2026-09-22,REXR,0.06420717888316804,0.6784101174345076,0.000276944880183896,0.004327479680140981,,
2026-09-08,2026-09-22T13:29:44.351620,asset_growth_dropped_2026-09-22,REYN,0.019078757147891846,0.530713640469738,8.165255212765563e-05,0.004327479680140981,,
2026-09-08,2026-09-22T13:29:44.351620,asset_growth_dropped_2026-09-22,REZI,-0.18054625008046107,0.08039747064137308,-0.0007822206103010381,0.004327479680140981,,
2026-09-08,2026-09-22T13:29:44.351620,asset_growth_dropped_2026-09-22,RF,0.027033509039303266,0.5632339656729901,0.00011607657929830158,0.004327479680140981,,
2026-09-08,2026-09-22T13:29:44.351620,asset_growth_dropped_2026-09-22,RGA,0.13080483947900254,0.8644986449864499,0.0005651449031572954,0.004327479680140981,,
2026-09-08,2026-09-22T13:29:44.351620,asset_growth_dropped_2026-09-22,RGEN,-0.026914193304295238,0.3807588075880759,-0.00011738100638391494,0.004327479680140981,,
2026-09-08,2026-09-22T13:29:44.351620,asset_growth_dropped_2026-09-22,RGLD,-0.07118829766042772,0.2646793134598013,-0.00030897629334151956,0.004327479680140981,,
2026-09-08,2026-09-22T13:29:44.351620,asset_growth_dropped_2026-09-22,RGNX,-0.13156489282210096,0.14363143631436315,-0.0005702547820597588,0.004327479680140981,,
2026-09-08,2026-09-22T13:29:44.351620,asset_growth_dropped_2026-09-22,RGTI,-0.1393064684321922,0.13053297199638664,-0.0006037562932047036,0.004327479680140981,,
2026-09-08,2026-09-22T13:29:44.351620,asset_growth_dropped_2026-09-22,RH,-0.06490375704487565,0.2822944896115628,-0.0002817800715286973,0.004327479680140981,,
2026-09-08,2026-09-22T13:29:44.351620,asset_growth_dropped_2026-09-22,RHI,0.00497344202886555,0.4832881662149955,2.0612087568083964e-05,0.004327479680140981,,
2026-09-08,2026-09-22T13:29:44.351620,asset_growth_dropped_2026-09-22,RHP,0.13239606456153336,0.8676603432700993,0.0005720308973684782,0.004327479680140981,,
2026-09-08,2026-09-22T13:29:44.351620,asset_growth_dropped_2026-09-22,RIG,0.007072037356016095,0.488256549232159,2.969371620316676e-05,0.004327479680140981,,
2026-09-08,2026-09-22T13:29:44.351620,asset_growth_dropped_2026-09-22,RILY,-0.1705822925275246,0.09168925022583559,-0.0007391017864569183,0.004327479680140981,,
2026-09-08,2026-09-22T13:29:44.351620,asset_growth_dropped_2026-09-22,RIOT,-0.020711135785656164,0.3974706413730804,-9.05374010172586e-05,0.004327479680140981,,
2026-09-08,2026-09-22T13:29:44.351620,asset_growth_dropped_2026-09-22,RITM,-0.13668019994523892,0.13369467028003612,-0.0005923911696928188,0.004327479680140981,,
2026-09-08,2026-09-22T13:29:44.351620,asset_growth_dropped_2026-09-22,RIVN,-0.15773529886910947,0.10749774164408311,-0.0006835066824492269,0.004327479680140981,,
2026-09-08,2026-09-22T13:29:44.351620,asset_growth_dropped_2026-09-22,RJF,-0.02690645858451972,0.38121047877145436,-0.00011734753454125479,0.004327479680140981,,
2026-09-08,2026-09-22T13:29:44.351620,asset_growth_dropped_2026-09-22,RKLB,-0.1840055147079317,0.07813911472448058,-0.0007971905076846477,0.004327479680140981,,
2026-09-08,2026-09-22T13:29:44.351620,asset_growth_dropped_2026-09-22,RKT,-0.2781095283476063,0.02077687443541102,-0.0012044237145300495,0.004327479680140981,,
2026-09-08,2026-09-22T13:29:44.351620,asset_growth_dropped_2026-09-22,RL,0.10516709515853848,0.7971996386630533,0.0004541980855658374,0.004327479680140981,,
2026-09-08,2026-09-22T13:29:44.351620,asset_growth_dropped_2026-09-22,RLAY,-0.11161006287427673,0.17705510388437218,-0.0004839006609398807,0.004327479680140981,,
2026-09-08,2026-09-22T13:29:44.351620,asset_growth_dropped_2026-09-22,RLI,0.012061441790922958,0.5076784101174345,5.1285262511231504e-05,0.004327479680140981,,
2026-09-08,2026-09-22T13:29:44.351620,asset_growth_dropped_2026-09-22,RLJ,-0.009008177386314015,0.4340560072267389,-3.989308634657023e-05,0.004327479680140981,,
2026-09-08,2026-09-22T13:29:44.351620,asset_growth_dropped_2026-09-22,RMBS,0.06232332479810373,0.6720867208672087,0.0002687925399104296,0.004327479680140981,,
2026-09-08,2026-09-22T13:29:44.351620,asset_growth_dropped_2026-09-22,RMD,-0.017236077683124282,0.4078590785907859,-7.549915769124261e-05,0.004327479680140981,,
2026-09-08,2026-09-22T13:29:44.351620,asset_growth_dropped_2026-09-22,RMR,0.0041279717834199064,0.4796747967479675,1.695333226075413e-05,0.004327479680140981,,
2026-09-08,2026-09-22T13:29:44.351620,asset_growth_dropped_2026-09-22,RNG,0.22519869471189194,0.985546522131888,0.0009736323936077937,0.004327479680140981,,
2026-09-08,2026-09-22T13:29:44.351620,asset_growth_dropped_2026-09-22,RNR,0.1508783115430317,0.9101174345076785,0.0006520124456242593,0.004327479680140981,,
2026-09-08,2026-09-22T13:29:44.351620,asset_growth_dropped_2026-09-22,RNST,-0.033817345114479515,0.35998193315266486,-0.00014725425557141582,0.004327479680140981,,
2026-09-08,2026-09-22T13:29:44.351620,asset_growth_dropped_2026-09-22,ROAD,-0.146642703860313,0.12195121951219512,-0.0006355037029486268,0.004327479680140981,,
2026-09-08,2026-09-22T13:29:44.351620,asset_growth_dropped_2026-09-22,ROCK,-0.07188418567142275,0.2624209575429088,-0.00031198773456875425,0.004327479680140981,,
2026-09-08,2026-09-22T13:29:44.351620,asset_growth_dropped_2026-09-22,ROG,0.13656714969746417,0.8771454381210478,0.0005900811835383568,0.004327479680140981,,
2026-09-08,2026-09-22T13:29:44.351620,asset_growth_dropped_2026-09-22,ROIV,-0.10927325546929213,0.18473351400180668,-0.00047378817437840684,0.004327479680140981,,
2026-09-08,2026-09-22T13:29:44.351620,asset_growth_dropped_2026-09-22,ROK,0.11347292460207548,0.8193315266485999,0.0004901413937094605,0.004327479680140981,,
2026-09-08,2026-09-22T13:29:44.351620,asset_growth_dropped_2026-09-22,ROKU,0.18882862350998386,0.959349593495935,0.0008162416495162559,0.004327479680140981,,
2026-09-08,2026-09-22T13:29:44.351620,asset_growth_dropped_2026-09-22,ROL,0.07385096151098451,0.7100271002710027,0.00031867815354546836,0.004327479680140981,,
2026-09-08,2026-09-22T13:29:44.351620,asset_growth_dropped_2026-09-22,ROOT,-0.10186544208505942,0.1960252935862692,-0.0004417310124838634,0.004327479680140981,,
2026-09-08,2026-09-22T13:29:44.351620,asset_growth_dropped_2026-09-22,ROP,-0.028920518885700935,0.3735320686540199,-0.00012606333956919513,0.004327479680140981,,
2026-09-08,2026-09-22T13:29:44.351620,asset_growth_dropped_2026-09-22,ROST,0.12450478546583318,0.8464317976513098,0.0005378815474315144,0.004327479680140981,,
2026-09-08,2026-09-22T13:29:44.351620,asset_growth_dropped_2026-09-22,RPAY,-0.20459051380620596,0.05871725383920506,-0.00088627167299815,0.004327479680140981,,
2026-09-08,2026-09-22T13:29:44.351620,asset_growth_dropped_2026-09-22,RPD,-0.10830721749696874,0.1860885275519422,-0.0004696076646829328,0.004327479680140981,,
2026-09-08,2026-09-22T13:29:44.351620,asset_growth_dropped_2026-09-22,RPM,0.08948005255974209,0.7529358626919602,0.0003863127274780401,0.004327479680140981,,
2026-09-08,2026-09-22T13:29:44.351620,asset_growth_dropped_2026-09-22,RPRX,0.16695676870549164,0.9299909665763324,0.0007215916422828219,0.004327479680140981,,
2026-09-08,2026-09-22T13:29:44.351620,asset_growth_dropped_2026-09-22,RRC,0.10307795632743319,0.7890695573622403,0.0004451573797252358,0.004327479680140981,,
2026-09-08,2026-09-22T13:29:44.351620,asset_growth_dropped_2026-09-22,RRR,0.0747830044046078,0.7140921409214093,0.00032271155022864297,0.004327479680140981,,
2026-09-08,2026-09-22T13:29:44.351620,asset_growth_dropped_2026-09-22,RRX,0.038798551718519335,0.6002710027100271,0.00016698956242860053,0.004327479680140981,,
2026-09-08,2026-09-22T13:29:44.351620,asset_growth_dropped_2026-09-22,RS,0.20471725655238038,0.9751580849141824,0.0008849993861524434,0.004327479680140981,,
2026-09-08,2026-09-22T13:29:44.351620,asset_growth_dropped_2026-09-22,RSG,0.1741664833331708,0.9394760614272809,0.0007527915358337187,0.004327479680140981,,
2026-09-08,2026-09-22T13:29:44.351620,asset_growth_dropped_2026-09-22,RSI,0.12503436373767557,0.8491418247515808,0.0005401732866419566,0.004327479680140981,,
2026-09-08,2026-09-22T13:29:44.351620,asset_growth_dropped_2026-09-22,RTX,0.10309164968747064,0.7895212285456188,0.00044521663746255075,0.004327479680140981,,
2026-09-08,2026-09-22T13:29:44.351620,asset_growth_dropped_2026-09-22,RUM,-0.2999487141685917,0.013550135501355014,-0.0012989323474011866,0.004327479680140981,,
2026-09-08,2026-09-22T13:29:44.351620,asset_growth_dropped_2026-09-22,RUN,-0.3381348639234667,0.008130081300813009,-0.0014641821345282287,0.004327479680140981,,
2026-09-08,2026-09-22T13:29:44.351620,asset_growth_dropped_2026-09-22,RUSHA,0.07378472042639976,0.7095754290876242,0.00031839149659793737,0.004327479680140981,,
2026-09-08,2026-09-22T13:29:44.351620,asset_growth_dropped_2026-09-22,RVLV,-0.025674428666774142,0.3830171635049684,-0.00011201595010688504,0.004327479680140981,,
2026-09-08,2026-09-22T13:29:44.351620,asset_growth_dropped_2026-09-22,RVMD,-0.021556343291334747,0.39295392953929537,-9.419501932358532e-05,0.004327479680140981,,
2026-09-08,2026-09-22T13:29:44.351620,asset_growth_dropped_2026-09-22,RVTY,0.11256690012413911,0.8179765130984643,0.0004862205911914805,0.004327479680140981,,
2026-09-08,2026-09-22T13:29:44.351620,asset_growth_dropped_2026-09-22,RWT,-0.17299409855468373,0.08852755194218609,-0.000749538828031891,0.004327479680140981,,
2026-09-08,2026-09-22T13:29:44.351620,asset_growth_dropped_2026-09-22,RXO,-0.07883265361230349,0.24254742547425473,-0.0003420570883910267,0.004327479680140981,,
2026-09-08,2026-09-22T13:29:44.351620,asset_growth_dropped_2026-09-22,RXRX,-0.24931336064470738,0.03071364046973803,-0.0010798088839298224,0.004327479680140981,,
2026-09-08,2026-09-22T13:29:44.351620,asset_growth_dropped_2026-09-22,RXST,-0.11746087991214726,0.16847335140018066,-0.0005092199527834881,0.004327479680140981,,
2026-09-08,2026-09-22T13:29:44.351620,asset_growth_dropped_2026-09-22,RXT,-0.07223788892080232,0.26151761517615174,-0.0003135183781932442,0.004327479680140981,,
2026-09-08,2026-09-22T13:29:44.351620,asset_growth_dropped_2026-09-22,RYAN,-0.024383022034451182,0.3866305329719964,-0.00010642741414670814,0.004327479680140981,,
2026-09-08,2026-09-22T13:29:44.351620,asset_growth_dropped_2026-09-22,RYN,-0.19927697649882026,0.06233062330623306,-0.0008632774482707674,0.004327479680140981,,
2026-09-08,2026-09-22T13:29:44.351620,asset_growth_dropped_2026-09-22,RYTM,0.024841597465757995,0.5519421860885275,0.00010659112650311858,0.004327479680140981,,
2026-09-08,2026-09-22T13:29:44.351620,asset_growth_dropped_2026-09-22,S,0.006838881594911729,0.4878048780487805,2.868473938467981e-05,0.004327479680140981,,
2026-09-08,2026-09-22T13:29:44.351620,asset_growth_dropped_2026-09-22,SABR,-0.09277767335050231,0.2145438121047877,-0.000402403877947247,0.004327479680140981,,
2026-09-08,2026-09-22T13:29:44.351620,asset_growth_dropped_2026-09-22,SAFE,-0.14560777634868918,0.12285456187895212,-0.0006310250751716559,0.004327479680140981,,
2026-09-08,2026-09-22T13:29:44.351620,asset_growth_dropped_2026-09-22,SAH,0.06693667750268986,0.6897018970189702,0.0002887567299968495,0.004327479680140981,,
2026-09-08,2026-09-22T13:29:44.351620,asset_growth_dropped_2026-09-22,SAIA,0.13708204654496223,0.8789521228545619,0.0005923093891832733,0.004327479680140981,,
2026-09-08,2026-09-22T13:29:44.351620,asset_growth_dropped_2026-09-22,SAIC,0.05343915695734551,0.6454381210478771,0.0002303464841045864,0.004327479680140981,,
2026-09-08,2026-09-22T13:29:44.351620,asset_growth_dropped_2026-09-22,SAIL,-0.1071837017505141,0.18879855465221318,-0.0004647456731198319,0.004327479680140981,,
2026-09-08,2026-09-22T13:29:44.351620,asset_growth_dropped_2026-09-22,SAM,0.09265276389348702,0.7606142728093948,0.00040004257130577426,0.004327479680140981,,
2026-09-08,2026-09-22T13:29:44.351620,asset_growth_dropped_2026-09-22,SANA,-0.21370468601558076,0.04968383017163505,-0.0009257130680355251,0.004327479680140981,,
2026-09-08,2026-09-22T13:29:44.351620,asset_growth_dropped_2026-09-22,SANM,-0.0786241085008812,0.24435411020776873,-0.000341154613658954,0.004327479680140981,,
2026-09-08,2026-09-22T13:29:44.351620,asset_growth_dropped_2026-09-22,SARO,-0.08828052933962485,0.22267389340560073,-0.0003829425786215071,0.004327479680140981,,
2026-09-08,2026-09-22T13:29:44.351620,asset_growth_dropped_2026-09-22,SBAC,0.009310939173240142,0.4977416440831075,3.938251832303454e-05,0.004327479680140981,,
2026-09-08,2026-09-22T13:29:44.351620,asset_growth_dropped_2026-09-22,SBCF,-0.07482180684320776,0.2551942186088528,-0.0003247002304976058,0.004327479680140981,,
2026-09-08,2026-09-22T13:29:44.351620,asset_growth_dropped_2026-09-22,SBET,-0.28403755619280574,0.018066847335140017,-0.0012300771345734598,0.004327479680140981,,
2026-09-08,2026-09-22T13:29:44.351620,asset_growth_dropped_2026-09-22,SBGI,-0.13105949015656682,0.14498644986449866,-0.0005680676622943707,0.004327479680140981,,
2026-09-08,2026-09-22T13:29:44.351620,asset_growth_dropped_2026-09-22,SBH,0.03631470011067679,0.592140921409214,0.00015624074506717642,0.004327479680140981,,
2026-09-08,2026-09-22T13:29:44.351620,asset_growth_dropped_2026-09-22,SBRA,-0.05222010027335511,0.3121047877145438,-0.00022689180458005957,0.004327479680140981,,
2026-09-08,2026-09-22T13:29:44.351620,asset_growth_dropped_2026-09-22,SBUX,0.12663939013699638,0.8532068654019873,0.0005471190057711071,0.004327479680140981,,
2026-09-08,2026-09-22T13:29:44.351620,asset_growth_dropped_2026-09-22,SCCO,0.012345923197255734,0.5094850948509485,5.251635001651452e-05,0.004327479680140981,,
2026-09-08,2026-09-22T13:29:44.351620,asset_growth_dropped_2026-09-22,SCHW,0.059659290786107794,0.6648599819331527,0.0002572639868563127,0.004327479680140981,,
2026-09-08,2026-09-22T13:29:44.351620,asset_growth_dropped_2026-09-22,SCI,0.05092445163876353,0.6386630532971996,0.00021946414793688044,0.004327479680140981,,
2026-09-08,2026-09-22T13:29:44.351620,asset_growth_dropped_2026-09-22,SCL,0.022605719877528664,0.5456187895212286,9.691541167277352e-05,0.004327479680140981,,
2026-09-08,2026-09-22T13:29:44.351620,asset_growth_dropped_2026-09-22,SDGR,-0.037374653512966864,0.34959349593495936,-0.0001626484353818647,0.004327479680140981,,
2026-09-08,2026-09-22T13:29:44.351620,asset_growth_dropped_2026-09-22,SEB,0.04543173824458217,0.6228545618789522,0.0001956945423347224,0.004327479680140981,,
2026-09-08,2026-09-22T13:29:44.351620,asset_growth_dropped_2026-09-22,SEDG,-0.11099899462043694,0.1784101174345077,-0.0004812562754882098,0.004327479680140981,,
2026-09-08,2026-09-22T13:29:44.351620,asset_growth_dropped_2026-09-22,SEI,-0.14066493921517512,0.12962962962962962,-0.0006096350479141275,0.004327479680140981,,
2026-09-08,2026-09-22T13:29:44.351620,asset_growth_dropped_2026-09-22,SEIC,0.2237161220940631,0.9841915085817525,0.000967216590729806,0.004327479680140981,,
2026-09-08,2026-09-22T13:29:44.351620,asset_growth_dropped_2026-09-22,SEPN,-0.06881286452872687,0.27009936766034326,-0.00029869665473255044,0.004327479680140981,,
2026-09-08,2026-09-22T13:29:44.351620,asset_growth_dropped_2026-09-22,SES,-0.22489593526510532,0.043812104787714544,-0.0009741429717582356,0.004327479680140981,,
2026-09-08,2026-09-22T13:29:44.351620,asset_growth_dropped_2026-09-22,SEZL,0.05807921606219586,0.6607949412827462,0.00025042624559547944,0.004327479680140981,,
2026-09-08,2026-09-22T13:29:44.351620,asset_growth_dropped_2026-09-22,SF,0.018661342273657067,0.5293586269196026,7.984619774121601e-05,0.004327479680140981,,
2026-09-08,2026-09-22T13:29:44.351620,asset_growth_dropped_2026-09-22,SFBS,-0.06926095087145295,0.2696476964769648,-0.00030063573927564623,0.004327479680140981,,
2026-09-08,2026-09-22T13:29:44.351620,asset_growth_dropped_2026-09-22,SFD,0.06462844320015185,0.6820234869015357,0.0002787678929556119,0.004327479680140981,,
2026-09-08,2026-09-22T13:29:44.351620,asset_growth_dropped_2026-09-22,SFIX,-0.040086727846990314,0.34101174345076785,-0.00017438488195338305,0.004327479680140981,,
2026-09-08,2026-09-22T13:29:44.351620,asset_growth_dropped_2026-09-22,SFM,0.0002109995201951334,0.46476964769647694,2.714383973095397e-09,0.004327479680140981,,
2026-09-08,2026-09-22T13:29:44.351620,asset_growth_dropped_2026-09-22,SFNC,0.022461019924047865,0.54516711833785,9.628922556436802e-05,0.004327479680140981,,
2026-09-08,2026-09-22T13:29:44.351620,asset_growth_dropped_2026-09-22,SG,-0.1229971404213805,0.15989159891598917,-0.0005331780076411618,0.004327479680140981,,
2026-09-08,2026-09-22T13:29:44.351620,asset_growth_dropped_2026-09-22,SGI,-0.08464381408722257,0.23035230352303523,-0.00036720476726427744,0.004327479680140981,,
2026-09-08,2026-09-22T13:29:44.351620,asset_growth_dropped_2026-09-22,SGRY,-0.22893816613924262,0.04200542005420054,-0.0009916356437285033,0.004327479680140981,,
2026-09-08,2026-09-22T13:29:44.351620,asset_growth_dropped_2026-09-22,SHAK,0.0679520897036803,0.6928635953026197,0.00029315090566360287,0.004327479680140981,,
2026-09-08,2026-09-22T13:29:44.351620,asset_growth_dropped_2026-09-22,SHAZ,-0.12611079509363676,0.15401987353206864,-0.0005466522849663269,0.004327479680140981,,
2026-09-08,2026-09-22T13:29:44.351620,asset_growth_dropped_2026-09-22,SHC,0.11581370119133017,0.8247515808491418,0.0005002710568352099,0.004327479680140981,,
2026-09-08,2026-09-22T13:29:44.351620,asset_growth_dropped_2026-09-22,SHEN,-0.006530881210584108,0.44173441734417346,-2.9172637484408104e-05,0.004327479680140981,,
2026-09-08,2026-09-22T13:29:44.351620,asset_growth_dropped_2026-09-22,SHLS,-0.09701933119306093,0.2046070460704607,-0.00042075956607103004,0.004327479680140981,,
2026-09-08,2026-09-22T13:29:44.351620,asset_growth_dropped_2026-09-22,SHO,0.08847965272291522,0.7479674796747967,0.00038198351751215544,0.004327479680140981,,
2026-09-08,2026-09-22T13:29:44.351620,asset_growth_dropped_2026-09-22,SHOO,0.10503786288687608,0.7958446251129178,0.00045363883553619993,0.004327479680140981,,
2026-09-08,2026-09-22T13:29:44.351620,asset_growth_dropped_2026-09-22,SHW,0.14113668556073983,0.8888888888888888,0.0006098557571343578,0.004327479680140981,,
2026-09-08,2026-09-22T13:29:44.351620,asset_growth_dropped_2026-09-22,SIG,0.11644585874464869,0.8265582655826558,0.0005030067058018434,0.004327479680140981,,
2026-09-08,2026-09-22T13:29:44.351620,asset_growth_dropped_2026-09-22,SIGI,0.14475807273212093,0.8992773261065944,0.0006255272365324327,0.004327479680140981,,
2026-09-08,2026-09-22T13:29:44.351620,asset_growth_dropped_2026-09-22,SION,-0.1192809839890588,0.16485998193315266,-0.0005170964161920645,0.004327479680140981,,
2026-09-08,2026-09-22T13:29:44.351620,asset_growth_dropped_2026-09-22,SIRI,0.03619806709982501,0.5903342366757001,0.00015573601808268166,0.004327479680140981,,
2026-09-08,2026-09-22T13:29:44.351620,asset_growth_dropped_2026-09-22,SITC,-0.1914984836897683,0.07046070460704607,-0.0008296161786974723,0.004327479680140981,,
2026-09-08,2026-09-22T13:29:44.351620,asset_growth_dropped_2026-09-22,SITE,0.043801971532768456,0.6156278229448962,0.00018864176000597837,0.004327479680140981,,
2026-09-08,2026-09-22T13:29:44.351620,asset_growth_dropped_2026-09-22,SITM,-0.07574173905577107,0.2529358626919603,-0.0003286812184545807,0.004327479680140981,,
2026-09-08,2026-09-22T13:29:44.351620,asset_growth_dropped_2026-09-22,SJM,0.0529307926600575,0.6445347786811202,0.00022814654793796337,0.004327479680140981,,
2026-09-08,2026-09-22T13:29:44.351620,asset_growth_dropped_2026-09-22,SKT,0.007832811220826977,0.4914182475158085,3.298594964431817e-05,0.004327479680140981,,
2026-09-08,2026-09-22T13:29:44.351620,asset_growth_dropped_2026-09-22,SKWD,-0.03960548701266753,0.34327009936766034,-0.0001723023220215971,0.004327479680140981,,
2026-09-08,2026-09-22T13:29:44.351620,asset_growth_dropped_2026-09-22,SKY,0.11113573023229179,0.8139114724480578,0.0004800272325656816,0.004327479680140981,,
2026-09-08,2026-09-22T13:29:44.351620,asset_growth_dropped_2026-09-22,SKYH,-0.17848599848726743,0.08310749774164408,-0.0007733049133955145,0.004327479680140981,,
2026-09-08,2026-09-22T13:29:44.351620,asset_growth_dropped_2026-09-22,SKYW,0.09959728829063538,0.7804878048780488,0.0004300948595226771,0.004327479680140981,,
2026-09-08,2026-09-22T13:29:44.351620,asset_growth_dropped_2026-09-22,SLAB,0.16886930972798114,0.9331526648599819,0.0007298681246950812,0.004327479680140981,,
2026-09-08,2026-09-22T13:29:44.351620,asset_growth_dropped_2026-09-22,SLB,0.05988090677786938,0.6653116531165312,0.00025822302555745527,0.004327479680140981,,
2026-09-08,2026-09-22T13:29:44.351620,asset_growth_dropped_2026-09-22,SLDE,0.13737247914617834,0.8803071364046974,0.0005935662303634865,0.004327479680140981,,
2026-09-08,2026-09-22T13:29:44.351620,asset_growth_dropped_2026-09-22,SLDP,-0.29217959813883754,0.016711833785004515,-0.001265311655649768,0.004327479680140981,,
2026-09-08,2026-09-22T13:29:44.351620,asset_growth_dropped_2026-09-22,SLG,-0.13175152456916975,0.14227642276422764,-0.0005710624271528682,0.004327479680140981,,
2026-09-08,2026-09-22T13:29:44.351620,asset_growth_dropped_2026-09-22,SLGN,-0.07401656823101681,0.25745257452574527,-0.00032121557676568455,0.004327479680140981,,
2026-09-08,2026-09-22T13:29:44.351620,asset_growth_dropped_2026-09-22,SLM,-0.03205938842944056,0.36314363143631434,-0.00013964673373834176,0.004327479680140981,,
2026-09-08,2026-09-22T13:29:44.351620,asset_growth_dropped_2026-09-22,SLS,-0.24083635998013841,0.03387533875338753,-0.0010431248358053584,0.004327479680140981,,
2026-09-08,2026-09-22T13:29:44.351620,asset_growth_dropped_2026-09-22,SLVM,-0.08998830194652885,0.2181571815718157,-0.0003903329298761855,0.004327479680140981,,
2026-09-08,2026-09-22T13:29:44.351620,asset_growth_dropped_2026-09-22,SM,0.012770976553342,0.5112917795844625,5.435575977795357e-05,0.004327479680140981,,
2026-09-08,2026-09-22T13:29:44.351620,asset_growth_dropped_2026-09-22,SMA,-0.08716886077374254,0.22493224932249323,-0.0003781318554915999,0.004327479680140981,,
2026-09-08,2026-09-22T13:29:44.351620,asset_growth_dropped_2026-09-22,SMC,0.017562441982331735,0.5257452574525745,7.509072906000463e-05,0.004327479680140981,,
2026-09-08,2026-09-22T13:29:44.351620,asset_growth_dropped_2026-09-22,SMCI,-0.2275916913660196,0.04336043360433604,-0.0009858088015075582,0.004327479680140981,,
2026-09-08,2026-09-22T13:29:44.351620,asset_growth_dropped_2026-09-22,SMG,-0.0392687574081395,0.34507678410117437,-0.00017084513150030016,0.004327479680140981,,
2026-09-08,2026-09-22T13:29:44.351620,asset_growth_dropped_2026-09-22,SMMT,-0.1639839180374968,0.1007226738934056,-0.0007105474549293624,0.004327479680140981,,
2026-09-08,2026-09-22T13:29:44.351620,asset_growth_dropped_2026-09-22,SMPL,-0.006288942377947707,0.44354110207768743,-2.8125652102337046e-05,0.004327479680140981,,
2026-09-08,2026-09-22T13:29:44.351620,asset_growth_dropped_2026-09-22,SMR,-0.3209042535812758,0.01038843721770551,-0.0013896170183959706,0.004327479680140981,,
2026-09-08,2026-09-22T13:29:44.351620,asset_growth_dropped_2026-09-22,SMRT,-0.07019431790505809,0.26784101174345076,-0.00030467486614768597,0.004327479680140981,,
2026-09-08,2026-09-22T13:29:44.351620,asset_growth_dropped_2026-09-22,SMTC,0.030662165859843778,0.575880758807588,0.00013177951795539561,0.004327479680140981,,
2026-09-08,2026-09-22T13:29:44.351620,asset_growth_dropped_2026-09-22,SN,0.09645731006278374,0.7728093947606143,0.00041650666754556405,0.004327479680140981,,
2026-09-08,2026-09-22T13:29:44.351620,asset_growth_dropped_2026-09-22,SNA,0.11273026056394914,0.8184281842818428,0.0004869275301752973,0.004327479680140981,,
2026-09-08,2026-09-22T13:29:44.351620,asset_growth_dropped_2026-09-22,SNAP,-0.0001801914589986825,0.462059620596206,-1.6901566295425962e-06,0.004327479680140981,,
2026-09-08,2026-09-22T13:29:44.351620,asset_growth_dropped_2026-09-22,SNDA,-0.11936616488637729,0.16440831074977416,-0.0005174650347943464,0.004327479680140981,,
2026-09-08,2026-09-22T13:29:44.351620,asset_growth_dropped_2026-09-22,SNDK,0.018662770083551973,0.5298102981029811,7.985237655952333e-05,0.004327479680140981,,
2026-09-08,2026-09-22T13:29:44.351620,asset_growth_dropped_2026-09-22,SNDR,0.15610007436846052,0.9164408310749774,0.0006746095181458181,0.004327479680140981,,
2026-09-08,2026-09-22T13:29:44.351620,asset_growth_dropped_2026-09-22,SNDX,-0.13147081139546457,0.14453477868112014,-0.0005698476465977112,0.004327479680140981,,
2026-09-08,2026-09-22T13:29:44.351620,asset_growth_dropped_2026-09-22,SNEX,-0.10303278200734772,0.1946702800361337,-0.00044678265227738337,0.004327479680140981,,
2026-09-08,2026-09-22T13:29:44.351620,asset_growth_dropped_2026-09-22,SNOW,0.06855662782343415,0.6960252935862692,0.0002957670320927083,0.004327479680140981,,
2026-09-08,2026-09-22T13:29:44.351620,asset_growth_dropped_2026-09-22,SNPS,-0.24771219378136192,0.032068654019873535,-0.0010728798668641797,0.004327479680140981,,
2026-09-08,2026-09-22T13:29:44.351620,asset_growth_dropped_2026-09-22,SNX,0.1593590860293686,0.9209575429087624,0.0006887128248857403,0.004327479680140981,,
2026-09-08,2026-09-22T13:29:44.351620,asset_growth_dropped_2026-09-22,SO,-0.009045035954195584,0.43360433604336046,-4.0052591050116824e-05,0.004327479680140981,,
2026-09-08,2026-09-22T13:29:44.351620,asset_growth_dropped_2026-09-22,SOC,-0.39179885915564755,0.002258355916892502,-0.0016964119834506739,0.004327479680140981,,
2026-09-08,2026-09-22T13:29:44.351620,asset_growth_dropped_2026-09-22,SOFI,-0.258828845474314,0.028455284552845527,-0.0011209869511766347,0.004327479680140981,,
2026-09-08,2026-09-22T13:29:44.351620,asset_growth_dropped_2026-09-22,SOLS,-0.1274819353014576,0.15130984643179765,-0.0005525858663542959,0.004327479680140981,,
2026-09-08,2026-09-22T13:29:44.351620,asset_growth_dropped_2026-09-22,SOLV,0.10220467230288324,0.7872628726287263,0.00044137826085400417,0.004327479680140981,,
2026-09-08,2026-09-22T13:29:44.351620,asset_growth_dropped_2026-09-22,SON,-0.051083836834092226,0.3143631436314363,-0.00022197464763536236,0.004327479680140981,,
2026-09-08,2026-09-22T13:29:44.351620,asset_growth_dropped_2026-09-22,SONO,0.02268995835968695,0.5460704607046071,9.727995199259942e-05,0.004327479680140981,,
2026-09-08,2026-09-22T13:29:44.351620,asset_growth_dropped_2026-09-22,SOUN,-0.3244376126968157,0.00993676603432701,-0.0014049075581711104,0.004327479680140981,,
2026-09-08,2026-09-22T13:29:44.351620,asset_growth_dropped_2026-09-22,SPB,0.08920535307744232,0.7515808491418248,0.00038512397105024257,0.004327479680140981,,
2026-09-08,2026-09-22T13:29:44.351620,asset_growth_dropped_2026-09-22,SPCE,-0.28278828820670127,0.018518518518518517,-0.0012246709527485421,0.004327479680140981,,
2026-09-08,2026-09-22T13:29:44.351620,asset_growth_dropped_2026-09-22,SPCX,0.19682919253199935,0.967479674796748,0.0008508639493885932,0.004327479680140981,,
2026-09-08,2026-09-22T13:29:44.351620,asset_growth_dropped_2026-09-22,SPG,-0.0021184231594160857,0.46025293586269195,-1.007781492850401e-05,0.004327479680140981,,
2026-09-08,2026-09-22T13:29:44.351620,asset_growth_dropped_2026-09-22,SPGI,0.010923921156480887,0.505420054200542,4.6362665079942367e-05,0.004327479680140981,,
2026-09-08,2026-09-22T13:29:44.351620,asset_growth_dropped_2026-09-22,SPH,-0.02477111413805575,0.3857271906052394,-0.00010810687483908008,0.004327479680140981,,
2026-09-08,2026-09-22T13:29:44.351620,asset_growth_dropped_2026-09-22,SPHR,0.0034485056609739884,0.476513098464318,1.4012956422525238e-05,0.004327479680140981,,
2026-09-08,2026-09-22T13:29:44.351620,asset_growth_dropped_2026-09-22,SPIR,-0.27880896919335196,0.01942186088527552,-0.0012074505305774744,0.004327479680140981,,
2026-09-08,2026-09-22T13:29:44.351620,asset_growth_dropped_2026-09-22,SPNT,0.0018522855074061123,0.4706413730803975,7.105346142928737e-06,0.004327479680140981,,
2026-09-08,2026-09-22T13:29:44.351620,asset_growth_dropped_2026-09-22,SPSC,0.05248543045438221,0.6427280939476061,0.00022621925204260082,0.004327479680140981,,
2026-09-08,2026-09-22T13:29:44.351620,asset_growth_dropped_2026-09-22,SPT,-0.031103932052275934,0.3654019873532069,-0.0001355120156809007,0.004327479680140981,,
2026-09-08,2026-09-22T13:29:44.351620,asset_growth_dropped_2026-09-22,SPXC,-0.031170677762398444,0.36495031616982837,-0.00013580085638519246,0.004327479680140981,,
2026-09-08,2026-09-22T13:29:44.351620,asset_growth_dropped_2026-09-22,SR,-0.07132968743303505,0.26332429990966577,-0.0003095881547094575,0.004327479680140981,,
2026-09-08,2026-09-22T13:29:44.351620,asset_growth_dropped_2026-09-22,SRCE,0.129645371988717,0.8604336043360433,0.0005601273311533007,0.004327479680140981,,
2026-09-08,2026-09-22T13:29:44.351620,asset_growth_dropped_2026-09-22,SRE,-0.006428876197408,0.44263775971093045,-2.873121286261598e-05,0.004327479680140981,,
2026-09-08,2026-09-22T13:29:44.351620,asset_growth_dropped_2026-09-22,SRPT,-0.07440009814111415,0.25700090334236675,-0.0003228752946583571,0.004327479680140981,,
2026-09-08,2026-09-22T13:29:44.351620,asset_growth_dropped_2026-09-22,SRRK,-0.08904879715316545,0.21951219512195122,-0.0003862672419735104,0.004327479680140981,,
2026-09-08,2026-09-22T13:29:44.351620,asset_growth_dropped_2026-09-22,SSB,0.08791317240916925,0.7461607949412827,0.0003795320854652199,0.004327479680140981,,
2026-09-08,2026-09-22T13:29:44.351620,asset_growth_dropped_2026-09-22,SSD,0.02024646137927004,0.5356820234869015,8.67057684613594e-05,0.004327479680140981,,
2026-09-08,2026-09-22T13:29:44.351620,asset_growth_dropped_2026-09-22,SSMR,-0.024223960794013833,0.38708220415537486,-0.0001057390798608175,0.004327479680140981,,
2026-09-08,2026-09-22T13:29:44.351620,asset_growth_dropped_2026-09-22,SSNC,0.11113584797361199,0.8143631436314364,0.00048002774208885234,0.004327479680140981,,
2026-09-08,2026-09-22T13:29:44.351620,asset_growth_dropped_2026-09-22,SSP,-0.13222298821498096,0.14001806684733514,-0.0005731026765000415,0.004327479680140981,,
2026-09-08,2026-09-22T13:29:44.351620,asset_growth_dropped_2026-09-22,SSRM,0.05425001144471862,0.6476964769647696,0.00023385544042224464,0.004327479680140981,,
2026-09-08,2026-09-22T13:29:44.351620,asset_growth_dropped_2026-09-22,SSTK,-0.07770909229912118,0.24796747967479674,-0.00033719489963883773,0.004327479680140981,,
2026-09-08,2026-09-22T13:29:44.351620,asset_growth_dropped_2026-09-22,ST,0.06628386884669926,0.6869918699186992,0.00028593171380303004,0.004327479680140981,,
2026-09-08,2026-09-22T13:29:44.351620,asset_growth_dropped_2026-09-22,STAA,-0.01899215658850579,0.4019873532068654,-8.30985534710053e-05,0.004327479680140981,,
2026-09-08,2026-09-22T13:29:44.351620,asset_growth_dropped_2026-09-22,STAG,-0.00968335681522238,0.42953929539295393,-4.281491160562038e-05,0.004327479680140981,,
2026-09-08,2026-09-22T13:29:44.351620,asset_growth_dropped_2026-09-22,STC,-0.08854176857065892,0.22086720867208673,-0.0003840730860854626,0.004327479680140981,,
2026-09-08,2026-09-22T13:29:44.351620,asset_growth_dropped_2026-09-22,STDN,0.11647291220872896,0.8270099367660343,0.0005031237791179282,0.004327479680140981,,
2026-09-08,2026-09-22T13:29:44.351620,asset_growth_dropped_2026-09-22,STE,0.0633393830083126,0.6752484191508582,0.0002731895111689489,0.004327479680140981,,
2026-09-08,2026-09-22T13:29:44.351620,asset_growth_dropped_2026-09-22,STEP,-0.1635621173023409,0.1011743450767841,-0.0007087221208189068,0.004327479680140981,,
2026-09-08,2026-09-22T13:29:44.351620,asset_growth_dropped_2026-09-22,STGW,0.14849239564902866,0.9065040650406504,0.0006416874430744357,0.004327479680140981,,
2026-09-08,2026-09-22T13:29:44.351620,asset_growth_dropped_2026-09-22,STLD,0.10061060594724865,0.7845528455284553,0.0004344799710911991,0.004327479680140981,,
2026-09-08,2026-09-22T13:29:44.351620,asset_growth_dropped_2026-09-22,STOK,0.025105769443124565,0.552393857271906,0.00010773432536723508,0.004327479680140981,,
2026-09-08,2026-09-22T13:29:44.351620,asset_growth_dropped_2026-09-22,STRA,0.06849498134635353,0.6955736224028907,0.0002955002582157896,0.004327479680140981,,
2026-09-08,2026-09-22T13:29:44.351620,asset_growth_dropped_2026-09-22,STRL,0.007231230402177886,0.489159891598916,3.0382620875651657e-05,0.004327479680140981,,
2026-09-08,2026-09-22T13:29:44.351620,asset_growth_dropped_2026-09-22,STT,0.1603591495424101,0.9232158988256549,0.0006930405794172777,0.004327479680140981,,
2026-09-08,2026-09-22T13:29:44.351620,asset_growth_dropped_2026-09-22,STTK,-0.1580357117202253,0.1070460704607046,-0.0006848067129580838,0.004327479680140981,,
2026-09-08,2026-09-22T13:29:44.351620,asset_growth_dropped_2026-09-22,STUB,-0.05601625854586514,0.3039747064137308,-0.00024331960236694583,0.004327479680140981,,
2026-09-08,2026-09-22T13:29:44.351620,asset_growth_dropped_2026-09-22,STWD,-0.11009807349865078,0.18157181571815717,-0.0004773575576402703,0.004327479680140981,,
2026-09-08,2026-09-22T13:29:44.351620,asset_growth_dropped_2026-09-22,STX,0.10006188429494904,0.7818428184281843,0.00043210538929081916,0.004327479680140981,,
2026-09-08,2026-09-22T13:29:44.351620,asset_growth_dropped_2026-09-22,STZ,0.07430678806956408,0.7109304426377597,0.00032065073371539,0.004327479680140981,,
2026-09-08,2026-09-22T13:29:44.351620,asset_growth_dropped_2026-09-22,SUI,0.02040346201260873,0.5383920505871725,8.738518551190185e-05,0.004327479680140981,,
2026-09-08,2026-09-22T13:29:44.351620,asset_growth_dropped_2026-09-22,SUN,-0.03977184770060335,0.3428184281842818,-0.00017302224451821364,0.004327479680140981,,
2026-09-08,2026-09-22T13:29:44.351620,asset_growth_dropped_2026-09-22,SUNB,0.08961388101213716,0.7542908762420958,0.00038689186738640445,0.004327479680140981,,
2026-09-08,2026-09-22T13:29:44.351620,asset_growth_dropped_2026-09-22,SUNC,0.07746381296197935,0.7204155374887082,0.0003343126947870164,0.004327479680140981,,
2026-09-08,2026-09-22T13:29:44.351620,asset_growth_dropped_2026-09-22,SUPN,0.025486794545483762,0.5532971996386631,0.00010938320375531814,0.004327479680140981,,
2026-09-08,2026-09-22T13:29:44.351620,asset_growth_dropped_2026-09-22,SVC,-0.1365147163598418,0.13414634146341464,-0.0005916750428396158,0.004327479680140981,,
2026-09-08,2026-09-22T13:29:44.351620,asset_growth_dropped_2026-09-22,SVV,0.07843070317659431,0.7235772357723578,0.0003384968925436898,0.004327479680140981,,
2026-09-08,2026-09-22T13:29:44.351620,asset_growth_dropped_2026-09-22,SW,-0.06251496812739582,0.2881662149954833,-0.00027144263602815733,0.004327479680140981,,
2026-09-08,2026-09-22T13:29:44.351620,asset_growth_dropped_2026-09-22,SWIM,-0.038754924526191524,0.34733514001806687,-0.00016862153014468202,0.004327479680140981,,
2026-09-08,2026-09-22T13:29:44.351620,asset_growth_dropped_2026-09-22,SWK,0.11876791746116505,0.8310749774164409,0.0005130553677136621,0.004327479680140981,,
2026-09-08,2026-09-22T13:29:44.351620,asset_growth_dropped_2026-09-22,SWKS,-0.05034474936709851,0.3170731707317073,-0.0002187762616401002,0.004327479680140981,,
2026-09-08,2026-09-22T13:29:44.351620,asset_growth_dropped_2026-09-22,SWX,0.01723633800889547,0.5239385727190605,7.367952074134597e-05,0.004327479680140981,,
2026-09-08,2026-09-22T13:29:44.351620,asset_growth_dropped_2026-09-22,SXI,-0.009082466389448353,0.43315266485998194,-4.0214570498092016e-05,0.004327479680140981,,
2026-09-08,2026-09-22T13:29:44.351620,asset_growth_dropped_2026-09-22,SXT,0.03046743088737995,0.5740740740740741,0.0001309368063190456,0.004327479680140981,,
2026-09-08,2026-09-22T13:29:44.351620,asset_growth_dropped_2026-09-22,SYBT,-0.11923759530272077,0.16531165311653118,-0.0005169086525335886,0.004327479680140981,,
2026-09-08,2026-09-22T13:29:44.351620,asset_growth_dropped_2026-09-22,SYF,0.08461221705734126,0.7353206865401988,0.0003652472682551316,0.004327479680140981,,
2026-09-08,2026-09-22T13:29:44.351620,asset_growth_dropped_2026-09-22,SYK,0.0021452123834806436,0.47289972899729,8.372981246908446e-06,0.004327479680140981,,
2026-09-08,2026-09-22T13:29:44.351620,asset_growth_dropped_2026-09-22,SYM,-0.20610101932925595,0.057813911472448055,-0.0008928083549558896,0.004327479680140981,,
2026-09-08,2026-09-22T13:29:44.351620,asset_growth_dropped_2026-09-22,SYNA,0.01560845526567655,0.51806684733514,6.663489124841394e-05,0.004327479680140981,,
2026-09-08,2026-09-22T13:29:44.351620,asset_growth_dropped_2026-09-22,SYRE,-0.19632061753195323,0.06504065040650407,-0.0008504838649144478,0.004327479680140981,,
2026-09-08,2026-09-22T13:29:44.351620,asset_growth_dropped_2026-09-22,SYY,0.17164225461525096,0.935862691960253,0.0007418679873488922,0.004327479680140981,,
2026-09-08,2026-09-22T13:29:44.351620,asset_growth_dropped_2026-09-22,T,0.10170433225312753,0.7868112014453478,0.0004392130494555256,0.004327479680140981,,
2026-09-08,2026-09-22T13:29:44.351620,asset_growth_dropped_2026-09-22,TALO,0.16914829761999225,0.9336043360433605,0.0007310754391287647,0.004327479680140981,,
2026-09-08,2026-09-22T13:29:44.351620,asset_growth_dropped_2026-09-22,TAP,0.01732821420901321,0.524390243902439,7.407711313044405e-05,0.004327479680140981,,
2026-09-08,2026-09-22T13:29:44.351620,asset_growth_dropped_2026-09-22,TARS,0.048685282261057575,0.6318879855465221,0.00020977418795446398,0.004327479680140981,,
2026-09-08,2026-09-22T13:29:44.351620,asset_growth_dropped_2026-09-22,TASK,-0.14488394966121712,0.12330623306233063,-0.0006278927298896768,0.004327479680140981,,
2026-09-08,2026-09-22T13:29:44.351620,asset_growth_dropped_2026-09-22,TBBK,-0.12084231067376275,0.16395663956639567,-0.0005238530256941827,0.004327479680140981,,
2026-09-08,2026-09-22T13:29:44.351620,asset_growth_dropped_2026-09-22,TBLA,0.12436252477376619,0.8459801264679313,0.0005372659171773117,0.004327479680140981,,
2026-09-08,2026-09-22T13:29:44.351620,asset_growth_dropped_2026-09-22,TBPH,0.10810272678826807,0.8066847335140018,0.0004669019717918714,0.004327479680140981,,
2026-09-08,2026-09-22T13:29:44.351620,asset_growth_dropped_2026-09-22,TCBI,0.035462053658773425,0.5871725383920506,0.0001525509348722203,0.004327479680140981,,
2026-09-08,2026-09-22T13:29:44.351620,asset_growth_dropped_2026-09-22,TDAY,0.0881120350217494,0.7470641373080398,0.0003803926593803002,0.004327479680140981,,
2026-09-08,2026-09-22T13:29:44.351620,asset_growth_dropped_2026-09-22,TDC,0.06687097492851446,0.6892502258355917,0.00028847240344217253,0.004327479680140981,,
2026-09-08,2026-09-22T13:29:44.351620,asset_growth_dropped_2026-09-22,TDG,0.004637687377225856,0.48193315266486,1.915911613560037e-05,0.004327479680140981,,
2026-09-08,2026-09-22T13:29:44.351620,asset_growth_dropped_2026-09-22,TDOC,-0.017664990071886266,0.4065040650406504,-7.735526733817083e-05,0.004327479680140981,,
2026-09-08,2026-09-22T13:29:44.351620,asset_growth_dropped_2026-09-22,TDS,-0.05237066880382198,0.3116531165311653,-0.00022754338683612365,0.004327479680140981,,
2026-09-08,2026-09-22T13:29:44.351620,asset_growth_dropped_2026-09-22,TDUP,-0.08352730384687183,0.23261065943992773,-0.0003623730918864903,0.004327479680140981,,
2026-09-08,2026-09-22T13:29:44.351620,asset_growth_dropped_2026-09-22,TDW,-0.07033872167314252,0.26648599819331525,-0.0003052997705198071,0.004327479680140981,,
2026-09-08,2026-09-22T13:29:44.351620,asset_growth_dropped_2026-09-22,TDY,0.13999003738181393,0.8875338753387534,0.0006048936604397852,0.004327479680140981,,
2026-09-08,2026-09-22T13:29:44.351620,asset_growth_dropped_2026-09-22,TE,-0.09910412001560195,0.2005420054200542,-0.0004297814473379614,0.004327479680140981,,
2026-09-08,2026-09-22T13:29:44.351620,asset_growth_dropped_2026-09-22,TEAM,0.16752039492151458,0.931345980126468,0.0007240307232798559,0.004327479680140981,,
2026-09-08,2026-09-22T13:29:44.351620,asset_growth_dropped_2026-09-22,TECH,0.1332652624936505,0.8690153568202349,0.0005757923337577357,0.004327479680140981,,
2026-09-08,2026-09-22T13:29:44.351620,asset_growth_dropped_2026-09-22,TEL,0.04310367161148769,0.6129177958446251,0.0001856198812859918,0.004327479680140981,,
2026-09-08,2026-09-22T13:29:44.351620,asset_growth_dropped_2026-09-22,TEM,-0.21436486441077185,0.04832881662149955,-0.0009285699766259826,0.004327479680140981,,
2026-09-08,2026-09-22T13:29:44.351620,asset_growth_dropped_2026-09-22,TENB,0.14082281103663005,0.8879855465221319,0.0006084974715091588,0.004327479680140981,,
2026-09-08,2026-09-22T13:29:44.351620,asset_growth_dropped_2026-09-22,TER,0.09950414698110605,0.7800361336946703,0.0004296917923983072,0.004327479680140981,,
2026-09-08,2026-09-22T13:29:44.351620,asset_growth_dropped_2026-09-22,TEVA,0.02190279709104441,0.5438121047877146,9.387352759755484e-05,0.004327479680140981,,
2026-09-08,2026-09-22T13:29:44.351620,asset_growth_dropped_2026-09-22,TEX,-0.09224097030344669,0.21544715447154472,-0.00040008130641684404,0.004327479680140981,,
2026-09-08,2026-09-22T13:29:44.351620,asset_growth_dropped_2026-09-22,TFC,0.06519150709769347,0.6842818428184282,0.00028120454053084427,0.004327479680140981,,
2026-09-08,2026-09-22T13:29:44.351620,asset_growth_dropped_2026-09-22,TFIN,-0.05218170645919805,0.31255645889792233,-0.0002267256561294518,0.004327479680140981,,
2026-09-08,2026-09-22T13:29:44.351620,asset_growth_dropped_2026-09-22,TFSL,-0.06798894995317534,0.2741644083107498,-0.0002951311811486792,0.004327479680140981,,
2026-09-08,2026-09-22T13:29:44.351620,asset_growth_dropped_2026-09-22,TFX,0.11079352796268918,0.8125564588979223,0.00047854635919747823,0.004327479680140981,,
2026-09-08,2026-09-22T13:29:44.351620,asset_growth_dropped_2026-09-22,TGLS,-0.12146165872657944,0.16214995483288167,-0.0005265332418076818,0.004327479680140981,,
2026-09-08,2026-09-22T13:29:44.351620,asset_growth_dropped_2026-09-22,TGT,0.13488609989227404,0.8730803974706414,0.0005828064746650917,0.004327479680140981,,
2026-09-08,2026-09-22T13:29:44.351620,asset_growth_dropped_2026-09-22,TGTX,0.019248490958702347,0.5320686540198736,8.238707174497096e-05,0.004327479680140981,,
2026-09-08,2026-09-22T13:29:44.351620,asset_growth_dropped_2026-09-22,TH,0.11003938281628514,0.8102981029810298,0.0004752828114005378,0.004327479680140981,,
2026-09-08,2026-09-22T13:29:44.351620,asset_growth_dropped_2026-09-22,THC,0.2524378409983394,0.994579945799458,0.0010915092456667828,0.004327479680140981,,
2026-09-08,2026-09-22T13:29:44.351620,asset_growth_dropped_2026-09-22,THG,0.1786735244155171,0.947606142728094,0.0007722956645351329,0.004327479680140981,,
2026-09-08,2026-09-22T13:29:44.351620,asset_growth_dropped_2026-09-22,THO,-0.021027269540036794,0.3956639566395664,-9.190546341554747e-05,0.004327479680140981,,
2026-09-08,2026-09-22T13:29:44.351620,asset_growth_dropped_2026-09-22,THRM,0.0276210801437762,0.565943992773261,0.00011861928131354619,0.004327479680140981,,
2026-09-08,2026-09-22T13:29:44.351620,asset_growth_dropped_2026-09-22,TIC,-0.21023974596382078,0.052393857271906055,-0.0009107186103686272,0.004327479680140981,,
2026-09-08,2026-09-22T13:29:44.351620,asset_growth_dropped_2026-09-22,TILE,0.08680890201786748,0.7439024390243902,0.0003747533777854801,0.004327479680140981,,
2026-09-08,2026-09-22T13:29:44.351620,asset_growth_dropped_2026-09-22,TJX,0.05234976679919078,0.6409214092140921,0.00022563217033142623,0.004327479680140981,,
2026-09-08,2026-09-22T13:29:44.351620,asset_growth_dropped_2026-09-22,TKO,0.042340985419909244,0.6106594399277326,0.00018231937228961197,0.004327479680140981,,
2026-09-08,2026-09-22T13:29:44.351620,asset_growth_dropped_2026-09-22,TKR,0.15610698083762745,0.916892502258356,0.0006746394057507995,0.004327479680140981,,
2026-09-08,2026-09-22T13:29:44.351620,asset_growth_dropped_2026-09-22,TLN,-0.10670521195018748,0.19060523938572718,-0.0004626750182317637,0.004327479680140981,,
2026-09-08,2026-09-22T13:29:44.351620,asset_growth_dropped_2026-09-22,TLRY,-0.1786849506694404,0.08175248419150859,-0.0007741658749211879,0.004327479680140981,,
2026-09-08,2026-09-22T13:29:44.351620,asset_growth_dropped_2026-09-22,TLS,-0.08740747512736041,0.2240289069557362,-0.0003791644542582712,0.004327479680140981,,
2026-09-08,2026-09-22T13:29:44.351620,asset_growth_dropped_2026-09-22,TMC,-0.23383086501339845,0.037037037037037035,-0.0010128086986874614,0.004327479680140981,,
2026-09-08,2026-09-22T13:29:44.351620,asset_growth_dropped_2026-09-22,TMDX,-0.15453140198487939,0.11156278229448961,-0.0006696418837854541,0.004327479680140981,,
2026-09-08,2026-09-22T13:29:44.351620,asset_growth_dropped_2026-09-22,TMO,0.12398045534250365,0.8450767841011744,0.0005356125194771202,0.004327479680140981,,
2026-09-08,2026-09-22T13:29:44.351620,asset_growth_dropped_2026-09-22,TMUS,0.08628127970041038,0.7420957542908763,0.00037247010292789566,0.004327479680140981,,
2026-09-08,2026-09-22T13:29:44.351620,asset_growth_dropped_2026-09-22,TNC,0.044070410511478884,0.6165311653116531,0.00018980342423170554,0.004327479680140981,,
2026-09-08,2026-09-22T13:29:44.351620,asset_growth_dropped_2026-09-22,TNDM,0.03858228935583089,0.59936766034327,0.000166053691448487,0.004327479680140981,,
2026-09-08,2026-09-22T13:29:44.351620,asset_growth_dropped_2026-09-22,TNET,0.1204795751354226,0.8369467028003613,0.0005204625315183691,0.004327479680140981,,
2026-09-08,2026-09-22T13:29:44.351620,asset_growth_dropped_2026-09-22,TNGX,-0.21492659883061077,0.04787714543812105,-0.0009310008709134714,0.004327479680140981,,
2026-09-08,2026-09-22T13:29:44.351620,asset_growth_dropped_2026-09-22,TNL,0.12801323072549978,0.8563685636856369,0.0005530642730016085,0.004327479680140981,,
2026-09-08,2026-09-22T13:29:44.351620,asset_growth_dropped_2026-09-22,TOL,-0.07361472010957452,0.25835591689250226,-0.00031947658718564024,0.004327479680140981,,
2026-09-08,2026-09-22T13:29:44.351620,asset_growth_dropped_2026-09-22,TOST,0.09976422726021573,0.7813911472448057,0.00043081728452135977,0.004327479680140981,,
2026-09-08,2026-09-22T13:29:44.351620,asset_growth_dropped_2026-09-22,TPB,-0.2057264209304257,0.058265582655826556,-0.0008911872879967383,0.004327479680140981,,
2026-09-08,2026-09-22T13:29:44.351620,asset_growth_dropped_2026-09-22,TPC,0.10854581539316288,0.8071364046973803,0.00046881942872605567,0.004327479680140981,,
2026-09-08,2026-09-22T13:29:44.351620,asset_growth_dropped_2026-09-22,TPG,-0.03525145535456073,0.35591689250225833,-0.0001534603384944494,0.004327479680140981,,
2026-09-08,2026-09-22T13:29:44.351620,asset_growth_dropped_2026-09-22,TPL,-0.054264755544764155,0.3089430894308943,-0.00023574000871997536,0.004327479680140981,,
2026-09-08,2026-09-22T13:29:44.351620,asset_growth_dropped_2026-09-22,TPR,0.10876418356195522,0.8080397470641373,0.00046976441253929413,0.004327479680140981,,
2026-09-08,2026-09-22T13:29:44.351620,asset_growth_dropped_2026-09-22,TR,-0.07793279876841065,0.24706413730803975,-0.000338162984839004,0.004327479680140981,,
2026-09-08,2026-09-22T13:29:44.351620,asset_growth_dropped_2026-09-22,TREE,-0.10550490674155907,0.19241192411924118,-0.00045748072183145693,0.004327479680140981,,
2026-09-08,2026-09-22T13:29:44.351620,asset_growth_dropped_2026-09-22,TREX,0.05792281530352803,0.6603432700993677,0.0002497494244903858,0.004327479680140981,,
2026-09-08,2026-09-22T13:29:44.351620,asset_growth_dropped_2026-09-22,TRGP,0.1458363837440114,0.9019873532068654,0.0006301936055252609,0.004327479680140981,,
2026-09-08,2026-09-22T13:29:44.351620,asset_growth_dropped_2026-09-22,TRIP,-0.12425769158336619,0.15808491418247517,-0.000538633017180433,0.004327479680140981,,
2026-09-08,2026-09-22T13:29:44.351620,asset_growth_dropped_2026-09-22,TRLV,0.11358366480178295,0.8197831978319783,0.0004906206196734693,0.004327479680140981,,
2026-09-08,2026-09-22T13:29:44.351620,asset_growth_dropped_2026-09-22,TRMB,-0.03584559537738946,0.35365853658536583,-0.00015603146737039922,0.004327479680140981,,
2026-09-08,2026-09-22T13:29:44.351620,asset_growth_dropped_2026-09-22,TRMK,0.007805873882374401,0.49096657633243,3.286937885952757e-05,0.004327479680140981,,
2026-09-08,2026-09-22T13:29:44.351620,asset_growth_dropped_2026-09-22,TRN,-0.06686155160619692,0.2768744354110208,-0.00029025238771070557,0.004327479680140981,,
2026-09-08,2026-09-22T13:29:44.351620,asset_growth_dropped_2026-09-22,TRNO,-0.1108349408469736,0.17931345980126467,-0.0004805463361170967,0.004327479680140981,,
2026-09-08,2026-09-22T13:29:44.351620,asset_growth_dropped_2026-09-22,TROW,0.015799186619428,0.518970189701897,6.746027730613912e-05,0.004327479680140981,,
2026-09-08,2026-09-22T13:29:44.351620,asset_growth_dropped_2026-09-22,TROX,-0.11250196162290703,0.17570009033423667,-0.00048776033465132147,0.004327479680140981,,
2026-09-08,2026-09-22T13:29:44.351620,asset_growth_dropped_2026-09-22,TRU,0.04640410889108707,0.6255645889792232,0.0001999024565490379,0.004327479680140981,,
2026-09-08,2026-09-22T13:29:44.351620,asset_growth_dropped_2026-09-22,TRUP,-0.14175255502536416,0.12782294489611562,-0.0006143416832325206,0.004327479680140981,,
2026-09-08,2026-09-22T13:29:44.351620,asset_growth_dropped_2026-09-22,TRV,0.2025204544408113,0.9728997289972899,0.0008754927696533373,0.004327479680140981,,
2026-09-08,2026-09-22T13:29:44.351620,asset_growth_dropped_2026-09-22,TRVI,-0.20959220792895816,0.053297199638663056,-0.0009079164026806408,0.004327479680140981,,
2026-09-08,2026-09-22T13:29:44.351620,asset_growth_dropped_2026-09-22,TSCO,0.028240450239002513,0.568654019873532,0.00012129959281512505,0.004327479680140981,,
2026-09-08,2026-09-22T13:29:44.351620,asset_growth_dropped_2026-09-22,TSLA,-0.017685487322627494,0.40605239385727193,-7.744396877425225e-05,0.004327479680140981,,
2026-09-08,2026-09-22T13:29:44.351620,asset_growth_dropped_2026-09-22,TSLX,-0.0945503516761286,0.21002710027100271,-0.0004100751073808211,0.004327479680140981,,
2026-09-08,2026-09-22T13:29:44.351620,asset_growth_dropped_2026-09-22,TSN,0.005989580645272531,0.485546522131888,2.5009406782791744e-05,0.004327479680140981,,
2026-09-08,2026-09-22T13:29:44.351620,asset_growth_dropped_2026-09-22,TT,0.1317200972657306,0.8663053297199639,0.000569105662631452,0.004327479680140981,,
2026-09-08,2026-09-22T13:29:44.351620,asset_growth_dropped_2026-09-22,TTAN,-0.020865041186983832,0.39656729900632337,-9.120342351416803e-05,0.004327479680140981,,
2026-09-08,2026-09-22T13:29:44.351620,asset_growth_dropped_2026-09-22,TTC,0.10629499296061251,0.8030713640469738,0.00045907904038558847,0.004327479680140981,,
2026-09-08,2026-09-22T13:29:44.351620,asset_growth_dropped_2026-09-22,TTD,-0.010585753314059448,0.42637759710930445,-4.672001411776816e-05,0.004327479680140981,,
2026-09-08,2026-09-22T13:29:44.351620,asset_growth_dropped_2026-09-22,TTEK,0.010878133576533118,0.504516711833785,4.616452025811557e-05,0.004327479680140981,,
2026-09-08,2026-09-22T13:29:44.351620,asset_growth_dropped_2026-09-22,TTGT,-0.14409590866904637,0.12420957542908763,-0.0006244824985089397,0.004327479680140981,,
2026-09-08,2026-09-22T13:29:44.351620,asset_growth_dropped_2026-09-22,TTI,-0.004971886851428707,0.4480578139114724,-2.2426121073708695e-05,0.004327479680140981,,
2026-09-08,2026-09-22T13:29:44.351620,asset_growth_dropped_2026-09-22,TTMI,-0.022936280723897834,0.3893405600722674,-0.000100166670522868,0.004327479680140981,,
2026-09-08,2026-09-22T13:29:44.351620,asset_growth_dropped_2026-09-22,TTWO,0.060127258325192126,0.6662149954832882,0.0002592891068726657,0.004327479680140981,,
2026-09-08,2026-09-22T13:29:44.351620,asset_growth_dropped_2026-09-22,TVTX,0.1702485656683538,0.9345076784101174,0.0007358368267507577,0.004327479680140981,,
2026-09-08,2026-09-22T13:29:44.351620,asset_growth_dropped_2026-09-22,TW,0.04389220157483934,0.6160794941282746,0.0001890322286795784,0.004327479680140981,,
2026-09-08,2026-09-22T13:29:44.351620,asset_growth_dropped_2026-09-22,TWFG,0.10646471472141691,0.8039747064137308,0.00045981350785674727,0.004327479680140981,,
2026-09-08,2026-09-22T13:29:44.351620,asset_growth_dropped_2026-09-22,TWLO,0.15968094433816676,0.9218608852755195,0.0006901056601769489,0.004327479680140981,,
2026-09-08,2026-09-22T13:29:44.351620,asset_growth_dropped_2026-09-22,TWST,-0.029048215214005718,0.37308039747064137,-0.0001266159428351627,0.004327479680140981,,
2026-09-08,2026-09-22T13:29:44.351620,asset_growth_dropped_2026-09-22,TXG,0.09329832913366051,0.7628726287262872,0.0004028362417648304,0.004327479680140981,,
2026-09-08,2026-09-22T13:29:44.351620,asset_growth_dropped_2026-09-22,TXN,0.12375903566404779,0.8437217705510388,0.0005346543303178191,0.004327479680140981,,
2026-09-08,2026-09-22T13:29:44.351620,asset_growth_dropped_2026-09-22,TXNM,0.07314560595290602,0.7077687443541102,0.0003156257417006092,0.004327479680140981,,
2026-09-08,2026-09-22T13:29:44.351620,asset_growth_dropped_2026-09-22,TXRH,0.1490738558712879,0.9069557362240289,0.0006442037003710729,0.004327479680140981,,
2026-09-08,2026-09-22T13:29:44.351620,asset_growth_dropped_2026-09-22,TXT,0.05839148160941376,0.6621499548328816,0.000251777568405873,0.004327479680140981,,
2026-09-08,2026-09-22T13:29:44.351620,asset_growth_dropped_2026-09-22,TYL,-0.012864850456766441,0.42005420054200543,-5.6582760691900036e-05,0.004327479680140981,,
2026-09-08,2026-09-22T13:29:44.351620,asset_growth_dropped_2026-09-22,TYRA,-0.16966351421720527,0.0948509485094851,-0.0007351257919884571,0.004327479680140981,,
2026-09-08,2026-09-22T13:29:44.351620,asset_growth_dropped_2026-09-22,U,0.030526562464855793,0.5754290876242095,0.000131192697019027,0.004327479680140981,,
2026-09-08,2026-09-22T13:29:44.351620,asset_growth_dropped_2026-09-22,UAA,0.019450335061749376,0.5329719963866305,8.326054799946326e-05,0.004327479680140981,,
2026-09-08,2026-09-22T13:29:44.351620,asset_growth_dropped_2026-09-22,UAL,0.08813098168330274,0.7475158084914183,0.0003804746506731788,0.004327479680140981,,
2026-09-08,2026-09-22T13:29:44.351620,asset_growth_dropped_2026-09-22,UAMY,-0.2662712586200151,0.025293586269196026,-0.0011531938428358704,0.004327479680140981,,
2026-09-08,2026-09-22T13:29:44.351620,asset_growth_dropped_2026-09-22,UAN,0.14146761521026666,0.8911472448057814,0.0006112878484682413,0.004327479680140981,,
2026-09-08,2026-09-22T13:29:44.351620,asset_growth_dropped_2026-09-22,UBER,0.008807225691800348,0.4941282746160795,3.720270846749076e-05,0.004327479680140981,,
2026-09-08,2026-09-22T13:29:44.351620,asset_growth_dropped_2026-09-22,UBSI,0.0021025125085624707,0.47244805781391147,8.188198405855493e-06,0.004327479680140981,,
2026-09-08,2026-09-22T13:29:44.351620,asset_growth_dropped_2026-09-22,UCB,-0.04029563074545617,0.3392050587172538,-0.0001752889050016166,0.004327479680140981,,
2026-09-08,2026-09-22T13:29:44.351620,asset_growth_dropped_2026-09-22,UCTT,0.08279790760537944,0.7326106594399278,0.00035739588096827916,0.004327479680140981,,
2026-09-08,2026-09-22T13:29:44.351620,asset_growth_dropped_2026-09-22,UDR,0.1362511328193679,0.8766937669376694,0.0005887136269198137,0.004327479680140981,,
2026-09-08,2026-09-22T13:29:44.351620,asset_growth_dropped_2026-09-22,UE,0.03234096375030085,0.5799457994579946,0.00013904448171341214,0.004327479680140981,,
2026-09-08,2026-09-22T13:29:44.351620,asset_growth_dropped_2026-09-22,UEC,-0.20899506179699126,0.05420054200542006,-0.0009053322649284792,0.004327479680140981,,
2026-09-08,2026-09-22T13:29:44.351620,asset_growth_dropped_2026-09-22,UFPI,0.042577780937342505,0.6115627822944896,0.00018334410007965287,0.004327479680140981,,
2026-09-08,2026-09-22T13:29:44.351620,asset_growth_dropped_2026-09-22,UFPT,-0.040737218247776166,0.33785004516711836,-0.0001771998659449106,0.004327479680140981,,
2026-09-08,2026-09-22T13:29:44.351620,asset_growth_dropped_2026-09-22,UGI,-0.012541034493006906,0.42140921409214094,-5.518145368862538e-05,0.004327479680140981,,
2026-09-08,2026-09-22T13:29:44.351620,asset_growth_dropped_2026-09-22,UHAL,0.034002452405648614,0.583107497741644,0.00014623454010821436,0.004327479680140981,,
2026-09-08,2026-09-22T13:29:44.351620,asset_growth_dropped_2026-09-22,UHS,0.023950793045618944,0.5487804878048781,0.00010273618847598707,0.004327479680140981,,
2026-09-08,2026-09-22T13:29:44.351620,asset_growth_dropped_2026-09-22,UI,-0.07643736766896952,0.25022583559168926,-0.00033169153714312165,0.004327479680140981,,
2026-09-08,2026-09-22T13:29:44.351620,asset_growth_dropped_2026-09-22,ULCC,-0.20775406474088626,0.05555555555555555,-0.00089996187538507,0.004327479680140981,,
2026-09-08,2026-09-22T13:29:44.351620,asset_growth_dropped_2026-09-22,ULS,0.07997772336812407,0.7258355916892503,0.0003451915909873026,0.004327479680140981,,
2026-09-08,2026-09-22T13:29:44.351620,asset_growth_dropped_2026-09-22,ULTA,0.07506576914972521,0.7145438121047877,0.00032393520891739876,0.004327479680140981,,
2026-09-08,2026-09-22T13:29:44.351620,asset_growth_dropped_2026-09-22,UMBF,0.006236400754576821,0.48644986449864497,2.6077515790456232e-05,0.004327479680140981,,
2026-09-08,2026-09-22T13:29:44.351620,asset_growth_dropped_2026-09-22,UNF,0.22106296594244434,0.982836495031617,0.0009557351113954349,0.004327479680140981,,
2026-09-08,2026-09-22T13:29:44.351620,asset_growth_dropped_2026-09-22,UNFI,0.19163050603967324,0.9616079494128275,0.0008283667392296287,0.004327479680140981,,
2026-09-08,2026-09-22T13:29:44.351620,asset_growth_dropped_2026-09-22,UNH,0.16858816090284914,0.9327009936766034,0.0007286514588672271,0.004327479680140981,,
2026-09-08,2026-09-22T13:29:44.351620,asset_growth_dropped_2026-09-22,UNIT,-0.11187643543530787,0.17660343270099368,-0.0004850533827850901,0.004327479680140981,,
2026-09-08,2026-09-22T13:29:44.351620,asset_growth_dropped_2026-09-22,UNM,0.13192184695410009,0.8667570009033424,0.0005699787303083457,0.004327479680140981,,
2026-09-08,2026-09-22T13:29:44.351620,asset_growth_dropped_2026-09-22,UNP,0.10534505844066501,0.7994579945799458,0.0004549682180530512,0.004327479680140981,,
2026-09-08,2026-09-22T13:29:44.351620,asset_growth_dropped_2026-09-22,UP,-0.2436583692329508,0.03297199638663053,-0.001055337023504074,0.004327479680140981,,
2026-09-08,2026-09-22T13:29:44.351620,asset_growth_dropped_2026-09-22,UPBD,-0.028434203959863444,0.3757904245709124,-0.0001239588216094841,0.004327479680140981,,
2026-09-08,2026-09-22T13:29:44.351620,asset_growth_dropped_2026-09-22,UPS,0.06752130379852708,0.6906052393857272,0.0002912866884125612,0.004327479680140981,,
2026-09-08,2026-09-22T13:29:44.351620,asset_growth_dropped_2026-09-22,UPST,-0.1915400904161476,0.07000903342366757,-0.0008297962309604359,0.004327479680140981,,
2026-09-08,2026-09-22T13:29:44.351620,asset_growth_dropped_2026-09-22,UPWK,0.026203548002018906,0.5605239385727191,0.00011248493977414478,0.004327479680140981,,
2026-09-08,2026-09-22T13:29:44.351620,asset_growth_dropped_2026-09-22,URBN,0.1294440375653706,0.8595302619692864,0.0005592560605273562,0.004327479680140981,,
2026-09-08,2026-09-22T13:29:44.351620,asset_growth_dropped_2026-09-22,URGN,-0.037259333799758626,0.3509485094850949,-0.00016214939166623636,0.004327479680140981,,
2026-09-08,2026-09-22T13:29:44.351620,asset_growth_dropped_2026-09-22,URI,0.19538153779119932,0.966576332429991,0.0008445992529139214,0.004327479680140981,,
2026-09-08,2026-09-22T13:29:44.351620,asset_growth_dropped_2026-09-22,USAC,-0.009803894193478324,0.42863595302619695,-4.333653466072044e-05,0.004327479680140981,,
2026-09-08,2026-09-22T13:29:44.351620,asset_growth_dropped_2026-09-22,USAR,-0.05029850400377263,0.31752484191508584,-0.00021857613577000668,0.004327479680140981,,
2026-09-08,2026-09-22T13:29:44.351620,asset_growth_dropped_2026-09-22,USB,0.02920303610249011,0.571364046973803,0.00012546516357975858,0.004327479680140981,,
2026-09-08,2026-09-22T13:29:44.351620,asset_growth_dropped_2026-09-22,USFD,0.1859880584481135,0.957542908762421,0.0008039491619308935,0.004327479680140981,,
2026-09-08,2026-09-22T13:29:44.351620,asset_growth_dropped_2026-09-22,USLM,0.004063262395628993,0.47922312556458896,1.667330369997459e-05,0.004327479680140981,,
2026-09-08,2026-09-22T13:29:44.351620,asset_growth_dropped_2026-09-22,USNA,-0.10974762599536173,0.18247515808491419,-0.0004758410031908308,0.004327479680140981,,
2026-09-08,2026-09-22T13:29:44.351620,asset_growth_dropped_2026-09-22,UTHR,0.20321210249879867,0.974706413730804,0.0008784858625700867,0.004327479680140981,,
2026-09-08,2026-09-22T13:29:44.351620,asset_growth_dropped_2026-09-22,UTI,-0.10330840881098334,0.1937669376693767,-0.0004479754216694187,0.004327479680140981,,
2026-09-08,2026-09-22T13:29:44.351620,asset_growth_dropped_2026-09-22,UTZ,-0.00798042480180422,0.43676603432700994,-3.5445507920891724e-05,0.004327479680140981,,
2026-09-08,2026-09-22T13:29:44.351620,asset_growth_dropped_2026-09-22,UUUU,-0.2372886431761537,0.03523035230352303,-0.00102777216342522,0.004327479680140981,,
2026-09-08,2026-09-22T13:29:44.351620,asset_growth_dropped_2026-09-22,UVV,-0.030004227717772648,0.36946702800361336,-0.0001307530675191748,0.004327479680140981,,
2026-09-08,2026-09-22T13:29:44.351620,asset_growth_dropped_2026-09-22,UWMC,-0.2544308225048376,0.028906955736224028,-0.0011019545961434324,0.004327479680140981,,
2026-09-08,2026-09-22T13:29:44.351620,asset_growth_dropped_2026-09-22,V,0.14267512347633138,0.8952122854561879,0.0006165133159532387,0.004327479680140981,,
2026-09-08,2026-09-22T13:29:44.351620,asset_growth_dropped_2026-09-22,VAC,0.004573637461767595,0.481029810298103,1.888194142794e-05,0.004327479680140981,,
2026-09-08,2026-09-22T13:29:44.351620,asset_growth_dropped_2026-09-22,VAL,-0.0031832689559146143,0.45257452574525747,-1.468591347533493e-05,0.004327479680140981,,
2026-09-08,2026-09-22T13:29:44.351620,asset_growth_dropped_2026-09-22,VC,-0.008489078451407471,0.43541102077687444,-3.764669625377934e-05,0.004327479680140981,,
2026-09-08,2026-09-22T13:29:44.351620,asset_growth_dropped_2026-09-22,VCEL,0.00491288641062354,0.48283649503161696,2.035003436062329e-05,0.004327479680140981,,
2026-09-08,2026-09-22T13:29:44.351620,asset_growth_dropped_2026-09-22,VCTR,0.09791476828510594,0.7764227642276422,0.00042281378838731774,0.004327479680140981,,
2026-09-08,2026-09-22T13:29:44.351620,asset_growth_dropped_2026-09-22,VCYT,-0.06478475206403099,0.28319783197831977,-0.00028126507989225644,0.004327479680140981,,
2026-09-08,2026-09-22T13:29:44.351620,asset_growth_dropped_2026-09-22,VECO,-0.13437892567323062,0.13595302619692864,-0.0005824324520422716,0.004327479680140981,,
2026-09-08,2026-09-22T13:29:44.351620,asset_growth_dropped_2026-09-22,VEEV,-0.011583224686555753,0.4232158988256549,-5.103655121376825e-05,0.004327479680140981,,
2026-09-08,2026-09-22T13:29:44.351620,asset_growth_dropped_2026-09-22,VELO,-0.12633568249913799,0.15311653116531165,-0.0005476254806439531,0.004327479680140981,,
2026-09-08,2026-09-22T13:29:44.351620,asset_growth_dropped_2026-09-22,VERA,-0.14217826555566576,0.12691960252935863,-0.0006161839369020228,0.004327479680140981,,
2026-09-08,2026-09-22T13:29:44.351620,asset_growth_dropped_2026-09-22,VERX,-0.010568828580689346,0.4268292682926829,-4.664677267801723e-05,0.004327479680140981,,
2026-09-08,2026-09-22T13:29:44.351620,asset_growth_dropped_2026-09-22,VFC,0.0073815478342444535,0.4896115627822945,3.10331165084907e-05,0.004327479680140981,,
2026-09-08,2026-09-22T13:29:44.351620,asset_growth_dropped_2026-09-22,VG,-0.09534776741210725,0.20776874435411022,-0.0004135259077748934,0.004327479680140981,,
2026-09-08,2026-09-22T13:29:44.351620,asset_growth_dropped_2026-09-22,VHI,-0.029145726956706697,0.37262872628726285,-0.00012703792292027632,0.004327479680140981,,
2026-09-08,2026-09-22T13:29:44.351620,asset_growth_dropped_2026-09-22,VIA,-0.12299164670873174,0.16034327009936766,-0.0005331542337113058,0.004327479680140981,,
2026-09-08,2026-09-22T13:29:44.351620,asset_growth_dropped_2026-09-22,VIAV,0.05735509733182385,0.6571815718157181,0.00024729263650378504,0.004327479680140981,,
2026-09-08,2026-09-22T13:29:44.351620,asset_growth_dropped_2026-09-22,VICI,-0.05092268449708016,0.3157181571815718,-0.0002212772641715354,0.004327479680140981,,
2026-09-08,2026-09-22T13:29:44.351620,asset_growth_dropped_2026-09-22,VICR,0.009457815914432822,0.4986449864498645,4.001812443603119e-05,0.004327479680140981,,
2026-09-08,2026-09-22T13:29:44.351620,asset_growth_dropped_2026-09-22,VIR,-0.0820666947452807,0.23757904245709124,-0.00035605233567872563,0.004327479680140981,,
2026-09-08,2026-09-22T13:29:44.351620,asset_growth_dropped_2026-09-22,VIRT,-0.008980800776135667,0.43450767841011745,-3.9774614622312296e-05,0.004327479680140981,,
2026-09-08,2026-09-22T13:29:44.351620,asset_growth_dropped_2026-09-22,VISN,-0.17102624458823512,0.09033423667570009,-0.0007410229799785998,0.004327479680140981,,
2026-09-08,2026-09-22T13:29:44.351620,asset_growth_dropped_2026-09-22,VITL,-0.1096160727734045,0.1838301716350497,-0.0004752717092959539,0.004327479680140981,,
2026-09-08,2026-09-22T13:29:44.351620,asset_growth_dropped_2026-09-22,VKTX,-0.05917115901824188,0.2953929539295393,-0.00025697237005402335,0.004327479680140981,,
2026-09-08,2026-09-22T13:29:44.351620,asset_growth_dropped_2026-09-22,VLO,0.23338760199090822,0.990063233965673,0.0010090697234602952,0.004327479680140981,,
2026-09-08,2026-09-22T13:29:44.351620,asset_growth_dropped_2026-09-22,VLTO,0.09240066083892537,0.7597109304426377,0.0003989516004598572,0.004327479680140981,,
2026-09-08,2026-09-22T13:29:44.351620,asset_growth_dropped_2026-09-22,VLY,-0.039586297794640665,0.34372177055103886,-0.00017221928107050805,0.004327479680140981,,
2026-09-08,2026-09-22T13:29:44.351620,asset_growth_dropped_2026-09-22,VMC,-0.00011374030241419197,0.46251129177958444,-1.402590599701347e-06,0.004327479680140981,,
2026-09-08,2026-09-22T13:29:44.351620,asset_growth_dropped_2026-09-22,VMI,0.17958001423903736,0.9507678410117435,0.0007762184808266714,0.004327479680140981,,
2026-09-08,2026-09-22T13:29:44.351620,asset_growth_dropped_2026-09-22,VMRK,0.09401903072946283,0.7660343270099368,0.00040595506327611004,0.004327479680140981,,
2026-09-08,2026-09-22T13:29:44.351620,asset_growth_dropped_2026-09-22,VNO,-0.03484911343415863,0.3568202348690154,-0.0001517192120094404,0.004327479680140981,,
2026-09-08,2026-09-22T13:29:44.351620,asset_growth_dropped_2026-09-22,VNOM,-0.014353264127707765,0.41553748870822044,-6.302384060854266e-05,0.004327479680140981,,
2026-09-08,2026-09-22T13:29:44.351620,asset_growth_dropped_2026-09-22,VNT,0.05448401409905295,0.6490514905149052,0.00023486808215397555,0.004327479680140981,,
2026-09-08,2026-09-22T13:29:44.351620,asset_growth_dropped_2026-09-22,VOYA,0.11977913307106222,0.8351400180668473,0.0005174313827177335,0.004327479680140981,,
2026-09-08,2026-09-22T13:29:44.351620,asset_growth_dropped_2026-09-22,VOYG,-0.13094660552232337,0.14543812104787715,-0.0005675791563334821,0.004327479680140981,,
2026-09-08,2026-09-22T13:29:44.351620,asset_growth_dropped_2026-09-22,VRDN,-0.1529229823910059,0.11336946702800361,-0.000662681480675826,0.004327479680140981,,
2026-09-08,2026-09-22T13:29:44.351620,asset_growth_dropped_2026-09-22,VRNS,-0.02831489751951493,0.37669376693766937,-0.00012344252541316597,0.004327479680140981,,
2026-09-08,2026-09-22T13:29:44.351620,asset_growth_dropped_2026-09-22,VRRM,0.03979408372624045,0.6034327009936766,0.00017129770696294361,0.004327479680140981,,
2026-09-08,2026-09-22T13:29:44.351620,asset_growth_dropped_2026-09-22,VRSK,0.1501928470386841,0.9087624209575429,0.0006490461119102372,0.004327479680140981,,
2026-09-08,2026-09-22T13:29:44.351620,asset_growth_dropped_2026-09-22,VRSN,0.2959022644715517,0.998193315266486,0.0012796006550561518,0.004327479680140981,,
2026-09-08,2026-09-22T13:29:44.351620,asset_growth_dropped_2026-09-22,VRT,0.08908506918447184,0.7506775067750677,0.0003846034449475646,0.004327479680140981,,
2026-09-08,2026-09-22T13:29:44.351620,asset_growth_dropped_2026-09-22,VRTS,-0.06178611653832234,0.2908762420957543,-0.0002682885455866034,0.004327479680140981,,
2026-09-08,2026-09-22T13:29:44.351620,asset_growth_dropped_2026-09-22,VRTX,0.1354526219420875,0.8744354110207768,0.0005852580873240112,0.004327479680140981,,
2026-09-08,2026-09-22T13:29:44.351620,asset_growth_dropped_2026-09-22,VSAT,-0.049590302015575745,0.31842818428184283,-0.00021551140605664923,0.004327479680140981,,
2026-09-08,2026-09-22T13:29:44.351620,asset_growth_dropped_2026-09-22,VSEC,-0.09151545718429585,0.21680216802168023,-0.0003969416631360431,0.004327479680140981,,
2026-09-08,2026-09-22T13:29:44.351620,asset_growth_dropped_2026-09-22,VSH,-0.09208782991998826,0.21589882565492322,-0.0003994185945192187,0.004327479680140981,,
2026-09-08,2026-09-22T13:29:44.351620,asset_growth_dropped_2026-09-22,VSNT,0.08763373728392612,0.7452574525745257,0.0003783228356388126,0.004327479680140981,,
2026-09-08,2026-09-22T13:29:44.351620,asset_growth_dropped_2026-09-22,VST,-0.007864534758303197,0.4372177055103884,-3.4943996112510396e-05,0.004327479680140981,,
2026-09-08,2026-09-22T13:29:44.351620,asset_growth_dropped_2026-09-22,VSTS,0.025880461876547883,0.5560072267389341,0.00011108679113123345,0.004327479680140981,,
2026-09-08,2026-09-22T13:29:44.351620,asset_growth_dropped_2026-09-22,VSXY,0.016049798416266498,0.5194218608852755,6.854479476456133e-05,0.004327479680140981,,
2026-09-08,2026-09-22T13:29:44.351620,asset_growth_dropped_2026-09-22,VTR,0.0010775499014983453,0.46747967479674796,3.752693550881164e-06,0.004327479680140981,,
2026-09-08,2026-09-22T13:29:44.351620,asset_growth_dropped_2026-09-22,VTRS,0.1812380384689649,0.9512195121951219,0.0007833935469908642,0.004327479680140981,,
2026-09-08,2026-09-22T13:29:44.351620,asset_growth_dropped_2026-09-22,VVV,-0.09465700494052998,0.2091237579042457,-0.00041053664721533875,0.004327479680140981,,
2026-09-08,2026-09-22T13:29:44.351620,asset_growth_dropped_2026-09-22,VVX,0.0664328812670699,0.6878952122854561,0.0002865765620242726,0.004327479680140981,,
2026-09-08,2026-09-22T13:29:44.351620,asset_growth_dropped_2026-09-22,VYX,-0.2631281373997094,0.025745257452574527,-0.0011395920496227775,0.004327479680140981,,
2026-09-08,2026-09-22T13:29:44.351620,asset_growth_dropped_2026-09-22,VZ,0.17282110158567798,0.9367660343270099,0.0007469694236594109,0.004327479680140981,,
2026-09-08,2026-09-22T13:29:44.351620,asset_growth_dropped_2026-09-22,W,0.13608382030782196,0.8757904245709124,0.0005879895854258653,0.004327479680140981,,
2026-09-08,2026-09-22T13:29:44.351620,asset_growth_dropped_2026-09-22,WAB,0.17659029800098372,0.9421860885275519,0.0007632805445571067,0.004327479680140981,,
2026-09-08,2026-09-22T13:29:44.351620,asset_growth_dropped_2026-09-22,WAFD,-0.0623191027637427,0.28906955736224027,-0.00027059503264690503,0.004327479680140981,,
2026-09-08,2026-09-22T13:29:44.351620,asset_growth_dropped_2026-09-22,WAL,-0.0865088000749828,0.22673893405600723,-0.0003752754562300575,0.004327479680140981,,
2026-09-08,2026-09-22T13:29:44.351620,asset_growth_dropped_2026-09-22,WAT,-0.00954160473618651,0.4304426377597109,-4.220148236397491e-05,0.004327479680140981,,
2026-09-08,2026-09-22T13:29:44.351620,asset_growth_dropped_2026-09-22,WAY,-0.16090811254132875,0.10298102981029811,-0.0006972369691446292,0.004327479680140981,,
2026-09-08,2026-09-22T13:29:44.351620,asset_growth_dropped_2026-09-22,WBD,0.12981477119858137,0.8608852755194218,0.0005608604027918207,0.004327479680140981,,
2026-09-08,2026-09-22T13:29:44.351620,asset_growth_dropped_2026-09-22,WBI,-0.29628617255755824,0.015808491418247517,-0.0012830827730017686,0.004327479680140981,,
2026-09-08,2026-09-22T13:29:44.351620,asset_growth_dropped_2026-09-22,WBTN,-0.2120497200631704,0.051490514905149054,-0.0009185512365051442,0.004327479680140981,,
2026-09-08,2026-09-22T13:29:44.351620,asset_growth_dropped_2026-09-22,WCC,0.11949346359686447,0.8337850045167118,0.0005161951538729063,0.004327479680140981,,
2026-09-08,2026-09-22T13:29:44.351620,asset_growth_dropped_2026-09-22,WCN,0.183618177734612,0.9525745257452575,0.0007936935512988577,0.004327479680140981,,
2026-09-08,2026-09-22T13:29:44.351620,asset_growth_dropped_2026-09-22,WD,-0.15906111003373447,0.1052393857271906,-0.0006892441033238456,0.004327479680140981,,
2026-09-08,2026-09-22T13:29:44.351620,asset_growth_dropped_2026-09-22,WDAY,0.0061590208114989595,0.4859981933152665,2.574265565913632e-05,0.004327479680140981,,
2026-09-08,2026-09-22T13:29:44.351620,asset_growth_dropped_2026-09-22,WDC,-0.020256701670474886,0.3997289972899729,-8.857084661784878e-05,0.004327479680140981,,
2026-09-08,2026-09-22T13:29:44.351620,asset_growth_dropped_2026-09-22,WDFC,0.04428972438771314,0.6187895212285456,0.00019075250057468224,0.004327479680140981,,
2026-09-08,2026-09-22T13:29:44.351620,asset_growth_dropped_2026-09-22,WEC,-0.014438933814690899,0.4146341463414634,-6.33945744381662e-05,0.004327479680140981,,
2026-09-08,2026-09-22T13:29:44.351620,asset_growth_dropped_2026-09-22,WELL,0.04696598035630774,0.6273712737127372,0.00020233394389763138,0.004327479680140981,,
2026-09-08,2026-09-22T13:29:44.351620,asset_growth_dropped_2026-09-22,WEN,-0.15065861577370254,0.11562782294489611,-0.0006528824801510561,0.004327479680140981,,
2026-09-08,2026-09-22T13:29:44.351620,asset_growth_dropped_2026-09-22,WERN,0.06421053020400716,0.6788617886178862,0.0002769593829567289,0.004327479680140981,,
2026-09-08,2026-09-22T13:29:44.351620,asset_growth_dropped_2026-09-22,WES,0.06843396914464306,0.6951219512195121,0.00029523622915264693,0.004327479680140981,,
2026-09-08,2026-09-22T13:29:44.351620,asset_growth_dropped_2026-09-22,WEX,0.013502967526323892,0.513550135501355,5.752343583957933e-05,0.004327479680140981,,
2026-09-08,2026-09-22T13:29:44.351620,asset_growth_dropped_2026-09-22,WFC,0.08958530328235374,0.7538392050587173,0.00038676819784146213,0.004327479680140981,,
2026-09-08,2026-09-22T13:29:44.351620,asset_growth_dropped_2026-09-22,WFRD,0.11524013102013726,0.8233965672990063,0.0004977889435742376,0.004327479680140981,,
2026-09-08,2026-09-22T13:29:44.351620,asset_growth_dropped_2026-09-22,WGO,-0.07225948620253006,0.2610659439927733,-0.00031361183999106725,0.004327479680140981,,
2026-09-08,2026-09-22T13:29:44.351620,asset_growth_dropped_2026-09-22,WGS,-0.06704236847498742,0.27597109304426376,-0.00029103486903622316,0.004327479680140981,,
2026-09-08,2026-09-22T13:29:44.351620,asset_growth_dropped_2026-09-22,WH,0.04340050701817561,0.6138211382113821,0.00018690443047678017,0.004327479680140981,,
2026-09-08,2026-09-22T13:29:44.351620,asset_growth_dropped_2026-09-22,WHD,0.0754118734856132,0.7163504968383018,0.0003254329683981628,0.004327479680140981,,
2026-09-08,2026-09-22T13:29:44.351620,asset_growth_dropped_2026-09-22,WHR,-0.2192506310165807,0.04607046070460705,-0.0009497130323345319,0.004327479680140981,,
2026-09-08,2026-09-22T13:29:44.351620,asset_growth_dropped_2026-09-22,WING,-0.07611809213357254,0.25203252032520324,-0.00033030987875132505,0.004327479680140981,,
2026-09-08,2026-09-22T13:29:44.351620,asset_growth_dropped_2026-09-22,WK,0.04236739315064869,0.6111111111111112,0.00018243365120778555,0.004327479680140981,,
2026-09-08,2026-09-22T13:29:44.351620,asset_growth_dropped_2026-09-22,WKC,0.18573885017934022,0.9566395663956639,0.000802870718211654,0.004327479680140981,,
2026-09-08,2026-09-22T13:29:44.351620,asset_growth_dropped_2026-09-22,WLK,-0.03331141531915706,0.3604336043360434,-0.00014506485466258003,0.004327479680140981,,
2026-09-08,2026-09-22T13:29:44.351620,asset_growth_dropped_2026-09-22,WLTH,0.12583890962064653,0.8509485094850948,0.0005436549426022545,0.004327479680140981,,
2026-09-08,2026-09-22T13:29:44.351620,asset_growth_dropped_2026-09-22,WLY,-0.019883902132636688,0.4010840108401084,-8.695756419308803e-05,0.004327479680140981,,
2026-09-08,2026-09-22T13:29:44.351620,asset_growth_dropped_2026-09-22,WM,0.17678461696257175,0.9426377597109304,0.000764121455914845,0.004327479680140981,,
2026-09-08,2026-09-22T13:29:44.351620,asset_growth_dropped_2026-09-22,WMB,0.11882470117717928,0.8315266485998193,0.0005133010980908766,0.004327479680140981,,
2026-09-08,2026-09-22T13:29:44.351620,asset_growth_dropped_2026-09-22,WMG,-0.07955994843567887,0.24209575429087624,-0.0003452044419606554,0.004327479680140981,,
2026-09-08,2026-09-22T13:29:44.351620,asset_growth_dropped_2026-09-22,WMK,0.026580159999642666,0.5623306233062331,0.00011411472054115891,0.004327479680140981,,
2026-09-08,2026-09-22T13:29:44.351620,asset_growth_dropped_2026-09-22,WMS,0.07231518271567343,0.7037037037037037,0.00031203210201556826,0.004327479680140981,,
2026-09-08,2026-09-22T13:29:44.351620,asset_growth_dropped_2026-09-22,WMT,0.08467224115044475,0.7357723577235772,0.00036550702129835587,0.004327479680140981,,
2026-09-08,2026-09-22T13:29:44.351620,asset_growth_dropped_2026-09-22,WOLF,-0.3023904557954313,0.012646793134598013,-0.0013094989346754894,0.004327479680140981,,
2026-09-08,2026-09-22T13:29:44.351620,asset_growth_dropped_2026-09-22,WOOF,-0.17250896974815672,0.08897922312556458,-0.0007474394429793943,0.004327479680140981,,
2026-09-08,2026-09-22T13:29:44.351620,asset_growth_dropped_2026-09-22,WOR,0.11608455597231884,0.8256549232158988,0.0005014431753962074,0.004327479680140981,,
2026-09-08,2026-09-22T13:29:44.351620,asset_growth_dropped_2026-09-22,WPC,0.011563698826272326,0.506323396567299,4.913128994577276e-05,0.004327479680140981,,
2026-09-08,2026-09-22T13:29:44.351620,asset_growth_dropped_2026-09-22,WRB,0.03567721771057143,0.5889792231255646,0.00015348205293427296,0.004327479680140981,,
2026-09-08,2026-09-22T13:29:44.351620,asset_growth_dropped_2026-09-22,WRBY,-0.00310308664515066,0.45302619692863594,-1.4338926154797169e-05,0.004327479680140981,,
2026-09-08,2026-09-22T13:29:44.351620,asset_growth_dropped_2026-09-22,WS,0.021048899428334378,0.5415537488708221,9.017830281325729e-05,0.004327479680140981,,
2026-09-08,2026-09-22T13:29:44.351620,asset_growth_dropped_2026-09-22,WSBC,-0.05622214754610347,0.3035230352303523,-0.00024421058283184173,0.004327479680140981,,
2026-09-08,2026-09-22T13:29:44.351620,asset_growth_dropped_2026-09-22,WSC,0.016637071115545653,0.5221318879855466,7.108620543739342e-05,0.004327479680140981,,
2026-09-08,2026-09-22T13:29:44.351620,asset_growth_dropped_2026-09-22,WSFS,0.07974415002639842,0.7253839205058717,0.00034418080709716224,0.004327479680140981,,
2026-09-08,2026-09-22T13:29:44.351620,asset_growth_dropped_2026-09-22,WSM,0.09292247588598836,0.7619692863595302,0.0004012097444728141,0.004327479680140981,,
2026-09-08,2026-09-22T13:29:44.351620,asset_growth_dropped_2026-09-22,WSO,-0.16105544271439842,0.1025293586269196,-0.0006978745374748599,0.004327479680140981,,
2026-09-08,2026-09-22T13:29:44.351620,asset_growth_dropped_2026-09-22,WST,0.23678653234708572,0.9914182475158085,0.0010237785255108678,0.004327479680140981,,
2026-09-08,2026-09-22T13:29:44.351620,asset_growth_dropped_2026-09-22,WT,0.036273748984111745,0.5912375790424571,0.0001560635298990873,0.004327479680140981,,
2026-09-08,2026-09-22T13:29:44.351620,asset_growth_dropped_2026-09-22,WTFC,-0.03211254734467153,0.36224028906955735,-0.00013987677786382212,0.004327479680140981,,
2026-09-08,2026-09-22T13:29:44.351620,asset_growth_dropped_2026-09-22,WTI,0.02587842075055171,0.5555555555555556,0.00011107795819996041,0.004327479680140981,,
2026-09-08,2026-09-22T13:29:44.351620,asset_growth_dropped_2026-09-22,WTM,0.044557747608664516,0.6201445347786811,0.00019191236561715526,0.004327479680140981,,
2026-09-08,2026-09-22T13:29:44.351620,asset_growth_dropped_2026-09-22,WTRG,0.04520534935568094,0.6219512195121951,0.00019471484901819263,0.004327479680140981,,
2026-09-08,2026-09-22T13:29:44.351620,asset_growth_dropped_2026-09-22,WTS,0.08189041642924083,0.7308039747064138,0.00035346873134363204,0.004327479680140981,,
2026-09-08,2026-09-22T13:29:44.351620,asset_growth_dropped_2026-09-22,WTTR,0.07913460483720874,0.7244805781391147,0.00034154301267681623,0.004327479680140981,,
2026-09-08,2026-09-22T13:29:44.351620,asset_growth_dropped_2026-09-22,WTW,0.10720739915021021,0.8048780487804879,0.0004630274596311074,0.004327479680140981,,
2026-09-08,2026-09-22T13:29:44.351620,asset_growth_dropped_2026-09-22,WU,-0.02785607943458289,0.3780487804878049,-0.00012145699947374137,0.004327479680140981,,
2026-09-08,2026-09-22T13:29:44.351620,asset_growth_dropped_2026-09-22,WULF,-0.15354162577322586,0.11246612466124661,-0.0006653586473416366,0.004327479680140981,,
2026-09-08,2026-09-22T13:29:44.351620,asset_growth_dropped_2026-09-22,WVE,-0.2773211560040707,0.02168021680216802,-0.001201012049233014,0.004327479680140981,,
2026-09-08,2026-09-22T13:29:44.351620,asset_growth_dropped_2026-09-22,WWD,0.020348253517431122,0.5374887082204155,8.714627187084959e-05,0.004327479680140981,,
2026-09-08,2026-09-22T13:29:44.351620,asset_growth_dropped_2026-09-22,WWW,-0.1500753647741207,0.11743450767841011,-0.0006503584733019438,0.004327479680140981,,
2026-09-08,2026-09-22T13:29:44.351620,asset_growth_dropped_2026-09-22,WY,-0.033839332197406265,0.35953026196928634,-0.0001473494042260069,0.004327479680140981,,
2026-09-08,2026-09-22T13:29:44.351620,asset_growth_dropped_2026-09-22,WYNN,-0.0028657124083396046,0.4561878952122855,-1.3311693968408353e-05,0.004327479680140981,,
2026-09-08,2026-09-22T13:29:44.351620,asset_growth_dropped_2026-09-22,XE,-0.009174353431310189,0.43179765130984643,-4.0612209804617374e-05,0.004327479680140981,,
2026-09-08,2026-09-22T13:29:44.351620,asset_growth_dropped_2026-09-22,XEL,-0.03728143709890737,0.35049683830171635,-0.00016224504324416662,0.004327479680140981,,
2026-09-08,2026-09-22T13:29:44.351620,asset_growth_dropped_2026-09-22,XENE,-0.08150046312500642,0.23803071364046974,-0.00035360197984773544,0.004327479680140981,,
2026-09-08,2026-09-22T13:29:44.351620,asset_growth_dropped_2026-09-22,XHR,0.07508609511571147,0.7149954832881662,0.0003240231691221836,0.004327479680140981,,
2026-09-08,2026-09-22T13:29:44.351620,asset_growth_dropped_2026-09-22,XIFR,-0.018924674604695817,0.4028906955736224,-8.280652655729205e-05,0.004327479680140981,,
2026-09-08,2026-09-22T13:29:44.351620,asset_growth_dropped_2026-09-22,XMTR,0.0258858618011066,0.5564588979223125,0.0001111101591950356,0.004327479680140981,,
2026-09-08,2026-09-22T13:29:44.351620,asset_growth_dropped_2026-09-22,XNCR,-0.14181649428172757,0.12737127371273713,-0.0006146183790651966,0.004327479680140981,,
2026-09-08,2026-09-22T13:29:44.351620,asset_growth_dropped_2026-09-22,XNDU,-0.2068071954269105,0.057362240289069555,-0.0008958643176690909,0.004327479680140981,,
2026-09-08,2026-09-22T13:29:44.351620,asset_growth_dropped_2026-09-22,XOM,0.20813166241789433,0.9769647696476965,0.0008997751581552091,0.004327479680140981,,
2026-09-08,2026-09-22T13:29:44.351620,asset_growth_dropped_2026-09-22,XPEL,0.01223196131460072,0.50903342366757,5.202318228501434e-05,0.004327479680140981,,
2026-09-08,2026-09-22T13:29:44.351620,asset_growth_dropped_2026-09-22,XPO,0.14336049403966672,0.8961156278229448,0.0006194792431394391,0.004327479680140981,,
2026-09-08,2026-09-22T13:29:44.351620,asset_growth_dropped_2026-09-22,XPRO,0.13020098936170615,0.8622402890695574,0.0005625317540448446,0.004327479680140981,,
2026-09-08,2026-09-22T13:29:44.351620,asset_growth_dropped_2026-09-22,XRAY,0.013113038694105204,0.5121951219512195,5.583602674145186e-05,0.004327479680140981,,
2026-09-08,2026-09-22T13:29:44.351620,asset_growth_dropped_2026-09-22,XRX,-0.19752998891902854,0.06368563685636856,-0.00085571739501776,0.004327479680140981,,
2026-09-08,2026-09-22T13:29:44.351620,asset_growth_dropped_2026-09-22,XXI,-0.20311155324285757,0.05962059620596206,-0.00087987150121253,0.004327479680140981,,
2026-09-08,2026-09-22T13:29:44.351620,asset_growth_dropped_2026-09-22,XYL,0.016390779650011754,0.5212285456187895,7.002038412490332e-05,0.004327479680140981,,
2026-09-08,2026-09-22T13:29:44.351620,asset_growth_dropped_2026-09-22,XYZ,0.09020259108764994,0.7547425474254743,0.00038943949827568026,0.004327479680140981,,
2026-09-08,2026-09-22T13:29:44.351620,asset_growth_dropped_2026-09-22,XZO,-0.06723539043023094,0.2755194218608853,-0.0002918701676253606,0.004327479680140981,,
2026-09-08,2026-09-22T13:29:44.351620,asset_growth_dropped_2026-09-22,YELP,0.02364881541911025,0.546973803071364,0.00010142938643341349,0.004327479680140981,,
2026-09-08,2026-09-22T13:29:44.351620,asset_growth_dropped_2026-09-22,YETI,0.16657700784506357,0.9295392953929539,0.0007199482348760065,0.004327479680140981,,
2026-09-08,2026-09-22T13:29:44.351620,asset_growth_dropped_2026-09-22,YEXT,-0.08398968245427223,0.23170731707317074,-0.00036437402591454735,0.004327479680140981,,
2026-09-08,2026-09-22T13:29:44.351620,asset_growth_dropped_2026-09-22,YOU,0.02239311746143361,0.5447154471544715,9.59953790371733e-05,0.004327479680140981,,
2026-09-08,2026-09-22T13:29:44.351620,asset_growth_dropped_2026-09-22,YSS,-0.06697054105413738,0.2764227642276423,-0.0002907240373320177,0.004327479680140981,,
2026-09-08,2026-09-22T13:29:44.351620,asset_growth_dropped_2026-09-22,YUM,0.10541015269921528,0.7999096657633243,0.0004552499121342213,0.004327479680140981,,
2026-09-08,2026-09-22T13:29:44.351620,asset_growth_dropped_2026-09-22,YUMC,0.03682597194401752,0.5943992773261066,0.00015845326353698685,0.004327479680140981,,
2026-09-08,2026-09-22T13:29:44.351620,asset_growth_dropped_2026-09-22,ZBH,0.10489816591558357,0.7949412827461608,0.00045303429973155435,0.004327479680140981,,
2026-09-08,2026-09-22T13:29:44.351620,asset_growth_dropped_2026-09-22,ZBIO,-0.17358690196573728,0.08762420957542909,-0.0007521041727475436,0.004327479680140981,,
2026-09-08,2026-09-22T13:29:44.351620,asset_growth_dropped_2026-09-22,ZBRA,0.20229373098957656,0.9724480578139115,0.0008745116285251076,0.004327479680140981,,
2026-09-08,2026-09-22T13:29:44.351620,asset_growth_dropped_2026-09-22,ZD,0.17915983979774136,0.9494128274616079,0.0007744001844698483,0.004327479680140981,,
2026-09-08,2026-09-22T13:29:44.351620,asset_growth_dropped_2026-09-22,ZETA,0.1528665739407894,0.9105691056910569,0.000660616610749344,0.004327479680140981,,
2026-09-08,2026-09-22T13:29:44.351620,asset_growth_dropped_2026-09-22,ZG,0.03992254958202486,0.6038843721770552,0.00017185364034344257,0.004327479680140981,,
2026-09-08,2026-09-22T13:29:44.351620,asset_growth_dropped_2026-09-22,ZION,0.015068691704258425,0.5167118337850045,6.429907540429646e-05,0.004327479680140981,,
2026-09-08,2026-09-22T13:29:44.351620,asset_growth_dropped_2026-09-22,ZIP,0.0777791406627569,0.7213188798554652,0.0003356772690047168,0.004327479680140981,,
2026-09-08,2026-09-22T13:29:44.351620,asset_growth_dropped_2026-09-22,ZM,0.024690795034649868,0.551490514905149,0.0001059385320467823,0.004327479680140981,,
2026-09-08,2026-09-22T13:29:44.351620,asset_growth_dropped_2026-09-22,ZNTL,-0.12539416202407025,0.15492321589882566,-0.0005435510699196607,0.004327479680140981,,
2026-09-08,2026-09-22T13:29:44.351620,asset_growth_dropped_2026-09-22,ZS,-0.10198462703127137,0.1955736224028907,-0.0004422467829167743,0.004327479680140981,,
2026-09-08,2026-09-22T13:29:44.351620,asset_growth_dropped_2026-09-22,ZTS,0.034972375266485195,0.5858175248419151,0.00015043186157978887,0.004327479680140981,,
2026-09-08,2026-09-22T13:29:44.351620,asset_growth_dropped_2026-09-22,ZWS,0.12877252957206248,0.8581752484191508,0.0005563501233312631,0.004327479680140981,,
2026-09-08,2026-09-22T13:29:44.351620,asset_growth_dropped_2026-09-22,ZYME,0.10026751901528007,0.7822944896115628,0.00043299526936458314,0.004327479680140981,,
