panel_date,recorded_at,model_version,ticker,composite_score,rank_pct,beta_252,predicted_idiosyncratic_return_40d,fm_slope_used,realized_return_40d,realized_abnormal_return_40d,scored_at
2026-09-08,2026-09-22T16:50:23.521819,beta_adjusted_2026-09-22,A,0.025524262505119674,0.5537488708220416,0.8615645,0.00041202064170626194,0.016276464738787338,,,
2026-09-08,2026-09-22T16:50:23.521819,beta_adjusted_2026-09-22,AA,-0.009339172626688756,0.43089430894308944,1.698055,-0.00015543283088961763,0.016276464738787338,,,
2026-09-08,2026-09-22T16:50:23.521819,beta_adjusted_2026-09-22,AADX,-0.020354869797344355,0.3992773261065944,,-0.00033472943746095296,0.016276464738787338,,,
2026-09-08,2026-09-22T16:50:23.521819,beta_adjusted_2026-09-22,AAL,0.13466354080265497,0.8721770551038843,1.8644332,0.002188422256532793,0.016276464738787338,,,
2026-09-08,2026-09-22T16:50:23.521819,beta_adjusted_2026-09-22,AAMI,0.141722166365652,0.8925022583559169,1.5413897,0.0023033117266132172,0.016276464738787338,,,
2026-09-08,2026-09-22T16:50:23.521819,beta_adjusted_2026-09-22,AAOI,-0.165331282714947,0.0989159891598916,4.2900333,-0.0026944329102701853,0.016276464738787338,,,
2026-09-08,2026-09-22T16:50:23.521819,beta_adjusted_2026-09-22,AAON,-0.12908898436726918,0.14905149051490515,2.055561,-0.002104536419161597,0.016276464738787338,,,
2026-09-08,2026-09-22T16:50:23.521819,beta_adjusted_2026-09-22,AAP,-0.1518764261952662,0.11382113821138211,1.2879499,-0.0024754354125621583,0.016276464738787338,,,
2026-09-08,2026-09-22T16:50:23.521819,beta_adjusted_2026-09-22,AAPL,0.17693999857799134,0.943089430894309,0.68454075,0.0028765335307938873,0.016276464738787338,,,
2026-09-08,2026-09-22T16:50:23.521819,beta_adjusted_2026-09-22,AAT,0.06454942107578598,0.6815718157181572,0.3834922,0.0010472122591072967,0.016276464738787338,,,
2026-09-08,2026-09-22T16:50:23.521819,beta_adjusted_2026-09-22,AB,0.2351172594121484,0.9905149051490515,0.34011003,0.0038234536653602783,0.016276464738787338,,,
2026-09-08,2026-09-22T16:50:23.521819,beta_adjusted_2026-09-22,ABBV,0.1742617128402307,0.9399277326106594,-0.07387334,0.0028329405074228294,0.016276464738787338,,,
2026-09-08,2026-09-22T16:50:23.521819,beta_adjusted_2026-09-22,ABCB,-0.04617612214126141,0.3274616079494128,0.68090886,-0.0007550081407480488,0.016276464738787338,,,
2026-09-08,2026-09-22T16:50:23.521819,beta_adjusted_2026-09-22,ABCL,-0.08216575473248713,0.23712737127371275,2.6430016,-0.0013407921265810457,0.016276464738787338,,,
2026-09-08,2026-09-22T16:50:23.521819,beta_adjusted_2026-09-22,ABG,0.06430427716289228,0.6806684733514001,0.6811496,0.001043222182853154,0.016276464738787338,,,
2026-09-08,2026-09-22T16:50:23.521819,beta_adjusted_2026-09-22,ABM,0.1399860397896718,0.8870822041553749,0.22871344,0.002275053723617204,0.016276464738787338,,,
2026-09-08,2026-09-22T16:50:23.521819,beta_adjusted_2026-09-22,ABNB,0.1843455449600198,0.95483288166215,1.068169,0.002997069645352428,0.016276464738787338,,,
2026-09-08,2026-09-22T16:50:23.521819,beta_adjusted_2026-09-22,ABR,-0.18102167325239327,0.07949412827461608,0.78773093,-0.0029498169985907323,0.016276464738787338,,,
2026-09-08,2026-09-22T16:50:23.521819,beta_adjusted_2026-09-22,ABSI,-0.1935341984496416,0.06775067750677506,3.401151,-0.0031534766737569327,0.016276464738787338,,,
2026-09-08,2026-09-22T16:50:23.521819,beta_adjusted_2026-09-22,ABT,0.0455316399508539,0.6233062330623306,0.032066595,0.0007376700152173642,0.016276464738787338,,,
2026-09-08,2026-09-22T16:50:23.521819,beta_adjusted_2026-09-22,ACA,0.19446854820367543,0.9656729900632339,1.0307621,0.0031618363506984186,0.016276464738787338,,,
2026-09-08,2026-09-22T16:50:23.521819,beta_adjusted_2026-09-22,ACAD,-0.014469785192827017,0.41418247515808493,0.8460757,-0.00023894106541074627,0.016276464738787338,,,
2026-09-08,2026-09-22T16:50:23.521819,beta_adjusted_2026-09-22,ACDC,-0.06545365013574647,0.27958446251129176,0.5909077,-0.0010687781454012705,0.016276464738787338,,,
2026-09-08,2026-09-22T16:50:23.521819,beta_adjusted_2026-09-22,ACGL,0.04626411522553701,0.6246612466124661,-0.29173622,0.0007495921231977773,0.016276464738787338,,,
2026-09-08,2026-09-22T16:50:23.521819,beta_adjusted_2026-09-22,ACHC,-0.038876963611188226,0.34688346883468835,0.8961705,-0.0006362036443104937,0.016276464738787338,,,
2026-09-08,2026-09-22T16:50:23.521819,beta_adjusted_2026-09-22,ACHR,-0.2015128983641219,0.06097560975609756,2.957926,-0.003283341701576337,0.016276464738787338,,,
2026-09-08,2026-09-22T16:50:23.521819,beta_adjusted_2026-09-22,ACI,0.05574125201525491,0.6517615176151762,-0.19536078,0.000903846405980285,0.016276464738787338,,,
2026-09-08,2026-09-22T16:50:23.521819,beta_adjusted_2026-09-22,ACIW,0.035087466362594126,0.5862691960252936,0.48047417,0.0005676757920822799,0.016276464738787338,,,
2026-09-08,2026-09-22T16:50:23.521819,beta_adjusted_2026-09-22,ACLS,-0.05939675957326437,0.2935862691960253,2.687967,-0.0009701933797343369,0.016276464738787338,,,
2026-09-08,2026-09-22T16:50:23.521819,beta_adjusted_2026-09-22,ACM,-0.1247214180911238,0.15672990063233966,0.89560306,-0.0020334478806736,0.016276464738787338,,,
2026-09-08,2026-09-22T16:50:23.521819,beta_adjusted_2026-09-22,ACMR,-0.17589271881889756,0.08581752484191509,3.6658847,-0.0028663357526070923,0.016276464738787338,,,
2026-09-08,2026-09-22T16:50:23.521819,beta_adjusted_2026-09-22,ACN,0.01208267733847182,0.5085817524841915,0.28802463,0.00019323915470791125,0.016276464738787338,,,
2026-09-08,2026-09-22T16:50:23.521819,beta_adjusted_2026-09-22,ACT,0.08877953319321275,0.7497741644083108,-0.014094691,0.0014415928246034571,0.016276464738787338,,,
2026-09-08,2026-09-22T16:50:23.521819,beta_adjusted_2026-09-22,ACTG,0.03046930758429954,0.5749774164408311,0.48323998,0.0004925084935692469,0.016276464738787338,,,
2026-09-08,2026-09-22T16:50:23.521819,beta_adjusted_2026-09-22,ACVA,0.036583889032079,0.5934959349593496,1.2522565,0.0005920322628964725,0.016276464738787338,,,
2026-09-08,2026-09-22T16:50:23.521819,beta_adjusted_2026-09-22,AD,-0.19184575837865653,0.06910569105691057,0.2718932,-0.003125994838477989,0.016276464738787338,,,
2026-09-08,2026-09-22T16:50:23.521819,beta_adjusted_2026-09-22,ADBE,0.12383029029286094,0.8441734417344173,0.35227442,0.002012095236603681,0.016276464738787338,,,
2026-09-08,2026-09-22T16:50:23.521819,beta_adjusted_2026-09-22,ADC,-0.03582183754975996,0.35411020776874436,-0.21510716,-0.0005864769926991065,0.016276464738787338,,,
2026-09-08,2026-09-22T16:50:23.521819,beta_adjusted_2026-09-22,ADCT,-0.30746317020487096,0.011743450767841012,1.2962084,-0.005007837565257222,0.016276464738787338,,,
2026-09-08,2026-09-22T16:50:23.521819,beta_adjusted_2026-09-22,ADEA,-0.010726936036939437,0.4254742547425474,2.398934,-0.0001780207131023421,0.016276464738787338,,,
2026-09-08,2026-09-22T16:50:23.521819,beta_adjusted_2026-09-22,ADI,0.04646630753340003,0.6260162601626016,1.6486373,0.0007528830991671638,0.016276464738787338,,,
2026-09-08,2026-09-22T16:50:23.521819,beta_adjusted_2026-09-22,ADIG,0.13869235916517952,0.8830171635049684,,0.002253997176549403,0.016276464738787338,,,
2026-09-08,2026-09-22T16:50:23.521819,beta_adjusted_2026-09-22,ADM,0.13981572741791823,0.8866305329719963,-0.060297824,0.0022722816403037776,0.016276464738787338,,,
2026-09-08,2026-09-22T16:50:23.521819,beta_adjusted_2026-09-22,ADMA,-0.11074905123709605,0.1802168021680217,0.80871063,-0.0018060271442566162,0.016276464738787338,,,
2026-09-08,2026-09-22T16:50:23.521819,beta_adjusted_2026-09-22,ADNT,-0.09775641741079646,0.2032520325203252,1.4652169,-0.0015945529979188753,0.016276464738787338,,,
2026-09-08,2026-09-22T16:50:23.521819,beta_adjusted_2026-09-22,ADP,0.01743065374217543,0.525293586269196,-0.0035604993,0.0002802853040666598,0.016276464738787338,,,
2026-09-08,2026-09-22T16:50:23.521819,beta_adjusted_2026-09-22,ADPT,-0.0068339479912173096,0.4408310749774164,1.8396685,-0.00011465663044762528,0.016276464738787338,,,
2026-09-08,2026-09-22T16:50:23.521819,beta_adjusted_2026-09-22,ADSK,-0.02490552178732175,0.3852755194218609,0.5103567,-0.00040879796411431244,0.016276464738787338,,,
2026-09-08,2026-09-22T16:50:23.521819,beta_adjusted_2026-09-22,ADT,0.14220659870923236,0.8934056007226739,0.7951147,0.0023111965725718313,0.016276464738787338,,,
2026-09-08,2026-09-22T16:50:23.521819,beta_adjusted_2026-09-22,ADTN,-0.06821903898726166,0.2728093947606143,1.6892517,-0.001113788899531993,0.016276464738787338,,,
2026-09-08,2026-09-22T16:50:23.521819,beta_adjusted_2026-09-22,ADUS,0.06501365357350933,0.6833785004516711,0.28546762,0.00105476832298709,0.016276464738787338,,,
2026-09-08,2026-09-22T16:50:23.521819,beta_adjusted_2026-09-22,ADV,-0.09035139644877266,0.21770551038843722,0.4798989,-0.0014740254353405138,0.016276464738787338,,,
2026-09-08,2026-09-22T16:50:23.521819,beta_adjusted_2026-09-22,AEE,-0.055504996614276686,0.3053297199638663,-0.10699766,-0.0009068492371606552,0.016276464738787338,,,
2026-09-08,2026-09-22T16:50:23.521819,beta_adjusted_2026-09-22,AEHR,-0.04227961187190202,0.33649503161698285,5.48738,-0.0006915867287444979,0.016276464738787338,,,
2026-09-08,2026-09-22T16:50:23.521819,beta_adjusted_2026-09-22,AEIS,-0.028191434193646968,0.3771454381210479,2.6288733,-0.0004622810015306087,0.016276464738787338,,,
2026-09-08,2026-09-22T16:50:23.521819,beta_adjusted_2026-09-22,AEO,0.1125351523172709,0.8175248419150858,1.2855117,0.001828250321624252,0.016276464738787338,,,
2026-09-08,2026-09-22T16:50:23.521819,beta_adjusted_2026-09-22,AEP,0.01631424286238612,0.520776874435411,-0.051513888,0.00026211408174777053,0.016276464738787338,,,
2026-09-08,2026-09-22T16:50:23.521819,beta_adjusted_2026-09-22,AES,0.09535103721523935,0.7700993676603433,0.44421402,0.0015485536780987725,0.016276464738787338,,,
2026-09-08,2026-09-22T16:50:23.521819,beta_adjusted_2026-09-22,AESI,-0.12611910684656508,0.15356820234869015,0.73873824,-0.0020561973124173395,0.016276464738787338,,,
2026-09-08,2026-09-22T16:50:23.521819,beta_adjusted_2026-09-22,AEVA,-0.10659573383900783,0.1910569105691057,3.9577694,-0.0017384258200776413,0.016276464738787338,,,
2026-09-08,2026-09-22T16:50:23.521819,beta_adjusted_2026-09-22,AFG,0.01605592358601325,0.5203252032520326,-0.057285137,0.00025790955715453845,0.016276464738787338,,,
2026-09-08,2026-09-22T16:50:23.521819,beta_adjusted_2026-09-22,AFL,0.03478274774885277,0.5849141824751581,-0.165668,0.0005627160503104665,0.016276464738787338,,,
2026-09-08,2026-09-22T16:50:23.521819,beta_adjusted_2026-09-22,AFRM,-0.21287138308615747,0.05013550135501355,2.5572374,-0.003468217677640604,0.016276464738787338,,,
2026-09-08,2026-09-22T16:50:23.521819,beta_adjusted_2026-09-22,AGCO,0.04660897223812641,0.6264679313459801,0.8843055,0.0007552051762031123,0.016276464738787338,,,
2026-09-08,2026-09-22T16:50:23.521819,beta_adjusted_2026-09-22,AGIO,-0.1713986548707261,0.08988256549232158,0.5545044,-0.0027931882792208247,0.016276464738787338,,,
2026-09-08,2026-09-22T16:50:23.521819,beta_adjusted_2026-09-22,AGL,0.005393341763734474,0.48419150858175247,2.469543,8.43604200997831e-05,0.016276464738787338,,,
2026-09-08,2026-09-22T16:50:23.521819,beta_adjusted_2026-09-22,AGM,0.028699258324186787,0.5704607046070461,0.52359515,0.00046369834920110506,0.016276464738787338,,,
2026-09-08,2026-09-22T16:50:23.521819,beta_adjusted_2026-09-22,AGNC,-0.10097322239341222,0.1978319783197832,0.66365373,-0.001646911210789976,0.016276464738787338,,,
2026-09-08,2026-09-22T16:50:23.521819,beta_adjusted_2026-09-22,AGNT,-0.1559123474862431,0.1093044263775971,1.1628884,-0.002541125943143265,0.016276464738787338,,,
2026-09-08,2026-09-22T16:50:23.521819,beta_adjusted_2026-09-22,AGO,-0.08528680695998692,0.22809394760614274,0.12028953,-0.0013915918231098595,0.016276464738787338,,,
2026-09-08,2026-09-22T16:50:23.521819,beta_adjusted_2026-09-22,AGX,-0.08031694621654434,0.24028906955736223,1.8161216,-0.0013107000599625331,0.016276464738787338,,,
2026-09-08,2026-09-22T16:50:23.521819,beta_adjusted_2026-09-22,AGYS,0.035336942624267564,0.5867208672086721,0.48966965,0.0005717363836585721,0.016276464738787338,,,
2026-09-08,2026-09-22T16:50:23.521819,beta_adjusted_2026-09-22,AHCO,-0.07472342847536201,0.25564588979223124,0.03689759,-0.0012196573656823974,0.016276464738787338,,,
2026-09-08,2026-09-22T16:50:23.521819,beta_adjusted_2026-09-22,AHR,-0.06659925865551733,0.2777777777777778,0.0129582565,-0.0010874246020777753,0.016276464738787338,,,
2026-09-08,2026-09-22T16:50:23.521819,beta_adjusted_2026-09-22,AI,-0.12478817414916481,0.15627822944896116,2.2947474,-0.0020345344332984047,0.016276464738787338,,,
2026-09-08,2026-09-22T16:50:23.521819,beta_adjusted_2026-09-22,AIG,0.052608941280852,0.6431797651309846,0.06194505,0.000852863460760851,0.016276464738787338,,,
2026-09-08,2026-09-22T16:50:23.521819,beta_adjusted_2026-09-22,AIN,0.07261114299066054,0.7055103884372177,1.0260125,0.0011784285915886615,0.016276464738787338,,,
2026-09-08,2026-09-22T16:50:23.521819,beta_adjusted_2026-09-22,AIP,0.01001417813120642,0.5013550135501355,3.5628285,0.0001595713002986464,0.016276464738787338,,,
2026-09-08,2026-09-22T16:50:23.521819,beta_adjusted_2026-09-22,AIR,0.00030795231843322446,0.46522131887985546,1.6702062,1.5882581103360137e-06,0.016276464738787338,,,
2026-09-08,2026-09-22T16:50:23.521819,beta_adjusted_2026-09-22,AIT,0.24033636675157624,0.9923215898825655,0.8015991,0.003908402281938422,0.016276464738787338,,,
2026-09-08,2026-09-22T16:50:23.521819,beta_adjusted_2026-09-22,AIV,-0.09411630753724372,0.2109304426377597,0.39391094,-0.0015353048779166824,0.016276464738787338,,,
2026-09-08,2026-09-22T16:50:23.521819,beta_adjusted_2026-09-22,AIZ,0.16400539275573497,0.9272809394760614,0.1573239,0.0026660038752178185,0.016276464738787338,,,
2026-09-08,2026-09-22T16:50:23.521819,beta_adjusted_2026-09-22,AJG,-0.11816205789028693,0.16711833785004518,-0.29497615,-0.0019266846856556734,0.016276464738787338,,,
2026-09-08,2026-09-22T16:50:23.521819,beta_adjusted_2026-09-22,AKAM,-0.04772255020788743,0.3229448961156278,1.1918427,-0.0007801785226455583,0.016276464738787338,,,
2026-09-08,2026-09-22T16:50:23.521819,beta_adjusted_2026-09-22,AKR,-0.046417128409659954,0.32700993676603435,0.19274797,-0.0007589308707774643,0.016276464738787338,,,
2026-09-08,2026-09-22T16:50:23.521819,beta_adjusted_2026-09-22,ALAB,-0.0011079773079526456,0.46115627822944893,3.5891263,-2.145807052613793e-05,0.016276464738787338,,,
2026-09-08,2026-09-22T16:50:23.521819,beta_adjusted_2026-09-22,ALB,-0.012216320492913588,0.4223125564588979,1.4365026,-0.00020226262668250334,0.016276464738787338,,,
2026-09-08,2026-09-22T16:50:23.521819,beta_adjusted_2026-09-22,ALEC,-0.2668566468871029,0.024841915085817526,1.765972,-0.004346906920310825,0.016276464738787338,,,
2026-09-08,2026-09-22T16:50:23.521819,beta_adjusted_2026-09-22,ALG,-0.002949840208302343,0.45483288166214997,0.77026665,-5.143708707736035e-05,0.016276464738787338,,,
2026-09-08,2026-09-22T16:50:23.521819,beta_adjusted_2026-09-22,ALGM,-0.014935087595103147,0.4128274616079494,2.8991377,-0.00024651454355426673,0.016276464738787338,,,
2026-09-08,2026-09-22T16:50:23.521819,beta_adjusted_2026-09-22,ALGN,0.056886604550240076,0.6544715447154471,1.4146593,0.0009224886961294518,0.016276464738787338,,,
2026-09-08,2026-09-22T16:50:23.521819,beta_adjusted_2026-09-22,ALGT,-0.07589249085461454,0.25248419150858176,2.1794412,-0.0012386855682757442,0.016276464738787338,,,
2026-09-08,2026-09-22T16:50:23.521819,beta_adjusted_2026-09-22,ALH,-0.06981868048049891,0.26874435411020775,1.2223678,-0.0011398254078913703,0.016276464738787338,,,
2026-09-08,2026-09-22T16:50:23.521819,beta_adjusted_2026-09-22,ALHC,-0.03293941516724193,0.36088527551942184,0.306358,-0.0005395613464277602,0.016276464738787338,,,
2026-09-08,2026-09-22T16:50:23.521819,beta_adjusted_2026-09-22,ALIT,-0.08248617307902446,0.23577235772357724,1.0136244,-0.001346007404500121,0.016276464738787338,,,
2026-09-08,2026-09-22T16:50:23.521819,beta_adjusted_2026-09-22,ALK,-0.029381705583836716,0.3712737127371274,2.1633615,-0.0004816544118426195,0.016276464738787338,,,
2026-09-08,2026-09-22T16:50:23.521819,beta_adjusted_2026-09-22,ALKS,0.0698368909802571,0.6996386630532972,0.7847466,0.00113327357656482,0.016276464738787338,,,
2026-09-08,2026-09-22T16:50:23.521819,beta_adjusted_2026-09-22,ALKT,-0.02308062711332641,0.3888888888888889,0.7467253,-0.00037909513030102645,0.016276464738787338,,,
2026-09-08,2026-09-22T16:50:23.521819,beta_adjusted_2026-09-22,ALL,0.13354339508423094,0.8699186991869918,-0.36372897,0.002170190244244561,0.016276464738787338,,,
2026-09-08,2026-09-22T16:50:23.521819,beta_adjusted_2026-09-22,ALLE,0.11522051382177548,0.8229448961156278,0.54450375,0.0018719585134632176,0.016276464738787338,,,
2026-09-08,2026-09-22T16:50:23.521819,beta_adjusted_2026-09-22,ALLO,-0.19159670022636746,0.06955736224028906,2.201301,-0.003121941052244348,0.016276464738787338,,,
2026-09-08,2026-09-22T16:50:23.521819,beta_adjusted_2026-09-22,ALLY,0.020227733966889407,0.535230352303523,1.210964,0.00032581188171577614,0.016276464738787338,,,
2026-09-08,2026-09-22T16:50:23.521819,beta_adjusted_2026-09-22,ALMR,-0.15511424455636544,0.11065943992773261,,-0.002528135648947188,0.016276464738787338,,,
2026-09-08,2026-09-22T16:50:23.521819,beta_adjusted_2026-09-22,ALMS,-0.2973002123967125,0.015356820234869015,1.7457461,-0.004842420540850947,0.016276464738787338,,,
2026-09-08,2026-09-22T16:50:23.521819,beta_adjusted_2026-09-22,ALNY,-0.05847979832670287,0.2976513098464318,0.354149,-0.0009552684923378442,0.016276464738787338,,,
2026-09-08,2026-09-22T16:50:23.521819,beta_adjusted_2026-09-22,ALRM,0.04819691090883389,0.6314363143631436,0.58811015,0.0007810512039842395,0.016276464738787338,,,
2026-09-08,2026-09-22T16:50:23.521819,beta_adjusted_2026-09-22,ALSN,0.12311846839593421,0.8414634146341463,1.0258355,0.002000509292598056,0.016276464738787338,,,
2026-09-08,2026-09-22T16:50:23.521819,beta_adjusted_2026-09-22,ALV,0.12028241169614146,0.8364950316169828,1.1142466,0.001954348315726678,0.016276464738787338,,,
2026-09-08,2026-09-22T16:50:23.521819,beta_adjusted_2026-09-22,ALX,0.017803014794679634,0.5275519421860885,0.3326072,0.00028634602560784217,0.016276464738787338,,,
2026-09-08,2026-09-22T16:50:23.521819,beta_adjusted_2026-09-22,ALXO,-0.13529631881417015,0.13459801264679314,0.9839615,-0.0022055698794084407,0.016276464738787338,,,
2026-09-08,2026-09-22T16:50:23.521819,beta_adjusted_2026-09-22,AM,0.17860986349061414,0.9471544715447154,-0.09729233,0.0029037130281627304,0.016276464738787338,,,
2026-09-08,2026-09-22T16:50:23.521819,beta_adjusted_2026-09-22,AMAT,-0.014428784997579693,0.4150858175248419,2.731112,-0.0002382737271785198,0.016276464738787338,,,
2026-09-08,2026-09-22T16:50:23.521819,beta_adjusted_2026-09-22,AMBA,-0.08918647581157552,0.21906052393857273,2.8329294,-0.0014550646456656887,0.016276464738787338,,,
2026-09-08,2026-09-22T16:50:23.521819,beta_adjusted_2026-09-22,AMC,-0.11242369686323547,0.17615176151761516,1.53011,-0.0018332844547404388,0.016276464738787338,,,
2026-09-08,2026-09-22T16:50:23.521819,beta_adjusted_2026-09-22,AMCR,-0.030344104354080005,0.3690153568202349,0.8219037,-0.0004973188614911367,0.016276464738787338,,,
2026-09-08,2026-09-22T16:50:23.521819,beta_adjusted_2026-09-22,AMCX,0.06968006472113084,0.6987353206865402,0.6857183,0.0011307209994880355,0.016276464738787338,,,
2026-09-08,2026-09-22T16:50:23.521819,beta_adjusted_2026-09-22,AMD,0.07098241858335616,0.7018970189701897,3.1066206,0.0011519187162039694,0.016276464738787338,,,
2026-09-08,2026-09-22T16:50:23.521819,beta_adjusted_2026-09-22,AME,0.1595271411146321,0.9214092140921409,0.93375957,0.002593113770289991,0.016276464738787338,,,
2026-09-08,2026-09-22T16:50:23.521819,beta_adjusted_2026-09-22,AMG,0.17333953318933742,0.9381210478771455,0.9950431,0.0028179306828522376,0.016276464738787338,,,
2026-09-08,2026-09-22T16:50:23.521819,beta_adjusted_2026-09-22,AMGN,0.05779102870071241,0.6594399277326106,0.5275202,0.0009372095239235225,0.016276464738787338,,,
2026-09-08,2026-09-22T16:50:23.521819,beta_adjusted_2026-09-22,AMH,0.1003687130492076,0.7827461607949413,0.04222192,0.001630223701881022,0.016276464738787338,,,
2026-09-08,2026-09-22T16:50:23.521819,beta_adjusted_2026-09-22,AMKR,0.02436123936409451,0.5510388437217706,3.4239488,0.0003930907365609722,0.016276464738787338,,,
2026-09-08,2026-09-22T16:50:23.521819,beta_adjusted_2026-09-22,AMLX,-0.14159909997911285,0.12917795844625113,0.7885563,-0.0023081568747959236,0.016276464738787338,,,
2026-09-08,2026-09-22T16:50:23.521819,beta_adjusted_2026-09-22,AMN,0.10343114769454535,0.7904245709123758,0.92261565,0.0016800693114007027,0.016276464738787338,,,
2026-09-08,2026-09-22T16:50:23.521819,beta_adjusted_2026-09-22,AMP,0.0683616171611846,0.6946702800361337,0.80472934,0.0011092613342686306,0.016276464738787338,,,
2026-09-08,2026-09-22T16:50:23.521819,beta_adjusted_2026-09-22,AMPH,-0.08234156983814483,0.23622402890695574,0.6125428,-0.0013436537749488295,0.016276464738787338,,,
2026-09-08,2026-09-22T16:50:23.521819,beta_adjusted_2026-09-22,AMPL,0.14409606765202299,0.8988256549232159,1.1446884,0.0023419504471941964,0.016276464738787338,,,
2026-09-08,2026-09-22T16:50:23.521819,beta_adjusted_2026-09-22,AMPX,-0.11138966437415421,0.17750677506775067,3.5724666,-0.0018164540613931472,0.016276464738787338,,,
2026-09-08,2026-09-22T16:50:23.521819,beta_adjusted_2026-09-22,AMR,-0.0107355883927161,0.42502258355916894,0.6173863,-0.00017816154286604842,0.016276464738787338,,,
2026-09-08,2026-09-22T16:50:23.521819,beta_adjusted_2026-09-22,AMRC,-0.22982748349487986,0.03974706413730804,2.9453797,-0.0037442030480505113,0.016276464738787338,,,
2026-09-08,2026-09-22T16:50:23.521819,beta_adjusted_2026-09-22,AMRX,0.09238938068923697,0.7588075880758808,0.6464229,0.0015003483800848953,0.016276464738787338,,,
2026-09-08,2026-09-22T16:50:23.521819,beta_adjusted_2026-09-22,AMRZ,0.0259372694820261,0.556910569105691,1.3367196,0.00041874293520275253,0.016276464738787338,,,
2026-09-08,2026-09-22T16:50:23.521819,beta_adjusted_2026-09-22,AMSC,-0.27425446887420757,0.022583559168925023,3.375643,-0.004467317309027759,0.016276464738787338,,,
2026-09-08,2026-09-22T16:50:23.521819,beta_adjusted_2026-09-22,AMT,0.0928008752618015,0.7615176151761518,-0.12558722,0.0015070460569854443,0.016276464738787338,,,
2026-09-08,2026-09-22T16:50:23.521819,beta_adjusted_2026-09-22,AMTM,-0.14392906536368166,0.12466124661246612,1.2019248,-0.002346080474220453,0.016276464738787338,,,
2026-09-08,2026-09-22T16:50:23.521819,beta_adjusted_2026-09-22,AMWL,0.15979488421455024,0.9223125564588979,1.0126019,0.002597471681414862,0.016276464738787338,,,
2026-09-08,2026-09-22T16:50:23.521819,beta_adjusted_2026-09-22,AMZN,0.12273107963333788,0.8401084010840109,1.4127752,0.001994203973063455,0.016276464738787338,,,
2026-09-08,2026-09-22T16:50:23.521819,beta_adjusted_2026-09-22,AN,0.09097036580093859,0.7551942186088527,0.58369315,0.0014772518342916925,0.016276464738787338,,,
2026-09-08,2026-09-22T16:50:23.521819,beta_adjusted_2026-09-22,ANAB,0.07856655228956244,0.7240289069557362,1.0582279,0.0012753616010472847,0.016276464738787338,,,
2026-09-08,2026-09-22T16:50:23.521819,beta_adjusted_2026-09-22,ANDE,0.08931530307006993,0.7524841915085817,-0.015545194,0.0014503132641122277,0.016276464738787338,,,
2026-09-08,2026-09-22T16:50:23.521819,beta_adjusted_2026-09-22,ANDG,-0.027696092333815238,0.37895212285456187,0.7920954,-0.0004542185872154122,0.016276464738787338,,,
2026-09-08,2026-09-22T16:50:23.521819,beta_adjusted_2026-09-22,ANET,0.08768563172668836,0.7457091237579042,2.0528307,0.0014237879759558653,0.016276464738787338,,,
2026-09-08,2026-09-22T16:50:23.521819,beta_adjusted_2026-09-22,ANF,0.07532667906152737,0.7158988256549232,1.0612966,0.0012226279186930307,0.016276464738787338,,,
2026-09-08,2026-09-22T16:50:23.521819,beta_adjusted_2026-09-22,ANGI,-0.04453934429626792,0.33062330623306235,1.2586648,-0.000728367183868784,0.016276464738787338,,,
2026-09-08,2026-09-22T16:50:23.521819,beta_adjusted_2026-09-22,ANGX,-0.15991278598732564,0.10478771454381211,1.7439778,-0.002606238939345822,0.016276464738787338,,,
2026-09-08,2026-09-22T16:50:23.521819,beta_adjusted_2026-09-22,ANIP,-0.08314689532539372,0.23396567299006324,0.24764271,-0.0013567616268452827,0.016276464738787338,,,
2026-09-08,2026-09-22T16:50:23.521819,beta_adjusted_2026-09-22,AON,0.038870561768327004,0.6007226738934056,-0.23338696,0.0006292512110571595,0.016276464738787338,,,
2026-09-08,2026-09-22T16:50:23.521819,beta_adjusted_2026-09-22,AORT,-0.15334773793112585,0.11291779584462511,0.29448965,-0.002499383166150642,0.016276464738787338,,,
2026-09-08,2026-09-22T16:50:23.521819,beta_adjusted_2026-09-22,AOS,0.025560280898235088,0.55420054200542,0.7682497,0.0004126068938117528,0.016276464738787338,,,
2026-09-08,2026-09-22T16:50:23.521819,beta_adjusted_2026-09-22,APA,0.15934916506417662,0.9205058717253839,-0.7487021,0.0025902169493804035,0.016276464738787338,,,
2026-09-08,2026-09-22T16:50:23.521819,beta_adjusted_2026-09-22,APAM,0.03634718997032831,0.5925925925925926,0.93545836,0.0005881796389641834,0.016276464738787338,,,
2026-09-08,2026-09-22T16:50:23.521819,beta_adjusted_2026-09-22,APD,0.027098089486917352,0.5645889792231256,0.18404658,0.00043763698108044397,0.016276464738787338,,,
2026-09-08,2026-09-22T16:50:23.521819,beta_adjusted_2026-09-22,APG,0.058454924111240536,0.6626016260162602,1.2746173,0.0009480153941632261,0.016276464738787338,,,
2026-09-08,2026-09-22T16:50:23.521819,beta_adjusted_2026-09-22,APH,0.1252165020568181,0.8495934959349594,1.7108551,0.002034657863500222,0.016276464738787338,,,
2026-09-08,2026-09-22T16:50:23.521819,beta_adjusted_2026-09-22,APLD,-0.07875005907012456,0.24299909665763325,3.8741214,-0.0012851966765741723,0.016276464738787338,,,
2026-09-08,2026-09-22T16:50:23.521819,beta_adjusted_2026-09-22,APLE,0.08741691114422956,0.7448057813911473,0.62721074,0.0014194141548708882,0.016276464738787338,,,
2026-09-08,2026-09-22T16:50:23.521819,beta_adjusted_2026-09-22,APO,-0.17383523664777253,0.08717253839205058,1.1996046,-0.002832847216598092,0.016276464738787338,,,
2026-09-08,2026-09-22T16:50:23.521819,beta_adjusted_2026-09-22,APP,0.009657579133694819,0.4995483288166215,2.1361904,0.0001537671292897619,0.016276464738787338,,,
2026-09-08,2026-09-22T16:50:23.521819,beta_adjusted_2026-09-22,APPF,0.058606845344243416,0.6630532971996387,0.5381433,0.0009504881347552706,0.016276464738787338,,,
2026-09-08,2026-09-22T16:50:23.521819,beta_adjusted_2026-09-22,APPN,0.06448826182766099,0.6811201445347786,0.5338682,0.0010462168027617394,0.016276464738787338,,,
2026-09-08,2026-09-22T16:50:23.521819,beta_adjusted_2026-09-22,APPS,0.06950881667137143,0.6978319783197832,1.992865,0.0011279336866445405,0.016276464738787338,,,
2026-09-08,2026-09-22T16:50:23.521819,beta_adjusted_2026-09-22,AR,0.11559804610950872,0.8242999096657633,-0.14216478,0.0018781034044322614,0.016276464738787338,,,
2026-09-08,2026-09-22T16:50:23.521819,beta_adjusted_2026-09-22,ARCB,0.04200360363929368,0.6097560975609756,1.28694,0.0006802460565950929,0.016276464738787338,,,
2026-09-08,2026-09-22T16:50:23.521819,beta_adjusted_2026-09-22,ARCC,-0.08021210888201,0.24074074074074073,0.6782775,-0.0013089936787836765,0.016276464738787338,,,
2026-09-08,2026-09-22T16:50:23.521819,beta_adjusted_2026-09-22,ARCT,-0.3043539629480526,0.012195121951219513,1.9101801,-0.004957230662976037,0.016276464738787338,,,
2026-09-08,2026-09-22T16:50:23.521819,beta_adjusted_2026-09-22,ARDT,-0.10066316436321496,0.19828364950316169,1.0834221,-0.0016418645621944924,0.016276464738787338,,,
2026-09-08,2026-09-22T16:50:23.521819,beta_adjusted_2026-09-22,ARE,-0.057461963922870715,0.3003613369467028,0.66568774,-0.0009387017465539455,0.016276464738787338,,,
2026-09-08,2026-09-22T16:50:23.521819,beta_adjusted_2026-09-22,ARES,-0.002875774711789375,0.45573622402890696,1.7069932,-5.023156263500625e-05,0.016276464738787338,,,
2026-09-08,2026-09-22T16:50:23.521819,beta_adjusted_2026-09-22,ARHS,-0.04746311575685575,0.3238482384823848,1.4888009,-0.0007759558469513145,0.016276464738787338,,,
2026-09-08,2026-09-22T16:50:23.521819,beta_adjusted_2026-09-22,ARI,-0.05537986376073506,0.3057813911472448,0.5611024,-0.0009048125166823211,0.016276464738787338,,,
2026-09-08,2026-09-22T16:50:23.521819,beta_adjusted_2026-09-22,ARLO,-0.04841272746868766,0.3206865401987353,1.4857438,-0.0007914121684944861,0.016276464738787338,,,
2026-09-08,2026-09-22T16:50:23.521819,beta_adjusted_2026-09-22,ARLP,0.13407397004432325,0.8717253839205059,-0.11393619,0.002178826128873787,0.016276464738787338,,,
2026-09-08,2026-09-22T16:50:23.521819,beta_adjusted_2026-09-22,ARMK,0.06591502934643528,0.6860885275519422,0.5619894,0.0010694395339715165,0.016276464738787338,,,
2026-09-08,2026-09-22T16:50:23.521819,beta_adjusted_2026-09-22,AROC,0.11178017058700948,0.8157181571815718,0.52659935,0.0018159618881132232,0.016276464738787338,,,
2026-09-08,2026-09-22T16:50:23.521819,beta_adjusted_2026-09-22,ARQT,0.02417958291693044,0.5501355013550135,1.1142114,0.0003901340118041328,0.016276464738787338,,,
2026-09-08,2026-09-22T16:50:23.521819,beta_adjusted_2026-09-22,ARR,-0.02919866741496479,0.3721770551038844,0.6194766,-0.0004786751975411234,0.016276464738787338,,,
2026-09-08,2026-09-22T16:50:23.521819,beta_adjusted_2026-09-22,ARRY,-0.10692149203559931,0.1901535682023487,2.9659767,-0.0017437280118778333,0.016276464738787338,,,
2026-09-08,2026-09-22T16:50:23.521819,beta_adjusted_2026-09-22,ARVN,0.013413625411186333,0.5130984643179766,1.18137,0.000214902284082606,0.016276464738787338,,,
2026-09-08,2026-09-22T16:50:23.521819,beta_adjusted_2026-09-22,ARW,0.0993560980977157,0.7795844625112918,1.4156225,0.0016137419103290952,0.016276464738787338,,,
2026-09-08,2026-09-22T16:50:23.521819,beta_adjusted_2026-09-22,ARWR,0.02856183812292029,0.5700090334236676,1.5348563,0.00046146163414079384,0.016276464738787338,,,
2026-09-08,2026-09-22T16:50:23.521819,beta_adjusted_2026-09-22,ARX,0.0018568836278559098,0.4715447154471545,0.14903112,2.6799383950958052e-05,0.016276464738787338,,,
2026-09-08,2026-09-22T16:50:23.521819,beta_adjusted_2026-09-22,ARXS,0.037053949258106136,0.5948509485094851,,0.0005996831815905096,0.016276464738787338,,,
2026-09-08,2026-09-22T16:50:23.521819,beta_adjusted_2026-09-22,ASAN,-0.05158953349430806,0.3134598012646793,0.9260496,-0.0008431193397524636,0.016276464738787338,,,
2026-09-08,2026-09-22T16:50:23.521819,beta_adjusted_2026-09-22,ASB,0.01873516302003675,0.5302619692863595,0.8362427,0.00030151810332919044,0.016276464738787338,,,
2026-09-08,2026-09-22T16:50:23.521819,beta_adjusted_2026-09-22,ASH,0.06424403848620176,0.6797651309846432,0.90462476,0.0010422417101560895,0.016276464738787338,,,
2026-09-08,2026-09-22T16:50:23.521819,beta_adjusted_2026-09-22,ASO,0.04430686831477778,0.6192411924119241,0.9495359,0.0007177350628697043,0.016276464738787338,,,
2026-09-08,2026-09-22T16:50:23.521819,beta_adjusted_2026-09-22,ASPN,-0.1107975975125921,0.17976513098464317,2.1168287,-0.0018068173059979271,0.016276464738787338,,,
2026-09-08,2026-09-22T16:50:23.521819,beta_adjusted_2026-09-22,ASST,-0.4315442780656944,0.00045167118337850043,3.9094706,-0.007027439342103583,0.016276464738787338,,,
2026-09-08,2026-09-22T16:50:23.521819,beta_adjusted_2026-09-22,ASTH,-0.08288942648197034,0.23441734417344173,0.67444724,-0.0013525709442939657,0.016276464738787338,,,
2026-09-08,2026-09-22T16:50:23.521819,beta_adjusted_2026-09-22,ASTS,-0.2030239624873742,0.06052393857271906,3.712993,-0.0033079364834965,0.016276464738787338,,,
2026-09-08,2026-09-22T16:50:23.521819,beta_adjusted_2026-09-22,ATAI,-0.01280142636975741,0.4205058717253839,1.236322,-0.00021178608185540906,0.016276464738787338,,,
2026-09-08,2026-09-22T16:50:23.521819,beta_adjusted_2026-09-22,ATEC,-0.037001320418170336,0.35140018066847334,0.8310842,-0.0006056748040167916,0.016276464738787338,,,
2026-09-08,2026-09-22T16:50:23.521819,beta_adjusted_2026-09-22,ATEN,0.02223250528274638,0.544263775971093,1.0239193,0.00035844247134765453,0.016276464738787338,,,
2026-09-08,2026-09-22T16:50:23.521819,beta_adjusted_2026-09-22,ATEX,-0.19444331967557477,0.06594399277326106,1.4102228,-0.003168273953334117,0.016276464738787338,,,
2026-09-08,2026-09-22T16:50:23.521819,beta_adjusted_2026-09-22,ATI,0.187608522063915,0.9584462511291779,1.6213437,0.0030501793771274487,0.016276464738787338,,,
2026-09-08,2026-09-22T16:50:23.521819,beta_adjusted_2026-09-22,ATKR,0.1269139000261948,0.8541102077687444,1.778719,0.0020622855016964705,0.016276464738787338,,,
2026-09-08,2026-09-22T16:50:23.521819,beta_adjusted_2026-09-22,ATLC,0.0022519900902261136,0.473803071364047,1.5237042,3.323032035379368e-05,0.016276464738787338,,,
2026-09-08,2026-09-22T16:50:23.521819,beta_adjusted_2026-09-22,ATMU,-0.04648364209237161,0.3265582655826558,1.2522852,-0.0007600134783887675,0.016276464738787338,,,
2026-09-08,2026-09-22T16:50:23.521819,beta_adjusted_2026-09-22,ATO,-0.042754489729294354,0.3355916892502258,-0.16088356,-0.0006993160614455751,0.016276464738787338,,,
2026-09-08,2026-09-22T16:50:23.521819,beta_adjusted_2026-09-22,ATR,0.12825087161932971,0.8568202348690154,0.40041503,0.0020840466726888916,0.016276464738787338,,,
2026-09-08,2026-09-22T16:50:23.521819,beta_adjusted_2026-09-22,ATRC,0.12205175199712756,0.8396567299006323,0.5185586,0.001983146920746594,0.016276464738787338,,,
2026-09-08,2026-09-22T16:50:23.521819,beta_adjusted_2026-09-22,ATRO,-0.02219796534005434,0.39069557362240287,1.705754,-0.0003647285170720881,0.016276464738787338,,,
2026-09-08,2026-09-22T16:50:23.521819,beta_adjusted_2026-09-22,AUB,0.013894567771540155,0.5149051490514905,0.88967085,0.0002227303254522941,0.016276464738787338,,,
2026-09-08,2026-09-22T16:50:23.521819,beta_adjusted_2026-09-22,AUPH,-0.058515615200169374,0.2971996386630533,0.6343559,-0.0009558514644158754,0.016276464738787338,,,
2026-09-08,2026-09-22T16:50:23.521819,beta_adjusted_2026-09-22,AUR,-0.0940139142666509,0.2122854561878952,2.839899,-0.0015336382774583893,0.016276464738787338,,,
2026-09-08,2026-09-22T16:50:23.521819,beta_adjusted_2026-09-22,AVA,-0.0390519040837345,0.34552845528455284,-0.16189697,-0.00063905105674328,0.016276464738787338,,,
2026-09-08,2026-09-22T16:50:23.521819,beta_adjusted_2026-09-22,AVAH,0.009169374037576318,0.496386630532972,0.80779666,0.00014582087625749285,0.016276464738787338,,,
2026-09-08,2026-09-22T16:50:23.521819,beta_adjusted_2026-09-22,AVAV,-0.1429075935596577,0.12601626016260162,2.0706744,-0.0023294545244205915,0.016276464738787338,,,
2026-09-08,2026-09-22T16:50:23.521819,beta_adjusted_2026-09-22,AVEX,-0.050474870447502984,0.3166214995483288,,-0.0008249765659755115,0.016276464738787338,,,
2026-09-08,2026-09-22T16:50:23.521819,beta_adjusted_2026-09-22,AVGO,0.05936785308383208,0.6644083107497741,2.1322577,0.0009628746503946297,0.016276464738787338,,,
2026-09-08,2026-09-22T16:50:23.521819,beta_adjusted_2026-09-22,AVIR,-0.06755473377860069,0.27461607949412825,0.6336831,-0.00110297635922743,0.016276464738787338,,,
2026-09-08,2026-09-22T16:50:23.521819,beta_adjusted_2026-09-22,AVNT,0.03487687412698989,0.5853658536585366,1.1873562,0.0005642480949852052,0.016276464738787338,,,
2026-09-08,2026-09-22T16:50:23.521819,beta_adjusted_2026-09-22,AVPT,-0.006914430585984406,0.44037940379403795,0.89565605,-0.00011596660256343804,0.016276464738787338,,,
2026-09-08,2026-09-22T16:50:23.521819,beta_adjusted_2026-09-22,AVT,0.06394656537840523,0.6779584462511292,1.3454349,0.0010373998996063018,0.016276464738787338,,,
2026-09-08,2026-09-22T16:50:23.521819,beta_adjusted_2026-09-22,AVTR,0.08118238654640131,0.7289972899728997,0.91438013,0.0013179381350912345,0.016276464738787338,,,
2026-09-08,2026-09-22T16:50:23.521819,beta_adjusted_2026-09-22,AVXL,-0.36334683272999146,0.0040650406504065045,1.7136033,-0.005917426027821637,0.016276464738787338,,,
2026-09-08,2026-09-22T16:50:23.521819,beta_adjusted_2026-09-22,AVY,0.133990726800159,0.8708220415537489,0.48213705,0.002177471223145405,0.016276464738787338,,,
2026-09-08,2026-09-22T16:50:23.521819,beta_adjusted_2026-09-22,AWI,0.10302103328958032,0.7881662149954833,0.77858716,0.0016733940987494205,0.016276464738787338,,,
2026-09-08,2026-09-22T16:50:23.521819,beta_adjusted_2026-09-22,AWK,0.02645693326041599,0.5618789521228545,-0.4437626,0.0004272012243677406,0.016276464738787338,,,
2026-09-08,2026-09-22T16:50:23.521819,beta_adjusted_2026-09-22,AWR,0.06805716710675108,0.6933152664859982,-0.27978164,0.0011043059636929213,0.016276464738787338,,,
2026-09-08,2026-09-22T16:50:23.521819,beta_adjusted_2026-09-22,AX,-0.04355746630606269,0.33378500451671184,0.92266226,-0.0007123856813834172,0.016276464738787338,,,
2026-09-08,2026-09-22T16:50:23.521819,beta_adjusted_2026-09-22,AXGN,0.12706135863326412,0.8545618789521229,0.8055127,0.0020646856065148654,0.016276464738787338,,,
2026-09-08,2026-09-22T16:50:23.521819,beta_adjusted_2026-09-22,AXON,-0.15532535289537658,0.10975609756097561,1.6179265,-0.002531571746383167,0.016276464738787338,,,
2026-09-08,2026-09-22T16:50:23.521819,beta_adjusted_2026-09-22,AXP,0.10398240727637548,0.7926829268292683,0.9645665,0.0016890418685462792,0.016276464738787338,,,
2026-09-08,2026-09-22T16:50:23.521819,beta_adjusted_2026-09-22,AXS,0.047052690340910114,0.6278229448961157,-0.13302352,0.0007624273382570328,0.016276464738787338,,,
2026-09-08,2026-09-22T16:50:23.521819,beta_adjusted_2026-09-22,AXSM,0.13869043557331673,0.8825654923215899,0.5797702,0.0022539658672742764,0.016276464738787338,,,
2026-09-08,2026-09-22T16:50:23.521819,beta_adjusted_2026-09-22,AXTA,0.10374799598640672,0.7922312556458898,1.0880548,0.001685226481450729,0.016276464738787338,,,
2026-09-08,2026-09-22T16:50:23.521819,beta_adjusted_2026-09-22,AXTI,-0.18783224610811516,0.07497741644083107,4.275733,-0.0030606690475278317,0.016276464738787338,,,
2026-09-08,2026-09-22T16:50:23.521819,beta_adjusted_2026-09-22,AYI,0.12117516128718325,0.8373983739837398,1.4577821,0.0019688791229658365,0.016276464738787338,,,
2026-09-08,2026-09-22T16:50:23.521819,beta_adjusted_2026-09-22,AZO,0.10709634473700275,0.8044263775971093,0.12631173,0.0017397257618229681,0.016276464738787338,,,
2026-09-08,2026-09-22T16:50:23.521819,beta_adjusted_2026-09-22,AZTA,-0.08274848385896087,0.23486901535682023,1.4918405,-0.00135027689666036,0.016276464738787338,,,
2026-09-08,2026-09-22T16:50:23.521819,beta_adjusted_2026-09-22,AZZ,0.14534916251286922,0.9010840108401084,1.1418555,0.002362346401511116,0.016276464738787338,,,
2026-09-08,2026-09-22T16:50:23.521819,beta_adjusted_2026-09-22,BA,-0.05622552027727338,0.3030713640469738,1.1982421,-0.0009185768151548828,0.016276464738787338,,,
2026-09-08,2026-09-22T16:50:23.521819,beta_adjusted_2026-09-22,BAC,0.12588183702474043,0.8514001806684733,0.7155829,0.0020454871646450917,0.016276464738787338,,,
2026-09-08,2026-09-22T16:50:23.521819,beta_adjusted_2026-09-22,BAH,0.009824204235923804,0.5004516711833785,0.21928355,0.00015647919689078883,0.016276464738787338,,,
2026-09-08,2026-09-22T16:50:23.521819,beta_adjusted_2026-09-22,BALL,0.10519679515317965,0.7976513098464318,0.20493731,0.0017088078100022932,0.016276464738787338,,,
2026-09-08,2026-09-22T16:50:23.521819,beta_adjusted_2026-09-22,BALY,-0.22177359724172552,0.045618789521228546,1.1029495,-0.0036131142524408405,0.016276464738787338,,,
2026-09-08,2026-09-22T16:50:23.521819,beta_adjusted_2026-09-22,BANC,-0.13147568986314354,0.14408310749774164,1.1051121,-0.002143383547007066,0.016276464738787338,,,
2026-09-08,2026-09-22T16:50:23.521819,beta_adjusted_2026-09-22,BAND,-0.013785763382956888,0.4173441734417344,2.1692786,-0.0002278076085418336,0.016276464738787338,,,
2026-09-08,2026-09-22T16:50:23.521819,beta_adjusted_2026-09-22,BANF,-0.1661074192381864,0.0984643179765131,0.56003547,-0.0027070656690231765,0.016276464738787338,,,
2026-09-08,2026-09-22T16:50:23.521819,beta_adjusted_2026-09-22,BANR,0.017056184886668685,0.5225835591689251,0.45116773,0.0002741902749442302,0.016276464738787338,,,
2026-09-08,2026-09-22T16:50:23.521819,beta_adjusted_2026-09-22,BATRA,0.007868890496817257,0.491869918699187,0.30333966,0.0001246536017629547,0.016276464738787338,,,
2026-09-08,2026-09-22T16:50:23.521819,beta_adjusted_2026-09-22,BAX,0.06972922991124336,0.6991869918699187,1.1798142,0.0011315212349712778,0.016276464738787338,,,
2026-09-08,2026-09-22T16:50:23.521819,beta_adjusted_2026-09-22,BBIO,0.09204512453573424,0.7583559168925023,1.1222212,0.0014947451069412976,0.016276464738787338,,,
2026-09-08,2026-09-22T16:50:23.521819,beta_adjusted_2026-09-22,BBT,-0.09712410573734884,0.2037037037037037,0.53251916,-0.0015842611992620814,0.016276464738787338,,,
2026-09-08,2026-09-22T16:50:23.521819,beta_adjusted_2026-09-22,BBWI,0.0012170060182429068,0.4679313459801265,1.3555136,1.638443860095248e-05,0.016276464738787338,,,
2026-09-08,2026-09-22T16:50:23.521819,beta_adjusted_2026-09-22,BBY,0.09112685632466912,0.7560975609756098,0.6962047,0.0014797989467831467,0.016276464738787338,,,
2026-09-08,2026-09-22T16:50:23.521819,beta_adjusted_2026-09-22,BC,0.0950546217123399,0.7682926829268293,1.407776,0.0015437290816177995,0.016276464738787338,,,
2026-09-08,2026-09-22T16:50:23.521819,beta_adjusted_2026-09-22,BCC,0.07444384774575685,0.7122854561878952,1.0127853,0.0012082585459115946,0.016276464738787338,,,
2026-09-08,2026-09-22T16:50:23.521819,beta_adjusted_2026-09-22,BCO,-0.028627129361896278,0.3748870822041554,0.7780896,-0.0004693725785734786,0.016276464738787338,,,
2026-09-08,2026-09-22T16:50:23.521819,beta_adjusted_2026-09-22,BCPC,0.19822125828750925,0.9683830171635049,0.14874002,0.0032229172040528315,0.016276464738787338,,,
2026-09-08,2026-09-22T16:50:23.521819,beta_adjusted_2026-09-22,BCRX,0.007490042727967362,0.4905149051490515,0.60175776,0.00011848729941190111,0.016276464738787338,,,
2026-09-08,2026-09-22T16:50:23.521819,beta_adjusted_2026-09-22,BDC,-0.013429362833822532,0.4182475158084914,1.4773269,-0.00022200666757096383,0.016276464738787338,,,
2026-09-08,2026-09-22T16:50:23.521819,beta_adjusted_2026-09-22,BDN,-0.12766708938629,0.15085817524841916,0.5725367,-0.002081392995641431,0.016276464738787338,,,
2026-09-08,2026-09-22T16:50:23.521819,beta_adjusted_2026-09-22,BDX,-0.010888441456295472,0.4245709123757904,0.39625248,-0.00018064945036561368,0.016276464738787338,,,
2026-09-08,2026-09-22T16:50:23.521819,beta_adjusted_2026-09-22,BE,0.0010239861863535205,0.4670280036133695,4.2867026,1.324275811331822e-05,0.016276464738787338,,,
2026-09-08,2026-09-22T16:50:23.521819,beta_adjusted_2026-09-22,BEAM,-0.20881866085378786,0.05465221318879855,2.1484058,-0.00340225368712934,0.016276464738787338,,,
2026-09-08,2026-09-22T16:50:23.521819,beta_adjusted_2026-09-22,BELFA,-0.022037442580662293,0.3915989159891599,2.149469,-0.0003621157740390706,0.016276464738787338,,,
2026-09-08,2026-09-22T16:50:23.521819,beta_adjusted_2026-09-22,BEN,0.09965459466489943,0.7809394760614273,1.194605,0.0016186003791795103,0.016276464738787338,,,
2026-09-08,2026-09-22T16:50:23.521819,beta_adjusted_2026-09-22,BETA,-0.14460719212832324,0.12375790424570912,2.8847942,-0.002357117980593569,0.016276464738787338,,,
2026-09-08,2026-09-22T16:50:23.521819,beta_adjusted_2026-09-22,BETR,-0.3406632109259493,0.006775067750677507,2.6257443,-0.005548216857380157,0.016276464738787338,,,
2026-09-08,2026-09-22T16:50:23.521819,beta_adjusted_2026-09-22,BF.B,-0.0028524624175211843,0.45663956639566394,0.020487892,-4.985212089936982e-05,0.016276464738787338,,,
2026-09-08,2026-09-22T16:50:23.521819,beta_adjusted_2026-09-22,BFAM,-0.0028149358093083887,0.45709123757904246,-0.19356583,-4.924132038402796e-05,0.016276464738787338,,,
2026-09-08,2026-09-22T16:50:23.521819,beta_adjusted_2026-09-22,BFH,0.1865938140730516,0.9579945799457995,1.1829095,0.0030336635182939943,0.016276464738787338,,,
2026-09-08,2026-09-22T16:50:23.521819,beta_adjusted_2026-09-22,BFLY,0.011834326289986485,0.507226738934056,3.105919,0.00018919687762439884,0.016276464738787338,,,
2026-09-08,2026-09-22T16:50:23.521819,beta_adjusted_2026-09-22,BG,0.026230165187325752,0.5609756097560976,-0.059462998,0.0004235102418222046,0.016276464738787338,,,
2026-09-08,2026-09-22T16:50:23.521819,beta_adjusted_2026-09-22,BGC,0.039687913004432356,0.6025293586269196,0.3483702,0.0006425547996308325,0.016276464738787338,,,
2026-09-08,2026-09-22T16:50:23.521819,beta_adjusted_2026-09-22,BGS,-0.13076872004930737,0.14634146341463414,0.03756746,-0.0021318765777607745,0.016276464738787338,,,
2026-09-08,2026-09-22T16:50:23.521819,beta_adjusted_2026-09-22,BHC,0.008678019742707654,0.493676603432701,1.018562,0.00013782336540281133,0.016276464738787338,,,
2026-09-08,2026-09-22T16:50:23.521819,beta_adjusted_2026-09-22,BHE,-0.007553383312194961,0.43766937669376693,1.8652351,-0.00012636649408135617,0.016276464738787338,,,
2026-09-08,2026-09-22T16:50:23.521819,beta_adjusted_2026-09-22,BHF,-0.1100337244640619,0.1820234869015357,0.09128635,-0.0017943841532586152,0.016276464738787338,,,
2026-09-08,2026-09-22T16:50:23.521819,beta_adjusted_2026-09-22,BHVN,-0.229678361161647,0.04019873532068654,1.0667078,-0.003741775863651881,0.016276464738787338,,,
2026-09-08,2026-09-22T16:50:23.521819,beta_adjusted_2026-09-22,BIIB,0.06765811543150832,0.6910569105691057,0.3433088,0.0010978108131718786,0.016276464738787338,,,
2026-09-08,2026-09-22T16:50:23.521819,beta_adjusted_2026-09-22,BILL,-0.0251116506917319,0.3839205058717254,1.5678568,-0.0004121530139585891,0.016276464738787338,,,
2026-09-08,2026-09-22T16:50:23.521819,beta_adjusted_2026-09-22,BIO,0.07300336016078282,0.7068654019873533,0.7671385,0.001184812500528104,0.016276464738787338,,,
2026-09-08,2026-09-22T16:50:23.521819,beta_adjusted_2026-09-22,BJ,0.045921588583913125,0.6242095754290876,-0.37128237,0.000744017000393291,0.016276464738787338,,,
2026-09-08,2026-09-22T16:50:23.521819,beta_adjusted_2026-09-22,BKD,-0.043968141829599856,0.3310749774164408,0.38839957,-0.0007190700270613529,0.016276464738787338,,,
2026-09-08,2026-09-22T16:50:23.521819,beta_adjusted_2026-09-22,BKE,0.0038993857630924486,0.47831978319783197,0.47390965,6.0044097934033424e-05,0.016276464738787338,,,
2026-09-08,2026-09-22T16:50:23.521819,beta_adjusted_2026-09-22,BKH,-0.03398428625590236,0.35907859078590787,0.06775394,-0.0005565681538589201,0.016276464738787338,,,
2026-09-08,2026-09-22T16:50:23.521819,beta_adjusted_2026-09-22,BKKT,-0.4001505906564581,0.0018066847335140017,4.3306465,-0.006516461095966636,0.016276464738787338,,,
2026-09-08,2026-09-22T16:50:23.521819,beta_adjusted_2026-09-22,BKNG,0.1935173629063,0.9634146341463414,0.84330624,0.0031463544167456346,0.016276464738787338,,,
2026-09-08,2026-09-22T16:50:23.521819,beta_adjusted_2026-09-22,BKR,0.0938434984805139,0.7651309846431797,0.6597714,0.0015240162770406576,0.016276464738787338,,,
2026-09-08,2026-09-22T16:50:23.521819,beta_adjusted_2026-09-22,BKU,0.014268252390355535,0.5153568202348691,0.82858735,0.00022881258997386984,0.016276464738787338,,,
2026-09-08,2026-09-22T16:50:23.521819,beta_adjusted_2026-09-22,BKV,-0.16919702745209275,0.09530261969286359,0.24939506,-0.002757353568173491,0.016276464738787338,,,
2026-09-08,2026-09-22T16:50:23.521819,beta_adjusted_2026-09-22,BL,-0.021144055708937015,0.3952122854561879,0.69448084,-0.0003475745941233386,0.016276464738787338,,,
2026-09-08,2026-09-22T16:50:23.521819,beta_adjusted_2026-09-22,BLBD,-0.05946084804373681,0.2931345980126468,1.1103823,-0.0009712365134641445,0.016276464738787338,,,
2026-09-08,2026-09-22T16:50:23.521819,beta_adjusted_2026-09-22,BLCO,0.06858434006696343,0.6964769647696477,1.0275775,0.0011128864757910598,0.016276464738787338,,,
2026-09-08,2026-09-22T16:50:23.521819,beta_adjusted_2026-09-22,BLDR,-7.283221975158682e-05,0.46296296296296297,1.6814322,-4.609567998504488e-06,0.016276464738787338,,,
2026-09-08,2026-09-22T16:50:23.521819,beta_adjusted_2026-09-22,BLFS,-0.017143492779798673,0.4087624209575429,1.1558226,-0.0002824595726719186,0.016276464738787338,,,
2026-09-08,2026-09-22T16:50:23.521819,beta_adjusted_2026-09-22,BLK,-0.009297744738838577,0.4313459801264679,1.1871295,-0.00015475853133382176,0.016276464738787338,,,
2026-09-08,2026-09-22T16:50:23.521819,beta_adjusted_2026-09-22,BLKB,-0.046539708311644286,0.3261065943992773,0.29941767,-0.0007609260382297964,0.016276464738787338,,,
2026-09-08,2026-09-22T16:50:23.521819,beta_adjusted_2026-09-22,BLLN,-0.10037596667400064,0.1991869918699187,1.7443305,-0.0016371899991329344,0.016276464738787338,,,
2026-09-08,2026-09-22T16:50:23.521819,beta_adjusted_2026-09-22,BLMN,0.012075037036032348,0.508130081300813,1.3058915,0.0001931147975946615,0.016276464738787338,,,
2026-09-08,2026-09-22T16:50:23.521819,beta_adjusted_2026-09-22,BLND,-0.006541680249415038,0.44128274616079494,1.5045829,-0.0001098995448538956,0.016276464738787338,,,
2026-09-08,2026-09-22T16:50:23.521819,beta_adjusted_2026-09-22,BMBL,-0.08128203669660158,0.23893405600722675,1.2779598,-0.0013264083211309242,0.016276464738787338,,,
2026-09-08,2026-09-22T16:50:23.521819,beta_adjusted_2026-09-22,BMI,-0.027523199446437274,0.3794037940379404,0.8285568,-0.00045140450223041766,0.016276464738787338,,,
2026-09-08,2026-09-22T16:50:23.521819,beta_adjusted_2026-09-22,BMNR,-0.3383915851060205,0.0076784101174345075,3.971368,-0.0055112428198223675,0.016276464738787338,,,
2026-09-08,2026-09-22T16:50:23.521819,beta_adjusted_2026-09-22,BMRN,0.11049987419861995,0.8116531165311653,0.42291537,0.0017951231890924043,0.016276464738787338,,,
2026-09-08,2026-09-22T16:50:23.521819,beta_adjusted_2026-09-22,BMY,0.22123425021588516,0.9832881662149955,0.27350613,0.0035974873557090394,0.016276464738787338,,,
2026-09-08,2026-09-22T16:50:23.521819,beta_adjusted_2026-09-22,BNL,0.009304482692682178,0.497289972899729,0.036404938,0.00014801996751822837,0.016276464738787338,,,
2026-09-08,2026-09-22T16:50:23.521819,beta_adjusted_2026-09-22,BNY,0.131636297728844,0.8658536585365854,0.7631458,0.0021391494413861706,0.016276464738787338,,,
2026-09-08,2026-09-22T16:50:23.521819,beta_adjusted_2026-09-22,BOBS,0.08487509230454275,0.7366757000903342,1.8085458,0.0013780423301543406,0.016276464738787338,,,
2026-09-08,2026-09-22T16:50:23.521819,beta_adjusted_2026-09-22,BOH,-0.01406197792813138,0.4159891598915989,0.6107783,-0.00023230340484670643,0.016276464738787338,,,
2026-09-08,2026-09-22T16:50:23.521819,beta_adjusted_2026-09-22,BOKF,0.057475613665087674,0.6576332429990966,0.63012403,0.000932075682218093,0.016276464738787338,,,
2026-09-08,2026-09-22T16:50:23.521819,beta_adjusted_2026-09-22,BOOT,-0.006285582405402376,0.44399277326106595,1.2685927,-0.00010573117732614405,0.016276464738787338,,,
2026-09-08,2026-09-22T16:50:23.521819,beta_adjusted_2026-09-22,BOX,0.13071072368344916,0.8640469738030714,0.27616006,0.002124084368073165,0.016276464738787338,,,
2026-09-08,2026-09-22T16:50:23.521819,beta_adjusted_2026-09-22,BPOP,0.049813981871394276,0.6364046973803071,0.7267629,0.0008073714024864705,0.016276464738787338,,,
2026-09-08,2026-09-22T16:50:23.521819,beta_adjusted_2026-09-22,BR,0.020596291451972518,0.540650406504065,0.12127805,0.00033181069462594756,0.016276464738787338,,,
2026-09-08,2026-09-22T16:50:23.521819,beta_adjusted_2026-09-22,BRBR,-0.047437859602238515,0.32429990966576333,-0.0031544296,-0.0007755447660412497,0.016276464738787338,,,
2026-09-08,2026-09-22T16:50:23.521819,beta_adjusted_2026-09-22,BRC,0.06830589127126159,0.6942186088527552,0.4133162,0.001108354313786261,0.016276464738787338,,,
2026-09-08,2026-09-22T16:50:23.521819,beta_adjusted_2026-09-22,BRCC,-0.07874225892748815,0.24345076784101174,0.86418384,-0.0012850697178275934,0.016276464738787338,,,
2026-09-08,2026-09-22T16:50:23.521819,beta_adjusted_2026-09-22,BRK.B,0.008924665306296622,0.494579945799458,0.04964689,0.00014183788322154548,0.016276464738787338,,,
2026-09-08,2026-09-22T16:50:23.521819,beta_adjusted_2026-09-22,BRKR,0.02520696642968566,0.5528455284552846,1.3541199,0.0004068561833227046,0.016276464738787338,,,
2026-09-08,2026-09-22T16:50:23.521819,beta_adjusted_2026-09-22,BRO,-0.10332336757525401,0.1933152664859982,-0.33751863,-0.0016851632659732549,0.016276464738787338,,,
2026-09-08,2026-09-22T16:50:23.521819,beta_adjusted_2026-09-22,BROS,-0.12648905816025777,0.15266485998193316,1.3801228,-0.002062218811929727,0.016276464738787338,,,
2026-09-08,2026-09-22T16:50:23.521819,beta_adjusted_2026-09-22,BRSP,0.027648177976687907,0.5663956639566395,0.5833173,0.00044659047698740716,0.016276464738787338,,,
2026-09-08,2026-09-22T16:50:23.521819,beta_adjusted_2026-09-22,BRUN,-0.1670555756498735,0.0980126467931346,2.2271767,-0.0027224983034248567,0.016276464738787338,,,
2026-09-08,2026-09-22T16:50:23.521819,beta_adjusted_2026-09-22,BRVE,0.1785423733067162,0.9462511291779584,,0.0029026145265643017,0.016276464738787338,,,
2026-09-08,2026-09-22T16:50:23.521819,beta_adjusted_2026-09-22,BRX,0.03998412027998631,0.6043360433604336,0.057679813,0.0006473760069067587,0.016276464738787338,,,
2026-09-08,2026-09-22T16:50:23.521819,beta_adjusted_2026-09-22,BRZE,0.031201252996376223,0.5767841011743451,0.857425,0.0005044219772596302,0.016276464738787338,,,
2026-09-08,2026-09-22T16:50:23.521819,beta_adjusted_2026-09-22,BSM,0.088621072843116,0.7488708220415538,-0.17461143,0.0014390136503026117,0.016276464738787338,,,
2026-09-08,2026-09-22T16:50:23.521819,beta_adjusted_2026-09-22,BSX,0.019700329128623933,0.5338753387533876,0.17810497,0.00031722759546268237,0.016276464738787338,,,
2026-09-08,2026-09-22T16:50:23.521819,beta_adjusted_2026-09-22,BSY,-0.05268132784059534,0.3112014453477868,0.49699193,-0.0008608898919318159,0.016276464738787338,,,
2026-09-08,2026-09-22T16:50:23.521819,beta_adjusted_2026-09-22,BTGO,-0.22353794174784988,0.044263775971093045,3.4448628,-0.003641831543581847,0.016276464738787338,,,
2026-09-08,2026-09-22T16:50:23.521819,beta_adjusted_2026-09-22,BTSG,0.09823231668683685,0.7773261065943993,1.3469869,0.001595450721820821,0.016276464738787338,,,
2026-09-08,2026-09-22T16:50:23.521819,beta_adjusted_2026-09-22,BTU,-0.070205412917824,0.26738934056007224,0.427628,-0.0011461200447708375,0.016276464738787338,,,
2026-09-08,2026-09-22T16:50:23.521819,beta_adjusted_2026-09-22,BURL,0.056674259382470296,0.6535682023486902,0.82036126,0.000919032467493795,0.016276464738787338,,,
2026-09-08,2026-09-22T16:50:23.521819,beta_adjusted_2026-09-22,BUSE,0.06153369592733186,0.6702800361336947,0.5680928,0.0009981269150666089,0.016276464738787338,,,
2026-09-08,2026-09-22T16:50:23.521819,beta_adjusted_2026-09-22,BV,-0.02125624478067152,0.3947606142728094,0.986372,-0.00034940063559350256,0.016276464738787338,,,
2026-09-08,2026-09-22T16:50:23.521819,beta_adjusted_2026-09-22,BW,-0.18721535198729206,0.07633242999096658,3.3171616,-0.0030506281921226894,0.016276464738787338,,,
2026-09-08,2026-09-22T16:50:23.521819,beta_adjusted_2026-09-22,BWA,0.22483948713758883,0.9850948509485095,1.17897,0.0036561678673401234,0.016276464738787338,,,
2026-09-08,2026-09-22T16:50:23.521819,beta_adjusted_2026-09-22,BWIN,-0.21222045468142087,0.05103884372177055,-0.041871384,-0.0034576228644134332,0.016276464738787338,,,
2026-09-08,2026-09-22T16:50:23.521819,beta_adjusted_2026-09-22,BWXT,-0.042487252450967426,0.33604336043360433,1.9344474,-0.0006949663833079974,0.016276464738787338,,,
2026-09-08,2026-09-22T16:50:23.521819,beta_adjusted_2026-09-22,BX,-0.1292696699007806,0.14769647696476965,1.3408415,-0.0021074773408766042,0.016276464738787338,,,
2026-09-08,2026-09-22T16:50:23.521819,beta_adjusted_2026-09-22,BXDC,0.12368300111029003,0.8432700993676604,,0.0020096978894171605,0.016276464738787338,,,
2026-09-08,2026-09-22T16:50:23.521819,beta_adjusted_2026-09-22,BXMT,-0.0610313303018198,0.2926829268292683,0.43582076,-0.0009967984125607233,0.016276464738787338,,,
2026-09-08,2026-09-22T16:50:23.521819,beta_adjusted_2026-09-22,BXP,-0.13169367987415923,0.14317976513098465,0.68135095,-0.0021469316537347707,0.016276464738787338,,,
2026-09-08,2026-09-22T16:50:23.521819,beta_adjusted_2026-09-22,BXSL,-0.16911451953090634,0.0957542908762421,0.50460607,-0.00275601063090363,0.016276464738787338,,,
2026-09-08,2026-09-22T16:50:23.521819,beta_adjusted_2026-09-22,BYD,0.05788370910334715,0.6598915989159891,0.55705017,0.0009387180332289833,0.016276464738787338,,,
2026-09-08,2026-09-22T16:50:23.521819,beta_adjusted_2026-09-22,BYND,-0.3516472276870496,0.005420054200542005,2.6373537,-0.005726997818882455,0.016276464738787338,,,
2026-09-08,2026-09-22T16:50:23.521819,beta_adjusted_2026-09-22,BZH,0.08563284537938697,0.7393857271906052,1.1772766,0.0013903758713577502,0.016276464738787338,,,
2026-09-08,2026-09-22T16:50:23.521819,beta_adjusted_2026-09-22,C,0.062041384603102046,0.6716350496838301,1.3458215,0.001006390291896064,0.016276464738787338,,,
2026-09-08,2026-09-22T16:50:23.521819,beta_adjusted_2026-09-22,CACC,0.1279116332480499,0.8559168925022583,1.357427,0.002078525071300712,0.016276464738787338,,,
2026-09-08,2026-09-22T16:50:23.521819,beta_adjusted_2026-09-22,CACI,0.1063142096344743,0.8035230352303523,0.3145722,0.001726995367405696,0.016276464738787338,,,
2026-09-08,2026-09-22T16:50:23.521819,beta_adjusted_2026-09-22,CAG,0.0658269169540784,0.6856368563685636,-0.2503171,0.0010680053757242693,0.016276464738787338,,,
2026-09-08,2026-09-22T16:50:23.521819,beta_adjusted_2026-09-22,CAH,0.2475438647703087,0.993676603432701,-0.064776175,0.004025714869295201,0.016276464738787338,,,
2026-09-08,2026-09-22T16:50:23.521819,beta_adjusted_2026-09-22,CAI,-0.0030773479890663508,0.45347786811201446,1.3386612,-5.351246297488675e-05,0.016276464738787338,,,
2026-09-08,2026-09-22T16:50:23.521819,beta_adjusted_2026-09-22,CAKE,0.13723482376472412,0.8798554652213189,0.441685,0.0022302736529983564,0.016276464738787338,,,
2026-09-08,2026-09-22T16:50:23.521819,beta_adjusted_2026-09-22,CALM,0.013226251527610006,0.512646793134598,-0.18959609,0.00021185249967360623,0.016276464738787338,,,
2026-09-08,2026-09-22T16:50:23.521819,beta_adjusted_2026-09-22,CALX,0.06772968512062902,0.6915085817524842,0.9078231,0.0010989757146932177,0.016276464738787338,,,
2026-09-08,2026-09-22T16:50:23.521819,beta_adjusted_2026-09-22,CALY,0.19536482538050617,0.9661246612466124,1.3496772,0.003176424574563284,0.016276464738787338,,,
2026-09-08,2026-09-22T16:50:23.521819,beta_adjusted_2026-09-22,CAPR,-0.23996498208338554,0.03477868112014453,1.0126686,-0.00390920568636583,0.016276464738787338,,,
2026-09-08,2026-09-22T16:50:23.521819,beta_adjusted_2026-09-22,CAR,-0.13258400513550417,0.13866305329719963,0.6660125,-0.002161423001457103,0.016276464738787338,,,
2026-09-08,2026-09-22T16:50:23.521819,beta_adjusted_2026-09-22,CARG,0.1423222181476639,0.8947606142728094,0.5631617,0.0023130784482845806,0.016276464738787338,,,
2026-09-08,2026-09-22T16:50:23.521819,beta_adjusted_2026-09-22,CARR,0.06955170855085042,0.6982836495031617,1.2516403,0.0011286318148084607,0.016276464738787338,,,
2026-09-08,2026-09-22T16:50:23.521819,beta_adjusted_2026-09-22,CARS,0.05533061019636605,0.6508581752484192,0.8069526,0.000897162608894869,0.016276464738787338,,,
2026-09-08,2026-09-22T16:50:23.521819,beta_adjusted_2026-09-22,CART,0.18592561958376136,0.9570912375790425,0.39144212,0.00302278767425041,0.016276464738787338,,,
2026-09-08,2026-09-22T16:50:23.521819,beta_adjusted_2026-09-22,CASH,-0.05553495660359211,0.3048780487804878,0.64488786,-0.0009073368798703221,0.016276464738787338,,,
2026-09-08,2026-09-22T16:50:23.521819,beta_adjusted_2026-09-22,CASY,0.215725759033077,0.9805781391147245,-0.08763732,0.0035078285932081416,0.016276464738787338,,,
2026-09-08,2026-09-22T16:50:23.521819,beta_adjusted_2026-09-22,CAT,0.11126938383513407,0.8152664859981933,1.7400355,0.0018076480855572835,0.016276464738787338,,,
2026-09-08,2026-09-22T16:50:23.521819,beta_adjusted_2026-09-22,CATY,0.0015906757398895799,0.469286359530262,0.6481861,2.2466460649287034e-05,0.016276464738787338,,,
2026-09-08,2026-09-22T16:50:23.521819,beta_adjusted_2026-09-22,CAVA,-0.04356862794438877,0.3333333333333333,1.3789234,-0.0007125673533960586,0.016276464738787338,,,
2026-09-08,2026-09-22T16:50:23.521819,beta_adjusted_2026-09-22,CB,0.16353302711203888,0.9263775971093045,-0.33637887,0.002658315432474384,0.016276464738787338,,,
2026-09-08,2026-09-22T16:50:23.521819,beta_adjusted_2026-09-22,CBC,-0.06814233333433371,0.27371273712737126,0.4012936,-0.0011125404026768458,0.016276464738787338,,,
2026-09-08,2026-09-22T16:50:23.521819,beta_adjusted_2026-09-22,CBOE,0.07460160734445438,0.7127371273712737,-0.34314278,0.001210826314457,0.016276464738787338,,,
2026-09-08,2026-09-22T16:50:23.521819,beta_adjusted_2026-09-22,CBRE,0.08257243284966947,0.7321589882565492,0.8278636,0.0013405631747316605,0.016276464738787338,,,
2026-09-08,2026-09-22T16:50:23.521819,beta_adjusted_2026-09-22,CBRL,0.11996351561215102,0.8355916892502259,0.3879622,0.0019491578148602702,0.016276464738787338,,,
2026-09-08,2026-09-22T16:50:23.521819,beta_adjusted_2026-09-22,CBRS,-0.09485001347259463,0.2082204155374887,,-0.0015472470167020604,0.016276464738787338,,,
2026-09-08,2026-09-22T16:50:23.521819,beta_adjusted_2026-09-22,CBSH,-0.09689484634271901,0.2055103884372177,0.3631174,-0.0015805296668093534,0.016276464738787338,,,
2026-09-08,2026-09-22T16:50:23.521819,beta_adjusted_2026-09-22,CBT,0.00914130005168038,0.4959349593495935,0.6052137,0.0001453639310159804,0.016276464738787338,,,
2026-09-08,2026-09-22T16:50:23.521819,beta_adjusted_2026-09-22,CBU,-0.07983597362448001,0.24164408310749774,0.54170686,-0.001302871526527475,0.016276464738787338,,,
2026-09-08,2026-09-22T16:50:23.521819,beta_adjusted_2026-09-22,CBZ,0.00013669924912024928,0.4643179765130985,-0.18233906,-1.1991364337457308e-06,0.016276464738787338,,,
2026-09-08,2026-09-22T16:50:23.521819,beta_adjusted_2026-09-22,CC,-0.08382265733242324,0.23215898825654924,1.6376333,-0.0013677606433245108,0.016276464738787338,,,
2026-09-08,2026-09-22T16:50:23.521819,beta_adjusted_2026-09-22,CCC,0.005777402473578289,0.48509485094850946,0.87817925,9.061157070110958e-05,0.016276464738787338,,,
2026-09-08,2026-09-22T16:50:23.521819,beta_adjusted_2026-09-22,CCCC,-0.21173299441356191,0.051942186088527555,1.9897463,-0.003449688734552067,0.016276464738787338,,,
2026-09-08,2026-09-22T16:50:23.521819,beta_adjusted_2026-09-22,CCI,0.04757015317454429,0.6291779584462511,0.10110668,0.0007708498038223125,0.016276464738787338,,,
2026-09-08,2026-09-22T16:50:23.521819,beta_adjusted_2026-09-22,CCK,0.20897868527952632,0.9774164408310749,0.47869262,0.0033980100851684764,0.016276464738787338,,,
2026-09-08,2026-09-22T16:50:23.521819,beta_adjusted_2026-09-22,CCL,0.06674762627713149,0.6887985546522132,2.0414,0.0010829912685556158,0.016276464738787338,,,
2026-09-08,2026-09-22T16:50:23.521819,beta_adjusted_2026-09-22,CCO,0.15434413806578223,0.9141824751580849,0.689678,0.002508752803924359,0.016276464738787338,,,
2026-09-08,2026-09-22T16:50:23.521819,beta_adjusted_2026-09-22,CCOI,-0.2081461592958937,0.05510388437217705,1.8210989,-0.0033913077392354963,0.016276464738787338,,,
2026-09-08,2026-09-22T16:50:23.521819,beta_adjusted_2026-09-22,CCS,-0.02019287834053409,0.4001806684733514,0.9438602,-0.0003320927892261959,0.016276464738787338,,,
2026-09-08,2026-09-22T16:50:23.521819,beta_adjusted_2026-09-22,CD,-0.40131768383593924,0.0013550135501355014,3.0209024,-0.006535457246949341,0.016276464738787338,,,
2026-09-08,2026-09-22T16:50:23.521819,beta_adjusted_2026-09-22,CDE,-0.07674119496232477,0.24932249322493225,2.9427695,-0.0012524994707585537,0.016276464738787338,,,
2026-09-08,2026-09-22T16:50:23.521819,beta_adjusted_2026-09-22,CDNA,0.17725384817202514,0.9439927732610659,1.3760784,0.0028816418926444613,0.016276464738787338,,,
2026-09-08,2026-09-22T16:50:23.521819,beta_adjusted_2026-09-22,CDNL,-0.03571988468970351,0.3545618789521229,1.8251638,-0.000584817560567379,0.016276464738787338,,,
2026-09-08,2026-09-22T16:50:23.521819,beta_adjusted_2026-09-22,CDNS,0.06810229829540404,0.6937669376693767,1.6522182,0.001105040539893651,0.016276464738787338,,,
2026-09-08,2026-09-22T16:50:23.521819,beta_adjusted_2026-09-22,CDP,0.017718790243388224,0.5266485998193315,0.14768909,0.00028497514766860735,0.016276464738787338,,,
2026-09-08,2026-09-22T16:50:23.521819,beta_adjusted_2026-09-22,CDW,0.0017061449711918836,0.46973803071364045,0.7576251,2.4345891520993857e-05,0.016276464738787338,,,
2026-09-08,2026-09-22T16:50:23.521819,beta_adjusted_2026-09-22,CDXS,-0.09901155813948584,0.2014453477868112,1.8477517,-0.0016149822517316037,0.016276464738787338,,,
2026-09-08,2026-09-22T16:50:23.521819,beta_adjusted_2026-09-22,CE,-0.05745813527128212,0.3008130081300813,0.6816532,-0.0009386394296413667,0.016276464738787338,,,
2026-09-08,2026-09-22T16:50:23.521819,beta_adjusted_2026-09-22,CECO,-0.045893357072299155,0.32791327913279134,1.6596037,-0.0007504057250737238,0.016276464738787338,,,
2026-09-08,2026-09-22T16:50:23.521819,beta_adjusted_2026-09-22,CEG,-0.1698170664983651,0.09439927732610659,1.3469794,-0.002767445611846814,0.016276464738787338,,,
2026-09-08,2026-09-22T16:50:23.521819,beta_adjusted_2026-09-22,CELC,-0.25982820315720545,0.028003613369467027,1.1886473,-0.004232508703772598,0.016276464738787338,,,
2026-09-08,2026-09-22T16:50:23.521819,beta_adjusted_2026-09-22,CELH,-0.0871735232667382,0.22448057813911473,1.0602523,-0.001422300894548792,0.016276464738787338,,,
2026-09-08,2026-09-22T16:50:23.521819,beta_adjusted_2026-09-22,CENT,0.07250390561302075,0.7041553748870822,0.32439405,0.0011766831461928276,0.016276464738787338,,,
2026-09-08,2026-09-22T16:50:23.521819,beta_adjusted_2026-09-22,CENX,-0.0753699321855058,0.25338753387533874,1.6078323,-0.0012301801605240483,0.016276464738787338,,,
2026-09-08,2026-09-22T16:50:23.521819,beta_adjusted_2026-09-22,CERT,-0.09546502279490475,0.2073170731707317,0.75769395,-0.0015572571942506666,0.016276464738787338,,,
2026-09-08,2026-09-22T16:50:23.521819,beta_adjusted_2026-09-22,CF,0.1645735143123797,0.928635953026197,-0.9274127,0.0026752508857018913,0.016276464738787338,,,
2026-09-08,2026-09-22T16:50:23.521819,beta_adjusted_2026-09-22,CFFN,-0.009761803896821436,0.4290876242095754,0.6704205,-0.0001623117738554411,0.016276464738787338,,,
2026-09-08,2026-09-22T16:50:23.521819,beta_adjusted_2026-09-22,CFG,0.05232219151933507,0.6404697380307136,0.95780426,0.000848196188378665,0.016276464738787338,,,
2026-09-08,2026-09-22T16:50:23.521819,beta_adjusted_2026-09-22,CFR,0.08367939958423373,0.7335140018066847,0.36136183,0.001358580679753806,0.016276464738787338,,,
2026-09-08,2026-09-22T16:50:23.521819,beta_adjusted_2026-09-22,CG,-0.15674361603315048,0.10885275519421861,1.5705286,-0.0025546560563354656,0.016276464738787338,,,
2026-09-08,2026-09-22T16:50:23.521819,beta_adjusted_2026-09-22,CGC,-0.20723812394419783,0.056458897922312554,1.4188396,-0.003376528133852046,0.016276464738787338,,,
2026-09-08,2026-09-22T16:50:23.521819,beta_adjusted_2026-09-22,CGEM,-0.0702212443043287,0.2669376693766938,1.3376387,-0.0011463777237750473,0.016276464738787338,,,
2026-09-08,2026-09-22T16:50:23.521819,beta_adjusted_2026-09-22,CGNX,0.13942463110869582,0.8857271906052394,1.9466888,0.0022659159750172495,0.016276464738787338,,,
2026-09-08,2026-09-22T16:50:23.521819,beta_adjusted_2026-09-22,CGON,-0.17078540927687152,0.09123757904245709,1.1176318,-0.0027832068089362334,0.016276464738787338,,,
2026-09-08,2026-09-22T16:50:23.521819,beta_adjusted_2026-09-22,CHCO,0.010239048665360281,0.5022583559168925,0.17235498,0.00016323139761859398,0.016276464738787338,,,
2026-09-08,2026-09-22T16:50:23.521819,beta_adjusted_2026-09-22,CHD,0.1355931985376973,0.8748870822041553,-0.06931626,0.0022035537978763505,0.016276464738787338,,,
2026-09-08,2026-09-22T16:50:23.521819,beta_adjusted_2026-09-22,CHDN,0.026164266671277345,0.5600722673893406,0.48655096,0.00042243764694940427,0.016276464738787338,,,
2026-09-08,2026-09-22T16:50:23.521819,beta_adjusted_2026-09-22,CHE,0.2701947607809926,0.997289972899729,0.03249582,0.004394391379515035,0.016276464738787338,,,
2026-09-08,2026-09-22T16:50:23.521819,beta_adjusted_2026-09-22,CHEF,0.12889734250961826,0.8586269196025293,0.4897517,0.0020945689333393257,0.016276464738787338,,,
2026-09-08,2026-09-22T16:50:23.521819,beta_adjusted_2026-09-22,CHH,-0.06858008518248795,0.27145438121047877,0.40860876,-0.0011196654551976673,0.016276464738787338,,,
2026-09-08,2026-09-22T16:50:23.521819,beta_adjusted_2026-09-22,CHPT,-0.24684421637561016,0.032520325203252036,3.275302,-0.004021175300753081,0.016276464738787338,,,
2026-09-08,2026-09-22T16:50:23.521819,beta_adjusted_2026-09-22,CHRD,0.15462721213583047,0.9146341463414634,-0.5400539,0.002513360249043964,0.016276464738787338,,,
2026-09-08,2026-09-22T16:50:23.521819,beta_adjusted_2026-09-22,CHRN,-0.02422173018867184,0.3875338753387534,2.8837118,-0.00039766825427020813,0.016276464738787338,,,
2026-09-08,2026-09-22T16:50:23.521819,beta_adjusted_2026-09-22,CHRW,0.10319086254489038,0.7899728997289973,0.6678186,0.001676158318635089,0.016276464738787338,,,
2026-09-08,2026-09-22T16:50:23.521819,beta_adjusted_2026-09-22,CHTR,-0.04694669567728792,0.32475158084914185,0.29256043,-0.0007675503537358269,0.016276464738787338,,,
2026-09-08,2026-09-22T16:50:23.521819,beta_adjusted_2026-09-22,CHWY,0.11044848327395222,0.8112014453477868,0.7823926,0.0017942867265191564,0.016276464738787338,,,
2026-09-08,2026-09-22T16:50:23.521819,beta_adjusted_2026-09-22,CHYM,0.1360727925072797,0.8753387533875339,2.2361612,0.0022113598922111934,0.016276464738787338,,,
2026-09-08,2026-09-22T16:50:23.521819,beta_adjusted_2026-09-22,CI,0.08373156281894992,0.7348690153568203,0.21414004,0.0013594297128043252,0.016276464738787338,,,
2026-09-08,2026-09-22T16:50:23.521819,beta_adjusted_2026-09-22,CIEN,0.002180315489053515,0.47335140018066846,2.4861042,3.206371123514124e-05,0.016276464738787338,,,
2026-09-08,2026-09-22T16:50:23.521819,beta_adjusted_2026-09-22,CIFR,-0.03735543068138025,0.35004516711833783,4.113944,-0.0006114384672295705,0.016276464738787338,,,
2026-09-08,2026-09-22T16:50:23.521819,beta_adjusted_2026-09-22,CIM,-0.1089416230980993,0.18518518518518517,0.5812517,-0.0017766086038843434,0.016276464738787338,,,
2026-09-08,2026-09-22T16:50:23.521819,beta_adjusted_2026-09-22,CINF,0.055928656727659565,0.6522131887985546,0.013672725,0.0009068966921736219,0.016276464738787338,,,
2026-09-08,2026-09-22T16:50:23.521819,beta_adjusted_2026-09-22,CL,0.22087217470480744,0.9823848238482384,-0.14051582,0.0035915940464202045,0.016276464738787338,,,
2026-09-08,2026-09-22T16:50:23.521819,beta_adjusted_2026-09-22,CLB,-0.07122024405524849,0.26422764227642276,0.9737505,-0.0011626379079949505,0.016276464738787338,,,
2026-09-08,2026-09-22T16:50:23.521819,beta_adjusted_2026-09-22,CLBK,-0.31690891727183584,0.01084010840108401,0.301183,-0.00516158093432418,0.016276464738787338,,,
2026-09-08,2026-09-22T16:50:23.521819,beta_adjusted_2026-09-22,CLBT,0.039745867629461834,0.6029810298102981,0.64813924,0.0006434980960415745,0.016276464738787338,,,
2026-09-08,2026-09-22T16:50:23.521819,beta_adjusted_2026-09-22,CLDX,-0.10765428118558512,0.18699186991869918,1.2904905,-0.0017556552286385435,0.016276464738787338,,,
2026-09-08,2026-09-22T16:50:23.521819,beta_adjusted_2026-09-22,CLF,-0.12777974776899315,0.15040650406504066,2.2795606,-0.0020832266758350274,0.016276464738787338,,,
2026-09-08,2026-09-22T16:50:23.521819,beta_adjusted_2026-09-22,CLH,0.25499713760808373,0.9950316169828365,0.32674885,0.0041470278018278075,0.016276464738787338,,,
2026-09-08,2026-09-22T16:50:23.521819,beta_adjusted_2026-09-22,CLMT,0.057702939370538185,0.6589882565492322,-0.10188077,0.0009357757410470782,0.016276464738787338,,,
2026-09-08,2026-09-22T16:50:23.521819,beta_adjusted_2026-09-22,CLNE,-0.0617999382908713,0.2904245709123758,0.07547046,-0.0010093086333924702,0.016276464738787338,,,
2026-09-08,2026-09-22T16:50:23.521819,beta_adjusted_2026-09-22,CLOV,-0.0404689247967691,0.33875338753387535,1.2321693,-0.000662115144413119,0.016276464738787338,,,
2026-09-08,2026-09-22T16:50:23.521819,beta_adjusted_2026-09-22,CLSK,-0.16479747424191896,0.0993676603432701,3.501873,-0.0026857443954816785,0.016276464738787338,,,
2026-09-08,2026-09-22T16:50:23.521819,beta_adjusted_2026-09-22,CLX,-0.0030393283535258553,0.45438121047877145,0.23239669,-5.2893637717630334e-05,0.016276464738787338,,,
2026-09-08,2026-09-22T16:50:23.521819,beta_adjusted_2026-09-22,CMC,0.10304610526268124,0.7886178861788617,1.4153312,0.0016738021818355293,0.016276464738787338,,,
2026-09-08,2026-09-22T16:50:23.521819,beta_adjusted_2026-09-22,CMCSA,0.11742325201344264,0.8292682926829268,0.10347979,0.0019078113039686683,0.016276464738787338,,,
2026-09-08,2026-09-22T16:50:23.521819,beta_adjusted_2026-09-22,CME,0.01717093371799283,0.523486901535682,-0.31053153,0.0002760579802510947,0.016276464738787338,,,
2026-09-08,2026-09-22T16:50:23.521819,beta_adjusted_2026-09-22,CMG,0.14365072192334366,0.8970189701897019,0.7165342,0.002334701793144778,0.016276464738787338,,,
2026-09-08,2026-09-22T16:50:23.521819,beta_adjusted_2026-09-22,CMI,0.06337971334065151,0.6757000903342367,1.5919423,0.0010281735524016937,0.016276464738787338,,,
2026-09-08,2026-09-22T16:50:23.521819,beta_adjusted_2026-09-22,CMP,0.006804603881178567,0.487353206865402,1.6631131,0.00010733077819154823,0.016276464738787338,,,
2026-09-08,2026-09-22T16:50:23.521819,beta_adjusted_2026-09-22,CMPR,0.11309463262041644,0.8188798554652214,0.71950495,0.0018373566830504463,0.016276464738787338,,,
2026-09-08,2026-09-22T16:50:23.521819,beta_adjusted_2026-09-22,CMPS,0.002308839469508342,0.47470641373080397,1.41624,3.415562727110282e-05,0.016276464738787338,,,
2026-09-08,2026-09-22T16:50:23.521819,beta_adjusted_2026-09-22,CMRC,-0.09860330195570513,0.2018970189701897,1.1206532,-0.0016083372843519051,0.016276464738787338,,,
2026-09-08,2026-09-22T16:50:23.521819,beta_adjusted_2026-09-22,CMS,-0.006109660437072062,0.44579945799457993,-0.15568489,-0.00010286778961183763,0.016276464738787338,,,
2026-09-08,2026-09-22T16:50:23.521819,beta_adjusted_2026-09-22,CMTG,-0.18910439253030178,0.07317073170731707,1.1474584,-0.003081375093911127,0.016276464738787338,,,
2026-09-08,2026-09-22T16:50:23.521819,beta_adjusted_2026-09-22,CNA,-0.029292342179515263,0.37172538392050586,-0.122076906,-0.00048019989154324337,0.016276464738787338,,,
2026-09-08,2026-09-22T16:50:23.521819,beta_adjusted_2026-09-22,CNC,0.2030562293754035,0.973803071364047,0.3931674,0.0033016134404779984,0.016276464738787338,,,
2026-09-08,2026-09-22T16:50:23.521819,beta_adjusted_2026-09-22,CNDT,-0.12445463003155606,0.15763324299909665,1.6318016,-0.002029105514229316,0.016276464738787338,,,
2026-09-08,2026-09-22T16:50:23.521819,beta_adjusted_2026-09-22,CNH,-0.002918045414706326,0.45528455284552843,1.1141696,-5.091958024051776e-05,0.016276464738787338,,,
2026-09-08,2026-09-22T16:50:23.521819,beta_adjusted_2026-09-22,CNK,0.13821203975322138,0.8821138211382114,0.21588132,0.0022461792745773115,0.016276464738787338,,,
2026-09-08,2026-09-22T16:50:23.521819,beta_adjusted_2026-09-22,CNM,0.026366069088662875,0.561427280939476,1.1334026,0.0004257222768801819,0.016276464738787338,,,
2026-09-08,2026-09-22T16:50:23.521819,beta_adjusted_2026-09-22,CNMD,0.00011934684419205588,0.46386630532971995,0.9727249,-1.4815722406926303e-06,0.016276464738787338,,,
2026-09-08,2026-09-22T16:50:23.521819,beta_adjusted_2026-09-22,CNNE,-0.014646099745955474,0.4137308039747064,0.8124675,-0.00024181084301767663,0.016276464738787338,,,
2026-09-08,2026-09-22T16:50:23.521819,beta_adjusted_2026-09-22,CNO,0.1266160979967736,0.8527551942186089,0.43841133,0.002057438337465457,0.016276464738787338,,,
2026-09-08,2026-09-22T16:50:23.521819,beta_adjusted_2026-09-22,CNP,-0.06237580213865032,0.2886178861788618,-0.14061363,-0.0010186816610051879,0.016276464738787338,,,
2026-09-08,2026-09-22T16:50:23.521819,beta_adjusted_2026-09-22,CNR,0.09496994715606814,0.7678410117434508,0.04914143,0.00154235087918837,0.016276464738787338,,,
2026-09-08,2026-09-22T16:50:23.521819,beta_adjusted_2026-09-22,CNS,0.050942742345455136,0.6391147244805782,0.5980025,0.0008257436325410589,0.016276464738787338,,,
2026-09-08,2026-09-22T16:50:23.521819,beta_adjusted_2026-09-22,CNX,0.005533774150125292,0.484643179765131,-0.07457866,8.664616288505702e-05,0.016276464738787338,,,
2026-09-08,2026-09-22T16:50:23.521819,beta_adjusted_2026-09-22,CNXC,-0.028600434734871075,0.37533875338753386,0.82789576,-0.0004689380844179878,0.016276464738787338,,,
2026-09-08,2026-09-22T16:50:23.521819,beta_adjusted_2026-09-22,CNXN,0.19091199719681398,0.960252935862692,0.5979669,0.0031039482736435397,0.016276464738787338,,,
2026-09-08,2026-09-22T16:50:23.521819,beta_adjusted_2026-09-22,COAG,-0.19641095287735044,0.06458897922312556,,-0.003200300065761686,0.016276464738787338,,,
2026-09-08,2026-09-22T16:50:23.521819,beta_adjusted_2026-09-22,COCO,-0.03508365431670918,0.35636856368563685,0.61828035,-0.0005744619793355913,0.016276464738787338,,,
2026-09-08,2026-09-22T16:50:23.521819,beta_adjusted_2026-09-22,CODI,0.0421466086872858,0.6102077687443541,0.94962955,0.0006825736732162052,0.016276464738787338,,,
2026-09-08,2026-09-22T16:50:23.521819,beta_adjusted_2026-09-22,COF,0.03453935964224783,0.5840108401084011,1.324707,0.0005587545523754711,0.016276464738787338,,,
2026-09-08,2026-09-22T16:50:23.521819,beta_adjusted_2026-09-22,COGT,-0.11630895532588503,0.17118337850045168,2.4345396,-0.0018965227271088296,0.016276464738787338,,,
2026-09-08,2026-09-22T16:50:23.521819,beta_adjusted_2026-09-22,COHR,-0.09331723313366522,0.21364046973803072,3.2625625,-0.0015222987715631693,0.016276464738787338,,,
2026-09-08,2026-09-22T16:50:23.521819,beta_adjusted_2026-09-22,COHU,-0.048869280477999426,0.3202348690153568,2.7268217,-0.0007988432374519363,0.016276464738787338,,,
2026-09-08,2026-09-22T16:50:23.521819,beta_adjusted_2026-09-22,COIN,-0.1187317171046538,0.16621499548328816,2.9339187,-0.001935956723771441,0.016276464738787338,,,
2026-09-08,2026-09-22T16:50:23.521819,beta_adjusted_2026-09-22,COKE,0.24391659687470846,0.992773261065944,-0.12444068,0.003966675771294327,0.016276464738787338,,,
2026-09-08,2026-09-22T16:50:23.521819,beta_adjusted_2026-09-22,COLB,-0.07758131485456646,0.24841915085817526,0.9596959,-0.0012661736525609792,0.016276464738787338,,,
2026-09-08,2026-09-22T16:50:23.521819,beta_adjusted_2026-09-22,COLD,-0.04360663309606615,0.3319783197831978,0.6545094,-0.0007131859429072277,0.016276464738787338,,,
2026-09-08,2026-09-22T16:50:23.521819,beta_adjusted_2026-09-22,COLM,0.09864069644338581,0.7786811201445348,0.82384485,0.0016020977005283246,0.016276464738787338,,,
2026-09-08,2026-09-22T16:50:23.521819,beta_adjusted_2026-09-22,COMP,-0.08656335769583222,0.22628726287262874,2.1976507,-0.0014123695561491186,0.016276464738787338,,,
2026-09-08,2026-09-22T16:50:23.521819,beta_adjusted_2026-09-22,CON,0.1472501955924669,0.9037940379403794,0.42869452,0.002393288499398456,0.016276464738787338,,,
2026-09-08,2026-09-22T16:50:23.521819,beta_adjusted_2026-09-22,COO,0.11952438597752618,0.8342366757000903,0.5188013,0.0019420103368465425,0.016276464738787338,,,
2026-09-08,2026-09-22T16:50:23.521819,beta_adjusted_2026-09-22,COP,0.21764616032430636,0.98193315266486,-0.51840925,0.003539085937109158,0.016276464738787338,,,
2026-09-08,2026-09-22T16:50:23.521819,beta_adjusted_2026-09-22,COR,0.026060273411937215,0.558717253839205,-0.17547135,0.0004207450043306831,0.016276464738787338,,,
2026-09-08,2026-09-22T16:50:23.521819,beta_adjusted_2026-09-22,CORT,0.027037414847315644,0.5636856368563685,1.8475738,0.0004366494124484281,0.016276464738787338,,,
2026-09-08,2026-09-22T16:50:23.521819,beta_adjusted_2026-09-22,CORZ,-0.06828213065094163,0.2719060523938573,2.6680858,-0.0011148158087711916,0.016276464738787338,,,
2026-09-08,2026-09-22T16:50:23.521819,beta_adjusted_2026-09-22,COST,0.15664547306908644,0.9173441734417345,-0.14603011,0.0025462104019577767,0.016276464738787338,,,
2026-09-08,2026-09-22T16:50:23.521819,beta_adjusted_2026-09-22,COTY,-0.09480723343217722,0.2086720867208672,0.70499974,-0.0015465507088826826,0.016276464738787338,,,
2026-09-08,2026-09-22T16:50:23.521819,beta_adjusted_2026-09-22,COUR,-0.14294433356318062,0.12556458897922312,0.36315224,-0.002330052521792435,0.016276464738787338,,,
2026-09-08,2026-09-22T16:50:23.521819,beta_adjusted_2026-09-22,CPAY,0.06492458295500414,0.6829268292682927,0.8638849,0.0010533185682057283,0.016276464738787338,,,
2026-09-08,2026-09-22T16:50:23.521819,beta_adjusted_2026-09-22,CPB,-0.06739371008313569,0.2750677506775068,-0.2829624,-0.0011003554627260848,0.016276464738787338,,,
2026-09-08,2026-09-22T16:50:23.521819,beta_adjusted_2026-09-22,CPK,-0.0436023401283861,0.3324299909665763,-0.22675934,-0.0007131160685701586,0.016276464738787338,,,
2026-09-08,2026-09-22T16:50:23.521819,beta_adjusted_2026-09-22,CPNG,0.02840667147992139,0.5695573622402891,1.3617078,0.0004589360697473862,0.016276464738787338,,,
2026-09-08,2026-09-22T16:50:23.521819,beta_adjusted_2026-09-22,CPRI,0.009402557806438484,0.498193315266486,1.5507208,0.00014961628364903542,0.016276464738787338,,,
2026-09-08,2026-09-22T16:50:23.521819,beta_adjusted_2026-09-22,CPRT,-0.0042154351301047915,0.45076784101174344,0.16207783,-7.203649819566624e-05,0.016276464738787338,,,
2026-09-08,2026-09-22T16:50:23.521819,beta_adjusted_2026-09-22,CPS,-0.06976558898746789,0.26919602529358627,1.7907381,-0.0011389612660771215,0.016276464738787338,,,
2026-09-08,2026-09-22T16:50:23.521819,beta_adjusted_2026-09-22,CPT,0.035969968139812646,0.5894308943089431,0.08372746,0.0005820398011410943,0.016276464738787338,,,
2026-09-08,2026-09-22T16:50:23.521819,beta_adjusted_2026-09-22,CQP,0.07736294966856466,0.7199638663053297,-0.27417088,0.0012557712054271021,0.016276464738787338,,,
2026-09-08,2026-09-22T16:50:23.521819,beta_adjusted_2026-09-22,CR,0.1004443352363863,0.7831978319783198,1.3993587,0.001631454563744106,0.016276464738787338,,,
2026-09-08,2026-09-22T16:50:23.521819,beta_adjusted_2026-09-22,CRBG,0.0885406543424786,0.7484191508581752,1.3229764,0.0014377047214126407,0.016276464738787338,,,
2026-09-08,2026-09-22T16:50:23.521819,beta_adjusted_2026-09-22,CRC,0.031410915696961896,0.5776874435411021,-0.087817796,0.0005078345448127519,0.016276464738787338,,,
2026-09-08,2026-09-22T16:50:23.521819,beta_adjusted_2026-09-22,CRCL,-0.278345515377067,0.02032520325203252,3.0899744,-0.00453390508317629,0.016276464738787338,,,
2026-09-08,2026-09-22T16:50:23.521819,beta_adjusted_2026-09-22,CRCT,0.08245391497345428,0.7317073170731707,0.75576735,0.0013386341226985278,0.016276464738787338,,,
2026-09-08,2026-09-22T16:50:23.521819,beta_adjusted_2026-09-22,CRDO,-0.1213559203219784,0.16260162601626016,3.2615168,-0.001978669474905637,0.016276464738787338,,,
2026-09-08,2026-09-22T16:50:23.521819,beta_adjusted_2026-09-22,CRGY,0.06479462011941853,0.6824751580849142,-0.10899935,0.0010512032326949663,0.016276464738787338,,,
2026-09-08,2026-09-22T16:50:23.521819,beta_adjusted_2026-09-22,CRI,0.09861826764218516,0.7782294489611563,1.0441972,0.001601732638936449,0.016276464738787338,,,
2026-09-08,2026-09-22T16:50:23.521819,beta_adjusted_2026-09-22,CRK,-0.12608827574800358,0.15447154471544716,-0.30392867,-0.002055695491128745,0.016276464738787338,,,
2026-09-08,2026-09-22T16:50:23.521819,beta_adjusted_2026-09-22,CRL,0.2015531283931678,0.9715447154471545,1.2709076,0.0032771482703418025,0.016276464738787338,,,
2026-09-08,2026-09-22T16:50:23.521819,beta_adjusted_2026-09-22,CRM,0.06388513618891464,0.6775067750677507,0.5068501,0.001036400049569626,0.016276464738787338,,,
2026-09-08,2026-09-22T16:50:23.521819,beta_adjusted_2026-09-22,CRNC,-0.1551775096560546,0.1102077687443541,2.7095134,-0.0025291653811114743,0.016276464738787338,,,
2026-09-08,2026-09-22T16:50:23.521819,beta_adjusted_2026-09-22,CRON,0.06323763534962279,0.6738934056007226,0.74210876,0.001025861024990557,0.016276464738787338,,,
2026-09-08,2026-09-22T16:50:23.521819,beta_adjusted_2026-09-22,CROX,0.22425685573141135,0.9846431797651309,0.88185036,0.0036466846878017655,0.016276464738787338,,,
2026-09-08,2026-09-22T16:50:23.521819,beta_adjusted_2026-09-22,CRS,0.12774589035505024,0.8554652213188798,1.6154861,0.0020758273629470983,0.016276464738787338,,,
2026-09-08,2026-09-22T16:50:23.521819,beta_adjusted_2026-09-22,CRSP,-0.23114026013842834,0.03884372177055104,1.8185049,-0.0037655704107991315,0.016276464738787338,,,
2026-09-08,2026-09-22T16:50:23.521819,beta_adjusted_2026-09-22,CRSR,0.035602887323957756,0.5880758807588076,2.6535645,0.000576065023185547,0.016276464738787338,,,
2026-09-08,2026-09-22T16:50:23.521819,beta_adjusted_2026-09-22,CRTO,0.11696751573129996,0.8288166214995484,0.44290322,0.001900393528442187,0.016276464738787338,,,
2026-09-08,2026-09-22T16:50:23.521819,beta_adjusted_2026-09-22,CRUS,0.09774982160735748,0.7750677506775068,1.198485,0.0015875974076730367,0.016276464738787338,,,
2026-09-08,2026-09-22T16:50:23.521819,beta_adjusted_2026-09-22,CRVL,-0.017865113061486602,0.4056007226738934,0.033062432,-0.00029420499974160597,0.016276464738787338,,,
2026-09-08,2026-09-22T16:50:23.521819,beta_adjusted_2026-09-22,CRWD,0.05358853087609061,0.6458897922312556,1.6489176,0.0008688077162662352,0.016276464738787338,,,
2026-09-08,2026-09-22T16:50:23.521819,beta_adjusted_2026-09-22,CRWV,-0.17187413664872214,0.08943089430894309,3.3227773,-0.0028009274416143128,0.016276464738787338,,,
2026-09-08,2026-09-22T16:50:23.521819,beta_adjusted_2026-09-22,CSCO,0.06598547019456993,0.6865401987353207,0.9927287,0.0010705860619523503,0.016276464738787338,,,
2026-09-08,2026-09-22T16:50:23.521819,beta_adjusted_2026-09-22,CSGP,-0.0030460281904653858,0.453929539295393,0.2585859,-5.3002687377332223e-05,0.016276464738787338,,,
2026-09-08,2026-09-22T16:50:23.521819,beta_adjusted_2026-09-22,CSL,0.07072910128751053,0.7009936766034327,1.1747257,0.0011477956061704132,0.016276464738787338,,,
2026-09-08,2026-09-22T16:50:23.521819,beta_adjusted_2026-09-22,CSQR,0.17508912828067374,0.940379403794038,,0.0028464079056635286,0.016276464738787338,,,
2026-09-08,2026-09-22T16:50:23.521819,beta_adjusted_2026-09-22,CSW,0.02417806719608675,0.549683830171635,1.4124099,0.00039010934122726663,0.016276464738787338,,,
2026-09-08,2026-09-22T16:50:23.521819,beta_adjusted_2026-09-22,CSX,0.19179173350967102,0.962059620596206,0.47743934,0.003118267270719188,0.016276464738787338,,,
2026-09-08,2026-09-22T16:50:23.521819,beta_adjusted_2026-09-22,CTAS,0.12959694166295072,0.8599819331526649,0.17271934,0.0021059559342898266,0.016276464738787338,,,
2026-09-08,2026-09-22T16:50:23.521819,beta_adjusted_2026-09-22,CTKB,-0.013918629496709925,0.4168925022583559,1.0061221,-0.00022997019915731463,0.016276464738787338,,,
2026-09-08,2026-09-22T16:50:23.521819,beta_adjusted_2026-09-22,CTOS,0.10572215034893215,0.8008130081300813,1.6075472,0.0017173587353212976,0.016276464738787338,,,
2026-09-08,2026-09-22T16:50:23.521819,beta_adjusted_2026-09-22,CTRE,-0.09455344016489195,0.20957542908762422,0.0056846114,-0.0015424198517167724,0.016276464738787338,,,
2026-09-08,2026-09-22T16:50:23.521819,beta_adjusted_2026-09-22,CTRI,-0.13078391376130905,0.14588979223125564,1.5492455,-0.002132123877678421,0.016276464738787338,,,
2026-09-08,2026-09-22T16:50:23.521819,beta_adjusted_2026-09-22,CTSH,0.03743610781369393,0.5966576332429991,0.25814304,0.0006059033718451602,0.016276464738787338,,,
2026-09-08,2026-09-22T16:50:23.521819,beta_adjusted_2026-09-22,CTVA,0.12689408217959264,0.8536585365853658,0.10782235,0.002061962937215052,0.016276464738787338,,,
2026-09-08,2026-09-22T16:50:23.521819,beta_adjusted_2026-09-22,CUBE,0.10514983193571797,0.7967479674796748,0.29858714,0.0017080434148492583,0.016276464738787338,,,
2026-09-08,2026-09-22T16:50:23.521819,beta_adjusted_2026-09-22,CUBI,-0.10772417119803773,0.18654019873532068,0.92442507,-0.0017567927909618217,0.016276464738787338,,,
2026-09-08,2026-09-22T16:50:23.521819,beta_adjusted_2026-09-22,CURB,-0.013347713135139966,0.4186991869918699,0.1695513,-0.00022067769912942443,0.016276464738787338,,,
2026-09-08,2026-09-22T16:50:23.521819,beta_adjusted_2026-09-22,CURV,0.08610359059565985,0.7411924119241192,-0.00258681,0.0013980379392713686,0.016276464738787338,,,
2026-09-08,2026-09-22T16:50:23.521819,beta_adjusted_2026-09-22,CUZ,0.03727213573267344,0.5962059620596206,0.5665526,0.0006032344860502847,0.016276464738787338,,,
2026-09-08,2026-09-22T16:50:23.521819,beta_adjusted_2026-09-22,CVBF,-0.11784615225552973,0.16802168021680217,0.58769715,-0.0019215428587307636,0.016276464738787338,,,
2026-09-08,2026-09-22T16:50:23.521819,beta_adjusted_2026-09-22,CVCO,0.14527967781083043,0.90063233965673,1.2076917,0.0023612154362084962,0.016276464738787338,,,
2026-09-08,2026-09-22T16:50:23.521819,beta_adjusted_2026-09-22,CVEO,0.1671526309816001,0.9308943089430894,0.73191404,0.0027172297872256755,0.016276464738787338,,,
2026-09-08,2026-09-22T16:50:23.521819,beta_adjusted_2026-09-22,CVI,-0.030740043128883815,0.36720867208672087,-0.23053832,-0.0005037633449979495,0.016276464738787338,,,
2026-09-08,2026-09-22T16:50:23.521819,beta_adjusted_2026-09-22,CVLT,0.05083770999461802,0.6382113821138211,1.0804877,0.0008240340771862267,0.016276464738787338,,,
2026-09-08,2026-09-22T16:50:23.521819,beta_adjusted_2026-09-22,CVNA,-0.1337527766898952,0.13685636856368563,2.3254812,-0.002180446470449846,0.016276464738787338,,,
2026-09-08,2026-09-22T16:50:23.521819,beta_adjusted_2026-09-22,CVS,0.14676348804974865,0.9033423667570009,0.15671721,0.0023853666212413005,0.016276464738787338,,,
2026-09-08,2026-09-22T16:50:23.521819,beta_adjusted_2026-09-22,CVSA,0.09664720698147644,0.7737127371273713,0.086773254,0.0015696507395944127,0.016276464738787338,,,
2026-09-08,2026-09-22T16:50:23.521819,beta_adjusted_2026-09-22,CVX,0.10615802354907727,0.8017163504968383,-0.47642484,0.001724453210094042,0.016276464738787338,,,
2026-09-08,2026-09-22T16:50:23.521819,beta_adjusted_2026-09-22,CW,0.06673565636288104,0.6883468834688347,1.4780596,0.001082796440668392,0.016276464738787338,,,
2026-09-08,2026-09-22T16:50:23.521819,beta_adjusted_2026-09-22,CWEN,-0.08347782764264694,0.23351400180668475,0.6787115,-0.00136214803503798,0.016276464738787338,,,
2026-09-08,2026-09-22T16:50:23.521819,beta_adjusted_2026-09-22,CWH,-0.1819801229458201,0.07904245709123758,2.2493727,-0.002965417171229696,0.016276464738787338,,,
2026-09-08,2026-09-22T16:50:23.521819,beta_adjusted_2026-09-22,CWK,-0.09401943847370212,0.21183378500451672,1.4856809,-0.0015337281920196682,0.016276464738787338,,,
2026-09-08,2026-09-22T16:50:23.521819,beta_adjusted_2026-09-22,CWST,0.010020060550804316,0.501806684733514,0.13901633,0.0001596670452938103,0.016276464738787338,,,
2026-09-08,2026-09-22T16:50:23.521819,beta_adjusted_2026-09-22,CWT,0.061832971530454056,0.6711833785004516,-0.27385074,0.0010029980638680065,0.016276464738787338,,,
2026-09-08,2026-09-22T16:50:23.521819,beta_adjusted_2026-09-22,CXM,0.02417310789347077,0.5492321589882565,0.3094977,0.00039002862131310866,0.016276464738787338,,,
2026-09-08,2026-09-22T16:50:23.521819,beta_adjusted_2026-09-22,CXT,-0.12419105708278123,0.15853658536585366,1.2224116,-0.0020248154784224845,0.016276464738787338,,,
2026-09-08,2026-09-22T16:50:23.521819,beta_adjusted_2026-09-22,CXW,0.0712506149584479,0.7023486901535682,0.46633267,0.0011562840050462206,0.016276464738787338,,,
2026-09-08,2026-09-22T16:50:23.521819,beta_adjusted_2026-09-22,CYH,-0.07531198818352416,0.25383920505871727,1.2519022,-0.0012292370370189697,0.016276464738787338,,,
2026-09-08,2026-09-22T16:50:23.521819,beta_adjusted_2026-09-22,CYRX,-0.06157155496593244,0.2917795844625113,1.5565097,-0.001005591360257176,0.016276464738787338,,,
2026-09-08,2026-09-22T16:50:23.521819,beta_adjusted_2026-09-22,CYTK,-0.03484443798113743,0.35727190605239384,0.8960939,-0.0005705683830847158,0.016276464738787338,,,
2026-09-08,2026-09-22T16:50:23.521819,beta_adjusted_2026-09-22,CZR,0.22674969637645345,0.988256549232159,0.6830775,0.0036872593206602093,0.016276464738787338,,,
2026-09-08,2026-09-22T16:50:23.521819,beta_adjusted_2026-09-22,D,-0.009546258146303582,0.42999096657633246,-0.069204904,-0.00015880345104754182,0.016276464738787338,,,
2026-09-08,2026-09-22T16:50:23.521819,beta_adjusted_2026-09-22,DAL,0.12395722716512633,0.8446251129177959,1.6526757,0.0020141613201291606,0.016276464738787338,,,
2026-09-08,2026-09-22T16:50:23.521819,beta_adjusted_2026-09-22,DAN,0.13360133805151117,0.8703703703703703,1.2591301,0.0021711333509083584,0.016276464738787338,,,
2026-09-08,2026-09-22T16:50:23.521819,beta_adjusted_2026-09-22,DAR,0.17306266508543988,0.9376693766937669,0.2965717,0.0028134242489218546,0.016276464738787338,,,
2026-09-08,2026-09-22T16:50:23.521819,beta_adjusted_2026-09-22,DASH,-0.031025886211617518,0.36585365853658536,1.395836,-0.000508415859854891,0.016276464738787338,,,
2026-09-08,2026-09-22T16:50:23.521819,beta_adjusted_2026-09-22,DAVE,0.16214978848656444,0.9259259259259259,2.532429,0.002635801197761521,0.016276464738787338,,,
2026-09-08,2026-09-22T16:50:23.521819,beta_adjusted_2026-09-22,DBD,0.012632569301098996,0.510840108401084,1.2053363,0.00020218945184775504,0.016276464738787338,,,
2026-09-08,2026-09-22T16:50:23.521819,beta_adjusted_2026-09-22,DBI,-0.005113071417547105,0.44715447154471544,1.7273817,-8.664684357647702e-05,0.016276464738787338,,,
2026-09-08,2026-09-22T16:50:23.521819,beta_adjusted_2026-09-22,DBRG,0.09851726513058025,0.7777777777777778,0.6188541,0.0016000886751177826,0.016276464738787338,,,
2026-09-08,2026-09-22T16:50:23.521819,beta_adjusted_2026-09-22,DBX,0.18391012296523232,0.953026196928636,0.3724415,0.002989982514607777,0.016276464738787338,,,
2026-09-08,2026-09-22T16:50:23.521819,beta_adjusted_2026-09-22,DCH,-0.20742242825266438,0.05600722673893405,2.2849886,-0.0033795279564300088,0.016276464738787338,,,
2026-09-08,2026-09-22T16:50:23.521819,beta_adjusted_2026-09-22,DCI,0.13033183935999934,0.8626919602529358,0.8765532,0.0021179174707424545,0.016276464738787338,,,
2026-09-08,2026-09-22T16:50:23.521819,beta_adjusted_2026-09-22,DCO,-0.011295319695509537,0.4241192411924119,1.3985888,-0.0001872719896791613,0.016276464738787338,,,
2026-09-08,2026-09-22T16:50:23.521819,beta_adjusted_2026-09-22,DD,0.023870165375004707,0.5483288166214996,1.1407137,0.00038509778809341636,0.016276464738787338,,,
2026-09-08,2026-09-22T16:50:23.521819,beta_adjusted_2026-09-22,DDD,-0.1291637720844051,0.14859981933152666,3.0535893,-0.0021057536988024544,0.016276464738787338,,,
2026-09-08,2026-09-22T16:50:23.521819,beta_adjusted_2026-09-22,DDOG,0.05699751539064671,0.6549232158988256,1.1933234,0.0009242939325124795,0.016276464738787338,,,
2026-09-08,2026-09-22T16:50:23.521819,beta_adjusted_2026-09-22,DDS,-0.015879201613537355,0.4110207768744354,0.60568637,-0.00026188138208470594,0.016276464738787338,,,
2026-09-08,2026-09-22T16:50:23.521819,beta_adjusted_2026-09-22,DE,-0.012610011524816667,0.4209575429087624,0.47459164,-0.0002086705248812506,0.016276464738787338,,,
2026-09-08,2026-09-22T16:50:23.521819,beta_adjusted_2026-09-22,DEA,0.08663684743274588,0.7429990966576332,0.22739725,0.0014067174753769167,0.016276464738787338,,,
2026-09-08,2026-09-22T16:50:23.521819,beta_adjusted_2026-09-22,DECK,0.08369902232629156,0.7339656729900632,1.0310159,0.0013589000686229887,0.016276464738787338,,,
2026-09-08,2026-09-22T16:50:23.521819,beta_adjusted_2026-09-22,DEI,-0.1786717989349269,0.08220415537488708,0.6600586,-0.002911569352121909,0.016276464738787338,,,
2026-09-08,2026-09-22T16:50:23.521819,beta_adjusted_2026-09-22,DELL,0.2299461912193242,0.9887082204155375,2.1805515,0.0037392869562579106,0.016276464738787338,,,
2026-09-08,2026-09-22T16:50:23.521819,beta_adjusted_2026-09-22,DFH,-0.19757432713404294,0.06278229448961156,1.3577701,-0.0032192356858287544,0.016276464738787338,,,
2026-09-08,2026-09-22T16:50:23.521819,beta_adjusted_2026-09-22,DFIN,0.17646539883491033,0.9417344173441734,0.7179153,0.002868808724810592,0.016276464738787338,,,
2026-09-08,2026-09-22T16:50:23.521819,beta_adjusted_2026-09-22,DFTX,-0.12101772800456759,0.16305329719963865,1.0880195,-0.001973164899576371,0.016276464738787338,,,
2026-09-08,2026-09-22T16:50:23.521819,beta_adjusted_2026-09-22,DG,0.04074928158583175,0.6061427280939476,0.5168566,0.0006598301279208365,0.016276464738787338,,,
2026-09-08,2026-09-22T16:50:23.521819,beta_adjusted_2026-09-22,DGII,-0.0021124300229103665,0.46070460704607047,1.396498,-3.780700972292648e-05,0.016276464738787338,,,
2026-09-08,2026-09-22T16:50:23.521819,beta_adjusted_2026-09-22,DGX,0.2031679118470301,0.9742547425474255,-0.12887642,0.003303431236289369,0.016276464738787338,,,
2026-09-08,2026-09-22T16:50:23.521819,beta_adjusted_2026-09-22,DHC,0.039013609185440806,0.6016260162601627,0.5847995,0.0006315795172977869,0.016276464738787338,,,
2026-09-08,2026-09-22T16:50:23.521819,beta_adjusted_2026-09-22,DHI,-0.08689104257490587,0.22583559168925021,0.89140797,-0.0014177031075287949,0.016276464738787338,,,
2026-09-08,2026-09-22T16:50:23.521819,beta_adjusted_2026-09-22,DHR,0.09486166825593356,0.7673893405600722,0.42925456,0.0015405884814883746,0.016276464738787338,,,
2026-09-08,2026-09-22T16:50:23.521819,beta_adjusted_2026-09-22,DIN,0.07660831121137462,0.7181571815718157,0.5931692,0.0012434883591881157,0.016276464738787338,,,
2026-09-08,2026-09-22T16:50:23.521819,beta_adjusted_2026-09-22,DINO,0.19328133922245372,0.9625112917795845,-0.13170758,0.0031425127855779916,0.016276464738787338,,,
2026-09-08,2026-09-22T16:50:23.521819,beta_adjusted_2026-09-22,DIOD,0.03551777577023966,0.587624209575429,2.5310776,0.0005746797079825909,0.016276464738787338,,,
2026-09-08,2026-09-22T16:50:23.521819,beta_adjusted_2026-09-22,DIS,0.048986373217789925,0.6332429990966576,0.6551492,0.0007939008594185639,0.016276464738787338,,,
2026-09-08,2026-09-22T16:50:23.521819,beta_adjusted_2026-09-22,DJT,-0.15843636155784735,0.10659439927732611,2.2892382,-0.002582207969179934,0.016276464738787338,,,
2026-09-08,2026-09-22T16:50:23.521819,beta_adjusted_2026-09-22,DK,0.014345542810561406,0.5158084914182475,-0.24066739,0.00023007060477299673,0.016276464738787338,,,
2026-09-08,2026-09-22T16:50:23.521819,beta_adjusted_2026-09-22,DKL,0.03895388807981505,0.6011743450767841,0.025477303,0.0006306074688279079,0.016276464738787338,,,
2026-09-08,2026-09-22T16:50:23.521819,beta_adjusted_2026-09-22,DKNG,-0.008172270971027767,0.4363143631436314,0.7096285,-0.000136439797237619,0.016276464738787338,,,
2026-09-08,2026-09-22T16:50:23.521819,beta_adjusted_2026-09-22,DKS,-0.19281235747035735,0.06820234869015357,0.9949638,-0.003141727654510601,0.016276464738787338,,,
2026-09-08,2026-09-22T16:50:23.521819,beta_adjusted_2026-09-22,DLB,-0.00883163505862794,0.4349593495934959,0.6187936,-0.0001471719135594659,0.016276464738787338,,,
2026-09-08,2026-09-22T16:50:23.521819,beta_adjusted_2026-09-22,DLR,-0.011464650965189525,0.42366757000903343,0.7678363,-0.0001900281041192817,0.016276464738787338,,,
2026-09-08,2026-09-22T16:50:23.521819,beta_adjusted_2026-09-22,DLTR,0.1388095642904031,0.8839205058717254,0.76617074,0.0022559048616373097,0.016276464738787338,,,
2026-09-08,2026-09-22T16:50:23.521819,beta_adjusted_2026-09-22,DLX,-0.006167938408986981,0.44534778681120146,0.35209474,-0.00010381634896675885,0.016276464738787338,,,
2026-09-08,2026-09-22T16:50:23.521819,beta_adjusted_2026-09-22,DMC,0.001373291016318022,0.46838301716350494,-0.10489239,1.8928205861323538e-05,0.016276464738787338,,,
2026-09-08,2026-09-22T16:50:23.521819,beta_adjusted_2026-09-22,DMRA,-0.11657064719465762,0.17028003613369466,2.0315416,-0.001900782145583334,0.016276464738787338,,,
2026-09-08,2026-09-22T16:50:23.521819,beta_adjusted_2026-09-22,DNA,-0.18976762657550267,0.07226738934056007,3.004013,-0.0030921701994614022,0.016276464738787338,,,
2026-09-08,2026-09-22T16:50:23.521819,beta_adjusted_2026-09-22,DNLI,-0.1246719284922599,0.15718157181571815,1.4981616,-0.0020326423649627548,0.016276464738787338,,,
2026-09-08,2026-09-22T16:50:23.521819,beta_adjusted_2026-09-22,DNOW,0.001854886771903104,0.47109304426377596,0.617119,2.676688219545377e-05,0.016276464738787338,,,
2026-09-08,2026-09-22T16:50:23.521819,beta_adjusted_2026-09-22,DNTH,-0.11603134736623924,0.17163504968383017,0.8997004,-0.0018920042509424481,0.016276464738787338,,,
2026-09-08,2026-09-22T16:50:23.521819,beta_adjusted_2026-09-22,DNUT,-0.07356168984145808,0.2588075880758808,0.6058005,-0.0012007483677719732,0.016276464738787338,,,
2026-09-08,2026-09-22T16:50:23.521819,beta_adjusted_2026-09-22,DOC,0.12848629773145498,0.8577235772357723,0.44986713,0.002087878577501488,0.016276464738787338,,,
2026-09-08,2026-09-22T16:50:23.521819,beta_adjusted_2026-09-22,DOCN,-0.0823372878406041,0.23667570009033423,2.5047138,-0.0013435840791668461,0.016276464738787338,,,
2026-09-08,2026-09-22T16:50:23.521819,beta_adjusted_2026-09-22,DOCS,0.009629099188467521,0.499096657633243,0.6624656,0.0001533035764655072,0.016276464738787338,,,
2026-09-08,2026-09-22T16:50:23.521819,beta_adjusted_2026-09-22,DOCU,0.009943872222150027,0.500903342366757,0.6589705,0.00015842696864896164,0.016276464738787338,,,
2026-09-08,2026-09-22T16:50:23.521819,beta_adjusted_2026-09-22,DOMO,-0.20394250170219375,0.05916892502258356,2.2530217,-0.0033228870546377033,0.016276464738787338,,,
2026-09-08,2026-09-22T16:50:23.521819,beta_adjusted_2026-09-22,DORM,0.02042582999606838,0.5388437217705511,0.7592451,0.0003290361847496015,0.016276464738787338,,,
2026-09-08,2026-09-22T16:50:23.521819,beta_adjusted_2026-09-22,DOV,0.11548963168542742,0.8238482384823849,0.916256,0.0018763388008815262,0.016276464738787338,,,
2026-09-08,2026-09-22T16:50:23.521819,beta_adjusted_2026-09-22,DOW,-0.01048872671699444,0.42728093947606144,-0.001118436,-0.00017414350750580686,0.016276464738787338,,,
2026-09-08,2026-09-22T16:50:23.521819,beta_adjusted_2026-09-22,DPZ,0.13482453149302212,0.8726287262872628,0.09491748,0.0021910426158278274,0.016276464738787338,,,
2026-09-08,2026-09-22T16:50:23.521819,beta_adjusted_2026-09-22,DRH,0.04357125519794182,0.6147244805781391,0.6371755,0.0007057618819121343,0.016276464738787338,,,
2026-09-08,2026-09-22T16:50:23.521819,beta_adjusted_2026-09-22,DRI,0.14378986106343086,0.8979223125564589,0.21711656,0.0023369664864521925,0.016276464738787338,,,
2026-09-08,2026-09-22T16:50:23.521819,beta_adjusted_2026-09-22,DRS,0.01538199568302244,0.517163504968383,1.0361722,0.00024694039340502364,0.016276464738787338,,,
2026-09-08,2026-09-22T16:50:23.521819,beta_adjusted_2026-09-22,DRVN,-0.12392382967400416,0.15898825654923215,0.49570093,-0.002020465960926287,0.016276464738787338,,,
2026-09-08,2026-09-22T16:50:23.521819,beta_adjusted_2026-09-22,DSGN,-0.06815174596258494,0.2732610659439928,1.1513989,-0.0011126936069886762,0.016276464738787338,,,
2026-09-08,2026-09-22T16:50:23.521819,beta_adjusted_2026-09-22,DSP,0.07567607756855105,0.7177055103884372,1.3985993,0.0012283148911723864,0.016276464738787338,,,
2026-09-08,2026-09-22T16:50:23.521819,beta_adjusted_2026-09-22,DT,0.18517738209981416,0.955736224028907,0.6085654,0.0030106090132267045,0.016276464738787338,,,
2026-09-08,2026-09-22T16:50:23.521819,beta_adjusted_2026-09-22,DTE,0.08009799494543757,0.7267389340560072,-0.020319398,0.001300288073435111,0.016276464738787338,,,
2026-09-08,2026-09-22T16:50:23.521819,beta_adjusted_2026-09-22,DTM,0.05375254398583563,0.6463414634146342,0.12095802,0.0008714772698636988,0.016276464738787338,,,
2026-09-08,2026-09-22T16:50:23.521819,beta_adjusted_2026-09-22,DUK,0.020247365784019346,0.53613369467028,-0.29401723,0.0003261314182950499,0.016276464738787338,,,
2026-09-08,2026-09-22T16:50:23.521819,beta_adjusted_2026-09-22,DUOL,-0.21417316172622192,0.04878048780487805,0.74379146,-0.0034894060317733192,0.016276464738787338,,,
2026-09-08,2026-09-22T16:50:23.521819,beta_adjusted_2026-09-22,DV,0.13896430992958414,0.8843721770551038,0.5933216,0.002258423573576921,0.016276464738787338,,,
2026-09-08,2026-09-22T16:50:23.521819,beta_adjusted_2026-09-22,DVA,0.17780966853090213,0.94579945799458,0.033739123,0.002890688683116823,0.016276464738787338,,,
2026-09-08,2026-09-22T16:50:23.521819,beta_adjusted_2026-09-22,DVN,0.03415969213766354,0.5835591689250226,-0.55506134,0.0005525749076246415,0.016276464738787338,,,
2026-09-08,2026-09-22T16:50:23.521819,beta_adjusted_2026-09-22,DX,-0.02147354563996643,0.3934056007226739,0.51920825,-0.0003529375253675244,0.016276464738787338,,,
2026-09-08,2026-09-22T16:50:23.521819,beta_adjusted_2026-09-22,DXC,-0.006209669510843882,0.44489611562782294,0.61616236,-0.00010449558377464345,0.016276464738787338,,,
2026-09-08,2026-09-22T16:50:23.521819,beta_adjusted_2026-09-22,DXCM,0.19932690842971962,0.969286359530262,0.6717736,0.0032409132796059536,0.016276464738787338,,,
2026-09-08,2026-09-22T16:50:23.521819,beta_adjusted_2026-09-22,DXPE,0.10078260134004903,0.7850045167118338,1.7408253,0.0016369603400526996,0.016276464738787338,,,
2026-09-08,2026-09-22T16:50:23.521819,beta_adjusted_2026-09-22,DY,-0.09976144633908934,0.2000903342366757,1.6896946,-0.0016271877805704828,0.016276464738787338,,,
2026-09-08,2026-09-22T16:50:23.521819,beta_adjusted_2026-09-22,DYN,-0.16233028534032506,0.1016260162601626,2.0270355,-0.0026455872823209583,0.016276464738787338,,,
2026-09-08,2026-09-22T16:50:23.521819,beta_adjusted_2026-09-22,EAF,-0.15767399301144547,0.10794941282746161,1.8166494,-0.0025697993044164636,0.016276464738787338,,,
2026-09-08,2026-09-22T16:50:23.521819,beta_adjusted_2026-09-22,EAT,0.20769877818459814,0.976513098464318,0.7229699,0.0033771777224689543,0.016276464738787338,,,
2026-09-08,2026-09-22T16:50:23.521819,beta_adjusted_2026-09-22,EBAY,0.13694539055831007,0.8785004516711834,0.71675104,0.002225562703619924,0.016276464738787338,,,
2026-09-08,2026-09-22T16:50:23.521819,beta_adjusted_2026-09-22,EBC,-0.09698837588798812,0.2050587172538392,0.81221294,-0.0015820519971549607,0.016276464738787338,,,
2026-09-08,2026-09-22T16:50:23.521819,beta_adjusted_2026-09-22,EBS,-0.03183949652209754,0.36359530261969286,1.1478153,-0.0005216585593845329,0.016276464738787338,,,
2026-09-08,2026-09-22T16:50:23.521819,beta_adjusted_2026-09-22,ECG,-0.022841715347055376,0.3897922312556459,2.6676998,-0.0003752064913616346,0.016276464738787338,,,
2026-09-08,2026-09-22T16:50:23.521819,beta_adjusted_2026-09-22,ECHO,-0.05760381836427205,0.2999096657633243,1.4530075,-0.0009410106353674548,0.016276464738787338,,,
2026-09-08,2026-09-22T16:50:23.521819,beta_adjusted_2026-09-22,ECL,0.13519415794609368,0.8735320686540199,0.49201226,0.0021970588277577694,0.016276464738787338,,,
2026-09-08,2026-09-22T16:50:23.521819,beta_adjusted_2026-09-22,ECPG,0.15077131916959868,0.9096657633242999,0.7943695,0.002450599943142554,0.016276464738787338,,,
2026-09-08,2026-09-22T16:50:23.521819,beta_adjusted_2026-09-22,ECVT,0.08919551283180555,0.7511291779584462,0.72139865,0.0014483635025230664,0.016276464738787338,,,
2026-09-08,2026-09-22T16:50:23.521819,beta_adjusted_2026-09-22,ED,0.01914201150434911,0.5311653116531165,-0.49058056,0.0003081401583381297,0.016276464738787338,,,
2026-09-08,2026-09-22T16:50:23.521819,beta_adjusted_2026-09-22,EDIT,-0.29807782615718625,0.014905149051490514,2.161565,-0.004855077343803694,0.016276464738787338,,,
2026-09-08,2026-09-22T16:50:23.521819,beta_adjusted_2026-09-22,EE,0.07792582317837937,0.7217705510388437,0.4549511,0.001264932796261999,0.016276464738787338,,,
2026-09-08,2026-09-22T16:50:23.521819,beta_adjusted_2026-09-22,EEFT,-0.005561053120995127,0.44670280036133697,0.7168242,-9.393840197627064e-05,0.016276464738787338,,,
2026-09-08,2026-09-22T16:50:23.521819,beta_adjusted_2026-09-22,EFSC,0.04364430336241221,0.6151761517615176,0.5550773,0.0007069508477853697,0.016276464738787338,,,
2026-09-08,2026-09-22T16:50:23.521819,beta_adjusted_2026-09-22,EFX,0.0413382326656076,0.6079494128274616,0.56358826,0.0006694161694036788,0.016276464738787338,,,
2026-09-08,2026-09-22T16:50:23.521819,beta_adjusted_2026-09-22,EG,0.08523754445250945,0.7371273712737128,0.011931578,0.001383941769760218,0.016276464738787338,,,
2026-09-08,2026-09-22T16:50:23.521819,beta_adjusted_2026-09-22,EGBN,-0.06528470524335375,0.2804878048780488,0.7410636,-0.0010660283198174422,0.016276464738787338,,,
2026-09-08,2026-09-22T16:50:23.521819,beta_adjusted_2026-09-22,EGHT,0.024249433624618004,0.5505871725383921,0.9914025,0.00039127093438478877,0.016276464738787338,,,
2026-09-08,2026-09-22T16:50:23.521819,beta_adjusted_2026-09-22,EGP,0.09273207600881596,0.7610659439927733,0.3058959,0.0015059262483701702,0.016276464738787338,,,
2026-09-08,2026-09-22T16:50:23.521819,beta_adjusted_2026-09-22,EHC,0.17136746211456233,0.9354110207768744,0.08671732,0.0027858323375412786,0.016276464738787338,,,
2026-09-08,2026-09-22T16:50:23.521819,beta_adjusted_2026-09-22,EIX,-0.032102324008571666,0.3626919602529359,0.040288243,-0.0005259364617005131,0.016276464738787338,,,
2026-09-08,2026-09-22T16:50:23.521819,beta_adjusted_2026-09-22,EL,0.10528821609800872,0.7985546522131888,1.4216106,0.00171029581978719,0.016276464738787338,,,
2026-09-08,2026-09-22T16:50:23.521819,beta_adjusted_2026-09-22,ELAN,0.08537809764267071,0.7380307136404698,1.354639,0.001386229478803802,0.016276464738787338,,,
2026-09-08,2026-09-22T16:50:23.521819,beta_adjusted_2026-09-22,ELF,-0.03997826637990051,0.34146341463414637,1.760971,-0.0006541289599921681,0.016276464738787338,,,
2026-09-08,2026-09-22T16:50:23.521819,beta_adjusted_2026-09-22,ELS,0.049140633223156815,0.6345980126467932,-0.18507947,0.0007964116669565233,0.016276464738787338,,,
2026-09-08,2026-09-22T16:50:23.521819,beta_adjusted_2026-09-22,ELV,0.11451893499745666,0.8211382113821138,0.35271874,0.0018605392904677124,0.016276464738787338,,,
2026-09-08,2026-09-22T16:50:23.521819,beta_adjusted_2026-09-22,ELVN,-0.0978627492618735,0.2028003613369467,1.0223789,-0.0015962837045435405,0.016276464738787338,,,
2026-09-08,2026-09-22T16:50:23.521819,beta_adjusted_2026-09-22,EMAT,-0.23442119816710383,0.036585365853658534,0.4237093,-0.0038189724829330147,0.016276464738787338,,,
2026-09-08,2026-09-22T16:50:23.521819,beta_adjusted_2026-09-22,EMBC,-0.06155479852937757,0.2922312556458898,0.41220567,-0.0010053186247084428,0.016276464738787338,,,
2026-09-08,2026-09-22T16:50:23.521819,beta_adjusted_2026-09-22,EME,0.07760143333755101,0.7208672086720868,1.9074707,0.001259652876456135,0.016276464738787338,,,
2026-09-08,2026-09-22T16:50:23.521819,beta_adjusted_2026-09-22,EMN,0.0005036880565504123,0.465672990063234,0.92376614,4.774143949920935e-06,0.016276464738787338,,,
2026-09-08,2026-09-22T16:50:23.521819,beta_adjusted_2026-09-22,EMR,0.050227807357689974,0.6373080397470642,1.5579687,0.0008141070184221738,0.016276464738787338,,,
2026-09-08,2026-09-22T16:50:23.521819,beta_adjusted_2026-09-22,ENOV,-0.09323877531187569,0.2140921409214092,1.460317,-0.00152102175559333,0.016276464738787338,,,
2026-09-08,2026-09-22T16:50:23.521819,beta_adjusted_2026-09-22,ENPH,-0.12178209969527093,0.16124661246612465,2.5432968,-0.0019856061684474314,0.016276464738787338,,,
2026-09-08,2026-09-22T16:50:23.521819,beta_adjusted_2026-09-22,ENR,-0.167561333646233,0.0975609756097561,0.6727479,-0.002730730255618962,0.016276464738787338,,,
2026-09-08,2026-09-22T16:50:23.521819,beta_adjusted_2026-09-22,ENS,0.11101168053639258,0.8130081300813008,1.7336614,0.0018034535869022484,0.016276464738787338,,,
2026-09-08,2026-09-22T16:50:23.521819,beta_adjusted_2026-09-22,ENSG,-0.009126777206610051,0.4327009936766034,-0.017930184,-0.00015197578432402667,0.016276464738787338,,,
2026-09-08,2026-09-22T16:50:23.521819,beta_adjusted_2026-09-22,ENTA,-0.0785286790090432,0.24525745257452575,0.9898466,-0.0012815933918161112,0.016276464738787338,,,
2026-09-08,2026-09-22T16:50:23.521819,beta_adjusted_2026-09-22,ENTG,0.020267366927281615,0.5365853658536586,3.3975372,0.0003264569661980937,0.016276464738787338,,,
2026-09-08,2026-09-22T16:50:23.521819,beta_adjusted_2026-09-22,ENVA,0.14366524955825888,0.8974706413730804,1.2281675,0.0023349382516822136,0.016276464738787338,,,
2026-09-08,2026-09-22T16:50:23.521819,beta_adjusted_2026-09-22,ENVX,-0.29876572836307824,0.014453477868112014,3.7408698,-0.00486627395980163,0.016276464738787338,,,
2026-09-08,2026-09-22T16:50:23.521819,beta_adjusted_2026-09-22,EOG,0.1466291226333254,0.9028906955736224,-0.59063566,0.002383179627278775,0.016276464738787338,,,
2026-09-08,2026-09-22T16:50:23.521819,beta_adjusted_2026-09-22,EOSE,-0.23292679606571726,0.037940379403794036,4.112102,-0.0037946488998242263,0.016276464738787338,,,
2026-09-08,2026-09-22T16:50:23.521819,beta_adjusted_2026-09-22,EPAC,0.09338566215570415,0.7637759710930443,0.85877013,0.0015165643202437558,0.016276464738787338,,,
2026-09-08,2026-09-22T16:50:23.521819,beta_adjusted_2026-09-22,EPAM,-0.04014462850638258,0.3405600722673893,0.57811546,-0.0006568367472777233,0.016276464738787338,,,
2026-09-08,2026-09-22T16:50:23.521819,beta_adjusted_2026-09-22,EPC,-0.037979627988826634,0.3486901535682023,0.22402765,-0.0006215981926942676,0.016276464738787338,,,
2026-09-08,2026-09-22T16:50:23.521819,beta_adjusted_2026-09-22,EPD,0.047471400465812164,0.6287262872628726,-0.25397146,0.0007692424588407744,0.016276464738787338,,,
2026-09-08,2026-09-22T16:50:23.521819,beta_adjusted_2026-09-22,EPR,0.020461723744184195,0.539747064137308,0.1185868,0.0003296204080751515,0.016276464738787338,,,
2026-09-08,2026-09-22T16:50:23.521819,beta_adjusted_2026-09-22,EPRT,-0.07661059661960162,0.24977416440831074,-0.18968591,-0.0012503737914382764,0.016276464738787338,,,
2026-09-08,2026-09-22T16:50:23.521819,beta_adjusted_2026-09-22,EQH,0.04092774617294893,0.6070460704607046,1.1631271,0.0006627349004801714,0.016276464738787338,,,
2026-09-08,2026-09-22T16:50:23.521819,beta_adjusted_2026-09-22,EQIX,0.15863500921751833,0.919602529358627,0.45238993,0.002578593016924271,0.016276464738787338,,,
2026-09-08,2026-09-22T16:50:23.521819,beta_adjusted_2026-09-22,EQPT,-0.26030553973865367,0.027551942186088526,1.7404854,-0.004240278055809073,0.016276464738787338,,,
2026-09-08,2026-09-22T16:50:23.521819,beta_adjusted_2026-09-22,EQT,0.1042853906779988,0.7931345980126467,0.114802465,0.0016939733671992392,0.016276464738787338,,,
2026-09-08,2026-09-22T16:50:23.521819,beta_adjusted_2026-09-22,ERAS,-0.18890270517740662,0.07362240289069558,1.1741924,-0.0030780923368234694,0.016276464738787338,,,
2026-09-08,2026-09-22T16:50:23.521819,beta_adjusted_2026-09-22,ERIE,-0.11092944156171307,0.17886178861788618,-0.43031535,-0.0018089632610144633,0.016276464738787338,,,
2026-09-08,2026-09-22T16:50:23.521819,beta_adjusted_2026-09-22,ES,0.02031773545849626,0.5370370370370371,0.0793369,0.0003272767878203534,0.016276464738787338,,,
2026-09-08,2026-09-22T16:50:23.521819,beta_adjusted_2026-09-22,ESAB,-0.18722263527054012,0.07588075880758807,1.5936338,-0.003050746738225659,0.016276464738787338,,,
2026-09-08,2026-09-22T16:50:23.521819,beta_adjusted_2026-09-22,ESE,-0.047547854117521084,0.32339656729900634,1.1233512,-0.0007773350878907064,0.016276464738787338,,,
2026-09-08,2026-09-22T16:50:23.521819,beta_adjusted_2026-09-22,ESI,0.03649473865123572,0.5930442637759711,2.1632106,0.0005905812098662273,0.016276464738787338,,,
2026-09-08,2026-09-22T16:50:23.521819,beta_adjusted_2026-09-22,ESNT,0.08675989287180799,0.7434507678410117,0.03252446,0.0014087202201270796,0.016276464738787338,,,
2026-09-08,2026-09-22T16:50:23.521819,beta_adjusted_2026-09-22,ESRT,-0.1518040927858401,0.11472448057813911,0.33693472,-0.0024742580803741978,0.016276464738787338,,,
2026-09-08,2026-09-22T16:50:23.521819,beta_adjusted_2026-09-22,ESS,0.05683510744776072,0.6540198735320687,0.13351943,0.0009216505053567968,0.016276464738787338,,,
2026-09-08,2026-09-22T16:50:23.521819,beta_adjusted_2026-09-22,ESTA,-0.06348244204311917,0.28545618789521227,1.3217784,-0.0010366938463888102,0.016276464738787338,,,
2026-09-08,2026-09-22T16:50:23.521819,beta_adjusted_2026-09-22,ESTC,-0.054003620522856496,0.3098464317976513,0.9381213,-0.0008824121421489962,0.016276464738787338,,,
2026-09-08,2026-09-22T16:50:23.521819,beta_adjusted_2026-09-22,ET,0.12362743967161263,0.8423667570009034,-0.12736307,0.002008793545619692,0.016276464738787338,,,
2026-09-08,2026-09-22T16:50:23.521819,beta_adjusted_2026-09-22,ETN,0.045161934794816234,0.6210478771454381,1.7293546,0.0007316525222813693,0.016276464738787338,,,
2026-09-08,2026-09-22T16:50:23.521819,beta_adjusted_2026-09-22,ETR,0.0017364698845091509,0.470189701897019,0.19653742,2.4839473903309143e-05,0.016276464738787338,,,
2026-09-08,2026-09-22T16:50:23.521819,beta_adjusted_2026-09-22,ETSY,0.2862227194752454,0.9977416440831075,1.133237,0.004655269884036781,0.016276464738787338,,,
2026-09-08,2026-09-22T16:50:23.521819,beta_adjusted_2026-09-22,EVCM,-0.08527104655447851,0.22854561878952123,0.9059199,-0.001391335299425333,0.016276464738787338,,,
2026-09-08,2026-09-22T16:50:23.521819,beta_adjusted_2026-09-22,EVEX,-0.25144147274620304,0.02935862691960253,2.774039,-0.004096002381964201,0.016276464738787338,,,
2026-09-08,2026-09-22T16:50:23.521819,beta_adjusted_2026-09-22,EVGO,-0.33152742607794167,0.009485094850948509,2.787069,-0.005399518577440414,0.016276464738787338,,,
2026-09-08,2026-09-22T16:50:23.521819,beta_adjusted_2026-09-22,EVH,-0.08845106371619413,0.22131887985546522,0.90582985,-0.001443094736626736,0.016276464738787338,,,
2026-09-08,2026-09-22T16:50:23.521819,beta_adjusted_2026-09-22,EVR,0.13804827257825075,0.8812104787714544,1.754559,0.002243513723928531,0.016276464738787338,,,
2026-09-08,2026-09-22T16:50:23.521819,beta_adjusted_2026-09-22,EVRG,-0.0071051184316497235,0.43947606142728096,-0.0359405,-0.00011907032655952489,0.016276464738787338,,,
2026-09-08,2026-09-22T16:50:23.521819,beta_adjusted_2026-09-22,EVTC,-0.04066759317161241,0.33830171635049683,0.6599696,-0.0006653487632109682,0.016276464738787338,,,
2026-09-08,2026-09-22T16:50:23.521819,beta_adjusted_2026-09-22,EW,0.1499470248588785,0.907859078590786,0.5798936,0.002437183345859734,0.016276464738787338,,,
2026-09-08,2026-09-22T16:50:23.521819,beta_adjusted_2026-09-22,EWBC,-0.03472078480850735,0.35772357723577236,0.8275415,-0.0005685557465805631,0.016276464738787338,,,
2026-09-08,2026-09-22T16:50:23.521819,beta_adjusted_2026-09-22,EWTX,-0.08829236890340782,0.2222222222222222,1.3202767,-0.001440511746102191,0.016276464738787338,,,
2026-09-08,2026-09-22T16:50:23.521819,beta_adjusted_2026-09-22,EXC,-0.02992681499749588,0.3699186991869919,-0.24930327,-0.0004905268659928239,0.016276464738787338,,,
2026-09-08,2026-09-22T16:50:23.521819,beta_adjusted_2026-09-22,EXE,0.15345023193804266,0.9128274616079494,0.0001178552,0.00249420317235642,0.016276464738787338,,,
2026-09-08,2026-09-22T16:50:23.521819,beta_adjusted_2026-09-22,EXEL,0.1819536944864883,0.952122854561879,0.60427964,0.0029581387754595402,0.016276464738787338,,,
2026-09-08,2026-09-22T16:50:23.521819,beta_adjusted_2026-09-22,EXFY,0.1438973198661906,0.8983739837398373,1.2172475,0.0023387155358661833,0.016276464738787338,,,
2026-09-08,2026-09-22T16:50:23.521819,beta_adjusted_2026-09-22,EXLS,0.07254471029318076,0.7046070460704607,0.0114465505,0.0011773473021306294,0.016276464738787338,,,
2026-09-08,2026-09-22T16:50:23.521819,beta_adjusted_2026-09-22,EXOD,-0.27792168106780557,0.02122854561878952,3.0072641,-0.004527006558986508,0.016276464738787338,,,
2026-09-08,2026-09-22T16:50:23.521819,beta_adjusted_2026-09-22,EXP,0.038169401608122364,0.5984643179765131,1.0973706,0.0006178388024333462,0.016276464738787338,,,
2026-09-08,2026-09-22T16:50:23.521819,beta_adjusted_2026-09-22,EXPD,0.23287815082759605,0.9896115627822945,0.50384873,0.003787008893437496,0.016276464738787338,,,
2026-09-08,2026-09-22T16:50:23.521819,beta_adjusted_2026-09-22,EXPE,0.12474024928236585,0.8477868112014454,1.0347865,0.0020269061520101,0.016276464738787338,,,
2026-09-08,2026-09-22T16:50:23.521819,beta_adjusted_2026-09-22,EXPO,-0.004945420908499684,0.44896115627822947,0.4687909,-8.391808597752693e-05,0.016276464738787338,,,
2026-09-08,2026-09-22T16:50:23.521819,beta_adjusted_2026-09-22,EXR,0.033999010382272786,0.5826558265582655,0.33200964,0.0005499595766988574,0.016276464738787338,,,
2026-09-08,2026-09-22T16:50:23.521819,beta_adjusted_2026-09-22,EXTR,0.08370581922163658,0.7344173441734417,1.461567,0.0013590106980504051,0.016276464738787338,,,
2026-09-08,2026-09-22T16:50:23.521819,beta_adjusted_2026-09-22,EYE,-0.03940561251107044,0.34462511291779585,1.1727993,-0.0006448081794886254,0.016276464738787338,,,
2026-09-08,2026-09-22T16:50:23.521819,beta_adjusted_2026-09-22,EZPW,-0.05738615382587707,0.3012646793134598,1.205353,-0.0009374678261833844,0.016276464738787338,,,
2026-09-08,2026-09-22T16:50:23.521819,beta_adjusted_2026-09-22,F,0.11186589139083997,0.8166214995483289,1.1837955,0.0018173571197541507,0.016276464738787338,,,
2026-09-08,2026-09-22T16:50:23.521819,beta_adjusted_2026-09-22,FA,0.054480673177312165,0.6485998193315267,0.49039063,0.0008833286389740484,0.016276464738787338,,,
2026-09-08,2026-09-22T16:50:23.521819,beta_adjusted_2026-09-22,FAC,-0.11838741090435417,0.16666666666666666,0.0820974,-0.0019303526360429184,0.016276464738787338,,,
2026-09-08,2026-09-22T16:50:23.521819,beta_adjusted_2026-09-22,FAF,-0.01883924164112582,0.4037940379403794,0.37225848,-0.00031006036921914866,0.016276464738787338,,,
2026-09-08,2026-09-22T16:50:23.521819,beta_adjusted_2026-09-22,FANG,0.15291071169989953,0.9110207768744354,-0.40172154,0.002485421690224421,0.016276464738787338,,,
2026-09-08,2026-09-22T16:50:23.521819,beta_adjusted_2026-09-22,FAST,0.17234503166300028,0.9363143631436315,0.49046177,0.0028017437138261408,0.016276464738787338,,,
2026-09-08,2026-09-22T16:50:23.521819,beta_adjusted_2026-09-22,FATE,-0.06629675389440279,0.2786811201445348,1.912726,-0.0010825008940001791,0.016276464738787338,,,
2026-09-08,2026-09-22T16:50:23.521819,beta_adjusted_2026-09-22,FBIN,0.007088463924033214,0.48870822041553746,1.5203632,0.00011195101616982256,0.016276464738787338,,,
2026-09-08,2026-09-22T16:50:23.521819,beta_adjusted_2026-09-22,FBK,-0.02055380072173929,0.3983739837398374,0.63583547,-0.00033796732963732145,0.016276464738787338,,,
2026-09-08,2026-09-22T16:50:23.521819,beta_adjusted_2026-09-22,FBNC,-0.05461480997565235,0.3084914182475158,0.6411757,-0.0008923601457261466,0.016276464738787338,,,
2026-09-08,2026-09-22T16:50:23.521819,beta_adjusted_2026-09-22,FBP,0.025957101448120384,0.5573622402890696,0.49302244,0.00041906572949958697,0.016276464738787338,,,
2026-09-08,2026-09-22T16:50:23.521819,beta_adjusted_2026-09-22,FBYD,-0.2511920284728904,0.02981029810298103,0.67559016,-0.004091942311045336,0.016276464738787338,,,
2026-09-08,2026-09-22T16:50:23.521819,beta_adjusted_2026-09-22,FCEL,-0.1799051338689459,0.08084914182475159,3.6246026,-0.002931643684686584,0.016276464738787338,,,
2026-09-08,2026-09-22T16:50:23.521819,beta_adjusted_2026-09-22,FCF,0.04951412524291856,0.6355013550135501,0.32624692,0.0008024907966463938,0.016276464738787338,,,
2026-09-08,2026-09-22T16:50:23.521819,beta_adjusted_2026-09-22,FCFS,0.13014255848566672,0.8617886178861789,0.5125084,0.002114836647265653,0.016276464738787338,,,
2026-09-08,2026-09-22T16:50:23.521819,beta_adjusted_2026-09-22,FCN,0.07307455640999483,0.7073170731707317,-0.2476619,0.001185971323767937,0.016276464738787338,,,
2026-09-08,2026-09-22T16:50:23.521819,beta_adjusted_2026-09-22,FCNCA,-0.0222711200006862,0.3902439024390244,0.5818747,-0.00036591921632634055,0.016276464738787338,,,
2026-09-08,2026-09-22T16:50:23.521819,beta_adjusted_2026-09-22,FCPT,-0.015094618896346182,0.4123757904245709,-0.07216304,-0.00024911114915368186,0.016276464738787338,,,
2026-09-08,2026-09-22T16:50:23.521819,beta_adjusted_2026-09-22,FCX,0.10121170508424121,0.7863595302619693,2.2234764,0.001643944632014325,0.016276464738787338,,,
2026-09-08,2026-09-22T16:50:23.521819,beta_adjusted_2026-09-22,FDS,0.03173591338959462,0.5785907859078591,0.032154623,0.0005131243582970756,0.016276464738787338,,,
2026-09-08,2026-09-22T16:50:23.521819,beta_adjusted_2026-09-22,FDX,0.19348736187167975,0.9629629629629629,0.8807754,0.0031458661059635107,0.016276464738787338,,,
2026-09-08,2026-09-22T16:50:23.521819,beta_adjusted_2026-09-22,FDXF,-0.08513913258960826,0.22944896115627822,,-0.0013891882064275688,0.016276464738787338,,,
2026-09-08,2026-09-22T16:50:23.521819,beta_adjusted_2026-09-22,FE,0.07195173132967234,0.7028003613369467,-0.09135122,0.0011676957009402419,0.016276464738787338,,,
2026-09-08,2026-09-22T16:50:23.521819,beta_adjusted_2026-09-22,FELE,0.1791612695960272,0.9498644986449865,0.7337153,0.0029126879701942385,0.016276464738787338,,,
2026-09-08,2026-09-22T16:50:23.521819,beta_adjusted_2026-09-22,FERG,0.06429477127171543,0.6802168021680217,1.1933162,0.0010430674605506032,0.016276464738787338,,,
2026-09-08,2026-09-22T16:50:23.521819,beta_adjusted_2026-09-22,FET,0.22196493079415497,0.983739837398374,0.93304497,0.0036093802523765647,0.016276464738787338,,,
2026-09-08,2026-09-22T16:50:23.521819,beta_adjusted_2026-09-22,FFBC,-0.07809996700859664,0.24661246612466126,0.6362921,-0.0012746154760577477,0.016276464738787338,,,
2026-09-08,2026-09-22T16:50:23.521819,beta_adjusted_2026-09-22,FFIN,-0.1291764645775625,0.14814814814814814,0.53290546,-0.0021059602877197777,0.016276464738787338,,,
2026-09-08,2026-09-22T16:50:23.521819,beta_adjusted_2026-09-22,FFIV,0.11693197327331897,0.8283649503161699,1.0136377,0.0018998150228781295,0.016276464738787338,,,
2026-09-08,2026-09-22T16:50:23.521819,beta_adjusted_2026-09-22,FG,-0.14876710038881719,0.11969286359530262,0.85962814,-0.0024248265807120892,0.016276464738787338,,,
2026-09-08,2026-09-22T16:50:23.521819,beta_adjusted_2026-09-22,FHB,-0.026716338506880287,0.3816621499548329,0.69383305,-0.00043827165859861353,0.016276464738787338,,,
2026-09-08,2026-09-22T16:50:23.521819,beta_adjusted_2026-09-22,FHI,0.10966049472439009,0.8098464317976513,0.66741174,0.00178146105867764,0.016276464738787338,,,
2026-09-08,2026-09-22T16:50:23.521819,beta_adjusted_2026-09-22,FHN,0.09299614262042805,0.7624209575429087,0.72720927,0.0015102243192627654,0.016276464738787338,,,
2026-09-08,2026-09-22T16:50:23.521819,beta_adjusted_2026-09-22,FIBK,-0.006261540354208055,0.4444444444444444,0.90248173,-0.00010533985772763156,0.016276464738787338,,,
2026-09-08,2026-09-22T16:50:23.521819,beta_adjusted_2026-09-22,FICO,-0.040290131876328864,0.33965672990063234,0.42956245,-0.0006592050277480286,0.016276464738787338,,,
2026-09-08,2026-09-22T16:50:23.521819,beta_adjusted_2026-09-22,FIG,-0.06540632197290597,0.2800361336946703,1.3592324,-0.0010680078102276456,0.016276464738787338,,,
2026-09-08,2026-09-22T16:50:23.521819,beta_adjusted_2026-09-22,FIGR,-0.03442419040498721,0.35862691960252935,3.4636898,-0.000563728238229946,0.016276464738787338,,,
2026-09-08,2026-09-22T16:50:23.521819,beta_adjusted_2026-09-22,FIGS,0.017775410657799667,0.5271002710027101,0.8018628,0.00028589672784727074,0.016276464738787338,,,
2026-09-08,2026-09-22T16:50:23.521819,beta_adjusted_2026-09-22,FIRY,-0.07516540771111521,0.25429087624209573,1.4169633,-0.0012268512251284106,0.016276464738787338,,,
2026-09-08,2026-09-22T16:50:23.521819,beta_adjusted_2026-09-22,FIS,-0.04111601181784358,0.33739837398373984,0.35275277,-0.0006726474334945646,0.016276464738787338,,,
2026-09-08,2026-09-22T16:50:23.521819,beta_adjusted_2026-09-22,FISV,-0.050821717443735925,0.31616982836495033,0.6142573,-0.0008306220088794514,0.016276464738787338,,,
2026-09-08,2026-09-22T16:50:23.521819,beta_adjusted_2026-09-22,FITB,-0.07844127822380767,0.24570912375790424,0.7637518,-0.0012801708160170826,0.016276464738787338,,,
2026-09-08,2026-09-22T16:50:23.521819,beta_adjusted_2026-09-22,FIVE,0.1368009681353996,0.8780487804878049,1.0715708,0.0022232120171459314,0.016276464738787338,,,
2026-09-08,2026-09-22T16:50:23.521819,beta_adjusted_2026-09-22,FIVN,0.11071065849823669,0.8121047877145439,1.4164641,0.0017985540123126062,0.016276464738787338,,,
2026-09-08,2026-09-22T16:50:23.521819,beta_adjusted_2026-09-22,FIX,0.10938932372197506,0.8089430894308943,2.5118332,0.0017770473534186502,0.016276464738787338,,,
2026-09-08,2026-09-22T16:50:23.521819,beta_adjusted_2026-09-22,FIZZ,-0.036784272873546416,0.35185185185185186,-0.049263723,-0.00060214203731008,0.016276464738787338,,,
2026-09-08,2026-09-22T16:50:23.521819,beta_adjusted_2026-09-22,FLEX,0.023767148549798306,0.5474254742547425,2.8620384,0.00038342103837044257,0.016276464738787338,,,
2026-09-08,2026-09-22T16:50:23.521819,beta_adjusted_2026-09-22,FLG,-0.10727070985565226,0.18834688346883469,0.83511263,-0.0017494120434120815,0.016276464738787338,,,
2026-09-08,2026-09-22T16:50:23.521819,beta_adjusted_2026-09-22,FLGT,-0.18788452716732817,0.07452574525745258,0.8225302,-0.0030615199983446187,0.016276464738787338,,,
2026-09-08,2026-09-22T16:50:23.521819,beta_adjusted_2026-09-22,FLNC,-0.17579005252478475,0.08672086720867209,4.2724867,-0.002864664708291103,0.016276464738787338,,,
2026-09-08,2026-09-22T16:50:23.521819,beta_adjusted_2026-09-22,FLO,-0.1102583610372278,0.18112014453477868,0.059645735,-0.001798040442520792,0.016276464738787338,,,
2026-09-08,2026-09-22T16:50:23.521819,beta_adjusted_2026-09-22,FLOC,0.049508053830656554,0.6350496838301717,0.9154633,0.0008023919755187966,0.016276464738787338,,,
2026-09-08,2026-09-22T16:50:23.521819,beta_adjusted_2026-09-22,FLR,0.008467732807342747,0.492773261065944,1.7997882,0.00013440063751431674,0.016276464738787338,,,
2026-09-08,2026-09-22T16:50:23.521819,beta_adjusted_2026-09-22,FLS,0.10060585644119575,0.7841011743450768,1.7296745,0.0016340835579387535,0.016276464738787338,,,
2026-09-08,2026-09-22T16:50:23.521819,beta_adjusted_2026-09-22,FLUT,-0.08638165723456107,0.22719060523938572,0.7530842,-0.0014094121149982174,0.016276464738787338,,,
2026-09-08,2026-09-22T16:50:23.521819,beta_adjusted_2026-09-22,FLWS,0.012560528520232497,0.5103884372177055,1.2811971,0.00020101688261822676,0.016276464738787338,,,
2026-09-08,2026-09-22T16:50:23.521819,beta_adjusted_2026-09-22,FLY,-0.28499661994697256,0.017615176151761516,3.3968499,-0.0046421615521823455,0.016276464738787338,,,
2026-09-08,2026-09-22T16:50:23.521819,beta_adjusted_2026-09-22,FLYW,0.07685983279465008,0.7190605239385727,1.3839176,0.0012475822413693426,0.016276464738787338,,,
2026-09-08,2026-09-22T16:50:23.521819,beta_adjusted_2026-09-22,FMC,-0.14170107434463097,0.12827461607949414,1.5270604,-0.0023098166569605395,0.016276464738787338,,,
2026-09-08,2026-09-22T16:50:23.521819,beta_adjusted_2026-09-22,FMCC,-0.17802091271866877,0.08401084010840108,1.2952188,-0.002900975225574021,0.016276464738787338,,,
2026-09-08,2026-09-22T16:50:23.521819,beta_adjusted_2026-09-22,FN,-0.06983643703341501,0.2682926829268293,2.8989918,-0.0011401144217987917,0.016276464738787338,,,
2026-09-08,2026-09-22T16:50:23.521819,beta_adjusted_2026-09-22,FNB,-0.0025244505196317865,0.45799457994579945,0.82919806,-4.451324680947032e-05,0.016276464738787338,,,
2026-09-08,2026-09-22T16:50:23.521819,beta_adjusted_2026-09-22,FND,-0.07441267335757205,0.2565492321589883,1.6386698,-0.0012145993709652915,0.016276464738787338,,,
2026-09-08,2026-09-22T16:50:23.521819,beta_adjusted_2026-09-22,FNF,-0.08963311989636423,0.2186088527551942,0.36401564,-0.0014623344323625401,0.016276464738787338,,,
2026-09-08,2026-09-22T16:50:23.521819,beta_adjusted_2026-09-22,FNMA,-0.17037283776859527,0.09259259259259259,1.3001797,-0.0027764916033295468,0.016276464738787338,,,
2026-09-08,2026-09-22T16:50:23.521819,beta_adjusted_2026-09-22,FOR,-0.13017299160937582,0.14679313459801266,0.8483083,-0.0021221802248143355,0.016276464738787338,,,
2026-09-08,2026-09-22T16:50:23.521819,beta_adjusted_2026-09-22,FORM,0.017576489881753393,0.526196928635953,2.942338,0.00028265900085014135,0.016276464738787338,,,
2026-09-08,2026-09-22T16:50:23.521819,beta_adjusted_2026-09-22,FOSL,-0.051328109486233356,0.31391147244805784,2.3135898,-0.0008388642811031632,0.016276464738787338,,,
2026-09-08,2026-09-22T16:50:23.521819,beta_adjusted_2026-09-22,FOUR,-0.13889814585835708,0.13233965672990064,1.3941112,-0.0022641948902883597,0.016276464738787338,,,
2026-09-08,2026-09-22T16:50:23.521819,beta_adjusted_2026-09-22,FOXA,0.0014558027414965716,0.46883468834688347,0.13921334,2.0271205046728714e-05,0.016276464738787338,,,
2026-09-08,2026-09-22T16:50:23.521819,beta_adjusted_2026-09-22,FOXF,-0.06203563669048831,0.2899728997289973,1.2060269,-0.0010131449700828252,0.016276464738787338,,,
2026-09-08,2026-09-22T16:50:23.521819,beta_adjusted_2026-09-22,FPH,-0.002370925215154064,0.45934959349593496,0.54156935,-4.201439760462708e-05,0.016276464738787338,,,
2026-09-08,2026-09-22T16:50:23.521819,beta_adjusted_2026-09-22,FPS,0.052479725914482425,0.6422764227642277,3.3009574,0.0008507602914064271,0.016276464738787338,,,
2026-09-08,2026-09-22T16:50:23.521819,beta_adjusted_2026-09-22,FR,0.10617969692075732,0.8021680216802168,0.41721734,0.001724805975963963,0.016276464738787338,,,
2026-09-08,2026-09-22T16:50:23.521819,beta_adjusted_2026-09-22,FRHC,-0.22865756351699124,0.04245709123757904,0.9686357,-0.003725160886783204,0.016276464738787338,,,
2026-09-08,2026-09-22T16:50:23.521819,beta_adjusted_2026-09-22,FRME,-0.048364803982190445,0.32113821138211385,0.57365113,-0.0007906321435563544,0.016276464738787338,,,
2026-09-08,2026-09-22T16:50:23.521819,beta_adjusted_2026-09-22,FRMI,-0.0937960828859948,0.2127371273712737,2.5503075,-0.0015300927526721388,0.016276464738787338,,,
2026-09-08,2026-09-22T16:50:23.521819,beta_adjusted_2026-09-22,FROG,0.02683669690827696,0.5627822944896116,1.4251786,0.00043338243399122296,0.016276464738787338,,,
2026-09-08,2026-09-22T16:50:23.521819,beta_adjusted_2026-09-22,FRPT,0.0039158339668016184,0.4787714543812105,0.45570725,6.0311816541722115e-05,0.016276464738787338,,,
2026-09-08,2026-09-22T16:50:23.521819,beta_adjusted_2026-09-22,FRSH,0.09428904447679104,0.7664859981933153,0.6281288,0.0015312681907385702,0.016276464738787338,,,
2026-09-08,2026-09-22T16:50:23.521819,beta_adjusted_2026-09-22,FRT,0.07034498359355945,0.7005420054200542,0.17769416,0.0011415435280692741,0.016276464738787338,,,
2026-09-08,2026-09-22T16:50:23.521819,beta_adjusted_2026-09-22,FRVO,-0.1189733221358052,0.16576332429990967,,-0.0019398891995416907,0.016276464738787338,,,
2026-09-08,2026-09-22T16:50:23.521819,beta_adjusted_2026-09-22,FSK,-0.05829671809575583,0.2985546522131888,0.8328676,-0.0009522885934144657,0.016276464738787338,,,
2026-09-08,2026-09-22T16:50:23.521819,beta_adjusted_2026-09-22,FSLR,0.019490720516423803,0.533423667570009,1.7407974,0.00031381590827726075,0.016276464738787338,,,
2026-09-08,2026-09-22T16:50:23.521819,beta_adjusted_2026-09-22,FSLY,-0.006463304074202758,0.4421860885275519,1.2092702,-0.00010862385780169191,0.016276464738787338,,,
2026-09-08,2026-09-22T16:50:23.521819,beta_adjusted_2026-09-22,FSS,-0.048105811479968515,0.3224932249322493,1.2067496,-0.0007864166612263289,0.016276464738787338,,,
2026-09-08,2026-09-22T16:50:23.521819,beta_adjusted_2026-09-22,FTAI,-0.06355508838408072,0.2850045167118338,2.3716874,-0.0010378762719958727,0.016276464738787338,,,
2026-09-08,2026-09-22T16:50:23.521819,beta_adjusted_2026-09-22,FTDR,0.14821800728688517,0.9060523938572719,0.7963312,0.002409041052316441,0.016276464738787338,,,
2026-09-08,2026-09-22T16:50:23.521819,beta_adjusted_2026-09-22,FTI,0.26179853858420743,0.9968383017163505,0.36277226,0.004257730564990039,0.016276464738787338,,,
2026-09-08,2026-09-22T16:50:23.521819,beta_adjusted_2026-09-22,FTNT,0.19152451642555562,0.9611562782294489,1.012461,0.003113917921271982,0.016276464738787338,,,
2026-09-08,2026-09-22T16:50:23.521819,beta_adjusted_2026-09-22,FTRE,0.003821765993372493,0.4778681120144535,2.0985646,5.878072248915377e-05,0.016276464738787338,,,
2026-09-08,2026-09-22T16:50:23.521819,beta_adjusted_2026-09-22,FTV,0.15994604555414643,0.9227642276422764,0.6433721,0.002599932053628667,0.016276464738787338,,,
2026-09-08,2026-09-22T16:50:23.521819,beta_adjusted_2026-09-22,FUBO,-0.26695023149775643,0.023938572719060525,1.2695057,-0.00434843014692622,0.016276464738787338,,,
2026-09-08,2026-09-22T16:50:23.521819,beta_adjusted_2026-09-22,FUL,0.03708980503112926,0.5953026196928636,0.98012304,0.0006002667868158024,0.016276464738787338,,,
2026-09-08,2026-09-22T16:50:23.521819,beta_adjusted_2026-09-22,FULT,-0.07164055992758717,0.26287262872628725,0.7456729,-0.0011694791644702236,0.016276464738787338,,,
2026-09-08,2026-09-22T16:50:23.521819,beta_adjusted_2026-09-22,FUN,-0.16407920481476704,0.1002710027100271,1.5484748,-0.0026740535084776914,0.016276464738787338,,,
2026-09-08,2026-09-22T16:50:23.521819,beta_adjusted_2026-09-22,FWONA,-0.05535982979263566,0.3062330623306233,0.27738887,-0.0009044864345069732,0.016276464738787338,,,
2026-09-08,2026-09-22T16:50:23.521819,beta_adjusted_2026-09-22,FWRD,-0.10097969348634672,0.1973803071364047,1.5609807,-0.0016470165373059459,0.016276464738787338,,,
2026-09-08,2026-09-22T16:50:23.521819,beta_adjusted_2026-09-22,G,-0.020070816649737595,0.4006323396567299,0.15376,-0.00033010605641999,0.016276464738787338,,,
2026-09-08,2026-09-22T16:50:23.521819,beta_adjusted_2026-09-22,GAP,-0.04356871982139527,0.33288166214995485,1.1603087,-0.0007125688488289153,0.016276464738787338,,,
2026-09-08,2026-09-22T16:50:23.521819,beta_adjusted_2026-09-22,GATX,-0.013234339338366437,0.41915085817524844,0.5827326,-0.00021883237452393763,0.016276464738787338,,,
2026-09-08,2026-09-22T16:50:23.521819,beta_adjusted_2026-09-22,GBCI,-0.1319817064861268,0.14092140921409213,0.82313514,-0.0021516197087282935,0.016276464738787338,,,
2026-09-08,2026-09-22T16:50:23.521819,beta_adjusted_2026-09-22,GBDC,-0.12322740217346526,0.15943992773261065,0.5531685,-0.0020091305832706436,0.016276464738787338,,,
2026-09-08,2026-09-22T16:50:23.521819,beta_adjusted_2026-09-22,GBX,-0.06341913145519057,0.2859078590785908,0.53183615,-0.0010356633738367984,0.016276464738787338,,,
2026-09-08,2026-09-22T16:50:23.521819,beta_adjusted_2026-09-22,GCMG,0.18397721697209488,0.9539295392953929,1.0371052,0.002991074567844659,0.016276464738787338,,,
2026-09-08,2026-09-22T16:50:23.521819,beta_adjusted_2026-09-22,GCO,0.11454463680012505,0.8215898825654924,1.421785,0.0018609576249525679,0.016276464738787338,,,
2026-09-08,2026-09-22T16:50:23.521819,beta_adjusted_2026-09-22,GD,0.10374559399248638,0.7917795844625113,0.44384566,0.001685187385481382,0.016276464738787338,,,
2026-09-08,2026-09-22T16:50:23.521819,beta_adjusted_2026-09-22,GDDY,0.07204212401994402,0.7032520325203252,0.19159974,0.001169166974376093,0.016276464738787338,,,
2026-09-08,2026-09-22T16:50:23.521819,beta_adjusted_2026-09-22,GDOT,-0.010632270331579569,0.42592592592592593,0.70083845,-0.00017647989008707978,0.016276464738787338,,,
2026-09-08,2026-09-22T16:50:23.521819,beta_adjusted_2026-09-22,GDRX,0.050044395492111676,0.6368563685636857,1.385828,0.0008111217216594135,0.016276464738787338,,,
2026-09-08,2026-09-22T16:50:23.521819,beta_adjusted_2026-09-22,GDYN,0.08095132514691782,0.7285456187895212,1.2924907,0.0013141772723700464,0.016276464738787338,,,
2026-09-08,2026-09-22T16:50:23.521819,beta_adjusted_2026-09-22,GE,0.09527342629540111,0.7691960252935862,1.2356303,0.0015472904466986804,0.016276464738787338,,,
2026-09-08,2026-09-22T16:50:23.521819,beta_adjusted_2026-09-22,GEF,0.044075327275637996,0.6169828364950316,0.44721052,0.0007139663933105634,0.016276464738787338,,,
2026-09-08,2026-09-22T16:50:23.521819,beta_adjusted_2026-09-22,GEHC,-0.04456817205688987,0.33017163504968383,0.7838922,-0.0007288363978980453,0.016276464738787338,,,
2026-09-08,2026-09-22T16:50:23.521819,beta_adjusted_2026-09-22,GEL,0.020030145718020816,0.5343270099367661,0.020287711,0.0003225958435502678,0.016276464738787338,,,
2026-09-08,2026-09-22T16:50:23.521819,beta_adjusted_2026-09-22,GEMI,-0.14969330087619667,0.11788617886178862,3.3386066,-0.002439901850285969,0.016276464738787338,,,
2026-09-08,2026-09-22T16:50:23.521819,beta_adjusted_2026-09-22,GEN,0.040755973402724285,0.6065943992773261,0.85378,0.0006599390470425262,0.016276464738787338,,,
2026-09-08,2026-09-22T16:50:23.521819,beta_adjusted_2026-09-22,GENB,-0.23604413694697488,0.036133694670280034,1.2745918,-0.003845388188756796,0.016276464738787338,,,
2026-09-08,2026-09-22T16:50:23.521819,beta_adjusted_2026-09-22,GEO,0.0828771396418514,0.7330623306233063,0.8945389,0.0013455227240902784,0.016276464738787338,,,
2026-09-08,2026-09-22T16:50:23.521819,beta_adjusted_2026-09-22,GEV,0.029959945820990416,0.5727190605239386,2.0031352,0.00048421788478945937,0.016276464738787338,,,
2026-09-08,2026-09-22T16:50:23.521819,beta_adjusted_2026-09-22,GFF,0.15843282852959317,0.9191508581752484,1.2948952,0.0025753022300863933,0.016276464738787338,,,
2026-09-08,2026-09-22T16:50:23.521819,beta_adjusted_2026-09-22,GGG,0.13879487513050082,0.8834688346883469,0.5420889,0.002255665774044118,0.016276464738787338,,,
2026-09-08,2026-09-22T16:50:23.521819,beta_adjusted_2026-09-22,GH,0.12661016137658607,0.8523035230352304,0.9625599,0.0020573417102763072,0.016276464738787338,,,
2026-09-08,2026-09-22T16:50:23.521819,beta_adjusted_2026-09-22,GHC,0.07287319534349088,0.7064137308039747,0.48462573,0.0011826938774692208,0.016276464738787338,,,
2026-09-08,2026-09-22T16:50:23.521819,beta_adjusted_2026-09-22,GIII,0.1110288369507966,0.8134598012646793,0.7923297,0.0018037328326763395,0.016276464738787338,,,
2026-09-08,2026-09-22T16:50:23.521819,beta_adjusted_2026-09-22,GILD,0.10775052771348438,0.8057813911472448,0.34605265,0.0017503735479723864,0.016276464738787338,,,
2026-09-08,2026-09-22T16:50:23.521819,beta_adjusted_2026-09-22,GIS,0.043153575627222183,0.6133694670280037,-0.29454365,0.0006989635351072044,0.016276464738787338,,,
2026-09-08,2026-09-22T16:50:23.521819,beta_adjusted_2026-09-22,GKOS,0.1788135718053034,0.9480578139114725,0.8107272,0.0029070286793637682,0.016276464738787338,,,
2026-09-08,2026-09-22T16:50:23.521819,beta_adjusted_2026-09-22,GL,0.10448784562610933,0.7940379403794038,0.32214862,0.0016972686180233532,0.016276464738787338,,,
2026-09-08,2026-09-22T16:50:23.521819,beta_adjusted_2026-09-22,GLP,0.11397914023432235,0.8206865401987353,0.08958525,0.0018517533400393747,0.016276464738787338,,,
2026-09-08,2026-09-22T16:50:23.521819,beta_adjusted_2026-09-22,GLPI,-0.029655981376277417,0.37082204155374887,-0.005528444,-0.00048611865210698355,0.016276464738787338,,,
2026-09-08,2026-09-22T16:50:23.521819,beta_adjusted_2026-09-22,GLUE,-0.20109057190739346,0.06142728093947606,0.95255375,-0.0032764677198951395,0.016276464738787338,,,
2026-09-08,2026-09-22T16:50:23.521819,beta_adjusted_2026-09-22,GLW,0.010478757589323907,0.5031616982836495,2.771544,0.00016713301146706062,0.016276464738787338,,,
2026-09-08,2026-09-22T16:50:23.521819,beta_adjusted_2026-09-22,GLXY,-0.1971395448785608,0.06413730803974707,3.8880482,-0.0032121589677783493,0.016276464738787338,,,
2026-09-08,2026-09-22T16:50:23.521819,beta_adjusted_2026-09-22,GM,0.20928587731429024,0.9778681120144534,1.0950172,0.0034030100854903476,0.016276464738787338,,,
2026-09-08,2026-09-22T16:50:23.521819,beta_adjusted_2026-09-22,GME,-0.057841359691506576,0.2990063233965673,0.6920844,-0.0009448769684041922,0.016276464738787338,,,
2026-09-08,2026-09-22T16:50:23.521819,beta_adjusted_2026-09-22,GMED,0.05241420002932534,0.6413730803974707,0.7755817,0.00084969376164719,0.016276464738787338,,,
2026-09-08,2026-09-22T16:50:23.521819,beta_adjusted_2026-09-22,GNL,0.14153977173710908,0.8915989159891599,0.17775524,0.002300342986873194,0.016276464738787338,,,
2026-09-08,2026-09-22T16:50:23.521819,beta_adjusted_2026-09-22,GNRC,0.02587747654780874,0.5551038843721771,1.9913592,0.00041776971761733504,0.016276464738787338,,,
2026-09-08,2026-09-22T16:50:23.521819,beta_adjusted_2026-09-22,GNTX,0.0008237013766817236,0.46657633242999097,0.72600526,9.982829470980486e-06,0.016276464738787338,,,
2026-09-08,2026-09-22T16:50:23.521819,beta_adjusted_2026-09-22,GNW,0.08907079419245034,0.7502258355916892,0.23762406,0.001446333523987332,0.016276464738787338,,,
2026-09-08,2026-09-22T16:50:23.521819,beta_adjusted_2026-09-22,GO,-0.05845138757280665,0.2981029810298103,0.4691888,-0.00095480606570385,0.016276464738787338,,,
2026-09-08,2026-09-22T16:50:23.521819,beta_adjusted_2026-09-22,GOGO,-0.17775761357499442,0.08446251129177959,1.4636561,-0.0028966896463462526,0.016276464738787338,,,
2026-09-08,2026-09-22T16:50:23.521819,beta_adjusted_2026-09-22,GOLF,0.0006206879587237341,0.46612466124661245,0.65274644,6.678488732086573e-06,0.016276464738787338,,,
2026-09-08,2026-09-22T16:50:23.521819,beta_adjusted_2026-09-22,GOOGL,0.11021477874343932,0.8107497741644083,1.3635738,0.0017904828429689682,0.016276464738787338,,,
2026-09-08,2026-09-22T16:50:23.521819,beta_adjusted_2026-09-22,GPC,0.08633550722051653,0.7425474254742548,0.52892274,0.0014018127220381867,0.016276464738787338,,,
2026-09-08,2026-09-22T16:50:23.521819,beta_adjusted_2026-09-22,GPCR,-0.2669414293912778,0.024390243902439025,0.9470526,-0.004348286879750494,0.016276464738787338,,,
2026-09-08,2026-09-22T16:50:23.521819,beta_adjusted_2026-09-22,GPGI,-0.29951357783213345,0.014001806684733513,2.0782957,-0.004878446305314628,0.016276464738787338,,,
2026-09-08,2026-09-22T16:50:23.521819,beta_adjusted_2026-09-22,GPI,-0.026274491142346756,0.3825654923215899,0.45327404,-0.0004310799455498574,0.016276464738787338,,,
2026-09-08,2026-09-22T16:50:23.521819,beta_adjusted_2026-09-22,GPK,-0.12166482985361027,0.16169828364950317,0.94044894,-0.0019836974300047184,0.016276464738787338,,,
2026-09-08,2026-09-22T16:50:23.521819,beta_adjusted_2026-09-22,GPN,-0.064579455276316,0.2836495031616983,1.1101263,-0.0010545493435969214,0.016276464738787338,,,
2026-09-08,2026-09-22T16:50:23.521819,beta_adjusted_2026-09-22,GPOR,0.08954425738329799,0.7533875338753387,-0.12358555,0.0014540398309182774,0.016276464738787338,,,
2026-09-08,2026-09-22T16:50:23.521819,beta_adjusted_2026-09-22,GPRE,-0.07831834250139831,0.24616079494128273,0.5480865,-0.0012781698570661494,0.016276464738787338,,,
2026-09-08,2026-09-22T16:50:23.521819,beta_adjusted_2026-09-22,GPRO,-0.11356209040283227,0.17434507678410116,2.8951128,-0.0018518134770465495,0.016276464738787338,,,
2026-09-08,2026-09-22T16:50:23.521819,beta_adjusted_2026-09-22,GRAL,-0.24187434295954305,0.03342366757000903,2.6300113,-0.003940283331340228,0.016276464738787338,,,
2026-09-08,2026-09-22T16:50:23.521819,beta_adjusted_2026-09-22,GRBK,-0.012365192573167157,0.4218608852755194,0.8335677,-0.00020468573784734046,0.016276464738787338,,,
2026-09-08,2026-09-22T16:50:23.521819,beta_adjusted_2026-09-22,GRC,0.14536627263243368,0.9015356820234869,1.2290783,0.0023626248937688834,0.016276464738787338,,,
2026-09-08,2026-09-22T16:50:23.521819,beta_adjusted_2026-09-22,GRDN,0.10348892560642549,0.7908762420957542,0.7102636,0.0016810097315461004,0.016276464738787338,,,
2026-09-08,2026-09-22T16:50:23.521819,beta_adjusted_2026-09-22,GRMN,0.06923045218156357,0.6973803071364046,0.9766764,0.0011234028968416523,0.016276464738787338,,,
2026-09-08,2026-09-22T16:50:23.521819,beta_adjusted_2026-09-22,GRND,0.1415410929949497,0.8920505871725384,0.5603718,0.002300364492279848,0.016276464738787338,,,
2026-09-08,2026-09-22T16:50:23.521819,beta_adjusted_2026-09-22,GRPN,-0.04957329749677607,0.3188798554652213,2.0242987,-0.0008103021456335604,0.016276464738787338,,,
2026-09-08,2026-09-22T16:50:23.521819,beta_adjusted_2026-09-22,GS,0.044212410593754206,0.6178861788617886,1.5752405,0.0007161976251041579,0.016276464738787338,,,
2026-09-08,2026-09-22T16:50:23.521819,beta_adjusted_2026-09-22,GSAT,0.14132580690755167,0.8902439024390244,1.5661858,0.0022968603958695624,0.016276464738787338,,,
2026-09-08,2026-09-22T16:50:23.521819,beta_adjusted_2026-09-22,GSBD,-0.028339636938849444,0.37624209575429085,0.35946465,-0.0004646932182870883,0.016276464738787338,,,
2026-09-08,2026-09-22T16:50:23.521819,beta_adjusted_2026-09-22,GSHD,0.08690892075184448,0.7443541102077688,-0.39674473,0.0014111458671615896,0.016276464738787338,,,
2026-09-08,2026-09-22T16:50:23.521819,beta_adjusted_2026-09-22,GT,-0.05851673851449913,0.2967479674796748,1.0073196,-0.0009558697480019542,0.016276464738787338,,,
2026-09-08,2026-09-22T16:50:23.521819,beta_adjusted_2026-09-22,GTES,0.04142806729853553,0.6084010840108401,1.6351787,0.0006708783596388522,0.016276464738787338,,,
2026-09-08,2026-09-22T16:50:23.521819,beta_adjusted_2026-09-22,GTLB,0.04869110050004796,0.6323396567299007,0.90199494,0.000789094863439911,0.016276464738787338,,,
2026-09-08,2026-09-22T16:50:23.521819,beta_adjusted_2026-09-22,GTM,-0.07281910741831177,0.2601626016260163,1.0935384,-0.001188661751145989,0.016276464738787338,,,
2026-09-08,2026-09-22T16:50:23.521819,beta_adjusted_2026-09-22,GTN,-0.1702560075925481,0.09349593495934959,1.0727698,-0.002774590021088689,0.016276464738787338,,,
2026-09-08,2026-09-22T16:50:23.521819,beta_adjusted_2026-09-22,GTX,0.22638641019714412,0.987353206865402,1.6287006,0.003681346305972592,0.016276464738787338,,,
2026-09-08,2026-09-22T16:50:23.521819,beta_adjusted_2026-09-22,GTY,-0.030934238886752646,0.36675700090334235,-0.11392212,-0.0005069241654033237,0.016276464738787338,,,
2026-09-08,2026-09-22T16:50:23.521819,beta_adjusted_2026-09-22,GVA,-0.024768785512530915,0.3861788617886179,0.8656009,-0.0004065723809591663,0.016276464738787338,,,
2026-09-08,2026-09-22T16:50:23.521819,beta_adjusted_2026-09-22,GWRE,0.004288455057546922,0.480126467931346,0.6302289,6.637677058616652e-05,0.016276464738787338,,,
2026-09-08,2026-09-22T16:50:23.521819,beta_adjusted_2026-09-22,GWW,0.21532113806113656,0.980126467931346,0.5344107,0.0035012427942257792,0.016276464738787338,,,
2026-09-08,2026-09-22T16:50:23.521819,beta_adjusted_2026-09-22,GXO,-0.06393619416193189,0.2845528455284553,1.5368519,-0.0010440793267508153,0.016276464738787338,,,
2026-09-08,2026-09-22T16:50:23.521819,beta_adjusted_2026-09-22,H,-0.016494840451161473,0.40966576332429994,0.969436,-0.0002719018059171229,0.016276464738787338,,,
2026-09-08,2026-09-22T16:50:23.521819,beta_adjusted_2026-09-22,HAE,0.20118783145552022,0.9706413730803974,0.094427004,0.0032712025276169943,0.016276464738787338,,,
2026-09-08,2026-09-22T16:50:23.521819,beta_adjusted_2026-09-22,HAL,0.1730159428437545,0.9372177055103884,0.20368865,0.002812663776002545,0.016276464738787338,,,
2026-09-08,2026-09-22T16:50:23.521819,beta_adjusted_2026-09-22,HALO,0.2028369681287393,0.9733514001806685,0.56756055,0.003298044642528086,0.016276464738787338,,,
2026-09-08,2026-09-22T16:50:23.521819,beta_adjusted_2026-09-22,HAPN,-0.061679828266300155,0.29132791327913277,2.3113859,-0.001007353666812763,0.016276464738787338,,,
2026-09-08,2026-09-22T16:50:23.521819,beta_adjusted_2026-09-22,HAS,0.14100003846711326,0.8884372177055104,0.7536785,0.002291558037335757,0.016276464738787338,,,
2026-09-08,2026-09-22T16:50:23.521819,beta_adjusted_2026-09-22,HASI,-0.11632743016268418,0.17073170731707318,1.0005156,-0.0018968234321385458,0.016276464738787338,,,
2026-09-08,2026-09-22T16:50:23.521819,beta_adjusted_2026-09-22,HAWK,-0.06278459869526634,0.28771454381210476,,-0.0010253354237442862,0.016276464738787338,,,
2026-09-08,2026-09-22T16:50:23.521819,beta_adjusted_2026-09-22,HAYW,0.04737974947435934,0.6282746160794941,1.0886111,0.0007677507047101175,0.016276464738787338,,,
2026-09-08,2026-09-22T16:50:23.521819,beta_adjusted_2026-09-22,HBAN,-0.0188709689195903,0.4033423667570009,0.79900706,-0.0003105767771483335,0.016276464738787338,,,
2026-09-08,2026-09-22T16:50:23.521819,beta_adjusted_2026-09-22,HCA,0.12153722135088907,0.8378500451671184,0.1882629,0.0019747721808260673,0.016276464738787338,,,
2026-09-08,2026-09-22T16:50:23.521819,beta_adjusted_2026-09-22,HCC,0.03225623456016642,0.5794941282746161,0.44137743,0.000521593347482732,0.016276464738787338,,,
2026-09-08,2026-09-22T16:50:23.521819,beta_adjusted_2026-09-22,HCI,0.1367517571906859,0.8775971093044264,0.18517701,0.0022224110369395366,0.016276464738787338,,,
2026-09-08,2026-09-22T16:50:23.521819,beta_adjusted_2026-09-22,HCSG,0.25230948916677365,0.9941282746160794,0.8408134,0.0041032823867425666,0.016276464738787338,,,
2026-09-08,2026-09-22T16:50:23.521819,beta_adjusted_2026-09-22,HD,-0.03093689483334653,0.3663053297199639,0.70732343,-0.0005069673948244072,0.016276464738787338,,,
2026-09-08,2026-09-22T16:50:23.521819,beta_adjusted_2026-09-22,HE,-0.13957795804705747,0.13008130081300814,0.40262952,-0.0022752598294067394,0.016276464738787338,,,
2026-09-08,2026-09-22T16:50:23.521819,beta_adjusted_2026-09-22,HEI,-0.0762742809287853,0.2506775067750677,1.1811477,-0.0012448997609556035,0.016276464738787338,,,
2026-09-08,2026-09-22T16:50:23.521819,beta_adjusted_2026-09-22,HELE,0.10889894896988571,0.8084914182475158,0.93044406,0.0017690657860574763,0.016276464738787338,,,
2026-09-08,2026-09-22T16:50:23.521819,beta_adjusted_2026-09-22,HESM,0.19910866667813232,0.9688346883468835,-0.1035141,0.003237361075431712,0.016276464738787338,,,
2026-09-08,2026-09-22T16:50:23.521819,beta_adjusted_2026-09-22,HG,0.14137365891764964,0.8906955736224029,0.019256137,0.0022976392574246022,0.016276464738787338,,,
2026-09-08,2026-09-22T16:50:23.521819,beta_adjusted_2026-09-22,HGTY,0.09580326346035539,0.7710027100271003,0.058546163,0.0015559143226313579,0.016276464738787338,,,
2026-09-08,2026-09-22T16:50:23.521819,beta_adjusted_2026-09-22,HGV,0.017132421348246975,0.5230352303523035,1.1296726,0.00027543113502291914,0.016276464738787338,,,
2026-09-08,2026-09-22T16:50:23.521819,beta_adjusted_2026-09-22,HHH,-0.17820791756673493,0.08355916892502259,0.7606733,-0.002904019003389552,0.016276464738787338,,,
2026-09-08,2026-09-22T16:50:23.521819,beta_adjusted_2026-09-22,HIG,0.18160824404041565,0.9516711833785004,-0.07518658,0.0029525160634550408,0.016276464738787338,,,
2026-09-08,2026-09-22T16:50:23.521819,beta_adjusted_2026-09-22,HII,0.03086408346708113,0.5763324299909666,0.8403498,0.000498934049305065,0.016276464738787338,,,
2026-09-08,2026-09-22T16:50:23.521819,beta_adjusted_2026-09-22,HIMS,-0.1272929854801934,0.15176151761517614,2.7763538,-0.002075303906605207,0.016276464738787338,,,
2026-09-08,2026-09-22T16:50:23.521819,beta_adjusted_2026-09-22,HIW,-0.04487828239336218,0.32926829268292684,0.5235715,-0.0007338838978547703,0.016276464738787338,,,
2026-09-08,2026-09-22T16:50:23.521819,beta_adjusted_2026-09-22,HL,0.05701662084664366,0.6553748870822041,2.491248,0.0009246049017933324,0.016276464738787338,,,
2026-09-08,2026-09-22T16:50:23.521819,beta_adjusted_2026-09-22,HLF,-0.026690003767025433,0.3821138211382114,1.1659323,-0.00043784302213396083,0.016276464738787338,,,
2026-09-08,2026-09-22T16:50:23.521819,beta_adjusted_2026-09-22,HLI,0.07425359218422159,0.7104787714543812,0.7172775,0.0012051618579729077,0.016276464738787338,,,
2026-09-08,2026-09-22T16:50:23.521819,beta_adjusted_2026-09-22,HLIO,0.10794954973943628,0.8062330623306233,1.4909002,0.0017536129229600345,0.016276464738787338,,,
2026-09-08,2026-09-22T16:50:23.521819,beta_adjusted_2026-09-22,HLIT,0.12180379394807385,0.8383017163504969,1.9063469,0.0019791110403044724,0.016276464738787338,,,
2026-09-08,2026-09-22T16:50:23.521819,beta_adjusted_2026-09-22,HLMN,0.018064395504430654,0.528003613369467,1.2203327,0.00029060037951350386,0.016276464738787338,,,
2026-09-08,2026-09-22T16:50:23.521819,beta_adjusted_2026-09-22,HLNE,-0.017350398454153655,0.4074074074074074,1.1647198,-0.0002858272655848125,0.016276464738787338,,,
2026-09-08,2026-09-22T16:50:23.521819,beta_adjusted_2026-09-22,HLT,0.21143042416899582,0.979223125564589,0.6208375,0.0034379157267516404,0.016276464738787338,,,
2026-09-08,2026-09-22T16:50:23.521819,beta_adjusted_2026-09-22,HMN,0.01083625254217585,0.5040650406504065,-0.0785262,0.0001729517654614497,0.016276464738787338,,,
2026-09-08,2026-09-22T16:50:23.521819,beta_adjusted_2026-09-22,HNGE,0.17577474821130284,0.9408310749774165,1.0840917,0.002857567374288623,0.016276464738787338,,,
2026-09-08,2026-09-22T16:50:23.521819,beta_adjusted_2026-09-22,HNI,-0.05106137755842631,0.3148148148148148,0.94338715,-0.0008345228282855031,0.016276464738787338,,,
2026-09-08,2026-09-22T16:50:23.521819,beta_adjusted_2026-09-22,HNST,0.2115762831589439,0.9796747967479674,1.1179377,0.003440289795458365,0.016276464738787338,,,
2026-09-08,2026-09-22T16:50:23.521819,beta_adjusted_2026-09-22,HOG,-0.013121634526284343,0.4196025293586269,0.78091735,-0.00021699793862419177,0.016276464738787338,,,
2026-09-08,2026-09-22T16:50:23.521819,beta_adjusted_2026-09-22,HOMB,-0.04915744956333344,0.31978319783197834,0.40260693,-0.000803533611408184,0.016276464738787338,,,
2026-09-08,2026-09-22T16:50:23.521819,beta_adjusted_2026-09-22,HON,-0.084450574691498,0.23125564588979222,0.36111227,-0.0013779809180783636,0.016276464738787338,,,
2026-09-08,2026-09-22T16:50:23.521819,beta_adjusted_2026-09-22,HONA,0.3128520100802188,0.999096657633243,,0.005088700593587551,0.016276464738787338,,,
2026-09-08,2026-09-22T16:50:23.521819,beta_adjusted_2026-09-22,HOOD,-0.0934510829735446,0.21318879855465223,3.1585958,-0.0015244773737622585,0.016276464738787338,,,
2026-09-08,2026-09-22T16:50:23.521819,beta_adjusted_2026-09-22,HOPE,0.004580161333259017,0.48148148148148145,0.71992606,7.112471749687741e-05,0.016276464738787338,,,
2026-09-08,2026-09-22T16:50:23.521819,beta_adjusted_2026-09-22,HOS,0.06068647723324948,0.6684733514001807,0.5365299,0.0009843371898663356,0.016276464738787338,,,
2026-09-08,2026-09-22T16:50:23.521819,beta_adjusted_2026-09-22,HOV,-0.13183594201083965,0.14137308039747065,1.5478266,-0.002149247178386114,0.016276464738787338,,,
2026-09-08,2026-09-22T16:50:23.521819,beta_adjusted_2026-09-22,HP,0.031249155183989893,0.5772357723577236,0.34565532,0.0005052016555272349,0.016276464738787338,,,
2026-09-08,2026-09-22T16:50:23.521819,beta_adjusted_2026-09-22,HPE,-0.01024545306480102,0.4281842818428184,1.9845033,-0.00017018387248400466,0.016276464738787338,,,
2026-09-08,2026-09-22T16:50:23.521819,beta_adjusted_2026-09-22,HPK,-0.023658845180501056,0.3879855465221319,-0.42765304,-0.00038850647628272436,0.016276464738787338,,,
2026-09-08,2026-09-22T16:50:23.521819,beta_adjusted_2026-09-22,HPP,-0.18743977326012096,0.07542908762420958,1.1485271,-0.003054280977056523,0.016276464738787338,,,
2026-09-08,2026-09-22T16:50:23.521819,beta_adjusted_2026-09-22,HPQ,-0.02100126477390974,0.3961156278229449,0.75837135,-0.0003452504625043487,0.016276464738787338,,,
2026-09-08,2026-09-22T16:50:23.521819,beta_adjusted_2026-09-22,HQY,0.03370785297567367,0.5822041553748871,0.5663646,0.0005452205634369101,0.016276464738787338,,,
2026-09-08,2026-09-22T16:50:23.521819,beta_adjusted_2026-09-22,HR,0.11933708357803856,0.8333333333333334,0.116474725,0.001938961715945792,0.016276464738787338,,,
2026-09-08,2026-09-22T16:50:23.521819,beta_adjusted_2026-09-22,HRB,0.016603936062612873,0.521680216802168,-0.24819513,0.00026682926290632773,0.016276464738787338,,,
2026-09-08,2026-09-22T16:50:23.521819,beta_adjusted_2026-09-22,HRI,0.009214028071934471,0.4968383017163505,1.7251134,0.0001465476860731679,0.016276464738787338,,,
2026-09-08,2026-09-22T16:50:23.521819,beta_adjusted_2026-09-22,HRL,-0.11582096947272524,0.17299006323396568,-0.10376772,-0.0018885800425768472,0.016276464738787338,,,
2026-09-08,2026-09-22T16:50:23.521819,beta_adjusted_2026-09-22,HRMY,0.12457569437340865,0.8468834688346883,0.51936346,0.002024227779836864,0.016276464738787338,,,
2026-09-08,2026-09-22T16:50:23.521819,beta_adjusted_2026-09-22,HROW,-0.0705346238922284,0.26558265582655827,1.4683176,-0.0011514784355873527,0.016276464738787338,,,
2026-09-08,2026-09-22T16:50:23.521819,beta_adjusted_2026-09-22,HSIC,0.20071171146438338,0.9701897018970189,0.51003766,0.003263452977369824,0.016276464738787338,,,
2026-09-08,2026-09-22T16:50:23.521819,beta_adjusted_2026-09-22,HST,0.0582207321622918,0.6616982836495031,0.6675698,0.0009442035771640542,0.016276464738787338,,,
2026-09-08,2026-09-22T16:50:23.521819,beta_adjusted_2026-09-22,HSY,0.05543783014060292,0.6513098464317977,-0.12580591,0.0008989077705365351,0.016276464738787338,,,
2026-09-08,2026-09-22T16:50:23.521819,beta_adjusted_2026-09-22,HTFL,-0.021748216661792136,0.3925022583559169,1.5432596,-0.00035740819856903717,0.016276464738787338,,,
2026-09-08,2026-09-22T16:50:23.521819,beta_adjusted_2026-09-22,HTGC,-0.06209826156633751,0.2895212285456188,0.6723016,-0.0010141642816663557,0.016276464738787338,,,
2026-09-08,2026-09-22T16:50:23.521819,beta_adjusted_2026-09-22,HTH,0.07806975962435117,0.7226738934056007,0.4380147,0.0012672755727494852,0.016276464738787338,,,
2026-09-08,2026-09-22T16:50:23.521819,beta_adjusted_2026-09-22,HTLD,0.09620974466440449,0.7719060523938572,1.0483955,0.0015625303996160429,0.016276464738787338,,,
2026-09-08,2026-09-22T16:50:23.521819,beta_adjusted_2026-09-22,HTO,0.010391135886223035,0.502710027100271,-0.2821496,0.00016570683990618676,0.016276464738787338,,,
2026-09-08,2026-09-22T16:50:23.521819,beta_adjusted_2026-09-22,HTZ,-0.16904512347261952,0.0966576332429991,1.1035209,-0.0027548811084079135,0.016276464738787338,,,
2026-09-08,2026-09-22T16:50:23.521819,beta_adjusted_2026-09-22,HUBB,0.013645129044339038,0.514453477868112,1.2050203,0.00021867034480451715,0.016276464738787338,,,
2026-09-08,2026-09-22T16:50:23.521819,beta_adjusted_2026-09-22,HUBG,0.1050235166618459,0.7953929539295393,0.90354717,0.0017059874487481092,0.016276464738787338,,,
2026-09-08,2026-09-22T16:50:23.521819,beta_adjusted_2026-09-22,HUBS,0.05468628957833825,0.6495031616982837,0.62872225,0.0008866753470750658,0.016276464738787338,,,
2026-09-08,2026-09-22T16:50:23.521819,beta_adjusted_2026-09-22,HUM,0.11605702485249036,0.8252032520325203,0.5295555,0.001885573955758255,0.016276464738787338,,,
2026-09-08,2026-09-22T16:50:23.521819,beta_adjusted_2026-09-22,HUN,-0.15903840618274054,0.10569105691056911,1.2782595,-0.0025920071272881847,0.016276464738787338,,,
2026-09-08,2026-09-22T16:50:23.521819,beta_adjusted_2026-09-22,HURN,0.11120955345034492,0.8148148148148148,-0.47790113,0.0018066742584089547,0.016276464738787338,,,
2026-09-08,2026-09-22T16:50:23.521819,beta_adjusted_2026-09-22,HUT,-0.1179007302872669,0.16757000903342367,4.427831,-0.0019224311961398462,0.016276464738787338,,,
2026-09-08,2026-09-22T16:50:23.521819,beta_adjusted_2026-09-22,HWC,0.027859980005274232,0.5682023486901535,0.68778545,0.0004500378652372961,0.016276464738787338,,,
2026-09-08,2026-09-22T16:50:23.521819,beta_adjusted_2026-09-22,HWKN,-0.0468458824238928,0.3252032520325203,0.7087038,-0.0007659094703717389,0.016276464738787338,,,
2026-09-08,2026-09-22T16:50:23.521819,beta_adjusted_2026-09-22,HWM,0.09383379548312826,0.7646793134598012,1.1188629,0.0015238583465458496,0.016276464738787338,,,
2026-09-08,2026-09-22T16:50:23.521819,beta_adjusted_2026-09-22,HXL,0.1494649530857447,0.9074074074074074,0.97100806,0.002429336921642757,0.016276464738787338,,,
2026-09-08,2026-09-22T16:50:23.521819,beta_adjusted_2026-09-22,HYLN,-0.16449565567782376,0.0998193315266486,2.877501,-0.002680831856265672,0.016276464738787338,,,
2026-09-08,2026-09-22T16:50:23.521819,beta_adjusted_2026-09-22,HYMC,-0.22965639241051614,0.04065040650406504,2.962787,-0.003741418290048744,0.016276464738787338,,,
2026-09-08,2026-09-22T16:50:23.521819,beta_adjusted_2026-09-22,IART,0.02064106107096942,0.5411020776874436,1.9847386,0.00033253938575091957,0.016276464738787338,,,
2026-09-08,2026-09-22T16:50:23.521819,beta_adjusted_2026-09-22,IBKR,0.05936415572748846,0.6639566395663956,1.980087,0.0009628144705044761,0.016276464738787338,,,
2026-09-08,2026-09-22T16:50:23.521819,beta_adjusted_2026-09-22,IBM,-0.05491965182871063,0.3080397470641373,0.8851699,-0.0008973218933983562,0.016276464738787338,,,
2026-09-08,2026-09-22T16:50:23.521819,beta_adjusted_2026-09-22,IBOC,-0.034574320706155744,0.3581752484191509,0.4074565,-0.0005661718287831391,0.016276464738787338,,,
2026-09-08,2026-09-22T16:50:23.521819,beta_adjusted_2026-09-22,IBP,0.0025603635280968817,0.4751580849141825,1.2830253,3.8249549741675866e-05,0.016276464738787338,,,
2026-09-08,2026-09-22T16:50:23.521819,beta_adjusted_2026-09-22,IBRX,-0.08857282560467689,0.2204155374887082,1.6019545,-0.0014450765897111536,0.016276464738787338,,,
2026-09-08,2026-09-22T16:50:23.521819,beta_adjusted_2026-09-22,IBTA,0.11491894267073637,0.8224932249322493,1.2742151,0.001867050001257094,0.016276464738787338,,,
2026-09-08,2026-09-22T16:50:23.521819,beta_adjusted_2026-09-22,ICE,0.05242755049307602,0.6418247515808492,0.25957754,0.0008499110599996744,0.016276464738787338,,,
2026-09-08,2026-09-22T16:50:23.521819,beta_adjusted_2026-09-22,ICFI,0.09696611875167631,0.7741644083107497,0.32386464,0.0015748414957768551,0.016276464738787338,,,
2026-09-08,2026-09-22T16:50:23.521819,beta_adjusted_2026-09-22,ICHR,-0.03953294337150789,0.34417344173441733,3.913474,-0.0006468806757486949,0.016276464738787338,,,
2026-09-08,2026-09-22T16:50:23.521819,beta_adjusted_2026-09-22,ICUI,0.02766290909978939,0.5668473351400181,1.1034486,0.0004468302475931312,0.016276464738787338,,,
2026-09-08,2026-09-22T16:50:23.521819,beta_adjusted_2026-09-22,IDA,-0.04188153394672502,0.3369467028003613,0.018498473,-0.0006851074274320649,0.016276464738787338,,,
2026-09-08,2026-09-22T16:50:23.521819,beta_adjusted_2026-09-22,IDCC,0.01939965972900439,0.532520325203252,1.4249364,0.00031233376058174253,0.016276464738787338,,,
2026-09-08,2026-09-22T16:50:23.521819,beta_adjusted_2026-09-22,IDXX,0.09460612104585037,0.7669376693766937,0.90784675,0.00153642907633436,0.016276464738787338,,,
2026-09-08,2026-09-22T16:50:23.521819,beta_adjusted_2026-09-22,IDYA,-0.059310016765664685,0.2940379403794038,1.0017506,-0.0009687815134850973,0.016276464738787338,,,
2026-09-08,2026-09-22T16:50:23.521819,beta_adjusted_2026-09-22,IE,-0.2101924237128382,0.052845528455284556,3.0998702,-0.0034246136898641285,0.016276464738787338,,,
2026-09-08,2026-09-22T16:50:23.521819,beta_adjusted_2026-09-22,IEP,-0.1833717215588446,0.07859078590785908,0.4317465,-0.002988067476985134,0.016276464738787338,,,
2026-09-08,2026-09-22T16:50:23.521819,beta_adjusted_2026-09-22,IESC,-0.05923829755735713,0.2944896115627823,2.887326,-0.0009676141783199855,0.016276464738787338,,,
2026-09-08,2026-09-22T16:50:23.521819,beta_adjusted_2026-09-22,IEX,0.21122630939232628,0.9787714543812105,0.6877985,0.0034345934597865132,0.016276464738787338,,,
2026-09-08,2026-09-22T16:50:23.521819,beta_adjusted_2026-09-22,IFF,0.066941927880892,0.6901535682023487,0.7439577,0.0010861538117579136,0.016276464738787338,,,
2026-09-08,2026-09-22T16:50:23.521819,beta_adjusted_2026-09-22,IHRT,-0.07470137496770872,0.25609756097560976,1.7231263,-0.0012192984125427122,0.016276464738787338,,,
2026-09-08,2026-09-22T16:50:23.521819,beta_adjusted_2026-09-22,IIPR,-0.016078581983953615,0.4101174345076784,0.68505263,-0.00026512658965339254,0.016276464738787338,,,
2026-09-08,2026-09-22T16:50:23.521819,beta_adjusted_2026-09-22,ILMN,0.15006162849644702,0.9083107497741644,0.8510335,0.0024390486879255547,0.016276464738787338,,,
2026-09-08,2026-09-22T16:50:23.521819,beta_adjusted_2026-09-22,IMAX,0.15309632215273788,0.9119241192411924,0.17087083,0.0024884427722151946,0.016276464738787338,,,
2026-09-08,2026-09-22T16:50:23.521819,beta_adjusted_2026-09-22,IMCR,-0.09194047916157891,0.2163504968383017,0.6214943,-0.0014998900840825211,0.016276464738787338,,,
2026-09-08,2026-09-22T16:50:23.521819,beta_adjusted_2026-09-22,IMNM,-0.1318135657143184,0.14182475158084915,1.6945834,-0.0021488829713848016,0.016276464738787338,,,
2026-09-08,2026-09-22T16:50:23.521819,beta_adjusted_2026-09-22,IMSR,-0.3592158015481365,0.004516711833785004,4.0686936,-0.005850187444455344,0.016276464738787338,,,
2026-09-08,2026-09-22T16:50:23.521819,beta_adjusted_2026-09-22,IMVT,-0.08077542318591807,0.23983739837398374,1.3523921,-0.0013181624441880907,0.016276464738787338,,,
2026-09-08,2026-09-22T16:50:23.521819,beta_adjusted_2026-09-22,INBX,-0.14753918076614642,0.12104787714543812,2.5286088,-0.0024048403902716233,0.016276464738787338,,,
2026-09-08,2026-09-22T16:50:23.521819,beta_adjusted_2026-09-22,INCY,0.08809320162136061,0.7466124661246613,0.4727277,0.0014304217729750894,0.016276464738787338,,,
2026-09-08,2026-09-22T16:50:23.521819,beta_adjusted_2026-09-22,INDB,0.023486339972317506,0.5465221318879856,0.6329684,0.00037885046746072727,0.016276464738787338,,,
2026-09-08,2026-09-22T16:50:23.521819,beta_adjusted_2026-09-22,INDI,-0.23186098664476046,0.03839205058717254,2.776733,-0.0037773012903657556,0.016276464738787338,,,
2026-09-08,2026-09-22T16:50:23.521819,beta_adjusted_2026-09-22,INFQ,-0.13890248908193176,0.13188798554652212,3.8666556,-0.0022642655826137256,0.016276464738787338,,,
2026-09-08,2026-09-22T16:50:23.521819,beta_adjusted_2026-09-22,INGM,0.0737206005306957,0.7091237579042458,1.2307222,0.0011964866381182257,0.016276464738787338,,,
2026-09-08,2026-09-22T16:50:23.521819,beta_adjusted_2026-09-22,INGR,-0.030739768300646737,0.3676603432700994,0.08309447,-0.0005037588717658395,0.016276464738787338,,,
2026-09-08,2026-09-22T16:50:23.521819,beta_adjusted_2026-09-22,INNV,0.18871525004032702,0.9588979223125564,0.92661655,0.003068192996010948,0.016276464738787338,,,
2026-09-08,2026-09-22T16:50:23.521819,beta_adjusted_2026-09-22,INOD,-0.05723776046799927,0.3017163504968383,3.4493043,-0.0009350525069264161,0.016276464738787338,,,
2026-09-08,2026-09-22T16:50:23.521819,beta_adjusted_2026-09-22,INSM,-0.021870108147017522,0.3920505871725384,0.52736396,-0.0003593921610302666,0.016276464738787338,,,
2026-09-08,2026-09-22T16:50:23.521819,beta_adjusted_2026-09-22,INSP,-0.09906874765226523,0.2009936766034327,1.0985254,-0.0016159130948197858,0.016276464738787338,,,
2026-09-08,2026-09-22T16:50:23.521819,beta_adjusted_2026-09-22,INSW,0.04185882262558249,0.6088527551942186,0.31707576,0.0006778895335305769,0.016276464738787338,,,
2026-09-08,2026-09-22T16:50:23.521819,beta_adjusted_2026-09-22,INTA,0.11465660580447287,0.8220415537488708,0.4534815,0.0018627800845036722,0.016276464738787338,,,
2026-09-08,2026-09-22T16:50:23.521819,beta_adjusted_2026-09-22,INTC,-0.04026088557693897,0.34010840108401086,2.830958,-0.000658729001387269,0.016276464738787338,,,
2026-09-08,2026-09-22T16:50:23.521819,beta_adjusted_2026-09-22,INTU,0.061808998178436145,0.6707317073170732,0.28742355,0.0010026078624492166,0.016276464738787338,,,
2026-09-08,2026-09-22T16:50:23.521819,beta_adjusted_2026-09-22,INVA,-0.11730031114846376,0.16937669376693767,-0.05139375,-0.0019126584951986237,0.016276464738787338,,,
2026-09-08,2026-09-22T16:50:23.521819,beta_adjusted_2026-09-22,INVH,0.12364722453076057,0.8428184281842819,0.09799922,0.002009115573181975,0.016276464738787338,,,
2026-09-08,2026-09-22T16:50:23.521819,beta_adjusted_2026-09-22,INVX,0.15364079210813547,0.9137308039747064,0.8153924,0.0024973048182455526,0.016276464738787338,,,
2026-09-08,2026-09-22T16:50:23.521819,beta_adjusted_2026-09-22,IOND,0.25963010259190294,0.9959349593495935,,0.004222436093022977,0.016276464738787338,,,
2026-09-08,2026-09-22T16:50:23.521819,beta_adjusted_2026-09-22,IONQ,-0.17969185971324902,0.08130081300813008,3.5658233,-0.002928172335411689,0.016276464738787338,,,
2026-09-08,2026-09-22T16:50:23.521819,beta_adjusted_2026-09-22,IONS,-0.1253634495814726,0.15537488708220415,0.36224896,-0.0020438978835874535,0.016276464738787338,,,
2026-09-08,2026-09-22T16:50:23.521819,beta_adjusted_2026-09-22,IOSP,0.14483402788169947,0.8997289972899729,0.526653,0.0023539618308511534,0.016276464738787338,,,
2026-09-08,2026-09-22T16:50:23.521819,beta_adjusted_2026-09-22,IOT,0.06099041187298349,0.6689250225835591,1.0105559,0.0009892841713128623,0.016276464738787338,,,
2026-09-08,2026-09-22T16:50:23.521819,beta_adjusted_2026-09-22,IOVA,-0.022138649112766945,0.3911472448057814,1.3179579,-0.0003637630585902069,0.016276464738787338,,,
2026-09-08,2026-09-22T16:50:23.521819,beta_adjusted_2026-09-22,IP,-0.08704176437022063,0.22538392050587172,1.1836555,-0.0014201563255156022,0.016276464738787338,,,
2026-09-08,2026-09-22T16:50:23.521819,beta_adjusted_2026-09-22,IPAR,0.04571229552961484,0.6237579042457091,0.35742417,0.0007406104493749317,0.016276464738787338,,,
2026-09-08,2026-09-22T16:50:23.521819,beta_adjusted_2026-09-22,IPGP,-0.17679373901792694,0.08491418247515808,2.0694618,-0.0028810011761055293,0.016276464738787338,,,
2026-09-08,2026-09-22T16:50:23.521819,beta_adjusted_2026-09-22,IPI,0.03759749990247701,0.5971093044263776,0.22314757,0.0006085302644873573,0.016276464738787338,,,
2026-09-08,2026-09-22T16:50:23.521819,beta_adjusted_2026-09-22,IQV,0.1590914995849854,0.9200542005420054,0.81700224,0.002586023066293945,0.016276464738787338,,,
2026-09-08,2026-09-22T16:50:23.521819,beta_adjusted_2026-09-22,IR,0.06328541897487469,0.6743450767841012,1.215129,0.001026638773482061,0.016276464738787338,,,
2026-09-08,2026-09-22T16:50:23.521819,beta_adjusted_2026-09-22,IRDM,0.1737899080614666,0.9390243902439024,1.3691839,0.002825261193577684,0.016276464738787338,,,
2026-09-08,2026-09-22T16:50:23.521819,beta_adjusted_2026-09-22,IRM,0.06304609554953,0.6734417344173442,1.0962412,0.0010227434341882724,0.016276464738787338,,,
2026-09-08,2026-09-22T16:50:23.521819,beta_adjusted_2026-09-22,IRON,-0.1494221938512896,0.11878952122854562,0.8525524,-0.0024354891863546317,0.016276464738787338,,,
2026-09-08,2026-09-22T16:50:23.521819,beta_adjusted_2026-09-22,IRT,0.023788206319731366,0.547877145438121,0.17694339,0.0003837637844202355,0.016276464738787338,,,
2026-09-08,2026-09-22T16:50:23.521819,beta_adjusted_2026-09-22,IRTC,0.012548660397900438,0.509936766034327,0.60526925,0.0002008237115435734,0.016276464738787338,,,
2026-09-08,2026-09-22T16:50:23.521819,beta_adjusted_2026-09-22,IRWD,0.03465854083130102,0.5844625112917796,1.9920281,0.0005606944007966221,0.016276464738787338,,,
2026-09-08,2026-09-22T16:50:23.521819,beta_adjusted_2026-09-22,ISRG,0.021072857848103102,0.5420054200542005,0.9480135,0.00033956751076825797,0.016276464738787338,,,
2026-09-08,2026-09-22T16:50:23.521819,beta_adjusted_2026-09-22,IT,0.03352588078808033,0.5817524841915086,0.47781122,0.0005422586995421072,0.016276464738787338,,,
2026-09-08,2026-09-22T16:50:23.521819,beta_adjusted_2026-09-22,ITGR,0.17378018674374415,0.938572719060524,0.63465977,0.0028251029648925603,0.016276464738787338,,,
2026-09-08,2026-09-22T16:50:23.521819,beta_adjusted_2026-09-22,ITRI,-0.0802088835211267,0.24119241192411925,1.4845451,-0.0013089411813109898,0.016276464738787338,,,
2026-09-08,2026-09-22T16:50:23.521819,beta_adjusted_2026-09-22,ITT,-0.0179544842546496,0.4046973803071364,1.2162117,-0.00029565964681578684,0.016276464738787338,,,
2026-09-08,2026-09-22T16:50:23.521819,beta_adjusted_2026-09-22,ITW,0.10571546941871632,0.8003613369467028,0.49555412,0.0017172499933962172,0.016276464738787338,,,
2026-09-08,2026-09-22T16:50:23.521819,beta_adjusted_2026-09-22,IVR,-0.1317022866759337,0.14272809394760613,0.65043813,-0.0021470717420403666,0.016276464738787338,,,
2026-09-08,2026-09-22T16:50:23.521819,beta_adjusted_2026-09-22,IVT,0.0036307310982024027,0.477416440831075,-0.04153167,5.567134975403986e-05,0.016276464738787338,,,
2026-09-08,2026-09-22T16:50:23.521819,beta_adjusted_2026-09-22,IVVD,-0.35033057059736944,0.005871725383920506,1.8010353,-0.0057055672961892024,0.016276464738787338,,,
2026-09-08,2026-09-22T16:50:23.521819,beta_adjusted_2026-09-22,IVZ,0.21674365732516948,0.9814814814814815,1.7307585,0.0035243963788670566,0.016276464738787338,,,
2026-09-08,2026-09-22T16:50:23.521819,beta_adjusted_2026-09-22,J,0.027762052578957017,0.5677506775067751,0.88586605,0.00044844395293588377,0.016276464738787338,,,
2026-09-08,2026-09-22T16:50:23.521819,beta_adjusted_2026-09-22,JACK,-0.1618644968211695,0.1020776874435411,1.3531966,-0.0026380058919131906,0.016276464738787338,,,
2026-09-08,2026-09-22T16:50:23.521819,beta_adjusted_2026-09-22,JAN,0.10240773113243382,0.7877145438121048,,0.0016634117078144033,0.016276464738787338,,,
2026-09-08,2026-09-22T16:50:23.521819,beta_adjusted_2026-09-22,JANX,-0.2604732951465946,0.02710027100271003,1.0641127,-0.004243008520791165,0.016276464738787338,,,
2026-09-08,2026-09-22T16:50:23.521819,beta_adjusted_2026-09-22,JAZZ,0.16422939859497265,0.9281842818428184,0.5251868,0.002669649898361453,0.016276464738787338,,,
2026-09-08,2026-09-22T16:50:23.521819,beta_adjusted_2026-09-22,JBGS,-0.10862943692521704,0.1856368563685637,0.25043082,-0.0017715273166494885,0.016276464738787338,,,
2026-09-08,2026-09-22T16:50:23.521819,beta_adjusted_2026-09-22,JBHT,0.30765594403613905,0.9986449864498645,0.7215115,0.0050041270078406775,0.016276464738787338,,,
2026-09-08,2026-09-22T16:50:23.521819,beta_adjusted_2026-09-22,JBI,-0.01594141905156403,0.4105691056910569,1.7631023,-0.0002628940620208848,0.016276464738787338,,,
2026-09-08,2026-09-22T16:50:23.521819,beta_adjusted_2026-09-22,JBL,0.11908453176873078,0.8324299909665763,2.1095855,0.001934851065326877,0.016276464738787338,,,
2026-09-08,2026-09-22T16:50:23.521819,beta_adjusted_2026-09-22,JBLU,-0.017918561511289503,0.4051490514905149,2.0979755,-0.00029507495155016574,0.016276464738787338,,,
2026-09-08,2026-09-22T16:50:23.521819,beta_adjusted_2026-09-22,JBTM,-0.03900612742707611,0.3464317976513098,1.0520246,-0.0006383059746053202,0.016276464738787338,,,
2026-09-08,2026-09-22T16:50:23.521819,beta_adjusted_2026-09-22,JCI,0.0973183576513601,0.7746160794941283,1.0371834,0.0015805746998071874,0.016276464738787338,,,
2026-09-08,2026-09-22T16:50:23.521819,beta_adjusted_2026-09-22,JEF,-0.07490164512641337,0.25474254742547425,1.7301815,-0.0012225581027190996,0.016276464738787338,,,
2026-09-08,2026-09-22T16:50:23.521819,beta_adjusted_2026-09-22,JELD,-0.15042416887669835,0.11653116531165311,2.9392602,-0.0024517977975248425,0.016276464738787338,,,
2026-09-08,2026-09-22T16:50:23.521819,beta_adjusted_2026-09-22,JJSF,0.03046866046642062,0.5745257452574526,-0.32812223,0.0004924979607779088,0.016276464738787338,,,
2026-09-08,2026-09-22T16:50:23.521819,beta_adjusted_2026-09-22,JKHY,0.05225751987302905,0.6400180668473351,-0.04316489,0.0008471435626079657,0.016276464738787338,,,
2026-09-08,2026-09-22T16:50:23.521819,beta_adjusted_2026-09-22,JLL,0.15308406836911184,0.9114724480578139,0.9496176,0.002488243323938089,0.016276464738787338,,,
2026-09-08,2026-09-22T16:50:23.521819,beta_adjusted_2026-09-22,JMKE,0.44096731612904017,1.0,,0.007173964854990141,0.016276464738787338,,,
2026-09-08,2026-09-22T16:50:23.521819,beta_adjusted_2026-09-22,JNJ,0.184131044687825,0.9543812104787714,-0.18702742,0.002993578339235589,0.016276464738787338,,,
2026-09-08,2026-09-22T16:50:23.521819,beta_adjusted_2026-09-22,JOBY,-0.18604929375430204,0.07768744354110207,3.0996292,-0.003031648886410055,0.016276464738787338,,,
2026-09-08,2026-09-22T16:50:23.521819,beta_adjusted_2026-09-22,JOE,0.12617191970084968,0.8518518518518519,0.49155447,0.002050208685094117,0.016276464738787338,,,
2026-09-08,2026-09-22T16:50:23.521819,beta_adjusted_2026-09-22,JPM,0.061469602592777006,0.6698283649503162,0.784456,0.0009970837021667355,0.016276464738787338,,,
2026-09-08,2026-09-22T16:50:23.521819,beta_adjusted_2026-09-22,JXN,0.04410198763453252,0.6174345076784101,1.080509,0.0007144003297020336,0.016276464738787338,,,
2026-09-08,2026-09-22T16:50:23.521819,beta_adjusted_2026-09-22,KAI,-0.0355507728804074,0.35501355013550134,1.45328,-0.0005820650181664583,0.016276464738787338,,,
2026-09-08,2026-09-22T16:50:23.521819,beta_adjusted_2026-09-22,KALU,0.020063959867643893,0.5347786811201445,1.7837484,0.0003231462183642799,0.016276464738787338,,,
2026-09-08,2026-09-22T16:50:23.521819,beta_adjusted_2026-09-22,KARD,-0.06862112586489612,0.27100271002710025,,-0.0011203334524177394,0.016276464738787338,,,
2026-09-08,2026-09-22T16:50:23.521819,beta_adjusted_2026-09-22,KBH,-0.057145173454285964,0.3021680216802168,0.8599401,-0.0009335455176624419,0.016276464738787338,,,
2026-09-08,2026-09-22T16:50:23.521819,beta_adjusted_2026-09-22,KBR,-0.057818868062886566,0.2994579945799458,0.6920708,-0.0009445108842040407,0.016276464738787338,,,
2026-09-08,2026-09-22T16:50:23.521819,beta_adjusted_2026-09-22,KD,-0.07624970219053703,0.25112917795844625,0.8181284,-0.0012444997059891817,0.016276464738787338,,,
2026-09-08,2026-09-22T16:50:23.521819,beta_adjusted_2026-09-22,KDK,-0.27567391901959437,0.022131887985546522,1.679744,-0.004490420939267614,0.016276464738787338,,,
2026-09-08,2026-09-22T16:50:23.521819,beta_adjusted_2026-09-22,KDP,0.03630870931722603,0.5916892502258356,0.049940936,0.0005875533099708386,0.016276464738787338,,,
2026-09-08,2026-09-22T16:50:23.521819,beta_adjusted_2026-09-22,KEX,0.14353274970889598,0.8965672990063234,0.60917103,0.0023327816225561637,0.016276464738787338,,,
2026-09-08,2026-09-22T16:50:23.521819,beta_adjusted_2026-09-22,KEY,0.06530812377665549,0.6847335140018067,0.8090058,0.001059561256865222,0.016276464738787338,,,
2026-09-08,2026-09-22T16:50:23.521819,beta_adjusted_2026-09-22,KEYS,0.07677193412359651,0.7186088527551943,1.8430636,0.0012461515617493528,0.016276464738787338,,,
2026-09-08,2026-09-22T16:50:23.521819,beta_adjusted_2026-09-22,KFY,0.16821933906651027,0.9322493224932249,0.2924518,0.002734592023756295,0.016276464738787338,,,
2026-09-08,2026-09-22T16:50:23.521819,beta_adjusted_2026-09-22,KGS,-0.015744342188277118,0.41192411924119243,0.6908873,-0.00025968634740476454,0.016276464738787338,,,
2026-09-08,2026-09-22T16:50:23.521819,beta_adjusted_2026-09-22,KHC,0.0636516456862746,0.6761517615176151,-0.047234315,0.0010325996496365637,0.016276464738787338,,,
2026-09-08,2026-09-22T16:50:23.521819,beta_adjusted_2026-09-22,KIM,0.039040402672312915,0.6020776874435411,0.12284867,0.0006320156205420899,0.016276464738787338,,,
2026-09-08,2026-09-22T16:50:23.521819,beta_adjusted_2026-09-22,KKR,-0.1569510916557297,0.10840108401084012,1.494118,-0.0025580330259905343,0.016276464738787338,,,
2026-09-08,2026-09-22T16:50:23.521819,beta_adjusted_2026-09-22,KLAC,0.03626144011663064,0.5907859078590786,2.7975414,0.0005867839344941171,0.016276464738787338,,,
2026-09-08,2026-09-22T16:50:23.521819,beta_adjusted_2026-09-22,KLC,-0.1701194827579878,0.0939476061427281,1.8338721,-0.002772367879432999,0.016276464738787338,,,
2026-09-08,2026-09-22T16:50:23.521819,beta_adjusted_2026-09-22,KLIC,0.0032357312787192824,0.4760614272809395,2.1572015,4.924214912039549e-05,0.016276464738787338,,,
2026-09-08,2026-09-22T16:50:23.521819,beta_adjusted_2026-09-22,KLRA,-0.20691972484280732,0.056910569105691054,,-0.003371345722105402,0.016276464738787338,,,
2026-09-08,2026-09-22T16:50:23.521819,beta_adjusted_2026-09-22,KMB,-0.013666452363769392,0.41779584462511293,0.048879467,-0.00022586564694507955,0.016276464738787338,,,
2026-09-08,2026-09-22T16:50:23.521819,beta_adjusted_2026-09-22,KMI,0.10059348085061921,0.7836495031616982,-0.16451064,0.001633882127075113,0.016276464738787338,,,
2026-09-08,2026-09-22T16:50:23.521819,beta_adjusted_2026-09-22,KMPR,-0.1477093398907375,0.12059620596205962,0.29351535,-0.0024076099792630134,0.016276464738787338,,,
2026-09-08,2026-09-22T16:50:23.521819,beta_adjusted_2026-09-22,KMT,0.016049840767663713,0.519873532068654,1.3358414,0.00025781055037615977,0.016276464738787338,,,
2026-09-08,2026-09-22T16:50:23.521819,beta_adjusted_2026-09-22,KMX,0.07461601464495454,0.7131887985546522,1.3378904,0.001211060814375572,0.016276464738787338,,,
2026-09-08,2026-09-22T16:50:23.521819,beta_adjusted_2026-09-22,KN,0.08167318326563713,0.7299006323396567,1.7895005,0.0013259265705857887,0.016276464738787338,,,
2026-09-08,2026-09-22T16:50:23.521819,beta_adjusted_2026-09-22,KNF,-0.09797770544901835,0.2023486901535682,1.2034116,-0.0015981547848701093,0.016276464738787338,,,
2026-09-08,2026-09-22T16:50:23.521819,beta_adjusted_2026-09-22,KNSA,0.1072843395131735,0.8053297199638663,0.22985402,0.0017427856521683874,0.016276464738787338,,,
2026-09-08,2026-09-22T16:50:23.521819,beta_adjusted_2026-09-22,KNSL,0.007433559528252198,0.490063233965673,-0.17929849,0.00011756795260340337,0.016276464738787338,,,
2026-09-08,2026-09-22T16:50:23.521819,beta_adjusted_2026-09-22,KNTK,0.04980994931345012,0.6359530261969286,-0.19401342,0.0008073057666992852,0.016276464738787338,,,
2026-09-08,2026-09-22T16:50:23.521819,beta_adjusted_2026-09-22,KNX,0.19669060644845915,0.9670280036133695,1.0868554,0.0031980036033671722,0.016276464738787338,,,
2026-09-08,2026-09-22T16:50:23.521819,beta_adjusted_2026-09-22,KO,0.17768975019478123,0.9453477868112015,-0.26215446,0.0028887368365474167,0.016276464738787338,,,
2026-09-08,2026-09-22T16:50:23.521819,beta_adjusted_2026-09-22,KOD,-0.14266488354142012,0.12646793134598014,1.1724364,-0.002325504063366997,0.016276464738787338,,,
2026-09-08,2026-09-22T16:50:23.521819,beta_adjusted_2026-09-22,KOS,0.047729363985240296,0.6300813008130082,-0.6939008,0.0007734411929686398,0.016276464738787338,,,
2026-09-08,2026-09-22T16:50:23.521819,beta_adjusted_2026-09-22,KR,0.1847742059671638,0.9552845528455285,-0.62397486,0.0030040467311201,0.016276464738787338,,,
2026-09-08,2026-09-22T16:50:23.521819,beta_adjusted_2026-09-22,KRC,-0.025406729403646293,0.38346883468834686,0.6163344,-0.0004169558522082305,0.016276464738787338,,,
2026-09-08,2026-09-22T16:50:23.521819,beta_adjusted_2026-09-22,KRG,0.11851092046576847,0.8306233062330624,0.106075406,0.001925514701180441,0.016276464738787338,,,
2026-09-08,2026-09-22T16:50:23.521819,beta_adjusted_2026-09-22,KRMN,-0.22289076562816743,0.044715447154471545,2.363962,-0.0036312978042900503,0.016276464738787338,,,
2026-09-08,2026-09-22T16:50:23.521819,beta_adjusted_2026-09-22,KRO,0.07262929472663386,0.7059620596205962,1.3148901,0.0011787240376791791,0.016276464738787338,,,
2026-09-08,2026-09-22T16:50:23.521819,beta_adjusted_2026-09-22,KROS,0.025625847334415586,0.5546522131887985,1.0564651,0.0004136740835982926,0.016276464738787338,,,
2026-09-08,2026-09-22T16:50:23.521819,beta_adjusted_2026-09-22,KRYS,-0.017234380904150207,0.4083107497741644,0.8185751,-0.00028393891002310084,0.016276464738787338,,,
2026-09-08,2026-09-22T16:50:23.521819,beta_adjusted_2026-09-22,KSS,-0.08558210553685401,0.22764227642276422,1.7837836,-0.0013963982399836509,0.016276464738787338,,,
2026-09-08,2026-09-22T16:50:23.521819,beta_adjusted_2026-09-22,KTB,0.06379445066494888,0.6766034327009937,0.9296359,0.0010349240098364789,0.016276464738787338,,,
2026-09-08,2026-09-22T16:50:23.521819,beta_adjusted_2026-09-22,KTOS,-0.18647539759671725,0.07723577235772358,2.1846454,-0.0030385843505761874,0.016276464738787338,,,
2026-09-08,2026-09-22T16:50:23.521819,beta_adjusted_2026-09-22,KURA,-0.020516937085889683,0.3988256549232159,1.4300995,-0.00033736731996827186,0.016276464738787338,,,
2026-09-08,2026-09-22T16:50:23.521819,beta_adjusted_2026-09-22,KVUE,0.14118220857997352,0.8897922312556459,0.11291657,0.0022945231227541876,0.016276464738787338,,,
2026-09-08,2026-09-22T16:50:23.521819,beta_adjusted_2026-09-22,KVYO,0.037671214465860386,0.5975609756097561,0.56357944,0.0006097300769790019,0.016276464738787338,,,
2026-09-08,2026-09-22T16:50:23.521819,beta_adjusted_2026-09-22,KWR,0.06904109848735723,0.6969286359530262,1.3145525,0.0011203208881147438,0.016276464738787338,,,
2026-09-08,2026-09-22T16:50:23.521819,beta_adjusted_2026-09-22,KYMR,-0.08844214096092372,0.22177055103884372,0.851632,-0.0014429495057152043,0.016276464738787338,,,
2026-09-08,2026-09-22T16:50:23.521819,beta_adjusted_2026-09-22,L,0.04347254677872067,0.6142728093947606,0.01617556,0.00070415525780726,0.016276464738787338,,,
2026-09-08,2026-09-22T16:50:23.521819,beta_adjusted_2026-09-22,LAD,0.009051533830775275,0.495483288166215,0.6410021,0.00014390285428668426,0.016276464738787338,,,
2026-09-08,2026-09-22T16:50:23.521819,beta_adjusted_2026-09-22,LADR,-0.009149091962224215,0.43224932249322495,0.37663788,-0.00015233898965693528,0.016276464738787338,,,
2026-09-08,2026-09-22T16:50:23.521819,beta_adjusted_2026-09-22,LAMR,0.08576773760519697,0.7402890695573623,0.36365518,0.0013925714399146832,0.016276464738787338,,,
2026-09-08,2026-09-22T16:50:23.521819,beta_adjusted_2026-09-22,LASR,-0.0712922002922176,0.26377597109304424,3.3141441,-0.0011638091011487142,0.016276464738787338,,,
2026-09-08,2026-09-22T16:50:23.521819,beta_adjusted_2026-09-22,LAUR,0.1773949443665615,0.9444444444444444,0.38119233,0.0028839384398796097,0.016276464738787338,,,
2026-09-08,2026-09-22T16:50:23.521819,beta_adjusted_2026-09-22,LAW,-0.07722878829882487,0.24887082204155375,0.40694743,-0.0012604357665069652,0.016276464738787338,,,
2026-09-08,2026-09-22T16:50:23.521819,beta_adjusted_2026-09-22,LAZ,0.07462275754258074,0.7136404697380307,1.838887,0.0012111705649110222,0.016276464738787338,,,
2026-09-08,2026-09-22T16:50:23.521819,beta_adjusted_2026-09-22,LB,-0.07866145421631351,0.24390243902439024,0.68276554,-0.0012837545027954316,0.016276464738787338,,,
2026-09-08,2026-09-22T16:50:23.521819,beta_adjusted_2026-09-22,LBRT,0.056016826687217455,0.6531165311653117,1.198999,0.0009083317874113863,0.016276464738787338,,,
2026-09-08,2026-09-22T16:50:23.521819,beta_adjusted_2026-09-22,LBTYA,0.06629638765608314,0.6874435411020777,0.5109835,0.0010756466990513433,0.016276464738787338,,,
2026-09-08,2026-09-22T16:50:23.521819,beta_adjusted_2026-09-22,LCID,-0.38786502669235146,0.0031616982836495033,2.2524345,-0.006316495547308738,0.016276464738787338,,,
2026-09-08,2026-09-22T16:50:23.521819,beta_adjusted_2026-09-22,LCII,-0.03661301739170187,0.35275519421860885,0.8317579,-0.0005993546034985132,0.016276464738787338,,,
2026-09-08,2026-09-22T16:50:23.521819,beta_adjusted_2026-09-22,LCLN,0.1535086710434262,0.9132791327913279,,0.002495154354394561,0.016276464738787338,,,
2026-09-08,2026-09-22T16:50:23.521819,beta_adjusted_2026-09-22,LDI,-0.34548677376146253,0.006323396567299007,2.4094043,-0.005626727407787714,0.016276464738787338,,,
2026-09-08,2026-09-22T16:50:23.521819,beta_adjusted_2026-09-22,LDOS,-0.01800714436793941,0.4042457091237579,0.4311753,-0.000296516767292889,0.016276464738787338,,,
2026-09-08,2026-09-22T16:50:23.521819,beta_adjusted_2026-09-22,LEA,0.09777481282414432,0.7759710930442638,0.9912886,0.001588004176331847,0.016276464738787338,,,
2026-09-08,2026-09-22T16:50:23.521819,beta_adjusted_2026-09-22,LECO,0.17757522408949544,0.9448961156278229,1.108902,0.002886872756433062,0.016276464738787338,,,
2026-09-08,2026-09-22T16:50:23.521819,beta_adjusted_2026-09-22,LEE,-0.10934983022099092,0.1842818428184282,0.6638174,-0.0017832527727262106,0.016276464738787338,,,
2026-09-08,2026-09-22T16:50:23.521819,beta_adjusted_2026-09-22,LEN,-0.10717938626375731,0.1892502258355917,0.9279498,-0.0017479256181887838,0.016276464738787338,,,
2026-09-08,2026-09-22T16:50:23.521819,beta_adjusted_2026-09-22,LEU,-0.33863902915586414,0.007226738934056007,3.3948863,-0.00551527033417447,0.016276464738787338,,,
2026-09-08,2026-09-22T16:50:23.521819,beta_adjusted_2026-09-22,LEVI,0.14505538743599478,0.9001806684733514,1.321811,0.0023575647818312347,0.016276464738787338,,,
2026-09-08,2026-09-22T16:50:23.521819,beta_adjusted_2026-09-22,LFST,0.19352964716419194,0.96386630532972,0.6772078,0.0031465543610360545,0.016276464738787338,,,
2026-09-08,2026-09-22T16:50:23.521819,beta_adjusted_2026-09-22,LFTO,0.20634641405586454,0.975609756097561,,0.0033551660154136206,0.016276464738787338,,,
2026-09-08,2026-09-22T16:50:23.521819,beta_adjusted_2026-09-22,LFUS,0.09130954686130971,0.7570009033423668,1.6689016,0.0014827725028608875,0.016276464738787338,,,
2026-09-08,2026-09-22T16:50:23.521819,beta_adjusted_2026-09-22,LGIH,-0.19928894008034312,0.06187895212285456,1.4162084,-0.0032471435229898776,0.016276464738787338,,,
2026-09-08,2026-09-22T16:50:23.521819,beta_adjusted_2026-09-22,LGN,-0.13222460636747463,0.13956639566395665,2.5546165,-0.002155573260082107,0.016276464738787338,,,
2026-09-08,2026-09-22T16:50:23.521819,beta_adjusted_2026-09-22,LGND,-0.09710683356326745,0.2041553748870822,0.8097078,-0.0015839800693296835,0.016276464738787338,,,
2026-09-08,2026-09-22T16:50:23.521819,beta_adjusted_2026-09-22,LH,0.1677075561765689,0.9317976513098465,0.284778,0.00272626200759425,0.016276464738787338,,,
2026-09-08,2026-09-22T16:50:23.521819,beta_adjusted_2026-09-22,LHX,0.03859710498934716,0.5998193315266486,0.31705022,0.0006248003014365117,0.016276464738787338,,,
2026-09-08,2026-09-22T16:50:23.521819,beta_adjusted_2026-09-22,LIF,-0.2956715737974657,0.016260162601626018,2.318844,-0.004815912062118079,0.016276464738787338,,,
2026-09-08,2026-09-22T16:50:23.521819,beta_adjusted_2026-09-22,LIFE,0.09558364197562289,0.7705510388437218,1.7261432,0.001552339661279229,0.016276464738787338,,,
2026-09-08,2026-09-22T16:50:23.521819,beta_adjusted_2026-09-22,LII,-0.0021298514243217603,0.4598012646793135,1.3921396,-3.809056854869929e-05,0.016276464738787338,,,
2026-09-08,2026-09-22T16:50:23.521819,beta_adjusted_2026-09-22,LILA,0.1390856456176787,0.8848238482384824,0.43374032,0.0022603984896257486,0.016276464738787338,,,
2026-09-08,2026-09-22T16:50:23.521819,beta_adjusted_2026-09-22,LIME,0.3497122152143668,0.9995483288166215,,0.00568865442271798,0.016276464738787338,,,
2026-09-08,2026-09-22T16:50:23.521819,beta_adjusted_2026-09-22,LIN,0.13539908889748992,0.8739837398373984,0.08459551,0.0022003943791620564,0.016276464738787338,,,
2026-09-08,2026-09-22T16:50:23.521819,beta_adjusted_2026-09-22,LIND,0.026008517729653513,0.5582655826558266,1.7178265,0.00041990260479296055,0.016276464738787338,,,
2026-09-08,2026-09-22T16:50:23.521819,beta_adjusted_2026-09-22,LINE,-0.021422736236117526,0.3938572719060524,1.0058886,-0.00035211052789737885,0.016276464738787338,,,
2026-09-08,2026-09-22T16:50:23.521819,beta_adjusted_2026-09-22,LION,-0.039013182662127006,0.34598012646793136,0.8137136,-0.00063842080888985,0.016276464738787338,,,
2026-09-08,2026-09-22T16:50:23.521819,beta_adjusted_2026-09-22,LITE,0.09777106387371279,0.7755194218608853,2.945606,0.0015879431566723408,0.016276464738787338,,,
2026-09-08,2026-09-22T16:50:23.521819,beta_adjusted_2026-09-22,LIVN,0.14603443773916036,0.9024390243902439,1.0179687,0.0023735002595682082,0.016276464738787338,,,
2026-09-08,2026-09-22T16:50:23.521819,beta_adjusted_2026-09-22,LKFN,-0.04323357853237414,0.33423667570009036,0.34035873,-0.0007071139334556511,0.016276464738787338,,,
2026-09-08,2026-09-22T16:50:23.521819,beta_adjusted_2026-09-22,LKQ,0.0035584633297393656,0.47696476964769646,0.59669846,5.4495085968900394e-05,0.016276464738787338,,,
2026-09-08,2026-09-22T16:50:23.521819,beta_adjusted_2026-09-22,LLY,0.15477476615346752,0.9150858175248419,0.32376966,0.0025157619068090996,0.016276464738787338,,,
2026-09-08,2026-09-22T16:50:23.521819,beta_adjusted_2026-09-22,LLYVA,-0.1072755515631281,0.1878952122854562,0.57796264,-0.0017494908492930875,0.016276464738787338,,,
2026-09-08,2026-09-22T16:50:23.521819,beta_adjusted_2026-09-22,LMAT,-0.10065100621425349,0.1987353206865402,0.45697358,-0.0016416666705116323,0.016276464738787338,,,
2026-09-08,2026-09-22T16:50:23.521819,beta_adjusted_2026-09-22,LMND,-0.17861478695217164,0.08265582655826559,2.8593855,-0.0029106413985949047,0.016276464738787338,,,
2026-09-08,2026-09-22T16:50:23.521819,beta_adjusted_2026-09-22,LMT,0.13817894493013105,0.8816621499548328,0.055413023,0.002245640607856245,0.016276464738787338,,,
2026-09-08,2026-09-22T16:50:23.521819,beta_adjusted_2026-09-22,LNC,-0.07368138440090469,0.25790424570912374,1.1087847,-0.0012026965720482307,0.016276464738787338,,,
2026-09-08,2026-09-22T16:50:23.521819,beta_adjusted_2026-09-22,LNG,0.1433565216365306,0.8956639566395664,-0.57328075,0.002329913252550324,0.016276464738787338,,,
2026-09-08,2026-09-22T16:50:23.521819,beta_adjusted_2026-09-22,LNT,-0.08520255041268562,0.22899728997289973,-0.091997676,-0.0013902204243886982,0.016276464738787338,,,
2026-09-08,2026-09-22T16:50:23.521819,beta_adjusted_2026-09-22,LNTH,0.24692952701838164,0.9932249322493225,0.5913402,0.004015715622538254,0.016276464738787338,,,
2026-09-08,2026-09-22T16:50:23.521819,beta_adjusted_2026-09-22,LOAR,-0.17057206309113251,0.0921409214092141,1.6985564,-0.0027797342872668976,0.016276464738787338,,,
2026-09-08,2026-09-22T16:50:23.521819,beta_adjusted_2026-09-22,LOB,-0.14392385510069322,0.12511291779584463,0.9037944,-0.0023459956695586416,0.016276464738787338,,,
2026-09-08,2026-09-22T16:50:23.521819,beta_adjusted_2026-09-22,LOGI,0.07327938979048784,0.7082204155374887,1.3459561,0.0011893052870628582,0.016276464738787338,,,
2026-09-08,2026-09-22T16:50:23.521819,beta_adjusted_2026-09-22,LOPE,0.03608833400351684,0.5898825654923215,0.06763929,0.0005839663789479517,0.016276464738787338,,,
2026-09-08,2026-09-22T16:50:23.521819,beta_adjusted_2026-09-22,LOW,-0.01205708375322466,0.42276422764227645,0.6365191,-0.00019967081550383703,0.016276464738787338,,,
2026-09-08,2026-09-22T16:50:23.521819,beta_adjusted_2026-09-22,LPG,0.032369296243178976,0.580397470641373,0.56491005,0.0005234335919795938,0.016276464738787338,,,
2026-09-08,2026-09-22T16:50:23.521819,beta_adjusted_2026-09-22,LPLA,0.060469577444139555,0.6675700090334237,0.84867495,0.0009808068280970374,0.016276464738787338,,,
2026-09-08,2026-09-22T16:50:23.521819,beta_adjusted_2026-09-22,LPX,-0.051019467967096194,0.3152664859981933,1.1809682,-0.0008338406883000015,0.016276464738787338,,,
2026-09-08,2026-09-22T16:50:23.521819,beta_adjusted_2026-09-22,LQDA,-0.004245103802370975,0.450316169828365,0.8955637,-7.251939929365341e-05,0.016276464738787338,,,
2026-09-08,2026-09-22T16:50:23.521819,beta_adjusted_2026-09-22,LQDT,0.137525425018438,0.8807588075880759,0.733648,0.0022350036140574778,0.016276464738787338,,,
2026-09-08,2026-09-22T16:50:23.521819,beta_adjusted_2026-09-22,LRCX,0.07096539945225766,0.7014453477868112,3.2545035,0.00115164170491676,0.016276464738787338,,,
2026-09-08,2026-09-22T16:50:23.521819,beta_adjusted_2026-09-22,LRN,-0.029855161982494383,0.37037037037037035,-0.012422127,-0.0004893606082207243,0.016276464738787338,,,
2026-09-08,2026-09-22T16:50:23.521819,beta_adjusted_2026-09-22,LSCC,0.10963455850867648,0.8093947606142728,2.8939369,0.00178103890877712,0.016276464738787338,,,
2026-09-08,2026-09-22T16:50:23.521819,beta_adjusted_2026-09-22,LSTR,0.20982061196018573,0.978319783197832,0.7560103,0.0034117136750988733,0.016276464738787338,,,
2026-09-08,2026-09-22T16:50:23.521819,beta_adjusted_2026-09-22,LTC,-0.008340415513346494,0.43586269196025296,-0.22390214,-0.00013917659595168928,0.016276464738787338,,,
2026-09-08,2026-09-22T16:50:23.521819,beta_adjusted_2026-09-22,LTH,0.11676586019839758,0.8274616079494128,0.8360162,0.0018971112892715199,0.016276464738787338,,,
2026-09-08,2026-09-22T16:50:23.521819,beta_adjusted_2026-09-22,LUCK,-0.13449478214176122,0.13550135501355012,1.0101643,-0.0021925236960231315,0.016276464738787338,,,
2026-09-08,2026-09-22T16:50:23.521819,beta_adjusted_2026-09-22,LULU,-0.10346422393836396,0.1928635953026197,1.226189,-0.0016874559096006479,0.016276464738787338,,,
2026-09-08,2026-09-22T16:50:23.521819,beta_adjusted_2026-09-22,LUMN,0.04263568793421747,0.6120144534778681,2.8136559,0.0006905341543333612,0.016276464738787338,,,
2026-09-08,2026-09-22T16:50:23.521819,beta_adjusted_2026-09-22,LUNR,-0.18939657429711332,0.07271906052393858,3.5177557,-0.0030861307801359514,0.016276464738787338,,,
2026-09-08,2026-09-22T16:50:23.521819,beta_adjusted_2026-09-22,LUV,0.17118674094800185,0.9349593495934959,1.5401543,0.0027828908358462044,0.016276464738787338,,,
2026-09-08,2026-09-22T16:50:23.521819,beta_adjusted_2026-09-22,LVS,0.1411525812771509,0.8893405600722674,0.6053777,0.0022940408950044905,0.016276464738787338,,,
2026-09-08,2026-09-22T16:50:23.521819,beta_adjusted_2026-09-22,LVWR,-0.2227255450821973,0.045167118337850046,0.9614691,-0.003628608597899444,0.016276464738787338,,,
2026-09-08,2026-09-22T16:50:23.521819,beta_adjusted_2026-09-22,LW,0.08474839652430732,0.7362240289069557,0.27670836,0.0013759801707547855,0.016276464738787338,,,
2026-09-08,2026-09-22T16:50:23.521819,beta_adjusted_2026-09-22,LWLG,-0.23719938075902602,0.03568202348690153,3.5681865,-0.003864191473928349,0.016276464738787338,,,
2026-09-08,2026-09-22T16:50:23.521819,beta_adjusted_2026-09-22,LXP,0.16043420069835668,0.9236675700090334,0.380183,0.002607877493620463,0.016276464738787338,,,
2026-09-08,2026-09-22T16:50:23.521819,beta_adjusted_2026-09-22,LXRX,-0.15181958474043566,0.11427280939476062,1.4305829,-0.0024745102346269074,0.016276464738787338,,,
2026-09-08,2026-09-22T16:50:23.521819,beta_adjusted_2026-09-22,LXU,0.002781401898217316,0.47560975609756095,-0.088028364,4.184727297886014e-05,0.016276464738787338,,,
2026-09-08,2026-09-22T16:50:23.521819,beta_adjusted_2026-09-22,LYB,0.04510361476784186,0.6205962059620597,-0.33334783,0.0007307032784187557,0.016276464738787338,,,
2026-09-08,2026-09-22T16:50:23.521819,beta_adjusted_2026-09-22,LYEL,-0.21766656359311656,0.04697380307136405,1.7414203,-0.003546266264078244,0.016276464738787338,,,
2026-09-08,2026-09-22T16:50:23.521819,beta_adjusted_2026-09-22,LYFT,-0.0482046424632014,0.3215898825654923,1.456254,-0.0007880252802400186,0.016276464738787338,,,
2026-09-08,2026-09-22T16:50:23.521819,beta_adjusted_2026-09-22,LYV,0.004686443347041699,0.4823848238482385,0.67462623,7.285461294657855e-05,0.016276464738787338,,,
2026-09-08,2026-09-22T16:50:23.521819,beta_adjusted_2026-09-22,LZ,0.043027670541946034,0.6124661246612466,0.63165635,0.0006969142454262731,0.016276464738787338,,,
2026-09-08,2026-09-22T16:50:23.521819,beta_adjusted_2026-09-22,LZB,0.008255502950098047,0.49232158988256547,0.5842215,0.00013094628572635553,0.016276464738787338,,,
2026-09-08,2026-09-22T16:50:23.521819,beta_adjusted_2026-09-22,M,0.17858163576793093,0.9467028003613369,1.0895889,0.0029032535806298213,0.016276464738787338,,,
2026-09-08,2026-09-22T16:50:23.521819,beta_adjusted_2026-09-22,MA,0.238529849443909,0.991869918699187,0.29580805,0.003878998566680167,0.016276464738787338,,,
2026-09-08,2026-09-22T16:50:23.521819,beta_adjusted_2026-09-22,MAA,0.05272726456218369,0.6436314363143631,0.05028733,0.0008547893454772239,0.016276464738787338,,,
2026-09-08,2026-09-22T16:50:23.521819,beta_adjusted_2026-09-22,MAC,-0.0071021655859784955,0.4399277326106594,0.68596506,-0.00011902226467107808,0.016276464738787338,,,
2026-09-08,2026-09-22T16:50:23.521819,beta_adjusted_2026-09-22,MAIN,-0.19571245608171317,0.06549232158988257,0.76858306,-0.00318893100729734,0.016276464738787338,,,
2026-09-08,2026-09-22T16:50:23.521819,beta_adjusted_2026-09-22,MAIR,0.054080805512414856,0.6472448057813911,,0.0008768202070261661,0.016276464738787338,,,
2026-09-08,2026-09-22T16:50:23.521819,beta_adjusted_2026-09-22,MAN,-0.01894681566936028,0.4024390243902439,0.09183002,-0.0003118112940965162,0.016276464738787338,,,
2026-09-08,2026-09-22T16:50:23.521819,beta_adjusted_2026-09-22,MANE,-0.11413565539413431,0.17344173441734417,0.83530754,-0.00186114908740288,0.016276464738787338,,,
2026-09-08,2026-09-22T16:50:23.521819,beta_adjusted_2026-09-22,MANH,0.22647466241498876,0.9878048780487805,0.3919071,0.00368278274008446,0.016276464738787338,,,
2026-09-08,2026-09-22T16:50:23.521819,beta_adjusted_2026-09-22,MAR,0.12523508283673088,0.8500451671183379,0.65443724,0.002034960292909291,0.016276464738787338,,,
2026-09-08,2026-09-22T16:50:23.521819,beta_adjusted_2026-09-22,MARA,-0.14686140411293575,0.12149954832881663,3.3508036,-0.002393808582474867,0.016276464738787338,,,
2026-09-08,2026-09-22T16:50:23.521819,beta_adjusted_2026-09-22,MAS,0.1609463272202263,0.9250225835591689,1.1436362,0.0026162131028954717,0.016276464738787338,,,
2026-09-08,2026-09-22T16:50:23.521819,beta_adjusted_2026-09-22,MAT,0.04003329773358357,0.6047877145438121,0.6142152,0.0006481764419961778,0.016276464738787338,,,
2026-09-08,2026-09-22T16:50:23.521819,beta_adjusted_2026-09-22,MATW,-0.1339384517460078,0.13640469738030714,0.62979984,-0.0021834686039535357,0.016276464738787338,,,
2026-09-08,2026-09-22T16:50:23.521819,beta_adjusted_2026-09-22,MATX,0.16968702252111506,0.934056007226739,1.1322951,0.0027584807217528717,0.016276464738787338,,,
2026-09-08,2026-09-22T16:50:23.521819,beta_adjusted_2026-09-22,MAX,0.17916782824484823,0.950316169828365,0.43337825,0.002912794721810508,0.016276464738787338,,,
2026-09-08,2026-09-22T16:50:23.521819,beta_adjusted_2026-09-22,MAZE,-0.21388087431768496,0.04923215898825655,1.0520444,-0.003484648626074676,0.016276464738787338,,,
2026-09-08,2026-09-22T16:50:23.521819,beta_adjusted_2026-09-22,MBC,-0.23356753984834633,0.037488708220415536,1.2508311,-0.0038050779434087856,0.016276464738787338,,,
2026-09-08,2026-09-22T16:50:23.521819,beta_adjusted_2026-09-22,MBGL,0.12471986112550808,0.8473351400180669,,0.002026574304893916,0.016276464738787338,,,
2026-09-08,2026-09-22T16:50:23.521819,beta_adjusted_2026-09-22,MBI,-0.11364074171039279,0.17389340560072267,0.4097228,-0.0018530936422807179,0.016276464738787338,,,
2026-09-08,2026-09-22T16:50:23.521819,beta_adjusted_2026-09-22,MBIN,-0.07293583723958638,0.25971093044263777,0.53167814,-0.0011905616999659302,0.016276464738787338,,,
2026-09-08,2026-09-22T16:50:23.521819,beta_adjusted_2026-09-22,MBLY,-0.08755641544820138,0.22357723577235772,2.1983783,-0.0014285330256391348,0.016276464738787338,,,
2026-09-08,2026-09-22T16:50:23.521819,beta_adjusted_2026-09-22,MBX,-0.17586564232392565,0.08626919602529359,1.3793876,-0.0028658950429914323,0.016276464738787338,,,
2026-09-08,2026-09-22T16:50:23.521819,beta_adjusted_2026-09-22,MC,0.12474428932625015,0.8482384823848238,1.5427408,0.0020269719096419263,0.016276464738787338,,,
2026-09-08,2026-09-22T16:50:23.521819,beta_adjusted_2026-09-22,MCD,0.06045321232303432,0.6671183378500452,-0.021839876,0.000980540461780422,0.016276464738787338,,,
2026-09-08,2026-09-22T16:50:23.521819,beta_adjusted_2026-09-22,MCHB,-0.15467691268378886,0.1111111111111111,0.548527,-0.0025210174321440475,0.016276464738787338,,,
2026-09-08,2026-09-22T16:50:23.521819,beta_adjusted_2026-09-22,MCHP,-0.027766432533470012,0.3785004516711834,2.137029,-0.0004553634769948124,0.016276464738787338,,,
2026-09-08,2026-09-22T16:50:23.521819,beta_adjusted_2026-09-22,MCK,0.10533908861844604,0.7990063233965673,-0.26573488,0.0017111238445722615,0.016276464738787338,,,
2026-09-08,2026-09-22T16:50:23.521819,beta_adjusted_2026-09-22,MCO,0.1611186391931049,0.9254742547425474,0.5262337,0.0026190177326461013,0.016276464738787338,,,
2026-09-08,2026-09-22T16:50:23.521819,beta_adjusted_2026-09-22,MCRI,0.2261852725390183,0.9869015356820234,0.32432953,0.003678072495972465,0.016276464738787338,,,
2026-09-08,2026-09-22T16:50:23.521819,beta_adjusted_2026-09-22,MCY,0.1327685516626867,0.8681120144534779,0.07967831,0.002157578532615715,0.016276464738787338,,,
2026-09-08,2026-09-22T16:50:23.521819,beta_adjusted_2026-09-22,MD,0.18397034988767252,0.9534778681120144,0.46975374,0.0029909627959872004,0.016276464738787338,,,
2026-09-08,2026-09-22T16:50:23.521819,beta_adjusted_2026-09-22,MDB,0.07254857030837875,0.7050587172538392,1.7075224,0.0011774101295318907,0.016276464738787338,,,
2026-09-08,2026-09-22T16:50:23.521819,beta_adjusted_2026-09-22,MDGL,0.06266823523719753,0.6725383920505872,0.3313202,0.0010165932041384055,0.016276464738787338,,,
2026-09-08,2026-09-22T16:50:23.521819,beta_adjusted_2026-09-22,MDLN,-0.1588037800564181,0.1061427280939476,0.60950476,-0.002588188243416299,0.016276464738787338,,,
2026-09-08,2026-09-22T16:50:23.521819,beta_adjusted_2026-09-22,MDLZ,0.11692808343262728,0.8279132791327913,-0.22711954,0.0018997517100232718,0.016276464738787338,,,
2026-09-08,2026-09-22T16:50:23.521819,beta_adjusted_2026-09-22,MDT,0.02609970149226335,0.5591689250225835,0.17372543,0.00042138675408982953,0.016276464738787338,,,
2026-09-08,2026-09-22T16:50:23.521819,beta_adjusted_2026-09-22,MDU,-0.06874534864773235,0.2705510388437218,0.17914595,-0.0011223553601623275,0.016276464738787338,,,
2026-09-08,2026-09-22T16:50:23.521819,beta_adjusted_2026-09-22,MEDP,0.16697673662119428,0.9304426377597109,0.76300085,0.0027143668488707785,0.016276464738787338,,,
2026-09-08,2026-09-22T16:50:23.521819,beta_adjusted_2026-09-22,MET,0.06381441570644308,0.6770551038843722,0.7016202,0.0010352489701303676,0.016276464738787338,,,
2026-09-08,2026-09-22T16:50:23.521819,beta_adjusted_2026-09-22,META,0.07919681386752367,0.7249322493224932,1.4051592,0.001285620031397183,0.016276464738787338,,,
2026-09-08,2026-09-22T16:50:23.521819,beta_adjusted_2026-09-22,METC,-0.21782629467660775,0.04652213188798555,1.057119,-0.0035488661214263762,0.016276464738787338,,,
2026-09-08,2026-09-22T16:50:23.521819,beta_adjusted_2026-09-22,MFIC,-0.03983581300113625,0.34236675700090335,0.6194064,-0.0006518103225957905,0.016276464738787338,,,
2026-09-08,2026-09-22T16:50:23.521819,beta_adjusted_2026-09-22,MFP,0.1299281136536945,0.8613369467028004,,0.002111346243519642,0.016276464738787338,,,
2026-09-08,2026-09-22T16:50:23.521819,beta_adjusted_2026-09-22,MGEE,-0.06303989566810388,0.2868112014453478,-0.06080515,-0.0010294907559205955,0.016276464738787338,,,
2026-09-08,2026-09-22T16:50:23.521819,beta_adjusted_2026-09-22,MGM,0.13112264141829622,0.8649503161698283,0.8310652,0.002130788932559684,0.016276464738787338,,,
2026-09-08,2026-09-22T16:50:23.521819,beta_adjusted_2026-09-22,MGNI,-0.036633497315777266,0.3523035230352303,1.0583903,-0.0005996879442605795,0.016276464738787338,,,
2026-09-08,2026-09-22T16:50:23.521819,beta_adjusted_2026-09-22,MGNX,-0.10184787788926891,0.19647696476964768,0.9657423,-0.001661147510126874,0.016276464738787338,,,
2026-09-08,2026-09-22T16:50:23.521819,beta_adjusted_2026-09-22,MGPI,-0.03181059103456421,0.3640469738030714,0.11443023,-0.0005211880802359392,0.016276464738787338,,,
2026-09-08,2026-09-22T16:50:23.521819,beta_adjusted_2026-09-22,MGRC,0.14230959161870904,0.8943089430894309,0.5001158,0.0023128729330312734,0.016276464738787338,,,
2026-09-08,2026-09-22T16:50:23.521819,beta_adjusted_2026-09-22,MGY,0.04629846294310922,0.6251129177958447,-0.41947225,0.0007501511826116993,0.016276464738787338,,,
2026-09-08,2026-09-22T16:50:23.521819,beta_adjusted_2026-09-22,MH,-0.0777995616368112,0.24751580849141824,0.261403,-0.0012697259386165397,0.016276464738787338,,,
2026-09-08,2026-09-22T16:50:23.521819,beta_adjusted_2026-09-22,MHK,0.044532319450778526,0.6196928635953026,1.4934115,0.00072140461033514,0.016276464738787338,,,
2026-09-08,2026-09-22T16:50:23.521819,beta_adjusted_2026-09-22,MHO,0.027693985607046008,0.5672990063233966,0.8263912,0.0004473360632676982,0.016276464738787338,,,
2026-09-08,2026-09-22T16:50:23.521819,beta_adjusted_2026-09-22,MIAX,-0.06436242909925205,0.28410117434507676,0.6557869,-0.001051016924678546,0.016276464738787338,,,
2026-09-08,2026-09-22T16:50:23.521819,beta_adjusted_2026-09-22,MIDD,0.05704205589367216,0.6558265582655827,1.1776041,0.0009250188944394212,0.016276464738787338,,,
2026-09-08,2026-09-22T16:50:23.521819,beta_adjusted_2026-09-22,MIR,-0.1940192612871034,0.06684733514001806,2.051941,-0.003161371781926976,0.016276464738787338,,,
2026-09-08,2026-09-22T16:50:23.521819,beta_adjusted_2026-09-22,MIRM,-0.017554460866708047,0.4069557362240289,0.9881041,-0.0002891486802472659,0.016276464738787338,,,
2026-09-08,2026-09-22T16:50:23.521819,beta_adjusted_2026-09-22,MKC,-0.055561838049167984,0.3044263775971093,-0.3440346,-0.0009077744147713656,0.016276464738787338,,,
2026-09-08,2026-09-22T16:50:23.521819,beta_adjusted_2026-09-22,MKL,0.02958072909807155,0.5722673893405601,0.097027935,0.000478045577170512,0.016276464738787338,,,
2026-09-08,2026-09-22T16:50:23.521819,beta_adjusted_2026-09-22,MKSI,-0.04663403592425121,0.32565492321589884,2.8692715,-0.000762461358290287,0.016276464738787338,,,
2026-09-08,2026-09-22T16:50:23.521819,beta_adjusted_2026-09-22,MKTX,0.05768433539419589,0.6585365853658537,0.10067857,0.0009354729340821416,0.016276464738787338,,,
2026-09-08,2026-09-22T16:50:23.521819,beta_adjusted_2026-09-22,MLI,0.10871298428022488,0.8075880758807588,0.9294362,0.0017660389383435523,0.016276464738787338,,,
2026-09-08,2026-09-22T16:50:23.521819,beta_adjusted_2026-09-22,MLKN,0.054013930320951635,0.6467931345980127,1.2193042,0.0008757317153304154,0.016276464738787338,,,
2026-09-08,2026-09-22T16:50:23.521819,beta_adjusted_2026-09-22,MLM,-0.06822724024871377,0.27235772357723576,0.8380976,-0.0011139223870748319,0.016276464738787338,,,
2026-09-08,2026-09-22T16:50:23.521819,beta_adjusted_2026-09-22,MLTX,-0.24815932264781698,0.031616982836495035,1.1415088,-0.004042580581620414,0.016276464738787338,,,
2026-09-08,2026-09-22T16:50:23.521819,beta_adjusted_2026-09-22,MLYS,-0.33335295082926397,0.009033423667570008,1.1301844,-0.005429231666685095,0.016276464738787338,,,
2026-09-08,2026-09-22T16:50:23.521819,beta_adjusted_2026-09-22,MMED,0.06574919282961693,0.6851851851851852,0.7757289,0.001066740301753119,0.016276464738787338,,,
2026-09-08,2026-09-22T16:50:23.521819,beta_adjusted_2026-09-22,MMI,0.09127365454781493,0.7565492321589883,0.62367284,0.0014821883028858962,0.016276464738787338,,,
2026-09-08,2026-09-22T16:50:23.521819,beta_adjusted_2026-09-22,MMM,0.15730334368502447,0.9182475158084914,0.7449306,0.0025569182098407763,0.016276464738787338,,,
2026-09-08,2026-09-22T16:50:23.521819,beta_adjusted_2026-09-22,MMS,-0.07207002954010686,0.26196928635953026,0.34769624,-0.0011764694114747812,0.016276464738787338,,,
2026-09-08,2026-09-22T16:50:23.521819,beta_adjusted_2026-09-22,MMSI,0.13717725042400108,0.8794037940379403,0.45736584,0.0022293365625481835,0.016276464738787338,,,
2026-09-08,2026-09-22T16:50:23.521819,beta_adjusted_2026-09-22,MNKD,-0.16836444338511042,0.0971093044263776,1.0767595,-0.002743802042965177,0.016276464738787338,,,
2026-09-08,2026-09-22T16:50:23.521819,beta_adjusted_2026-09-22,MNR,0.057280902296469746,0.6562782294489612,-0.012370172,0.0009289064694925422,0.016276464738787338,,,
2026-09-08,2026-09-22T16:50:23.521819,beta_adjusted_2026-09-22,MNRO,-0.1488359269348544,0.11924119241192412,1.8368412,-0.0024259468335617565,0.016276464738787338,,,
2026-09-08,2026-09-22T16:50:23.521819,beta_adjusted_2026-09-22,MNST,0.07838181676624029,0.7231255645889793,0.21352251,0.00127235475981593,0.016276464738787338,,,
2026-09-08,2026-09-22T16:50:23.521819,beta_adjusted_2026-09-22,MNTN,-0.08121946249858877,0.23938572719060525,0.9996212,-0.0013253898344034107,0.016276464738787338,,,
2026-09-08,2026-09-22T16:50:23.521819,beta_adjusted_2026-09-22,MO,0.15739569890822952,0.9186991869918699,-0.5209836,0.0025584214263747163,0.016276464738787338,,,
2026-09-08,2026-09-22T16:50:23.521819,beta_adjusted_2026-09-22,MOD,0.032777157102777565,0.5808491418247516,2.8797538,0.0005300721248791818,0.016276464738787338,,,
2026-09-08,2026-09-22T16:50:23.521819,beta_adjusted_2026-09-22,MOG.A,-0.028817470683775763,0.37398373983739835,1.1624975,-0.0004724706623873842,0.016276464738787338,,,
2026-09-08,2026-09-22T16:50:23.521819,beta_adjusted_2026-09-22,MOH,0.04188718940863229,0.6093044263775971,-0.08571472,0.0006783512444746397,0.016276464738787338,,,
2026-09-08,2026-09-22T16:50:23.521819,beta_adjusted_2026-09-22,MORN,0.06518887595795278,0.6838301716350497,0.10777429,0.00105762032394893,0.016276464738787338,,,
2026-09-08,2026-09-22T16:50:23.521819,beta_adjusted_2026-09-22,MOS,-0.13334869577289463,0.13730803974706413,0.7485099,-0.00217386946165267,0.016276464738787338,,,
2026-09-08,2026-09-22T16:50:23.521819,beta_adjusted_2026-09-22,MP,-0.24894489472819858,0.03116531165311653,2.2525027,-0.004055366917886521,0.016276464738787338,,,
2026-09-08,2026-09-22T16:50:23.521819,beta_adjusted_2026-09-22,MPC,0.22546103012071675,0.9859981933152665,-0.13376984,0.003666284389788646,0.016276464738787338,,,
2026-09-08,2026-09-22T16:50:23.521819,beta_adjusted_2026-09-22,MPLX,0.111982380196532,0.8170731707317073,0.022424584,0.0018192531456924605,0.016276464738787338,,,
2026-09-08,2026-09-22T16:50:23.521819,beta_adjusted_2026-09-22,MPT,-0.17096242739077666,0.09078590785907859,0.3586002,-0.002786088038025337,0.016276464738787338,,,
2026-09-08,2026-09-22T16:50:23.521819,beta_adjusted_2026-09-22,MPWR,0.026108589785608677,0.559620596205962,2.475283,0.0004215314240830527,0.016276464738787338,,,
2026-09-08,2026-09-22T16:50:23.521819,beta_adjusted_2026-09-22,MQ,0.04911428165989057,0.6341463414634146,0.6497047,0.0007959827566662083,0.016276464738787338,,,
2026-09-08,2026-09-22T16:50:23.521819,beta_adjusted_2026-09-22,MRCY,-0.0886288686533676,0.2199638663053297,2.3162205,-0.001445988772417022,0.016276464738787338,,,
2026-09-08,2026-09-22T16:50:23.521819,beta_adjusted_2026-09-22,MRK,0.13041750562789078,0.8631436314363143,0.17076439,0.0021193118147310934,0.016276464738787338,,,
2026-09-08,2026-09-22T16:50:23.521819,beta_adjusted_2026-09-22,MRNA,-0.10970661595781278,0.18337850045167117,1.8580728,-0.0017890599831908941,0.016276464738787338,,,
2026-09-08,2026-09-22T16:50:23.521819,beta_adjusted_2026-09-22,MRP,0.06782179636915556,0.6924119241192412,0.737458,0.0011004749601819055,0.016276464738787338,,,
2026-09-08,2026-09-22T16:50:23.521819,beta_adjusted_2026-09-22,MRSH,0.13348942456033142,0.8694670280036134,-0.28804344,0.0021693117949153763,0.016276464738787338,,,
2026-09-08,2026-09-22T16:50:23.521819,beta_adjusted_2026-09-22,MRVI,-0.059183027130972066,0.29494128274616077,1.3062714,-0.0009667145711738314,0.016276464738787338,,,
2026-09-08,2026-09-22T16:50:23.521819,beta_adjusted_2026-09-22,MRVL,-0.11129960376042058,0.17795844625112917,2.984243,-0.0018149881929893582,0.016276464738787338,,,
2026-09-08,2026-09-22T16:50:23.521819,beta_adjusted_2026-09-22,MS,0.08577754034311867,0.7407407407407407,1.3790678,0.0013927309938328092,0.016276464738787338,,,
2026-09-08,2026-09-22T16:50:23.521819,beta_adjusted_2026-09-22,MSA,0.19356343604545195,0.9643179765130985,0.81559366,0.0031471043245704464,0.016276464738787338,,,
2026-09-08,2026-09-22T16:50:23.521819,beta_adjusted_2026-09-22,MSCI,0.2311683596008361,0.989159891598916,0.33319953,0.0037591795368244496,0.016276464738787338,,,
2026-09-08,2026-09-22T16:50:23.521819,beta_adjusted_2026-09-22,MSEX,-0.031189511613376908,0.36449864498644985,-0.20316921,-0.0005110791029369976,0.016276464738787338,,,
2026-09-08,2026-09-22T16:50:23.521819,beta_adjusted_2026-09-22,MSFT,0.15067611868470404,0.9092140921409214,0.9617535,0.002449050415807051,0.016276464738787338,,,
2026-09-08,2026-09-22T16:50:23.521819,beta_adjusted_2026-09-22,MSGE,0.1758301099261865,0.941282746160795,0.71450007,0.0028584684672888056,0.016276464738787338,,,
2026-09-08,2026-09-22T16:50:23.521819,beta_adjusted_2026-09-22,MSGS,0.13238861253189046,0.8672086720867209,0.55825347,0.0021513944667504244,0.016276464738787338,,,
2026-09-08,2026-09-22T16:50:23.521819,beta_adjusted_2026-09-22,MSI,0.14783695092845314,0.9051490514905149,0.16198653,0.0024028388019349312,0.016276464738787338,,,
2026-09-08,2026-09-22T16:50:23.521819,beta_adjusted_2026-09-22,MSM,0.25731850683864627,0.995483288166215,0.6531162,0.004184811486254764,0.016276464738787338,,,
2026-09-08,2026-09-22T16:50:23.521819,beta_adjusted_2026-09-22,MSTR,-0.19355603422125425,0.06729900632339657,3.0689638,-0.0031538320829236303,0.016276464738787338,,,
2026-09-08,2026-09-22T16:50:23.521819,beta_adjusted_2026-09-22,MTB,0.09388256019397132,0.7655826558265583,0.5975736,0.0015246520636423837,0.016276464738787338,,,
2026-09-08,2026-09-22T16:50:23.521819,beta_adjusted_2026-09-22,MTCH,0.21578646290088538,0.981029810298103,0.9071957,0.0035088166375720326,0.016276464738787338,,,
2026-09-08,2026-09-22T16:50:23.521819,beta_adjusted_2026-09-22,MTD,0.08043373604187057,0.7276422764227642,0.8087353,0.0013057527515525644,0.016276464738787338,,,
2026-09-08,2026-09-22T16:50:23.521819,beta_adjusted_2026-09-22,MTDR,0.10441471096998586,0.7935862691960253,-0.4916045,0.0016960782443717762,0.016276464738787338,,,
2026-09-08,2026-09-22T16:50:23.521819,beta_adjusted_2026-09-22,MTG,0.16517599299296704,0.9290876242095755,0.132394,0.002685057108702342,0.016276464738787338,,,
2026-09-08,2026-09-22T16:50:23.521819,beta_adjusted_2026-09-22,MTH,-0.058864265374960485,0.2958446251129178,1.0055977,-0.0009615262566920349,0.016276464738787338,,,
2026-09-08,2026-09-22T16:50:23.521819,beta_adjusted_2026-09-22,MTN,0.00857132511497117,0.4932249322493225,0.48286572,0.00013608675405664037,0.016276464738787338,,,
2026-09-08,2026-09-22T16:50:23.521819,beta_adjusted_2026-09-22,MTRN,0.04871403932797784,0.6327913279132791,2.0130055,0.0007894682264638608,0.016276464738787338,,,
2026-09-08,2026-09-22T16:50:23.521819,beta_adjusted_2026-09-22,MTSI,0.01566742822309538,0.5185185185185185,2.2093651,0.00025158622607882335,0.016276464738787338,,,
2026-09-08,2026-09-22T16:50:23.521819,beta_adjusted_2026-09-22,MTUS,-0.02085602732325345,0.3970189701897019,1.0089213,-0.0003428865102599902,0.016276464738787338,,,
2026-09-08,2026-09-22T16:50:23.521819,beta_adjusted_2026-09-22,MTW,0.03146904783043273,0.5781391147244805,1.7353722,0.0005087807304333804,0.016276464738787338,,,
2026-09-08,2026-09-22T16:50:23.521819,beta_adjusted_2026-09-22,MTX,0.13135239267303517,0.8654019873532068,0.66728294,0.0021345284707561347,0.016276464738787338,,,
2026-09-08,2026-09-22T16:50:23.521819,beta_adjusted_2026-09-22,MTZ,-0.06511842042127533,0.2813911472448058,1.7915437,-0.0010633217907742873,0.016276464738787338,,,
2026-09-08,2026-09-22T16:50:23.521819,beta_adjusted_2026-09-22,MU,0.10628830943914962,0.8026196928635954,3.3627937,0.001726573803789766,0.016276464738787338,,,
2026-09-08,2026-09-22T16:50:23.521819,beta_adjusted_2026-09-22,MUR,0.03565211538275755,0.5885275519421861,-0.49805278,0.0005768662819487608,0.016276464738787338,,,
2026-09-08,2026-09-22T16:50:23.521819,beta_adjusted_2026-09-22,MUSA,0.19137987666959705,0.9607046070460704,-0.6402944,0.0031115636973842956,0.016276464738787338,,,
2026-09-08,2026-09-22T16:50:23.521819,beta_adjusted_2026-09-22,MVST,-0.20905639768647932,0.05374887082204156,2.9422746,-0.0034061232023037537,0.016276464738787338,,,
2026-09-08,2026-09-22T16:50:23.521819,beta_adjusted_2026-09-22,MWA,-0.056797090258396986,0.3026196928635953,0.70469844,-0.0009278799537983905,0.016276464738787338,,,
2026-09-08,2026-09-22T16:50:23.521819,beta_adjusted_2026-09-22,MWH,0.11376973054885169,0.8202348690153568,1.9691834,0.001848344890677851,0.016276464738787338,,,
2026-09-08,2026-09-22T16:50:23.521819,beta_adjusted_2026-09-22,MXL,0.10115576289833227,0.7859078590785907,3.4229288,0.0016430340909979674,0.016276464738787338,,,
2026-09-08,2026-09-22T16:50:23.521819,beta_adjusted_2026-09-22,MYGN,-0.045253425593691235,0.3283649503161698,1.1669718,-0.0007399899029269221,0.016276464738787338,,,
2026-09-08,2026-09-22T16:50:23.521819,beta_adjusted_2026-09-22,MYRG,0.12297666059650872,0.8410117434507678,1.805974,0.0019982011629510223,0.016276464738787338,,,
2026-09-08,2026-09-22T16:50:23.521819,beta_adjusted_2026-09-22,MZTI,-0.054973764371130156,0.3075880758807588,-0.09759668,-0.0008982026542869738,0.016276464738787338,,,
2026-09-08,2026-09-22T16:50:23.521819,beta_adjusted_2026-09-22,NABL,-0.09441529471896218,0.2104787714543812,0.8164683,-0.0015401713322372723,0.016276464738787338,,,
2026-09-08,2026-09-22T16:50:23.521819,beta_adjusted_2026-09-22,NATL,0.045396951162891094,0.6224028906955736,0.72049314,0.0007354777579093775,0.016276464738787338,,,
2026-09-08,2026-09-22T16:50:23.521819,beta_adjusted_2026-09-22,NAVI,-0.11739989436122905,0.16892502258355918,0.69307035,-0.001914279357849773,0.016276464738787338,,,
2026-09-08,2026-09-22T16:50:23.521819,beta_adjusted_2026-09-22,NAVN,0.15321238704514253,0.912375790424571,1.0416747,0.00249033189834383,0.016276464738787338,,,
2026-09-08,2026-09-22T16:50:23.521819,beta_adjusted_2026-09-22,NBHC,-0.03765131422335645,0.34914182475158084,0.577604,-0.0006162544052673336,0.016276464738787338,,,
2026-09-08,2026-09-22T16:50:23.521819,beta_adjusted_2026-09-22,NBIX,0.12410614516801785,0.8455284552845529,0.6514979,0.002016585178752195,0.016276464738787338,,,
2026-09-08,2026-09-22T16:50:23.521819,beta_adjusted_2026-09-22,NBR,0.10090716326346211,0.7854561878952123,0.702352,0.001638987767806928,0.016276464738787338,,,
2026-09-08,2026-09-22T16:50:23.521819,beta_adjusted_2026-09-22,NBTB,-0.027423571527269458,0.37985546522131886,0.4669862,-0.0004497829119170839,0.016276464738787338,,,
2026-09-08,2026-09-22T16:50:23.521819,beta_adjusted_2026-09-22,NCLH,-0.1160107304642032,0.17208672086720866,1.9685029,-0.0018916686806634353,0.016276464738787338,,,
2026-09-08,2026-09-22T16:50:23.521819,beta_adjusted_2026-09-22,NCNO,-0.1209645142201563,0.16350496838301717,0.8149272,-0.001972298767290784,0.016276464738787338,,,
2026-09-08,2026-09-22T16:50:23.521819,beta_adjusted_2026-09-22,NDAQ,0.12759080072849133,0.8550135501355014,0.6463369,0.0020733030521090604,0.016276464738787338,,,
2026-09-08,2026-09-22T16:50:23.521819,beta_adjusted_2026-09-22,NDSN,0.07565699149075747,0.7172538392050587,0.855764,0.0012280042373001775,0.016276464738787338,,,
2026-09-08,2026-09-22T16:50:23.521819,beta_adjusted_2026-09-22,NE,0.0409860635182304,0.6074977416440831,0.3441265,0.000663684100694305,0.016276464738787338,,,
2026-09-08,2026-09-22T16:50:23.521819,beta_adjusted_2026-09-22,NEE,0.03715414147154852,0.5957542908762421,0.1843038,0.0006013139566197056,0.016276464738787338,,,
2026-09-08,2026-09-22T16:50:23.521819,beta_adjusted_2026-09-22,NEM,0.23635921591671072,0.99096657633243,1.6287451,0.0038436683266138945,0.016276464738787338,,,
2026-09-08,2026-09-22T16:50:23.521819,beta_adjusted_2026-09-22,NEO,0.11916295286827513,0.8328816621499548,1.1108621,0.0019361274835883876,0.016276464738787338,,,
2026-09-08,2026-09-22T16:50:23.521819,beta_adjusted_2026-09-22,NEOG,0.09239958737646117,0.7592592592592593,1.5456197,0.0015005145088695998,0.016276464738787338,,,
2026-09-08,2026-09-22T16:50:23.521819,beta_adjusted_2026-09-22,NESR,0.030440755429782224,0.5736224028906955,1.4415032,0.0004920437654330294,0.016276464738787338,,,
2026-09-08,2026-09-22T16:50:23.521819,beta_adjusted_2026-09-22,NET,0.1340440947802114,0.8712737127371274,1.6376004,0.0021783398651909086,0.016276464738787338,,,
2026-09-08,2026-09-22T16:50:23.521819,beta_adjusted_2026-09-22,NEU,0.12279082075041207,0.8405600722673894,0.6644061,0.0019951763472489687,0.016276464738787338,,,
2026-09-08,2026-09-22T16:50:23.521819,beta_adjusted_2026-09-22,NEXT,-0.24043912107340212,0.03432700993676603,-0.7617232,-0.00391692299291812,0.016276464738787338,,,
2026-09-08,2026-09-22T16:50:23.521819,beta_adjusted_2026-09-22,NFG,-0.09631420516652292,0.20596205962059622,-0.21342015,-0.0015710788811791096,0.016276464738787338,,,
2026-09-08,2026-09-22T16:50:23.521819,beta_adjusted_2026-09-22,NFLX,0.01091597077056082,0.5049683830171635,0.2674502,0.00017424929639479626,0.016276464738787338,,,
2026-09-08,2026-09-22T16:50:23.521819,beta_adjusted_2026-09-22,NG,-0.10001861969245568,0.1996386630532972,2.5138967,-0.0016313736535883059,0.016276464738787338,,,
2026-09-08,2026-09-22T16:50:23.521819,beta_adjusted_2026-09-22,NGL,0.1177184795578645,0.8297199638663053,0.35125417,0.0019126165646853697,0.016276464738787338,,,
2026-09-08,2026-09-22T16:50:23.521819,beta_adjusted_2026-09-22,NGVT,0.17697258115925968,0.9435411020776875,1.1423829,0.0028770638600290003,0.016276464738787338,,,
2026-09-08,2026-09-22T16:50:23.521819,beta_adjusted_2026-09-22,NHC,0.10587261951036511,0.8012646793134598,0.2652572,0.0017198078413216361,0.016276464738787338,,,
2026-09-08,2026-09-22T16:50:23.521819,beta_adjusted_2026-09-22,NHI,-0.1065433030969535,0.1915085817524842,-0.32151175,-0.0017375724329533656,0.016276464738787338,,,
2026-09-08,2026-09-22T16:50:23.521819,beta_adjusted_2026-09-22,NI,0.09628622659804956,0.7723577235772358,0.16103499,0.001563775255112171,0.016276464738787338,,,
2026-09-08,2026-09-22T16:50:23.521819,beta_adjusted_2026-09-22,NIC,-0.03823899313642441,0.34823848238482386,0.66506505,-0.0006258197403736131,0.016276464738787338,,,
2026-09-08,2026-09-22T16:50:23.521819,beta_adjusted_2026-09-22,NIQ,0.021191780076624166,0.5429087624209575,0.54262656,0.0003415031442274391,0.016276464738787338,,,
2026-09-08,2026-09-22T16:50:23.521819,beta_adjusted_2026-09-22,NJR,-0.05281204905891768,0.3107497741644083,-0.39312485,-0.0008630175712324509,0.016276464738787338,,,
2026-09-08,2026-09-22T16:50:23.521819,beta_adjusted_2026-09-22,NKE,0.001964874313753265,0.47199638663053295,0.7183678,2.855709054208381e-05,0.016276464738787338,,,
2026-09-08,2026-09-22T16:50:23.521819,beta_adjusted_2026-09-22,NKTR,-0.22955990081387273,0.04155374887082204,1.2000563,-0.0037398477479783886,0.016276464738787338,,,
2026-09-08,2026-09-22T16:50:23.521819,beta_adjusted_2026-09-22,NKTX,-0.17622391339730775,0.08536585365853659,1.9733061,-0.0028717264294842635,0.016276464738787338,,,
2026-09-08,2026-09-22T16:50:23.521819,beta_adjusted_2026-09-22,NLY,-0.004939797153855556,0.44941282746160793,0.55127186,-8.382655113336218e-05,0.016276464738787338,,,
2026-09-08,2026-09-22T16:50:23.521819,beta_adjusted_2026-09-22,NMAX,-0.19072803720976045,0.07136404697380307,1.5818506,-0.0031078022892846555,0.016276464738787338,,,
2026-09-08,2026-09-22T16:50:23.521819,beta_adjusted_2026-09-22,NMIH,0.09662943511776699,0.7732610659439928,0.13208109,0.0015693614764814032,0.016276464738787338,,,
2026-09-08,2026-09-22T16:50:23.521819,beta_adjusted_2026-09-22,NMRA,-0.27294422440488775,0.023035230352303523,0.7609749,-0.004445991161123684,0.016276464738787338,,,
2026-09-08,2026-09-22T16:50:23.521819,beta_adjusted_2026-09-22,NMRK,-0.11298373132227858,0.17479674796747968,1.1895481,-0.00184239983586556,0.016276464738787338,,,
2026-09-08,2026-09-22T16:50:23.521819,beta_adjusted_2026-09-22,NN,-0.16075146583771832,0.1034327009936766,1.5194575,-0.0026198896823578697,0.016276464738787338,,,
2026-09-08,2026-09-22T16:50:23.521819,beta_adjusted_2026-09-22,NNDM,-0.032325290880337726,0.3617886178861789,1.2911637,-0.000529565574126731,0.016276464738787338,,,
2026-09-08,2026-09-22T16:50:23.521819,beta_adjusted_2026-09-22,NNE,-0.3895917680929742,0.0027100271002710027,4.011563,-0.006344600792828978,0.016276464738787338,,,
2026-09-08,2026-09-22T16:50:23.521819,beta_adjusted_2026-09-22,NNI,-0.0023767588056158584,0.45889792231255644,0.17985336,-4.2109347834079e-05,0.016276464738787338,,,
2026-09-08,2026-09-22T16:50:23.521819,beta_adjusted_2026-09-22,NNN,0.014591583335825935,0.516260162601626,-0.052300017,0.00023407527470677757,0.016276464738787338,,,
2026-09-08,2026-09-22T16:50:23.521819,beta_adjusted_2026-09-22,NOC,0.012914309386357077,0.511743450767841,0.099827394,0.00020677518441096114,0.016276464738787338,,,
2026-09-08,2026-09-22T16:50:23.521819,beta_adjusted_2026-09-22,NOG,-0.08495313235247422,0.22990063233965674,-0.33934,-0.0013861607801264504,0.016276464738787338,,,
2026-09-08,2026-09-22T16:50:23.521819,beta_adjusted_2026-09-22,NOV,0.1854416196105888,0.9561878952122854,0.78085774,0.003014909865753493,0.016276464738787338,,,
2026-09-08,2026-09-22T16:50:23.521819,beta_adjusted_2026-09-22,NOVT,-0.07612622211758911,0.25158084914182477,1.9473566,-0.001242489886935902,0.016276464738787338,,,
2026-09-08,2026-09-22T16:50:23.521819,beta_adjusted_2026-09-22,NOW,0.06139041264690512,0.6693766937669376,0.70118713,0.0009957947698050853,0.016276464738787338,,,
2026-09-08,2026-09-22T16:50:23.521819,beta_adjusted_2026-09-22,NP,0.05497159808571613,0.6499548328816621,0.25530067,0.000891319160935078,0.016276464738787338,,,
2026-09-08,2026-09-22T16:50:23.521819,beta_adjusted_2026-09-22,NPO,0.08021141264130476,0.7271906052393857,1.7076916,0.0013021341125626477,0.016276464738787338,,,
2026-09-08,2026-09-22T16:50:23.521819,beta_adjusted_2026-09-22,NPWR,-0.21253982639844726,0.05058717253839205,2.6101718,-0.003462821106904179,0.016276464738787338,,,
2026-09-08,2026-09-22T16:50:23.521819,beta_adjusted_2026-09-22,NRG,-0.14169782506380224,0.12872628726287264,1.3861178,-0.0023097637701557042,0.016276464738787338,,,
2026-09-08,2026-09-22T16:50:23.521819,beta_adjusted_2026-09-22,NRGV,-0.0912478348980155,0.21725383920505872,3.000606,-0.001488616284150108,0.016276464738787338,,,
2026-09-08,2026-09-22T16:50:23.521819,beta_adjusted_2026-09-22,NRIX,-0.004951482245482669,0.44850948509485095,1.4748493,-8.401674311520039e-05,0.016276464738787338,,,
2026-09-08,2026-09-22T16:50:23.521819,beta_adjusted_2026-09-22,NRP,0.04779846125638111,0.6305329719963866,-0.029960927,0.0007745658522659097,0.016276464738787338,,,
2026-09-08,2026-09-22T16:50:23.521819,beta_adjusted_2026-09-22,NSC,0.11180693974911746,0.8161698283649503,0.26081565,0.0018163975954363606,0.016276464738787338,,,
2026-09-08,2026-09-22T16:50:23.521819,beta_adjusted_2026-09-22,NSIT,0.16053232854704397,0.9245709123757905,1.2847004,0.0026094746680895148,0.016276464738787338,,,
2026-09-08,2026-09-22T16:50:23.521819,beta_adjusted_2026-09-22,NSP,-0.07115903184226674,0.26513098464317975,0.13928,-0.00116164158956877,0.016276464738787338,,,
2026-09-08,2026-09-22T16:50:23.521819,beta_adjusted_2026-09-22,NSSC,0.03799943394254174,0.5980126467931346,1.2239697,0.0006150723297177891,0.016276464738787338,,,
2026-09-08,2026-09-22T16:50:23.521819,beta_adjusted_2026-09-22,NTAP,0.12529525951997444,0.8504968383017163,1.2790352,0.002035939756572202,0.016276464738787338,,,
2026-09-08,2026-09-22T16:50:23.521819,beta_adjusted_2026-09-22,NTCT,0.08176100513755802,0.7303523035230353,0.99575263,0.0013273560001874033,0.016276464738787338,,,
2026-09-08,2026-09-22T16:50:23.521819,beta_adjusted_2026-09-22,NTGR,-0.027935606333680106,0.37759710930442636,1.3913655,-0.00045811702838865863,0.016276464738787338,,,
2026-09-08,2026-09-22T16:50:23.521819,beta_adjusted_2026-09-22,NTLA,-0.31665679857538975,0.011291779584462511,2.3540275,-0.005157477333251486,0.016276464738787338,,,
2026-09-08,2026-09-22T16:50:23.521819,beta_adjusted_2026-09-22,NTNX,0.13049646026001105,0.8635953026196929,0.6968008,0.0021205969170167626,0.016276464738787338,,,
2026-09-08,2026-09-22T16:50:23.521819,beta_adjusted_2026-09-22,NTRA,0.14225263941785665,0.8938572719060524,1.2837476,0.0023119459525423034,0.016276464738787338,,,
2026-09-08,2026-09-22T16:50:23.521819,beta_adjusted_2026-09-22,NTRS,0.164142042060047,0.9277326106594399,0.944523,0.002668228042801033,0.016276464738787338,,,
2026-09-08,2026-09-22T16:50:23.521819,beta_adjusted_2026-09-22,NTSK,0.01922753231828044,0.5316169828364951,1.9109788,0.00030953213485051536,0.016276464738787338,,,
2026-09-08,2026-09-22T16:50:23.521819,beta_adjusted_2026-09-22,NTST,-0.04284831939002057,0.33514001806684734,-0.1288922,-0.0007008432766098377,0.016276464738787338,,,
2026-09-08,2026-09-22T16:50:23.521819,beta_adjusted_2026-09-22,NUE,0.08141049272347586,0.7294489611562782,0.9456195,0.0013216508972390879,0.016276464738787338,,,
2026-09-08,2026-09-22T16:50:23.521819,beta_adjusted_2026-09-22,NUS,-0.15428194376724985,0.1120144534778681,0.80717087,-0.0025145887345010835,0.016276464738787338,,,
2026-09-08,2026-09-22T16:50:23.521819,beta_adjusted_2026-09-22,NUTX,0.025983717967122844,0.5578139114724481,2.1120937,0.0004194989523325998,0.016276464738787338,,,
2026-09-08,2026-09-22T16:50:23.521819,beta_adjusted_2026-09-22,NUVB,-0.11599599825566917,0.17253839205058719,1.661426,-0.0018914288923907068,0.016276464738787338,,,
2026-09-08,2026-09-22T16:50:23.521819,beta_adjusted_2026-09-22,NVAX,-0.10610740063132135,0.1919602529358627,1.7978683,-0.0017304774818419533,0.016276464738787338,,,
2026-09-08,2026-09-22T16:50:23.521819,beta_adjusted_2026-09-22,NVCR,0.01733800029712844,0.5248419150858176,1.6135937,0.00027877723353542523,0.016276464738787338,,,
2026-09-08,2026-09-22T16:50:23.521819,beta_adjusted_2026-09-22,NVDA,0.07687563102546326,0.7195121951219512,1.9186957,0.0012478393807161085,0.016276464738787338,,,
2026-09-08,2026-09-22T16:50:23.521819,beta_adjusted_2026-09-22,NVR,0.020391634979941148,0.537940379403794,0.5491393,0.0003284796107753644,0.016276464738787338,,,
2026-09-08,2026-09-22T16:50:23.521819,beta_adjusted_2026-09-22,NVST,0.19955549696873295,0.9697380307136405,1.2705593,0.003244633892900895,0.016276464738787338,,,
2026-09-08,2026-09-22T16:50:23.521819,beta_adjusted_2026-09-22,NVT,0.0576831604990226,0.6580849141824752,2.0076494,0.0009354538109422818,0.016276464738787338,,,
2026-09-08,2026-09-22T16:50:23.521819,beta_adjusted_2026-09-22,NVTS,-0.08445388905719084,0.23080397470641373,4.6537805,-0.0013780348642346946,0.016276464738787338,,,
2026-09-08,2026-09-22T16:50:23.521819,beta_adjusted_2026-09-22,NWBI,-0.04975886786148337,0.3179765130984643,0.45391476,-0.0008133225751312828,0.016276464738787338,,,
2026-09-08,2026-09-22T16:50:23.521819,beta_adjusted_2026-09-22,NWE,0.11905506888871611,0.8319783197831978,0.061765075,0.0019343715137992152,0.016276464738787338,,,
2026-09-08,2026-09-22T16:50:23.521819,beta_adjusted_2026-09-22,NWL,0.013519913691867336,0.5140018066847335,1.2241104,0.00021663228153525664,0.016276464738787338,,,
2026-09-08,2026-09-22T16:50:23.521819,beta_adjusted_2026-09-22,NWN,-0.036450914089904196,0.35320686540198737,-0.35110384,-0.0005967161348227624,0.016276464738787338,,,
2026-09-08,2026-09-22T16:50:23.521819,beta_adjusted_2026-09-22,NWSA,0.13944000339147702,0.8861788617886179,0.28607622,0.0022661661814358924,0.016276464738787338,,,
2026-09-08,2026-09-22T16:50:23.521819,beta_adjusted_2026-09-22,NX,-0.00248620168038146,0.458446251129178,1.9281979,-4.389069092611283e-05,0.016276464738787338,,,
2026-09-08,2026-09-22T16:50:23.521819,beta_adjusted_2026-09-22,NXDR,0.1558048834802122,0.9159891598915989,1.3538955,0.0025325285751546735,0.016276464738787338,,,
2026-09-08,2026-09-22T16:50:23.521819,beta_adjusted_2026-09-22,NXDT,-0.06333276451807446,0.2863595302619693,1.1821512,-0.0010342576254302308,0.016276464738787338,,,
2026-09-08,2026-09-22T16:50:23.521819,beta_adjusted_2026-09-22,NXH,-0.1495777461232919,0.11833785004516711,2.6932034,-0.002438021027424915,0.016276464738787338,,,
2026-09-08,2026-09-22T16:50:23.521819,beta_adjusted_2026-09-22,NXPI,0.04423746479136746,0.6183378500451672,1.7705883,0.0007166054188681687,0.016276464738787338,,,
2026-09-08,2026-09-22T16:50:23.521819,beta_adjusted_2026-09-22,NXRT,-0.044857754142369435,0.3297199638663053,0.2508346,-0.000733549770501338,0.016276464738787338,,,
2026-09-08,2026-09-22T16:50:23.521819,beta_adjusted_2026-09-22,NXST,-0.13889565855277114,0.13279132791327913,0.4891683,-0.002264154405746696,0.016276464738787338,,,
2026-09-08,2026-09-22T16:50:23.521819,beta_adjusted_2026-09-22,NXT,-0.05867971838796517,0.2962962962962963,2.5774403,-0.0009585224841655562,0.016276464738787338,,,
2026-09-08,2026-09-22T16:50:23.521819,beta_adjusted_2026-09-22,NYT,0.09906026647955407,0.7791327913279132,0.08426631,0.0016089268174274691,0.016276464738787338,,,
2026-09-08,2026-09-22T16:50:23.521819,beta_adjusted_2026-09-22,O,-0.02131396581802704,0.3943089430894309,-0.0497241,-0.0003503401300227059,0.016276464738787338,,,
2026-09-08,2026-09-22T16:50:23.521819,beta_adjusted_2026-09-22,OBDC,0.05315342755068004,0.6449864498644986,0.80535924,0.0008617257723324609,0.016276464738787338,,,
2026-09-08,2026-09-22T16:50:23.521819,beta_adjusted_2026-09-22,OBX,0.22569797487272816,0.986449864498645,,0.0036701410126898,0.016276464738787338,,,
2026-09-08,2026-09-22T16:50:23.521819,beta_adjusted_2026-09-22,OC,0.11960854700699516,0.8346883468834688,1.5256778,0.0019433801808750744,0.016276464738787338,,,
2026-09-08,2026-09-22T16:50:23.521819,beta_adjusted_2026-09-22,OCGN,-0.19121461558071248,0.07091237579042457,1.464738,-0.003115722064982113,0.016276464738787338,,,
2026-09-08,2026-09-22T16:50:23.521819,beta_adjusted_2026-09-22,OCTV,0.15518550980715032,0.9155374887082204,,0.0025224473614049486,0.016276464738787338,,,
2026-09-08,2026-09-22T16:50:23.521819,beta_adjusted_2026-09-22,OCUL,-0.2030733492835343,0.06007226738934056,0.96332777,-0.003308740325942761,0.016276464738787338,,,
2026-09-08,2026-09-22T16:50:23.521819,beta_adjusted_2026-09-22,ODFL,0.11808244417596094,0.8301716350496838,1.0027592,0.0019185406219579823,0.016276464738787338,,,
2026-09-08,2026-09-22T16:50:23.521819,beta_adjusted_2026-09-22,OEC,-0.09557622123851928,0.2064137308039747,1.2100408,-0.0015590671117971665,0.016276464738787338,,,
2026-09-08,2026-09-22T16:50:23.521819,beta_adjusted_2026-09-22,OFG,0.004409650770856088,0.48057813911472447,0.47906312,6.834940834033535e-05,0.016276464738787338,,,
2026-09-08,2026-09-22T16:50:23.521819,beta_adjusted_2026-09-22,OGE,0.05427845563145545,0.6481481481481481,-0.028202772,0.0008800372522193474,0.016276464738787338,,,
2026-09-08,2026-09-22T16:50:23.521819,beta_adjusted_2026-09-22,OGN,0.07012062078160229,0.7000903342366757,0.7075011,0.0011378916946717583,0.016276464738787338,,,
2026-09-08,2026-09-22T16:50:23.521819,beta_adjusted_2026-09-22,OGS,-0.01935619471783638,0.4015356820234869,-0.22224692,-0.00031847453774383575,0.016276464738787338,,,
2026-09-08,2026-09-22T16:50:23.521819,beta_adjusted_2026-09-22,OHI,-0.0057708925410182785,0.44625112917795845,-0.24518256,-9.735384589708504e-05,0.016276464738787338,,,
2026-09-08,2026-09-22T16:50:23.521819,beta_adjusted_2026-09-22,OI,-0.13004280401474622,0.14724480578139115,1.1593877,-0.0021200612310209193,0.016276464738787338,,,
2026-09-08,2026-09-22T16:50:23.521819,beta_adjusted_2026-09-22,OII,0.049042985057014564,0.6336946702800361,0.89728534,0.0007948223000235016,0.016276464738787338,,,
2026-09-08,2026-09-22T16:50:23.521819,beta_adjusted_2026-09-22,OIS,0.09264150027147612,0.7601626016260162,0.87263286,0.0015044519955751685,0.016276464738787338,,,
2026-09-08,2026-09-22T16:50:23.521819,beta_adjusted_2026-09-22,OKE,0.0919915340215871,0.7579042457091237,-0.47107127,0.0014938728428274483,0.016276464738787338,,,
2026-09-08,2026-09-22T16:50:23.521819,beta_adjusted_2026-09-22,OKLO,-0.21713255674987172,0.04742547425474255,4.008848,-0.0035375745205238978,0.016276464738787338,,,
2026-09-08,2026-09-22T16:50:23.521819,beta_adjusted_2026-09-22,OKTA,0.0886788115684473,0.7493224932249323,1.340986,0.001439953432629529,0.016276464738787338,,,
2026-09-08,2026-09-22T16:50:23.521819,beta_adjusted_2026-09-22,OLED,-0.13246680951700013,0.13911472448057813,1.3526162,-0.0021595154711049817,0.016276464738787338,,,
2026-09-08,2026-09-22T16:50:23.521819,beta_adjusted_2026-09-22,OLLI,-0.1516773170009853,0.11517615176151762,0.815276,-0.0024721946187822768,0.016276464738787338,,,
2026-09-08,2026-09-22T16:50:23.521819,beta_adjusted_2026-09-22,OLMA,-0.2783791193140427,0.01987353206865402,0.414874,-0.004534452036471559,0.016276464738787338,,,
2026-09-08,2026-09-22T16:50:23.521819,beta_adjusted_2026-09-22,OLN,-0.04378314497890384,0.33152664859981934,0.7552113,-0.0007160589323442125,0.016276464738787338,,,
2026-09-08,2026-09-22T16:50:23.521819,beta_adjusted_2026-09-22,OMC,-0.04300613489971224,0.3346883468834688,0.42709804,-0.0007034119551885679,0.016276464738787338,,,
2026-09-08,2026-09-22T16:50:23.521819,beta_adjusted_2026-09-22,OMCL,-0.0038962468080989757,0.45121951219512196,0.98392737,-6.684124072750587e-05,0.016276464738787338,,,
2026-09-08,2026-09-22T16:50:23.521819,beta_adjusted_2026-09-22,OMF,0.10363105037946327,0.7913279132791328,1.1047026,0.001683323020402958,0.016276464738787338,,,
2026-09-08,2026-09-22T16:50:23.521819,beta_adjusted_2026-09-22,ON,0.08005086867536962,0.7262872628726287,2.5953465,0.0012995210243620793,0.016276464738787338,,,
2026-09-08,2026-09-22T16:50:23.521819,beta_adjusted_2026-09-22,ONB,0.06298267731001453,0.6729900632339657,0.8160496,0.0010217112094490026,0.016276464738787338,,,
2026-09-08,2026-09-22T16:50:23.521819,beta_adjusted_2026-09-22,ONC,0.12475455890594787,0.8486901535682023,0.86403257,0.0020271390620937584,0.016276464738787338,,,
2026-09-08,2026-09-22T16:50:23.521819,beta_adjusted_2026-09-22,ONDS,-0.19263674386839197,0.06865401987353206,3.454421,-0.0031388692859105603,0.016276464738787338,,,
2026-09-08,2026-09-22T16:50:23.521819,beta_adjusted_2026-09-22,ONIT,-0.22956519578065698,0.04110207768744354,0.74723107,-0.0037399339313185453,0.016276464738787338,,,
2026-09-08,2026-09-22T16:50:23.521819,beta_adjusted_2026-09-22,ONT,-0.039856835538460575,0.34191508581752483,1.481612,-0.0006521524951832697,0.016276464738787338,,,
2026-09-08,2026-09-22T16:50:23.521819,beta_adjusted_2026-09-22,ONTO,0.005187442426048329,0.483739837398374,3.1421287,8.100910679019489e-05,0.016276464738787338,,,
2026-09-08,2026-09-22T16:50:23.521819,beta_adjusted_2026-09-22,OPCH,0.015406786432291819,0.5176151761517616,0.027405385,0.00024734389916135477,0.016276464738787338,,,
2026-09-08,2026-09-22T16:50:23.521819,beta_adjusted_2026-09-22,OPEN,-0.1733119933482568,0.08807588075880758,3.2582917,-0.002824330665483718,0.016276464738787338,,,
2026-09-08,2026-09-22T16:50:23.521819,beta_adjusted_2026-09-22,OPK,-0.13216198082255426,0.14046973803071364,0.87124705,-0.002154553937608463,0.016276464738787338,,,
2026-09-08,2026-09-22T16:50:23.521819,beta_adjusted_2026-09-22,OPLN,0.032021588844971804,0.5790424570912376,0.87120306,0.0005177741447732594,0.016276464738787338,,,
2026-09-08,2026-09-22T16:50:23.521819,beta_adjusted_2026-09-22,OPTU,-0.14813878364803806,0.12014453477868112,1.1772925,-0.002414599805436008,0.016276464738787338,,,
2026-09-08,2026-09-22T16:50:23.521819,beta_adjusted_2026-09-22,ORA,-0.12246097589146891,0.16079494128274616,0.8338723,-0.00199665587291685,0.016276464738787338,,,
2026-09-08,2026-09-22T16:50:23.521819,beta_adjusted_2026-09-22,ORCL,-0.03036136832997391,0.3685636856368564,2.0590858,-0.0004975998579860252,0.016276464738787338,,,
2026-09-08,2026-09-22T16:50:23.521819,beta_adjusted_2026-09-22,ORGO,-0.2624507284051795,0.026648599819331528,1.219089,-0.004275194143497827,0.016276464738787338,,,
2026-09-08,2026-09-22T16:50:23.521819,beta_adjusted_2026-09-22,ORI,0.028879755723635492,0.5709123757904245,-0.13699068,0.0004666362087586747,0.016276464738787338,,,
2026-09-08,2026-09-22T16:50:23.521819,beta_adjusted_2026-09-22,ORKA,-0.22827964073646378,0.04290876242095754,1.4702011,-0.0037190096399719644,0.016276464738787338,,,
2026-09-08,2026-09-22T16:50:23.521819,beta_adjusted_2026-09-22,ORLY,-0.003356874607084691,0.45167118337850043,0.03653276,-5.806216811661474e-05,0.016276464738787338,,,
2026-09-08,2026-09-22T16:50:23.521819,beta_adjusted_2026-09-22,OSCR,0.07437917789179879,0.7113821138211383,1.4829136,0.0012072059493139836,0.016276464738787338,,,
2026-09-08,2026-09-22T16:50:23.521819,beta_adjusted_2026-09-22,OSIS,0.018287070185567522,0.528906955736224,1.2830119,0.0002942247361092488,0.016276464738787338,,,
2026-09-08,2026-09-22T16:50:23.521819,beta_adjusted_2026-09-22,OSK,0.09511563449719809,0.7687443541102078,1.5116358,0.0015447221540591592,0.016276464738787338,,,
2026-09-08,2026-09-22T16:50:23.521819,beta_adjusted_2026-09-22,OSW,-0.006392968177727436,0.44308943089430897,0.9626021,-0.00010747903806284033,0.016276464738787338,,,
2026-09-08,2026-09-22T16:50:23.521819,beta_adjusted_2026-09-22,OTEX,-0.07050624401159436,0.2660343270099368,0.8899439,-0.0011510165114609215,0.016276464738787338,,,
2026-09-08,2026-09-22T16:50:23.521819,beta_adjusted_2026-09-22,OTIS,0.059028747495527986,0.6635049683830172,0.30996874,0.0009573552102438725,0.016276464738787338,,,
2026-09-08,2026-09-22T16:50:23.521819,beta_adjusted_2026-09-22,OTTR,-0.007218862372260992,0.4385727190605239,0.17460567,-0.00012092167579813493,0.016276464738787338,,,
2026-09-08,2026-09-22T16:50:23.521819,beta_adjusted_2026-09-22,OUST,-0.07259542078640605,0.26061427280939475,4.582869,-0.0011850209235692373,0.016276464738787338,,,
2026-09-08,2026-09-22T16:50:23.521819,beta_adjusted_2026-09-22,OUT,0.018284782870346905,0.5284552845528455,0.53776234,0.00029418750670371393,0.016276464738787338,,,
2026-09-08,2026-09-22T16:50:23.521819,beta_adjusted_2026-09-22,OVV,0.13621516490994767,0.8762420957542909,-0.3757247,0.0022136772116029954,0.016276464738787338,,,
2026-09-08,2026-09-22T16:50:23.521819,beta_adjusted_2026-09-22,OWL,-0.07853287756363878,0.24480578139114725,1.6583381,-0.00128166172944194,0.016276464738787338,,,
2026-09-08,2026-09-22T16:50:23.521819,beta_adjusted_2026-09-22,OXY,0.05289346967424265,0.6440831074977417,-0.6326598,0.0008574945771230578,0.016276464738787338,,,
2026-09-08,2026-09-22T16:50:23.521819,beta_adjusted_2026-09-22,OZK,-0.025077226209202684,0.3843721770551039,0.66355515,-0.00041159270508255133,0.016276464738787338,,,
2026-09-08,2026-09-22T16:50:23.521819,beta_adjusted_2026-09-22,P,0.021410733948784136,0.5433604336043361,2.3701901,0.0003450669392070718,0.016276464738787338,,,
2026-09-08,2026-09-22T16:50:23.521819,beta_adjusted_2026-09-22,PAA,0.06424047859970333,0.6793134598012647,-0.3503227,0.001042183767789024,0.016276464738787338,,,
2026-09-08,2026-09-22T16:50:23.521819,beta_adjusted_2026-09-22,PACB,-0.1942737728191853,0.06639566395663957,2.515112,-0.0031655143299045216,0.016276464738787338,,,
2026-09-08,2026-09-22T16:50:23.521819,beta_adjusted_2026-09-22,PACK,-0.10314276130284664,0.1942186088527552,2.6909153,-0.0016822236343488125,0.016276464738787338,,,
2026-09-08,2026-09-22T16:50:23.521819,beta_adjusted_2026-09-22,PACS,-0.0005992375640127834,0.46160794941282746,0.4561239,-1.3177586022681063e-05,0.016276464738787338,,,
2026-09-08,2026-09-22T16:50:23.521819,beta_adjusted_2026-09-22,PAG,0.08074556367177989,0.7280939476061428,0.566316,0.001310828202975363,0.016276464738787338,,,
2026-09-08,2026-09-22T16:50:23.521819,beta_adjusted_2026-09-22,PAGP,0.0581007788424436,0.6612466124661247,-0.33976448,0.0009422511611832444,0.016276464738787338,,,
2026-09-08,2026-09-22T16:50:23.521819,beta_adjusted_2026-09-22,PAHC,-0.11254172544507986,0.17524841915085818,0.86082,-0.001835205542790998,0.016276464738787338,,,
2026-09-08,2026-09-22T16:50:23.521819,beta_adjusted_2026-09-22,PANW,0.047593512987086195,0.6296296296296297,1.3366064,0.0007712300189874555,0.016276464738787338,,,
2026-09-08,2026-09-22T16:50:23.521819,beta_adjusted_2026-09-22,PAR,-0.24974334294694459,0.03026196928635953,1.1492146,-0.004068362832164687,0.016276464738787338,,,
2026-09-08,2026-09-22T16:50:23.521819,beta_adjusted_2026-09-22,PARR,0.085666416581537,0.7398373983739838,-0.3840686,0.0013909222918457838,0.016276464738787338,,,
2026-09-08,2026-09-22T16:50:23.521819,beta_adjusted_2026-09-22,PATH,0.139314414873405,0.8852755194218609,1.303712,0.0022641220443498965,0.016276464738787338,,,
2026-09-08,2026-09-22T16:50:23.521819,beta_adjusted_2026-09-22,PATK,-0.06497986546517374,0.28184281842818426,0.736398,-0.0010610666059169156,0.016276464738787338,,,
2026-09-08,2026-09-22T16:50:23.521819,beta_adjusted_2026-09-22,PAY,0.06333801762650845,0.6747967479674797,0.77592325,0.0010274948935806857,0.016276464738787338,,,
2026-09-08,2026-09-22T16:50:23.521819,beta_adjusted_2026-09-22,PAYC,0.09353243842426173,0.7642276422764228,0.12998423,0.001518953319003424,0.016276464738787338,,,
2026-09-08,2026-09-22T16:50:23.521819,beta_adjusted_2026-09-22,PAYO,0.14217547210917741,0.8929539295392954,1.0379096,0.0023106899415635987,0.016276464738787338,,,
2026-09-08,2026-09-22T16:50:23.521819,beta_adjusted_2026-09-22,PAYX,0.07362967186685757,0.7086720867208672,0.0058798925,0.0011950066409275192,0.016276464738787338,,,
2026-09-08,2026-09-22T16:50:23.521819,beta_adjusted_2026-09-22,PB,-0.08273617551488607,0.23532068654019875,0.4649993,-0.0013500765603320336,0.016276464738787338,,,
2026-09-08,2026-09-22T16:50:23.521819,beta_adjusted_2026-09-22,PBF,-0.0044243572696135575,0.44986449864498645,-0.4985347,-7.543701203253267e-05,0.016276464738787338,,,
2026-09-08,2026-09-22T16:50:23.521819,beta_adjusted_2026-09-22,PBH,-0.10703642653424922,0.1897018970189702,-0.04415304,-0.0017455987391923789,0.016276464738787338,,,
2026-09-08,2026-09-22T16:50:23.521819,beta_adjusted_2026-09-22,PBI,0.18905878027763662,0.9598012646793135,0.78744084,0.003073784453805225,0.016276464738787338,,,
2026-09-08,2026-09-22T16:50:23.521819,beta_adjusted_2026-09-22,PBLS,-0.19757166773893878,0.06323396567299007,,-0.003219192400278115,0.016276464738787338,,,
2026-09-08,2026-09-22T16:50:23.521819,beta_adjusted_2026-09-22,PBYI,0.06048363980520746,0.6680216802168022,0.54834527,0.0009810357136211033,0.016276464738787338,,,
2026-09-08,2026-09-22T16:50:23.521819,beta_adjusted_2026-09-22,PCAR,0.12829918379039748,0.8572719060523939,0.9752844,0.0020848330240377305,0.016276464738787338,,,
2026-09-08,2026-09-22T16:50:23.521819,beta_adjusted_2026-09-22,PCG,-0.010307257960781177,0.4277326106594399,0.14543605,-0.0001711898376941101,0.016276464738787338,,,
2026-09-08,2026-09-22T16:50:23.521819,beta_adjusted_2026-09-22,PCOR,-0.014902059468959936,0.4132791327913279,0.8502462,-0.0002459769624237085,0.016276464738787338,,,
2026-09-08,2026-09-22T16:50:23.521819,beta_adjusted_2026-09-22,PCRX,0.1199718041693501,0.8360433604336044,0.343344,0.0019492927232692566,0.016276464738787338,,,
2026-09-08,2026-09-22T16:50:23.521819,beta_adjusted_2026-09-22,PCT,-0.3372870206180314,0.008581752484191508,2.319369,-0.0054932644148818965,0.016276464738787338,,,
2026-09-08,2026-09-22T16:50:23.521819,beta_adjusted_2026-09-22,PCTY,0.05600427850011606,0.6526648599819331,-0.030645896,0.0009081275472864947,0.016276464738787338,,,
2026-09-08,2026-09-22T16:50:23.521819,beta_adjusted_2026-09-22,PCVX,-0.07332221981437538,0.25925925925925924,0.8859939,-0.0011968506423201651,0.016276464738787338,,,
2026-09-08,2026-09-22T16:50:23.521819,beta_adjusted_2026-09-22,PD,-0.13265640462365097,0.13821138211382114,0.74658185,-0.002162601409173031,0.016276464738787338,,,
2026-09-08,2026-09-22T16:50:23.521819,beta_adjusted_2026-09-22,PDFS,-0.06644765811034711,0.27822944896115626,2.8106449,-0.0010849570811499313,0.016276464738787338,,,
2026-09-08,2026-09-22T16:50:23.521819,beta_adjusted_2026-09-22,PDM,0.0744066750893172,0.7118337850045167,0.65288365,0.0012076535064798075,0.016276464738787338,,,
2026-09-08,2026-09-22T16:50:23.521819,beta_adjusted_2026-09-22,PEB,0.08529731482969573,0.7375790424570913,0.87655383,0.0013849146201969148,0.016276464738787338,,,
2026-09-08,2026-09-22T16:50:23.521819,beta_adjusted_2026-09-22,PECO,0.04518170731553094,0.6214995483288166,-0.028722512,0.0007319743490175791,0.016276464738787338,,,
2026-09-08,2026-09-22T16:50:23.521819,beta_adjusted_2026-09-22,PEG,0.02117577845985759,0.542457091237579,0.10960192,0.0003412426944763743,0.016276464738787338,,,
2026-09-08,2026-09-22T16:50:23.521819,beta_adjusted_2026-09-22,PEGA,0.020477944618694857,0.5401987353206865,0.802521,0.00032988442656715656,0.016276464738787338,,,
2026-09-08,2026-09-22T16:50:23.521819,beta_adjusted_2026-09-22,PEN,0.060100582291536656,0.6657633242999097,0.013880375,0.0009748008915069128,0.016276464738787338,,,
2026-09-08,2026-09-22T16:50:23.521819,beta_adjusted_2026-09-22,PENG,0.04052108759134207,0.6056910569105691,3.2501435,0.0006561159364159222,0.016276464738787338,,,
2026-09-08,2026-09-22T16:50:23.521819,beta_adjusted_2026-09-22,PENN,0.03668443511350399,0.5939476061427281,0.96441364,0.0005936687976454096,0.016276464738787338,,,
2026-09-08,2026-09-22T16:50:23.521819,beta_adjusted_2026-09-22,PEP,0.1291988889891517,0.8590785907859079,-0.22696862,0.002099477043980557,0.016276464738787338,,,
2026-09-08,2026-09-22T16:50:23.521819,beta_adjusted_2026-09-22,PFE,0.0958871143455321,0.7714543812104788,0.33933327,0.0015572791186072527,0.016276464738787338,,,
2026-09-08,2026-09-22T16:50:23.521819,beta_adjusted_2026-09-22,PFG,0.0752140622507107,0.7154471544715447,0.660333,0.0012207949151427785,0.016276464738787338,,,
2026-09-08,2026-09-22T16:50:23.521819,beta_adjusted_2026-09-22,PFGC,0.1330176341158396,0.8685636856368564,0.3736524,0.002161632714381509,0.016276464738787338,,,
2026-09-08,2026-09-22T16:50:23.521819,beta_adjusted_2026-09-22,PFS,-0.030461061546003268,0.36811201445347785,0.6551052,-0.0004992225111014232,0.016276464738787338,,,
2026-09-08,2026-09-22T16:50:23.521819,beta_adjusted_2026-09-22,PFSI,-0.14654626496595125,0.12240289069557363,0.73376167,-0.002388679231261162,0.016276464738787338,,,
2026-09-08,2026-09-22T16:50:23.521819,beta_adjusted_2026-09-22,PG,0.1474890673030049,0.9042457091237579,-0.06034652,0.0023971764863721214,0.016276464738787338,,,
2026-09-08,2026-09-22T16:50:23.521819,beta_adjusted_2026-09-22,PGEN,-0.06568269837740506,0.2791327913279133,1.3952385,-0.001072506241030108,0.016276464738787338,,,
2026-09-08,2026-09-22T16:50:23.521819,beta_adjusted_2026-09-22,PGNY,0.17904796924377242,0.948509485094851,0.3813933,0.002910843841005871,0.016276464738787338,,,
2026-09-08,2026-09-22T16:50:23.521819,beta_adjusted_2026-09-22,PGR,0.08929291943200204,0.7520325203252033,-0.51247305,0.0014499489376164898,0.016276464738787338,,,
2026-09-08,2026-09-22T16:50:23.521819,beta_adjusted_2026-09-22,PH,0.1163875286679929,0.8261065943992774,0.8204221,0.0018909533894573168,0.016276464738787338,,,
2026-09-08,2026-09-22T16:50:23.521819,beta_adjusted_2026-09-22,PHIN,0.0678013105111416,0.6919602529358627,1.0181355,0.0011001415228362975,0.016276464738787338,,,
2026-09-08,2026-09-22T16:50:23.521819,beta_adjusted_2026-09-22,PHM,0.030224462148252584,0.573170731707317,0.9020919,0.0004885232754629756,0.016276464738787338,,,
2026-09-08,2026-09-22T16:50:23.521819,beta_adjusted_2026-09-22,PHR,-0.12673755066483955,0.15221318879855464,0.3163941,-0.002066263391418405,0.016276464738787338,,,
2026-09-08,2026-09-22T16:50:23.521819,beta_adjusted_2026-09-22,PI,-0.01689916327708802,0.4092140921409214,2.3482234,-0.0002784827521364032,0.016276464738787338,,,
2026-09-08,2026-09-22T16:50:23.521819,beta_adjusted_2026-09-22,PII,0.10513384228079989,0.7962962962962963,1.462699,0.0017077831597947987,0.016276464738787338,,,
2026-09-08,2026-09-22T16:50:23.521819,beta_adjusted_2026-09-22,PINS,0.09104711357645777,0.7556458897922312,0.9221714,0.0014785010167537107,0.016276464738787338,,,
2026-09-08,2026-09-22T16:50:23.521819,beta_adjusted_2026-09-22,PIPR,0.09334838573195688,0.7633242999096658,1.3852919,0.001515957591847045,0.016276464738787338,,,
2026-09-08,2026-09-22T16:50:23.521819,beta_adjusted_2026-09-22,PJT,0.08218099193173224,0.7312556458897922,0.9564684,0.0013341919004335365,0.016276464738787338,,,
2026-09-08,2026-09-22T16:50:23.521819,beta_adjusted_2026-09-22,PK,0.07544271009334011,0.7168021680216802,0.7717487,0.0012245164936909357,0.016276464738787338,,,
2026-09-08,2026-09-22T16:50:23.521819,beta_adjusted_2026-09-22,PKG,0.0572927545079712,0.6567299006323396,0.73560447,0.0009290993815951223,0.016276464738787338,,,
2026-09-08,2026-09-22T16:50:23.521819,beta_adjusted_2026-09-22,PL,-0.12816805328632117,0.14995483288166214,2.494975,-0.0020895469168956933,0.016276464738787338,,,
2026-09-08,2026-09-22T16:50:23.521819,beta_adjusted_2026-09-22,PLAB,0.028324898284695567,0.5691056910569106,3.035913,0.0004576050912187152,0.016276464738787338,,,
2026-09-08,2026-09-22T16:50:23.521819,beta_adjusted_2026-09-22,PLAY,-0.04811810680393225,0.32204155374887083,1.5245055,-0.0007866167856332765,0.016276464738787338,,,
2026-09-08,2026-09-22T16:50:23.521819,beta_adjusted_2026-09-22,PLD,0.09812306810145138,0.7768744354110207,0.4533855,0.001593672541073032,0.016276464738787338,,,
2026-09-08,2026-09-22T16:50:23.521819,beta_adjusted_2026-09-22,PLMR,0.05530022996880316,0.6504065040650406,-0.24319015,0.0008966681261921853,0.016276464738787338,,,
2026-09-08,2026-09-22T16:50:23.521819,beta_adjusted_2026-09-22,PLNT,-0.007352030376711172,0.43812104787714545,0.2723429,-0.00012308918012690295,0.016276464738787338,,,
2026-09-08,2026-09-22T16:50:23.521819,beta_adjusted_2026-09-22,PLPC,0.1481431151439675,0.9056007226738934,2.3136632,0.002407822072993029,0.016276464738787338,,,
2026-09-08,2026-09-22T16:50:23.521819,beta_adjusted_2026-09-22,PLSE,-0.045090838477241935,0.3288166214995483,2.1996133,-0.0007373435594590538,0.016276464738787338,,,
2026-09-08,2026-09-22T16:50:23.521819,beta_adjusted_2026-09-22,PLTK,-0.049401934927202296,0.3193315266485998,0.908761,-0.0008075129688123449,0.016276464738787338,,,
2026-09-08,2026-09-22T16:50:23.521819,beta_adjusted_2026-09-22,PLTR,0.027238540951937562,0.5650406504065041,1.9867108,0.00043992303439835645,0.016276464738787338,,,
2026-09-08,2026-09-22T16:50:23.521819,beta_adjusted_2026-09-22,PLUG,-0.1251571704859661,0.15582655826558264,2.4416058,-0.0020405403891630932,0.016276464738787338,,,
2026-09-08,2026-09-22T16:50:23.521819,beta_adjusted_2026-09-22,PLUS,0.05080919131514619,0.6377597109304426,0.87932736,0.0008235698939054066,0.016276464738787338,,,
2026-09-08,2026-09-22T16:50:23.521819,beta_adjusted_2026-09-22,PLX,-0.06289572477252545,0.2872628726287263,1.2941735,-0.0010271441634223538,0.016276464738787338,,,
2026-09-08,2026-09-22T16:50:23.521819,beta_adjusted_2026-09-22,PLXS,-0.002618038985308789,0.45754290876242093,1.6964246,-4.6036536171019256e-05,0.016276464738787338,,,
2026-09-08,2026-09-22T16:50:23.521819,beta_adjusted_2026-09-22,PM,0.16400524818404344,0.926829268292683,-0.15428662,0.002666001522101779,0.016276464738787338,,,
2026-09-08,2026-09-22T16:50:23.521819,beta_adjusted_2026-09-22,PMT,-0.1603417932342271,0.1043360433604336,0.50588846,-0.0026132216606726977,0.016276464738787338,,,
2026-09-08,2026-09-22T16:50:23.521819,beta_adjusted_2026-09-22,PNC,0.010812521124164615,0.503613369467028,0.57893157,0.00017256550187298838,0.016276464738787338,,,
2026-09-08,2026-09-22T16:50:23.521819,beta_adjusted_2026-09-22,PNFP,-0.09227577523043089,0.21499548328816623,0.8092038,-0.0015053475187242445,0.016276464738787338,,,
2026-09-08,2026-09-22T16:50:23.521819,beta_adjusted_2026-09-22,PNR,0.011800468378480866,0.5067750677506775,0.9758538,0.00018864579052164864,0.016276464738787338,,,
2026-09-08,2026-09-22T16:50:23.521819,beta_adjusted_2026-09-22,PNW,-0.007115636132060982,0.43902439024390244,-0.14572552,-0.00011924151753940187,0.016276464738787338,,,
2026-09-08,2026-09-22T16:50:23.521819,beta_adjusted_2026-09-22,PODD,0.009724298698412182,0.5,0.29106995,0.0001548530879322713,0.016276464738787338,,,
2026-09-08,2026-09-22T16:50:23.521819,beta_adjusted_2026-09-22,POOL,-0.055252468075838106,0.30668473351400183,0.7075255,-0.0009027389653092221,0.016276464738787338,,,
2026-09-08,2026-09-22T16:50:23.521819,beta_adjusted_2026-09-22,POR,0.03309381021959051,0.5813008130081301,-0.05788193,0.0005352261181694148,0.016276464738787338,,,
2026-09-08,2026-09-22T16:50:23.521819,beta_adjusted_2026-09-22,POST,-0.06518030307815506,0.2809394760614273,-0.09202543,-0.0010643290216569327,0.016276464738787338,,,
2026-09-08,2026-09-22T16:50:23.521819,beta_adjusted_2026-09-22,POWI,-0.02492090572240384,0.38482384823848237,2.355665,-0.00040904836019121986,0.016276464738787338,,,
2026-09-08,2026-09-22T16:50:23.521819,beta_adjusted_2026-09-22,POWL,-0.11037524535012702,0.18066847335140018,2.4128075,-0.0017999429059182136,0.016276464738787338,,,
2026-09-08,2026-09-22T16:50:23.521819,beta_adjusted_2026-09-22,PPC,-0.08809929362545227,0.22312556458897922,-0.13466367,-0.001437369163148616,0.016276464738787338,,,
2026-09-08,2026-09-22T16:50:23.521819,beta_adjusted_2026-09-22,PPG,0.09534359418180476,0.7696476964769647,1.0570154,0.0015484325318275247,0.016276464738787338,,,
2026-09-08,2026-09-22T16:50:23.521819,beta_adjusted_2026-09-22,PPL,-0.03535625405920866,0.35546522131887986,-0.030012904,-0.0005788989394321867,0.016276464738787338,,,
2026-09-08,2026-09-22T16:50:23.521819,beta_adjusted_2026-09-22,PPLI,0.02742169134142944,0.5654923215898826,0.94437146,0.00044290407525481615,0.016276464738787338,,,
2026-09-08,2026-09-22T16:50:23.521819,beta_adjusted_2026-09-22,PPTA,-0.30124230186272516,0.013098464317976514,2.70708,-0.004906583821041648,0.016276464738787338,,,
2026-09-08,2026-09-22T16:50:23.521819,beta_adjusted_2026-09-22,PR,0.16050797345698248,0.924119241192412,-0.3711054,0.002609078253324919,0.016276464738787338,,,
2026-09-08,2026-09-22T16:50:23.521819,beta_adjusted_2026-09-22,PRAA,0.06028106184681916,0.6666666666666666,0.8488336,0.0009777384606245406,0.016276464738787338,,,
2026-09-08,2026-09-22T16:50:23.521819,beta_adjusted_2026-09-22,PRAX,-0.10741189698117821,0.1874435411020777,0.36078373,-0.0017517100706822754,0.016276464738787338,,,
2026-09-08,2026-09-22T16:50:23.521819,beta_adjusted_2026-09-22,PRCH,-0.10127529713564802,0.1969286359530262,2.0009408,-0.0016518279196804553,0.016276464738787338,,,
2026-09-08,2026-09-22T16:50:23.521819,beta_adjusted_2026-09-22,PRCT,-0.08131178734962959,0.23848238482384823,0.8322484,-0.0013268925565858903,0.016276464738787338,,,
2026-09-08,2026-09-22T16:50:23.521819,beta_adjusted_2026-09-22,PRDO,0.07797345566229495,0.7222222222222222,0.106157735,0.0012657080847068717,0.016276464738787338,,,
2026-09-08,2026-09-22T16:50:23.521819,beta_adjusted_2026-09-22,PRG,0.12203627004811024,0.8392050587172538,1.0926057,0.0019828949293493256,0.016276464738787338,,,
2026-09-08,2026-09-22T16:50:23.521819,beta_adjusted_2026-09-22,PRGO,-0.1285528677644364,0.14950316169828365,1.0087811,-0.0020958103361797104,0.016276464738787338,,,
2026-09-08,2026-09-22T16:50:23.521819,beta_adjusted_2026-09-22,PRGS,0.08549535148682338,0.7384823848238482,0.54793376,0.0013881379568636404,0.016276464738787338,,,
2026-09-08,2026-09-22T16:50:23.521819,beta_adjusted_2026-09-22,PRI,0.04791868068977359,0.6309846431797651,0.20771743,0.0007765225996344394,0.016276464738787338,,,
2026-09-08,2026-09-22T16:50:23.521819,beta_adjusted_2026-09-22,PRIM,-0.11696877836275738,0.16982836495031617,1.9396484,-0.0019072623135023218,0.016276464738787338,,,
2026-09-08,2026-09-22T16:50:23.521819,beta_adjusted_2026-09-22,PRK,-0.09553778271168423,0.2068654019873532,0.41833553,-0.001558441468470525,0.016276464738787338,,,
2026-09-08,2026-09-22T16:50:23.521819,beta_adjusted_2026-09-22,PRKS,-0.0032349693779824065,0.45212285456187895,1.3618207,-5.607798195365762e-05,0.016276464738787338,,,
2026-09-08,2026-09-22T16:50:23.521819,beta_adjusted_2026-09-22,PRLB,0.15683232735440544,0.9177958446251129,2.0360708,0.0025492517291440626,0.016276464738787338,,,
2026-09-08,2026-09-22T16:50:23.521819,beta_adjusted_2026-09-22,PRLD,-0.1371160749426232,0.13324299909665763,1.9282792,-0.002235189075866399,0.016276464738787338,,,
2026-09-08,2026-09-22T16:50:23.521819,beta_adjusted_2026-09-22,PRM,0.029473454158469053,0.5718157181571816,1.1117002,0.0004762995203987164,0.016276464738787338,,,
2026-09-08,2026-09-22T16:50:23.521819,beta_adjusted_2026-09-22,PRMB,0.027055843612413068,0.564137308039747,0.8445915,0.00043694936759371573,0.016276464738787338,,,
2026-09-08,2026-09-22T16:50:23.521819,beta_adjusted_2026-09-22,PRME,-0.2886301100454115,0.017163504968383016,2.248754,-0.00470130192564832,0.016276464738787338,,,
2026-09-08,2026-09-22T16:50:23.521819,beta_adjusted_2026-09-22,PROK,-0.3798349932373048,0.0036133694670280035,2.1487331,-0.006185794990926388,0.016276464738787338,,,
2026-09-08,2026-09-22T16:50:23.521819,beta_adjusted_2026-09-22,PRTA,-0.03863723284351083,0.34778681120144533,1.0070262,-0.0006323016749235903,0.016276464738787338,,,
2026-09-08,2026-09-22T16:50:23.521819,beta_adjusted_2026-09-22,PRU,0.03840252371091469,0.5989159891598916,0.654789,0.0006216332061192774,0.016276464738787338,,,
2026-09-08,2026-09-22T16:50:23.521819,beta_adjusted_2026-09-22,PRVA,-0.02863206797705982,0.3744354110207769,0.6226454,-0.00046945296176904643,0.016276464738787338,,,
2026-09-08,2026-09-22T16:50:23.521819,beta_adjusted_2026-09-22,PS,0.0022739739884868326,0.4742547425474255,,3.3588140498655364e-05,0.016276464738787338,,,
2026-09-08,2026-09-22T16:50:23.521819,beta_adjusted_2026-09-22,PSA,0.10485726861157552,0.7944896115627823,0.3790691,0.001703281518219991,0.016276464738787338,,,
2026-09-08,2026-09-22T16:50:23.521819,beta_adjusted_2026-09-22,PSEC,-0.1392546934706547,0.13098464317976513,0.7847273,-0.002269998224927621,0.016276464738787338,,,
2026-09-08,2026-09-22T16:50:23.521819,beta_adjusted_2026-09-22,PSIX,-0.17028699919959628,0.0930442637759711,3.285222,-0.0027750944548880067,0.016276464738787338,,,
2026-09-08,2026-09-22T16:50:23.521819,beta_adjusted_2026-09-22,PSKY,-0.16058950760527457,0.10388437217705511,0.75888044,-0.002617253574898343,0.016276464738787338,,,
2026-09-08,2026-09-22T16:50:23.521819,beta_adjusted_2026-09-22,PSMT,0.10524337334792258,0.7981029810298103,0.6390702,0.001709565938346623,0.016276464738787338,,,
2026-09-08,2026-09-22T16:50:23.521819,beta_adjusted_2026-09-22,PSN,-0.13296183867973083,0.13775971093044265,1.2827367,-0.0021675727958168395,0.016276464738787338,,,
2026-09-08,2026-09-22T16:50:23.521819,beta_adjusted_2026-09-22,PSX,0.19397111195035543,0.9652213188798555,-0.25063336,0.003153739847061461,0.016276464738787338,,,
2026-09-08,2026-09-22T16:50:23.521819,beta_adjusted_2026-09-22,PTC,-0.08350256587776664,0.23306233062330622,0.50309324,-0.0013625506860496055,0.016276464738787338,,,
2026-09-08,2026-09-22T16:50:23.521819,beta_adjusted_2026-09-22,PTCT,-0.06487679190610651,0.2827461607949413,0.71394944,-0.0010593889327672565,0.016276464738787338,,,
2026-09-08,2026-09-22T16:50:23.521819,beta_adjusted_2026-09-22,PTEN,0.20145253551430717,0.971093044263776,-0.11200372,0.0032755109738960542,0.016276464738787338,,,
2026-09-08,2026-09-22T16:50:23.521819,beta_adjusted_2026-09-22,PTGX,-0.013926853506306,0.4164408310749774,0.16107918,-0.00023010405695951658,0.016276464738787338,,,
2026-09-08,2026-09-22T16:50:23.521819,beta_adjusted_2026-09-22,PTLO,-0.18816438340733857,0.07407407407407407,0.4025664,-0.003066075068567078,0.016276464738787338,,,
2026-09-08,2026-09-22T16:50:23.521819,beta_adjusted_2026-09-22,PTON,-0.09407937297863586,0.21138211382113822,1.5626926,-0.001534703713875859,0.016276464738787338,,,
2026-09-08,2026-09-22T16:50:23.521819,beta_adjusted_2026-09-22,PTRN,0.09187264736785034,0.7574525745257452,1.5238719,0.0014919377883999892,0.016276464738787338,,,
2026-09-08,2026-09-22T16:50:23.521819,beta_adjusted_2026-09-22,PUBM,0.12201594210529512,0.8387533875338753,1.3473833,0.001982564062304883,0.016276464738787338,,,
2026-09-08,2026-09-22T16:50:23.521819,beta_adjusted_2026-09-22,PUMP,-0.027207296056465033,0.3803071364046974,0.88301194,-0.0004462627118426711,0.016276464738787338,,,
2026-09-08,2026-09-22T16:50:23.521819,beta_adjusted_2026-09-22,PURR,-0.3516516648486811,0.004968383017163505,3.4045308,-0.005727070040187291,0.016276464738787338,,,
2026-09-08,2026-09-22T16:50:23.521819,beta_adjusted_2026-09-22,PVH,7.414109140231606e-05,0.4634146341463415,1.2355276,-2.217362081965168e-06,0.016276464738787338,,,
2026-09-08,2026-09-22T16:50:23.521819,beta_adjusted_2026-09-22,PVLA,-0.13511311640888696,0.13504968383017163,1.6830306,-0.0022025879919187878,0.016276464738787338,,,
2026-09-08,2026-09-22T16:50:23.521819,beta_adjusted_2026-09-22,PWP,-0.2307611766090648,0.03929539295392954,1.630685,-0.0037594002711003912,0.016276464738787338,,,
2026-09-08,2026-09-22T16:50:23.521819,beta_adjusted_2026-09-22,PWR,0.051816749102577046,0.6395663956639567,1.6502535,0.0008399693727048156,0.016276464738787338,,,
2026-09-08,2026-09-22T16:50:23.521819,beta_adjusted_2026-09-22,PYPL,-0.005005177694809904,0.44760614272809396,1.1124704,-8.489071520280847e-05,0.016276464738787338,,,
2026-09-08,2026-09-22T16:50:23.521819,beta_adjusted_2026-09-22,PZZA,-0.023525617477882267,0.3884372177055104,0.42132604,-0.00038633800027882,0.016276464738787338,,,
2026-09-08,2026-09-22T16:50:23.521819,beta_adjusted_2026-09-22,Q,-0.05517585233340744,0.3071364046973803,2.666013,-0.0009014919318791134,0.016276464738787338,,,
2026-09-08,2026-09-22T16:50:23.521819,beta_adjusted_2026-09-22,QBTS,-0.13900383835546748,0.13143631436314362,4.200095,-0.0022659151904907316,0.016276464738787338,,,
2026-09-08,2026-09-22T16:50:23.521819,beta_adjusted_2026-09-22,QCOM,0.08555639673318938,0.7389340560072267,2.0381029,0.001389131557663587,0.016276464738787338,,,
2026-09-08,2026-09-22T16:50:23.521819,beta_adjusted_2026-09-22,QDEL,-0.19032964465721422,0.07181571815718157,2.48073,-0.0031013178669509413,0.016276464738787338,,,
2026-09-08,2026-09-22T16:50:23.521819,beta_adjusted_2026-09-22,QLYS,0.1477431682308985,0.9046973803071364,0.45147926,0.002401312351165075,0.016276464738787338,,,
2026-09-08,2026-09-22T16:50:23.521819,beta_adjusted_2026-09-22,QNT,-0.051968398315031014,0.3130081300813008,,-0.0008492859196477277,0.016276464738787338,,,
2026-09-08,2026-09-22T16:50:23.521819,beta_adjusted_2026-09-22,QRVO,0.17905877130164333,0.9489611562782294,1.2163215,0.0029110196603199133,0.016276464738787338,,,
2026-09-08,2026-09-22T16:50:23.521819,beta_adjusted_2026-09-22,QS,-0.18074633270493956,0.07994579945799458,3.315325,-0.0029453354278789435,0.016276464738787338,,,
2026-09-08,2026-09-22T16:50:23.521819,beta_adjusted_2026-09-22,QSR,0.04032708927021398,0.6052393857271906,0.123271994,0.0006529583295826969,0.016276464738787338,,,
2026-09-08,2026-09-22T16:50:23.521819,beta_adjusted_2026-09-22,QTWO,0.006275015096903577,0.4869015356820235,0.36903554,9.87109450182391e-05,0.016276464738787338,,,
2026-09-08,2026-09-22T16:50:23.521819,beta_adjusted_2026-09-22,QUAD,0.1973356251518773,0.9679313459801264,0.4722727,0.0032085022275492162,0.016276464738787338,,,
2026-09-08,2026-09-22T16:50:23.521819,beta_adjusted_2026-09-22,QUBT,-0.41265374290920753,0.0009033423667570009,3.642503,-0.006719968212732202,0.016276464738787338,,,
2026-09-08,2026-09-22T16:50:23.521819,beta_adjusted_2026-09-22,QURE,-0.2701527096018951,0.023486901535682024,-0.306853,-0.004400555168864971,0.016276464738787338,,,
2026-09-08,2026-09-22T16:50:23.521819,beta_adjusted_2026-09-22,QXO,-0.26250959380170547,0.026196928635953028,2.5708904,-0.004276152264048716,0.016276464738787338,,,
2026-09-08,2026-09-22T16:50:23.521819,beta_adjusted_2026-09-22,R,0.26089205961814904,0.996386630532972,1.1444602,0.004242976292062536,0.016276464738787338,,,
2026-09-08,2026-09-22T16:50:23.521819,beta_adjusted_2026-09-22,RAL,0.20662997485656825,0.9760614272809395,1.5712613,0.0033597813827875773,0.016276464738787338,,,
2026-09-08,2026-09-22T16:50:23.521819,beta_adjusted_2026-09-22,RAMP,0.19363110643474502,0.964769647696477,0.44126475,0.003148205759275635,0.016276464738787338,,,
2026-09-08,2026-09-22T16:50:23.521819,beta_adjusted_2026-09-22,RAPP,-0.1097295191352833,0.18292682926829268,1.3353815,-0.0017894327659513992,0.016276464738787338,,,
2026-09-08,2026-09-22T16:50:23.521819,beta_adjusted_2026-09-22,RARE,-0.15060317884156868,0.11607949412827462,1.1852446,-0.0024547114469059463,0.016276464738787338,,,
2026-09-08,2026-09-22T16:50:23.521819,beta_adjusted_2026-09-22,RBA,-0.1022130070001853,0.1951219512195122,0.7696726,-0.0016670905212258095,0.016276464738787338,,,
2026-09-08,2026-09-22T16:50:23.521819,beta_adjusted_2026-09-22,RBC,0.08612687882844644,0.7416440831074977,1.1115649,0.0013984169893711481,0.016276464738787338,,,
2026-09-08,2026-09-22T16:50:23.521819,beta_adjusted_2026-09-22,RBLX,-0.01578069383826869,0.4114724480578139,1.4883969,-0.0002602780237540491,0.016276464738787338,,,
2026-09-08,2026-09-22T16:50:23.521819,beta_adjusted_2026-09-22,RBRK,-0.05404157548719653,0.3093947606142728,1.6437193,-0.0008830299147877386,0.016276464738787338,,,
2026-09-08,2026-09-22T16:50:23.521819,beta_adjusted_2026-09-22,RCAT,-0.2818974202189054,0.018970189701897018,3.8336687,-0.0045917175370900004,0.016276464738787338,,,
2026-09-08,2026-09-22T16:50:23.521819,beta_adjusted_2026-09-22,RCKT,-0.18665857140319803,0.07678410117434507,1.8983648,-0.0030415657725784413,0.016276464738787338,,,
2026-09-08,2026-09-22T16:50:23.521819,beta_adjusted_2026-09-22,RCL,0.011484469847005747,0.5058717253839206,1.60783,0.00018350245156658528,0.016276464738787338,,,
2026-09-08,2026-09-22T16:50:23.521819,beta_adjusted_2026-09-22,RCUS,-0.032824429833102534,0.36133694670280037,1.8120846,-0.0005376897916911627,0.016276464738787338,,,
2026-09-08,2026-09-22T16:50:23.521819,beta_adjusted_2026-09-22,RDDT,-0.06665960794529713,0.27732610659439927,2.0681233,-0.001088406875164887,0.016276464738787338,,,
2026-09-08,2026-09-22T16:50:23.521819,beta_adjusted_2026-09-22,RDN,-0.020567621101090568,0.3979223125564589,0.0150962,-0.0003381922765545092,0.016276464738787338,,,
2026-09-08,2026-09-22T16:50:23.521819,beta_adjusted_2026-09-22,RDNT,-0.150289747104259,0.11698283649503162,1.0789468,-0.002449609886285608,0.016276464738787338,,,
2026-09-08,2026-09-22T16:50:23.521819,beta_adjusted_2026-09-22,RDW,-0.1690808224153039,0.09620596205962059,3.8965678,-0.002755462160989728,0.016276464738787338,,,
2026-09-08,2026-09-22T16:50:23.521819,beta_adjusted_2026-09-22,REAL,0.020453890961278184,0.5392953929539296,2.4209764,0.00032949291806037525,0.016276464738787338,,,
2026-09-08,2026-09-22T16:50:23.521819,beta_adjusted_2026-09-22,REG,0.009035030774680416,0.4950316169828365,0.047701787,0.00014363424287607406,0.016276464738787338,,,
2026-09-08,2026-09-22T16:50:23.521819,beta_adjusted_2026-09-22,REGN,0.20165594603190556,0.971996386630533,0.49134758,0.003278821778013243,0.016276464738787338,,,
2026-09-08,2026-09-22T16:50:23.521819,beta_adjusted_2026-09-22,RELY,0.12359699508468104,0.8419150858175248,1.324987,0.0020082980153740128,0.016276464738787338,,,
2026-09-08,2026-09-22T16:50:23.521819,beta_adjusted_2026-09-22,REPL,-0.05392269815645756,0.31029810298102983,1.3156757,-0.0008810950121057247,0.016276464738787338,,,
2026-09-08,2026-09-22T16:50:23.521819,beta_adjusted_2026-09-22,RES,0.046906846101738946,0.6269196025293586,0.31818905,0.0007600535096408081,0.016276464738787338,,,
2026-09-08,2026-09-22T16:50:23.521819,beta_adjusted_2026-09-22,REXR,0.06420717888316804,0.6784101174345076,0.56133276,0.0010416417661270256,0.016276464738787338,,,
2026-09-08,2026-09-22T16:50:23.521819,beta_adjusted_2026-09-22,REYN,0.019078757147891846,0.530713640469738,0.28675878,0.00030711060103567835,0.016276464738787338,,,
2026-09-08,2026-09-22T16:50:23.521819,beta_adjusted_2026-09-22,REZI,-0.18054625008046107,0.08039747064137308,1.4230568,-0.0029420787900967756,0.016276464738787338,,,
2026-09-08,2026-09-22T16:50:23.521819,beta_adjusted_2026-09-22,RF,0.027033509039303266,0.5632339656729901,0.73333085,0.0004365858397020382,0.016276464738787338,,,
2026-09-08,2026-09-22T16:50:23.521819,beta_adjusted_2026-09-22,RGA,0.13080483947900254,0.8644986449864499,0.31168064,0.0021256162405008526,0.016276464738787338,,,
2026-09-08,2026-09-22T16:50:23.521819,beta_adjusted_2026-09-22,RGEN,-0.026914193304295238,0.3807588075880759,1.2105142,-0.0004414920352321379,0.016276464738787338,,,
2026-09-08,2026-09-22T16:50:23.521819,beta_adjusted_2026-09-22,RGLD,-0.07118829766042772,0.2646793134598013,1.334701,-0.001162117933626119,0.016276464738787338,,,
2026-09-08,2026-09-22T16:50:23.521819,beta_adjusted_2026-09-22,RGNX,-0.13156489282210096,0.14363143631436315,1.9944746,-0.0021448354558231317,0.016276464738787338,,,
2026-09-08,2026-09-22T16:50:23.521819,beta_adjusted_2026-09-22,RGTI,-0.1393064684321922,0.13053297199638664,3.8842995,-0.002270840938263438,0.016276464738787338,,,
2026-09-08,2026-09-22T16:50:23.521819,beta_adjusted_2026-09-22,RH,-0.06490375704487565,0.2822944896115628,2.0045993,-0.001059827829897609,0.016276464738787338,,,
2026-09-08,2026-09-22T16:50:23.521819,beta_adjusted_2026-09-22,RHI,0.00497344202886555,0.4832881662149955,0.34232232,7.75259368713629e-05,0.016276464738787338,,,
2026-09-08,2026-09-22T16:50:23.521819,beta_adjusted_2026-09-22,RHP,0.13239606456153336,0.8676603432700993,0.56378484,0.002151515759448139,0.016276464738787338,,,
2026-09-08,2026-09-22T16:50:23.521819,beta_adjusted_2026-09-22,RIG,0.007072037356016095,0.488256549232159,0.6789241,0.00011168364971471262,0.016276464738787338,,,
2026-09-08,2026-09-22T16:50:23.521819,beta_adjusted_2026-09-22,RILY,-0.1705822925275246,0.09168925022583559,2.3544345,-0.002779900786327631,0.016276464738787338,,,
2026-09-08,2026-09-22T16:50:23.521819,beta_adjusted_2026-09-22,RIOT,-0.020711135785656164,0.3974706413730804,3.7941592,-0.00034052818825733934,0.016276464738787338,,,
2026-09-08,2026-09-22T16:50:23.521819,beta_adjusted_2026-09-22,RITM,-0.13668019994523892,0.13369467028003612,0.7202524,-0.0022280945718409547,0.016276464738787338,,,
2026-09-08,2026-09-22T16:50:23.521819,beta_adjusted_2026-09-22,RIVN,-0.15773529886910947,0.10749774164408311,2.0347607,-0.0025707971470470127,0.016276464738787338,,,
2026-09-08,2026-09-22T16:50:23.521819,beta_adjusted_2026-09-22,RJF,-0.02690645858451972,0.38121047877145436,0.7614828,-0.00044136614133844724,0.016276464738787338,,,
2026-09-08,2026-09-22T16:50:23.521819,beta_adjusted_2026-09-22,RKLB,-0.1840055147079317,0.07813911472448058,3.6637661,-0.0029983833888279354,0.016276464738787338,,,
2026-09-08,2026-09-22T16:50:23.521819,beta_adjusted_2026-09-22,RKT,-0.2781095283476063,0.02077687443541102,2.1869037,-0.0045300640486124625,0.016276464738787338,,,
2026-09-08,2026-09-22T16:50:23.521819,beta_adjusted_2026-09-22,RL,0.10516709515853848,0.7971996386630533,1.2795223,0.001708324399086774,0.016276464738787338,,,
2026-09-08,2026-09-22T16:50:23.521819,beta_adjusted_2026-09-22,RLAY,-0.11161006287427673,0.17705510388437218,1.5570303,-0.001820041369808873,0.016276464738787338,,,
2026-09-08,2026-09-22T16:50:23.521819,beta_adjusted_2026-09-22,RLI,0.012061441790922958,0.5076784101174345,-0.43216145,0.00019289351506702335,0.016276464738787338,,,
2026-09-08,2026-09-22T16:50:23.521819,beta_adjusted_2026-09-22,RLJ,-0.009008177386314015,0.4340560072267389,0.647819,-0.00015004539853095172,0.016276464738787338,,,
2026-09-08,2026-09-22T16:50:23.521819,beta_adjusted_2026-09-22,RMBS,0.06232332479810373,0.6720867208672087,3.5653315,0.0010109792815384557,0.016276464738787338,,,
2026-09-08,2026-09-22T16:50:23.521819,beta_adjusted_2026-09-22,RMD,-0.017236077683124282,0.4078590785907859,0.457509,-0.0002839665275862419,0.016276464738787338,,,
2026-09-08,2026-09-22T16:50:23.521819,beta_adjusted_2026-09-22,RMR,0.0041279717834199064,0.4796747967479675,0.32010224,6.376467023367301e-05,0.016276464738787338,,,
2026-09-08,2026-09-22T16:50:23.521819,beta_adjusted_2026-09-22,RNG,0.22519869471189194,0.985546522131888,1.1049662,0.0036620144967571735,0.016276464738787338,,,
2026-09-08,2026-09-22T16:50:23.521819,beta_adjusted_2026-09-22,RNR,0.1508783115430317,0.9101174345076785,-0.4141938,0.0024523414007360557,0.016276464738787338,,,
2026-09-08,2026-09-22T16:50:23.521819,beta_adjusted_2026-09-22,RNST,-0.033817345114479515,0.35998193315266486,0.6023364,-0.0005538509422570982,0.016276464738787338,,,
2026-09-08,2026-09-22T16:50:23.521819,beta_adjusted_2026-09-22,ROAD,-0.146642703860313,0.12195121951219512,1.6184198,-0.002390248915524689,0.016276464738787338,,,
2026-09-08,2026-09-22T16:50:23.521819,beta_adjusted_2026-09-22,ROCK,-0.07188418567142275,0.2624209575429088,1.6454347,-0.0011734445302992245,0.016276464738787338,,,
2026-09-08,2026-09-22T16:50:23.521819,beta_adjusted_2026-09-22,ROG,0.13656714969746417,0.8771454381210478,1.4519314,0.002219406279585597,0.016276464738787338,,,
2026-09-08,2026-09-22T16:50:23.521819,beta_adjusted_2026-09-22,ROIV,-0.10927325546929213,0.18473351400180668,1.0202699,-0.001782006406480304,0.016276464738787338,,,
2026-09-08,2026-09-22T16:50:23.521819,beta_adjusted_2026-09-22,ROK,0.11347292460207548,0.8193315266485999,1.3977678,0.0018435139391508857,0.016276464738787338,,,
2026-09-08,2026-09-22T16:50:23.521819,beta_adjusted_2026-09-22,ROKU,0.18882862350998386,0.959349593495935,1.5213046,0.0030700383152921316,0.016276464738787338,,,
2026-09-08,2026-09-22T16:50:23.521819,beta_adjusted_2026-09-22,ROL,0.07385096151098451,0.7100271002710027,0.10744475,0.0011986084540172102,0.016276464738787338,,,
2026-09-08,2026-09-22T16:50:23.521819,beta_adjusted_2026-09-22,ROOT,-0.10186544208505942,0.1960252935862692,1.9683473,-0.0016614333931403234,0.016276464738787338,,,
2026-09-08,2026-09-22T16:50:23.521819,beta_adjusted_2026-09-22,ROP,-0.028920518885700935,0.3735320686540199,0.06326423,-0.0004741479228124147,0.016276464738787338,,,
2026-09-08,2026-09-22T16:50:23.521819,beta_adjusted_2026-09-22,ROST,0.12450478546583318,0.8464317976513098,0.61153936,0.002023073633503046,0.016276464738787338,,,
2026-09-08,2026-09-22T16:50:23.521819,beta_adjusted_2026-09-22,RPAY,-0.20459051380620596,0.05871725383920506,1.6028996,-0.0033334344007989658,0.016276464738787338,,,
2026-09-08,2026-09-22T16:50:23.521819,beta_adjusted_2026-09-22,RPD,-0.10830721749696874,0.1860885275519422,0.84296215,-0.0017662827234874528,0.016276464738787338,,,
2026-09-08,2026-09-22T16:50:23.521819,beta_adjusted_2026-09-22,RPM,0.08948005255974209,0.7529358626919602,0.9450292,0.0014529948033716097,0.016276464738787338,,,
2026-09-08,2026-09-22T16:50:23.521819,beta_adjusted_2026-09-22,RPRX,0.16695676870549164,0.9299909665763324,0.25617662,0.0027140418417949375,0.016276464738787338,,,
2026-09-08,2026-09-22T16:50:23.521819,beta_adjusted_2026-09-22,RRC,0.10307795632743319,0.7890695573622403,-0.1410162,0.0016743206045678573,0.016276464738787338,,,
2026-09-08,2026-09-22T16:50:23.521819,beta_adjusted_2026-09-22,RRR,0.0747830044046078,0.7140921409214093,0.51543915,0.001213778817310307,0.016276464738787338,,,
2026-09-08,2026-09-22T16:50:23.521819,beta_adjusted_2026-09-22,RRX,0.038798551718519335,0.6002710027100271,2.1542752,0.0006280791420206266,0.016276464738787338,,,
2026-09-08,2026-09-22T16:50:23.521819,beta_adjusted_2026-09-22,RS,0.20471725655238038,0.9751580849141824,0.63854736,0.00332864909075423,0.016276464738787338,,,
2026-09-08,2026-09-22T16:50:23.521819,beta_adjusted_2026-09-22,RSG,0.1741664833331708,0.9394760614272809,-0.3720833,0.002831390507709077,0.016276464738787338,,,
2026-09-08,2026-09-22T16:50:23.521819,beta_adjusted_2026-09-22,RSI,0.12503436373767557,0.8491418247515808,0.6201096,0.0020316932955711164,0.016276464738787338,,,
2026-09-08,2026-09-22T16:50:23.521819,beta_adjusted_2026-09-22,RTX,0.10309164968747064,0.7895212285456188,0.37971482,0.0016745434840596625,0.016276464738787338,,,
2026-09-08,2026-09-22T16:50:23.521819,beta_adjusted_2026-09-22,RUM,-0.2999487141685917,0.013550135501355014,3.146335,-0.004885528786551555,0.016276464738787338,,,
2026-09-08,2026-09-22T16:50:23.521819,beta_adjusted_2026-09-22,RUN,-0.3381348639234667,0.008130081300813009,2.8006608,-0.00550706430654683,0.016276464738787338,,,
2026-09-08,2026-09-22T16:50:23.521819,beta_adjusted_2026-09-22,RUSHA,0.07378472042639976,0.7095754290876242,0.69037956,0.0011975302833397074,0.016276464738787338,,,
2026-09-08,2026-09-22T16:50:23.521819,beta_adjusted_2026-09-22,RVLV,-0.025674428666774142,0.3830171635049684,1.2436271,-0.0004213130498251303,0.016276464738787338,,,
2026-09-08,2026-09-22T16:50:23.521819,beta_adjusted_2026-09-22,RVMD,-0.021556343291334747,0.39295392953929537,1.1834576,-0.00035428517842047514,0.016276464738787338,,,
2026-09-08,2026-09-22T16:50:23.521819,beta_adjusted_2026-09-22,RVTY,0.11256690012413911,0.8179765130984643,1.2517402,0.0018287670636832761,0.016276464738787338,,,
2026-09-08,2026-09-22T16:50:23.521819,beta_adjusted_2026-09-22,RWT,-0.17299409855468373,0.08852755194218609,0.68719095,-0.0028191564620854816,0.016276464738787338,,,
2026-09-08,2026-09-22T16:50:23.521819,beta_adjusted_2026-09-22,RXO,-0.07883265361230349,0.24254742547425473,1.8832815,-0.001286541023727564,0.016276464738787338,,,
2026-09-08,2026-09-22T16:50:23.521819,beta_adjusted_2026-09-22,RXRX,-0.24931336064470738,0.03071364046973803,2.903138,-0.0040613642403840204,0.016276464738787338,,,
2026-09-08,2026-09-22T16:50:23.521819,beta_adjusted_2026-09-22,RXST,-0.11746087991214726,0.16847335140018066,1.1419315,-0.0019152719870188688,0.016276464738787338,,,
2026-09-08,2026-09-22T16:50:23.521819,beta_adjusted_2026-09-22,RXT,-0.07223788892080232,0.26151761517615174,2.8041914,-0.0011792015687657456,0.016276464738787338,,,
2026-09-08,2026-09-22T16:50:23.521819,beta_adjusted_2026-09-22,RYAN,-0.024383022034451182,0.3866305329719964,-0.28929004,-0.00040029351531068954,0.016276464738787338,,,
2026-09-08,2026-09-22T16:50:23.521819,beta_adjusted_2026-09-22,RYN,-0.19927697649882026,0.06233062330623306,0.2787182,-0.0032469487981770712,0.016276464738787338,,,
2026-09-08,2026-09-22T16:50:23.521819,beta_adjusted_2026-09-22,RYTM,0.024841597465757995,0.5519421860885275,0.97319,0.0004009092682646887,0.016276464738787338,,,
2026-09-08,2026-09-22T16:50:23.521819,beta_adjusted_2026-09-22,S,0.006838881594911729,0.4878048780487805,1.2762679,0.00010788869819045229,0.016276464738787338,,,
2026-09-08,2026-09-22T16:50:23.521819,beta_adjusted_2026-09-22,SABR,-0.09277767335050231,0.2145438121047877,1.6541382,-0.0015135166457780507,0.016276464738787338,,,
2026-09-08,2026-09-22T16:50:23.521819,beta_adjusted_2026-09-22,SAFE,-0.14560777634868918,0.12285456187895212,0.67239505,-0.0023734039543745426,0.016276464738787338,,,
2026-09-08,2026-09-22T16:50:23.521819,beta_adjusted_2026-09-22,SAH,0.06693667750268986,0.6897018970189702,0.73036367,0.0010860683541622411,0.016276464738787338,,,
2026-09-08,2026-09-22T16:50:23.521819,beta_adjusted_2026-09-22,SAIA,0.13708204654496223,0.8789521228545619,1.4283004,0.002227786979968012,0.016276464738787338,,,
2026-09-08,2026-09-22T16:50:23.521819,beta_adjusted_2026-09-22,SAIC,0.05343915695734551,0.6454381210478771,0.22767824,0.0008663764369448861,0.016276464738787338,,,
2026-09-08,2026-09-22T16:50:23.521819,beta_adjusted_2026-09-22,SAIL,-0.1071837017505141,0.18879855465221318,1.6582091,-0.0017479958590568116,0.016276464738787338,,,
2026-09-08,2026-09-22T16:50:23.521819,beta_adjusted_2026-09-22,SAM,0.09265276389348702,0.7606142728093948,-0.103547685,0.00150463532752166,0.016276464738787338,,,
2026-09-08,2026-09-22T16:50:23.521819,beta_adjusted_2026-09-22,SANA,-0.21370468601558076,0.04968383017163505,2.4323213,-0.00348178090338809,0.016276464738787338,,,
2026-09-08,2026-09-22T16:50:23.521819,beta_adjusted_2026-09-22,SANM,-0.0786241085008812,0.24435411020776873,2.4423997,-0.0012831466465750526,0.016276464738787338,,,
2026-09-08,2026-09-22T16:50:23.521819,beta_adjusted_2026-09-22,SARO,-0.08828052933962485,0.22267389340560073,1.322107,-0.001440319039859755,0.016276464738787338,,,
2026-09-08,2026-09-22T16:50:23.521819,beta_adjusted_2026-09-22,SBAC,0.009310939173240142,0.4977416440831075,0.07842059,0.00014812505619636672,0.016276464738787338,,,
2026-09-08,2026-09-22T16:50:23.521819,beta_adjusted_2026-09-22,SBCF,-0.07482180684320776,0.2551942186088528,0.81977695,-0.0012212586177176982,0.016276464738787338,,,
2026-09-08,2026-09-22T16:50:23.521819,beta_adjusted_2026-09-22,SBET,-0.28403755619280574,0.018066847335140017,3.1890054,-0.0046265513848054,0.016276464738787338,,,
2026-09-08,2026-09-22T16:50:23.521819,beta_adjusted_2026-09-22,SBGI,-0.13105949015656682,0.14498644986449866,0.286717,-0.0021366092871586764,0.016276464738787338,,,
2026-09-08,2026-09-22T16:50:23.521819,beta_adjusted_2026-09-22,SBH,0.03631470011067679,0.592140921409214,0.8729162,0.0005876508189091973,0.016276464738787338,,,
2026-09-08,2026-09-22T16:50:23.521819,beta_adjusted_2026-09-22,SBRA,-0.05222010027335511,0.3121047877145438,-0.1890764,-0.0008533827376970736,0.016276464738787338,,,
2026-09-08,2026-09-22T16:50:23.521819,beta_adjusted_2026-09-22,SBUX,0.12663939013699638,0.8532068654019873,0.57265985,0.0020578174511644842,0.016276464738787338,,,
2026-09-08,2026-09-22T16:50:23.521819,beta_adjusted_2026-09-22,SCCO,0.012345923197255734,0.5094850948509485,2.3320854,0.0001975238666460394,0.016276464738787338,,,
2026-09-08,2026-09-22T16:50:23.521819,beta_adjusted_2026-09-22,SCHW,0.059659290786107794,0.6648599819331527,0.46135512,0.0009676182258792737,0.016276464738787338,,,
2026-09-08,2026-09-22T16:50:23.521819,beta_adjusted_2026-09-22,SCI,0.05092445163876353,0.6386630532971996,-0.055895027,0.0008254459244985455,0.016276464738787338,,,
2026-09-08,2026-09-22T16:50:23.521819,beta_adjusted_2026-09-22,SCL,0.022605719877528664,0.5456187895212286,0.66770434,0.0003645170855396291,0.016276464738787338,,,
2026-09-08,2026-09-22T16:50:23.521819,beta_adjusted_2026-09-22,SDGR,-0.037374653512966864,0.34959349593495936,1.5917963,-0.0006117513469700697,0.016276464738787338,,,
2026-09-08,2026-09-22T16:50:23.521819,beta_adjusted_2026-09-22,SEB,0.04543173824458217,0.6228545618789522,-0.067250565,0.0007360439686178877,0.016276464738787338,,,
2026-09-08,2026-09-22T16:50:23.521819,beta_adjusted_2026-09-22,SEDG,-0.11099899462043694,0.1784101174345077,2.5781107,-0.0018100953389222573,0.016276464738787338,,,
2026-09-08,2026-09-22T16:50:23.521819,beta_adjusted_2026-09-22,SEI,-0.14066493921517512,0.12962962962962962,2.8532999,-0.0022929520400613323,0.016276464738787338,,,
2026-09-08,2026-09-22T16:50:23.521819,beta_adjusted_2026-09-22,SEIC,0.2237161220940631,0.9841915085817525,0.57128656,0.0036378834558203907,0.016276464738787338,,,
2026-09-08,2026-09-22T16:50:23.521819,beta_adjusted_2026-09-22,SEPN,-0.06881286452872687,0.27009936766034326,1.0169644,-0.001123454280018643,0.016276464738787338,,,
2026-09-08,2026-09-22T16:50:23.521819,beta_adjusted_2026-09-22,SES,-0.22489593526510532,0.043812104787714544,3.1121528,-0.0036639348771809565,0.016276464738787338,,,
2026-09-08,2026-09-22T16:50:23.521819,beta_adjusted_2026-09-22,SEZL,0.05807921606219586,0.6607949412827462,2.434777,0.0009419001953508719,0.016276464738787338,,,
2026-09-08,2026-09-22T16:50:23.521819,beta_adjusted_2026-09-22,SF,0.018661342273657067,0.5293586269196026,1.0306141,0.0003003165625537506,0.016276464738787338,,,
2026-09-08,2026-09-22T16:50:23.521819,beta_adjusted_2026-09-22,SFBS,-0.06926095087145295,0.2696476964769648,0.80278987,-0.0011307475415759563,0.016276464738787338,,,
2026-09-08,2026-09-22T16:50:23.521819,beta_adjusted_2026-09-22,SFD,0.06462844320015185,0.6820234869015357,-0.09430753,0.0010484984599281218,0.016276464738787338,,,
2026-09-08,2026-09-22T16:50:23.521819,beta_adjusted_2026-09-22,SFIX,-0.040086727846990314,0.34101174345076785,1.8503149,-0.0006558943292367725,0.016276464738787338,,,
2026-09-08,2026-09-22T16:50:23.521819,beta_adjusted_2026-09-22,SFM,0.0002109995201951334,0.46476964769647694,0.10678634,1.0209308486961488e-08,0.016276464738787338,,,
2026-09-08,2026-09-22T16:50:23.521819,beta_adjusted_2026-09-22,SFNC,0.022461019924047865,0.54516711833785,0.68197685,0.00036216188184909473,0.016276464738787338,,,
2026-09-08,2026-09-22T16:50:23.521819,beta_adjusted_2026-09-22,SG,-0.1229971404213805,0.15989159891598917,0.9865252,-0.0020053827359821446,0.016276464738787338,,,
2026-09-08,2026-09-22T16:50:23.521819,beta_adjusted_2026-09-22,SGI,-0.08464381408722257,0.23035230352303523,1.4250196,-0.0013811261722890193,0.016276464738787338,,,
2026-09-08,2026-09-22T16:50:23.521819,beta_adjusted_2026-09-22,SGRY,-0.22893816613924262,0.04200542005420054,0.69037986,-0.00372972810546989,0.016276464738787338,,,
2026-09-08,2026-09-22T16:50:23.521819,beta_adjusted_2026-09-22,SHAK,0.0679520897036803,0.6928635953026197,1.2616457,0.0011025956750469964,0.016276464738787338,,,
2026-09-08,2026-09-22T16:50:23.521819,beta_adjusted_2026-09-22,SHAZ,-0.12611079509363676,0.15401987353206864,3.2259054,-0.0020560620264638845,0.016276464738787338,,,
2026-09-08,2026-09-22T16:50:23.521819,beta_adjusted_2026-09-22,SHC,0.11581370119133017,0.8247515808491418,1.0613618,0.0018816135067672684,0.016276464738787338,,,
2026-09-08,2026-09-22T16:50:23.521819,beta_adjusted_2026-09-22,SHEN,-0.006530881210584108,0.44173441734417346,0.55777776,-0.00010972377467915117,0.016276464738787338,,,
2026-09-08,2026-09-22T16:50:23.521819,beta_adjusted_2026-09-22,SHLS,-0.09701933119306093,0.2046070460704607,2.9630287,-0.0015825558400864568,0.016276464738787338,,,
2026-09-08,2026-09-22T16:50:23.521819,beta_adjusted_2026-09-22,SHO,0.08847965272291522,0.7479674796747967,0.6144834,0.0014367118307028086,0.016276464738787338,,,
2026-09-08,2026-09-22T16:50:23.521819,beta_adjusted_2026-09-22,SHOO,0.10503786288687608,0.7958446251129178,1.5836148,0.0017062209545739477,0.016276464738787338,,,
2026-09-08,2026-09-22T16:50:23.521819,beta_adjusted_2026-09-22,SHW,0.14113668556073983,0.8888888888888888,0.8317819,0.0022937821689368275,0.016276464738787338,,,
2026-09-08,2026-09-22T16:50:23.521819,beta_adjusted_2026-09-22,SIG,0.11644585874464869,0.8265582655826558,1.4032854,0.0018919027968932155,0.016276464738787338,,,
2026-09-08,2026-09-22T16:50:23.521819,beta_adjusted_2026-09-22,SIGI,0.14475807273212093,0.8992773261065944,-0.05566613,0.002352725549537309,0.016276464738787338,,,
2026-09-08,2026-09-22T16:50:23.521819,beta_adjusted_2026-09-22,SION,-0.1192809839890588,0.16485998193315266,1.0679301,-0.0019448968468476426,0.016276464738787338,,,
2026-09-08,2026-09-22T16:50:23.521819,beta_adjusted_2026-09-22,SIRI,0.03619806709982501,0.5903342366757001,0.38991055,0.0005857524458206896,0.016276464738787338,,,
2026-09-08,2026-09-22T16:50:23.521819,beta_adjusted_2026-09-22,SITC,-0.1914984836897683,0.07046070460704607,0.071355164,-0.003120342434249626,0.016276464738787338,,,
2026-09-08,2026-09-22T16:50:23.521819,beta_adjusted_2026-09-22,SITE,0.043801971532768456,0.6156278229448962,0.9940387,0.0007095171282006024,0.016276464738787338,,,
2026-09-08,2026-09-22T16:50:23.521819,beta_adjusted_2026-09-22,SITM,-0.07574173905577107,0.2529358626919603,2.8470788,-0.0012362318619375597,0.016276464738787338,,,
2026-09-08,2026-09-22T16:50:23.521819,beta_adjusted_2026-09-22,SJM,0.0529307926600575,0.6445347786811202,-0.2701331,0.0008581020633856194,0.016276464738787338,,,
2026-09-08,2026-09-22T16:50:23.521819,beta_adjusted_2026-09-22,SKT,0.007832811220826977,0.4914182475158085,0.29428637,0.0001240663586994979,0.016276464738787338,,,
2026-09-08,2026-09-22T16:50:23.521819,beta_adjusted_2026-09-22,SKWD,-0.03960548701266753,0.34327009936766034,0.0620155,-0.0006480614297660531,0.016276464738787338,,,
2026-09-08,2026-09-22T16:50:23.521819,beta_adjusted_2026-09-22,SKY,0.11113573023229179,0.8139114724480578,1.0834123,0.001805472677403409,0.016276464738787338,,,
2026-09-08,2026-09-22T16:50:23.521819,beta_adjusted_2026-09-22,SKYH,-0.17848599848726743,0.08310749774164408,1.0057247,-0.0029085451776871287,0.016276464738787338,,,
2026-09-08,2026-09-22T16:50:23.521819,beta_adjusted_2026-09-22,SKYW,0.09959728829063538,0.7804878048780488,1.25898,0.0016176676339994937,0.016276464738787338,,,
2026-09-08,2026-09-22T16:50:23.521819,beta_adjusted_2026-09-22,SLAB,0.16886930972798114,0.9331526648599819,0.5799283,0.002745171248308972,0.016276464738787338,,,
2026-09-08,2026-09-22T16:50:23.521819,beta_adjusted_2026-09-22,SLB,0.05988090677786938,0.6653116531165312,0.7282894,0.0009712253507547325,0.016276464738787338,,,
2026-09-08,2026-09-22T16:50:23.521819,beta_adjusted_2026-09-22,SLDE,0.13737247914617834,0.8803071364046974,0.27627432,0.0022325141959607005,0.016276464738787338,,,
2026-09-08,2026-09-22T16:50:23.521819,beta_adjusted_2026-09-22,SLDP,-0.29217959813883754,0.016711833785004515,3.091473,-0.0047590750434417135,0.016276464738787338,,,
2026-09-08,2026-09-22T16:50:23.521819,beta_adjusted_2026-09-22,SLG,-0.13175152456916975,0.14227642276422764,0.9285878,-0.0021478731608734355,0.016276464738787338,,,
2026-09-08,2026-09-22T16:50:23.521819,beta_adjusted_2026-09-22,SLGN,-0.07401656823101681,0.25745257452574527,0.56442636,-0.0012081521798400622,0.016276464738787338,,,
2026-09-08,2026-09-22T16:50:23.521819,beta_adjusted_2026-09-22,SLM,-0.03205938842944056,0.36314363143631434,0.9563822,-0.0005252376222607462,0.016276464738787338,,,
2026-09-08,2026-09-22T16:50:23.521819,beta_adjusted_2026-09-22,SLS,-0.24083635998013841,0.03387533875338753,1.9696867,-0.0039233886379764875,0.016276464738787338,,,
2026-09-08,2026-09-22T16:50:23.521819,beta_adjusted_2026-09-22,SLVM,-0.08998830194652885,0.2181571815718157,0.69534785,-0.0014681155404778947,0.016276464738787338,,,
2026-09-08,2026-09-22T16:50:23.521819,beta_adjusted_2026-09-22,SM,0.012770976553342,0.5112917795844625,-0.7636891,0.00020444223260848073,0.016276464738787338,,,
2026-09-08,2026-09-22T16:50:23.521819,beta_adjusted_2026-09-22,SMA,-0.08716886077374254,0.22493224932249323,0.50297886,-0.0014222250056459534,0.016276464738787338,,,
2026-09-08,2026-09-22T16:50:23.521819,beta_adjusted_2026-09-22,SMC,0.017562441982331735,0.5257452574525745,0.29656094,0.0002824303507105507,0.016276464738787338,,,
2026-09-08,2026-09-22T16:50:23.521819,beta_adjusted_2026-09-22,SMCI,-0.2275916913660196,0.04336043360433604,3.6899107,-0.0037078122563018586,0.016276464738787338,,,
2026-09-08,2026-09-22T16:50:23.521819,beta_adjusted_2026-09-22,SMG,-0.0392687574081395,0.34507678410117437,0.80783814,-0.0006425806622314469,0.016276464738787338,,,
2026-09-08,2026-09-22T16:50:23.521819,beta_adjusted_2026-09-22,SMMT,-0.1639839180374968,0.1007226738934056,1.7378685,-0.0026725025766073797,0.016276464738787338,,,
2026-09-08,2026-09-22T16:50:23.521819,beta_adjusted_2026-09-22,SMPL,-0.006288942377947707,0.44354110207768743,0.22555263,-0.00010578586580080142,0.016276464738787338,,,
2026-09-08,2026-09-22T16:50:23.521819,beta_adjusted_2026-09-22,SMR,-0.3209042535812758,0.01038843721770551,4.103293,-0.005226610884884375,0.016276464738787338,,,
2026-09-08,2026-09-22T16:50:23.521819,beta_adjusted_2026-09-22,SMRT,-0.07019431790505809,0.26784101174345076,1.3421646,-0.0011459394571867768,0.016276464738787338,,,
2026-09-08,2026-09-22T16:50:23.521819,beta_adjusted_2026-09-22,SMTC,0.030662165859843778,0.575880758807588,3.026192,0.000495647544490726,0.016276464738787338,,,
2026-09-08,2026-09-22T16:50:23.521819,beta_adjusted_2026-09-22,SN,0.09645731006278374,0.7728093947606143,1.4882915,0.0015665598890933065,0.016276464738787338,,,
2026-09-08,2026-09-22T16:50:23.521819,beta_adjusted_2026-09-22,SNA,0.11273026056394914,0.8184281842818428,0.58029467,0.0018314259941215568,0.016276464738787338,,,
2026-09-08,2026-09-22T16:50:23.521819,beta_adjusted_2026-09-22,SNAP,-0.0001801914589986825,0.462059620596206,2.1893203,-6.356996870492874e-06,0.016276464738787338,,,
2026-09-08,2026-09-22T16:50:23.521819,beta_adjusted_2026-09-22,SNDA,-0.11936616488637729,0.16440831074977416,0.4206636,-0.0019462832907192653,0.016276464738787338,,,
2026-09-08,2026-09-22T16:50:23.521819,beta_adjusted_2026-09-22,SNDK,0.018662770083551973,0.5298102981029811,4.2570214,0.00030033980225115873,0.016276464738787338,,,
2026-09-08,2026-09-22T16:50:23.521819,beta_adjusted_2026-09-22,SNDR,0.15610007436846052,0.9164408310749774,1.1212646,0.0025373332392384586,0.016276464738787338,,,
2026-09-08,2026-09-22T16:50:23.521819,beta_adjusted_2026-09-22,SNDX,-0.13147081139546457,0.14453477868112014,0.6180163,-0.00214330414279991,0.016276464738787338,,,
2026-09-08,2026-09-22T16:50:23.521819,beta_adjusted_2026-09-22,SNEX,-0.10303278200734772,0.1946702800361337,1.1892029,-0.0016804335602236277,0.016276464738787338,,,
2026-09-08,2026-09-22T16:50:23.521819,beta_adjusted_2026-09-22,SNOW,0.06855662782343415,0.6960252935862692,1.3488238,0.0011124354184364228,0.016276464738787338,,,
2026-09-08,2026-09-22T16:50:23.521819,beta_adjusted_2026-09-22,SNPS,-0.24771219378136192,0.032068654019873535,1.719376,-0.004035302904391864,0.016276464738787338,,,
2026-09-08,2026-09-22T16:50:23.521819,beta_adjusted_2026-09-22,SNX,0.1593590860293686,0.9209575429087624,1.2869421,0.0025903784276205257,0.016276464738787338,,,
2026-09-08,2026-09-22T16:50:23.521819,beta_adjusted_2026-09-22,SO,-0.009045035954195584,0.43360433604336046,-0.23929037,-0.0001506453257113983,0.016276464738787338,,,
2026-09-08,2026-09-22T16:50:23.521819,beta_adjusted_2026-09-22,SOC,-0.39179885915564755,0.002258355916892502,0.069392964,-0.006380524432685874,0.016276464738787338,,,
2026-09-08,2026-09-22T16:50:23.521819,beta_adjusted_2026-09-22,SOFI,-0.258828845474314,0.028455284552845527,2.7498937,-0.004216242693685579,0.016276464738787338,,,
2026-09-08,2026-09-22T16:50:23.521819,beta_adjusted_2026-09-22,SOLS,-0.1274819353014576,0.15130984643179765,1.4626758,-0.0020783793417084137,0.016276464738787338,,,
2026-09-08,2026-09-22T16:50:23.521819,beta_adjusted_2026-09-22,SOLV,0.10220467230288324,0.7872628726287263,0.6229902,0.001660106627935324,0.016276464738787338,,,
2026-09-08,2026-09-22T16:50:23.521819,beta_adjusted_2026-09-22,SON,-0.051083836834092226,0.3143631436314363,0.43129206,-0.0008348883858939381,0.016276464738787338,,,
2026-09-08,2026-09-22T16:50:23.521819,beta_adjusted_2026-09-22,SONO,0.02268995835968695,0.5460704607046071,1.140636,0.00036588819022412744,0.016276464738787338,,,
2026-09-08,2026-09-22T16:50:23.521819,beta_adjusted_2026-09-22,SOUN,-0.3244376126968157,0.00993676603432701,3.0786934,-0.005284121479937934,0.016276464738787338,,,
2026-09-08,2026-09-22T16:50:23.521819,beta_adjusted_2026-09-22,SPB,0.08920535307744232,0.7515808491418248,0.69044966,0.0014485236669341942,0.016276464738787338,,,
2026-09-08,2026-09-22T16:50:23.521819,beta_adjusted_2026-09-22,SPCE,-0.28278828820670127,0.018518518518518517,2.209791,-0.0046062177184802745,0.016276464738787338,,,
2026-09-08,2026-09-22T16:50:23.521819,beta_adjusted_2026-09-22,SPCX,0.19682919253199935,0.967479674796748,,0.003200259294869201,0.016276464738787338,,,
2026-09-08,2026-09-22T16:50:23.521819,beta_adjusted_2026-09-22,SPG,-0.0021184231594160857,0.46025293586269195,0.25062746,-3.790455679793656e-05,0.016276464738787338,,,
2026-09-08,2026-09-22T16:50:23.521819,beta_adjusted_2026-09-22,SPGI,0.010923921156480887,0.505420054200542,0.33295095,0.00017437870057088398,0.016276464738787338,,,
2026-09-08,2026-09-22T16:50:23.521819,beta_adjusted_2026-09-22,SPH,-0.02477111413805575,0.3857271906052394,-0.028389601,-0.0004066102827504111,0.016276464738787338,,,
2026-09-08,2026-09-22T16:50:23.521819,beta_adjusted_2026-09-22,SPHR,0.0034485056609739884,0.476513098464318,1.3578539,5.270536385048147e-05,0.016276464738787338,,,
2026-09-08,2026-09-22T16:50:23.521819,beta_adjusted_2026-09-22,SPIR,-0.27880896919335196,0.01942186088527552,3.4970837,-0.004541448472875109,0.016276464738787338,,,
2026-09-08,2026-09-22T16:50:23.521819,beta_adjusted_2026-09-22,SPNT,0.0018522855074061123,0.4706413730803975,0.0719665,2.6724542805592226e-05,0.016276464738787338,,,
2026-09-08,2026-09-22T16:50:23.521819,beta_adjusted_2026-09-22,SPSC,0.05248543045438221,0.6427280939476061,0.4558078,0.0008508531411489569,0.016276464738787338,,,
2026-09-08,2026-09-22T16:50:23.521819,beta_adjusted_2026-09-22,SPT,-0.031103932052275934,0.3654019873532069,0.91284704,-0.0005096861702283767,0.016276464738787338,,,
2026-09-08,2026-09-22T16:50:23.521819,beta_adjusted_2026-09-22,SPXC,-0.031170677762398444,0.36495031616982837,1.6232854,-0.0005107725544256511,0.016276464738787338,,,
2026-09-08,2026-09-22T16:50:23.521819,beta_adjusted_2026-09-22,SR,-0.07132968743303505,0.26332429990966577,-0.1811236,-0.0011644192592743874,0.016276464738787338,,,
2026-09-08,2026-09-22T16:50:23.521819,beta_adjusted_2026-09-22,SRCE,0.129645371988717,0.8604336043360433,0.3383448,0.0021067442087794497,0.016276464738787338,,,
2026-09-08,2026-09-22T16:50:23.521819,beta_adjusted_2026-09-22,SRE,-0.006428876197408,0.44263775971093045,0.1065322,-0.00010806349367901072,0.016276464738787338,,,
2026-09-08,2026-09-22T16:50:23.521819,beta_adjusted_2026-09-22,SRPT,-0.07440009814111415,0.25700090334236675,2.0611653,-0.0012143946908980319,0.016276464738787338,,,
2026-09-08,2026-09-22T16:50:23.521819,beta_adjusted_2026-09-22,SRRK,-0.08904879715316545,0.21951219512195122,0.9555307,-0.001452823723836794,0.016276464738787338,,,
2026-09-08,2026-09-22T16:50:23.521819,beta_adjusted_2026-09-22,SSB,0.08791317240916925,0.7461607949412827,0.68250114,0.001427491533850905,0.016276464738787338,,,
2026-09-08,2026-09-22T16:50:23.521819,beta_adjusted_2026-09-22,SSD,0.02024646137927004,0.5356820234869015,0.8778596,0.00032611669778303827,0.016276464738787338,,,
2026-09-08,2026-09-22T16:50:23.521819,beta_adjusted_2026-09-22,SSMR,-0.024223960794013833,0.38708220415537486,,-0.00039770456063940326,0.016276464738787338,,,
2026-09-08,2026-09-22T16:50:23.521819,beta_adjusted_2026-09-22,SSNC,0.11113584797361199,0.8143631436314364,0.5278308,0.0018054745938158557,0.016276464738787338,,,
2026-09-08,2026-09-22T16:50:23.521819,beta_adjusted_2026-09-22,SSP,-0.13222298821498096,0.14001806684733514,0.8232924,-0.0021555469222801016,0.016276464738787338,,,
2026-09-08,2026-09-22T16:50:23.521819,beta_adjusted_2026-09-22,SSRM,0.05425001144471862,0.6476964769647696,2.1766045,0.0008795742814169019,0.016276464738787338,,,
2026-09-08,2026-09-22T16:50:23.521819,beta_adjusted_2026-09-22,SSTK,-0.07770909229912118,0.24796747967479674,1.2879119,-0.0012682534176316866,0.016276464738787338,,,
2026-09-08,2026-09-22T16:50:23.521819,beta_adjusted_2026-09-22,ST,0.06628386884669926,0.6869918699186992,1.9624971,0.001075442937091835,0.016276464738787338,,,
2026-09-08,2026-09-22T16:50:23.521819,beta_adjusted_2026-09-22,STAA,-0.01899215658850579,0.4019873532068654,0.3596481,-0.00031254928396821224,0.016276464738787338,,,
2026-09-08,2026-09-22T16:50:23.521819,beta_adjusted_2026-09-22,STAG,-0.00968335681522238,0.42953929539295393,0.3282528,-0.0001610349326979333,0.016276464738787338,,,
2026-09-08,2026-09-22T16:50:23.521819,beta_adjusted_2026-09-22,STC,-0.08854176857065892,0.22086720867208673,0.35430616,-0.0014445710909920689,0.016276464738787338,,,
2026-09-08,2026-09-22T16:50:23.521819,beta_adjusted_2026-09-22,STDN,0.11647291220872896,0.8270099367660343,,0.0018923431316473802,0.016276464738787338,,,
2026-09-08,2026-09-22T16:50:23.521819,beta_adjusted_2026-09-22,STE,0.0633393830083126,0.6752484191508582,0.45689988,0.0010275171171694759,0.016276464738787338,,,
2026-09-08,2026-09-22T16:50:23.521819,beta_adjusted_2026-09-22,STEP,-0.1635621173023409,0.1011743450767841,1.6623273,-0.0026656371518148205,0.016276464738787338,,,
2026-09-08,2026-09-22T16:50:23.521819,beta_adjusted_2026-09-22,STGW,0.14849239564902866,0.9065040650406504,0.87844944,0.002413507124817603,0.016276464738787338,,,
2026-09-08,2026-09-22T16:50:23.521819,beta_adjusted_2026-09-22,STLD,0.10061060594724865,0.7845528455284553,1.1464629,0.0016341608631065502,0.016276464738787338,,,
2026-09-08,2026-09-22T16:50:23.521819,beta_adjusted_2026-09-22,STOK,0.025105769443124565,0.552393857271906,0.8341217,0.0004052090541392714,0.016276464738787338,,,
2026-09-08,2026-09-22T16:50:23.521819,beta_adjusted_2026-09-22,STRA,0.06849498134635353,0.6955736224028907,0.10576841,0.0011114320317259496,0.016276464738787338,,,
2026-09-08,2026-09-22T16:50:23.521819,beta_adjusted_2026-09-22,STRL,0.007231230402177886,0.489159891598916,3.3574123,0.00011427474971722517,0.016276464738787338,,,
2026-09-08,2026-09-22T16:50:23.521819,beta_adjusted_2026-09-22,STT,0.1603591495424101,0.9232158988256549,1.066087,0.0026066559261270932,0.016276464738787338,,,
2026-09-08,2026-09-22T16:50:23.521819,beta_adjusted_2026-09-22,STTK,-0.1580357117202253,0.1070460704607046,1.5220484,-0.002575686806225278,0.016276464738787338,,,
2026-09-08,2026-09-22T16:50:23.521819,beta_adjusted_2026-09-22,STUB,-0.05601625854586514,0.3039747064137308,1.6105709,-0.0009151707739624389,0.016276464738787338,,,
2026-09-08,2026-09-22T16:50:23.521819,beta_adjusted_2026-09-22,STWD,-0.11009807349865078,0.18157181571815717,0.30203646,-0.001795431528051076,0.016276464738787338,,,
2026-09-08,2026-09-22T16:50:23.521819,beta_adjusted_2026-09-22,STX,0.10006188429494904,0.7818428184281843,2.429418,0.0016252296144814865,0.016276464738787338,,,
2026-09-08,2026-09-22T16:50:23.521819,beta_adjusted_2026-09-22,STZ,0.07430678806956408,0.7109304426377597,0.039191764,0.0012060276989249333,0.016276464738787338,,,
2026-09-08,2026-09-22T16:50:23.521819,beta_adjusted_2026-09-22,SUI,0.02040346201260873,0.5383920505871725,-0.034226842,0.00032867211305554275,0.016276464738787338,,,
2026-09-08,2026-09-22T16:50:23.521819,beta_adjusted_2026-09-22,SUN,-0.03977184770060335,0.3428184281842818,-0.3454346,-0.0006507691936371609,0.016276464738787338,,,
2026-09-08,2026-09-22T16:50:23.521819,beta_adjusted_2026-09-22,SUNB,0.08961388101213716,0.7542908762420958,1.4758177,0.0014551730574580645,0.016276464738787338,,,
2026-09-08,2026-09-22T16:50:23.521819,beta_adjusted_2026-09-22,SUNC,0.07746381296197935,0.7204155374887082,-0.31830016,0.0012574129032658045,0.016276464738787338,,,
2026-09-08,2026-09-22T16:50:23.521819,beta_adjusted_2026-09-22,SUPN,0.025486794545483762,0.5532971996386631,0.43258104,0.0004114107957824137,0.016276464738787338,,,
2026-09-08,2026-09-22T16:50:23.521819,beta_adjusted_2026-09-22,SVC,-0.1365147163598418,0.13414634146341464,0.46620548,-0.0022254010840983903,0.016276464738787338,,,
2026-09-08,2026-09-22T16:50:23.521819,beta_adjusted_2026-09-22,SVV,0.07843070317659431,0.7235772357723578,1.3002201,0.0012731504577502633,0.016276464738787338,,,
2026-09-08,2026-09-22T16:50:23.521819,beta_adjusted_2026-09-22,SW,-0.06251496812739582,0.2881662149954833,1.4983267,-0.0010209467913138424,0.016276464738787338,,,
2026-09-08,2026-09-22T16:50:23.521819,beta_adjusted_2026-09-22,SWIM,-0.038754924526191524,0.34733514001806687,1.4584374,-0.0006342172794467911,0.016276464738787338,,,
2026-09-08,2026-09-22T16:50:23.521819,beta_adjusted_2026-09-22,SWK,0.11876791746116505,0.8310749774164409,1.5545323,0.0019296977037139879,0.016276464738787338,,,
2026-09-08,2026-09-22T16:50:23.521819,beta_adjusted_2026-09-22,SWKS,-0.05034474936709851,0.3170731707317073,1.5084133,-0.0008228586547985353,0.016276464738787338,,,
2026-09-08,2026-09-22T16:50:23.521819,beta_adjusted_2026-09-22,SWX,0.01723633800889547,0.5239385727190605,-0.084638424,0.00027712253088573694,0.016276464738787338,,,
2026-09-08,2026-09-22T16:50:23.521819,beta_adjusted_2026-09-22,SXI,-0.009082466389448353,0.43315266485998194,1.6696626,-0.00015125456087094745,0.016276464738787338,,,
2026-09-08,2026-09-22T16:50:23.521819,beta_adjusted_2026-09-22,SXT,0.03046743088737995,0.5740740740740741,0.65470564,0.0004924779475780098,0.016276464738787338,,,
2026-09-08,2026-09-22T16:50:23.521819,beta_adjusted_2026-09-22,SYBT,-0.11923759530272077,0.16531165311653118,0.6084287,-0.0019441906324243992,0.016276464738787338,,,
2026-09-08,2026-09-22T16:50:23.521819,beta_adjusted_2026-09-22,SYF,0.08461221705734126,0.7353206865401988,1.2263619,0.0013737636504625654,0.016276464738787338,,,
2026-09-08,2026-09-22T16:50:23.521819,beta_adjusted_2026-09-22,SYK,0.0021452123834806436,0.47289972899729,0.16066648,3.1492356775062465e-05,0.016276464738787338,,,
2026-09-08,2026-09-22T16:50:23.521819,beta_adjusted_2026-09-22,SYM,-0.20610101932925595,0.057813911472448055,3.0446546,-0.003358020090682632,0.016276464738787338,,,
2026-09-08,2026-09-22T16:50:23.521819,beta_adjusted_2026-09-22,SYNA,0.01560845526567655,0.51806684733514,2.4197133,0.00025062635481685374,0.016276464738787338,,,
2026-09-08,2026-09-22T16:50:23.521819,beta_adjusted_2026-09-22,SYRE,-0.19632061753195323,0.06504065040650407,1.8313373,-0.0031988297256976624,0.016276464738787338,,,
2026-09-08,2026-09-22T16:50:23.521819,beta_adjusted_2026-09-22,SYY,0.17164225461525096,0.935862691960253,0.14696564,0.00279030498798922,0.016276464738787338,,,
2026-09-08,2026-09-22T16:50:23.521819,beta_adjusted_2026-09-22,T,0.10170433225312753,0.7868112014453478,-0.33912143,0.001651962860758072,0.016276464738787338,,,
2026-09-08,2026-09-22T16:50:23.521819,beta_adjusted_2026-09-22,TALO,0.16914829761999225,0.9336043360433605,-0.6545861,0.0027497121848958396,0.016276464738787338,,,
2026-09-08,2026-09-22T16:50:23.521819,beta_adjusted_2026-09-22,TAP,0.01732821420901321,0.524390243902439,-0.21853253,0.0002786179506172871,0.016276464738787338,,,
2026-09-08,2026-09-22T16:50:23.521819,beta_adjusted_2026-09-22,TARS,0.048685282261057575,0.6318879855465221,0.5820397,0.0007890001630781421,0.016276464738787338,,,
2026-09-08,2026-09-22T16:50:23.521819,beta_adjusted_2026-09-22,TASK,-0.14488394966121712,0.12330623306233063,1.4419612,-0.0023616226148189105,0.016276464738787338,,,
2026-09-08,2026-09-22T16:50:23.521819,beta_adjusted_2026-09-22,TBBK,-0.12084231067376275,0.16395663956639567,1.1566812,-0.0019703097255769544,0.016276464738787338,,,
2026-09-08,2026-09-22T16:50:23.521819,beta_adjusted_2026-09-22,TBLA,0.12436252477376619,0.8459801264679313,1.0002459,0.002020758132364902,0.016276464738787338,,,
2026-09-08,2026-09-22T16:50:23.521819,beta_adjusted_2026-09-22,TBPH,0.10810272678826807,0.8066847335140018,0.5228695,0.0017561061037941366,0.016276464738787338,,,
2026-09-08,2026-09-22T16:50:23.521819,beta_adjusted_2026-09-22,TCBI,0.035462053658773425,0.5871725383920506,0.8892888,0.00057377274900014,0.016276464738787338,,,
2026-09-08,2026-09-22T16:50:23.521819,beta_adjusted_2026-09-22,TDAY,0.0881120350217494,0.7470641373080398,0.39830562,0.001430728314152429,0.016276464738787338,,,
2026-09-08,2026-09-22T16:50:23.521819,beta_adjusted_2026-09-22,TDC,0.06687097492851446,0.6892502258355917,1.2978061,0.0010849989485304276,0.016276464738787338,,,
2026-09-08,2026-09-22T16:50:23.521819,beta_adjusted_2026-09-22,TDG,0.004637687377225856,0.48193315266486,0.7063076,7.20610381230656e-05,0.016276464738787338,,,
2026-09-08,2026-09-22T16:50:23.521819,beta_adjusted_2026-09-22,TDOC,-0.017664990071886266,0.4065040650406504,1.2421358,-0.0002909477049579554,0.016276464738787338,,,
2026-09-08,2026-09-22T16:50:23.521819,beta_adjusted_2026-09-22,TDS,-0.05237066880382198,0.3116531165311653,0.5636338,-0.0008558334610739887,0.016276464738787338,,,
2026-09-08,2026-09-22T16:50:23.521819,beta_adjusted_2026-09-22,TDUP,-0.08352730384687183,0.23261065943992773,2.2178507,-0.0013629533327314553,0.016276464738787338,,,
2026-09-08,2026-09-22T16:50:23.521819,beta_adjusted_2026-09-22,TDW,-0.07033872167314252,0.26648599819331525,0.5597356,-0.001148289840026151,0.016276464738787338,,,
2026-09-08,2026-09-22T16:50:23.521819,beta_adjusted_2026-09-22,TDY,0.13999003738181393,0.8875338753387534,1.1007773,0.002275118790284745,0.016276464738787338,,,
2026-09-08,2026-09-22T16:50:23.521819,beta_adjusted_2026-09-22,TE,-0.09910412001560195,0.2005420054200542,3.5932283,-0.0016164888318443637,0.016276464738787338,,,
2026-09-08,2026-09-22T16:50:23.521819,beta_adjusted_2026-09-22,TEAM,0.16752039492151458,0.931345980126468,0.81974393,0.0027232156840258912,0.016276464738787338,,,
2026-09-08,2026-09-22T16:50:23.521819,beta_adjusted_2026-09-22,TECH,0.1332652624936505,0.8690153568202349,0.8785946,0.002165663228941271,0.016276464738787338,,,
2026-09-08,2026-09-22T16:50:23.521819,beta_adjusted_2026-09-22,TEL,0.04310367161148769,0.6129177958446251,1.5639691,0.000698151274154778,0.016276464738787338,,,
2026-09-08,2026-09-22T16:50:23.521819,beta_adjusted_2026-09-22,TEM,-0.21436486441077185,0.04832881662149955,2.564538,-0.003492526273758727,0.016276464738787338,,,
2026-09-08,2026-09-22T16:50:23.521819,beta_adjusted_2026-09-22,TENB,0.14082281103663005,0.8879855465221319,1.1845237,0.002288673401312751,0.016276464738787338,,,
2026-09-08,2026-09-22T16:50:23.521819,beta_adjusted_2026-09-22,TER,0.09950414698110605,0.7800361336946703,3.2831683,0.001616151622759215,0.016276464738787338,,,
2026-09-08,2026-09-22T16:50:23.521819,beta_adjusted_2026-09-22,TEVA,0.02190279709104441,0.5438121047877146,0.70891845,0.00035307598759132806,0.016276464738787338,,,
2026-09-08,2026-09-22T16:50:23.521819,beta_adjusted_2026-09-22,TEX,-0.09224097030344669,0.21544715447154472,1.9521035,-0.00150478101755745,0.016276464738787338,,,
2026-09-08,2026-09-22T16:50:23.521819,beta_adjusted_2026-09-22,TFC,0.06519150709769347,0.6842818428184282,0.6848196,0.0010576631496021422,0.016276464738787338,,,
2026-09-08,2026-09-22T16:50:23.521819,beta_adjusted_2026-09-22,TFIN,-0.05218170645919805,0.31255645889792233,1.0191824,-0.0008527578221347587,0.016276464738787338,,,
2026-09-08,2026-09-22T16:50:23.521819,beta_adjusted_2026-09-22,TFSL,-0.06798894995317534,0.2741644083107498,0.58109266,-0.0011100438634819056,0.016276464738787338,,,
2026-09-08,2026-09-22T16:50:23.521819,beta_adjusted_2026-09-22,TFX,0.11079352796268918,0.8125564588979223,0.7626392,0.0017999028342286893,0.016276464738787338,,,
2026-09-08,2026-09-22T16:50:23.521819,beta_adjusted_2026-09-22,TGLS,-0.12146165872657944,0.16214995483288167,1.1037496,-0.0019803905223196618,0.016276464738787338,,,
2026-09-08,2026-09-22T16:50:23.521819,beta_adjusted_2026-09-22,TGT,0.13488609989227404,0.8730803974706414,0.4088741,0.002192044731707275,0.016276464738787338,,,
2026-09-08,2026-09-22T16:50:23.521819,beta_adjusted_2026-09-22,TGTX,0.019248490958702347,0.5320686540198736,0.57406366,0.00030987326742231547,0.016276464738787338,,,
2026-09-08,2026-09-22T16:50:23.521819,beta_adjusted_2026-09-22,TH,0.11003938281628514,0.8102981029810298,0.97166735,0.0017876280173453162,0.016276464738787338,,,
2026-09-08,2026-09-22T16:50:23.521819,beta_adjusted_2026-09-22,THC,0.2524378409983394,0.994579945799458,0.51551914,0.004105371500803205,0.016276464738787338,,,
2026-09-08,2026-09-22T16:50:23.521819,beta_adjusted_2026-09-22,THG,0.1786735244155171,0.947606142728094,-0.11302837,0.002904749202962152,0.016276464738787338,,,
2026-09-08,2026-09-22T16:50:23.521819,beta_adjusted_2026-09-22,THO,-0.021027269540036794,0.3956639566395664,0.9678701,-0.0003456737281632561,0.016276464738787338,,,
2026-09-08,2026-09-22T16:50:23.521819,beta_adjusted_2026-09-22,THRM,0.0276210801437762,0.565943992773261,1.1184407,0.0004461494200655222,0.016276464738787338,,,
2026-09-08,2026-09-22T16:50:23.521819,beta_adjusted_2026-09-22,TIC,-0.21023974596382078,0.052393857271906055,2.0364015,-0.003425383928813607,0.016276464738787338,,,
2026-09-08,2026-09-22T16:50:23.521819,beta_adjusted_2026-09-22,TILE,0.08680890201786748,0.7439024390243902,1.0969152,0.0014095179157647948,0.016276464738787338,,,
2026-09-08,2026-09-22T16:50:23.521819,beta_adjusted_2026-09-22,TJX,0.05234976679919078,0.6409214092140921,0.08950321,0.0008486450164488986,0.016276464738787338,,,
2026-09-08,2026-09-22T16:50:23.521819,beta_adjusted_2026-09-22,TKO,0.042340985419909244,0.6106594399277326,0.4695212,0.0006857374392507914,0.016276464738787338,,,
2026-09-08,2026-09-22T16:50:23.521819,beta_adjusted_2026-09-22,TKR,0.15610698083762745,0.916892502258356,1.4226226,0.0025374456521403237,0.016276464738787338,,,
2026-09-08,2026-09-22T16:50:23.521819,beta_adjusted_2026-09-22,TLN,-0.10670521195018748,0.19060523938572718,1.9344912,-0.0017402077366939258,0.016276464738787338,,,
2026-09-08,2026-09-22T16:50:23.521819,beta_adjusted_2026-09-22,TLRY,-0.1786849506694404,0.08175248419150859,1.6826898,-0.002911783415864972,0.016276464738787338,,,
2026-09-08,2026-09-22T16:50:23.521819,beta_adjusted_2026-09-22,TLS,-0.08740747512736041,0.2240289069557362,1.7023413,-0.001426108803758783,0.016276464738787338,,,
2026-09-08,2026-09-22T16:50:23.521819,beta_adjusted_2026-09-22,TMC,-0.23383086501339845,0.037037037037037035,3.1962724,-0.0038093639461725917,0.016276464738787338,,,
2026-09-08,2026-09-22T16:50:23.521819,beta_adjusted_2026-09-22,TMDX,-0.15453140198487939,0.11156278229448961,1.2267725,-0.0025186490323841314,0.016276464738787338,,,
2026-09-08,2026-09-22T16:50:23.521819,beta_adjusted_2026-09-22,TMO,0.12398045534250365,0.8450767841011744,0.60745716,0.002014539392739189,0.016276464738787338,,,
2026-09-08,2026-09-22T16:50:23.521819,beta_adjusted_2026-09-22,TMUS,0.08628127970041038,0.7420957542908763,-0.33539894,0.0014009300897193072,0.016276464738787338,,,
2026-09-08,2026-09-22T16:50:23.521819,beta_adjusted_2026-09-22,TNC,0.044070410511478884,0.6165311653116531,0.78860825,0.0007138863657720988,0.016276464738787338,,,
2026-09-08,2026-09-22T16:50:23.521819,beta_adjusted_2026-09-22,TNDM,0.03858228935583089,0.59936766034327,1.0681623,0.0006245591553000014,0.016276464738787338,,,
2026-09-08,2026-09-22T16:50:23.521819,beta_adjusted_2026-09-22,TNET,0.1204795751354226,0.8369467028003613,0.2817953,0.0019575574394939156,0.016276464738787338,,,
2026-09-08,2026-09-22T16:50:23.521819,beta_adjusted_2026-09-22,TNGX,-0.21492659883061077,0.04787714543812105,1.4466045,-0.003501669324235798,0.016276464738787338,,,
2026-09-08,2026-09-22T16:50:23.521819,beta_adjusted_2026-09-22,TNL,0.12801323072549978,0.8563685636856369,0.8910566,0.0020801787190599746,0.016276464738787338,,,
2026-09-08,2026-09-22T16:50:23.521819,beta_adjusted_2026-09-22,TOL,-0.07361472010957452,0.25835591689250226,1.2422904,-0.001201611513061059,0.016276464738787338,,,
2026-09-08,2026-09-22T16:50:23.521819,beta_adjusted_2026-09-22,TOST,0.09976422726021573,0.7813911472448057,1.0808163,0.0016203848102513978,0.016276464738787338,,,
2026-09-08,2026-09-22T16:50:23.521819,beta_adjusted_2026-09-22,TPB,-0.2057264209304257,0.058265582655826556,0.6284159,-0.0033519229530528656,0.016276464738787338,,,
2026-09-08,2026-09-22T16:50:23.521819,beta_adjusted_2026-09-22,TPC,0.10854581539316288,0.8071364046973803,1.7274284,0.0017633180198478654,0.016276464738787338,,,
2026-09-08,2026-09-22T16:50:23.521819,beta_adjusted_2026-09-22,TPG,-0.03525145535456073,0.35591689250225833,1.5455104,-0.0005771931870113139,0.016276464738787338,,,
2026-09-08,2026-09-22T16:50:23.521819,beta_adjusted_2026-09-22,TPL,-0.054264755544764155,0.3089430894308943,0.29976332,-0.0008866624971251387,0.016276464738787338,,,
2026-09-08,2026-09-22T16:50:23.521819,beta_adjusted_2026-09-22,TPR,0.10876418356195522,0.8080397470641373,1.1756353,0.0017668722816472874,0.016276464738787338,,,
2026-09-08,2026-09-22T16:50:23.521819,beta_adjusted_2026-09-22,TR,-0.07793279876841065,0.24706413730803975,-0.26968437,-0.0012718945680909152,0.016276464738787338,,,
2026-09-08,2026-09-22T16:50:23.521819,beta_adjusted_2026-09-22,TREE,-0.10550490674155907,0.19241192411924118,1.3529763,-0.0017206710112899028,0.016276464738787338,,,
2026-09-08,2026-09-22T16:50:23.521819,beta_adjusted_2026-09-22,TREX,0.05792281530352803,0.6603432700993677,1.4742388,0.0009393545439172954,0.016276464738787338,,,
2026-09-08,2026-09-22T16:50:23.521819,beta_adjusted_2026-09-22,TRGP,0.1458363837440114,0.9019873532068654,-0.1987566,0.0023702766406997903,0.016276464738787338,,,
2026-09-08,2026-09-22T16:50:23.521819,beta_adjusted_2026-09-22,TRIP,-0.12425769158336619,0.15808491418247517,1.341668,-0.002025900052521642,0.016276464738787338,,,
2026-09-08,2026-09-22T16:50:23.521819,beta_adjusted_2026-09-22,TRLV,0.11358366480178295,0.8197831978319783,,0.0018453163981065905,0.016276464738787338,,,
2026-09-08,2026-09-22T16:50:23.521819,beta_adjusted_2026-09-22,TRMB,-0.03584559537738946,0.35365853658536583,1.1375523,-0.0005868636861427882,0.016276464738787338,,,
2026-09-08,2026-09-22T16:50:23.521819,beta_adjusted_2026-09-22,TRMK,0.007805873882374401,0.49096657633243,0.6110237,0.00012362791406001777,0.016276464738787338,,,
2026-09-08,2026-09-22T16:50:23.521819,beta_adjusted_2026-09-22,TRN,-0.06686155160619692,0.2768744354110208,0.6040828,-0.001091693804040744,0.016276464738787338,,,
2026-09-08,2026-09-22T16:50:23.521819,beta_adjusted_2026-09-22,TRNO,-0.1108349408469736,0.17931345980126467,0.42065462,-0.001807425123463216,0.016276464738787338,,,
2026-09-08,2026-09-22T16:50:23.521819,beta_adjusted_2026-09-22,TROW,0.015799186619428,0.518970189701897,0.87741554,0.0002537307869707704,0.016276464738787338,,,
2026-09-08,2026-09-22T16:50:23.521819,beta_adjusted_2026-09-22,TROX,-0.11250196162290703,0.17570009033423667,2.0354075,-0.0018345583283415226,0.016276464738787338,,,
2026-09-08,2026-09-22T16:50:23.521819,beta_adjusted_2026-09-22,TRU,0.04640410889108707,0.6255645889792232,0.89743555,0.0007518707251587566,0.016276464738787338,,,
2026-09-08,2026-09-22T16:50:23.521819,beta_adjusted_2026-09-22,TRUP,-0.14175255502536416,0.12782294489611562,0.13113411,-0.002310654580445222,0.016276464738787338,,,
2026-09-08,2026-09-22T16:50:23.521819,beta_adjusted_2026-09-22,TRV,0.2025204544408113,0.9728997289972899,-0.09133323,0.003292892918647182,0.016276464738787338,,,
2026-09-08,2026-09-22T16:50:23.521819,beta_adjusted_2026-09-22,TRVI,-0.20959220792895816,0.053297199638663056,1.1361015,-0.0034148442988221417,0.016276464738787338,,,
2026-09-08,2026-09-22T16:50:23.521819,beta_adjusted_2026-09-22,TSCO,0.028240450239002513,0.568654019873532,0.3777815,0.00045623057558073267,0.016276464738787338,,,
2026-09-08,2026-09-22T16:50:23.521819,beta_adjusted_2026-09-22,TSLA,-0.017685487322627494,0.40605239385727193,2.2653525,-0.00029128132773688706,0.016276464738787338,,,
2026-09-08,2026-09-22T16:50:23.521819,beta_adjusted_2026-09-22,TSLX,-0.0945503516761286,0.21002710027100271,0.4621066,-0.0015423695820383195,0.016276464738787338,,,
2026-09-08,2026-09-22T16:50:23.521819,beta_adjusted_2026-09-22,TSN,0.005989580645272531,0.485546522131888,-0.060438268,9.406508123103129e-05,0.016276464738787338,,,
2026-09-08,2026-09-22T16:50:23.521819,beta_adjusted_2026-09-22,TT,0.1317200972657306,0.8663053297199639,1.0859925,0.0021405134015934323,0.016276464738787338,,,
2026-09-08,2026-09-22T16:50:23.521819,beta_adjusted_2026-09-22,TTAN,-0.020865041186983832,0.39656729900632337,0.58951163,-0.00034303322409515803,0.016276464738787338,,,
2026-09-08,2026-09-22T16:50:23.521819,beta_adjusted_2026-09-22,TTC,0.10629499296061251,0.8030713640469738,0.45563352,0.0017266825878911878,0.016276464738787338,,,
2026-09-08,2026-09-22T16:50:23.521819,beta_adjusted_2026-09-22,TTD,-0.010585753314059448,0.42637759710930445,0.8595893,-0.00017572275749165998,0.016276464738787338,,,
2026-09-08,2026-09-22T16:50:23.521819,beta_adjusted_2026-09-22,TTEK,0.010878133576533118,0.504516711833785,0.3759026,0.0001736334406403897,0.016276464738787338,,,
2026-09-08,2026-09-22T16:50:23.521819,beta_adjusted_2026-09-22,TTGT,-0.14409590866904637,0.12420957542908763,0.61899614,-0.002348796093397124,0.016276464738787338,,,
2026-09-08,2026-09-22T16:50:23.521819,beta_adjusted_2026-09-22,TTI,-0.004971886851428707,0.4480578139114724,1.6710132,-8.434885796438994e-05,0.016276464738787338,,,
2026-09-08,2026-09-22T16:50:23.521819,beta_adjusted_2026-09-22,TTMI,-0.022936280723897834,0.3893405600722674,3.3073993,-0.00037674568138332097,0.016276464738787338,,,
2026-09-08,2026-09-22T16:50:23.521819,beta_adjusted_2026-09-22,TTWO,0.060127258325192126,0.6662149954832882,0.6899374,0.0009752350830280769,0.016276464738787338,,,
2026-09-08,2026-09-22T16:50:23.521819,beta_adjusted_2026-09-22,TVTX,0.1702485656683538,0.9345076784101174,1.4662843,0.002767620658988211,0.016276464738787338,,,
2026-09-08,2026-09-22T16:50:23.521819,beta_adjusted_2026-09-22,TW,0.04389220157483934,0.6160794941282746,-0.18248741,0.0007109857542987484,0.016276464738787338,,,
2026-09-08,2026-09-22T16:50:23.521819,beta_adjusted_2026-09-22,TWFG,0.10646471472141691,0.8039747064137308,-0.46870247,0.0017294450581463255,0.016276464738787338,,,
2026-09-08,2026-09-22T16:50:23.521819,beta_adjusted_2026-09-22,TWLO,0.15968094433816676,0.9218608852755195,1.40689,0.002595617143034565,0.016276464738787338,,,
2026-09-08,2026-09-22T16:50:23.521819,beta_adjusted_2026-09-22,TWST,-0.029048215214005718,0.37308039747064137,2.678304,-0.00047622636759734016,0.016276464738787338,,,
2026-09-08,2026-09-22T16:50:23.521819,beta_adjusted_2026-09-22,TXG,0.09329832913366051,0.7628726287262872,2.2390447,0.0015151428473899307,0.016276464738787338,,,
2026-09-08,2026-09-22T16:50:23.521819,beta_adjusted_2026-09-22,TXN,0.12375903566404779,0.8437217705510388,1.4330237,0.0020109354631503286,0.016276464738787338,,,
2026-09-08,2026-09-22T16:50:23.521819,beta_adjusted_2026-09-22,TXNM,0.07314560595290602,0.7077687443541102,0.046410862,0.001187127759147838,0.016276464738787338,,,
2026-09-08,2026-09-22T16:50:23.521819,beta_adjusted_2026-09-22,TXRH,0.1490738558712879,0.9069557362240289,0.2916029,0.002422971241622213,0.016276464738787338,,,
2026-09-08,2026-09-22T16:50:23.521819,beta_adjusted_2026-09-22,TXT,0.05839148160941376,0.6621499548328816,0.736715,0.0009469827745193022,0.016276464738787338,,,
2026-09-08,2026-09-22T16:50:23.521819,beta_adjusted_2026-09-22,TYL,-0.012864850456766441,0.42005420054200543,0.073992126,-0.00021281840177120133,0.016276464738787338,,,
2026-09-08,2026-09-22T16:50:23.521819,beta_adjusted_2026-09-22,TYRA,-0.16966351421720527,0.0948509485094851,0.62005544,-0.002764946323556956,0.016276464738787338,,,
2026-09-08,2026-09-22T16:50:23.521819,beta_adjusted_2026-09-22,U,0.030526562464855793,0.5754290876242095,2.1386032,0.0004934404006137443,0.016276464738787338,,,
2026-09-08,2026-09-22T16:50:23.521819,beta_adjusted_2026-09-22,UAA,0.019450335061749376,0.5329719963866305,1.3066714,0.00031315857584829257,0.016276464738787338,,,
2026-09-08,2026-09-22T16:50:23.521819,beta_adjusted_2026-09-22,UAL,0.08813098168330274,0.7475158084914183,2.1236587,0.0014310366988211198,0.016276464738787338,,,
2026-09-08,2026-09-22T16:50:23.521819,beta_adjusted_2026-09-22,UAMY,-0.2662712586200151,0.025293586269196026,3.2245119,-0.00433737886882307,0.016276464738787338,,,
2026-09-08,2026-09-22T16:50:23.521819,beta_adjusted_2026-09-22,UAN,0.14146761521026666,0.8911472448057814,-0.6183705,0.0022991685337083703,0.016276464738787338,,,
2026-09-08,2026-09-22T16:50:23.521819,beta_adjusted_2026-09-22,UBER,0.008807225691800348,0.4941282746160795,0.921668,0.00013992638147726011,0.016276464738787338,,,
2026-09-08,2026-09-22T16:50:23.521819,beta_adjusted_2026-09-22,UBSI,0.0021025125085624707,0.47244805781391147,0.52626485,3.0797353766606196e-05,0.016276464738787338,,,
2026-09-08,2026-09-22T16:50:23.521819,beta_adjusted_2026-09-22,UCB,-0.04029563074545617,0.3392050587172538,0.56322134,-0.0006592945298974824,0.016276464738787338,,,
2026-09-08,2026-09-22T16:50:23.521819,beta_adjusted_2026-09-22,UCTT,0.08279790760537944,0.7326106594399278,3.6138935,0.0013442331066424605,0.016276464738787338,,,
2026-09-08,2026-09-22T16:50:23.521819,beta_adjusted_2026-09-22,UDR,0.1362511328193679,0.8766937669376694,0.15503904,0.0022142626420124014,0.016276464738787338,,,
2026-09-08,2026-09-22T16:50:23.521819,beta_adjusted_2026-09-22,UE,0.03234096375030085,0.5799457994579946,0.0007244039,0.0005229724391583011,0.016276464738787338,,,
2026-09-08,2026-09-22T16:50:23.521819,beta_adjusted_2026-09-22,UEC,-0.20899506179699126,0.05420054200542006,2.81319,-0.003405124870861279,0.016276464738787338,,,
2026-09-08,2026-09-22T16:50:23.521819,beta_adjusted_2026-09-22,UFPI,0.042577780937342505,0.6115627822944896,0.7326899,0.0006895916331405967,0.016276464738787338,,,
2026-09-08,2026-09-22T16:50:23.521819,beta_adjusted_2026-09-22,UFPT,-0.040737218247776166,0.33785004516711836,1.3154087,-0.0006664820133080831,0.016276464738787338,,,
2026-09-08,2026-09-22T16:50:23.521819,beta_adjusted_2026-09-22,UGI,-0.012541034493006906,0.42140921409214094,0.021602219,-0.00020754782265521281,0.016276464738787338,,,
2026-09-08,2026-09-22T16:50:23.521819,beta_adjusted_2026-09-22,UHAL,0.034002452405648614,0.583107497741644,0.8403346,0.0005500156006709642,0.016276464738787338,,,
2026-09-08,2026-09-22T16:50:23.521819,beta_adjusted_2026-09-22,UHS,0.023950793045618944,0.5487804878048781,0.21646035,0.00038641012153113954,0.016276464738787338,,,
2026-09-08,2026-09-22T16:50:23.521819,beta_adjusted_2026-09-22,UI,-0.07643736766896952,0.25022583559168926,1.6492896,-0.001247554236531576,0.016276464738787338,,,
2026-09-08,2026-09-22T16:50:23.521819,beta_adjusted_2026-09-22,ULCC,-0.20775406474088626,0.05555555555555555,2.3817089,-0.003384925826036647,0.016276464738787338,,,
2026-09-08,2026-09-22T16:50:23.521819,beta_adjusted_2026-09-22,ULS,0.07997772336812407,0.7258355916892503,0.6147528,0.0012983304773478894,0.016276464738787338,,,
2026-09-08,2026-09-22T16:50:23.521819,beta_adjusted_2026-09-22,ULTA,0.07506576914972521,0.7145438121047877,0.5078575,0.0012183812277135827,0.016276464738787338,,,
2026-09-08,2026-09-22T16:50:23.521819,beta_adjusted_2026-09-22,UMBF,0.006236400754576821,0.48644986449864497,0.7687323,9.808244003694619e-05,0.016276464738787338,,,
2026-09-08,2026-09-22T16:50:23.521819,beta_adjusted_2026-09-22,UNF,0.22106296594244434,0.982836495031617,0.26908794,0.003594699453272071,0.016276464738787338,,,
2026-09-08,2026-09-22T16:50:23.521819,beta_adjusted_2026-09-22,UNFI,0.19163050603967324,0.9616079494128275,0.48376882,0.0031156430574888453,0.016276464738787338,,,
2026-09-08,2026-09-22T16:50:23.521819,beta_adjusted_2026-09-22,UNH,0.16858816090284914,0.9327009936766034,0.42871535,0.00274059513937036,0.016276464738787338,,,
2026-09-08,2026-09-22T16:50:23.521819,beta_adjusted_2026-09-22,UNIT,-0.11187643543530787,0.17660343270099368,1.4351085,-0.001824376973405877,0.016276464738787338,,,
2026-09-08,2026-09-22T16:50:23.521819,beta_adjusted_2026-09-22,UNM,0.13192184695410009,0.8667570009033424,0.33688155,0.0021437971732822395,0.016276464738787338,,,
2026-09-08,2026-09-22T16:50:23.521819,beta_adjusted_2026-09-22,UNP,0.10534505844066501,0.7994579945799458,0.26792124,0.0017112210121731054,0.016276464738787338,,,
2026-09-08,2026-09-22T16:50:23.521819,beta_adjusted_2026-09-22,UP,-0.2436583692329508,0.03297199638663053,2.4240677,-0.00396932097207242,0.016276464738787338,,,
2026-09-08,2026-09-22T16:50:23.521819,beta_adjusted_2026-09-22,UPBD,-0.028434203959863444,0.3757904245709124,1.4604422,-0.0004662324350700748,0.016276464738787338,,,
2026-09-08,2026-09-22T16:50:23.521819,beta_adjusted_2026-09-22,UPS,0.06752130379852708,0.6906052393857272,0.8284676,0.0010955840034518034,0.016276464738787338,,,
2026-09-08,2026-09-22T16:50:23.521819,beta_adjusted_2026-09-22,UPST,-0.1915400904161476,0.07000903342366757,2.944609,-0.0031210196446644356,0.016276464738787338,,,
2026-09-08,2026-09-22T16:50:23.521819,beta_adjusted_2026-09-22,UPWK,0.026203548002018906,0.5605239385727191,0.9985986,0.00042307700814411196,0.016276464738787338,,,
2026-09-08,2026-09-22T16:50:23.521819,beta_adjusted_2026-09-22,URBN,0.1294440375653706,0.8595302619692864,1.0023333,0.0021034671961371477,0.016276464738787338,,,
2026-09-08,2026-09-22T16:50:23.521819,beta_adjusted_2026-09-22,URGN,-0.037259333799758626,0.3509485094850949,1.2070206,-0.0006098743497243487,0.016276464738787338,,,
2026-09-08,2026-09-22T16:50:23.521819,beta_adjusted_2026-09-22,URI,0.19538153779119932,0.966576332429991,0.9770585,0.003176696593526631,0.016276464738787338,,,
2026-09-08,2026-09-22T16:50:23.521819,beta_adjusted_2026-09-22,USAC,-0.009803894193478324,0.42863595302619695,0.14473517,-0.00016299685508482204,0.016276464738787338,,,
2026-09-08,2026-09-22T16:50:23.521819,beta_adjusted_2026-09-22,USAR,-0.05029850400377263,0.31752484191508584,3.5331228,-0.0008221059437730291,0.016276464738787338,,,
2026-09-08,2026-09-22T16:50:23.521819,beta_adjusted_2026-09-22,USB,0.02920303610249011,0.571364046973803,0.68674916,0.00047189807044584366,0.016276464738787338,,,
2026-09-08,2026-09-22T16:50:23.521819,beta_adjusted_2026-09-22,USFD,0.1859880584481135,0.957542908762421,0.14369991,0.0030238039582243677,0.016276464738787338,,,
2026-09-08,2026-09-22T16:50:23.521819,beta_adjusted_2026-09-22,USLM,0.004063262395628993,0.47922312556458896,1.1196539,6.27114301650257e-05,0.016276464738787338,,,
2026-09-08,2026-09-22T16:50:23.521819,beta_adjusted_2026-09-22,USNA,-0.10974762599536173,0.18247515808491419,1.1932955,-0.0017897274816209958,0.016276464738787338,,,
2026-09-08,2026-09-22T16:50:23.521819,beta_adjusted_2026-09-22,UTHR,0.20321210249879867,0.974706413730804,0.2772141,0.0033041505038746647,0.016276464738787338,,,
2026-09-08,2026-09-22T16:50:23.521819,beta_adjusted_2026-09-22,UTI,-0.10330840881098334,0.1937669376693767,0.88433427,-0.0016849197901740675,0.016276464738787338,,,
2026-09-08,2026-09-22T16:50:23.521819,beta_adjusted_2026-09-22,UTZ,-0.00798042480180422,0.43676603432700994,0.7002716,-0.0001333172198289805,0.016276464738787338,,,
2026-09-08,2026-09-22T16:50:23.521819,beta_adjusted_2026-09-22,UUUU,-0.2372886431761537,0.03523035230352303,2.7499242,-0.0038656443505132266,0.016276464738787338,,,
2026-09-08,2026-09-22T16:50:23.521819,beta_adjusted_2026-09-22,UVV,-0.030004227717772648,0.36946702800361336,-0.2184689,-0.0004917868714047423,0.016276464738787338,,,
2026-09-08,2026-09-22T16:50:23.521819,beta_adjusted_2026-09-22,UWMC,-0.2544308225048376,0.028906955736224028,1.3547379,-0.00414465842790252,0.016276464738787338,,,
2026-09-08,2026-09-22T16:50:23.521819,beta_adjusted_2026-09-22,V,0.14267512347633138,0.8952122854561879,0.3031133,0.002318822499422767,0.016276464738787338,,,
2026-09-08,2026-09-22T16:50:23.521819,beta_adjusted_2026-09-22,VAC,0.004573637461767595,0.481029810298103,1.3563085,7.10185319325869e-05,0.016276464738787338,,,
2026-09-08,2026-09-22T16:50:23.521819,beta_adjusted_2026-09-22,VAL,-0.0031832689559146143,0.45257452574525747,0.6437976,-5.523648185689078e-05,0.016276464738787338,,,
2026-09-08,2026-09-22T16:50:23.521819,beta_adjusted_2026-09-22,VC,-0.008489078451407471,0.43541102077687444,1.0519667,-0.0001415963030210033,0.016276464738787338,,,
2026-09-08,2026-09-22T16:50:23.521819,beta_adjusted_2026-09-22,VCEL,0.00491288641062354,0.48283649503161696,0.8848663,7.654030548631136e-05,0.016276464738787338,,,
2026-09-08,2026-09-22T16:50:23.521819,beta_adjusted_2026-09-22,VCTR,0.09791476828510594,0.7764227642276422,1.0320617,0.0015902821564571894,0.016276464738787338,,,
2026-09-08,2026-09-22T16:50:23.521819,beta_adjusted_2026-09-22,VCYT,-0.06478475206403099,0.28319783197831977,1.467344,-0.0010578908495231507,0.016276464738787338,,,
2026-09-08,2026-09-22T16:50:23.521819,beta_adjusted_2026-09-22,VECO,-0.13437892567323062,0.13595302619692864,2.4568381,-0.002190637962298333,0.016276464738787338,,,
2026-09-08,2026-09-22T16:50:23.521819,beta_adjusted_2026-09-22,VEEV,-0.011583224686555753,0.4232158988256549,0.6208264,-0.0001919580651140459,0.016276464738787338,,,
2026-09-08,2026-09-22T16:50:23.521819,beta_adjusted_2026-09-22,VELO,-0.12633568249913799,0.15311653116531165,4.3496065,-0.002059722398389722,0.016276464738787338,,,
2026-09-08,2026-09-22T16:50:23.521819,beta_adjusted_2026-09-22,VERA,-0.14217826555566576,0.12691960252935863,1.1213068,-0.002317583642880606,0.016276464738787338,,,
2026-09-08,2026-09-22T16:50:23.521819,beta_adjusted_2026-09-22,VERX,-0.010568828580689346,0.4268292682926829,0.5284952,-0.00017544728266574814,0.016276464738787338,,,
2026-09-08,2026-09-22T16:50:23.521819,beta_adjusted_2026-09-22,VFC,0.0073815478342444535,0.4896115627822945,1.747398,0.0001167213860998817,0.016276464738787338,,,
2026-09-08,2026-09-22T16:50:23.521819,beta_adjusted_2026-09-22,VG,-0.09534776741210725,0.20776874435411022,-0.8352278,-0.0015553486911471302,0.016276464738787338,,,
2026-09-08,2026-09-22T16:50:23.521819,beta_adjusted_2026-09-22,VHI,-0.029145726956706697,0.37262872628726285,0.6741492,-0.0004778135140390303,0.016276464738787338,,,
2026-09-08,2026-09-22T16:50:23.521819,beta_adjusted_2026-09-22,VIA,-0.12299164670873174,0.16034327009936766,1.1408468,-0.002005293317761932,0.016276464738787338,,,
2026-09-08,2026-09-22T16:50:23.521819,beta_adjusted_2026-09-22,VIAV,0.05735509733182385,0.6571815718157181,2.0652032,0.0009301141023692764,0.016276464738787338,,,
2026-09-08,2026-09-22T16:50:23.521819,beta_adjusted_2026-09-22,VICI,-0.05092268449708016,0.3157181571815718,-0.015164955,-0.000832265395562988,0.016276464738787338,,,
2026-09-08,2026-09-22T16:50:23.521819,beta_adjusted_2026-09-22,VICR,0.009457815914432822,0.4986449864498645,3.2680955,0.00015051569029533738,0.016276464738787338,,,
2026-09-08,2026-09-22T16:50:23.521819,beta_adjusted_2026-09-22,VIR,-0.0820666947452807,0.23757904245709124,1.7257687,-0.0013391797801922554,0.016276464738787338,,,
2026-09-08,2026-09-22T16:50:23.521819,beta_adjusted_2026-09-22,VIRT,-0.008980800776135667,0.43450767841011745,0.27928257,-0.0001495998041007163,0.016276464738787338,,,
2026-09-08,2026-09-22T16:50:23.521819,beta_adjusted_2026-09-22,VISN,-0.17102624458823512,0.09033423667570009,1.7802144,-0.002787126756389498,0.016276464738787338,,,
2026-09-08,2026-09-22T16:50:23.521819,beta_adjusted_2026-09-22,VITL,-0.1096160727734045,0.1838301716350497,-0.21909648,-0.0017875862602425353,0.016276464738787338,,,
2026-09-08,2026-09-22T16:50:23.521819,beta_adjusted_2026-09-22,VKTX,-0.05917115901824188,0.2953929539295393,1.1625683,-0.0009665214002554626,0.016276464738787338,,,
2026-09-08,2026-09-22T16:50:23.521819,beta_adjusted_2026-09-22,VLO,0.23338760199090822,0.990063233965673,-0.26204827,0.003795300957333281,0.016276464738787338,,,
2026-09-08,2026-09-22T16:50:23.521819,beta_adjusted_2026-09-22,VLTO,0.09240066083892537,0.7597109304426377,0.27568546,0.0015005319810435468,0.016276464738787338,,,
2026-09-08,2026-09-22T16:50:23.521819,beta_adjusted_2026-09-22,VLY,-0.039586297794640665,0.34372177055103886,0.8940754,-0.0006477490971354739,0.016276464738787338,,,
2026-09-08,2026-09-22T16:50:23.521819,beta_adjusted_2026-09-22,VMC,-0.00011374030241419197,0.46251129177958444,0.7952758,-5.275406963493778e-06,0.016276464738787338,,,
2026-09-08,2026-09-22T16:50:23.521819,beta_adjusted_2026-09-22,VMI,0.17958001423903736,0.9507678410117435,1.2443483,0.0029195036526107492,0.016276464738787338,,,
2026-09-08,2026-09-22T16:50:23.521819,beta_adjusted_2026-09-22,VMRK,0.09401903072946283,0.7660343270099368,0.12490236,0.0015268733215011948,0.016276464738787338,,,
2026-09-08,2026-09-22T16:50:23.521819,beta_adjusted_2026-09-22,VNO,-0.03484911343415863,0.3568202348690154,1.009417,-0.0005706444829309532,0.016276464738787338,,,
2026-09-08,2026-09-22T16:50:23.521819,beta_adjusted_2026-09-22,VNOM,-0.014353264127707765,0.41553748870822044,-0.17463018,-0.00023704451440300682,0.016276464738787338,,,
2026-09-08,2026-09-22T16:50:23.521819,beta_adjusted_2026-09-22,VNT,0.05448401409905295,0.6490514905149052,1.0224098,0.0008833830173689574,0.016276464738787338,,,
2026-09-08,2026-09-22T16:50:23.521819,beta_adjusted_2026-09-22,VOYA,0.11977913307106222,0.8351400180668473,0.6971624,0.0019461567189317905,0.016276464738787338,,,
2026-09-08,2026-09-22T16:50:23.521819,beta_adjusted_2026-09-22,VOYG,-0.13094660552232337,0.14543812104787715,3.4294817,-0.002134771924389862,0.016276464738787338,,,
2026-09-08,2026-09-22T16:50:23.521819,beta_adjusted_2026-09-22,VRDN,-0.1529229823910059,0.11336946702800361,1.0867049,-0.002492469647579275,0.016276464738787338,,,
2026-09-08,2026-09-22T16:50:23.521819,beta_adjusted_2026-09-22,VRNS,-0.02831489751951493,0.37669376693766937,1.0268822,-0.000464290548000632,0.016276464738787338,,,
2026-09-08,2026-09-22T16:50:23.521819,beta_adjusted_2026-09-22,VRRM,0.03979408372624045,0.6034327009936766,0.16669872,0.0006442828836406336,0.016276464738787338,,,
2026-09-08,2026-09-22T16:50:23.521819,beta_adjusted_2026-09-22,VRSK,0.1501928470386841,0.9087624209575429,-0.339954,0.0024411844619013517,0.016276464738787338,,,
2026-09-08,2026-09-22T16:50:23.521819,beta_adjusted_2026-09-22,VRSN,0.2959022644715517,0.998193315266486,0.019690998,0.004812818656856666,0.016276464738787338,,,
2026-09-08,2026-09-22T16:50:23.521819,beta_adjusted_2026-09-22,VRT,0.08908506918447184,0.7506775067750677,2.711492,0.0014465658703916163,0.016276464738787338,,,
2026-09-08,2026-09-22T16:50:23.521819,beta_adjusted_2026-09-22,VRTS,-0.06178611653832234,0.2908762420957543,0.8695403,-0.001009083664124479,0.016276464738787338,,,
2026-09-08,2026-09-22T16:50:23.521819,beta_adjusted_2026-09-22,VRTX,0.1354526219420875,0.8744354110207768,0.51816654,0.0022012657078748087,0.016276464738787338,,,
2026-09-08,2026-09-22T16:50:23.521819,beta_adjusted_2026-09-22,VSAT,-0.049590302015575745,0.31842818428184283,3.354136,-0.0008105789190842034,0.016276464738787338,,,
2026-09-08,2026-09-22T16:50:23.521819,beta_adjusted_2026-09-22,VSEC,-0.09151545718429585,0.21680216802168023,2.292147,-0.0014929722288560638,0.016276464738787338,,,
2026-09-08,2026-09-22T16:50:23.521819,beta_adjusted_2026-09-22,VSH,-0.09208782991998826,0.21589882565492322,2.9304698,-0.0015022884335060046,0.016276464738787338,,,
2026-09-08,2026-09-22T16:50:23.521819,beta_adjusted_2026-09-22,VSNT,0.08763373728392612,0.7452574525745257,0.60189396,0.0014229433178881068,0.016276464738787338,,,
2026-09-08,2026-09-22T16:50:23.521819,beta_adjusted_2026-09-22,VST,-0.007864534758303197,0.4372177055103884,1.493214,-0.00013143093962235958,0.016276464738787338,,,
2026-09-08,2026-09-22T16:50:23.521819,beta_adjusted_2026-09-22,VSTS,0.025880461876547883,0.5560072267389341,0.8309727,0.00041781830821529143,0.016276464738787338,,,
2026-09-08,2026-09-22T16:50:23.521819,beta_adjusted_2026-09-22,VSXY,0.016049798416266498,0.5194218608852755,1.4266031,0.0002578098610451363,0.016276464738787338,,,
2026-09-08,2026-09-22T16:50:23.521819,beta_adjusted_2026-09-22,VTR,0.0010775499014983453,0.46747967479674796,-0.20100135,1.4114586034151412e-05,0.016276464738787338,,,
2026-09-08,2026-09-22T16:50:23.521819,beta_adjusted_2026-09-22,VTRS,0.1812380384689649,0.9512195121951219,0.7131413,0.00294649042552522,0.016276464738787338,,,
2026-09-08,2026-09-22T16:50:23.521819,beta_adjusted_2026-09-22,VVV,-0.09465700494052998,0.2091237579042457,0.6857821,-0.0015441055201356252,0.016276464738787338,,,
2026-09-08,2026-09-22T16:50:23.521819,beta_adjusted_2026-09-22,VVX,0.0664328812670699,0.6878952122854561,0.59165424,0.0010778683324976389,0.016276464738787338,,,
2026-09-08,2026-09-22T16:50:23.521819,beta_adjusted_2026-09-22,VYX,-0.2631281373997094,0.025745257452574527,1.2217373,-0.00428621996711103,0.016276464738787338,,,
2026-09-08,2026-09-22T16:50:23.521819,beta_adjusted_2026-09-22,VZ,0.17282110158567798,0.9367660343270099,-0.2732569,0.0028094924491358017,0.016276464738787338,,,
2026-09-08,2026-09-22T16:50:23.521819,beta_adjusted_2026-09-22,W,0.13608382030782196,0.8757904245709124,2.693793,0.002211539385817866,0.016276464738787338,,,
2026-09-08,2026-09-22T16:50:23.521819,beta_adjusted_2026-09-22,WAB,0.17659029800098372,0.9421860885275519,1.009307,0.0028708416416830893,0.016276464738787338,,,
2026-09-08,2026-09-22T16:50:23.521819,beta_adjusted_2026-09-22,WAFD,-0.0623191027637427,0.28906955736224027,0.51184505,-0.0010177587956287928,0.016276464738787338,,,
2026-09-08,2026-09-22T16:50:23.521819,beta_adjusted_2026-09-22,WAL,-0.0865088000749828,0.22673893405600723,1.2822453,-0.0014114815509571309,0.016276464738787338,,,
2026-09-08,2026-09-22T16:50:23.521819,beta_adjusted_2026-09-22,WAT,-0.00954160473618651,0.4304426377597109,0.8909919,-0.00015872770998185616,0.016276464738787338,,,
2026-09-08,2026-09-22T16:50:23.521819,beta_adjusted_2026-09-22,WAY,-0.16090811254132875,0.10298102981029811,0.5843087,-0.002622439336905632,0.016276464738787338,,,
2026-09-08,2026-09-22T16:50:23.521819,beta_adjusted_2026-09-22,WBD,0.12981477119858137,0.8608852755194218,0.57467467,0.0021095014290455853,0.016276464738787338,,,
2026-09-08,2026-09-22T16:50:23.521819,beta_adjusted_2026-09-22,WBI,-0.29628617255755824,0.015808491418247517,0.37192658,-0.004825915557165227,0.016276464738787338,,,
2026-09-08,2026-09-22T16:50:23.521819,beta_adjusted_2026-09-22,WBTN,-0.2120497200631704,0.051490514905149054,1.561542,-0.0034548439084197895,0.016276464738787338,,,
2026-09-08,2026-09-22T16:50:23.521819,beta_adjusted_2026-09-22,WCC,0.11949346359686447,0.8337850045167118,1.9409066,0.0019415070298080628,0.016276464738787338,,,
2026-09-08,2026-09-22T16:50:23.521819,beta_adjusted_2026-09-22,WCN,0.183618177734612,0.9525745257452575,-0.13592403,0.002985230678355928,0.016276464738787338,,,
2026-09-08,2026-09-22T16:50:23.521819,beta_adjusted_2026-09-22,WD,-0.15906111003373447,0.1052393857271906,0.99767435,-0.002592376665718322,0.016276464738787338,,,
2026-09-08,2026-09-22T16:50:23.521819,beta_adjusted_2026-09-22,WDAY,0.0061590208114989595,0.4859981933152665,0.3542435,9.682296812195001e-05,0.016276464738787338,,,
2026-09-08,2026-09-22T16:50:23.521819,beta_adjusted_2026-09-22,WDC,-0.020256701670474886,0.3997289972899729,3.0655835,-0.0003331316074054892,0.016276464738787338,,,
2026-09-08,2026-09-22T16:50:23.521819,beta_adjusted_2026-09-22,WDFC,0.04428972438771314,0.6187895212285456,0.16673502,0.0007174560203453524,0.016276464738787338,,,
2026-09-08,2026-09-22T16:50:23.521819,beta_adjusted_2026-09-22,WEC,-0.014438933814690899,0.4146341463414634,-0.12411388,-0.00023843891404237073,0.016276464738787338,,,
2026-09-08,2026-09-22T16:50:23.521819,beta_adjusted_2026-09-22,WELL,0.04696598035630774,0.6273712737127372,-0.012636016,0.0007610160062501514,0.016276464738787338,,,
2026-09-08,2026-09-22T16:50:23.521819,beta_adjusted_2026-09-22,WEN,-0.15065861577370254,0.11562782294489611,0.30647406,-0.0024556137641770495,0.016276464738787338,,,
2026-09-08,2026-09-22T16:50:23.521819,beta_adjusted_2026-09-22,WERN,0.06421053020400716,0.6788617886178862,1.0087303,0.001041696313782492,0.016276464738787338,,,
2026-09-08,2026-09-22T16:50:23.521819,beta_adjusted_2026-09-22,WES,0.06843396914464306,0.6951219512195121,-0.07732009,0.0011104389687761733,0.016276464738787338,,,
2026-09-08,2026-09-22T16:50:23.521819,beta_adjusted_2026-09-22,WEX,0.013502967526323892,0.513550135501355,0.5206724,0.00021635645786933114,0.016276464738787338,,,
2026-09-08,2026-09-22T16:50:23.521819,beta_adjusted_2026-09-22,WFC,0.08958530328235374,0.7538392050587173,0.73595995,0.0014547079130469301,0.016276464738787338,,,
2026-09-08,2026-09-22T16:50:23.521819,beta_adjusted_2026-09-22,WFRD,0.11524013102013726,0.8233965672990063,1.1761379,0.0018722778121006269,0.016276464738787338,,,
2026-09-08,2026-09-22T16:50:23.521819,beta_adjusted_2026-09-22,WGO,-0.07225948620253006,0.2610659439927733,0.80007434,-0.0011795530961602406,0.016276464738787338,,,
2026-09-08,2026-09-22T16:50:23.521819,beta_adjusted_2026-09-22,WGS,-0.06704236847498742,0.27597109304426376,1.4424601,-0.0010946368634297905,0.016276464738787338,,,
2026-09-08,2026-09-22T16:50:23.521819,beta_adjusted_2026-09-22,WH,0.04340050701817561,0.6138211382113821,0.5856073,0.0007029827051849575,0.016276464738787338,,,
2026-09-08,2026-09-22T16:50:23.521819,beta_adjusted_2026-09-22,WHD,0.0754118734856132,0.7163504968383018,1.1080092,0.001224014582732605,0.016276464738787338,,,
2026-09-08,2026-09-22T16:50:23.521819,beta_adjusted_2026-09-22,WHR,-0.2192506310165807,0.04607046070460705,1.2176486,-0.0035720492816401195,0.016276464738787338,,,
2026-09-08,2026-09-22T16:50:23.521819,beta_adjusted_2026-09-22,WING,-0.07611809213357254,0.25203252032520324,0.96811056,-0.0012423575595377294,0.016276464738787338,,,
2026-09-08,2026-09-22T16:50:23.521819,beta_adjusted_2026-09-22,WK,0.04236739315064869,0.6111111111111112,0.14776509,0.0006861672637490034,0.016276464738787338,,,
2026-09-08,2026-09-22T16:50:23.521819,beta_adjusted_2026-09-22,WKC,0.18573885017934022,0.9566395663956639,0.25803337,0.003019747728625065,0.016276464738787338,,,
2026-09-08,2026-09-22T16:50:23.521819,beta_adjusted_2026-09-22,WLK,-0.03331141531915706,0.3604336043360434,0.6701498,-0.0005456161937832304,0.016276464738787338,,,
2026-09-08,2026-09-22T16:50:23.521819,beta_adjusted_2026-09-22,WLTH,0.12583890962064653,0.8509485094850948,1.6781342,0.00204478845826603,0.016276464738787338,,,
2026-09-08,2026-09-22T16:50:23.521819,beta_adjusted_2026-09-22,WLY,-0.019883902132636688,0.4010840108401084,0.17469384,-0.0003270637488732296,0.016276464738787338,,,
2026-09-08,2026-09-22T16:50:23.521819,beta_adjusted_2026-09-22,WM,0.17678461696257175,0.9426377597109304,-0.36499217,0.0028740044674094548,0.016276464738787338,,,
2026-09-08,2026-09-22T16:50:23.521819,beta_adjusted_2026-09-22,WMB,0.11882470117717928,0.8315266485998193,-0.010232837,0.0019306219418654307,0.016276464738787338,,,
2026-09-08,2026-09-22T16:50:23.521819,beta_adjusted_2026-09-22,WMG,-0.07955994843567887,0.24209575429087624,0.5111263,-0.001298378812274936,0.016276464738787338,,,
2026-09-08,2026-09-22T16:50:23.521819,beta_adjusted_2026-09-22,WMK,0.026580159999642666,0.5623306233062331,-0.07009891,0.0004292069200436393,0.016276464738787338,,,
2026-09-08,2026-09-22T16:50:23.521819,beta_adjusted_2026-09-22,WMS,0.07231518271567343,0.7037037037037037,1.3884602,0.001173611404608752,0.016276464738787338,,,
2026-09-08,2026-09-22T16:50:23.521819,beta_adjusted_2026-09-22,WMT,0.08467224115044475,0.7357723577235772,-0.055032138,0.0013747406304974422,0.016276464738787338,,,
2026-09-08,2026-09-22T16:50:23.521819,beta_adjusted_2026-09-22,WOLF,-0.3023904557954313,0.012646793134598013,4.367887,-0.004925271708042038,0.016276464738787338,,,
2026-09-08,2026-09-22T16:50:23.521819,beta_adjusted_2026-09-22,WOOF,-0.17250896974815672,0.08897922312556458,0.84155613,-0.0028112602801722746,0.016276464738787338,,,
2026-09-08,2026-09-22T16:50:23.521819,beta_adjusted_2026-09-22,WOR,0.11608455597231884,0.8256549232158988,0.8637008,0.0018860220650593626,0.016276464738787338,,,
2026-09-08,2026-09-22T16:50:23.521819,beta_adjusted_2026-09-22,WPC,0.011563698826272326,0.506323396567299,-0.031602427,0.00018479201925390785,0.016276464738787338,,,
2026-09-08,2026-09-22T16:50:23.521819,beta_adjusted_2026-09-22,WRB,0.03567721771057143,0.5889792231255646,-0.30045128,0.0005772748591022849,0.016276464738787338,,,
2026-09-08,2026-09-22T16:50:23.521819,beta_adjusted_2026-09-22,WRBY,-0.00310308664515066,0.45302619692863594,2.0898418,-5.3931397303066784e-05,0.016276464738787338,,,
2026-09-08,2026-09-22T16:50:23.521819,beta_adjusted_2026-09-22,WS,0.021048899428334378,0.5415537488708221,1.7149934,0.00033917755239369526,0.016276464738787338,,,
2026-09-08,2026-09-22T16:50:23.521819,beta_adjusted_2026-09-22,WSBC,-0.05622214754610347,0.3035230352303523,0.62759584,-0.0009185219190149224,0.016276464738787338,,,
2026-09-08,2026-09-22T16:50:23.521819,beta_adjusted_2026-09-22,WSC,0.016637071115545653,0.5221318879855466,1.7942759,0.00026736858442700595,0.016276464738787338,,,
2026-09-08,2026-09-22T16:50:23.521819,beta_adjusted_2026-09-22,WSFS,0.07974415002639842,0.7253839205058717,0.5124333,0.0012945287290873713,0.016276464738787338,,,
2026-09-08,2026-09-22T16:50:23.521819,beta_adjusted_2026-09-22,WSM,0.09292247588598836,0.7619692863595302,1.1987977,0.001509025285257236,0.016276464738787338,,,
2026-09-08,2026-09-22T16:50:23.521819,beta_adjusted_2026-09-22,WSO,-0.16105544271439842,0.1025293586269196,1.1316513,-0.00262483735127256,0.016276464738787338,,,
2026-09-08,2026-09-22T16:50:23.521819,beta_adjusted_2026-09-22,WST,0.23678653234708572,0.9914182475158085,0.6638576,0.0038506235274251978,0.016276464738787338,,,
2026-09-08,2026-09-22T16:50:23.521819,beta_adjusted_2026-09-22,WT,0.036273748984111745,0.5912375790424571,1.5513139,0.0005869842793416476,0.016276464738787338,,,
2026-09-08,2026-09-22T16:50:23.521819,beta_adjusted_2026-09-22,WTFC,-0.03211254734467153,0.36224028906955735,0.8037449,-0.0005261028614700553,0.016276464738787338,,,
2026-09-08,2026-09-22T16:50:23.521819,beta_adjusted_2026-09-22,WTI,0.02587842075055171,0.5555555555555556,-1.0774575,0.00041778508589998726,0.016276464738787338,,,
2026-09-08,2026-09-22T16:50:23.521819,beta_adjusted_2026-09-22,WTM,0.044557747608664516,0.6201445347786811,0.142929,0.0007218184908503436,0.016276464738787338,,,
2026-09-08,2026-09-22T16:50:23.521819,beta_adjusted_2026-09-22,WTRG,0.04520534935568094,0.6219512195121951,-0.39175668,0.0007323591578504336,0.016276464738787338,,,
2026-09-08,2026-09-22T16:50:23.521819,beta_adjusted_2026-09-22,WTS,0.08189041642924083,0.7308039747064138,0.9109953,0.0013294623585132796,0.016276464738787338,,,
2026-09-08,2026-09-22T16:50:23.521819,beta_adjusted_2026-09-22,WTTR,0.07913460483720874,0.7244805781391147,0.74008083,0.001284607488308828,0.016276464738787338,,,
2026-09-08,2026-09-22T16:50:23.521819,beta_adjusted_2026-09-22,WTW,0.10720739915021021,0.8048780487804879,-0.10825577,0.0017415333350636261,0.016276464738787338,,,
2026-09-08,2026-09-22T16:50:23.521819,beta_adjusted_2026-09-22,WU,-0.02785607943458289,0.3780487804878049,0.46210018,-0.0004568226116197177,0.016276464738787338,,,
2026-09-08,2026-09-22T16:50:23.521819,beta_adjusted_2026-09-22,WULF,-0.15354162577322586,0.11246612466124661,3.2789848,-0.002502538974775862,0.016276464738787338,,,
2026-09-08,2026-09-22T16:50:23.521819,beta_adjusted_2026-09-22,WVE,-0.2773211560040707,0.02168021680216802,1.3152136,-0.00451723213396187,0.016276464738787338,,,
2026-09-08,2026-09-22T16:50:23.521819,beta_adjusted_2026-09-22,WWD,0.020348253517431122,0.5374887082204155,1.2348483,0.0003277735139305029,0.016276464738787338,,,
2026-09-08,2026-09-22T16:50:23.521819,beta_adjusted_2026-09-22,WWW,-0.1500753647741207,0.11743450767841011,1.1413938,-0.0024461204998484933,0.016276464738787338,,,
2026-09-08,2026-09-22T16:50:23.521819,beta_adjusted_2026-09-22,WY,-0.033839332197406265,0.35953026196928634,0.31826282,-0.0005542088142370643,0.016276464738787338,,,
2026-09-08,2026-09-22T16:50:23.521819,beta_adjusted_2026-09-22,WYNN,-0.0028657124083396046,0.4561878952122855,0.84874374,-5.006778390771509e-05,0.016276464738787338,,,
2026-09-08,2026-09-22T16:50:23.521819,beta_adjusted_2026-09-22,XE,-0.009174353431310189,0.43179765130984643,,-0.0001527501570677631,0.016276464738787338,,,
2026-09-08,2026-09-22T16:50:23.521819,beta_adjusted_2026-09-22,XEL,-0.03728143709890737,0.35049683830171635,-0.014036822,-0.0006102341132935541,0.016276464738787338,,,
2026-09-08,2026-09-22T16:50:23.521819,beta_adjusted_2026-09-22,XENE,-0.08150046312500642,0.23803071364046974,0.83926266,-0.0013299635311908747,0.016276464738787338,,,
2026-09-08,2026-09-22T16:50:23.521819,beta_adjusted_2026-09-22,XHR,0.07508609511571147,0.7149954832881662,0.5579803,0.0012187120625822398,0.016276464738787338,,,
2026-09-08,2026-09-22T16:50:23.521819,beta_adjusted_2026-09-22,XIFR,-0.018924674604695817,0.4028906955736224,1.1850247,-0.00031145091583822585,0.016276464738787338,,,
2026-09-08,2026-09-22T16:50:23.521819,beta_adjusted_2026-09-22,XMTR,0.0258858618011066,0.5564588979223125,2.162372,0.0004179061998969635,0.016276464738787338,,,
2026-09-08,2026-09-22T16:50:23.521819,beta_adjusted_2026-09-22,XNCR,-0.14181649428172757,0.12737127371273713,1.208626,-0.0023116952854968452,0.016276464738787338,,,
2026-09-08,2026-09-22T16:50:23.521819,beta_adjusted_2026-09-22,XNDU,-0.2068071954269105,0.057362240289069555,2.5325103,-0.003369514141035481,0.016276464738787338,,,
2026-09-08,2026-09-22T16:50:23.521819,beta_adjusted_2026-09-22,XOM,0.20813166241789433,0.9769647696476965,-0.5361076,0.0033842235474281766,0.016276464738787338,,,
2026-09-08,2026-09-22T16:50:23.521819,beta_adjusted_2026-09-22,XPEL,0.01223196131460072,0.50903342366757,0.877777,0.00019566897008143925,0.016276464738787338,,,
2026-09-08,2026-09-22T16:50:23.521819,beta_adjusted_2026-09-22,XPO,0.14336049403966672,0.8961156278229448,1.2879194,0.0023299779092298975,0.016276464738787338,,,
2026-09-08,2026-09-22T16:50:23.521819,beta_adjusted_2026-09-22,XPRO,0.13020098936170615,0.8622402890695574,1.0575678,0.0021157876953591653,0.016276464738787338,,,
2026-09-08,2026-09-22T16:50:23.521819,beta_adjusted_2026-09-22,XRAY,0.013113038694105204,0.5121951219512195,1.2830076,0.00021000979498108713,0.016276464738787338,,,
2026-09-08,2026-09-22T16:50:23.521819,beta_adjusted_2026-09-22,XRX,-0.19752998891902854,0.06368563685636856,2.5255716,-0.003218514016435492,0.016276464738787338,,,
2026-09-08,2026-09-22T16:50:23.521819,beta_adjusted_2026-09-22,XXI,-0.20311155324285757,0.05962059620596206,2.5354311,-0.0033093621513395686,0.016276464738787338,,,
2026-09-08,2026-09-22T16:50:23.521819,beta_adjusted_2026-09-22,XYL,0.016390779650011754,0.5212285456187895,0.80247414,0.0002633598300727792,0.016276464738787338,,,
2026-09-08,2026-09-22T16:50:23.521819,beta_adjusted_2026-09-22,XYZ,0.09020259108764994,0.7547425474254743,1.8716458,0.0014647551762435173,0.016276464738787338,,,
2026-09-08,2026-09-22T16:50:23.521819,beta_adjusted_2026-09-22,XZO,-0.06723539043023094,0.2755194218608853,1.5948484,-0.0010977785784781235,0.016276464738787338,,,
2026-09-08,2026-09-22T16:50:23.521819,beta_adjusted_2026-09-22,YELP,0.02364881541911025,0.546973803071364,0.3968601,0.0003814949933413681,0.016276464738787338,,,
2026-09-08,2026-09-22T16:50:23.521819,beta_adjusted_2026-09-22,YETI,0.16657700784506357,0.9295392953929539,1.2445072,0.002707860677541009,0.016276464738787338,,,
2026-09-08,2026-09-22T16:50:23.521819,beta_adjusted_2026-09-22,YEXT,-0.08398968245427223,0.23170731707317074,0.70988744,-0.0013704792218307775,0.016276464738787338,,,
2026-09-08,2026-09-22T16:50:23.521819,beta_adjusted_2026-09-22,YOU,0.02239311746143361,0.5447154471544715,0.7159321,0.000361056669810677,0.016276464738787338,,,
2026-09-08,2026-09-22T16:50:23.521819,beta_adjusted_2026-09-22,YSS,-0.06697054105413738,0.2764227642276423,2.4421248,-0.001093467766947047,0.016276464738787338,,,
2026-09-08,2026-09-22T16:50:23.521819,beta_adjusted_2026-09-22,YUM,0.10541015269921528,0.7999096657633243,0.03985644,0.0017122805165770963,0.016276464738787338,,,
2026-09-08,2026-09-22T16:50:23.521819,beta_adjusted_2026-09-22,YUMC,0.03682597194401752,0.5943992773261066,0.2961369,0.0005959725168765028,0.016276464738787338,,,
2026-09-08,2026-09-22T16:50:23.521819,beta_adjusted_2026-09-22,ZBH,0.10489816591558357,0.7949412827461608,0.22283208,0.0017039471817465897,0.016276464738787338,,,
2026-09-08,2026-09-22T16:50:23.521819,beta_adjusted_2026-09-22,ZBIO,-0.17358690196573728,0.08762420957542909,0.8924886,-0.0028288052059025274,0.016276464738787338,,,
2026-09-08,2026-09-22T16:50:23.521819,beta_adjusted_2026-09-22,ZBRA,0.20229373098957656,0.9724480578139115,1.7974151,0.003289202662387704,0.016276464738787338,,,
2026-09-08,2026-09-22T16:50:23.521819,beta_adjusted_2026-09-22,ZD,0.17915983979774136,0.9494128274616079,0.6585253,0.0029126646981328555,0.016276464738787338,,,
2026-09-08,2026-09-22T16:50:23.521819,beta_adjusted_2026-09-22,ZETA,0.1528665739407894,0.9105691056910569,2.36195,0.0024847032835446157,0.016276464738787338,,,
2026-09-08,2026-09-22T16:50:23.521819,beta_adjusted_2026-09-22,ZG,0.03992254958202486,0.6038843721770552,1.1162363,0.0006463738536124467,0.016276464738787338,,,
2026-09-08,2026-09-22T16:50:23.521819,beta_adjusted_2026-09-22,ZION,0.015068691704258425,0.5167118337850045,0.91097194,0.00024184091224214934,0.016276464738787338,,,
2026-09-08,2026-09-22T16:50:23.521819,beta_adjusted_2026-09-22,ZIP,0.0777791406627569,0.7213188798554652,1.9951143,0.001262545323468673,0.016276464738787338,,,
2026-09-08,2026-09-22T16:50:23.521819,beta_adjusted_2026-09-22,ZM,0.024690795034649868,0.551490514905149,0.9171118,0.00039845473781223385,0.016276464738787338,,,
2026-09-08,2026-09-22T16:50:23.521819,beta_adjusted_2026-09-22,ZNTL,-0.12539416202407025,0.15492321589882566,1.9795432,-0.002044397773576436,0.016276464738787338,,,
2026-09-08,2026-09-22T16:50:23.521819,beta_adjusted_2026-09-22,ZS,-0.10198462703127137,0.1955736224028907,1.0500872,-0.0016633733027147364,0.016276464738787338,,,
2026-09-08,2026-09-22T16:50:23.521819,beta_adjusted_2026-09-22,ZTS,0.034972375266485195,0.5858175248419151,0.5691655,0.0005658025159147145,0.016276464738787338,,,
2026-09-08,2026-09-22T16:50:23.521819,beta_adjusted_2026-09-22,ZWS,0.12877252957206248,0.8581752484191508,0.9273415,0.0020925374199622544,0.016276464738787338,,,
2026-09-08,2026-09-22T16:50:23.521819,beta_adjusted_2026-09-22,ZYME,0.10026751901528007,0.7822944896115628,0.69303167,0.0016285766207560248,0.016276464738787338,,,
