panel_date,recorded_at,hedge_version,panel_source,tier,role,leg,ticker,icw8_score,vol_bucket,volatility_60,market_cap,weight
2026-09-08,2026-09-25T14:55:25.238265,hedge1_icw8_dvolq_minus_iwm_v2panel_2026-09-25,composite_panel_v2,cap150,REGISTERED,long,CL,0.372789221124977,0.0,0.013566591739665141,70478049811.89,0.005620384715119092
2026-09-08,2026-09-25T14:55:25.238265,hedge1_icw8_dvolq_minus_iwm_v2panel_2026-09-25,composite_panel_v2,cap150,REGISTERED,long,CHE,0.3580127954228868,0.0,0.014385922934494262,6783440458.61,0.005300283144645905
2026-09-08,2026-09-25T14:55:25.238265,hedge1_icw8_dvolq_minus_iwm_v2panel_2026-09-25,composite_panel_v2,cap150,REGISTERED,long,EXPD,0.34898495587022943,0.0,0.015553962425275908,24173056067.120003,0.004902253378596697
2026-09-08,2026-09-25T14:55:25.238265,hedge1_icw8_dvolq_minus_iwm_v2panel_2026-09-25,composite_panel_v2,cap150,REGISTERED,long,SBUX,0.34832176281068405,0.0,0.013700365567498216,116291400000.0,0.005565505859986959
2026-09-08,2026-09-25T14:55:25.238265,hedge1_icw8_dvolq_minus_iwm_v2panel_2026-09-25,composite_panel_v2,cap150,REGISTERED,long,IDT,0.34040030302357543,0.0,0.01651301326288624,1700015171.76,0.004617537916065815
2026-09-08,2026-09-25T14:55:25.238265,hedge1_icw8_dvolq_minus_iwm_v2panel_2026-09-25,composite_panel_v2,cap150,REGISTERED,long,GWW,0.31654833682651917,0.0,0.015159232680892544,60721121398.14001,0.005029902664267667
2026-09-08,2026-09-25T14:55:25.238265,hedge1_icw8_dvolq_minus_iwm_v2panel_2026-09-25,composite_panel_v2,cap150,REGISTERED,long,MA,0.3126235780737483,0.0,0.013948903192520545,500105314646.6,0.005466341245436425
2026-09-08,2026-09-25T14:55:25.238265,hedge1_icw8_dvolq_minus_iwm_v2panel_2026-09-25,composite_panel_v2,cap150,REGISTERED,long,MSM,0.30439973058179354,0.0,0.015961646891329093,6722777353.24,0.004777042454892056
2026-09-08,2026-09-25T14:55:25.238265,hedge1_icw8_dvolq_minus_iwm_v2panel_2026-09-25,composite_panel_v2,cap150,REGISTERED,long,MCRI,0.29765365488888734,0.0,0.014284857005523415,2137798304.88,0.005337782857776742
2026-09-08,2026-09-25T14:55:25.238265,hedge1_icw8_dvolq_minus_iwm_v2panel_2026-09-25,composite_panel_v2,cap150,REGISTERED,long,FDX,0.2887522405803335,0.0,0.01666874677497387,74317248586.44,0.004574396976523414
2026-09-08,2026-09-25T14:55:25.238265,hedge1_icw8_dvolq_minus_iwm_v2panel_2026-09-25,composite_panel_v2,cap150,REGISTERED,long,MTD,0.28370889400885535,0.0,0.015999109520182662,26558859685.68,0.004765856796822799
2026-09-08,2026-09-25T14:55:25.238265,hedge1_icw8_dvolq_minus_iwm_v2panel_2026-09-25,composite_panel_v2,cap150,REGISTERED,long,ACEL,0.2804589051420916,0.0,0.014052852187503899,949963657.5,0.005425906700824589
2026-09-08,2026-09-25T14:55:25.238265,hedge1_icw8_dvolq_minus_iwm_v2panel_2026-09-25,composite_panel_v2,cap150,REGISTERED,long,AIT,0.2761090804106313,0.0,0.0161933829165068,11988048300.960001,0.004708680406250978
2026-09-08,2026-09-25T14:55:25.238265,hedge1_icw8_dvolq_minus_iwm_v2panel_2026-09-25,composite_panel_v2,cap150,REGISTERED,long,GIC,0.2752044316484191,0.0,0.014787187980486461,1515187638.1599998,0.005156454692433448
2026-09-08,2026-09-25T14:55:25.238265,hedge1_icw8_dvolq_minus_iwm_v2panel_2026-09-25,composite_panel_v2,cap150,REGISTERED,long,VLGEA,0.27387221330560313,0.0,0.013661116884583801,635327163.9,0.005581495678140367
2026-09-08,2026-09-25T14:55:25.238265,hedge1_icw8_dvolq_minus_iwm_v2panel_2026-09-25,composite_panel_v2,cap150,REGISTERED,long,NLOP,0.27139547885370563,0.0,0.014169426095756587,165325077.0,0.005381266985309294
2026-09-08,2026-09-25T14:55:25.238265,hedge1_icw8_dvolq_minus_iwm_v2panel_2026-09-25,composite_panel_v2,cap150,REGISTERED,long,SEIC,0.26705569994569944,0.0,0.013010760073245269,13034083165.199999,0.005860492732217144
2026-09-08,2026-09-25T14:55:25.238265,hedge1_icw8_dvolq_minus_iwm_v2panel_2026-09-25,composite_panel_v2,cap150,REGISTERED,long,RAMP,0.26337912152300325,0.0,0.003182869375610349,2294402620.6800003,0.0239562029890885
2026-09-08,2026-09-25T14:55:25.238265,hedge1_icw8_dvolq_minus_iwm_v2panel_2026-09-25,composite_panel_v2,cap150,REGISTERED,long,HESM,0.261860246276629,0.0,0.012582638387507,5258535594.57,0.006059894793255852
2026-09-08,2026-09-25T14:55:25.238265,hedge1_icw8_dvolq_minus_iwm_v2panel_2026-09-25,composite_panel_v2,cap150,REGISTERED,long,TJX,0.2572215931297075,0.0,0.014936081902791068,141808655944.12,0.005105051334488621
2026-09-08,2026-09-25T14:55:25.238265,hedge1_icw8_dvolq_minus_iwm_v2panel_2026-09-25,composite_panel_v2,cap150,REGISTERED,long,DMLP,0.2566702911865323,0.0,0.014985911326714568,1444269223.3600001,0.005088076606589092
2026-09-08,2026-09-25T14:55:25.238265,hedge1_icw8_dvolq_minus_iwm_v2panel_2026-09-25,composite_panel_v2,cap150,REGISTERED,long,FAST,0.25575063323287583,0.0,0.015047176513650434,56663430154.740005,0.005067360297176232
2026-09-08,2026-09-25T14:55:25.238265,hedge1_icw8_dvolq_minus_iwm_v2panel_2026-09-25,composite_panel_v2,cap150,REGISTERED,long,UTHR,0.2541386439954525,0.0,0.014403570939236264,21358277895.24,0.005293788961886277
2026-09-08,2026-09-25T14:55:25.238265,hedge1_icw8_dvolq_minus_iwm_v2panel_2026-09-25,composite_panel_v2,cap150,REGISTERED,long,SYY,0.24640708362076447,0.0,0.011061671346800203,38251025917.44,0.006893123331849077
2026-09-08,2026-09-25T14:55:25.238265,hedge1_icw8_dvolq_minus_iwm_v2panel_2026-09-25,composite_panel_v2,cap150,REGISTERED,long,SPOK,0.243319254752319,0.0,0.016439354981637542,222568977.68,0.004638227286596351
2026-09-08,2026-09-25T14:55:25.238265,hedge1_icw8_dvolq_minus_iwm_v2panel_2026-09-25,composite_panel_v2,cap150,REGISTERED,long,COST,0.23968974874325025,0.0,0.01293850990396376,403645537824.72,0.005893218416636647
2026-09-08,2026-09-25T14:55:25.238265,hedge1_icw8_dvolq_minus_iwm_v2panel_2026-09-25,composite_panel_v2,cap150,REGISTERED,long,SLAB,0.23832617976320916,0.0,0.0024282829224226686,7340687420.0,0.031400568749955095
2026-09-08,2026-09-25T14:55:25.238265,hedge1_icw8_dvolq_minus_iwm_v2panel_2026-09-25,composite_panel_v2,cap150,REGISTERED,long,HSIC,0.2373069542843891,0.0,0.012790364605143633,9903139722.12,0.00596147703398629
2026-09-08,2026-09-25T14:55:25.238265,hedge1_icw8_dvolq_minus_iwm_v2panel_2026-09-25,composite_panel_v2,cap150,REGISTERED,long,GGG,0.2364331769940608,0.0,0.01425783814622773,12475303062.72,0.005347898052135526
2026-09-08,2026-09-25T14:55:25.238265,hedge1_icw8_dvolq_minus_iwm_v2panel_2026-09-25,composite_panel_v2,cap150,REGISTERED,long,ITIC,0.23520087906621076,0.0,0.014874405683789216,553749226.8000001,0.00512621925681205
2026-09-08,2026-09-25T14:55:25.238265,hedge1_icw8_dvolq_minus_iwm_v2panel_2026-09-25,composite_panel_v2,cap150,REGISTERED,long,LVS,0.23372689600876753,0.0,0.015979421139772187,28485898072.32,0.004771728849432023
2026-09-08,2026-09-25T14:55:25.238265,hedge1_icw8_dvolq_minus_iwm_v2panel_2026-09-25,composite_panel_v2,cap150,REGISTERED,long,CAPL,0.23282628171872358,0.0,0.015307376022524292,877984865.0,0.00498122374061213
2026-09-08,2026-09-25T14:55:25.238265,hedge1_icw8_dvolq_minus_iwm_v2panel_2026-09-25,composite_panel_v2,cap150,REGISTERED,long,UNF,0.22785945513134734,0.0,0.011855752494812528,4985083129.18,0.006431431904743099
2026-09-08,2026-09-25T14:55:25.238265,hedge1_icw8_dvolq_minus_iwm_v2panel_2026-09-25,composite_panel_v2,cap150,REGISTERED,long,PFGC,0.22722260582263626,0.0,0.016065227200485862,15247622167.28,0.004746242545985833
2026-09-08,2026-09-25T14:55:25.238265,hedge1_icw8_dvolq_minus_iwm_v2panel_2026-09-25,composite_panel_v2,cap150,REGISTERED,long,PEP,0.22509528439855161,0.0,0.014688172280316616,188969236205.09998,0.005191215312204335
2026-09-08,2026-09-25T14:55:25.238265,hedge1_icw8_dvolq_minus_iwm_v2panel_2026-09-25,composite_panel_v2,cap150,REGISTERED,long,RLGT,0.2219212171605798,0.0,0.0161864313535829,390107777.78000003,0.004710702636316244
2026-09-08,2026-09-25T14:55:25.238265,hedge1_icw8_dvolq_minus_iwm_v2panel_2026-09-25,composite_panel_v2,cap150,REGISTERED,long,IMKTA,0.2194891673455792,0.0,0.016247106951272676,1555829338.1599998,0.00469311029210047
2026-09-08,2026-09-25T14:55:25.238265,hedge1_icw8_dvolq_minus_iwm_v2panel_2026-09-25,composite_panel_v2,cap150,REGISTERED,long,BRC,0.2150472558262499,0.0,0.0135225747941922,4156208344.6800003,0.005638679468249139
2026-09-08,2026-09-25T14:55:25.238265,hedge1_icw8_dvolq_minus_iwm_v2panel_2026-09-25,composite_panel_v2,cap150,REGISTERED,long,SLP,0.21448973996586765,0.0,0.015017347198400009,372541515.96000004,0.005077425715907982
2026-09-08,2026-09-25T14:55:25.238265,hedge1_icw8_dvolq_minus_iwm_v2panel_2026-09-25,composite_panel_v2,cap150,REGISTERED,long,WLKP,0.21142515502550488,0.0,0.007849022371110792,766245409.4599999,0.009714517457679775
2026-09-08,2026-09-25T14:55:25.238265,hedge1_icw8_dvolq_minus_iwm_v2panel_2026-09-25,composite_panel_v2,cap150,REGISTERED,long,NATH,0.21010533142558688,0.0,0.007551781833319836,402800076.3,0.01009688395835912
2026-09-08,2026-09-25T14:55:25.238265,hedge1_icw8_dvolq_minus_iwm_v2panel_2026-09-25,composite_panel_v2,cap150,REGISTERED,long,GNE,0.2099997408223101,0.0,0.014567501813624099,410586118.8,0.00523421694573351
2026-09-08,2026-09-25T14:55:25.238265,hedge1_icw8_dvolq_minus_iwm_v2panel_2026-09-25,composite_panel_v2,cap150,REGISTERED,long,FELE,0.20812668656470978,0.0,0.015521808366510547,4382682426.32,0.0049124085963069076
2026-09-08,2026-09-25T14:55:25.238265,hedge1_icw8_dvolq_minus_iwm_v2panel_2026-09-25,composite_panel_v2,cap150,REGISTERED,long,ITW,0.20738241631513699,0.0,0.013936651416067727,76522912000.0,0.005471146731988001
2026-09-08,2026-09-25T14:55:25.238265,hedge1_icw8_dvolq_minus_iwm_v2panel_2026-09-25,composite_panel_v2,cap150,REGISTERED,long,DCI,0.20463958882651262,0.0,0.013644716163948155,10546746985.439999,0.0055882045426008916
2026-09-08,2026-09-25T14:55:25.238265,hedge1_icw8_dvolq_minus_iwm_v2panel_2026-09-25,composite_panel_v2,cap150,REGISTERED,long,EW,0.20354709280778457,0.0,0.014968159494825547,49985408000.0,0.005094110927681799
2026-09-08,2026-09-25T14:55:25.238265,hedge1_icw8_dvolq_minus_iwm_v2panel_2026-09-25,composite_panel_v2,cap150,REGISTERED,long,V,0.20255101667509726,0.0,0.01310920720728017,657811734773.76,0.005816481778358794
2026-09-08,2026-09-25T14:55:25.238265,hedge1_icw8_dvolq_minus_iwm_v2panel_2026-09-25,composite_panel_v2,cap150,REGISTERED,long,WST,0.20237704378774607,0.0,0.015184603640524274,23769413615.5,0.005021498529364461
2026-09-08,2026-09-25T14:55:25.238265,hedge1_icw8_dvolq_minus_iwm_v2panel_2026-09-25,composite_panel_v2,cap150,REGISTERED,long,PEN,0.20157397501307267,0.0,0.004090151994023304,12575466867.72,0.018642208152971747
2026-09-08,2026-09-25T14:55:25.238265,hedge1_icw8_dvolq_minus_iwm_v2panel_2026-09-25,composite_panel_v2,cap150,REGISTERED,long,OTIS,0.19900352528641707,0.0,0.014092993684208924,26669693890.34,0.005410451927989704
2026-09-08,2026-09-25T14:55:25.238265,hedge1_icw8_dvolq_minus_iwm_v2panel_2026-09-25,composite_panel_v2,cap150,REGISTERED,long,CHD,0.19809372950815982,0.0,0.014712555778955933,22899665181.780003,0.005182611777006013
2026-09-08,2026-09-25T14:55:25.238265,hedge1_icw8_dvolq_minus_iwm_v2panel_2026-09-25,composite_panel_v2,cap150,REGISTERED,long,MSA,0.19325427137937493,0.0,0.016080228030392645,7280494700.08,0.004741814898753835
2026-09-08,2026-09-25T14:55:25.238265,hedge1_icw8_dvolq_minus_iwm_v2panel_2026-09-25,composite_panel_v2,cap150,REGISTERED,long,JOUT,0.18951141199771873,0.0,0.015333285736966053,473157100.5,0.004972806622004693
2026-09-08,2026-09-25T14:55:25.238265,hedge1_icw8_dvolq_minus_iwm_v2panel_2026-09-25,composite_panel_v2,cap150,REGISTERED,long,VLTO,0.18772372974931337,0.0,0.01565136835257845,23289578152.32,0.004871744318592651
2026-09-08,2026-09-25T14:55:25.238265,hedge1_icw8_dvolq_minus_iwm_v2panel_2026-09-25,composite_panel_v2,cap150,REGISTERED,long,AB,0.18758714768757828,0.0,0.009278504875089744,3417722041.68,0.00821786116150932
2026-09-08,2026-09-25T14:55:25.238265,hedge1_icw8_dvolq_minus_iwm_v2panel_2026-09-25,composite_panel_v2,cap150,REGISTERED,long,EBF,0.1870841599834186,0.0,0.013102062184966108,538094245.4399999,0.005819653713548005
2026-09-08,2026-09-25T14:55:25.238265,hedge1_icw8_dvolq_minus_iwm_v2panel_2026-09-25,composite_panel_v2,cap150,REGISTERED,long,MNST,0.18499177915646065,0.0,0.015534429445340475,84533083616.59999,0.004908417468318786
2026-09-08,2026-09-25T14:55:25.238265,hedge1_icw8_dvolq_minus_iwm_v2panel_2026-09-25,composite_panel_v2,cap150,REGISTERED,long,PG,0.17331274369422894,0.0,0.011946681868436074,338390964874.80005,0.006382480565698416
2026-09-08,2026-09-25T14:55:25.238265,hedge1_icw8_dvolq_minus_iwm_v2panel_2026-09-25,composite_panel_v2,cap150,REGISTERED,long,ARLP,0.16847260294203995,0.0,0.013129940689941572,3430043634.66,0.00580729697494271
2026-09-08,2026-09-25T14:55:25.238265,hedge1_icw8_dvolq_minus_iwm_v2panel_2026-09-25,composite_panel_v2,cap150,REGISTERED,long,CNXN,0.16669808921448243,0.0,0.014914930660965482,2110914600.3600001,0.005112290937391395
2026-09-08,2026-09-25T14:55:25.238265,hedge1_icw8_dvolq_minus_iwm_v2panel_2026-09-25,composite_panel_v2,cap150,REGISTERED,long,CLH,0.16449704182737648,0.0,0.015093234524214818,16740419958.24,0.005051896909674604
2026-09-08,2026-09-25T14:55:25.238265,hedge1_icw8_dvolq_minus_iwm_v2panel_2026-09-25,composite_panel_v2,cap150,REGISTERED,long,JBHT,0.40746253486792944,1.0,0.021479251199571635,25805946938.42,0.003549912617596071
2026-09-08,2026-09-25T14:55:25.238265,hedge1_icw8_dvolq_minus_iwm_v2panel_2026-09-25,composite_panel_v2,cap150,REGISTERED,long,VRSN,0.4051143228884434,1.0,0.020782234485719028,25398000000.0,0.003668973367722869
2026-09-08,2026-09-25T14:55:25.238265,hedge1_icw8_dvolq_minus_iwm_v2panel_2026-09-25,composite_panel_v2,cap150,REGISTERED,long,COKE,0.39597072430164765,1.0,0.021596901031381833,12532725274.32,0.003530574351342306
2026-09-08,2026-09-25T14:55:25.238265,hedge1_icw8_dvolq_minus_iwm_v2panel_2026-09-25,composite_panel_v2,cap150,REGISTERED,long,KR,0.3816714756938814,1.0,0.02016061761024425,35043424530.4,0.003782099652102429
2026-09-08,2026-09-25T14:55:25.238265,hedge1_icw8_dvolq_minus_iwm_v2panel_2026-09-25,composite_panel_v2,cap150,REGISTERED,long,MTCH,0.3709166751048082,1.0,0.023094061995822635,9446023032.75,0.0033016913552785672
2026-09-08,2026-09-25T14:55:25.238265,hedge1_icw8_dvolq_minus_iwm_v2panel_2026-09-25,composite_panel_v2,cap150,REGISTERED,long,EXEL,0.36933339426081235,1.0,0.021708013539275935,14289570177.640001,0.0035125030999228948
2026-09-08,2026-09-25T14:55:25.238265,hedge1_icw8_dvolq_minus_iwm_v2panel_2026-09-25,composite_panel_v2,cap150,REGISTERED,long,HVT,0.3542692647599084,1.0,0.020783991065504333,436777464.26000005,0.003668663280770356
2026-09-08,2026-09-25T14:55:25.238265,hedge1_icw8_dvolq_minus_iwm_v2panel_2026-09-25,composite_panel_v2,cap150,REGISTERED,long,LUV,0.35084470290662034,1.0,0.02260777726608199,18917681132.670002,0.0033727094863178118
2026-09-08,2026-09-25T14:55:25.238265,hedge1_icw8_dvolq_minus_iwm_v2panel_2026-09-25,composite_panel_v2,cap150,REGISTERED,long,PGNY,0.3497696254071245,1.0,0.02243006325828528,2083132565.6999998,0.003399431556293523
2026-09-08,2026-09-25T14:55:25.238265,hedge1_icw8_dvolq_minus_iwm_v2panel_2026-09-25,composite_panel_v2,cap150,REGISTERED,long,MDXG,0.34954799462626146,1.0,0.02093651618246373,680701385.56,0.003641936613778221
2026-09-08,2026-09-25T14:55:25.238265,hedge1_icw8_dvolq_minus_iwm_v2panel_2026-09-25,composite_panel_v2,cap150,REGISTERED,long,ODFL,0.34913429603842505,1.0,0.020045759840405537,38777761880.22,0.003803770246522734
2026-09-08,2026-09-25T14:55:25.238265,hedge1_icw8_dvolq_minus_iwm_v2panel_2026-09-25,composite_panel_v2,cap150,REGISTERED,long,PIPR,0.34781572625199797,1.0,0.020301863893969877,5465640305.940001,0.003755786426709458
2026-09-08,2026-09-25T14:55:25.238265,hedge1_icw8_dvolq_minus_iwm_v2panel_2026-09-25,composite_panel_v2,cap150,REGISTERED,long,DLTR,0.34743051810301173,1.0,0.022737291395664973,23273662287.960003,0.0033534981596098287
2026-09-08,2026-09-25T14:55:25.238265,hedge1_icw8_dvolq_minus_iwm_v2panel_2026-09-25,composite_panel_v2,cap150,REGISTERED,long,FLXS,0.34429133981949733,1.0,0.022643249169928662,344524592.2,0.0033674259501210585
2026-09-08,2026-09-25T14:55:25.238265,hedge1_icw8_dvolq_minus_iwm_v2panel_2026-09-25,composite_panel_v2,cap150,REGISTERED,long,CALX,0.3394614236181961,1.0,0.022142675382866718,2225147371.26,0.003443552485481237
2026-09-08,2026-09-25T14:55:25.238265,hedge1_icw8_dvolq_minus_iwm_v2panel_2026-09-25,composite_panel_v2,cap150,REGISTERED,long,ULTA,0.3341418583949069,1.0,0.02265429839598112,23483685797.33,0.0033657835487591868
2026-09-08,2026-09-25T14:55:25.238265,hedge1_icw8_dvolq_minus_iwm_v2panel_2026-09-25,composite_panel_v2,cap150,REGISTERED,long,HCA,0.3324362648586278,1.0,0.023000806200360102,87037933030.0,0.0033150779231678027
2026-09-08,2026-09-25T14:55:25.238265,hedge1_icw8_dvolq_minus_iwm_v2panel_2026-09-25,composite_panel_v2,cap150,REGISTERED,long,XPO,0.3316949227367793,1.0,0.02218243430657133,22253453537.9,0.003437380397303226
2026-09-08,2026-09-25T14:55:25.238265,hedge1_icw8_dvolq_minus_iwm_v2panel_2026-09-25,composite_panel_v2,cap150,REGISTERED,long,UNFI,0.3308520450412665,1.0,0.021703741945106676,2719124960.2,0.0035131944087211232
2026-09-08,2026-09-25T14:55:25.238265,hedge1_icw8_dvolq_minus_iwm_v2panel_2026-09-25,composite_panel_v2,cap150,REGISTERED,long,PCRX,0.3298085393340352,1.0,0.021419708707515066,1031226990.82,0.00355978066233566
2026-09-08,2026-09-25T14:55:25.238265,hedge1_icw8_dvolq_minus_iwm_v2panel_2026-09-25,composite_panel_v2,cap150,REGISTERED,long,LOPE,0.3290524831869374,1.0,0.021945105150108335,3949635056.61,0.003474554545458556
2026-09-08,2026-09-25T14:55:25.238265,hedge1_icw8_dvolq_minus_iwm_v2panel_2026-09-25,composite_panel_v2,cap150,REGISTERED,long,GCMG,0.3279894269853622,1.0,0.01995192021332337,2672799878.0,0.0038216604735095867
2026-09-08,2026-09-25T14:55:25.238265,hedge1_icw8_dvolq_minus_iwm_v2panel_2026-09-25,composite_panel_v2,cap150,REGISTERED,long,PNRG,0.32722849853819913,1.0,0.02183727474812123,341081952.0,0.003491711567920581
2026-09-08,2026-09-25T14:55:25.238265,hedge1_icw8_dvolq_minus_iwm_v2panel_2026-09-25,composite_panel_v2,cap150,REGISTERED,long,HAS,0.32071373967593164,1.0,0.020123224536917783,12737725814.77,0.0037891275679992884
2026-09-08,2026-09-25T14:55:25.238265,hedge1_icw8_dvolq_minus_iwm_v2panel_2026-09-25,composite_panel_v2,cap150,REGISTERED,long,AXSM,0.3192491497051744,1.0,0.02328496361214968,10885781596.76,0.003274622461084254
2026-09-08,2026-09-25T14:55:25.238265,hedge1_icw8_dvolq_minus_iwm_v2panel_2026-09-25,composite_panel_v2,cap150,REGISTERED,long,WSM,0.31762879870833155,1.0,0.01851717703802105,26833628984.59,0.00411776939288926
2026-09-08,2026-09-25T14:55:25.238265,hedge1_icw8_dvolq_minus_iwm_v2panel_2026-09-25,composite_panel_v2,cap150,REGISTERED,long,JILL,0.3170899451839534,1.0,0.023028794838202082,296636073.6,0.0033110488579882577
2026-09-08,2026-09-25T14:55:25.238265,hedge1_icw8_dvolq_minus_iwm_v2panel_2026-09-25,composite_panel_v2,cap150,REGISTERED,long,NTNX,0.3159607276153978,1.0,0.02204481724988395,18243931152.41,0.0034588386007271747
2026-09-08,2026-09-25T14:55:25.238265,hedge1_icw8_dvolq_minus_iwm_v2panel_2026-09-25,composite_panel_v2,cap150,REGISTERED,long,SNDR,0.3141201987349665,1.0,0.0205452368030259,6072423141.36,0.003711296471338061
2026-09-08,2026-09-25T14:55:25.238265,hedge1_icw8_dvolq_minus_iwm_v2panel_2026-09-25,composite_panel_v2,cap150,REGISTERED,long,MSCI,0.31376887572096746,1.0,0.02215480607858499,40086053000.0,0.003441666994484697
2026-09-08,2026-09-25T14:55:25.238265,hedge1_icw8_dvolq_minus_iwm_v2panel_2026-09-25,composite_panel_v2,cap150,REGISTERED,long,JLL,0.3106964042820378,1.0,0.020763230174424628,16199772303.33,0.003672331530755563
2026-09-08,2026-09-25T14:55:25.238265,hedge1_icw8_dvolq_minus_iwm_v2panel_2026-09-25,composite_panel_v2,cap150,REGISTERED,long,COLM,0.31044381450566044,1.0,0.01872867731317712,2954359225.7400002,0.00407126801187542
2026-09-08,2026-09-25T14:55:25.238265,hedge1_icw8_dvolq_minus_iwm_v2panel_2026-09-25,composite_panel_v2,cap150,REGISTERED,long,LOGI,0.31038501498027143,1.0,0.023331697543411842,14105482585.320002,0.0032680633163533106
2026-09-08,2026-09-25T14:55:25.238265,hedge1_icw8_dvolq_minus_iwm_v2panel_2026-09-25,composite_panel_v2,cap150,REGISTERED,long,CASY,0.30835155044240675,1.0,0.021089085719563132,27142734369.86,0.0036155889289758375
2026-09-08,2026-09-25T14:55:25.238265,hedge1_icw8_dvolq_minus_iwm_v2panel_2026-09-25,composite_panel_v2,cap150,REGISTERED,long,WMT,0.3057541461364369,1.0,0.018177245883855057,841373788858.0499,0.004194775453722574
2026-09-08,2026-09-25T14:55:25.238265,hedge1_icw8_dvolq_minus_iwm_v2panel_2026-09-25,composite_panel_v2,cap150,REGISTERED,long,USFD,0.3049321058078245,1.0,0.017459758672950212,22301534234.07,0.0043671545682934035
2026-09-08,2026-09-25T14:55:25.238265,hedge1_icw8_dvolq_minus_iwm_v2panel_2026-09-25,composite_panel_v2,cap150,REGISTERED,long,TTC,0.302302480310256,1.0,0.018062530244368595,8969355065.5,0.004221416591047502
2026-09-08,2026-09-25T14:55:25.238265,hedge1_icw8_dvolq_minus_iwm_v2panel_2026-09-25,composite_panel_v2,cap150,REGISTERED,long,NHC,0.3019643817943786,1.0,0.02135163088276654,3460698453.15,0.003571130714488785
2026-09-08,2026-09-25T14:55:25.238265,hedge1_icw8_dvolq_minus_iwm_v2panel_2026-09-25,composite_panel_v2,cap150,REGISTERED,long,RL,0.3015077222931724,1.0,0.019160847260769276,20688740847.97,0.003979441191308448
2026-09-08,2026-09-25T14:55:25.238265,hedge1_icw8_dvolq_minus_iwm_v2panel_2026-09-25,composite_panel_v2,cap150,REGISTERED,long,SIG,0.29996868873638793,1.0,0.022193547403530092,3251393160.61,0.003435659178926335
2026-09-08,2026-09-25T14:55:25.238265,hedge1_icw8_dvolq_minus_iwm_v2panel_2026-09-25,composite_panel_v2,cap150,REGISTERED,long,LNTH,0.29993552048500677,1.0,0.01759462143196337,6555956742.36,0.004333680332067609
2026-09-08,2026-09-25T14:55:25.238265,hedge1_icw8_dvolq_minus_iwm_v2panel_2026-09-25,composite_panel_v2,cap150,REGISTERED,long,KFY,0.29952004906877183,1.0,0.021092991571748893,4172308280.0000005,0.00361491941958581
2026-09-08,2026-09-25T14:55:25.238265,hedge1_icw8_dvolq_minus_iwm_v2panel_2026-09-25,composite_panel_v2,cap150,REGISTERED,long,IDXX,0.29805573957579234,1.0,0.019785341043266638,40982724354.36,0.003853836266108952
2026-09-08,2026-09-25T14:55:25.238265,hedge1_icw8_dvolq_minus_iwm_v2panel_2026-09-25,composite_panel_v2,cap150,REGISTERED,long,MRTN,0.2954088376115375,1.0,0.017245508274119227,1166945250.01,0.0044214101224435585
2026-09-08,2026-09-25T14:55:25.238265,hedge1_icw8_dvolq_minus_iwm_v2panel_2026-09-25,composite_panel_v2,cap150,REGISTERED,long,BJ,0.29184618209704094,1.0,0.018675945908332933,11349375076.199999,0.004082763209110254
2026-09-08,2026-09-25T14:55:25.238265,hedge1_icw8_dvolq_minus_iwm_v2panel_2026-09-25,composite_panel_v2,cap150,REGISTERED,long,BBY,0.28664788430213,1.0,0.022366716316296154,18734975262.34,0.003409059415410045
2026-09-08,2026-09-25T14:55:25.238265,hedge1_icw8_dvolq_minus_iwm_v2panel_2026-09-25,composite_panel_v2,cap150,REGISTERED,long,WHG,0.28624781118159554,1.0,0.020956457914683865,178170647.84,0.003638471022168688
2026-09-08,2026-09-25T14:55:25.238265,hedge1_icw8_dvolq_minus_iwm_v2panel_2026-09-25,composite_panel_v2,cap150,REGISTERED,long,CRUS,0.28582725677935283,1.0,0.0209628172716503,5551021056.360001,0.003637367242283467
2026-09-08,2026-09-25T14:55:25.238265,hedge1_icw8_dvolq_minus_iwm_v2panel_2026-09-25,composite_panel_v2,cap150,REGISTERED,long,PBI,0.28432771409975655,1.0,0.018158194780281214,2329162701.8799996,0.004199176502538543
2026-09-08,2026-09-25T14:55:25.238265,hedge1_icw8_dvolq_minus_iwm_v2panel_2026-09-25,composite_panel_v2,cap150,REGISTERED,long,RICK,0.2838403513135133,1.0,0.0218540940549688,221996280.0,0.0034890242834174413
2026-09-08,2026-09-25T14:55:25.238265,hedge1_icw8_dvolq_minus_iwm_v2panel_2026-09-25,composite_panel_v2,cap150,REGISTERED,long,GIII,0.2829188000043084,1.0,0.022371382329471376,1165303626.26,0.0034083483857600596
2026-09-08,2026-09-25T14:55:25.238265,hedge1_icw8_dvolq_minus_iwm_v2panel_2026-09-25,composite_panel_v2,cap150,REGISTERED,long,CALY,0.2823952584826149,1.0,0.02263902590818339,2779408811.9700003,0.003368054136212318
2026-09-08,2026-09-25T14:55:25.238265,hedge1_icw8_dvolq_minus_iwm_v2panel_2026-09-25,composite_panel_v2,cap150,REGISTERED,long,BURL,0.2815445721291264,1.0,0.023152345431358547,16044257106.9,0.0032933797172272354
2026-09-08,2026-09-25T14:55:25.238265,hedge1_icw8_dvolq_minus_iwm_v2panel_2026-09-25,composite_panel_v2,cap150,REGISTERED,long,CMCSA,0.2807698672708102,1.0,0.021667503502356487,93435600967.09,0.0035190701522942983
2026-09-08,2026-09-25T14:55:25.238265,hedge1_icw8_dvolq_minus_iwm_v2panel_2026-09-25,composite_panel_v2,cap150,REGISTERED,long,WMK,0.28003096091187185,1.0,0.01678204186687152,1753649589.39,0.004543515351394436
2026-09-08,2026-09-25T14:55:25.238265,hedge1_icw8_dvolq_minus_iwm_v2panel_2026-09-25,composite_panel_v2,cap150,REGISTERED,long,NGVT,0.2790384693927484,1.0,0.018687867143713618,2377233306.3,0.004080158760949043
2026-09-08,2026-09-25T14:55:25.238265,hedge1_icw8_dvolq_minus_iwm_v2panel_2026-09-25,composite_panel_v2,cap150,REGISTERED,long,BKTI,0.2752582768388797,1.0,0.02256676605885582,272866069.71,0.0033788388044175472
2026-09-08,2026-09-25T14:55:25.238265,hedge1_icw8_dvolq_minus_iwm_v2panel_2026-09-25,composite_panel_v2,cap150,REGISTERED,long,LSTR,0.27299802162507936,1.0,0.020324926747989563,6022446710.5,0.0037515247063518737
2026-09-08,2026-09-25T14:55:25.238265,hedge1_icw8_dvolq_minus_iwm_v2panel_2026-09-25,composite_panel_v2,cap150,REGISTERED,long,ROL,0.27102671104080517,1.0,0.019028268773775458,16816031869.800001,0.0040071677437603275
2026-09-08,2026-09-25T14:55:25.238265,hedge1_icw8_dvolq_minus_iwm_v2panel_2026-09-25,composite_panel_v2,cap150,REGISTERED,long,ROST,0.26956102502075474,1.0,0.017527602410824634,73253792654.1,0.004350250711003406
2026-09-08,2026-09-25T14:55:25.238265,hedge1_icw8_dvolq_minus_iwm_v2panel_2026-09-25,composite_panel_v2,cap150,REGISTERED,long,ZD,0.26845756381219793,1.0,0.020442391707656972,1910826101.84,0.003729967899074873
2026-09-08,2026-09-25T14:55:25.238265,hedge1_icw8_dvolq_minus_iwm_v2panel_2026-09-25,composite_panel_v2,cap150,REGISTERED,long,ETSY,0.4432249128640667,2.0,0.029011725395201894,6683546889.36,0.002628229235289998
2026-09-08,2026-09-25T14:55:25.238265,hedge1_icw8_dvolq_minus_iwm_v2panel_2026-09-25,composite_panel_v2,cap150,REGISTERED,long,CARG,0.4324698271461315,2.0,0.026343799071867482,2918937874.0600004,0.0028943989681162437
2026-09-08,2026-09-25T14:55:25.238265,hedge1_icw8_dvolq_minus_iwm_v2panel_2026-09-25,composite_panel_v2,cap150,REGISTERED,long,NRDS,0.4194976306921888,2.0,0.027054568491458545,611105543.44,0.002818358196100883
2026-09-08,2026-09-25T14:55:25.238265,hedge1_icw8_dvolq_minus_iwm_v2panel_2026-09-25,composite_panel_v2,cap150,REGISTERED,long,CART,0.4125927652676266,2.0,0.027741440601253768,11112003216.0,0.0027485762526128082
2026-09-08,2026-09-25T14:55:25.238265,hedge1_icw8_dvolq_minus_iwm_v2panel_2026-09-25,composite_panel_v2,cap150,REGISTERED,long,DBX,0.4112449868031735,2.0,0.02494784900536911,7631230925.85,0.003056354270601245
2026-09-08,2026-09-25T14:55:25.238265,hedge1_icw8_dvolq_minus_iwm_v2panel_2026-09-25,composite_panel_v2,cap150,REGISTERED,long,YELP,0.40941346367201475,2.0,0.028872021638822302,1137365496.16,0.0026409465122922762
2026-09-08,2026-09-25T14:55:25.238265,hedge1_icw8_dvolq_minus_iwm_v2panel_2026-09-25,composite_panel_v2,cap150,REGISTERED,long,BKNG,0.4085097473995411,2.0,0.0275270465109846,135473904150.00002,0.002769983507654834
2026-09-08,2026-09-25T14:55:25.238265,hedge1_icw8_dvolq_minus_iwm_v2panel_2026-09-25,composite_panel_v2,cap150,REGISTERED,long,PBT,0.40126155951741266,2.0,0.027335475801327135,1622452188.76,0.0027893959265261076
2026-09-08,2026-09-25T14:55:25.238265,hedge1_icw8_dvolq_minus_iwm_v2panel_2026-09-25,composite_panel_v2,cap150,REGISTERED,long,VMD,0.3975456966989437,2.0,0.02797502623609436,334795524.11999995,0.002725626214122908
2026-09-08,2026-09-25T14:55:25.238265,hedge1_icw8_dvolq_minus_iwm_v2panel_2026-09-25,composite_panel_v2,cap150,REGISTERED,long,CROX,0.39698437772982176,2.0,0.02602832859152719,5482519326.25,0.002929479877347784
2026-09-08,2026-09-25T14:55:25.238265,hedge1_icw8_dvolq_minus_iwm_v2panel_2026-09-25,composite_panel_v2,cap150,REGISTERED,long,YETI,0.3941494710092113,2.0,0.024247836421229012,2973563549.04,0.0031445883882290785
2026-09-08,2026-09-25T14:55:25.238265,hedge1_icw8_dvolq_minus_iwm_v2panel_2026-09-25,composite_panel_v2,cap150,REGISTERED,long,BJRI,0.391277156409279,2.0,0.029086487135763336,1299401566.2,0.0026214738305789507
2026-09-08,2026-09-25T14:55:25.238265,hedge1_icw8_dvolq_minus_iwm_v2panel_2026-09-25,composite_panel_v2,cap150,REGISTERED,long,PINS,0.3880153126233015,2.0,0.03039669649702222,11405544363.78,0.0025084786715998753
2026-09-08,2026-09-25T14:55:25.238265,hedge1_icw8_dvolq_minus_iwm_v2panel_2026-09-25,composite_panel_v2,cap150,REGISTERED,long,GRND,0.38617842948623776,2.0,0.027685457726335405,2687266893.42,0.0027541341596582546
2026-09-08,2026-09-25T14:55:25.238265,hedge1_icw8_dvolq_minus_iwm_v2panel_2026-09-25,composite_panel_v2,cap150,REGISTERED,long,TPR,0.38338654801924166,2.0,0.029278077959767217,23444473499.239998,0.002604319346189798
2026-09-08,2026-09-25T14:55:25.238265,hedge1_icw8_dvolq_minus_iwm_v2panel_2026-09-25,composite_panel_v2,cap150,REGISTERED,long,BOX,0.3825412594224447,2.0,0.02350013853888137,4705986513.9,0.003244638950690392
2026-09-08,2026-09-25T14:55:25.238265,hedge1_icw8_dvolq_minus_iwm_v2panel_2026-09-25,composite_panel_v2,cap150,REGISTERED,long,KFRC,0.3820016119321555,2.0,0.028777165554907076,915866260.0,0.0026496516727608304
2026-09-08,2026-09-25T14:55:25.238265,hedge1_icw8_dvolq_minus_iwm_v2panel_2026-09-25,composite_panel_v2,cap150,REGISTERED,long,MC,0.3776090882219693,2.0,0.02748712783964584,5382563806.36,0.0027740062655763217
2026-09-08,2026-09-25T14:55:25.238265,hedge1_icw8_dvolq_minus_iwm_v2panel_2026-09-25,composite_panel_v2,cap150,REGISTERED,long,SAM,0.37723993530624006,2.0,0.02507418388256556,1667869822.8600001,0.00304095500005056
2026-09-08,2026-09-25T14:55:25.238265,hedge1_icw8_dvolq_minus_iwm_v2panel_2026-09-25,composite_panel_v2,cap150,REGISTERED,long,WRLD,0.37683114072047724,2.0,0.03033932275803074,895330560.0,0.002513222376715441
2026-09-08,2026-09-25T14:55:25.238265,hedge1_icw8_dvolq_minus_iwm_v2panel_2026-09-25,composite_panel_v2,cap150,REGISTERED,long,DFIN,0.37527847422045724,2.0,0.02602719992848565,1224843781.06,0.0029296069135129332
2026-09-08,2026-09-25T14:55:25.238265,hedge1_icw8_dvolq_minus_iwm_v2panel_2026-09-25,composite_panel_v2,cap150,REGISTERED,long,DPZ,0.37503884387109104,2.0,0.024604477494494223,11095944736.35,0.003099007685366915
2026-09-08,2026-09-25T14:55:25.238265,hedge1_icw8_dvolq_minus_iwm_v2panel_2026-09-25,composite_panel_v2,cap150,REGISTERED,long,CHWY,0.3691251065770175,2.0,0.02909895892871614,9527301296.89,0.002620350268772968
2026-09-08,2026-09-25T14:55:25.238265,hedge1_icw8_dvolq_minus_iwm_v2panel_2026-09-25,composite_panel_v2,cap150,REGISTERED,long,GFF,0.368720359148584,2.0,0.0260095449031797,4408534708.28,0.0029315955021017416
2026-09-08,2026-09-25T14:55:25.238265,hedge1_icw8_dvolq_minus_iwm_v2panel_2026-09-25,composite_panel_v2,cap150,REGISTERED,long,ADBE,0.36650712442967187,2.0,0.031568843411108306,102260850000.0,0.002415339195576755
2026-09-08,2026-09-25T14:55:25.238265,hedge1_icw8_dvolq_minus_iwm_v2panel_2026-09-25,composite_panel_v2,cap150,REGISTERED,long,APPF,0.3632767625570931,2.0,0.031427070120660316,7296431606.879999,0.0024262352346917666
2026-09-08,2026-09-25T14:55:25.238265,hedge1_icw8_dvolq_minus_iwm_v2panel_2026-09-25,composite_panel_v2,cap150,REGISTERED,long,CARS,0.3631950096807294,2.0,0.02842863400651604,602243032.5,0.0026821360756340944
2026-09-08,2026-09-25T14:55:25.238265,hedge1_icw8_dvolq_minus_iwm_v2panel_2026-09-25,composite_panel_v2,cap150,REGISTERED,long,EVR,0.35951531413347254,2.0,0.023607808479911393,11370811221.26,0.003229840877214753
2026-09-08,2026-09-25T14:55:25.238265,hedge1_icw8_dvolq_minus_iwm_v2panel_2026-09-25,composite_panel_v2,cap150,REGISTERED,long,CMPR,0.3558703018531809,2.0,0.025367726746731302,2067270512.4,0.0030057665636003365
2026-09-08,2026-09-25T14:55:25.238265,hedge1_icw8_dvolq_minus_iwm_v2panel_2026-09-25,composite_panel_v2,cap150,REGISTERED,long,HCKT,0.3474726249097572,2.0,0.03087748805415584,280622407.44,0.0024694192971961132
2026-09-08,2026-09-25T14:55:25.238265,hedge1_icw8_dvolq_minus_iwm_v2panel_2026-09-25,composite_panel_v2,cap150,REGISTERED,long,FTDR,0.34428576231978975,2.0,0.031225467375392228,5583114328.64,0.00244189987401004
2026-09-08,2026-09-25T14:55:25.238265,hedge1_icw8_dvolq_minus_iwm_v2panel_2026-09-25,composite_panel_v2,cap150,REGISTERED,long,GRDN,0.34362655764907846,2.0,0.02930731778695557,2688880804.8,0.002601721024221905
2026-09-08,2026-09-25T14:55:25.238265,hedge1_icw8_dvolq_minus_iwm_v2panel_2026-09-25,composite_panel_v2,cap150,REGISTERED,long,FTNT,0.34091552353137655,2.0,0.02706951208538069,115537888937.91,0.0028168023350171353
2026-09-08,2026-09-25T14:55:25.238265,hedge1_icw8_dvolq_minus_iwm_v2panel_2026-09-25,composite_panel_v2,cap150,REGISTERED,long,MAX,0.34031205347742005,2.0,0.029653652332502056,721077021.06,0.002571334687373441
2026-09-08,2026-09-25T14:55:25.238265,hedge1_icw8_dvolq_minus_iwm_v2panel_2026-09-25,composite_panel_v2,cap150,REGISTERED,long,CBRL,0.33700362876921464,2.0,0.030916298078982555,1179263029.6,0.0024663193715844856
2026-09-08,2026-09-25T14:55:25.238265,hedge1_icw8_dvolq_minus_iwm_v2panel_2026-09-25,composite_panel_v2,cap150,REGISTERED,long,ANGO,0.3363425774183235,2.0,0.024520389813845057,629078960.58,0.0031096351007773053
2026-09-08,2026-09-25T14:55:25.238265,hedge1_icw8_dvolq_minus_iwm_v2panel_2026-09-25,composite_panel_v2,cap150,REGISTERED,long,HALO,0.3357452620829769,2.0,0.0308460438331684,12292968380.0,0.0024719366043267016
2026-09-08,2026-09-25T14:55:25.238265,hedge1_icw8_dvolq_minus_iwm_v2panel_2026-09-25,composite_panel_v2,cap150,REGISTERED,long,FLWS,0.3348523227030323,2.0,0.03131536591727599,233959462.95,0.0024348897934419397
2026-09-08,2026-09-25T14:55:25.238265,hedge1_icw8_dvolq_minus_iwm_v2panel_2026-09-25,composite_panel_v2,cap150,REGISTERED,long,DECK,0.33380208436597325,2.0,0.024471113223852238,11267815150.199999,0.0031158968597944196
2026-09-08,2026-09-25T14:55:25.238265,hedge1_icw8_dvolq_minus_iwm_v2panel_2026-09-25,composite_panel_v2,cap150,REGISTERED,long,CRD.A,0.3335371143325585,2.0,0.027201945310986464,619234350.28,0.0028030886753925965
2026-09-08,2026-09-25T14:55:25.238265,hedge1_icw8_dvolq_minus_iwm_v2panel_2026-09-25,composite_panel_v2,cap150,REGISTERED,long,VRSK,0.3271813735681021,2.0,0.024462065073291735,22841078545.88,0.0031170493832561124
2026-09-08,2026-09-25T14:55:25.238265,hedge1_icw8_dvolq_minus_iwm_v2panel_2026-09-25,composite_panel_v2,cap150,REGISTERED,long,NATR,0.3254816760564909,2.0,0.03127889047504243,243170086.4,0.002437729206242615
2026-09-08,2026-09-25T14:55:25.238265,hedge1_icw8_dvolq_minus_iwm_v2panel_2026-09-25,composite_panel_v2,cap150,REGISTERED,long,DV,0.32538750983816617,2.0,0.027944017712770313,2069074407.45,0.0027286507485653777
2026-09-08,2026-09-25T14:55:25.238265,hedge1_icw8_dvolq_minus_iwm_v2panel_2026-09-25,composite_panel_v2,cap150,REGISTERED,long,LAZ,0.32370046647045375,2.0,0.025420057545439512,4869646976.599999,0.0029995787662390415
2026-09-08,2026-09-25T14:55:25.238265,hedge1_icw8_dvolq_minus_iwm_v2panel_2026-09-25,composite_panel_v2,cap150,REGISTERED,long,M,0.32349536827090686,2.0,0.023703110443819793,5905202067.3,0.0032168548102831673
2026-09-08,2026-09-25T14:55:25.238265,hedge1_icw8_dvolq_minus_iwm_v2panel_2026-09-25,composite_panel_v2,cap150,REGISTERED,long,HNGE,0.3228836776157288,2.0,0.030334525057944227,7479565511.73,0.002513619867270878
2026-09-08,2026-09-25T14:55:25.238265,hedge1_icw8_dvolq_minus_iwm_v2panel_2026-09-25,composite_panel_v2,cap150,REGISTERED,long,RELY,0.31897909954459497,2.0,0.03116971430391222,5256115060.82,0.0024462676849208256
2026-09-08,2026-09-25T14:55:25.238265,hedge1_icw8_dvolq_minus_iwm_v2panel_2026-09-25,composite_panel_v2,cap150,REGISTERED,long,SAIA,0.317772858224241,2.0,0.028065622183216184,9465232806.0,0.002716827881174629
2026-09-08,2026-09-25T14:55:25.238265,hedge1_icw8_dvolq_minus_iwm_v2panel_2026-09-25,composite_panel_v2,cap150,REGISTERED,long,PJT,0.31732001545217065,2.0,0.024324059919927858,4656120302.34,0.0031347342960377413
2026-09-08,2026-09-25T14:55:25.238265,hedge1_icw8_dvolq_minus_iwm_v2panel_2026-09-25,composite_panel_v2,cap150,REGISTERED,long,EAT,0.3169231129897371,2.0,0.028115772572282587,9292297074.9,0.002711981847692281
2026-09-08,2026-09-25T14:55:25.238265,hedge1_icw8_dvolq_minus_iwm_v2panel_2026-09-25,composite_panel_v2,cap150,REGISTERED,long,EXPE,0.3167350699355342,2.0,0.03049545966402276,32951310620.65,0.002500354665577668
2026-09-08,2026-09-25T14:55:25.238265,hedge1_icw8_dvolq_minus_iwm_v2panel_2026-09-25,composite_panel_v2,cap150,REGISTERED,long,WK,0.3156157672304522,2.0,0.031469560267348796,4011039330.4799995,0.0024229593360091347
2026-09-08,2026-09-25T14:55:25.238265,hedge1_icw8_dvolq_minus_iwm_v2panel_2026-09-25,composite_panel_v2,cap150,REGISTERED,long,SFM,0.3153681640799003,2.0,0.02955649412264382,7097076738.75,0.0025797871876644075
2026-09-08,2026-09-25T14:55:25.238265,hedge1_icw8_dvolq_minus_iwm_v2panel_2026-09-25,composite_panel_v2,cap150,REGISTERED,long,ANIK,0.3147064390657095,2.0,0.03143719963916302,281577604.64,0.0024254534667549335
2026-09-08,2026-09-25T14:55:25.238265,hedge1_icw8_dvolq_minus_iwm_v2panel_2026-09-25,composite_panel_v2,cap150,REGISTERED,long,HLI,0.31405007061415807,2.0,0.023592441524825508,9461933235.0,0.003231944636575245
2026-09-08,2026-09-25T14:55:25.238265,hedge1_icw8_dvolq_minus_iwm_v2panel_2026-09-25,composite_panel_v2,cap150,REGISTERED,long,DXCM,0.30964254868882896,2.0,0.02760733618681948,31898305465.45,0.0027619276388671835
2026-09-08,2026-09-25T14:55:25.238265,hedge1_icw8_dvolq_minus_iwm_v2panel_2026-09-25,composite_panel_v2,cap150,REGISTERED,long,QCOM,0.30627889664270325,2.0,0.030926113332683528,182794500000.0,0.002465536617215085
2026-09-08,2026-09-25T14:55:25.238265,hedge1_icw8_dvolq_minus_iwm_v2panel_2026-09-25,composite_panel_v2,cap150,REGISTERED,long,KTB,0.30595175741373604,2.0,0.027122940450988318,3865650542.6000004,0.0028112536318714836
2026-09-08,2026-09-25T14:55:25.238265,hedge1_icw8_dvolq_minus_iwm_v2panel_2026-09-25,composite_panel_v2,cap150,REGISTERED,long,NXDR,0.305755069622533,2.0,0.025320799181715467,858803452.44,0.0030113372134373934
2026-09-08,2026-09-25T14:55:25.238265,hedge1_icw8_dvolq_minus_iwm_v2panel_2026-09-25,composite_panel_v2,cap150,REGISTERED,long,GCO,0.30539078072566367,2.0,0.02985934789557731,383745917.15,0.002553621235015945
2026-09-08,2026-09-25T14:55:25.238265,hedge1_icw8_dvolq_minus_iwm_v2panel_2026-09-25,composite_panel_v2,cap150,REGISTERED,long,CPNG,0.30408529237590914,2.0,0.027128750066753644,26621148306.620003,0.002810651602534346
2026-09-08,2026-09-25T14:55:25.238265,hedge1_icw8_dvolq_minus_iwm_v2panel_2026-09-25,composite_panel_v2,cap150,REGISTERED,long,NP,0.4363763041009911,3.0,0.032804531738438426,4398320534.5,0.002324357666734509
2026-09-08,2026-09-25T14:55:25.238265,hedge1_icw8_dvolq_minus_iwm_v2panel_2026-09-25,composite_panel_v2,cap150,REGISTERED,long,PTRN,0.41021206850771896,3.0,0.03745195130589183,3487666089.7400002,0.0020359276937829286
2026-09-08,2026-09-25T14:55:25.238265,hedge1_icw8_dvolq_minus_iwm_v2panel_2026-09-25,composite_panel_v2,cap150,REGISTERED,long,MANH,0.40594022561657345,3.0,0.039026354418178824,12122769778.24,0.001953794198475203
2026-09-08,2026-09-25T14:55:25.238265,hedge1_icw8_dvolq_minus_iwm_v2panel_2026-09-25,composite_panel_v2,cap150,REGISTERED,long,FC,0.40422078713154597,3.0,0.03376146483553654,212437751.13,0.002258476201234505
2026-09-08,2026-09-25T14:55:25.238265,hedge1_icw8_dvolq_minus_iwm_v2panel_2026-09-25,composite_panel_v2,cap150,REGISTERED,long,AMPL,0.40122114604646997,3.0,0.041156767826329,1563949146.32,0.0018526592071473654
2026-09-08,2026-09-25T14:55:25.238265,hedge1_icw8_dvolq_minus_iwm_v2panel_2026-09-25,composite_panel_v2,cap150,REGISTERED,long,DHX,0.39766516041369426,3.0,0.037307241534522514,186724017.0,0.0020438247834355943
2026-09-08,2026-09-25T14:55:25.238265,hedge1_icw8_dvolq_minus_iwm_v2panel_2026-09-25,composite_panel_v2,cap150,REGISTERED,long,THC,0.38755087846729924,3.0,0.03300858936643248,20859252140.0,0.002309988591254841
2026-09-08,2026-09-25T14:55:25.238265,hedge1_icw8_dvolq_minus_iwm_v2panel_2026-09-25,composite_panel_v2,cap150,REGISTERED,long,NRC,0.3725151610608493,3.0,0.033741535648676435,468713603.54,0.002259810153390748
2026-09-08,2026-09-25T14:55:25.238265,hedge1_icw8_dvolq_minus_iwm_v2panel_2026-09-25,composite_panel_v2,cap150,REGISTERED,long,INTA,0.371140538270026,3.0,0.03807044606594295,3049734359.2799997,0.0020028518898307867
2026-09-08,2026-09-25T14:55:25.238265,hedge1_icw8_dvolq_minus_iwm_v2panel_2026-09-25,composite_panel_v2,cap150,REGISTERED,long,SONO,0.3704190295929936,3.0,0.040710559682853184,1714079755.71,0.0018729652808480125
2026-09-08,2026-09-25T14:55:25.238265,hedge1_icw8_dvolq_minus_iwm_v2panel_2026-09-25,composite_panel_v2,cap150,REGISTERED,long,DOCU,0.36783037748677655,3.0,0.034205186961178316,12163611576.16,0.0022291784265472763
2026-09-08,2026-09-25T14:55:25.238265,hedge1_icw8_dvolq_minus_iwm_v2panel_2026-09-25,composite_panel_v2,cap150,REGISTERED,long,ACI,0.3667323300100246,3.0,0.035734513716368856,5891853791.62,0.002133776478814861
2026-09-08,2026-09-25T14:55:25.238265,hedge1_icw8_dvolq_minus_iwm_v2panel_2026-09-25,composite_panel_v2,cap150,REGISTERED,long,KROS,0.3635776442806499,3.0,0.031662158505435224,221469689.96,0.002408220678851875
2026-09-08,2026-09-25T14:55:25.238265,hedge1_icw8_dvolq_minus_iwm_v2panel_2026-09-25,composite_panel_v2,cap150,REGISTERED,long,IRWD,0.3601857859814453,3.0,0.04032394340579918,689050578.99,0.0018909228217721655
2026-09-08,2026-09-25T14:55:25.238265,hedge1_icw8_dvolq_minus_iwm_v2panel_2026-09-25,composite_panel_v2,cap150,REGISTERED,long,CRCT,0.3589487325787373,3.0,0.037971880253663035,1141472067.2,0.0020080508086643754
2026-09-08,2026-09-25T14:55:25.238265,hedge1_icw8_dvolq_minus_iwm_v2panel_2026-09-25,composite_panel_v2,cap150,REGISTERED,long,CHYM,0.35401977056786743,3.0,0.04162721405751082,12232084936.410002,0.0018317215450577855
2026-09-08,2026-09-25T14:55:25.238265,hedge1_icw8_dvolq_minus_iwm_v2panel_2026-09-25,composite_panel_v2,cap150,REGISTERED,long,OOMA,0.35399028680576927,3.0,0.03168023107174472,630936000.0,0.002406846865390481
2026-09-08,2026-09-25T14:55:25.238265,hedge1_icw8_dvolq_minus_iwm_v2panel_2026-09-25,composite_panel_v2,cap150,REGISTERED,long,PEGA,0.3534652322142437,3.0,0.03628817523265136,5885697031.0,0.0021012206968529837
2026-09-08,2026-09-25T14:55:25.238265,hedge1_icw8_dvolq_minus_iwm_v2panel_2026-09-25,composite_panel_v2,cap150,REGISTERED,long,QLYS,0.34944237929715993,3.0,0.03810965214207572,5892220570.32,0.0020007914154033996
2026-09-08,2026-09-25T14:55:25.238265,hedge1_icw8_dvolq_minus_iwm_v2panel_2026-09-25,composite_panel_v2,cap150,REGISTERED,long,SMTI,0.3451556577350852,3.0,0.031977525334545565,322040626.75,0.0023844704695613833
2026-09-08,2026-09-25T14:55:25.238265,hedge1_icw8_dvolq_minus_iwm_v2panel_2026-09-25,composite_panel_v2,cap150,REGISTERED,long,DCTH,0.3427541542185407,3.0,0.03983089821993094,557956623.5999999,0.001914329534545131
2026-09-08,2026-09-25T14:55:25.238265,hedge1_icw8_dvolq_minus_iwm_v2panel_2026-09-25,composite_panel_v2,cap150,REGISTERED,long,TDC,0.34206383236349513,3.0,0.04230979889335626,2581680000.0,0.0018021703445593082
2026-09-08,2026-09-25T14:55:25.238265,hedge1_icw8_dvolq_minus_iwm_v2panel_2026-09-25,composite_panel_v2,cap150,REGISTERED,long,FICO,0.3419288492107572,3.0,0.04144769745184069,20157072745.5,0.0018396550239846595
2026-09-08,2026-09-25T14:55:25.238265,hedge1_icw8_dvolq_minus_iwm_v2panel_2026-09-25,composite_panel_v2,cap150,REGISTERED,long,ANDG,0.33959435831319934,3.0,0.0366089887363562,6084428194.05,0.0020828071870270465
2026-09-08,2026-09-25T14:55:25.238265,hedge1_icw8_dvolq_minus_iwm_v2panel_2026-09-25,composite_panel_v2,cap150,REGISTERED,long,CXM,0.33659699831722406,3.0,0.03331248166388199,1288550937.0,0.0022889157769517355
2026-09-08,2026-09-25T14:55:25.238265,hedge1_icw8_dvolq_minus_iwm_v2panel_2026-09-25,composite_panel_v2,cap150,REGISTERED,long,TBCH,0.3328803271628022,3.0,0.038776250886825375,220289445.3,0.0019663960054421203
2026-09-08,2026-09-25T14:55:25.238265,hedge1_icw8_dvolq_minus_iwm_v2panel_2026-09-25,composite_panel_v2,cap150,REGISTERED,long,REAL,0.3320354120840692,3.0,0.03278379887287112,1189943504.6999998,0.00232582761825604
2026-09-08,2026-09-25T14:55:25.238265,hedge1_icw8_dvolq_minus_iwm_v2panel_2026-09-25,composite_panel_v2,cap150,REGISTERED,long,EXTR,0.32746077888141284,3.0,0.03678724808331566,2825122637.45,0.0020727145634048326
2026-09-08,2026-09-25T14:55:25.238265,hedge1_icw8_dvolq_minus_iwm_v2panel_2026-09-25,composite_panel_v2,cap150,REGISTERED,long,TCMD,0.3239121957990943,3.0,0.03286488567994706,492234174.78000003,0.0023200891551069503
2026-09-08,2026-09-25T14:55:25.238265,hedge1_icw8_dvolq_minus_iwm_v2panel_2026-09-25,composite_panel_v2,cap150,REGISTERED,long,CVLT,0.3203983583913791,3.0,0.03827117971632397,5527047055.040001,0.0019923468629672756
2026-09-08,2026-09-25T14:55:25.238265,hedge1_icw8_dvolq_minus_iwm_v2panel_2026-09-25,composite_panel_v2,cap150,REGISTERED,long,BBWI,0.31601913235339146,3.0,0.03443934435857804,3811096415.7,0.002214021964413005
2026-09-08,2026-09-25T14:55:25.238265,hedge1_icw8_dvolq_minus_iwm_v2panel_2026-09-25,composite_panel_v2,cap150,REGISTERED,long,NPCE,0.3159126339565144,3.0,0.03301809212192002,506626284.24,0.0023093237661437884
2026-09-08,2026-09-25T14:55:25.238265,hedge1_icw8_dvolq_minus_iwm_v2panel_2026-09-25,composite_panel_v2,cap150,REGISTERED,long,PODD,0.312532751528673,3.0,0.035288230729325284,9867715433.72,0.0021607619105287116
2026-09-08,2026-09-25T14:55:25.238265,hedge1_icw8_dvolq_minus_iwm_v2panel_2026-09-25,composite_panel_v2,cap150,REGISTERED,long,MDB,0.3100345625554617,3.0,0.04275404825387733,28678057396.0,0.0017834443278236204
2026-09-08,2026-09-25T14:55:25.238265,hedge1_icw8_dvolq_minus_iwm_v2panel_2026-09-25,composite_panel_v2,cap150,REGISTERED,long,ANAB,0.3085675796199915,3.0,0.04071522828114153,1647111053.2,0.0018727505178987808
2026-09-08,2026-09-25T14:55:25.238265,hedge1_icw8_dvolq_minus_iwm_v2panel_2026-09-25,composite_panel_v2,cap150,REGISTERED,long,UPWK,0.30852888690082547,3.0,0.03535687754398759,1039195996.8000001,0.0021565667034656186
2026-09-08,2026-09-25T14:55:25.238265,hedge1_icw8_dvolq_minus_iwm_v2panel_2026-09-25,composite_panel_v2,cap150,REGISTERED,long,BRBR,0.3077720031650165,3.0,0.0392498295968659,1138363519.26,0.0019426699589025328
2026-09-08,2026-09-25T14:55:25.238265,hedge1_icw8_dvolq_minus_iwm_v2panel_2026-09-25,composite_panel_v2,cap150,REGISTERED,long,GSHD,0.3064566753659235,3.0,0.042714747246738065,2213351199.6,0.0017850852402198803
2026-09-08,2026-09-25T14:55:25.238265,hedge1_icw8_dvolq_minus_iwm_v2panel_2026-09-25,composite_panel_v2,cap150,REGISTERED,long,BCRX,0.3021933124379462,3.0,0.032198549150900535,2316425726.825,0.0023681025033931483
2026-09-08,2026-09-25T14:55:25.238265,hedge1_icw8_dvolq_minus_iwm_v2panel_2026-09-25,composite_panel_v2,cap150,REGISTERED,long,LOVE,0.30199581934705305,3.0,0.036058729389128616,235239377.26,0.0021145910058845115
2026-09-08,2026-09-25T14:55:25.238265,hedge1_icw8_dvolq_minus_iwm_v2panel_2026-09-25,composite_panel_v2,cap150,REGISTERED,long,DKNG,0.30192759036232747,3.0,0.03433371348889276,11850358125.76,0.0022208336093484968
2026-09-08,2026-09-25T14:55:25.238265,hedge1_icw8_dvolq_minus_iwm_v2panel_2026-09-25,composite_panel_v2,cap150,REGISTERED,long,MITK,0.3013459108947227,3.0,0.03437963966319228,804531928.42,0.0022178669002022584
2026-09-08,2026-09-25T14:55:25.238265,hedge1_icw8_dvolq_minus_iwm_v2panel_2026-09-25,composite_panel_v2,cap150,REGISTERED,long,YEXT,0.29964757148742494,3.0,0.03168005047287846,631484131.52,0.002406860586132988
2026-09-08,2026-09-25T14:55:25.238265,hedge1_icw8_dvolq_minus_iwm_v2panel_2026-09-25,composite_panel_v2,cap150,REGISTERED,long,NTRA,0.2993629027102034,3.0,0.036572946985508566,46722891263.799995,0.0020848597429156445
2026-09-08,2026-09-25T14:55:25.238265,hedge1_icw8_dvolq_minus_iwm_v2panel_2026-09-25,composite_panel_v2,cap150,REGISTERED,long,GTLB,0.29760974410640223,3.0,0.036429718992326214,7855190000.0,0.0020930566295594144
2026-09-08,2026-09-25T14:55:25.238265,hedge1_icw8_dvolq_minus_iwm_v2panel_2026-09-25,composite_panel_v2,cap150,REGISTERED,long,OXM,0.2962805906480015,3.0,0.03399757532675738,472864110.18,0.00224279126134809
2026-09-08,2026-09-25T14:55:25.238265,hedge1_icw8_dvolq_minus_iwm_v2panel_2026-09-25,composite_panel_v2,cap150,REGISTERED,long,SFIX,0.29524872600023955,3.0,0.04166175901198068,396274792.32000005,0.0018302027244684466
2026-09-08,2026-09-25T14:55:25.238265,hedge1_icw8_dvolq_minus_iwm_v2panel_2026-09-25,composite_panel_v2,cap150,REGISTERED,long,LE,0.2949505058853858,3.0,0.03461781037131769,321440395.52000004,0.0022026079648599256
2026-09-08,2026-09-25T14:55:25.238265,hedge1_icw8_dvolq_minus_iwm_v2panel_2026-09-25,composite_panel_v2,cap150,REGISTERED,long,KNSA,0.2947456046536314,3.0,0.04057122600162083,6014871162.17,0.0018793976018084517
2026-09-08,2026-09-25T14:55:25.238265,hedge1_icw8_dvolq_minus_iwm_v2panel_2026-09-25,composite_panel_v2,cap150,REGISTERED,long,BVS,0.29268139317224284,3.0,0.03670384234130658,1162990700.4,0.0020774245960637093
2026-09-08,2026-09-25T14:55:25.238265,hedge1_icw8_dvolq_minus_iwm_v2panel_2026-09-25,composite_panel_v2,cap150,REGISTERED,long,XPOF,0.29100397877969814,3.0,0.039201352133393194,236755200.0,0.0019450723176694387
2026-09-08,2026-09-25T14:55:25.238265,hedge1_icw8_dvolq_minus_iwm_v2panel_2026-09-25,composite_panel_v2,cap150,REGISTERED,long,CURV,0.28961209965428863,3.0,0.04041370671475302,248800952.5,0.0018867228732087577
2026-09-08,2026-09-25T14:55:25.238265,hedge1_icw8_dvolq_minus_iwm_v2panel_2026-09-25,composite_panel_v2,cap150,REGISTERED,long,RHI,0.28952826853406977,3.0,0.042515732562785444,4013607275.88,0.0017934411629218169
2026-09-08,2026-09-25T14:55:25.238265,hedge1_icw8_dvolq_minus_iwm_v2panel_2026-09-25,composite_panel_v2,cap150,REGISTERED,long,WRBY,0.2890558606829886,3.0,0.03649980597655865,3060535417.04,0.002089037538962392
2026-09-08,2026-09-25T14:55:25.238265,hedge1_icw8_dvolq_minus_iwm_v2panel_2026-09-25,composite_panel_v2,cap150,REGISTERED,long,FNKO,0.2886670701965681,3.0,0.0387580774033505,318574398.56,0.001967318039446492
2026-09-08,2026-09-25T14:55:25.238265,hedge1_icw8_dvolq_minus_iwm_v2panel_2026-09-25,composite_panel_v2,cap150,REGISTERED,long,RCMT,0.28803586998941916,3.0,0.03638540078471151,288839030.58,0.0020956060179475483
2026-09-08,2026-09-25T14:55:25.238265,hedge1_icw8_dvolq_minus_iwm_v2panel_2026-09-25,composite_panel_v2,cap150,REGISTERED,long,ZETA,0.2872886908301348,3.0,0.039500101718711954,7728708897.95,0.0019303612277472707
2026-09-08,2026-09-25T14:55:25.238265,hedge1_icw8_dvolq_minus_iwm_v2panel_2026-09-25,composite_panel_v2,cap150,REGISTERED,long,RSI,0.28466623955847214,3.0,0.03308317653953841,6262516133.16,0.0023047806415670974
2026-09-08,2026-09-25T14:55:25.238265,hedge1_icw8_dvolq_minus_iwm_v2panel_2026-09-25,composite_panel_v2,cap150,REGISTERED,long,DSP,0.2842721851082377,3.0,0.03770117848544937,896080816.24,0.0020224690026414715
2026-09-08,2026-09-25T14:55:25.238265,hedge1_icw8_dvolq_minus_iwm_v2panel_2026-09-25,composite_panel_v2,cap150,REGISTERED,long,GDDY,0.2826701504772727,3.0,0.04041446473776071,11763038747.519999,0.0018866874854000537
2026-09-08,2026-09-25T14:55:25.238265,hedge1_icw8_dvolq_minus_iwm_v2panel_2026-09-25,composite_panel_v2,cap150,REGISTERED,long,BOBS,0.28208544494456156,3.0,0.03619079661941457,2287023830.0,0.0021068744535170255
2026-09-08,2026-09-25T14:55:25.238265,hedge1_icw8_dvolq_minus_iwm_v2panel_2026-09-25,composite_panel_v2,cap150,REGISTERED,long,RNG,0.4575536958749972,4.0,0.046897418350917125,5861297510.78,0.001625877660883731
2026-09-08,2026-09-25T14:55:25.238265,hedge1_icw8_dvolq_minus_iwm_v2panel_2026-09-25,composite_panel_v2,cap150,REGISTERED,long,DAVE,0.42583290620109343,4.0,0.047495983092278135,4800917724.66,0.0016053876535565695
2026-09-08,2026-09-25T14:55:25.238265,hedge1_icw8_dvolq_minus_iwm_v2panel_2026-09-25,composite_panel_v2,cap150,REGISTERED,long,ZIP,0.40254824871035555,4.0,0.052858420431820964,333015960.15,0.0014425225768565045
2026-09-08,2026-09-25T14:55:25.238265,hedge1_icw8_dvolq_minus_iwm_v2panel_2026-09-25,composite_panel_v2,cap150,REGISTERED,long,INFU,0.40180463483213763,4.0,0.05196140773185024,236815282.09,0.00146742492511682
2026-09-08,2026-09-25T14:55:25.238265,hedge1_icw8_dvolq_minus_iwm_v2panel_2026-09-25,composite_panel_v2,cap150,REGISTERED,long,TEAM,0.4011187937743368,4.0,0.06288846526020939,44658749742.299995,0.0012124554882104784
2026-09-08,2026-09-25T14:55:25.238265,hedge1_icw8_dvolq_minus_iwm_v2panel_2026-09-25,composite_panel_v2,cap150,REGISTERED,long,LZ,0.3971207705117893,4.0,0.05242734278667261,1031014168.2399999,0.0014543835486786874
2026-09-08,2026-09-25T14:55:25.238265,hedge1_icw8_dvolq_minus_iwm_v2panel_2026-09-25,composite_panel_v2,cap150,REGISTERED,long,IBTA,0.3883983021824789,4.0,0.07791862374675165,889249785.32,0.0009785781778910547
2026-09-08,2026-09-25T14:55:25.238265,hedge1_icw8_dvolq_minus_iwm_v2panel_2026-09-25,composite_panel_v2,cap150,REGISTERED,long,SEZL,0.3800527427444221,4.0,0.0639773112905892,3985437906.8999996,0.0011918204018225265
2026-09-08,2026-09-25T14:55:25.238265,hedge1_icw8_dvolq_minus_iwm_v2panel_2026-09-25,composite_panel_v2,cap150,REGISTERED,long,APPN,0.37947585389781285,4.0,0.04479892941788025,2476882304.2599998,0.0017020376567177969
2026-09-08,2026-09-25T14:55:25.238265,hedge1_icw8_dvolq_minus_iwm_v2panel_2026-09-25,composite_panel_v2,cap150,REGISTERED,long,HUBS,0.376725947444243,4.0,0.05175227996035612,11988832044.42,0.0014733546987356768
2026-09-08,2026-09-25T14:55:25.238265,hedge1_icw8_dvolq_minus_iwm_v2panel_2026-09-25,composite_panel_v2,cap150,REGISTERED,long,HNST,0.37438854007085093,4.0,0.058730966783467106,615812335.46,0.001298283836038253
2026-09-08,2026-09-25T14:55:25.238265,hedge1_icw8_dvolq_minus_iwm_v2panel_2026-09-25,composite_panel_v2,cap150,REGISTERED,long,ASAN,0.37321744850365285,4.0,0.04415051044142131,2012647328.4299998,0.0017270347293275876
2026-09-08,2026-09-25T14:55:25.238265,hedge1_icw8_dvolq_minus_iwm_v2panel_2026-09-25,composite_panel_v2,cap150,REGISTERED,long,KLTR,0.37276532495384224,4.0,0.05438854161437386,225775810.04,0.001401939867968874
2026-09-08,2026-09-25T14:55:25.238265,hedge1_icw8_dvolq_minus_iwm_v2panel_2026-09-25,composite_panel_v2,cap150,REGISTERED,long,DIBS,0.3716770083588734,4.0,0.04471977389615866,159000335.89000002,0.001705050321294772
2026-09-08,2026-09-25T14:55:25.238265,hedge1_icw8_dvolq_minus_iwm_v2panel_2026-09-25,composite_panel_v2,cap150,REGISTERED,long,TENB,0.365512837113078,4.0,0.04560606284406634,3711717427.1000004,0.001671915094065075
2026-09-08,2026-09-25T14:55:25.238265,hedge1_icw8_dvolq_minus_iwm_v2panel_2026-09-25,composite_panel_v2,cap150,REGISTERED,long,KVYO,0.3626006502103021,4.0,0.04488021643374289,5093773847.93,0.0016989549273329092
2026-09-08,2026-09-25T14:55:25.238265,hedge1_icw8_dvolq_minus_iwm_v2panel_2026-09-25,composite_panel_v2,cap150,REGISTERED,long,BLND,0.35157134152432795,4.0,0.043483581237424594,352404845.31,0.0017535231156225466
2026-09-08,2026-09-25T14:55:25.238265,hedge1_icw8_dvolq_minus_iwm_v2panel_2026-09-25,composite_panel_v2,cap150,REGISTERED,long,CDNA,0.3489580155170312,4.0,0.059158691124913294,2602748759.13,0.0012888970901819734
2026-09-08,2026-09-25T14:55:25.238265,hedge1_icw8_dvolq_minus_iwm_v2panel_2026-09-25,composite_panel_v2,cap150,REGISTERED,long,IT,0.3421408707169984,4.0,0.046389619778446,10898881767.84,0.0016436751414225356
2026-09-08,2026-09-25T14:55:25.238265,hedge1_icw8_dvolq_minus_iwm_v2panel_2026-09-25,composite_panel_v2,cap150,REGISTERED,long,RCEL,0.34031850647628775,4.0,0.09805273801530486,321948477.27,0.0007776372837031155
2026-09-08,2026-09-25T14:55:25.238265,hedge1_icw8_dvolq_minus_iwm_v2panel_2026-09-25,composite_panel_v2,cap150,REGISTERED,long,W,0.33985599037155567,4.0,0.053853005647284,13692697957.9,0.0014158813223774153
2026-09-08,2026-09-25T14:55:25.238265,hedge1_icw8_dvolq_minus_iwm_v2panel_2026-09-25,composite_panel_v2,cap150,REGISTERED,long,ANF,0.3394972435196759,4.0,0.05486918119982511,6425837709.110001,0.001389659243723468
2026-09-08,2026-09-25T14:55:25.238265,hedge1_icw8_dvolq_minus_iwm_v2panel_2026-09-25,composite_panel_v2,cap150,REGISTERED,long,FORR,0.3378687692072674,4.0,0.04336653623046198,231895020.0,0.001758255822984427
2026-09-08,2026-09-25T14:55:25.238265,hedge1_icw8_dvolq_minus_iwm_v2panel_2026-09-25,composite_panel_v2,cap150,REGISTERED,long,MRDN,0.33423194517688376,4.0,0.05894717060289416,170784576.92000002,0.0012935220481325566
2026-09-08,2026-09-25T14:55:25.238265,hedge1_icw8_dvolq_minus_iwm_v2panel_2026-09-25,composite_panel_v2,cap150,REGISTERED,long,GRPN,0.3265535681315925,4.0,0.052847121657307844,770607359.1999999,0.0014428309898185518
2026-09-08,2026-09-25T14:55:25.238265,hedge1_icw8_dvolq_minus_iwm_v2panel_2026-09-25,composite_panel_v2,cap150,REGISTERED,long,CRTO,0.3254905408274291,4.0,0.050477229781195725,869216696.66,0.0015105715028418632
2026-09-08,2026-09-25T14:55:25.238265,hedge1_icw8_dvolq_minus_iwm_v2panel_2026-09-25,composite_panel_v2,cap150,REGISTERED,long,DOCS,0.3204752492371996,4.0,0.0515935888755722,4352766831.6,0.0014778864295283865
2026-09-08,2026-09-25T14:55:25.238265,hedge1_icw8_dvolq_minus_iwm_v2panel_2026-09-25,composite_panel_v2,cap150,REGISTERED,long,WDAY,0.316516506818437,4.0,0.04387443202094417,44893480000.0,0.0017379020385603163
2026-09-08,2026-09-25T14:55:25.238265,hedge1_icw8_dvolq_minus_iwm_v2panel_2026-09-25,composite_panel_v2,cap150,REGISTERED,long,ANGI,0.31581755780856907,4.0,0.056966157016384134,190614379.70000002,0.0013385046287736182
2026-09-08,2026-09-25T14:55:25.238265,hedge1_icw8_dvolq_minus_iwm_v2panel_2026-09-25,composite_panel_v2,cap150,REGISTERED,long,VRRM,0.3093243553164701,4.0,0.0444413126812604,594252763.64,0.0017157338577450942
2026-09-08,2026-09-25T14:55:25.238265,hedge1_icw8_dvolq_minus_iwm_v2panel_2026-09-25,composite_panel_v2,cap150,REGISTERED,long,MYGN,0.30885095413641434,4.0,0.07183740170367958,304165871.1,0.0010614173542132625
2026-09-08,2026-09-25T14:55:25.238265,hedge1_icw8_dvolq_minus_iwm_v2panel_2026-09-25,composite_panel_v2,cap150,REGISTERED,long,TMCI,0.30714564723833293,4.0,0.04810261420237973,301109975.76,0.0015851418080745948
2026-09-08,2026-09-25T14:55:25.238265,hedge1_icw8_dvolq_minus_iwm_v2panel_2026-09-25,composite_panel_v2,cap150,REGISTERED,long,EXFY,0.30633141777002415,4.0,0.07394981488613125,216112393.68,0.0010310974404369323
2026-09-08,2026-09-25T14:55:25.238265,hedge1_icw8_dvolq_minus_iwm_v2panel_2026-09-25,composite_panel_v2,cap150,REGISTERED,long,LINC,0.30368488494764023,4.0,0.04676445894134825,787009893.99,0.0016305003110483238
2026-09-08,2026-09-25T14:55:25.238265,hedge1_icw8_dvolq_minus_iwm_v2panel_2026-09-25,composite_panel_v2,cap150,REGISTERED,long,BBW,0.3032530263893492,4.0,0.04569994916590772,365341089.02,0.0016684802990274918
2026-09-08,2026-09-25T14:55:25.238265,hedge1_icw8_dvolq_minus_iwm_v2panel_2026-09-25,composite_panel_v2,cap150,REGISTERED,long,WEAV,0.3012486955231685,4.0,0.058025398387202554,584793559.89,0.0013140705099698485
2026-09-08,2026-09-25T14:55:25.238265,hedge1_icw8_dvolq_minus_iwm_v2panel_2026-09-25,composite_panel_v2,cap150,REGISTERED,long,BDSX,0.3005490315942751,4.0,0.05726557043686312,280976272.34,0.0013315062483127108
2026-09-08,2026-09-25T14:55:25.238265,hedge1_icw8_dvolq_minus_iwm_v2panel_2026-09-25,composite_panel_v2,cap150,REGISTERED,long,TBLA,0.29738009943871907,4.0,0.04619487514334702,1031993620.36,0.0016506044147379048
2026-09-08,2026-09-25T14:55:25.238265,hedge1_icw8_dvolq_minus_iwm_v2panel_2026-09-25,composite_panel_v2,cap150,REGISTERED,long,PAMT,0.2956441989246377,4.0,0.047306319299782365,249841126.01,0.0016118240856296269
2026-09-08,2026-09-25T14:55:25.238265,hedge1_icw8_dvolq_minus_iwm_v2panel_2026-09-25,composite_panel_v2,cap150,REGISTERED,long,APP,0.2939284314459451,4.0,0.04399729436081995,104414458510.0,0.0017330489512504168
2026-09-08,2026-09-25T14:55:25.238265,hedge1_icw8_dvolq_minus_iwm_v2panel_2026-09-25,composite_panel_v2,cap150,REGISTERED,long,TDUP,0.2908354062630406,4.0,0.07490566687445735,350660845.5,0.0010179398706598494
2026-09-08,2026-09-25T14:55:25.238265,hedge1_icw8_dvolq_minus_iwm_v2panel_2026-09-25,composite_panel_v2,cap150,REGISTERED,long,CERS,0.2906562342062318,4.0,0.04582140023205783,511873240.92,0.0016640579393845936
2026-09-08,2026-09-25T14:55:25.238265,hedge1_icw8_dvolq_minus_iwm_v2panel_2026-09-25,composite_panel_v2,cap150,REGISTERED,long,EMBC,0.28733898064116653,4.0,0.050505159705087135,314460774.45,0.001509736139735336
2026-09-08,2026-09-25T14:55:25.238265,hedge1_icw8_dvolq_minus_iwm_v2panel_2026-09-25,composite_panel_v2,cap150,REGISTERED,long,SGHT,0.2870491879431801,4.0,0.04604770410589566,446212719.0,0.0016558798387542708
2026-09-08,2026-09-25T14:55:25.238265,hedge1_icw8_dvolq_minus_iwm_v2panel_2026-09-25,composite_panel_v2,cap150,REGISTERED,long,PLTK,0.2851719274533889,4.0,0.04985468491031358,846748372.9200001,0.0015294342946313747
2026-09-08,2026-09-25T14:55:25.238265,hedge1_icw8_dvolq_minus_iwm_v2panel_2026-09-25,composite_panel_v2,cap150,REGISTERED,long,TDOC,0.2832331631372401,4.0,0.048654636315803794,1137341971.46,0.0015671572253661641
2026-09-08,2026-09-25T14:55:25.238265,hedge1_icw8_dvolq_minus_iwm_v2panel_2026-09-25,composite_panel_v2,cap150,REGISTERED,long,CMRC,0.2832288931744144,4.0,0.0565555784502606,212119016.96,0.0013482218189481456
2026-09-08,2026-09-25T14:55:25.238265,hedge1_icw8_dvolq_minus_iwm_v2panel_2026-09-25,composite_panel_v2,cap150,REGISTERED,long,SUJA,0.28223676772864753,4.0,0.08047865807971362,235270243.0,0.000947449506108194
2026-09-08,2026-09-25T14:55:25.238265,hedge1_icw8_dvolq_minus_iwm_v2panel_2026-09-25,composite_panel_v2,cap150,REGISTERED,long,CUE,0.2820357141647776,4.0,0.07833149801582734,217932420.0,0.0009734202304476321
2026-09-08,2026-09-25T14:55:25.238265,hedge1_icw8_dvolq_minus_iwm_v2panel_2026-09-25,composite_panel_v2,cap150,REGISTERED,long,NVCR,0.2802271473262966,4.0,0.057586606932007484,1962112404.0000002,0.0013240833053404701
2026-09-08,2026-09-25T14:55:25.238265,hedge1_icw8_dvolq_minus_iwm_v2panel_2026-09-25,composite_panel_v2,cap150,REGISTERED,long,SPT,0.28015605021014783,4.0,0.04975991488733756,633188615.4,0.0015323471718654033
2026-09-08,2026-09-25T14:55:25.238265,hedge1_icw8_dvolq_minus_iwm_v2panel_2026-09-25,composite_panel_v2,cap150,REGISTERED,long,WW,0.2797746421882655,4.0,0.04616658400063468,179877692.39999998,0.0016516159144204091
2026-09-08,2026-09-25T14:55:25.238265,hedge1_icw8_dvolq_minus_iwm_v2panel_2026-09-25,composite_panel_v2,cap150,REGISTERED,long,DOMO,0.2787370996186518,4.0,0.08393697740881884,180148496.63,0.0009084132786733364
2026-09-08,2026-09-25T14:55:25.238265,hedge1_icw8_dvolq_minus_iwm_v2panel_2026-09-25,composite_panel_v2,cap150,REGISTERED,long,FIGS,0.2758026122305559,4.0,0.04772923342957234,2272798510.56,0.0015975422057089193
2026-09-08,2026-09-25T14:55:25.238265,hedge1_icw8_dvolq_minus_iwm_v2panel_2026-09-25,composite_panel_v2,cap150,REGISTERED,long,CURI,0.2738280109948304,4.0,0.06851288049259774,157245774.2,0.0011129216039619445
2026-09-08,2026-09-25T14:55:25.238265,hedge1_icw8_dvolq_minus_iwm_v2panel_2026-09-25,composite_panel_v2,cap150,REGISTERED,long,EGHT,0.2704067553899106,4.0,0.043580563890237754,265761321.84,0.0017496208870063546
2026-09-08,2026-09-25T14:55:25.238265,hedge1_icw8_dvolq_minus_iwm_v2panel_2026-09-25,composite_panel_v2,cap150,REGISTERED,long,OPFI,0.2702704676645125,4.0,0.043288827742863474,630541027.8000001,0.0017614120969687208
2026-09-08,2026-09-25T14:55:25.238265,hedge1_icw8_dvolq_minus_iwm_v2panel_2026-09-25,composite_panel_v2,cap150,REGISTERED,long,FIVN,0.26870113029656967,4.0,0.046505461805502156,2333615873.13,0.0016395808554438148
2026-09-08,2026-09-25T14:55:25.238265,hedge1_icw8_dvolq_minus_iwm_v2panel_2026-09-25,composite_panel_v2,cap150,REGISTERED,long,XGN,0.26744272303819483,4.0,0.06359892587760771,176844974.7,0.0011989112048309176
2026-09-08,2026-09-25T14:55:25.238265,hedge1_icw8_dvolq_minus_iwm_v2panel_2026-09-25,composite_panel_v2,cap150,REGISTERED,long,QMCO,0.26645661618682376,4.0,0.09934533576742562,963968624.46,0.000767519322984425
2026-09-08,2026-09-25T14:55:25.238265,hedge1_icw8_dvolq_minus_iwm_v2panel_2026-09-25,composite_panel_v2,cap150,REGISTERED,long,TRIP,0.2627421380936202,4.0,0.04330465294596861,1064756022.07,0.0017607684085359525
2026-09-08,2026-09-25T14:55:25.238265,hedge1_icw8_dvolq_minus_iwm_v2panel_2026-09-25,composite_panel_v2,cap150,REGISTERED,short,IWM,,,,,-1.0
2026-09-08,2026-09-25T14:55:25.238265,hedge1_icw8_dvolq_minus_iwm_v2panel_2026-09-25,composite_panel_v2,cap2000,DESCRIPTIVE,long,CHE,0.37375946128626836,0.0,0.014385922934494262,6783440458.61,0.008482557723993873
2026-09-08,2026-09-25T14:55:25.238265,hedge1_icw8_dvolq_minus_iwm_v2panel_2026-09-25,composite_panel_v2,cap2000,DESCRIPTIVE,long,CL,0.37112185437662276,0.0,0.013566591739665141,70478049811.89,0.008994847346072412
2026-09-08,2026-09-25T14:55:25.238265,hedge1_icw8_dvolq_minus_iwm_v2panel_2026-09-25,composite_panel_v2,cap2000,DESCRIPTIVE,long,EXPD,0.3511189213923934,0.0,0.015553962425275908,24173056067.120003,0.007845552044440552
2026-09-08,2026-09-25T14:55:25.238265,hedge1_icw8_dvolq_minus_iwm_v2panel_2026-09-25,composite_panel_v2,cap2000,DESCRIPTIVE,long,SBUX,0.34290550310989265,0.0,0.013700365567498216,116291400000.0,0.008907019385984044
2026-09-08,2026-09-25T14:55:25.238265,hedge1_icw8_dvolq_minus_iwm_v2panel_2026-09-25,composite_panel_v2,cap2000,DESCRIPTIVE,long,MA,0.31496761135288026,0.0,0.013948903192520545,500105314646.6,0.008748316625367902
2026-09-08,2026-09-25T14:55:25.238265,hedge1_icw8_dvolq_minus_iwm_v2panel_2026-09-25,composite_panel_v2,cap2000,DESCRIPTIVE,long,GWW,0.31015567942564887,0.0,0.015159232680892544,60721121398.14001,0.008049841589844248
2026-09-08,2026-09-25T14:55:25.238265,hedge1_icw8_dvolq_minus_iwm_v2panel_2026-09-25,composite_panel_v2,cap2000,DESCRIPTIVE,long,MCRI,0.298538720418183,0.0,0.014284857005523415,2137798304.88,0.00854257215578642
2026-09-08,2026-09-25T14:55:25.238265,hedge1_icw8_dvolq_minus_iwm_v2panel_2026-09-25,composite_panel_v2,cap2000,DESCRIPTIVE,long,SEIC,0.26058483311018027,0.0,0.013010760073245269,13034083165.199999,0.00937911551806344
2026-09-08,2026-09-25T14:55:25.238265,hedge1_icw8_dvolq_minus_iwm_v2panel_2026-09-25,composite_panel_v2,cap2000,DESCRIPTIVE,long,RAMP,0.25835237378548725,0.0,0.003182869375610349,2294402620.6800003,0.03833943756531777
2026-09-08,2026-09-25T14:55:25.238265,hedge1_icw8_dvolq_minus_iwm_v2panel_2026-09-25,composite_panel_v2,cap2000,DESCRIPTIVE,long,HESM,0.25588082380476734,0.0,0.012582638387507,5258535594.57,0.009698237996407413
2026-09-08,2026-09-25T14:55:25.238265,hedge1_icw8_dvolq_minus_iwm_v2panel_2026-09-25,composite_panel_v2,cap2000,DESCRIPTIVE,long,TJX,0.2526672400582066,0.0,0.014936081902791068,141808655944.12,0.008170109303027561
2026-09-08,2026-09-25T14:55:25.238265,hedge1_icw8_dvolq_minus_iwm_v2panel_2026-09-25,composite_panel_v2,cap2000,DESCRIPTIVE,long,UTHR,0.2504359670691161,0.0,0.014403570939236264,21358277895.24,0.008472164452799606
2026-09-08,2026-09-25T14:55:25.238265,hedge1_icw8_dvolq_minus_iwm_v2panel_2026-09-25,composite_panel_v2,cap2000,DESCRIPTIVE,long,SYY,0.23516789838949878,0.0,0.011061671346800203,38251025917.44,0.011031734525368465
2026-09-08,2026-09-25T14:55:25.238265,hedge1_icw8_dvolq_minus_iwm_v2panel_2026-09-25,composite_panel_v2,cap2000,DESCRIPTIVE,long,FAST,0.23511700916535166,0.0,0.015047176513650434,56663430154.740005,0.008109788676571498
2026-09-08,2026-09-25T14:55:25.238265,hedge1_icw8_dvolq_minus_iwm_v2panel_2026-09-25,composite_panel_v2,cap2000,DESCRIPTIVE,long,HSIC,0.2323085127165698,0.0,0.012790364605143633,9903139722.12,0.009540730500810031
2026-09-08,2026-09-25T14:55:25.238265,hedge1_icw8_dvolq_minus_iwm_v2panel_2026-09-25,composite_panel_v2,cap2000,DESCRIPTIVE,long,COST,0.2312666520010799,0.0,0.01293850990396376,403645537824.72,0.009431489608195974
2026-09-08,2026-09-25T14:55:25.238265,hedge1_icw8_dvolq_minus_iwm_v2panel_2026-09-25,composite_panel_v2,cap2000,DESCRIPTIVE,long,SLAB,0.2311638934936787,0.0,0.0024282829224226686,7340687420.0,0.050253378870295566
2026-09-08,2026-09-25T14:55:25.238265,hedge1_icw8_dvolq_minus_iwm_v2panel_2026-09-25,composite_panel_v2,cap2000,DESCRIPTIVE,long,GGG,0.23065826543745901,0.0,0.01425783814622773,12475303062.72,0.00855876048340897
2026-09-08,2026-09-25T14:55:25.238265,hedge1_icw8_dvolq_minus_iwm_v2panel_2026-09-25,composite_panel_v2,cap2000,DESCRIPTIVE,long,UNF,0.22284628235316514,0.0,0.011855752494812528,4985083129.18,0.010292844908677769
2026-09-08,2026-09-25T14:55:25.238265,hedge1_icw8_dvolq_minus_iwm_v2panel_2026-09-25,composite_panel_v2,cap2000,DESCRIPTIVE,long,PEP,0.2105881190109422,0.0,0.014688172280316616,188969236205.09998,0.00830800588227744
2026-09-08,2026-09-25T14:55:25.238265,hedge1_icw8_dvolq_minus_iwm_v2panel_2026-09-25,composite_panel_v2,cap2000,DESCRIPTIVE,long,BRC,0.19874978080945174,0.0,0.0135225747941922,4156208344.6800003,0.0090241262157548
2026-09-08,2026-09-25T14:55:25.238265,hedge1_icw8_dvolq_minus_iwm_v2panel_2026-09-25,composite_panel_v2,cap2000,DESCRIPTIVE,long,ITW,0.1939781490822042,0.0,0.013936651416067727,76522912000.0,0.008756007312063913
2026-09-08,2026-09-25T14:55:25.238265,hedge1_icw8_dvolq_minus_iwm_v2panel_2026-09-25,composite_panel_v2,cap2000,DESCRIPTIVE,long,FELE,0.19343758776748338,0.0,0.015521808366510547,4382682426.32,0.007861804425318279
2026-09-08,2026-09-25T14:55:25.238265,hedge1_icw8_dvolq_minus_iwm_v2panel_2026-09-25,composite_panel_v2,cap2000,DESCRIPTIVE,long,V,0.1907042851543485,0.0,0.01310920720728017,657811734773.76,0.009308680515554451
2026-09-08,2026-09-25T14:55:25.238265,hedge1_icw8_dvolq_minus_iwm_v2panel_2026-09-25,composite_panel_v2,cap2000,DESCRIPTIVE,long,EW,0.19048898219357524,0.0,0.014968159494825547,49985408000.0,0.008152600307804053
2026-09-08,2026-09-25T14:55:25.238265,hedge1_icw8_dvolq_minus_iwm_v2panel_2026-09-25,composite_panel_v2,cap2000,DESCRIPTIVE,long,PEN,0.18995794507495184,0.0,0.004090151994023304,12575466867.72,0.02983493569018688
2026-09-08,2026-09-25T14:55:25.238265,hedge1_icw8_dvolq_minus_iwm_v2panel_2026-09-25,composite_panel_v2,cap2000,DESCRIPTIVE,long,WST,0.18926958056081838,0.0,0.015184603640524274,23769413615.5,0.008036391636796232
2026-09-08,2026-09-25T14:55:25.238265,hedge1_icw8_dvolq_minus_iwm_v2panel_2026-09-25,composite_panel_v2,cap2000,DESCRIPTIVE,long,CHD,0.1882074805898431,0.0,0.014712555778955933,22899665181.780003,0.008294236809577258
2026-09-08,2026-09-25T14:55:25.238265,hedge1_icw8_dvolq_minus_iwm_v2panel_2026-09-25,composite_panel_v2,cap2000,DESCRIPTIVE,long,DCI,0.18539959998767644,0.0,0.013644716163948155,10546746985.439999,0.008943346291599603
2026-09-08,2026-09-25T14:55:25.238265,hedge1_icw8_dvolq_minus_iwm_v2panel_2026-09-25,composite_panel_v2,cap2000,DESCRIPTIVE,long,OTIS,0.18393014834399857,0.0,0.014092993684208924,26669693890.34,0.008658871524331115
2026-09-08,2026-09-25T14:55:25.238265,hedge1_icw8_dvolq_minus_iwm_v2panel_2026-09-25,composite_panel_v2,cap2000,DESCRIPTIVE,long,AB,0.17601721563830527,0.0,0.009278504875089744,3417722041.68,0.013151841093751067
2026-09-08,2026-09-25T14:55:25.238265,hedge1_icw8_dvolq_minus_iwm_v2panel_2026-09-25,composite_panel_v2,cap2000,DESCRIPTIVE,long,MNST,0.1621786926411505,0.0,0.015534429445340475,84533083616.59999,0.007855417035697917
2026-09-08,2026-09-25T14:55:25.238265,hedge1_icw8_dvolq_minus_iwm_v2panel_2026-09-25,composite_panel_v2,cap2000,DESCRIPTIVE,long,PG,0.15226003270315264,0.0,0.011946681868436074,338390964874.80005,0.010214503328090182
2026-09-08,2026-09-25T14:55:25.238265,hedge1_icw8_dvolq_minus_iwm_v2panel_2026-09-25,composite_panel_v2,cap2000,DESCRIPTIVE,long,VRSN,0.40712474371073226,1.0,0.020782234485719028,25398000000.0,0.005871814303155424
2026-09-08,2026-09-25T14:55:25.238265,hedge1_icw8_dvolq_minus_iwm_v2panel_2026-09-25,composite_panel_v2,cap2000,DESCRIPTIVE,long,KR,0.3870279080687397,1.0,0.02016061761024425,35043424530.4,0.006052861279545715
2026-09-08,2026-09-25T14:55:25.238265,hedge1_icw8_dvolq_minus_iwm_v2panel_2026-09-25,composite_panel_v2,cap2000,DESCRIPTIVE,long,ODFL,0.345822211954616,1.0,0.020045759840405537,38777761880.22,0.006087542835807324
2026-09-08,2026-09-25T14:55:25.238265,hedge1_icw8_dvolq_minus_iwm_v2panel_2026-09-25,composite_panel_v2,cap2000,DESCRIPTIVE,long,PIPR,0.33648978525883966,1.0,0.020301863893969877,5465640305.940001,0.006010749670182769
2026-09-08,2026-09-25T14:55:25.238265,hedge1_icw8_dvolq_minus_iwm_v2panel_2026-09-25,composite_panel_v2,cap2000,DESCRIPTIVE,long,GCMG,0.322378733547868,1.0,0.01995192021332337,2672799878.0,0.006116174303027077
2026-09-08,2026-09-25T14:55:25.238265,hedge1_icw8_dvolq_minus_iwm_v2panel_2026-09-25,composite_panel_v2,cap2000,DESCRIPTIVE,long,WSM,0.3196771156639528,1.0,0.01851717703802105,26833628984.59,0.006590066156100018
2026-09-08,2026-09-25T14:55:25.238265,hedge1_icw8_dvolq_minus_iwm_v2panel_2026-09-25,composite_panel_v2,cap2000,DESCRIPTIVE,long,SNDR,0.3135465165644514,1.0,0.0205452368030259,6072423141.36,0.005939548075045911
2026-09-08,2026-09-25T14:55:25.238265,hedge1_icw8_dvolq_minus_iwm_v2panel_2026-09-25,composite_panel_v2,cap2000,DESCRIPTIVE,long,HAS,0.31227810082277635,1.0,0.020123224536917783,12737725814.77,0.00606410873569996
2026-09-08,2026-09-25T14:55:25.238265,hedge1_icw8_dvolq_minus_iwm_v2panel_2026-09-25,composite_panel_v2,cap2000,DESCRIPTIVE,long,COLM,0.31180222939476754,1.0,0.01872867731317712,2954359225.7400002,0.006515645481217057
2026-09-08,2026-09-25T14:55:25.238265,hedge1_icw8_dvolq_minus_iwm_v2panel_2026-09-25,composite_panel_v2,cap2000,DESCRIPTIVE,long,USFD,0.3106945213001484,1.0,0.017459758672950212,22301534234.07,0.006989181465253055
2026-09-08,2026-09-25T14:55:25.238265,hedge1_icw8_dvolq_minus_iwm_v2panel_2026-09-25,composite_panel_v2,cap2000,DESCRIPTIVE,long,TTC,0.3085787602277824,1.0,0.018062530244368595,8969355065.5,0.006755942830480262
2026-09-08,2026-09-25T14:55:25.238265,hedge1_icw8_dvolq_minus_iwm_v2panel_2026-09-25,composite_panel_v2,cap2000,DESCRIPTIVE,long,LNTH,0.3030628031178002,1.0,0.01759462143196337,6555956742.36,0.006935609394987575
2026-09-08,2026-09-25T14:55:25.238265,hedge1_icw8_dvolq_minus_iwm_v2panel_2026-09-25,composite_panel_v2,cap2000,DESCRIPTIVE,long,WMT,0.3024103373755728,1.0,0.018177245883855057,841373788858.0499,0.006713306431815441
2026-09-08,2026-09-25T14:55:25.238265,hedge1_icw8_dvolq_minus_iwm_v2panel_2026-09-25,composite_panel_v2,cap2000,DESCRIPTIVE,long,MSM,0.30082053842565265,1.0,0.015961646891329093,6722777353.24,0.007645164846433573
2026-09-08,2026-09-25T14:55:25.238265,hedge1_icw8_dvolq_minus_iwm_v2panel_2026-09-25,composite_panel_v2,cap2000,DESCRIPTIVE,long,JLL,0.30068871497373784,1.0,0.020763230174424628,16199772303.33,0.005877188697502674
2026-09-08,2026-09-25T14:55:25.238265,hedge1_icw8_dvolq_minus_iwm_v2panel_2026-09-25,composite_panel_v2,cap2000,DESCRIPTIVE,long,BJ,0.29855591281245836,1.0,0.018675945908332933,11349375076.199999,0.006534042361427443
2026-09-08,2026-09-25T14:55:25.238265,hedge1_icw8_dvolq_minus_iwm_v2panel_2026-09-25,composite_panel_v2,cap2000,DESCRIPTIVE,long,RL,0.2912006063878335,1.0,0.019160847260769276,20688740847.97,0.006368686104743555
2026-09-08,2026-09-25T14:55:25.238265,hedge1_icw8_dvolq_minus_iwm_v2panel_2026-09-25,composite_panel_v2,cap2000,DESCRIPTIVE,long,PBI,0.2885393700710962,1.0,0.018158194780281214,2329162701.8799996,0.006720349857536061
2026-09-08,2026-09-25T14:55:25.238265,hedge1_icw8_dvolq_minus_iwm_v2panel_2026-09-25,composite_panel_v2,cap2000,DESCRIPTIVE,long,IDXX,0.2871372336712247,1.0,0.019785341043266638,40982724354.36,0.006167668347890523
2026-09-08,2026-09-25T14:55:25.238265,hedge1_icw8_dvolq_minus_iwm_v2panel_2026-09-25,composite_panel_v2,cap2000,DESCRIPTIVE,long,CRUS,0.28502958871910106,1.0,0.0209628172716503,5551021056.360001,0.005821231951957387
2026-09-08,2026-09-25T14:55:25.238265,hedge1_icw8_dvolq_minus_iwm_v2panel_2026-09-25,composite_panel_v2,cap2000,DESCRIPTIVE,long,FDX,0.28079925282493606,1.0,0.01666874677497387,74317248586.44,0.007320851612431204
2026-09-08,2026-09-25T14:55:25.238265,hedge1_icw8_dvolq_minus_iwm_v2panel_2026-09-25,composite_panel_v2,cap2000,DESCRIPTIVE,long,MTD,0.2751533866269712,1.0,0.015999109520182662,26558859685.68,0.007627263351803201
2026-09-08,2026-09-25T14:55:25.238265,hedge1_icw8_dvolq_minus_iwm_v2panel_2026-09-25,composite_panel_v2,cap2000,DESCRIPTIVE,long,AIT,0.27205416091707635,1.0,0.0161933829165068,11988048300.960001,0.0075357584226816285
2026-09-08,2026-09-25T14:55:25.238265,hedge1_icw8_dvolq_minus_iwm_v2panel_2026-09-25,composite_panel_v2,cap2000,DESCRIPTIVE,long,ROST,0.27017439012504996,1.0,0.017527602410824634,73253792654.1,0.0069621285812263975
2026-09-08,2026-09-25T14:55:25.238265,hedge1_icw8_dvolq_minus_iwm_v2panel_2026-09-25,composite_panel_v2,cap2000,DESCRIPTIVE,long,LSTR,0.2701530813792734,1.0,0.020324926747989563,6022446710.5,0.006003929225321583
2026-09-08,2026-09-25T14:55:25.238265,hedge1_icw8_dvolq_minus_iwm_v2panel_2026-09-25,composite_panel_v2,cap2000,DESCRIPTIVE,long,NGVT,0.269889677978093,1.0,0.018687867143713618,2377233306.3,0.006529874210167648
2026-09-08,2026-09-25T14:55:25.238265,hedge1_icw8_dvolq_minus_iwm_v2panel_2026-09-25,composite_panel_v2,cap2000,DESCRIPTIVE,long,ROL,0.26287634631456364,1.0,0.019028268773775458,16816031869.800001,0.006413059598619632
2026-09-08,2026-09-25T14:55:25.238265,hedge1_icw8_dvolq_minus_iwm_v2panel_2026-09-25,composite_panel_v2,cap2000,DESCRIPTIVE,long,TGT,0.2620392683352378,1.0,0.02091114962390704,73918621914.56,0.005835615157440345
2026-09-08,2026-09-25T14:55:25.238265,hedge1_icw8_dvolq_minus_iwm_v2panel_2026-09-25,composite_panel_v2,cap2000,DESCRIPTIVE,long,MO,0.26179684493389255,1.0,0.01993705722037009,113826443435.42,0.006120733885444989
2026-09-08,2026-09-25T14:55:25.238265,hedge1_icw8_dvolq_minus_iwm_v2panel_2026-09-25,composite_panel_v2,cap2000,DESCRIPTIVE,long,FHI,0.2590631787553838,1.0,0.01740007258261668,4587874267.45,0.0070131559006648535
2026-09-08,2026-09-25T14:55:25.238265,hedge1_icw8_dvolq_minus_iwm_v2panel_2026-09-25,composite_panel_v2,cap2000,DESCRIPTIVE,long,ONC,0.25518391930683976,1.0,0.018152874896936986,519531165869.4,0.0067223193239416565
2026-09-08,2026-09-25T14:55:25.238265,hedge1_icw8_dvolq_minus_iwm_v2panel_2026-09-25,composite_panel_v2,cap2000,DESCRIPTIVE,long,YUM,0.2538618896090497,1.0,0.01790825866510301,40801441218.35,0.0068141422338604
2026-09-08,2026-09-25T14:55:25.238265,hedge1_icw8_dvolq_minus_iwm_v2panel_2026-09-25,composite_panel_v2,cap2000,DESCRIPTIVE,long,BMY,0.248429253632564,1.0,0.01778484366588769,132143211096.64,0.006861427853809818
2026-09-08,2026-09-25T14:55:25.238265,hedge1_icw8_dvolq_minus_iwm_v2panel_2026-09-25,composite_panel_v2,cap2000,DESCRIPTIVE,long,CARG,0.4319581756011399,2.0,0.026343799071867482,2918937874.0600004,0.0046321876875795795
2026-09-08,2026-09-25T14:55:25.238265,hedge1_icw8_dvolq_minus_iwm_v2panel_2026-09-25,composite_panel_v2,cap2000,DESCRIPTIVE,long,DBX,0.4196490935075115,2.0,0.02494784900536911,7631230925.85,0.004891380482482179
2026-09-08,2026-09-25T14:55:25.238265,hedge1_icw8_dvolq_minus_iwm_v2panel_2026-09-25,composite_panel_v2,cap2000,DESCRIPTIVE,long,JBHT,0.41078866796944735,2.0,0.021479251199571635,25805946938.42,0.005681269825049048
2026-09-08,2026-09-25T14:55:25.238265,hedge1_icw8_dvolq_minus_iwm_v2panel_2026-09-25,composite_panel_v2,cap2000,DESCRIPTIVE,long,COKE,0.40794445558980635,2.0,0.021596901031381833,12532725274.32,0.00565032091999947
2026-09-08,2026-09-25T14:55:25.238265,hedge1_icw8_dvolq_minus_iwm_v2panel_2026-09-25,composite_panel_v2,cap2000,DESCRIPTIVE,long,CROX,0.40693257391142856,2.0,0.02602832859152719,5482519326.25,0.0046883310726489845
2026-09-08,2026-09-25T14:55:25.238265,hedge1_icw8_dvolq_minus_iwm_v2panel_2026-09-25,composite_panel_v2,cap2000,DESCRIPTIVE,long,YETI,0.4031010154672834,2.0,0.024247836421229012,2973563549.04,0.00503259010762453
2026-09-08,2026-09-25T14:55:25.238265,hedge1_icw8_dvolq_minus_iwm_v2panel_2026-09-25,composite_panel_v2,cap2000,DESCRIPTIVE,long,BOX,0.3865591900672614,2.0,0.02350013853888137,4705986513.9,0.005192710736699496
2026-09-08,2026-09-25T14:55:25.238265,hedge1_icw8_dvolq_minus_iwm_v2panel_2026-09-25,composite_panel_v2,cap2000,DESCRIPTIVE,long,MTCH,0.37656263415484936,2.0,0.023094061995822635,9446023032.75,0.005284017239013569
2026-09-08,2026-09-25T14:55:25.238265,hedge1_icw8_dvolq_minus_iwm_v2panel_2026-09-25,composite_panel_v2,cap2000,DESCRIPTIVE,long,DPZ,0.3730182769252964,2.0,0.024604477494494223,11095944736.35,0.004959642883376881
2026-09-08,2026-09-25T14:55:25.238265,hedge1_icw8_dvolq_minus_iwm_v2panel_2026-09-25,composite_panel_v2,cap2000,DESCRIPTIVE,long,GFF,0.3721729705518323,2.0,0.0260095449031797,4408534708.28,0.004691716912349999
2026-09-08,2026-09-25T14:55:25.238265,hedge1_icw8_dvolq_minus_iwm_v2panel_2026-09-25,composite_panel_v2,cap2000,DESCRIPTIVE,long,EXEL,0.37210670350143527,2.0,0.021708013539275935,14289570177.640001,0.005621399741804527
2026-09-08,2026-09-25T14:55:25.238265,hedge1_icw8_dvolq_minus_iwm_v2panel_2026-09-25,composite_panel_v2,cap2000,DESCRIPTIVE,long,DLTR,0.3619811546034461,2.0,0.022737291395664973,23273662287.960003,0.005366928697938079
2026-09-08,2026-09-25T14:55:25.238265,hedge1_icw8_dvolq_minus_iwm_v2panel_2026-09-25,composite_panel_v2,cap2000,DESCRIPTIVE,long,LUV,0.3565977490964338,2.0,0.02260777726608199,18917681132.670002,0.005397674449307906
2026-09-08,2026-09-25T14:55:25.238265,hedge1_icw8_dvolq_minus_iwm_v2panel_2026-09-25,composite_panel_v2,cap2000,DESCRIPTIVE,long,PGNY,0.355495989040751,2.0,0.02243006325828528,2083132565.6999998,0.0054404403723515736
2026-09-08,2026-09-25T14:55:25.238265,hedge1_icw8_dvolq_minus_iwm_v2panel_2026-09-25,composite_panel_v2,cap2000,DESCRIPTIVE,long,CMPR,0.34990137994632026,2.0,0.025367726746731302,2067270512.4,0.004810420063378313
2026-09-08,2026-09-25T14:55:25.238265,hedge1_icw8_dvolq_minus_iwm_v2panel_2026-09-25,composite_panel_v2,cap2000,DESCRIPTIVE,long,EVR,0.3485225160944232,2.0,0.023607808479911393,11370811221.26,0.005169027942962748
2026-09-08,2026-09-25T14:55:25.238265,hedge1_icw8_dvolq_minus_iwm_v2panel_2026-09-25,composite_panel_v2,cap2000,DESCRIPTIVE,long,CALX,0.3427514887281514,2.0,0.022142675382866718,2225147371.26,0.0055110513790577135
2026-09-08,2026-09-25T14:55:25.238265,hedge1_icw8_dvolq_minus_iwm_v2panel_2026-09-25,composite_panel_v2,cap2000,DESCRIPTIVE,long,HCA,0.34242958587224753,2.0,0.023000806200360102,87037933030.0,0.005305441063316485
2026-09-08,2026-09-25T14:55:25.238265,hedge1_icw8_dvolq_minus_iwm_v2panel_2026-09-25,composite_panel_v2,cap2000,DESCRIPTIVE,long,ULTA,0.3380760059151809,2.0,0.02265429839598112,23483685797.33,0.005386590198989476
2026-09-08,2026-09-25T14:55:25.238265,hedge1_icw8_dvolq_minus_iwm_v2panel_2026-09-25,composite_panel_v2,cap2000,DESCRIPTIVE,long,VRSK,0.33389156264329356,2.0,0.024462065073291735,22841078545.88,0.004988516764188054
2026-09-08,2026-09-25T14:55:25.238265,hedge1_icw8_dvolq_minus_iwm_v2panel_2026-09-25,composite_panel_v2,cap2000,DESCRIPTIVE,long,LOPE,0.33367583612466717,2.0,0.021945105150108335,3949635056.61,0.005560666985647707
2026-09-08,2026-09-25T14:55:25.238265,hedge1_icw8_dvolq_minus_iwm_v2panel_2026-09-25,composite_panel_v2,cap2000,DESCRIPTIVE,long,DECK,0.3334589139538966,2.0,0.024471113223852238,11267815150.199999,0.004986672268993125
2026-09-08,2026-09-25T14:55:25.238265,hedge1_icw8_dvolq_minus_iwm_v2panel_2026-09-25,composite_panel_v2,cap2000,DESCRIPTIVE,long,XPO,0.32856207740344795,2.0,0.02218243430657133,22253453537.9,0.005501173587094761
2026-09-08,2026-09-25T14:55:25.238265,hedge1_icw8_dvolq_minus_iwm_v2panel_2026-09-25,composite_panel_v2,cap2000,DESCRIPTIVE,long,UNFI,0.3279648315761147,2.0,0.021703741945106676,2719124960.2,0.00562250611039391
2026-09-08,2026-09-25T14:55:25.238265,hedge1_icw8_dvolq_minus_iwm_v2panel_2026-09-25,composite_panel_v2,cap2000,DESCRIPTIVE,long,M,0.32731598483199814,2.0,0.023703110443819793,5905202067.3,0.005148245079227233
2026-09-08,2026-09-25T14:55:25.238265,hedge1_icw8_dvolq_minus_iwm_v2panel_2026-09-25,composite_panel_v2,cap2000,DESCRIPTIVE,long,LAZ,0.3214661359682661,2.0,0.025420057545439512,4869646976.599999,0.004800517130484136
2026-09-08,2026-09-25T14:55:25.238265,hedge1_icw8_dvolq_minus_iwm_v2panel_2026-09-25,composite_panel_v2,cap2000,DESCRIPTIVE,long,MSCI,0.3207637069070508,2.0,0.02215480607858499,40086053000.0,0.005508033844752517
2026-09-08,2026-09-25T14:55:25.238265,hedge1_icw8_dvolq_minus_iwm_v2panel_2026-09-25,composite_panel_v2,cap2000,DESCRIPTIVE,long,LOGI,0.3165344989423416,2.0,0.023331697543411842,14105482585.320002,0.005230199023355344
2026-09-08,2026-09-25T14:55:25.238265,hedge1_icw8_dvolq_minus_iwm_v2panel_2026-09-25,composite_panel_v2,cap2000,DESCRIPTIVE,long,AXSM,0.31637968891540424,2.0,0.02328496361214968,10885781596.76,0.005240696259499505
2026-09-08,2026-09-25T14:55:25.238265,hedge1_icw8_dvolq_minus_iwm_v2panel_2026-09-25,composite_panel_v2,cap2000,DESCRIPTIVE,long,PJT,0.30872207862326834,2.0,0.024324059919927858,4656120302.34,0.005016819647151108
2026-09-08,2026-09-25T14:55:25.238265,hedge1_icw8_dvolq_minus_iwm_v2panel_2026-09-25,composite_panel_v2,cap2000,DESCRIPTIVE,long,HLI,0.3076299418118325,2.0,0.023592441524825508,9461933235.0,0.005172394793322581
2026-09-08,2026-09-25T14:55:25.238265,hedge1_icw8_dvolq_minus_iwm_v2panel_2026-09-25,composite_panel_v2,cap2000,DESCRIPTIVE,long,CASY,0.30722464717757836,2.0,0.021089085719563132,27142734369.86,0.005786378002701901
2026-09-08,2026-09-25T14:55:25.238265,hedge1_icw8_dvolq_minus_iwm_v2panel_2026-09-25,composite_panel_v2,cap2000,DESCRIPTIVE,long,SIG,0.3058194725197796,2.0,0.022193547403530092,3251393160.61,0.0054984189542121135
2026-09-08,2026-09-25T14:55:25.238265,hedge1_icw8_dvolq_minus_iwm_v2panel_2026-09-25,composite_panel_v2,cap2000,DESCRIPTIVE,long,ETSY,0.44888437594663194,3.0,0.029011725395201894,6683546889.36,0.004206210421561372
2026-09-08,2026-09-25T14:55:25.238265,hedge1_icw8_dvolq_minus_iwm_v2panel_2026-09-25,composite_panel_v2,cap2000,DESCRIPTIVE,long,NP,0.4445241874105393,3.0,0.032804531738438426,4398320534.5,0.0037198952473321842
2026-09-08,2026-09-25T14:55:25.238265,hedge1_icw8_dvolq_minus_iwm_v2panel_2026-09-25,composite_panel_v2,cap2000,DESCRIPTIVE,long,CART,0.4188791743916274,3.0,0.027741440601253768,11112003216.0,0.0043988134379459665
2026-09-08,2026-09-25T14:55:25.238265,hedge1_icw8_dvolq_minus_iwm_v2panel_2026-09-25,composite_panel_v2,cap2000,DESCRIPTIVE,long,BKNG,0.41099258878947253,3.0,0.0275270465109846,135473904150.00002,0.00443307354663274
2026-09-08,2026-09-25T14:55:25.238265,hedge1_icw8_dvolq_minus_iwm_v2panel_2026-09-25,composite_panel_v2,cap2000,DESCRIPTIVE,long,THC,0.3980305889464223,3.0,0.03300858936643248,20859252140.0,0.0036968990207400573
2026-09-08,2026-09-25T14:55:25.238265,hedge1_icw8_dvolq_minus_iwm_v2panel_2026-09-25,composite_panel_v2,cap2000,DESCRIPTIVE,long,GRND,0.39507275651505447,3.0,0.027685457726335405,2687266893.42,0.004407708296211268
2026-09-08,2026-09-25T14:55:25.238265,hedge1_icw8_dvolq_minus_iwm_v2panel_2026-09-25,composite_panel_v2,cap2000,DESCRIPTIVE,long,PINS,0.393356343991048,3.0,0.03039669649702222,11405544363.78,0.0040145619678352016
2026-09-08,2026-09-25T14:55:25.238265,hedge1_icw8_dvolq_minus_iwm_v2panel_2026-09-25,composite_panel_v2,cap2000,DESCRIPTIVE,long,TPR,0.386806414014038,3.0,0.029278077959767217,23444473499.239998,0.004167945104609085
2026-09-08,2026-09-25T14:55:25.238265,hedge1_icw8_dvolq_minus_iwm_v2panel_2026-09-25,composite_panel_v2,cap2000,DESCRIPTIVE,long,ACI,0.374616389236792,3.0,0.035734513716368856,5891853791.62,0.0034148896686644168
2026-09-08,2026-09-25T14:55:25.238265,hedge1_icw8_dvolq_minus_iwm_v2panel_2026-09-25,composite_panel_v2,cap2000,DESCRIPTIVE,long,ADBE,0.37221495736679455,3.0,0.031568843411108306,102260850000.0,0.0038655018213887343
2026-09-08,2026-09-25T14:55:25.238265,hedge1_icw8_dvolq_minus_iwm_v2panel_2026-09-25,composite_panel_v2,cap2000,DESCRIPTIVE,long,DOCU,0.3710148010779491,3.0,0.034205186961178316,12163611576.16,0.003567570668251982
2026-09-08,2026-09-25T14:55:25.238265,hedge1_icw8_dvolq_minus_iwm_v2panel_2026-09-25,composite_panel_v2,cap2000,DESCRIPTIVE,long,CHWY,0.36236687804686357,3.0,0.02909895892871614,9527301296.89,0.004193600946470661
2026-09-08,2026-09-25T14:55:25.238265,hedge1_icw8_dvolq_minus_iwm_v2panel_2026-09-25,composite_panel_v2,cap2000,DESCRIPTIVE,long,MC,0.36213291691564553,3.0,0.02748712783964584,5382563806.36,0.004439511556706436
2026-09-08,2026-09-25T14:55:25.238265,hedge1_icw8_dvolq_minus_iwm_v2panel_2026-09-25,composite_panel_v2,cap2000,DESCRIPTIVE,long,PEGA,0.356358554210231,3.0,0.03628817523265136,5885697031.0,0.0033627874899307504
2026-09-08,2026-09-25T14:55:25.238265,hedge1_icw8_dvolq_minus_iwm_v2panel_2026-09-25,composite_panel_v2,cap2000,DESCRIPTIVE,long,FTDR,0.35481622433255583,3.0,0.031225467375392228,5583114328.64,0.003908009453877456
2026-09-08,2026-09-25T14:55:25.238265,hedge1_icw8_dvolq_minus_iwm_v2panel_2026-09-25,composite_panel_v2,cap2000,DESCRIPTIVE,long,APPF,0.3540716051057167,3.0,0.031427070120660316,7296431606.879999,0.0038829398106873516
2026-09-08,2026-09-25T14:55:25.238265,hedge1_icw8_dvolq_minus_iwm_v2panel_2026-09-25,composite_panel_v2,cap2000,DESCRIPTIVE,long,FTNT,0.3508996047637938,3.0,0.02706951208538069,115537888937.91,0.004508002261728197
2026-09-08,2026-09-25T14:55:25.238265,hedge1_icw8_dvolq_minus_iwm_v2panel_2026-09-25,composite_panel_v2,cap2000,DESCRIPTIVE,long,GRDN,0.3388570212535706,3.0,0.02930731778695557,2688880804.8,0.004163786757691253
2026-09-08,2026-09-25T14:55:25.238265,hedge1_icw8_dvolq_minus_iwm_v2panel_2026-09-25,composite_panel_v2,cap2000,DESCRIPTIVE,long,HALO,0.33773361007685676,3.0,0.0308460438331684,12292968380.0,0.003956080149687074
2026-09-08,2026-09-25T14:55:25.238265,hedge1_icw8_dvolq_minus_iwm_v2panel_2026-09-25,composite_panel_v2,cap2000,DESCRIPTIVE,long,DV,0.3290370128271268,3.0,0.027944017712770313,2069074407.45,0.004366924719239921
2026-09-08,2026-09-25T14:55:25.238265,hedge1_icw8_dvolq_minus_iwm_v2panel_2026-09-25,composite_panel_v2,cap2000,DESCRIPTIVE,long,EXPE,0.32107652690272964,3.0,0.03049545966402276,32951310620.65,0.004001560332233325
2026-09-08,2026-09-25T14:55:25.238265,hedge1_icw8_dvolq_minus_iwm_v2panel_2026-09-25,composite_panel_v2,cap2000,DESCRIPTIVE,long,EAT,0.320285576757133,3.0,0.028115772572282587,9292297074.9,0.0043402478587792875
2026-09-08,2026-09-25T14:55:25.238265,hedge1_icw8_dvolq_minus_iwm_v2panel_2026-09-25,composite_panel_v2,cap2000,DESCRIPTIVE,long,BBWI,0.31818025472711653,3.0,0.03443934435857804,3811096415.7,0.0035433143103486583
2026-09-08,2026-09-25T14:55:25.238265,hedge1_icw8_dvolq_minus_iwm_v2panel_2026-09-25,composite_panel_v2,cap2000,DESCRIPTIVE,long,WK,0.3175844362533958,3.0,0.031469560267348796,4011039330.4799995,0.0038776970719666005
2026-09-08,2026-09-25T14:55:25.238265,hedge1_icw8_dvolq_minus_iwm_v2panel_2026-09-25,composite_panel_v2,cap2000,DESCRIPTIVE,long,HNGE,0.3154100747266744,3.0,0.030334525057944227,7479565511.73,0.004022789922429227
2026-09-08,2026-09-25T14:55:25.238265,hedge1_icw8_dvolq_minus_iwm_v2panel_2026-09-25,composite_panel_v2,cap2000,DESCRIPTIVE,long,DXCM,0.31424210981459894,3.0,0.02760733618681948,31898305465.45,0.00442018095766281
2026-09-08,2026-09-25T14:55:25.238265,hedge1_icw8_dvolq_minus_iwm_v2panel_2026-09-25,composite_panel_v2,cap2000,DESCRIPTIVE,long,SFM,0.3140410502930492,3.0,0.02955649412264382,7097076738.75,0.00412868390947916
2026-09-08,2026-09-25T14:55:25.238265,hedge1_icw8_dvolq_minus_iwm_v2panel_2026-09-25,composite_panel_v2,cap2000,DESCRIPTIVE,long,PODD,0.31331909429239574,3.0,0.035288230729325284,9867715433.72,0.003458077075067575
2026-09-08,2026-09-25T14:55:25.238265,hedge1_icw8_dvolq_minus_iwm_v2panel_2026-09-25,composite_panel_v2,cap2000,DESCRIPTIVE,long,SAIA,0.3132613359242534,3.0,0.028065622183216184,9465232806.0,0.004348003436665338
2026-09-08,2026-09-25T14:55:25.238265,hedge1_icw8_dvolq_minus_iwm_v2panel_2026-09-25,composite_panel_v2,cap2000,DESCRIPTIVE,long,RELY,0.31289196192900637,3.0,0.03116971430391222,5256115060.82,0.003914999685751324
2026-09-08,2026-09-25T14:55:25.238265,hedge1_icw8_dvolq_minus_iwm_v2panel_2026-09-25,composite_panel_v2,cap2000,DESCRIPTIVE,long,KTB,0.3058446163289748,3.0,0.027122940450988318,3865650542.6000004,0.004499122133357349
2026-09-08,2026-09-25T14:55:25.238265,hedge1_icw8_dvolq_minus_iwm_v2panel_2026-09-25,composite_panel_v2,cap2000,DESCRIPTIVE,long,AEO,0.3047219504975974,3.0,0.02918107669953131,2885612794.2599998,0.004181799834230752
2026-09-08,2026-09-25T14:55:25.238265,hedge1_icw8_dvolq_minus_iwm_v2panel_2026-09-25,composite_panel_v2,cap2000,DESCRIPTIVE,long,QCOM,0.30330190510238747,3.0,0.030926113332683528,182794500000.0,0.003945837628933831
2026-09-08,2026-09-25T14:55:25.238265,hedge1_icw8_dvolq_minus_iwm_v2panel_2026-09-25,composite_panel_v2,cap2000,DESCRIPTIVE,long,RNG,0.4578553143983803,4.0,0.046897418350917125,5861297510.78,0.0026020498781333984
2026-09-08,2026-09-25T14:55:25.238265,hedge1_icw8_dvolq_minus_iwm_v2panel_2026-09-25,composite_panel_v2,cap2000,DESCRIPTIVE,long,DAVE,0.42868318965630053,4.0,0.047495983092278135,4800917724.66,0.002569257730020844
2026-09-08,2026-09-25T14:55:25.238265,hedge1_icw8_dvolq_minus_iwm_v2panel_2026-09-25,composite_panel_v2,cap2000,DESCRIPTIVE,long,PTRN,0.4216409675590295,4.0,0.03745195130589183,3487666089.7400002,0.003258292757781558
2026-09-08,2026-09-25T14:55:25.238265,hedge1_icw8_dvolq_minus_iwm_v2panel_2026-09-25,composite_panel_v2,cap2000,DESCRIPTIVE,long,MANH,0.4047321643871601,4.0,0.039026354418178824,12122769778.24,0.003126846550851096
2026-09-08,2026-09-25T14:55:25.238265,hedge1_icw8_dvolq_minus_iwm_v2panel_2026-09-25,composite_panel_v2,cap2000,DESCRIPTIVE,long,TEAM,0.3995812646501319,4.0,0.06288846526020939,44658749742.299995,0.0019404102358017794
2026-09-08,2026-09-25T14:55:25.238265,hedge1_icw8_dvolq_minus_iwm_v2panel_2026-09-25,composite_panel_v2,cap2000,DESCRIPTIVE,long,APPN,0.380832743214888,4.0,0.04479892941788025,2476882304.2599998,0.0027239361138855747
2026-09-08,2026-09-25T14:55:25.238265,hedge1_icw8_dvolq_minus_iwm_v2panel_2026-09-25,composite_panel_v2,cap2000,DESCRIPTIVE,long,HUBS,0.38069963644187615,4.0,0.05175227996035612,11988832044.42,0.0023579525732635026
2026-09-08,2026-09-25T14:55:25.238265,hedge1_icw8_dvolq_minus_iwm_v2panel_2026-09-25,composite_panel_v2,cap2000,DESCRIPTIVE,long,TENB,0.37438347897553714,4.0,0.04560606284406634,3711717427.1000004,0.002675728052255047
2026-09-08,2026-09-25T14:55:25.238265,hedge1_icw8_dvolq_minus_iwm_v2panel_2026-09-25,composite_panel_v2,cap2000,DESCRIPTIVE,long,SEZL,0.374313336181535,4.0,0.0639773112905892,3985437906.8999996,0.0019073859035824302
2026-09-08,2026-09-25T14:55:25.238265,hedge1_icw8_dvolq_minus_iwm_v2panel_2026-09-25,composite_panel_v2,cap2000,DESCRIPTIVE,long,INTA,0.37247900112586707,4.0,0.03807044606594295,3049734359.2799997,0.0032053583373676292
2026-09-08,2026-09-25T14:55:25.238265,hedge1_icw8_dvolq_minus_iwm_v2panel_2026-09-25,composite_panel_v2,cap2000,DESCRIPTIVE,long,KVYO,0.36558304282124526,4.0,0.04488021643374289,5093773847.93,0.0027190025227469246
2026-09-08,2026-09-25T14:55:25.238265,hedge1_icw8_dvolq_minus_iwm_v2panel_2026-09-25,composite_panel_v2,cap2000,DESCRIPTIVE,long,QLYS,0.3601570749211697,4.0,0.03810965214207572,5892220570.32,0.003202060760088804
2026-09-08,2026-09-25T14:55:25.238265,hedge1_icw8_dvolq_minus_iwm_v2panel_2026-09-25,composite_panel_v2,cap2000,DESCRIPTIVE,long,CDNA,0.3546038036409142,4.0,0.059158691124913294,2602748759.13,0.002062747153196989
2026-09-08,2026-09-25T14:55:25.238265,hedge1_icw8_dvolq_minus_iwm_v2panel_2026-09-25,composite_panel_v2,cap2000,DESCRIPTIVE,long,IT,0.35079646154242977,4.0,0.046389619778446,10898881767.84,0.0026305329142075314
2026-09-08,2026-09-25T14:55:25.238265,hedge1_icw8_dvolq_minus_iwm_v2panel_2026-09-25,composite_panel_v2,cap2000,DESCRIPTIVE,long,FICO,0.3473324692360688,4.0,0.04144769745184069,20157072745.5,0.0029441785480741004
2026-09-08,2026-09-25T14:55:25.238265,hedge1_icw8_dvolq_minus_iwm_v2panel_2026-09-25,composite_panel_v2,cap2000,DESCRIPTIVE,long,ANDG,0.3457859173602668,4.0,0.0366089887363562,6084428194.05,0.003333318562377772
2026-09-08,2026-09-25T14:55:25.238265,hedge1_icw8_dvolq_minus_iwm_v2panel_2026-09-25,composite_panel_v2,cap2000,DESCRIPTIVE,long,CHYM,0.34363202764136547,4.0,0.04162721405751082,12232084936.410002,0.002931481831481275
2026-09-08,2026-09-25T14:55:25.238265,hedge1_icw8_dvolq_minus_iwm_v2panel_2026-09-25,composite_panel_v2,cap2000,DESCRIPTIVE,long,TDC,0.34244178107154943,4.0,0.04230979889335626,2581680000.0,0.0028841881761800738
2026-09-08,2026-09-25T14:55:25.238265,hedge1_icw8_dvolq_minus_iwm_v2panel_2026-09-25,composite_panel_v2,cap2000,DESCRIPTIVE,long,ANF,0.3414804522853949,4.0,0.05486918119982511,6425837709.110001,0.0022240066105663676
2026-09-08,2026-09-25T14:55:25.238265,hedge1_icw8_dvolq_minus_iwm_v2panel_2026-09-25,composite_panel_v2,cap2000,DESCRIPTIVE,long,W,0.3314455614972197,4.0,0.053853005647284,13692697957.9,0.002265972348953364
2026-09-08,2026-09-25T14:55:25.238265,hedge1_icw8_dvolq_minus_iwm_v2panel_2026-09-25,composite_panel_v2,cap2000,DESCRIPTIVE,long,DOCS,0.33068119348270747,4.0,0.0515935888755722,4352766831.6,0.0023652051420394917
2026-09-08,2026-09-25T14:55:25.238265,hedge1_icw8_dvolq_minus_iwm_v2panel_2026-09-25,composite_panel_v2,cap2000,DESCRIPTIVE,long,CVLT,0.32979672875157656,4.0,0.03827117971632397,5527047055.040001,0.0031885461229386974
2026-09-08,2026-09-25T14:55:25.238265,hedge1_icw8_dvolq_minus_iwm_v2panel_2026-09-25,composite_panel_v2,cap2000,DESCRIPTIVE,long,EXTR,0.32480890843665483,4.0,0.03678724808331566,2825122637.45,0.0033171663568963626
2026-09-08,2026-09-25T14:55:25.238265,hedge1_icw8_dvolq_minus_iwm_v2panel_2026-09-25,composite_panel_v2,cap2000,DESCRIPTIVE,long,WDAY,0.321944835601894,4.0,0.04387443202094417,44893480000.0,0.0027813333662421473
2026-09-08,2026-09-25T14:55:25.238265,hedge1_icw8_dvolq_minus_iwm_v2panel_2026-09-25,composite_panel_v2,cap2000,DESCRIPTIVE,long,GSHD,0.3070059315924356,4.0,0.042714747246738065,2213351199.6,0.002856845224902829
2026-09-08,2026-09-25T14:55:25.238265,hedge1_icw8_dvolq_minus_iwm_v2panel_2026-09-25,composite_panel_v2,cap2000,DESCRIPTIVE,long,MDB,0.30660399222519863,4.0,0.04275404825387733,28678057396.0,0.0028542191134779417
2026-09-08,2026-09-25T14:55:25.238265,hedge1_icw8_dvolq_minus_iwm_v2panel_2026-09-25,composite_panel_v2,cap2000,DESCRIPTIVE,long,KNSA,0.2950489023552837,4.0,0.04057122600162083,6014871162.17,0.0030077824539958393
2026-09-08,2026-09-25T14:55:25.238265,hedge1_icw8_dvolq_minus_iwm_v2panel_2026-09-25,composite_panel_v2,cap2000,DESCRIPTIVE,long,APP,0.2904896812190239,4.0,0.04399729436081995,104414458510.0,0.0027735664994310055
2026-09-08,2026-09-25T14:55:25.238265,hedge1_icw8_dvolq_minus_iwm_v2panel_2026-09-25,composite_panel_v2,cap2000,DESCRIPTIVE,long,GDDY,0.2881457600374279,4.0,0.04041446473776071,11763038747.519999,0.003019449162486578
2026-09-08,2026-09-25T14:55:25.238265,hedge1_icw8_dvolq_minus_iwm_v2panel_2026-09-25,composite_panel_v2,cap2000,DESCRIPTIVE,long,ZETA,0.2875210858579214,4.0,0.039500101718711954,7728708897.95,0.003089344492674236
2026-09-08,2026-09-25T14:55:25.238265,hedge1_icw8_dvolq_minus_iwm_v2panel_2026-09-25,composite_panel_v2,cap2000,DESCRIPTIVE,long,RHI,0.28202882140343255,4.0,0.042515732562785444,4013607275.88,0.002870218019284202
2026-09-08,2026-09-25T14:55:25.238265,hedge1_icw8_dvolq_minus_iwm_v2panel_2026-09-25,composite_panel_v2,cap2000,DESCRIPTIVE,long,CORT,0.27651212281519033,4.0,0.0430120569960063,12321055290.060001,0.0028370980191927448
2026-09-08,2026-09-25T14:55:25.238265,hedge1_icw8_dvolq_minus_iwm_v2panel_2026-09-25,composite_panel_v2,cap2000,DESCRIPTIVE,long,FIGS,0.2694146249404018,4.0,0.04772923342957234,2272798510.56,0.00255670189811109
2026-09-08,2026-09-25T14:55:25.238265,hedge1_icw8_dvolq_minus_iwm_v2panel_2026-09-25,composite_panel_v2,cap2000,DESCRIPTIVE,short,IWM,,,,,-1.0
