date,cal_idx,momentum_12_1,pct_from_high_252,volatility_60,gross_profitability,accruals,net_issuance_pct,days_to_next_filing_seasonal,short_interest_days_to_cover,seas
2022-01-03,3777,0.12409288359119733,0.22236570283846574,-0.3108661060687078,-0.02610184859329322,-0.016829902543608864,-0.24929722213706013,-0.010972373891741152,-0.04179472845438118,-0.18391076633805123
2022-01-04,3778,0.12246023668449027,0.26533656396179145,-0.32392049065565925,-0.010716406207760182,-0.019713008816749835,-0.2348588292595451,-0.012270164019235542,-0.03369270697089655,-0.07594811505676928
2022-01-05,3779,0.11194676891384424,0.2787823656785517,-0.3054346374816312,0.0030605730789915607,-0.04210580910573405,-0.19285968577651694,-0.017806153645284036,-0.02022839599538037,-0.09430597716702085
2022-01-06,3780,0.07365518506952025,0.26068107776058924,-0.30417525163107323,-0.005722094581641167,-0.039214368775203935,-0.1679859539476748,-0.02489046335400399,0.01030709808651564,-0.14089400236935642
2022-01-07,3781,0.08692588971581533,0.2229787130691531,-0.22518510310039347,-0.0022820428408505196,-0.06936144909560009,-0.11313661066695306,-0.017676541984493938,0.0191062153200094,-0.12169435582236045
2022-01-10,3782,0.08732973736149668,0.1962032523405306,-0.171577187297875,-0.03456935299306263,-0.0683576116575363,-0.08565546128967008,-0.004776995633327381,0.012937206055248904,-0.09412925573577774
2022-01-11,3783,0.10532792612485456,0.2598522794059801,-0.24526631918407113,-0.06111973778314841,-0.05010449274503176,-0.12580983472172602,-0.006445475174341857,0.02136542425365486,-0.11365717759280247
2022-01-12,3784,0.10736817436416368,0.27355468241524006,-0.259845946322105,-0.07952087368075232,-0.04344373202509861,-0.13431574106532346,-0.0034926782518719074,-0.006166703871019984,-0.11756584953404633
2022-01-13,3785,0.1515429834046734,0.30099356620775647,-0.27883637411019513,-0.06467526961775905,-0.032236785331416114,-0.15642722762677574,-0.006553947217692256,-0.017370293630104634,-0.09674342002689768
2022-01-14,3786,0.1596646984853731,0.2598458527083995,-0.2544405219463766,-0.014984260263084123,-0.036470260815854486,-0.1376118547548536,-0.019778561506166265,-0.017421953959086137,-0.08567546865652452
2022-01-18,3787,0.12520049896489707,0.17176472086869354,-0.13490420901267014,-0.02025260258652492,-0.045411511538921846,-0.06599820881534982,-0.009180561174376163,0.01611935080283623,-0.04763928354508435
2022-01-19,3788,0.12641148321999862,0.13180665353995383,-0.05590706660627998,-0.05836965485470395,-0.062932956336884,-0.010275821582029812,0.014214644939215003,0.01882088802305257,-0.035209327910366614
2022-01-20,3789,0.10603243952997606,0.011306035740954077,0.06447482782600084,-0.038063283834471585,-0.08735337510772817,0.04860616612245456,0.038736792865862214,0.044270930324026445,0.009760846604095206
2022-01-21,3790,0.10227758965482038,-0.005798380201411852,0.10047730480250076,-0.06045062454798409,-0.10121666238310743,0.07283376982661684,0.023741873288140047,0.013293399085515682,0.023029639078445824
2022-01-24,3791,0.09477079565022682,-0.00046089705209712614,0.08766621342163144,-0.10518538841655672,-0.07940639541181388,0.09659327459981232,0.017564138772125492,-0.0030120000753235576,0.017415039488124187
2022-01-25,3792,0.09085058108877041,0.05359209534600805,0.026863171230263855,-0.06187793703860565,-0.08172738034099111,0.07042342172279005,-0.000389247376360873,-0.012152339894086917,-0.00599638359653453
2022-01-26,3793,0.052603764274464546,-0.017559382371656513,0.09067843227710082,-0.05959779809174572,-0.09300092203225419,0.10180066373988698,0.0209233514133811,-0.010259911639042312,0.012515007437824452
2022-01-27,3794,0.049027675299597576,-0.01860053906073311,0.10987664201529972,-0.12080731815456312,-0.08154519636627594,0.12030951105610535,0.014201490632637793,0.007582912666870614,0.016008378631079113
2022-01-28,3795,0.05661576724293382,0.028010905967641275,0.0513711695319833,-0.10587750177416744,-0.08016078060289897,0.08841716890511388,0.0011472654258859272,1.2051282515249435e-05,0.011702541248684596
2022-01-31,3796,0.06719716755006043,0.06693735445890697,-0.0049948760566155105,-0.10422849035596181,-0.07217292518839773,0.05509184387629029,0.0076262135708906505,0.012129532401385163,-0.013743282817798892
2022-02-01,3797,0.0872906306238321,0.1482812245048758,-0.09792901810000085,-0.09623291661482573,-0.05529100829899489,0.024581534784046958,-0.020236480417092355,-0.010081221429868862,-0.008075569993168942
2022-02-02,3798,0.014746460827330889,0.019692952120795137,0.03860071010587379,-0.11464084341037276,-0.08520099782590637,0.12456140557693508,-0.0062318384437649735,0.02706385303798154,-0.022380548281237096
2022-02-03,3799,-0.02229999925262135,-0.016568819243788252,0.06124132071376954,-0.12294314421835757,-0.08202134730510258,0.1534464995528887,-0.017794229389744103,0.051616177751247765,-0.010521140367410338
2022-02-04,3800,-0.04611175409191002,-0.03658779763481594,0.07586397403431278,-0.09396078052032672,-0.10455186333455548,0.15811609897874845,-0.003269762296381135,0.06659464693229648,-0.0030850253838630545
2022-02-07,3801,-0.014213387924973753,0.028785652378098218,-0.009096736738078532,-0.06663695326343837,-0.0860809141324296,0.10993998373924836,-0.010761148328965213,0.03649542587992309,0.028796432976972153
2022-02-08,3802,0.03227167176084628,0.09831648689652264,-0.12333271995486762,-0.0941026275834192,-0.06406919885229927,0.05509099873444418,-0.019853483387777027,0.03346976024740079,0.06744799532416164
2022-02-09,3803,0.05719588205754885,0.12684286224901187,-0.15559685442701673,-0.04636207942677666,-0.07044035734296528,0.017893766683238263,-0.0036221840782916866,0.012044629770559343,0.09871404775011634
2022-02-10,3804,0.09931711930736918,0.18305532417124834,-0.21899519487272384,-0.04070968370460351,-0.067316741791453,-0.03700853100383716,-0.011145196615168888,0.004819413689498469,0.09729301547815988
2022-02-11,3805,0.085948487509374,0.18433314439535217,-0.19187801796684903,-0.018817008836193395,-0.07140713092587939,-0.02800957280509232,-0.011517526383005105,-0.006049877031668987,0.08982024100630262
2022-02-14,3806,0.116783900409231,0.2159929742933682,-0.2018109937983561,-0.03766027257614592,-0.0909753478796541,-0.04274298504692288,-0.022832562023787556,-0.0020709036843102623,0.06904915766304404
2022-02-15,3807,0.11467555250772955,0.18421262623768433,-0.19791144300604172,-0.032450832187776085,-0.09297577887261994,-0.03767342563689895,-0.014268994568704087,-0.0028740452497642717,0.0638289558517625
2022-02-16,3808,0.13645619397651293,0.19243701847115785,-0.21053873603295134,-0.0319836177117708,-0.09568232555168547,-0.051811001858127086,-0.016649099983657985,-0.002373804325215229,0.06263038678452208
2022-02-17,3809,0.17899640064099648,0.22559053418731484,-0.2043307511140531,-0.018077762393557763,-0.10469442616249976,-0.06397131237290264,-0.012304244988492169,-0.027830944781462023,0.04577643210153799
2022-02-18,3810,0.1302028765284992,0.1370299522359137,-0.10181312033382074,-0.005543032757160831,-0.12200138552335847,-0.006590485962924896,-0.00858924409706281,-0.019109907298659082,0.03199041397428419
2022-02-22,3811,0.19375488776923683,0.21237032683799778,-0.17920551005022128,0.013424106264297977,-0.11623219649370128,-0.061073940091028074,0.010550343495363898,-0.024422349738547275,0.05197094738227091
2022-02-23,3812,0.15063500215271725,0.1809688897038845,-0.1389992510469317,0.019970020150011595,-0.11280747421608978,-0.03968940615774412,0.03481195415385344,-0.01179858617601481,0.04841224860320228
2022-02-24,3813,0.24440697780612422,0.35651882470733165,-0.33686571204451127,0.0027447780951802775,-0.06946239928775895,-0.14503108598404915,0.07165439403382576,-0.04188335123060442,0.0749450182636474
2022-02-25,3814,0.23542255918781924,0.3173256835023069,-0.2992242391426235,0.01791015462360489,-0.07904534867931337,-0.12914291265854805,0.04311744107523617,-0.058337262129098295,0.07496767889028544
2022-02-28,3815,0.3051919317114465,0.3739505123071171,-0.37874364125186916,0.014691040156080339,-0.04008214081114343,-0.16557362891738656,0.006757705730440468,-0.07966816988264491,0.08877515289119864
2022-03-01,3816,0.31940192938615264,0.4126723432524258,-0.40345528501676015,-0.0037482968312994897,-0.006492304129107583,-0.19472200224418648,-0.06778338704962988,-0.11453083565072569,0.08062158978609424
2022-03-02,3817,0.2632970409726159,0.3743314056825135,-0.3634250084207334,0.003229034528817607,-0.03166868780344784,-0.17166323078515017,-0.07300114034247235,-0.13042344861543467,0.0762177558725458
2022-03-03,3818,0.1971465676264578,0.32863172566957277,-0.3040983713012272,-0.007943023759639624,-0.03887328963085707,-0.15306643561545358,-0.08134106547177808,-0.11175231445172784,0.05401031600722044
2022-03-04,3819,0.1128004229681065,0.17930215529342694,-0.16625365835585396,0.032838774618169475,-0.0663284503921331,-0.12311230011021515,-0.06820682878486582,-0.07590607533646211,0.025240058758792358
2022-03-07,3820,0.15117947251866876,0.13023722904161938,-0.12922233085338872,0.0805363714655478,-0.0637591957713453,-0.14654986871750617,-0.06167005998121895,-0.12145572797164929,0.07116233182337059
2022-03-08,3821,0.22002042963168678,0.24673729914585196,-0.19846808920773232,0.09466104571180396,-0.03478245500117068,-0.19882216191506136,-0.07333783881787811,-0.1433243525561745,0.0667155562564906
2022-03-09,3822,0.24466059241918342,0.3331302890674193,-0.33373739245026,0.07549208564917338,0.030479522526608793,-0.25905755086199844,-0.05904621056655481,-0.16293025662280505,0.039175263938849354
2022-03-10,3823,0.2909773436111352,0.39250861180904245,-0.3996064831028741,0.08531427886077543,0.05661831445843871,-0.2908909286370357,-0.07412084260914226,-0.18667640181764453,0.0345805270652892
2022-03-11,3824,0.24954046244982586,0.37119671376023383,-0.43946679789835513,0.13584319558189364,0.09512951853067664,-0.3414453225946011,-0.07717378151822209,-0.1757258918778491,-0.011379609953148682
2022-03-14,3825,0.2436311853676518,0.34391926141073115,-0.34492691418652954,0.11598350584061766,0.04676394780140542,-0.2750678479635929,-0.07026368785882041,-0.14857241558204742,0.024775114835677434
2022-03-15,3826,0.32789412148044617,0.4893639789771544,-0.500792257784215,0.08137558309398252,0.10097520614800527,-0.3271622682383619,-0.08013607807843716,-0.1849732559620069,-0.003995023316794787
2022-03-16,3827,0.313105048876514,0.4595346911487487,-0.5206618025687713,0.08916221237945614,0.11729518944993039,-0.3273291434296767,-0.08817985202482813,-0.17491785732060164,-0.01836354732712654
2022-03-17,3828,0.26233113003148706,0.42641544933015163,-0.46081875657545346,0.08408599959434492,0.09303093055781475,-0.29077707301884664,-0.0908415121589846,-0.1812152224484532,0.005398461532685322
2022-03-18,3829,0.2933840399587616,0.47267790667523135,-0.5171024079574,0.058213367517241335,0.10679034842855142,-0.29783296694946365,-0.1009559177702285,-0.17981659644718173,-0.001128715946200479
2022-03-21,3830,0.27580604691951416,0.43025099953497087,-0.45950327789067674,0.0420708658519115,0.10872474791805883,-0.27886348450805853,-0.0896485608238861,-0.14250540225484232,-0.005292438792617736
2022-03-22,3831,0.274099520022613,0.44690321844837766,-0.5103787813204104,0.0133722459707636,0.132543260110646,-0.29030645173835135,-0.10293319020467522,-0.14973827838666093,-0.02887828694072106
2022-03-23,3832,0.23820944709171085,0.41687428105458346,-0.48224486004561773,0.026225929784913504,0.1254689588801222,-0.27972554678556993,-0.10849370491324116,-0.14355281736151518,-0.026880578635592428
2022-03-24,3833,0.2503366782424358,0.400942125841846,-0.48851869120804314,0.02935947642246068,0.13502613594252588,-0.275468642068833,-0.1167828206743789,-0.1317126411318913,-0.020766293365778215
2022-03-25,3834,0.2225462535160561,0.3986766506514219,-0.45075314839783936,0.03718776917814328,0.1244051556865915,-0.2680274356742316,-0.11286303756170318,-0.13690411120316293,-0.00803205113040305
2022-03-28,3835,0.24225867475018376,0.4617012135178522,-0.5102759601655599,-0.003518287733138343,0.13833464172611362,-0.2747275176748644,-0.13879282175024174,-0.14436552252503296,-0.01088865590772906
2022-03-29,3836,0.25883051296119125,0.44956641930701585,-0.501882026316333,0.021990206453193887,0.14412777281469008,-0.287109644810223,-0.14529895310551177,-0.15757261927236144,0.00478422706148937
2022-03-30,3837,0.26288583384842473,0.4118499696386755,-0.4456501110397577,0.05159769773040724,0.1509291553612283,-0.3007927200992483,-0.1441351747656485,-0.14835961674813278,0.02501765938666124
2022-03-31,3838,0.25277143991276885,0.3733475890485082,-0.4078482154990207,0.0758868537042362,0.14244500560809842,-0.2929177803343135,-0.15392342709412662,-0.1478959483765115,0.03297393757290992
2022-04-01,3839,0.27383555282273586,0.37454905051481535,-0.42739839960924364,0.0676175306856088,0.16973195700118565,-0.3248444527840886,-0.1643289734434942,-0.16077780200847744,0.029811200314932153
2022-04-04,3840,0.3291239757300342,0.41177891055440874,-0.46476635223368445,0.05461802429825774,0.1676133230269836,-0.3235199391801511,-0.190148068266667,-0.1739633959963036,-0.1418681475651802
2022-04-05,3841,0.26006572101506753,0.2992670590853137,-0.34592479661664005,0.09222150471876957,0.14413719850729625,-0.2867516339767057,-0.15522399858298241,-0.155633263658295,-0.1206578181328696
2022-04-06,3842,0.2672869353325523,0.28131254666952066,-0.3213250073993463,0.08511468504613579,0.14021187228081344,-0.27954442599009427,-0.14345681741249622,-0.14222923670821985,-0.12949459725062404
2022-04-07,3843,0.22981923361124482,0.252116181778147,-0.30753149461028795,0.06176967818006099,0.14455702732950446,-0.2728648568065058,-0.1389134361161977,-0.1324887874175471,-0.14269159044298993
2022-04-08,3844,0.21069024964858513,0.21748279424119255,-0.24376302896265103,0.055429288247697356,0.12274282262011058,-0.2350828837637128,-0.12619426812989132,-0.10928799564912384,-0.11844158020450417
2022-04-11,3845,0.24110934443809473,0.24249509786186307,-0.26210224018302897,0.03174564965058223,0.1258976713187692,-0.21960823876328994,-0.1251605999914934,-0.11046438956195645,-0.12177412368905438
2022-04-12,3846,0.2244687521555417,0.22701441648889828,-0.27989685353813715,0.058941709599635086,0.1504349750082322,-0.24762920919644305,-0.12797034645552885,-0.11862606860470784,-0.10846165979083928
2022-04-13,3847,0.260974330078623,0.30302416813045546,-0.36285739965194175,0.05072493143108731,0.16806880574156946,-0.2623698616149492,-0.15045633617683438,-0.12784241310087135,-0.11798654129867857
2022-04-14,3848,0.23330153792092856,0.2973215182078997,-0.3959024184837511,0.0738158508436112,0.17930073331228938,-0.28751937535330746,-0.1443389974013777,-0.1153997409595188,-0.09940252242150968
2022-04-18,3849,0.19465560472591992,0.26972517936028395,-0.35044311098078723,0.08105901069744956,0.1629607072359472,-0.2669685075756265,-0.11489911151036941,-0.09470217881974022,-0.08844378027665452
2022-04-19,3850,0.17813862645435527,0.26737547872164635,-0.3441623809616435,0.05234314591148923,0.15262995224917755,-0.23494679228822485,-0.10959698625792653,-0.09077708445146869,-0.08518160483560737
2022-04-20,3851,0.17938201514181318,0.2833193836570497,-0.36678156962506003,0.027522104557060556,0.1461762118580151,-0.21088766606193549,-0.0957820610456066,-0.09453962606722925,-0.07977153492497288
2022-04-21,3852,0.09114460745259341,0.149291946311775,-0.21787025261644669,0.00951265343951174,0.11572697904616129,-0.14157568317828825,-0.04123551508986941,-0.046700224282880176,-0.04263157098465174
2022-04-22,3853,0.11862715078114652,0.14863997237815843,-0.17442479097391506,0.00229881312846935,0.08972898251216391,-0.1252662658535612,-0.04213020597309811,-0.06175100895494734,-0.052902439638130655
2022-04-25,3854,0.08402570584852606,0.15526659496811634,-0.23653679106550374,-0.02259684447233349,0.11740335593498649,-0.1360724389327572,-0.05743894110739042,-0.04437432914396336,-0.059645233414368004
2022-04-26,3855,-0.047550931016863425,0.006690142668669911,-0.12175239813993881,-0.00023731777218960256,0.07852236390389078,-0.06333582141344685,-0.023517230737461214,0.023524293935203774,0.006776105963262252
2022-04-27,3856,-0.06683090010285474,-0.005080799021056242,-0.1322754021295146,0.018698199857687496,0.08203889765529426,-0.08700512612859125,-0.03520702000440287,0.04215651331467623,-0.005278205881885011
2022-04-28,3857,-0.03083241006694601,0.03692651332639797,-0.15689120253350364,-0.0019688543548964095,0.08581722723605302,-0.08198443053438836,-0.043175838459763645,0.05011109562261635,-0.0054707042959722205
2022-04-29,3858,0.033142879570607096,0.10271568101200143,-0.19046637908980926,-0.03899065089198068,0.08188883050999157,-0.08245834999606465,-0.04018960099659044,0.025755404191035617,-0.03263604143985074
2022-05-02,3859,0.0816067290059983,0.1996567488900499,-0.31190340498867203,-0.031842797617098705,0.10950318398931554,-0.12358229065414204,-0.036971845821094446,0.0014023711343856852,-0.018416500553846075
2022-05-03,3860,0.05911327449224065,0.186194452231188,-0.34967248577034066,-0.02620771004023103,0.12644679385046098,-0.13458441668648244,-0.04172788048911575,0.008057543469929313,0.006472480051013183
2022-05-04,3861,0.028751270358138518,0.1732762706832802,-0.35065721587808685,-0.042218935166966357,0.11377857769674425,-0.1149289373289674,-0.027661900949902743,0.030328453152416536,-0.021210373047691217
2022-05-05,3862,-0.056527462658232684,-0.007197281990521744,-0.19633758528485737,-0.0014220846436318634,0.06247314504796646,-0.03703681778205115,-0.015353214305431503,0.10996047806654802,0.053480549714744405
2022-05-06,3863,-0.051299594816350574,-0.06986431633734466,-0.13356375517552707,-0.011012232681455621,0.03232748670256316,0.00041596127401020364,-0.021736006945158533,0.12405547392392581,0.07353855350054263
2022-05-09,3864,-0.023672983021989925,-0.12675489001276874,0.016123542357878197,-0.03502242432976471,-0.04705733701984493,0.10613995258780239,0.012324664451413789,0.14405843545338617,0.09974420599887068
2022-05-10,3865,-0.10648551511240634,-0.19987228616006153,0.10847965828127941,-0.04183036431595947,-0.06684417110880667,0.15313818736771292,0.0622477274356773,0.1631497392556193,0.11278360308441249
2022-05-11,3866,-0.12660173110222023,-0.21957844755359376,0.1421678455581969,-0.025448883892288648,-0.06513725657831375,0.15121066744133518,0.06812325585409254,0.18535634698578451,0.11761892830675427
2022-05-12,3867,-0.08022613666997079,-0.07446918300827224,-0.002501319973286719,-0.07001512303300543,-0.006073846276775518,0.07681131160097185,0.0759670304234968,0.1514011896079932,0.06552552992557896
2022-05-13,3868,-0.05201929082524946,-0.030044457873543935,-0.06481133270556835,-0.056640891933781266,0.018634619846831277,0.027067097497036327,0.045789649926347195,0.1436811663305114,0.05302218266280272
2022-05-16,3869,-0.04343106843031901,-0.02943968617758857,-0.07841514740384178,-0.04152019931725204,0.012798212647182696,0.030173525429911977,0.04720774201106881,0.14505621076085914,0.05907062884368842
2022-05-17,3870,-0.06686155582550862,-0.07906665706447465,-0.047358765296985406,-0.0045252622004795144,-0.0005114573408375656,0.029331049147543753,0.04693773482970452,0.14471131535261492,0.06579763134120022
2022-05-18,3871,-0.045464451567726806,-0.08044230867848633,-0.012754423731280301,0.01914071051231596,-0.004357606943830375,0.01645889730043172,0.031823720000736556,0.12787652340778222,0.04805364617279709
2022-05-19,3872,-0.03673801745825906,-0.04401655488499692,-0.059813024095738784,0.017791215726938994,0.03475916726146894,-0.023263062547676686,0.028774816162155666,0.12429620910726838,0.038004809574395435
2022-05-20,3873,-0.10398989422016709,-0.162040874668525,0.07873049743858769,0.05804004308154856,-0.015606421688871231,0.031335174509758715,0.04408118937834447,0.15518619591172456,0.06617313227597448
2022-05-23,3874,-0.16736138240808568,-0.2613860039706652,0.13850974541396474,0.10085452379486577,-0.020516719659915517,0.04430551533442854,0.046110196863036676,0.16935028338240735,0.09849047356014934
2022-05-24,3875,-0.16771470958920706,-0.28145721047684324,0.1452079285742132,0.12806401798817948,-0.005761466285534251,0.02267896916080109,0.047974024763010936,0.1717333227460966,0.09611641016311265
2022-05-25,3876,-0.10329120941311801,-0.1808294671990428,0.05061180627153514,0.05461852986809686,0.008435471995856878,0.02784592053624998,0.06962693511188979,0.12759351627210158,0.07262865952619313
2022-05-26,3877,-0.007135579184094646,-0.019022593657945865,-0.11694233934660758,-0.018810795944948784,0.04674849295411988,-0.001298616798634713,0.06968890683361091,0.1618615168477964,0.05047539114613223
2022-05-27,3878,-0.03289381595901863,-0.03872092712979919,-0.11160346413489938,-0.0020073561997544513,0.057974422988976974,-0.021374563983289806,0.06418243626392113,0.1552384553194264,0.04116335510081835
2022-05-31,3879,-0.026912270378556844,-0.07488712636220497,-0.05135109724023497,-0.000266729444042319,0.05299098468169401,0.019837405756334112,0.07120570512671484,0.1558128154194403,0.067188668223681
2022-06-01,3880,-0.04127328165269516,-0.12205663800428782,-0.008627291877355,-0.006128115356681667,0.051654809103025584,0.024041573651159852,0.08366539110934297,0.14126255583748693,0.07750151818255446
2022-06-02,3881,-0.03218248821488696,-0.0687188394980538,-0.062434620671718934,0.014897469996067884,0.07759153495381704,-0.023413327756277583,0.07483469636755877,0.1476257378925694,0.07053826002708723
2022-06-03,3882,-0.06042118964170746,-0.10259649911582937,-0.02407592453853264,0.011240250711574492,0.04585740582805507,0.021287301311723662,0.09253011124319487,0.13894839246846388,0.09274415380942981
2022-06-06,3883,-0.1686384102852376,-0.2483838446012643,0.12969689005198654,0.01577523145435848,-0.014965571181073804,0.09672402841731106,0.12250052931332266,0.15439966851555856,0.10853971711868285
2022-06-07,3884,-0.18138375710885307,-0.24339496291191473,0.11686908125317445,0.006717783096398663,-0.017383052407450684,0.08986358646111862,0.10498473760717073,0.14573310203887674,0.10767274360899183
2022-06-08,3885,-0.1644772605214809,-0.23357584104233017,0.13044908370441669,-0.011965275518363823,-0.006652114808062241,0.0980943105633154,0.10781734359701135,0.15104799192402307,0.10805894244484769
2022-06-09,3886,-0.23542766407733787,-0.3246637370077625,0.2330541963051102,-0.01794605500356982,-0.042690603378121784,0.15730278575604617,0.12171572558840993,0.14334371984282276,0.09899298160852116
2022-06-10,3887,-0.23589903957182304,-0.30735130435498836,0.2337332832580469,-0.062700797251285,-0.05671724613446022,0.15676283079337253,0.11115124777643261,0.14746314058942928,0.08966914662146161
2022-06-13,3888,-0.3127872686953164,-0.3880649817767476,0.3225108861791579,-0.07573056828472687,-0.07212746281945975,0.20447539757124192,0.13244186966928703,0.13969108399911903,0.09875889614844803
2022-06-14,3889,-0.29682856073833425,-0.3801298193786632,0.31335092344813037,-0.09484583007380501,-0.0718773568563866,0.21403642955799732,0.1302724481667952,0.13702481331145952,0.07002548267563778
2022-06-15,3890,-0.30463514583144047,-0.3825085448590953,0.3240530461311578,-0.08931103092409291,-0.060760067953974595,0.19073447541826166,0.12235247319792948,0.12441090518888272,0.06931073747549017
2022-06-16,3891,-0.30719123771481893,-0.3880507216020589,0.3341625831994424,-0.06827393996092421,-0.058003654227612174,0.161211754637306,0.11567891196487928,0.1306176145743706,0.06398552761383561
2022-06-17,3892,-0.23352353006673954,-0.28720214241019326,0.25894857035786173,-0.045456731261793164,-0.025840740716711524,0.11707355775919877,0.0946878169348543,0.12419301544905703,0.035164858958279234
2022-06-21,3893,-0.18393916606799937,-0.254705838026578,0.23876496610800604,-0.04611115302350533,-0.005041808123123432,0.07736801560880552,0.07990390118297758,0.11343383858241232,0.024348224944641603
2022-06-22,3894,-0.09463875067972526,-0.1856516841301879,0.21669739073366293,-0.042566194053314806,-0.0012038216947053047,0.04557059216590035,0.072868936097703,0.08997534389640266,-0.013007568149933379
2022-06-23,3895,0.10214274777095633,0.005584657364326597,0.055534562012578025,-0.06690777030404639,0.039311017197629715,-0.0387015290467567,0.0256610727864426,0.032491898339003615,-0.058627927567575795
2022-06-24,3896,0.14584175266902635,0.06479123274692562,0.027577332896741604,-0.087883778841635,0.02205891659077343,-0.007017511975317218,0.004620813050247434,0.04830314643571807,-0.07008429766321793
2022-06-27,3897,0.06608449856125102,-0.01056372440798651,0.11569871357543177,-0.077481141430556,0.0003707336636853836,0.021395124575578458,0.04913962922702908,0.038655644872389344,-0.06753122661781269
2022-06-28,3898,-0.03391870672417701,-0.13124710660595498,0.23596387658895507,-0.0844503227210752,-0.029829683837115324,0.08633112656190646,0.0731652658271985,0.04764380084913527,-0.057594080930452686
2022-06-29,3899,-0.03367814956422942,-0.19295067435593555,0.30458994285838786,-0.09025624378667386,-0.04132714894704988,0.10225473927812281,0.08016251593004467,0.021118912325586263,-0.09372612550959529
2022-06-30,3900,0.011509014157254761,-0.14313726748904357,0.2583804620394875,-0.0905399371543846,-0.03964441288950109,0.10106127688892286,0.06619461546582255,-0.004994713259451846,-0.10142759275365054
2022-07-01,3901,0.058573350902794336,-0.12656964683741,0.24191027456818245,-0.07360630606226734,-0.04424963273118393,0.07915373428129167,0.06144058813710984,-0.02714317655969651,-0.11813936816176375
2022-07-05,3902,0.18716072108336515,-0.005417450077896566,0.098739478179807,-0.09426015404719443,-0.006218958502670878,0.025230617594647554,0.016731546667027655,-0.06488104087944169,-0.007810013660958369
2022-07-06,3903,0.1596752055696259,-0.02835216036099803,0.12420626960399862,-0.09516728298405011,-0.023856695875077744,0.05067128737369026,0.025029745709988106,-0.049094017409026976,0.00043511393556814064
2022-07-07,3904,0.18295852545448565,0.06449049470584275,0.031069381267368898,-0.09795265623836738,0.006345111277241435,0.017135886528906817,-0.0016107056435410512,-0.038085912543452914,-0.0033850451378417464
2022-07-08,3905,0.2301251618010464,0.07113243110096906,0.01803167172971999,-0.09995234646535635,0.005648481579267576,-0.005617224149733378,-0.025082329337152754,-0.06962955825904497,-0.03392552349664475
2022-07-11,3906,0.18655051918991986,0.02146826394071281,0.06470511664455732,-0.12025610383381431,-0.020095181689530707,0.035182233982138725,-0.018641248757291853,-0.07078991140341338,-0.036958271913103205
2022-07-12,3907,0.11536925830965238,-0.04847989819214373,0.13968530291399547,-0.09051862127113035,-0.05976540870236356,0.07199364940985767,0.00889263597093841,-0.05193996878571592,-0.0020735197995465442
2022-07-13,3908,0.12314808595871085,-0.035521981950799884,0.11217978689016471,-0.12187320169852499,-0.04569158409081033,0.06324975261417709,0.00027808879770183456,-0.06744908772704154,-0.01870943385529477
2022-07-14,3909,0.0763627827623954,-0.10401254385984796,0.16518637611206105,-0.09645906465838235,-0.0635193607276151,0.08211376508654024,0.026614826408820524,-0.06144773353059563,-0.0054780363241392765
2022-07-15,3910,0.0765492108251129,-0.08566398607544023,0.1532087420335308,-0.09937171488244674,-0.06973882645913766,0.07541082861257764,0.0338796364462173,-0.051605131059873716,-0.007686555932974176
2022-07-18,3911,0.13645869100775856,0.005344310441103062,0.09515618833935494,-0.13313888263481527,-0.06562093663829534,0.08100578478392333,0.014269427971398805,-0.04933619129798758,-0.021766796200223194
2022-07-19,3912,0.16535889153388625,0.047279075083905636,0.08151765811444503,-0.14865563783987681,-0.08838773144473014,0.09238432314212154,0.010925837326732805,-0.05071270594591856,-0.032194086626197216
2022-07-20,3913,0.19903126129756715,0.11251303307465609,0.0184915299842718,-0.16908814751330603,-0.06800122258527441,0.055779814507553364,-0.0135274281950803,-0.0534370397600232,-0.04102401182040843
2022-07-21,3914,0.25027222552518086,0.16832033502987112,-0.0505233823312931,-0.17960969047184971,-0.03731583535120409,0.026520400591566635,-0.026590232308107156,-0.05668759198913714,-0.05346024502679385
2022-07-22,3915,0.20299632179359633,0.10493764305128671,0.01833711695723374,-0.17324772683203624,-0.05092164065128724,0.05169810379684653,-0.013307829777469346,-0.04663507003537974,-0.04776251136182796
2022-07-25,3916,0.14224365350317092,0.09684718551280812,0.03009778318805659,-0.1454960627990765,-0.04250353993682223,0.04445379497766683,0.022151133364091635,-0.01322187830000959,-0.02239866090861158
2022-07-26,3917,0.14872269128708196,0.09402409791782848,0.022576547693308937,-0.11946537366796502,-0.0401276593038363,0.03459334485131443,0.020487061805145593,-0.01783817645441206,-0.027779870533268004
2022-07-27,3918,0.20446353947774576,0.1858503792779565,-0.07258393139911376,-0.11672107878970095,-0.027263844451023228,-0.0037441872770348603,0.016325266823448665,-0.022871676347655037,-0.04676821057140984
2022-07-28,3919,0.1866141706584541,0.19872159010842752,-0.11464469256734343,-0.10884865680145489,-0.00771993501567335,-0.01370951995911905,0.035615999404186104,-0.01115812411557565,-0.03934768593950449
2022-07-29,3920,0.1773604105916267,0.17929032672267145,-0.09716384974944149,-0.092003012636825,-0.030437344163661673,-0.0026111885691999194,0.01913708136244744,0.015109534073377355,-0.04114247645442492
2022-08-01,3921,0.16501255348079122,0.12809476506388848,-0.010495631199356406,-0.1213110772041943,-0.06669445417096571,0.03000466401367211,0.0060694007593188725,0.027672026161224994,-0.02918868045563812
2022-08-02,3922,0.2206746269753595,0.19661915851190465,-0.06317593671734517,-0.10000338309742474,-0.04953672031015936,-0.021557978482130667,0.0011990554934070451,0.014747572277249366,-0.034443879520217116
2022-08-03,3923,0.3278722213475053,0.2833383484843533,-0.13436843305405471,-0.08852664196169294,-0.045061573317838555,-0.06028764116021614,0.010289282297594,-0.033751709551700364,-0.03698063379512391
2022-08-04,3924,0.3658979631642857,0.2921231115604214,-0.14166155196781702,-0.09049656437899882,-0.05399883211003113,-0.04183625532029492,0.04219602258947443,-0.034474892347990414,0.03572593577078179
2022-08-05,3925,0.4143569230756737,0.3583955119429148,-0.22499643746918413,-0.06174562505487265,-0.023401101269939942,-0.09614288656868895,0.06246803958951355,-0.06851115741954363,0.046605540011937036
2022-08-08,3926,0.34711756630421436,0.2816381566849559,-0.14944323767201637,-0.07536000898517742,-0.03337354545101684,-0.07797502670516601,0.06082060816280418,-0.08143927592695238,0.053835946314139634
2022-08-09,3927,0.3517185981807701,0.288030316154583,-0.13627187213184794,-0.026144433924405314,-0.04255057755237905,-0.09127732710373297,0.015144094519803648,-0.08215824587875088,0.06576111801893485
2022-08-10,3928,0.38304704987393734,0.32521437838071504,-0.17601855732573457,-0.007960469436358274,-0.04172364453133505,-0.11389167663524749,0.008680995018470219,-0.06314536072065083,0.058526822717271845
2022-08-11,3929,0.4200676559301317,0.36965451448441183,-0.19436710502598228,-0.008370767782148082,-0.03924883835367922,-0.10728586569496376,-0.0020337792851838673,-0.05348099694678414,0.04574306455170747
2022-08-12,3930,0.4545945086430607,0.40844961410607933,-0.2567708860093812,0.008531947387957399,0.003174658860329201,-0.15976982501604245,-0.021445491148340254,-0.0654321991776139,0.05129469731636072
2022-08-15,3931,0.46850013608251584,0.42194437139643004,-0.2808707406754141,0.00460952054529518,0.010604844816920653,-0.17260215775515586,-0.02770352531080834,-0.05555115356500593,0.04819318588445447
2022-08-16,3932,0.4474402318866539,0.38631669119599854,-0.22978585530645254,-0.009764610495304334,-0.019427601228639416,-0.14352122276537777,-0.01847993717658432,-0.04312327228689531,0.042594602756753155
2022-08-17,3933,0.42120753855575493,0.3690890912497008,-0.21949241980636158,-0.03483443811132741,-0.01575263400423628,-0.12996175471055163,-0.0029138015107526053,-0.029833726901101486,0.039370301774109176
2022-08-18,3934,0.396822094661575,0.3772854783153228,-0.24977692899637655,-0.05353198502840384,-0.010937845862605612,-0.13214809353883106,-0.001160332690947048,-0.030405366707844345,0.04902035819529942
2022-08-19,3935,0.3084671548022247,0.27938912784263153,-0.14062177984250912,-0.046060604806041336,-0.05384134856032174,-0.09704671801919883,0.011979395899228624,-0.021250345694665156,0.05342358406161406
2022-08-22,3936,0.27502869432586513,0.27543522162400214,-0.16334111779403318,-0.03180064889325807,-0.03902005306764015,-0.11002250796736993,0.005835886152148794,-0.029296369255627036,0.04269362022762126
2022-08-23,3937,0.3339691188828406,0.34278708417177856,-0.239802191022765,-0.008784966732186442,-0.023145799353032917,-0.14713671805278916,-0.026747392575770502,-0.06737664024099253,0.0533562634692741
2022-08-24,3938,0.34312343803270823,0.3503091666284495,-0.26068354722969106,0.02393578600545308,-0.031164509353580644,-0.16249584842076142,-0.03848443478322905,-0.07895913420052479,0.03651891880060883
2022-08-25,3939,0.3475586282071199,0.3539730205303033,-0.2454295641562514,0.010775526284151902,-0.04027832006468249,-0.1568847823269752,-0.031067847251193256,-0.0076649500514155465,0.03401389205359842
2022-08-26,3940,0.290397321150254,0.31182424520218216,-0.2232884753522018,0.03605163486170201,-0.031083972795619155,-0.17398572684386024,-0.022820198875633427,-0.008525130874189844,0.042321872285057495
2022-08-29,3941,0.24387805010084088,0.26896126759003697,-0.1920561774218061,0.035216877659266774,-0.03156297798580603,-0.16294340664792784,-0.01597497522734171,-0.008000221668772664,0.04205724132877946
2022-08-30,3942,0.28402652256841054,0.28684011319786656,-0.1549148045364762,0.01399530549745423,-0.02983438059036168,-0.1457633051211285,-0.011740027632818254,-0.005870277956213512,0.049170033280592496
2022-08-31,3943,0.2593695399442387,0.2634727259212256,-0.16394814268961422,0.049326871867488235,-0.028282428943195256,-0.17069189809580484,-0.036870728682907965,-0.012927316795554616,0.0515940461152261
2022-09-01,3944,0.26630268324631323,0.26195642837655325,-0.17601018024118983,0.03053501722858547,-0.011125706792766765,-0.160247301820664,-0.014777019903888279,0.007630174334361213,0.06649777284208915
2022-09-02,3945,0.24053043998247087,0.2505154623984321,-0.16079762153778415,0.03222811830904841,-0.014415134705004037,-0.1533894853703209,-0.024806446873288424,0.01444803826925778,0.06815820245419547
2022-09-06,3946,0.24501289317585967,0.22631546656649318,-0.11504818695594055,0.018891086725507475,-0.008778052153436711,-0.15073974086827674,-0.02613873298339085,0.02130553892248538,0.014503080653943835
2022-09-07,3947,0.30384914425164483,0.2850721317663301,-0.2091006754811091,0.014205022244615088,0.0180363206055836,-0.17356477076958546,-0.05714900780988201,0.008333477307176745,0.035469585061098964
2022-09-08,3948,0.3638812580913607,0.34385354809388535,-0.2479974457053054,0.01579871876036115,0.026573726268551697,-0.1860315657635372,-0.0802720245120339,0.015473201416757012,0.04458379704783772
2022-09-09,3949,0.3849732198028308,0.37791252626796,-0.287061983406206,-0.00010659569562482096,0.07152755195576617,-0.20544119382621565,-0.10705434972053186,0.00290021252661422,0.06041646499725853
2022-09-12,3950,0.3744048705914423,0.3431265467412215,-0.24977380222479084,0.030623795081773684,0.07289926421763818,-0.21895021897711855,-0.10119294979509094,-0.05161545674621915,0.05430961261652916
2022-09-13,3951,0.3604122275994162,0.3406026439278099,-0.26873239993586784,0.048655900840414275,0.08979381575688342,-0.24168651694993992,-0.11646079839737765,-0.05722682300967093,0.056639442623693095
2022-09-14,3952,0.35933035746695796,0.35450515561495655,-0.3291797022609449,0.06964380627720324,0.1255186150545806,-0.270637357631931,-0.13716631453399644,-0.05239090413958783,0.08509040528871248
2022-09-15,3953,0.25907534885548616,0.22442537459397582,-0.22704659698492774,0.10962508521261329,0.11680150371682353,-0.25330576564655566,-0.11245588361096669,-0.043740575311985566,0.07154498420060135
2022-09-16,3954,0.14466742118443854,0.07620737621701175,-0.07614893545685031,0.1160857870501416,0.05390641021877333,-0.20626411383586044,-0.07547058201557909,-0.04039272665998318,0.02392811113597184
2022-09-19,3955,0.1661707419219359,0.10463852800631138,-0.09445394594767201,0.11745240337786875,0.03975450502997094,-0.201287862149405,-0.06782744456226662,-0.0340037333142666,0.013128013664893903
2022-09-20,3956,0.11565515455817799,0.0428753675313659,-0.04871725309018484,0.14129947066450152,0.025392980676786366,-0.18469564025619234,-0.04993656448467673,-0.04689645484265921,-0.00103757762458938
2022-09-21,3957,0.159651296500307,0.11026017945789797,-0.10926211880671037,0.13982390835498665,0.03876191680486819,-0.20541678090472085,-0.08578255074345773,-0.05726075518167734,0.004693823043756096
2022-09-22,3958,0.1676034369472303,0.09801777069049841,-0.06507194494493893,0.1325909828188243,0.031423912984484,-0.20691397448308094,-0.07290031706763359,-0.06641682356574383,-0.013215988233363096
2022-09-23,3959,0.21667971967061464,0.12876272597595806,-0.08524318457072795,0.1051533076646228,0.04715601203611587,-0.20789517370067015,-0.08284908677281962,-0.07601248549707872,-0.01990313390792138
2022-09-26,3960,0.25285569686585996,0.1739809789874057,-0.15563425775694448,0.09052568362824467,0.07847707185798358,-0.23644353833241977,-0.09723944624575115,-0.09334033846802478,-0.010951688365566703
2022-09-27,3961,0.2434616877393201,0.1810432721292377,-0.1707213947820638,0.08461363323974942,0.0875220213670056,-0.2510471998471845,-0.10391773134900438,-0.09651739006252022,0.008526079179316658
2022-09-28,3962,0.21311487517963465,0.1632300763392253,-0.18382068967965565,0.09186098602733159,0.09938604373657726,-0.2553831374020313,-0.09733249367220273,-0.10735099234301858,0.029483403008891164
2022-09-29,3963,0.19667357498683,0.1508182383048249,-0.1595880145603676,0.07028896215270967,0.1075846415110831,-0.23852965636079174,-0.09111860846804085,-0.10090756607953716,0.016281930059496318
2022-09-30,3964,0.19838074079216433,0.18056320982673602,-0.22858560620217203,0.11510274356141402,0.1221957644750745,-0.2744334648951154,-0.09668324599632556,-0.11287416216104433,0.033417801508984726
2022-10-03,3965,0.20498782357529285,0.21058057584816917,-0.24809631563502446,0.06996396126068698,0.12365106134038537,-0.27256180620554454,-0.09863014881665769,-0.10193627608704421,0.029332072973783353
2022-10-04,3966,0.16277908319478657,0.17746135624837422,-0.20711927844461775,0.0986947869274456,0.11044785455718387,-0.2510939373685178,-0.085618904347831,-0.10223792472944414,0.06820420828434644
2022-10-05,3967,0.1384290036029014,0.16633166857797035,-0.22054254051676928,0.0968447213680322,0.10931122477292488,-0.24145284832643865,-0.08311454038000324,-0.09546574821044536,0.04092396626763226
2022-10-06,3968,0.10504093284126544,0.11796352537591497,-0.2006785820365003,0.08423534926656859,0.11467075289462061,-0.21343811845572955,-0.08443849248259143,-0.0845060305333153,0.03163705191975833
2022-10-07,3969,0.07604099943604371,0.09430588466180304,-0.1974922157677413,0.10156307683792754,0.1162415174445136,-0.1973822208638303,-0.0816113659897467,-0.0817977293138986,0.007490113176854995
2022-10-10,3970,0.09264610247275895,0.10978340743657627,-0.20741769175491304,0.09964961916901927,0.1115916185329892,-0.2039245296728159,-0.08896123343059234,-0.10447018375856404,0.01132658073596235
2022-10-11,3971,0.09419452187920704,0.11138949459743652,-0.21164344525107473,0.10442995371983607,0.11126364132892437,-0.20611065623363628,-0.09351314883768484,-0.12807404365848735,0.031357506471474665
2022-10-12,3972,0.04190620755009725,0.03751576698432807,-0.17108316657985922,0.12545712519261082,0.10436547154735093,-0.17890662329856302,-0.06882821565581908,-0.1589875756916477,0.028541303048805557
2022-10-13,3973,0.052677642283592965,0.0682660848310275,-0.21581732178434976,0.1410546613481406,0.11149313818131112,-0.19222734037344089,-0.07322247347365447,-0.17137512666087193,-0.004595629545131627
2022-10-14,3974,0.0257808142204779,0.036342035876947364,-0.15277172403704545,0.14872149147923922,0.08801164408449738,-0.16507602837750812,-0.0583188612112658,-0.1544938850100809,0.001012491196456464
2022-10-17,3975,0.05428508246252987,0.0586531753660488,-0.15497673918612512,0.1429322106998657,0.0873474045691608,-0.17094184863934833,-0.0706075517774546,-0.16953131028611415,-0.015438089192806485
2022-10-18,3976,0.017972918153815735,0.015237755810169786,-0.1180890345992295,0.15558083230508737,0.06972151004991693,-0.14925005156311216,-0.054933736986453076,-0.14757477890542597,-0.00395637452896106
2022-10-19,3977,0.013441929402451428,0.015219353410116678,-0.1275608844058937,0.1461759432394967,0.08229153129785656,-0.15083749585703662,-0.05742906203175535,-0.13528312800496609,-0.021996252612485716
2022-10-20,3978,0.02911192395211535,0.03128418167942015,-0.14757971715406373,0.15746414718617097,0.094314344166874,-0.1631111009262408,-0.05595094975841626,-0.13737619766310338,-0.015399903881783902
2022-10-21,3979,0.07588267266532214,0.0844817008410064,-0.20648274965133045,0.14014669235048338,0.10649193162687116,-0.16710790960106497,-0.05859392508492785,-0.14726909263120147,-0.0433304699597766
2022-10-24,3980,0.08786011437717396,0.0917490830860107,-0.1890604113234328,0.11167903261402945,0.08525171740176282,-0.14766050885254592,-0.06278748317902283,-0.1399110316374087,-0.04727175993166908
2022-10-25,3981,0.12191472752551989,0.13361710301773447,-0.21567427170710274,0.13593262091634223,0.0766537659164263,-0.16633482556602594,-0.052348979138733424,-0.15128860272554998,-0.04365923937381193
2022-10-26,3982,0.14561668441407158,0.1670096410446439,-0.27346745416980056,0.13476724830114845,0.10145407695682272,-0.190202222473988,-0.03297085956835993,-0.15965389056160562,-0.05967630570727614
2022-10-27,3983,0.14242244750356944,0.16997960275510576,-0.27108202726388136,0.1461399572515087,0.10624130669532171,-0.2043473625445716,0.034487823544899716,-0.18044751924383398,-0.057872550282700795
2022-10-28,3984,0.20575621193647753,0.22394417130690705,-0.30236543833608176,0.15291424260623832,0.11481417008412732,-0.23441808266631503,0.06864756613309608,-0.20468473439251322,-0.07083517053422604
2022-10-31,3985,0.2086779568490162,0.23218944371239084,-0.34104146153031983,0.15745905436737878,0.12791351452418917,-0.2420904359941333,0.05798893251643557,-0.203681353366568,-0.07272073745007168
2022-11-01,3986,0.14671761765345526,0.15493327173404603,-0.2674328820025711,0.16642041474252875,0.10539587489605128,-0.21046770305398899,0.09115923664759522,-0.18564813070647712,-0.05295751930911782
2022-11-02,3987,0.053705922693055526,0.05217230100649066,-0.15716098929252031,0.1939823319165653,0.07299210071915556,-0.18908211681380413,0.08568877773573348,-0.16218771286111838,-0.021112767984938465
2022-11-03,3988,0.0069739235112001585,0.01072652609879916,-0.20909823830773394,0.2171843056834821,0.08799706831972959,-0.2122893147255032,0.026563053148042647,-0.15035045846958234,-0.05365298298070347
2022-11-04,3989,-0.08254941047485491,-0.07939387064766858,-0.12865500937558777,0.23814852726477448,0.04018791157447431,-0.17013010515958363,-0.02342504834334429,-0.1270529516168125,-0.05508943771549877
2022-11-07,3990,-0.0575265114392111,-0.06058686952700893,-0.1366174365581477,0.20805948080726103,0.04410768817783667,-0.15854323876469986,-0.04561358593230073,-0.1270552728682652,-0.044271522390221474
2022-11-08,3991,-0.07091092622241726,-0.07097650312277104,-0.11850426149797812,0.2166343676095041,0.054153894961623504,-0.18205051960782,-0.08694810168275204,-0.12318492682022576,-0.024974438100411753
2022-11-09,3992,-0.08927487091625652,-0.07891273607990823,-0.0669401016507684,0.19843386124885595,0.022383261508213036,-0.14583285953998038,-0.10663575213533137,-0.11719055482084305,-0.026531768149427547
2022-11-10,3993,-0.03555587635240736,-0.012020855698233692,-0.08210236650735886,0.19643439952738856,0.02228221202338843,-0.15800787191556723,-0.11331865238474195,-0.10441675250543926,-0.03472748556831209
2022-11-11,3994,0.0629438446362477,0.08546559710515118,-0.17919789267711161,0.16391727926560648,0.05715739967684921,-0.18133896142869407,-0.1191374305812833,-0.13091799944939383,-0.03360115241078735
2022-11-14,3995,0.044969485385783714,0.05193930272910439,-0.1426508756083053,0.1050266978118821,0.052265110180673924,-0.14353782484322852,-0.09366787874312953,-0.1012138454378945,-0.034473949956454523
2022-11-15,3996,-0.0030283867211595332,0.009332165855493232,-0.07743964670884833,0.11787329964292498,0.03692486261073905,-0.13544800132281745,-0.08260347877232588,-0.08504390661725647,-0.03449612602879877
2022-11-16,3997,-0.13133882882434364,-0.13369464573757622,0.0602231769472807,0.10455385148157573,-0.006195586396898164,-0.06328044698607789,-0.05419828669345471,-0.04656176057372432,-0.040366200035610866
2022-11-17,3998,-0.11368423604947409,-0.11805842298120252,0.03951208560008019,0.10678946248168814,-0.02085401103689109,-0.06196955703030514,-0.035092389526051745,-0.04836650889835085,-0.04476686930148712
2022-11-18,3999,-0.1610552262659355,-0.17792354449034561,0.1074377722026312,0.12169163406889746,-0.056238096522075405,-0.04627035106988889,-0.003331145261502484,-0.006614235994938266,-0.04087963315350546
2022-11-21,4000,-0.2484280164524394,-0.27441832411575073,0.19281073924679992,0.12009173217010963,-0.07974838712536383,-0.01445737037725289,0.012253638822408482,0.011953473305178479,-0.045431746149194464
2022-11-22,4001,-0.3121290866681115,-0.33208716098773683,0.24582121053607223,0.12325302579087456,-0.08582350009671473,0.010094233572845477,0.01771621405544207,0.022474516493844892,-0.0451901230493466
2022-11-23,4002,-0.2591860779066443,-0.26555421513267413,0.205033728464659,0.11430264074185259,-0.07872192477832946,-0.0031312435162956266,0.0057896766799119025,0.029565292677756122,-0.04724342330099527
2022-11-25,4003,-0.24744691378729328,-0.27114694405031226,0.22551651413631543,0.11475169523519714,-0.08669448518793371,-0.009886995941100277,0.006512458029441026,-0.053027271978868085,-0.03689228521236343
2022-11-28,4004,-0.2905752278490499,-0.306512449157028,0.24118292503958388,0.10601779589854471,-0.08220287998897224,0.0077118113114063545,0.003824143798276261,-0.05062486646250673,-0.038525814570513385
2022-11-29,4005,-0.36760566519348514,-0.3755200761185245,0.29314782655379035,0.10783424383209105,-0.09105602941607692,0.04697694181521272,0.006223395725657131,-0.036106290995614104,-0.05457408392067799
2022-11-30,4006,-0.26956317084820325,-0.269575539458925,0.20156011009535602,0.11711787799792832,-0.057538787714236574,-0.009316283880880153,-0.010525458913133508,-0.03338056228768351,-0.048900967608459085
2022-12-01,4007,-0.30486065572106585,-0.31416035982250123,0.2610966826319254,0.08990554167640724,-0.04735773065318487,0.004647345073367879,0.001210626272667063,-0.029442830766293625,-0.036701789675845406
2022-12-02,4008,-0.3700114765866031,-0.3512496098246102,0.2660418791273762,0.13861238453042962,-0.03968600485568725,-0.01730252989287218,-0.009729980980915714,-0.04907657665968719,-0.034584071600141264
2022-12-05,4009,-0.4695291019195451,-0.4802021103357932,0.38808990135144683,0.11513561182918026,-0.08052418204188865,0.050028463724683205,0.028034647425756065,0.00799914574786954,-0.0073263500567791
2022-12-06,4010,-0.46188143409758364,-0.4646442601885072,0.39347443247790514,0.10552331535254446,-0.07442928370305724,0.05608207547217451,0.048294877076961035,0.025014358424573356,-0.0034950365225705875
2022-12-07,4011,-0.4285621092622583,-0.4305396843072798,0.35138484711512946,0.09071126870791242,-0.07170207697930146,0.05308414566584145,0.038045826103954204,0.022281719244443894,-0.007354385702206417
2022-12-08,4012,-0.39545287524176453,-0.41921774587845967,0.3690743870682937,0.0750805374766007,-0.07754973063316743,0.04382408796836917,0.04495874778792684,0.010585705376448888,-0.009883330382746726
2022-12-09,4013,-0.3448132068447345,-0.38101926781224016,0.34378392726537266,0.0750826586980644,-0.0806025174431292,0.04214069954704226,0.0481904728674213,0.004704898915007133,-0.004009128312292611
2022-12-12,4014,-0.22873187547193805,-0.2512941155688433,0.2028101536887048,0.07014460972696294,-0.03351596688336,-0.019502657745059337,0.022857142484335992,0.037268317184213036,-0.04677835044200664
2022-12-13,4015,-0.19520561667027925,-0.25129229946343973,0.19691455805012392,0.05034386664081861,-0.009879119506918369,-0.04070655015021724,0.0222265721322075,0.036132382777430756,-0.03455091565201299
2022-12-14,4016,-0.23842546511464796,-0.2875697132424243,0.2275798325736967,0.07675054582455165,0.010713682573028563,-0.0481354890518716,0.019326397106930928,0.035102508983486234,-0.051609658663082966
2022-12-15,4017,-0.2798933170297553,-0.33672821831531424,0.28914281586872814,0.09127815948085345,-0.01962202816484692,-0.02337580302803223,0.03488311067191146,0.05391511945871052,-0.051367529752778876
2022-12-16,4018,-0.3521583166197558,-0.39398039891678305,0.31365835815430276,0.10051574133607744,-0.011465882648542232,0.0026096623390006192,0.053759774388737344,0.058960112142062364,-0.04911755246361646
2022-12-19,4019,-0.37147332384437926,-0.41487276167964654,0.3606907375933612,0.10090074675678874,-0.02703730393656954,0.016204376319914268,0.06021462876057809,0.08337238350259077,-0.016091985209755497
2022-12-20,4020,-0.36972353802957164,-0.3863713107705261,0.30781969133782616,0.10164761220738276,0.003353460725365301,0.0033493100774400347,0.04444738271193324,0.08046451980224935,-0.03388405248156779
2022-12-21,4021,-0.3533932844998205,-0.35672478639298083,0.25315387678886236,0.10052223044079223,-0.003022887937174132,-0.011984898022121536,0.03603369036667888,0.055489794099557,-0.0422840942426902
2022-12-22,4022,-0.3667880813594095,-0.3791885342651378,0.2881748207164769,0.1063966478117874,-0.01723548085862394,-0.002042046262464584,0.047366866115348134,0.06524242491823348,-0.04362702754299696
2022-12-23,4023,-0.38466936223455334,-0.39470809065473333,0.32491163196446504,0.09594724069987826,-0.024462934732277695,0.03952090909423337,0.06339665663815094,0.08082713274320308,-0.04816058791949739
2022-12-27,4024,-0.3581725153090748,-0.3877268546943594,0.3352611128236377,0.07661254116214844,-0.03692074549939953,0.05254594670434694,0.0817086676392067,0.07056756885896176,-0.04238883589768233
2022-12-28,4025,-0.3214330810339217,-0.366089203495759,0.3196390840809124,0.07560752422232549,-0.02004209140186532,0.03192369976370747,0.05820444535509214,0.058152831976148185,-0.03542742613493967
2022-12-29,4026,-0.2996182379212077,-0.32731295208878103,0.29001496579465863,0.09221750471855181,-0.004349810516829035,0.015696099556329023,0.04480572476334259,0.04406248276116469,-0.04609621242433255
2022-12-30,4027,-0.16362202484062607,-0.19673019641226278,0.1859240315858989,0.09405704031942475,0.028410157007589813,-0.044263060414345703,-0.006052930374418837,0.017308072988252127,-0.060274001354649206
2023-01-03,4028,-0.13620156045206777,-0.2022004327706255,0.2349101041717336,0.0867588833047715,-0.017925152705982637,-0.009118667220437505,0.018062249156702667,0.02301151003808724,-0.03891964625502931
2023-01-04,4029,-0.15302628725509396,-0.2099377773619434,0.25568451163043077,0.08667240229535408,-0.016015125494842897,0.015548622940044284,0.03169958033758269,0.01726287688508882,0.08022380801820758
2023-01-05,4030,-0.16236439564382427,-0.19972082286425366,0.2329051841353704,0.05791974973360766,-0.02399552158567724,0.04652827018805345,0.031122349825507534,0.0011889827806060222,0.0710736838020763
2023-01-06,4031,-0.14042415299362926,-0.16978160867918318,0.22683242517556482,0.08792974233412329,-0.03831124364520613,0.04406509901996166,0.043183618919391834,0.011009151439021092,0.04896964203468438
2023-01-09,4032,-0.13490975659409726,-0.13182078700143898,0.20630274920847164,0.09234890672504467,-0.026636737682319497,0.024810835223305093,0.028925277743422413,0.011647167652385637,0.05499632968585624
2023-01-10,4033,-0.029423664667149386,-0.02527453787273746,0.09341412049239596,0.14738919867325678,-0.016560564109231082,-0.022329496886294566,-0.003405871353556994,-0.015835993631212995,0.012540335117318523
2023-01-11,4034,0.06412574727828568,0.0842382760026069,-0.011829755094328171,0.18822940677171893,-0.005536323885042736,-0.09304878809176594,-0.021544913143500856,-0.04596890071355068,0.006545350121224351
2023-01-12,4035,0.03218593204658523,0.06061022971377234,-0.008757075669998329,0.21754117541163637,-0.007570037975836919,-0.06131968505819712,-0.040868041742617836,-0.04128952345540141,-0.0277642136466132
2023-01-13,4036,0.06167852548763791,0.10034634430237348,-0.04519231762618644,0.21776334854738538,0.0008759984686433509,-0.07402211841898225,-0.046011920517652544,-0.037478765528252,-0.023918884394109777
2023-01-17,4037,0.05863346372337196,0.11986541815692392,-0.0959073739843096,0.23534290977066857,0.01997483937691944,-0.08809245652241474,-0.04946083264168666,-0.03659501074882653,-0.04683700218220602
2023-01-18,4038,0.03514706347589054,0.10334788796622987,-0.054098038483151624,0.22413019789544877,0.017592126767463877,-0.0734178062915683,-0.029737277192909414,-0.03190170011539293,-0.016943700054945176
2023-01-19,4039,0.05785658868543971,0.11585961369799237,-0.06885931598329927,0.2555427596681521,0.013608252172982557,-0.06804629919413166,-0.04029139913767678,-0.04524589749405066,-0.028689214302328587
2023-01-20,4040,0.13233586304425654,0.19207726170342734,-0.1417182874446309,0.24630245983548643,0.02846434918627608,-0.09649951987602966,-0.061101512665579075,-0.060059377253607625,-0.03638652918804194
2023-01-23,4041,0.1267351324164418,0.19566262196907988,-0.11944696603520033,0.23633017719307403,0.029103402504605812,-0.09856927922527044,-0.048051899950478975,-0.05971421707641024,-0.02489992650918117
2023-01-24,4042,0.11233195918873852,0.19118423208877167,-0.11328053504300936,0.27926448479086496,0.026992874194561554,-0.11981810584868517,-0.049495391209257666,-0.06124910098813494,-0.015299311824435313
2023-01-25,4043,0.12921876644400182,0.2095471220502713,-0.14190346696809053,0.27838725432205674,0.03216986282217546,-0.11451172267143249,-0.05487727825539657,-0.10134158457225262,-0.021779760747809466
2023-01-26,4044,0.14628496387571702,0.20460524385891327,-0.15455062778129572,0.25722585182361024,0.045124544309455464,-0.10026282818020338,-0.05198537826393913,-0.0838912471448604,-0.03795294905902188
2023-01-27,4045,0.21398797029093594,0.2526353816075961,-0.18229633489249686,0.2553098730183766,0.042621966931684685,-0.12038248451339437,-0.05243259678102662,-0.10352561798746535,-0.0319467598867433
2023-01-30,4046,0.219489807026831,0.26441529826984356,-0.18563111144062494,0.24778827503585507,0.03503519766213436,-0.12141564798431499,-0.055800158939827656,-0.10365718596971213,-0.030018095033918345
2023-01-31,4047,0.2117127899795862,0.25701077314699394,-0.19959712919283476,0.22955425779640695,0.021024568808868327,-0.11521241549659661,-0.053551789510083124,-0.12288019937734443,-0.027711358283703087
2023-02-01,4048,0.28871565824386547,0.31813719587680633,-0.27125375393115336,0.21087482634235089,0.02723189085736544,-0.13829771799377552,-0.06524920711817501,-0.14787686871126707,0.18595222928728175
2023-02-02,4049,0.27139805806324274,0.28811828268606515,-0.22903248638434714,0.2130647322105462,0.013149501252481469,-0.11879830437626743,-0.02459582874772531,-0.1724900983299269,0.16800168072602242
2023-02-03,4050,0.2654195570054928,0.2613484887261951,-0.21184997258703836,0.21500551013650887,-0.009715414081795664,-0.11368271097832548,-0.007138588193418438,-0.17322246368955752,0.16107633506825733
2023-02-06,4051,0.2397221768896628,0.24335875189281933,-0.23126523447125585,0.23702530816038958,-0.015660378691856873,-0.1165157364057561,-0.00516803771254639,-0.16095455702154457,0.1780637047950887
2023-02-07,4052,0.28871994897521763,0.27213495951077,-0.29031678831704916,0.22074125994156057,0.00928555257830631,-0.13737301103181432,-0.01822962219697969,-0.16447633369017436,0.21179959711381124
2023-02-08,4053,0.27691060570103326,0.25119528627555326,-0.26129443875765157,0.20896176919667045,-0.0014649399051250758,-0.10565982307908278,-0.01844751654929127,-0.15156668982485927,0.21890105326078296
2023-02-09,4054,0.21847908483253212,0.20390691998456525,-0.18908906775370327,0.2172734910172153,-0.009699486085185637,-0.08326328000647575,0.003026352665851332,-0.1356202818629571,0.2052949550925912
2023-02-10,4055,0.1720002957681616,0.1715636399555872,-0.1480085728314932,0.22675125062401374,-0.016461227434455432,-0.08189882165382065,0.008072895555633853,-0.10645630909048924,0.19414958978419264
2023-02-13,4056,0.20407428946923611,0.20357115092306663,-0.17167392162705697,0.20102767559713763,-0.016611885261403347,-0.08136626978230667,-0.0026487907036761424,-0.1232996659212515,0.20053089093421186
2023-02-14,4057,0.21282367433910612,0.20262563034779954,-0.18335436925982596,0.20007304477169732,-0.015423613673486275,-0.08078599904146365,0.00510456334103283,-0.11722507439231727,0.21484484632958506
2023-02-15,4058,0.24660499236323155,0.2511467546481258,-0.23175871459473413,0.21467284247207383,-0.019917182841971377,-0.1163378254581953,0.02132708682598263,-0.13636672746551734,0.21173369652868235
2023-02-16,4059,0.23982670185893512,0.22238893805970306,-0.18782721378133674,0.17731279801045524,-0.0355308754421071,-0.07053800800301385,0.055183214732024435,-0.13584231708569228,0.20642727264499552
2023-02-17,4060,0.22484207161218536,0.20752485921373112,-0.13824853822563535,0.1969753529897675,-0.0601700910112303,-0.072117894892168,0.06419754037918404,-0.1337683738011525,0.17757289189833575
2023-02-21,4061,0.20832944329808759,0.19696769290118282,-0.11731069468946,0.18182942224980073,-0.048869998202556844,-0.06501253615100462,0.05250447627891786,-0.11282011140494716,0.1654860465767227
2023-02-22,4062,0.254309163794035,0.26156297653550237,-0.19318563684442658,0.20715810064610696,-0.023837192200023925,-0.0972672089492907,0.08299483269170764,-0.11998494434031419,0.20335721686452715
2023-02-23,4063,0.202508790261931,0.21122670349932735,-0.1306774557912007,0.21070298695788786,-0.04456477178294525,-0.060492187032997025,0.06639415903470089,-0.09407846508953559,0.19042992002422876
2023-02-24,4064,0.2168596158480875,0.21268869182097044,-0.1461635698140395,0.21204999532739172,-0.04032195220079068,-0.05572631553120117,0.047577021492843145,-0.09754513678884734,0.20485856996432933
2023-02-27,4065,0.21690816185088338,0.23343563766222988,-0.2118069609177214,0.19663367440779606,-0.025757780984801967,-0.07645543423460224,0.05643959098382741,-0.1099274840082513,0.22914939794098557
2023-02-28,4066,0.20822825649092108,0.2216283980573302,-0.23242833190931597,0.2010632075443042,-0.034831800481493085,-0.07933979197359284,0.0012733114044645632,-0.10710536724424403,0.22638505468746742
2023-03-01,4067,0.14510021172659465,0.16501121693340615,-0.20660362715309472,0.18975484883937405,-0.025898256756928216,-0.07198017605452413,-0.0159713566180422,-0.09772562932415069,0.2231883419052724
2023-03-02,4068,0.13673450958746083,0.18314687388975814,-0.21753107177784686,0.16568915551407373,-0.021389813710716913,-0.07688555302527021,-0.010797405707203046,-0.0887837917080983,0.21163247582139327
2023-03-03,4069,0.18211159473532956,0.21618044468300648,-0.24061899184867078,0.1829672126266824,-0.013190969836195821,-0.10164183941999659,-0.012793531820482124,-0.07582670495045131,0.22593961906024998
2023-03-06,4070,0.16455599741429996,0.22588265298679733,-0.23243634923046613,0.19708732980343782,0.0046609464356426895,-0.11671202818064669,-0.020494714511865193,-0.07150898360293975,-0.0013057365152801758
2023-03-07,4071,0.11330566690063804,0.2001720327868617,-0.22175248835793243,0.16646838051317703,0.009796851368143561,-0.0787046184481029,-0.010769921183494522,-0.050489856622261665,-0.013323994182237838
2023-03-08,4072,0.09965748965203208,0.17956741630770076,-0.20178840167033868,0.14243731459864256,-0.026919685874115574,-0.04231822530065593,-0.0032741832107326756,-0.03957863507795529,-0.011916180411635977
2023-03-09,4073,0.07936577630889866,0.15896399319889717,-0.1540354371756254,0.09701299636068435,-0.04831035542097813,-0.014861965169617077,0.004634297169131745,-0.027964577070970397,0.0009154871471699294
2023-03-10,4074,0.05455602491078759,0.11842436246302511,-0.06782268522899672,0.06512707025451857,-0.06409997023304054,0.033651258423518564,0.019588367726172867,-0.036265643528145854,0.024628889396205965
2023-03-13,4075,0.11718215633671393,0.20387437121235813,-0.13702591422580784,0.09912379900430099,-0.06459508394455805,0.0032307517214322555,0.019576775919976558,-0.06559791848092661,0.050073174577126935
2023-03-14,4076,0.07436769762622199,0.12405833648670292,-0.0587448945559617,0.08002181772434333,-0.07082697567050285,0.021474844625968197,0.025566088628171946,-0.033378893021573444,0.05549760719870538
2023-03-15,4077,0.13117072718438086,0.16520017668674658,-0.07611066572180761,0.08986566565135616,-0.0565492620255619,-0.007701970684717172,0.020333094837010738,-0.06189541926850794,0.07854183515216577
2023-03-16,4078,0.12846504418349056,0.1773932778694192,-0.11191618509622352,0.07659049434652482,-0.052532549038350425,-0.0025921168047339394,-0.010004549708648183,-0.06720687708104083,0.08083985906504026
2023-03-17,4079,0.08711989439622966,0.11259182144539392,-0.03969153655251174,0.06272896115002441,-0.08299601605003672,0.023943246804904873,0.006680265106156837,-0.04218065409397059,0.0897391488870409
2023-03-20,4080,0.06470772722359977,0.1381024684803149,-0.057730590846429536,0.07002856328122668,-0.08883052908981753,0.0273634747636382,0.01770399420292792,-0.03196785128499319,0.06457099809141885
2023-03-21,4081,0.054779654590221515,0.1170097476157852,-0.061953505366961335,0.03959906159566878,-0.07066831779306026,0.021534759139451562,0.014707818040437814,-0.023880239001472865,0.05737392821774162
2023-03-22,4082,0.028903416954189454,0.08039435836656932,-0.030829977056894532,0.04385247190367862,-0.08103856577780717,0.013738180611839413,0.015400154291792388,-0.02562223473937577,0.07588329267571711
2023-03-23,4083,0.03625333062484258,0.05322106270534376,-0.01125672863371732,0.0005698265198282768,-0.08973838152000109,0.019553455245951822,0.0018316839486412714,-0.023063349099407344,0.0985768697657118
2023-03-24,4084,0.006669885051222082,0.02160901077172038,0.048858614069335,0.016115350230737877,-0.13147631408970786,0.05770352278460374,0.017077219833925197,-0.011491609921292676,0.08776647702843152
2023-03-27,4085,-0.030107537044515582,-0.014709992550289812,0.06542715877944479,-0.024020879161344107,-0.12266529073986811,0.06718371254429059,0.014858501300335104,0.04120069862202476,0.07267667813011477
2023-03-28,4086,-0.00023480598062518336,0.015173418275369131,0.04890381301857235,0.004850097139971333,-0.12975761100870228,0.07645884651618479,0.025252682307059574,0.041110148795392584,0.06391662085311256
2023-03-29,4087,0.0646737567562232,0.10841032439601336,-0.020656267820435767,0.042349956733469155,-0.08657036328234542,0.019610478871684517,0.019877767642991095,0.025237597579618846,0.055551831569390385
2023-03-30,4088,0.04218746820163547,0.07873449716941903,0.018991758876477836,0.027054981181941145,-0.0768008505452679,0.03311444153843831,0.03285920032220614,0.0329420814588226,0.04414380141690542
2023-03-31,4089,0.031702736230312625,0.09670508345964335,0.0034888765916105406,-0.005439846436521097,-0.07052887914521902,0.0474556379137533,0.033441864226459624,0.02720897265816986,0.002875742204086418
2023-04-03,4090,-0.0020297279687657615,0.06639739346427827,0.009294981173595895,-0.030021237936658646,-0.0928313166192901,0.09180119499773588,0.04701590324361107,0.04000509310934957,0.06915262744560287
2023-04-04,4091,0.02710977346444145,0.029090562949499393,0.07997155948069465,-0.04470191561873501,-0.07067499594688952,0.08092451778986914,0.04784721995633332,0.039933725782135505,0.07247677800621025
2023-04-05,4092,0.019907456313952708,-0.03663106765121222,0.15257170028291642,-0.040695264012704464,-0.05891987154882625,0.0777144952832476,0.06067713942190844,0.05428185612559501,0.05433311611389183
2023-04-06,4093,0.04774148374625078,-0.0028897191481644354,0.12930545309439437,-0.02993957762161274,-0.06389972179819402,0.07713028637320266,0.06295824697208312,0.04360897730307752,0.06767005634580323
2023-04-10,4094,0.03937616373387933,-0.03452659155385747,0.1500600013257384,-0.0575303864461485,-0.05942055972106085,0.08684378151248766,0.06556981756157243,0.051056072543625965,0.0466874996001126
2023-04-11,4095,0.07004165511378613,-0.020585438191522292,0.12150251028017119,-0.07762379301666437,-0.021504371093754727,0.057828496516929805,0.045522785088880455,0.05136003196009503,0.01697407993803565
2023-04-12,4096,0.043780957654041865,-0.05127293768332392,0.1441977941759931,-0.0798032183643595,-0.037192976958957534,0.07501044580707418,0.048807043009817384,0.0563389098336626,0.009859884974432609
2023-04-13,4097,0.07232062160268873,-0.00039731830306015555,0.0978325538046685,-0.05338132320189443,-0.03141443135920403,0.06032698032287673,0.04599807368090874,0.040440223826429735,0.008003795944804715
2023-04-14,4098,0.02844348763344045,-0.05383841171707037,0.14367232892173903,-0.08247565738197549,-0.03163730321161965,0.08036363784914921,0.060276189575886395,0.05578829191350112,-0.0011259562897069115
2023-04-17,4099,0.02894888871387099,-0.038334172255299934,0.15748292228486238,-0.05271116989781695,-0.028880328256728406,0.06164384707648543,0.057625280946438956,0.05561874885675807,-0.006121923027487899
2023-04-18,4100,0.011175805992666018,-0.058602116587370426,0.1540838560927659,-0.050846632922804114,-0.03858656290781326,0.07922886856055078,0.057118402385707395,0.06819124837645933,-0.00329388079989137
2023-04-19,4101,-0.003520001055748715,-0.07505191701858946,0.15785675992206913,-0.018686879924543418,-0.04367660419713936,0.06725846231562758,0.05705318887185157,0.05298562023105327,0.004628217228503373
2023-04-20,4102,-0.030794882411163557,-0.09408499455999056,0.157450883159189,-0.0397837756070574,-0.054436115611539306,0.07183218253916629,0.06333495620996187,0.03750056894670122,-0.006565767970807989
2023-04-21,4103,-0.008344111329901741,-0.07877338457456014,0.1552626367659197,-0.03322858769657616,-0.049592332916841064,0.057807102966547806,0.05246796697372502,0.012557680635933587,-0.0058356435405672764
2023-04-24,4104,0.0009297774955091736,-0.08273000579530272,0.15789201714344966,-0.03914122951640813,-0.044658476847249294,0.06399088215959518,0.06741671881518528,0.012360749764482584,-0.01683757146389754
2023-04-25,4105,0.007649436574038959,-0.0914286542661103,0.17193241353130118,0.007762425543083191,-0.05134063449939459,0.05646570528276631,0.07513338737743913,0.014095903389316086,0.0036810884934189115
2023-04-26,4106,0.0010182460959172596,-0.07665646941382384,0.16563519177894095,0.028922648115701527,-0.051842843060634074,0.04414452314293379,0.07300410408111603,0.005009790488690947,0.009954678232200632
2023-04-27,4107,0.0029853619027719828,-0.0893765464714685,0.16965318654512837,0.036286963958690806,-0.05636745114197442,0.04018429636154052,0.04485712005150998,-0.002880087678303261,0.005570206434676646
2023-04-28,4108,0.012219277362619076,-0.08255274505518592,0.16353161994128876,0.05107121339041046,-0.052909714243679254,0.03474748604229646,0.057776190948272785,0.002398368079555898,0.002608995953622925
2023-05-01,4109,-0.035684083529281777,-0.11221134451417335,0.1860551581404968,0.04686743420763543,-0.06357165697451267,0.03568143004250391,0.04641383827640326,0.010983955694527814,0.006717651527131471
2023-05-02,4110,-0.0686140122469614,-0.18509198713574315,0.23997202831405665,0.022844599939687536,-0.06557585186941185,0.04749375009482522,0.01978148604139507,0.01895886304921003,-0.0035071733328080326
2023-05-03,4111,-0.07412665108369423,-0.17471989236310473,0.23074035314665597,0.01375612946990129,-0.05004646012768415,0.0216885848508356,-0.0010001074731931718,-0.00853397604983485,-0.010045324826904307
2023-05-04,4112,-0.09981708022419072,-0.19281568940758312,0.22523140711648376,0.03390523109690969,-0.044330829924378735,-0.00024383786900609173,-0.05091729127958396,-0.030741805583624854,-0.10666869751068102
2023-05-05,4113,-0.1223677996251621,-0.15447109432561523,0.19616201132756714,0.04160827804203106,-0.05178756105735557,0.009058607893846762,-0.016704201222429486,-0.033264320075203614,-0.09069520112916207
2023-05-08,4114,-0.13853110550605444,-0.17446907307090287,0.19293824614267668,0.022474937210322777,-0.038416504703660995,-0.017731673860471215,-0.015152647144676054,-0.04499077099865817,-0.09841140036702628
2023-05-09,4115,-0.14527353251902164,-0.20230568334402682,0.19384544582370683,0.016130065484268274,-0.04581965584024688,-0.035674235561748376,-0.024524137936976602,-0.05989124049370031,-0.11127169809782639
2023-05-10,4116,-0.14324692725703236,-0.2336027722475678,0.252273664816984,-0.00036473024862745284,-0.04459451966731714,-0.033132017240834186,0.018762391813018142,-0.03389066040504679,-0.11532477032081985
2023-05-11,4117,-0.1654780675706579,-0.2578282463030322,0.26586988640017617,0.010664084192244907,-0.05315209531743586,-0.020685726807592782,-0.0009062268844145102,-0.020827784740978825,-0.10571494671226875
2023-05-12,4118,-0.16385452765891997,-0.28818649761787796,0.29456943270743735,0.006778027934922951,-0.05132971652358929,-0.00741222940582168,0.020607316796417075,-0.012042380637956587,-0.09852122625752291
2023-05-15,4119,-0.14852442228929452,-0.24964951938852128,0.27382010532907874,0.011388777177589675,-0.03580438502061035,-0.010796004929157856,0.019128697019269985,-0.026681883401735912,-0.09956978783726692
2023-05-16,4120,-0.16207512164396226,-0.22473071580411286,0.24599321201306737,0.01961092606271307,-0.03950467603969547,-0.0030627817103313407,0.010391705259720043,-0.023712308164750617,-0.09032026265100443
2023-05-17,4121,-0.106931053557431,-0.15964219294787335,0.23633327403698098,0.02171874460707923,-0.04716223632345161,0.010403789386472437,0.015840051658136105,-0.019517672932150707,-0.07747741065503086
2023-05-18,4122,-0.13457180918423828,-0.1771913227972683,0.26170570627280887,0.0005064485076559693,-0.04179178769842997,0.011446519321807179,0.02365906526206873,-0.01228321914868957,-0.06221776938646496
2023-05-19,4123,-0.19290217103462703,-0.24731371883588757,0.28358829569296895,-0.011995041189746258,-0.024579666640605652,0.0037824377115345345,0.018167862156029262,-0.0019174180768359854,-0.06796269049120378
2023-05-22,4124,-0.14385238786620494,-0.16252327759857255,0.17717580920176695,-0.00048763263501523587,0.017402370267585374,-0.06463942687548323,-0.0056176636782680955,-0.04070804521746669,-0.09476932707679381
2023-05-23,4125,-0.11576559101189,-0.13415488184914276,0.16120515229225085,0.007261032852204886,0.0021222509278792903,-0.04866312324179094,-0.0073094659757469566,-0.06523762267335573,-0.09430497931925778
2023-05-24,4126,-0.18653564707243553,-0.19833962295937527,0.16198889987122847,-0.02356565066173012,0.038703610166020336,-0.07391710163194606,-0.011284770054454827,-0.06952202070708888,-0.10382396203539475
2023-05-25,4127,-0.18743925758120658,-0.19911430722695397,0.1907018609659749,0.0008364573625070267,0.015236257915300328,-0.042116617185618925,0.004423566697218937,-0.06287198868932055,-0.08725886684949453
2023-05-26,4128,-0.22094323441380154,-0.24288879913018832,0.18550510283899585,-0.029253392409045304,0.013448239978706884,-0.045704621604241186,0.006671772749936252,-0.05000293961619001,-0.09971415638286735
2023-05-30,4129,-0.19679187622613054,-0.1998686747062616,0.18153076455229006,0.012595369241685203,0.014514492739431197,-0.08560681360886203,0.004383692853745671,-0.06891998506794741,-0.12376049173305427
2023-05-31,4130,-0.20076982862519208,-0.23142278417840645,0.22797127894679534,0.020911909352608716,0.027510223701857295,-0.08619597317411784,0.0072724068958911585,-0.05609823069320856,-0.13217659476445465
2023-06-01,4131,-0.21890587856873764,-0.222572163433525,0.23241563221023212,0.033253901724630254,0.01122677899436032,-0.0745411248445369,0.008133442286206664,-0.04386456110246391,-0.13514072688294362
2023-06-02,4132,-0.18937991244397093,-0.14565258679558518,0.2249917528740294,0.055045229959739574,-0.0006218325999577026,-0.07132031317489747,0.012912672053614621,-0.06542984683404644,-0.12610095453915054
2023-06-05,4133,-0.20300992069438595,-0.1639325296284512,0.17540390692261973,0.048601167564133525,0.04893215265464771,-0.12293708204169784,-0.004562112476975131,-0.068974439461713,-0.043850356454718444
2023-06-06,4134,-0.13066572180193803,-0.0771273610329075,0.07756070237938249,0.08628831198622805,0.05430804548605633,-0.1384088423878214,-0.023412478890108536,-0.08559132170963224,-0.031076605094982456
2023-06-07,4135,-0.12418124677883718,-0.05227276290455099,0.0835974431479724,0.09459182999013674,0.019293436502756802,-0.113758702780273,-0.010473831954195219,-0.08868404331684886,-0.007278867340651571
2023-06-08,4136,-0.1412474602024287,-0.04592932854904177,0.04156076698634403,0.08725579471142973,0.04677715852604544,-0.16236892392965493,-0.03410558973089484,-0.07859443533485094,-0.015639254975366286
2023-06-09,4137,-0.14829869665586748,-0.057939836053316665,0.04693113794123753,0.06765134538828126,0.0634184733767758,-0.16568538349579987,-0.02974349329118414,-0.0646126691272938,-0.039343850681452415
2023-06-12,4138,-0.10646731051570187,-0.03532497061551344,-0.030796323881606823,0.05066039097395694,0.0778915753992544,-0.19140421985183376,-0.06274961087297941,-0.04023245246466213,-0.04643787849933212
2023-06-13,4139,-0.08011434384018588,-0.006135755803024159,-0.0740325376144369,0.08425434326932044,0.07105149173336177,-0.20529055333904325,-0.06849252518932825,-0.061254689234419346,-0.033192565028084584
2023-06-14,4140,-0.1244713590273256,-0.06016775256750358,-0.02532491365323514,0.05050000555960981,0.06343100613166906,-0.18915745776281181,-0.055174880847363786,-0.02921405159507015,-0.04990972615138018
2023-06-15,4141,-0.07317804065930125,0.0020915801279032032,-0.06249136800267834,0.075913216838275,0.0705426216616035,-0.20569910250358536,-0.06113487812468647,-0.04409954072473294,-0.0326389808789933
2023-06-16,4142,-0.026976931777751813,0.016317482549046105,-0.03441570393266301,0.10330982163691509,0.05848782840171303,-0.19294621523675037,-0.04717405927083262,-0.0332251641115888,-0.024841185712353168
2023-06-20,4143,-0.05113081476031188,0.0006399739101655907,-0.06186499458966866,0.09961479483934711,0.06969476409272014,-0.20449462750405864,-0.05422126989442409,-0.0404926210385251,-0.04156962334912854
2023-06-21,4144,-0.09894235551687013,-0.0431439769426432,-0.04309039828321517,0.08555273244679285,0.05343779679034208,-0.1984149033996566,-0.05125952463089928,-0.03993106410418884,-0.062339998121840295
2023-06-22,4145,-0.10611930256391118,-0.06701407045236649,-0.014043159781810597,0.05678171737711243,0.07428597380695133,-0.1830315454452466,-0.045879658690126064,-0.014548001695725355,-0.0845629804248377
2023-06-23,4146,-0.06268277687706962,-0.046745518499172224,-0.012957097266420012,0.05151470259842133,0.05849274482133155,-0.15051802041790852,-0.041362815594439606,-0.023578238531025024,-0.07275184963843885
2023-06-26,4147,0.014330715026545062,-0.0017401843682530813,-0.007874719745332692,0.06629010435652688,0.03368347870987144,-0.12617707479749454,-0.042813313239788625,-0.020545490508322297,-0.06364319301131112
2023-06-27,4148,0.019397113305277706,0.0013429843441013823,-0.011278332275485088,0.050771568555531194,0.0285693677890632,-0.10922907406782534,-0.03751257831009139,-0.04350453963963884,-0.06370973411081492
2023-06-28,4149,-0.005582221589854773,0.0067094743978029165,-0.11175981467273059,0.02834009191755381,0.07671605043049622,-0.15626518106352613,-0.07340072292471861,-0.058142885654640396,-0.07185917965798451
2023-06-29,4150,0.0024049571698899403,0.03445267359376423,-0.12384462992813715,0.03135334263275405,0.05618496945973893,-0.13006597808978299,-0.06741906273899392,-0.06956092710216775,-0.06583616357292857
2023-06-30,4151,-0.029484809963975935,0.018918391389041462,-0.11823054444410373,0.01832660509798452,0.07358188796142057,-0.14643897067283523,-0.0733505701518749,-0.05864765961466714,-0.07434736612462702
2023-07-03,4152,0.009159607071934535,0.04885556823584938,-0.08842891919582875,0.03918095982518019,0.06293982859680093,-0.1376676116409184,-0.05690895191165579,-0.060911234303732624,-0.04260624803582449
2023-07-05,4153,0.01737065404480097,0.038433662138658245,-0.05106564847204859,0.06282246720755445,0.05845473735364149,-0.13141284088823468,-0.04569782565995458,-0.04922058589330585,-0.031835908189689115
2023-07-06,4154,0.030966059419357348,0.02744371991917395,-0.02599638556927486,0.06893682157977205,0.05599642619829064,-0.11430356983654323,-0.028133798481890303,-0.055056728704117965,-0.028907200191646273
2023-07-07,4155,0.06833606565519798,0.05828044761646686,-0.03505614478133723,0.08026740101207516,0.06594322837325682,-0.1141998790849662,-0.0186077285596883,-0.05730240741634862,-0.01805810511540405
2023-07-10,4156,0.062111656813678945,0.05586834753028215,-0.08942520231647633,0.06708416533869803,0.054793807975601044,-0.1122485210461109,-0.041198692183295596,-0.10556702005026679,-0.012902612926361067
2023-07-11,4157,0.11573446697249189,0.11794989270391767,-0.14253113908965753,0.07884126205377877,0.06671375510118005,-0.12719310435713915,-0.06033673234393338,-0.11596300403910736,0.005438115451755565
2023-07-12,4158,0.11018732357593655,0.1233907138284058,-0.17549544899516614,0.060441250981973296,0.06551226264692406,-0.11921097837073658,-0.06749481798978373,-0.12506912843440032,0.01475566747026587
2023-07-13,4159,0.10185530445861224,0.1173834974473946,-0.19114017670326497,0.05886218427344097,0.062534090403494,-0.1292952967524511,-0.07627000270103962,-0.11946128109577948,0.026309676444665857
2023-07-14,4160,0.0727225947505717,0.0934860754526296,-0.15270281810334918,0.039873732395179357,0.047266262092284614,-0.12479514975624195,-0.06557723704723659,-0.11399897444633228,0.013275526699079714
2023-07-17,4161,0.04097497554507128,0.06778840894936806,-0.19764053918076416,0.03454633976009709,0.0608200287149335,-0.14634778163441037,-0.09379008888617059,-0.12105770912981723,-0.00045578324503122716
2023-07-18,4162,0.07266073649036112,0.11034635642664034,-0.26219334015429446,0.05140115953469099,0.05879567953172959,-0.1438163495831994,-0.10735933760784726,-0.14095004930981214,0.003029604343770572
2023-07-19,4163,0.094857675770532,0.13365569279502143,-0.2393036208625517,0.07018968782173572,0.05652596722563293,-0.14422290478078378,-0.09487495968676002,-0.14315705051274194,0.009762315078024374
2023-07-20,4164,0.09359879074852956,0.14750912492691767,-0.23610625405471938,0.06477937974288248,0.0526513380999068,-0.13232953323834123,-0.09709494362469805,-0.14777374725762785,0.0047285528444921685
2023-07-21,4165,0.1431543556870471,0.18636930434935364,-0.23881291668028193,0.07692252597642739,0.051655249489331805,-0.15358146810586332,-0.09604665366090677,-0.1555937684387655,-0.0018134639985959364
2023-07-24,4166,0.1691767903385278,0.20561252892662812,-0.24738992670140528,0.08721546513281603,0.03315854386526432,-0.14392395113853246,-0.0962614831043072,-0.15200387084015352,0.015456078066424902
2023-07-25,4167,0.14994758288124976,0.20336636929517093,-0.27614417726822815,0.07910905527690425,0.027904306813633695,-0.1468705247820186,-0.09325674232479934,-0.1609995112991782,-0.005360490567359933
2023-07-26,4168,0.17287199202181738,0.22642345349458523,-0.3411467524510707,0.09378894721112192,0.044582037097696606,-0.17201605461193967,-0.07976283200262968,-0.1485382130405769,-0.007617815771886601
2023-07-27,4169,0.14624739713898588,0.2266383156589493,-0.33400859808651956,0.0957210417934142,0.03745849523064194,-0.15121570337618195,-0.02066202859049417,-0.14867178410108525,-0.012929065521256698
2023-07-28,4170,0.145599699443557,0.22062590006145352,-0.3819755955571018,0.10885300039119593,0.06980436939014528,-0.190939042697356,-0.004646322251511579,-0.16317318432191225,-0.029498006974539602
2023-07-31,4171,0.17267328288546085,0.22967438479244637,-0.3909774133850954,0.11231830369958065,0.07197143530015451,-0.19713435696661225,0.0035605157763618227,-0.16052184097942906,-0.01796106812171406
2023-08-01,4172,0.1516944180551071,0.23242476171275608,-0.33617519775605065,0.1174251187873977,0.05143093298636854,-0.1766627271997696,0.02811395832096614,-0.12672208453340486,-0.016235750374370136
2023-08-02,4173,0.18386590731758204,0.2848492246359866,-0.30315819585246195,0.15545598516455936,0.025301507651068547,-0.18020041485265464,0.07428834708405097,-0.1378587577929454,-0.0013833569495703777
2023-08-03,4174,0.17979976793842173,0.28568702799074824,-0.30967376694782744,0.14161981108220814,0.028851117112190957,-0.1707219108306458,0.08537014817099466,-0.1450874017353451,-0.004960952973130101
2023-08-04,4175,0.23126378585730858,0.3201782988929624,-0.3107443471542538,0.18890092936466832,0.017482723350198227,-0.18431652523746078,0.06640171678697067,-0.16805124627560544,-0.016204046978195125
2023-08-07,4176,0.21681011682495566,0.2784906529386051,-0.2880453313166191,0.17297282156174687,-0.0012007302829970883,-0.15621101782944105,0.03908931060541513,-0.15336745349900366,-0.007818332755921704
2023-08-08,4177,0.23663436473271074,0.32084729708613163,-0.3324316758026678,0.18784938301051227,0.02310455968078023,-0.1667933900803973,-0.011704189384918814,-0.1688656111253945,-0.015404105331141548
2023-08-09,4178,0.2266574734234076,0.31486386725366405,-0.2980687961643851,0.147071287328556,0.012948310329056136,-0.1449218489085828,-0.02997098176769165,-0.15434040248507389,-0.011031672738832028
2023-08-10,4179,0.21653502902088345,0.3102321166070508,-0.2665348508986086,0.15574931540815945,-0.0005658132684518315,-0.12860264230436375,-0.050429144209792484,-0.16283609426240186,-0.012166997941394904
2023-08-11,4180,0.2310871028008333,0.33095144140983646,-0.2854603354908029,0.16893354146607242,0.009427613331883512,-0.15198184201597303,-0.06098747910576609,-0.17160149700922123,-0.01576303534339582
2023-08-14,4181,0.19115114859799964,0.3069821143362409,-0.2679780150275724,0.1386225986415077,0.01590293029532295,-0.1572904545550752,-0.07550080263938165,-0.1591226382327873,-0.014148170443451688
2023-08-15,4182,0.17568645117601028,0.2976998732552238,-0.27096055865037943,0.10831103922332823,0.020933334940467008,-0.16929637105413753,-0.07871308537409565,-0.16859578935300365,-0.020429744963823993
2023-08-16,4183,0.19129989542426099,0.32865123645701716,-0.280492054583021,0.10634663932815064,0.025659020034697787,-0.17944274169226723,-0.08321296379740159,-0.17455960448492364,0.0011063613600169222
2023-08-17,4184,0.21771040416310147,0.36825018270372206,-0.2802563355714223,0.11518464851720564,-0.0005691240816830563,-0.1607167075703065,-0.09281485560013619,-0.1607705431608585,-0.009644645847539629
2023-08-18,4185,0.18224263110198388,0.3474073137141386,-0.2837890922247679,0.11557209035407331,0.002264962563495968,-0.17534053760309778,-0.08828828344557418,-0.1654184320933515,-0.01653517776621776
2023-08-21,4186,0.14599616313299266,0.3307715507222255,-0.27078343929896487,0.10271594949507618,0.022805259468551043,-0.2013936185891488,-0.08272233494396178,-0.15646182424138025,-0.0003343778648723898
2023-08-22,4187,0.11882565662170758,0.3151918138606536,-0.2780336070037731,0.10314642835244525,0.021981079443511808,-0.2147568026454047,-0.08939950620863464,-0.1572917018847877,0.012252674387303184
2023-08-23,4188,0.09319290251736095,0.3061594547123904,-0.31579164086096273,0.10940214608154568,0.02811887316222583,-0.22640506319665873,-0.08866759059276541,-0.15853804181556597,0.03979116082793726
2023-08-24,4189,0.1259029547394945,0.33584268247999377,-0.2990764196285857,0.16100341715352917,-0.0019285530594169492,-0.21060787969974418,-0.09718428012013142,-0.16024678171583503,0.015912680484180937
2023-08-25,4190,0.16280608887829573,0.3608335685331708,-0.3122751933742166,0.153002823240908,0.014481702509911952,-0.23166364827241204,-0.10231380173620301,-0.15452231833134775,0.0289375188756149
2023-08-28,4191,0.17147984535711921,0.3422809410763581,-0.2818419120149852,0.16070332283206404,-0.025605895270785585,-0.18817098696501203,-0.0874633077524639,-0.16617584183088205,0.01617388357585869
2023-08-29,4192,0.11638661319855922,0.33096645595039587,-0.35022876038953,0.1285585469978536,0.021464982102385646,-0.21461993281192018,-0.09275917290068106,-0.1606386288858901,0.05252642015069124
2023-08-30,4193,0.07876808476137717,0.295906209383877,-0.37486063351694476,0.07172933681704642,0.0607747861909629,-0.22400503601034882,-0.08674382335359634,-0.13477569532712932,0.07532552766532842
2023-08-31,4194,0.1371124466608,0.3237950733364754,-0.39407460442026643,0.09413603861616389,0.05434820477524537,-0.23175090875548723,-0.08468872167418998,-0.1424358044239981,0.07008716932576352
2023-09-01,4195,0.1392276730082457,0.3101116011013672,-0.3889303925045744,0.09233351078101697,0.047118162467854594,-0.23205616132557313,-0.08149856466813005,-0.14204190175130613,0.05909079770196804
2023-09-05,4196,0.14477772128482932,0.31497508662522644,-0.39090872456141296,0.08792621531172908,0.07665409084099725,-0.22778348349622785,-0.07864902126132002,-0.13005921421018013,0.08031810339424998
2023-09-06,4197,0.1689864217695218,0.31430325010273613,-0.3719346833230714,0.07202514428642859,0.08738432272957139,-0.21892855945001108,-0.07048826655799485,-0.12279711273329476,0.0908614390991848
2023-09-07,4198,0.12684880099318743,0.25726697892733724,-0.32007482022700373,0.031608009189719614,0.09427476497263036,-0.21131954791138932,-0.06273531390079949,-0.09825906999622318,0.09948875436470701
2023-09-08,4199,0.1284673151518732,0.20580976015383434,-0.2544508339961214,0.031514337526088544,0.07888978857678003,-0.17164311202994958,-0.04132913218250756,-0.07129077001073461,0.08246851379453846
2023-09-11,4200,0.15357952815461842,0.221952482527364,-0.28331450308092565,0.06459536287527685,0.08298129300037436,-0.2057888718352177,-0.056894523917923316,-0.0997943467591935,0.09296190177195733
2023-09-12,4201,0.17686376417372215,0.22204812616015662,-0.23717932289151353,0.10037819088206458,0.060461867556405674,-0.16982818708609157,-0.018996472110431952,-0.15154805768979548,0.07315411830730102
2023-09-13,4202,0.19957399125115596,0.24589064179096515,-0.2393888343846557,0.10023895265249706,0.06421432137667657,-0.1699190274400354,-0.02043752755673684,-0.15921169822965714,0.07425822947034103
2023-09-14,4203,0.2333841525073368,0.3017636720330974,-0.28972094855429137,0.1170380973655598,0.07821785308664804,-0.19761471725443347,-0.04052968379819153,-0.1965401111291664,0.09195951124170534
2023-09-15,4204,0.2820528586607532,0.306635781386225,-0.2638864033772077,0.15487428550377638,0.06442067776652556,-0.20785770959841074,-0.03186384700266588,-0.20037869268296066,0.08643434717423432
2023-09-18,4205,0.2616510480626609,0.28101707698832745,-0.2348889192777534,0.1407949477313125,0.05569127664574534,-0.18401845024832558,-0.02056114533714144,-0.17959702398049174,0.08340526965611501
2023-09-19,4206,0.19735468210083348,0.1958583005037505,-0.1345617220394002,0.10837968213682761,0.05221324130223448,-0.14349839674679862,0.012878562114244292,-0.11732594635897402,0.09009372467430272
2023-09-20,4207,0.15256331391883707,0.09992686241990782,-0.04040215063917473,0.09579862885770334,0.04725023922244028,-0.10831745685118771,0.04181625619326707,-0.08450873022999018,0.07957928342036241
2023-09-21,4208,0.15400778571512325,0.1467789546836846,-0.11948620183462103,0.08114457365377789,0.06842553701478757,-0.12031364716853572,-0.001513690108456699,-0.12747252805698303,0.09307074630275453
2023-09-22,4209,0.12057950229361744,0.07210680624267458,-0.033259914967351416,0.05938196627942912,0.047927272715940335,-0.08899886471257966,0.028420425992301213,-0.08937370257540715,0.07526654553379684
2023-09-25,4210,0.11845062934035859,0.04491842427586019,-0.006426296073287613,0.05807911165467461,0.032676069547759645,-0.06600260999118815,0.040406830758429435,-0.08336889569832492,0.05583323307248902
2023-09-26,4211,0.12486245614918765,0.09377199299972351,-0.07743319174992032,0.07264365938921782,0.05369330704826456,-0.0925930559785817,0.02773111348693428,-0.125735828384688,0.06784492582692597
2023-09-27,4212,0.08870021263808259,0.06499989847505917,-0.08814894028177885,0.048379947450444806,0.05580442700615332,-0.08391218828112765,0.022829048647755017,-0.1088005848372155,0.07324062607601263
2023-09-28,4213,0.07757187287456396,0.06470918076700133,-0.09502855432538668,0.02543476478930308,0.04767594978398098,-0.060293475015261194,0.03168839940834128,-0.10869471432222062,0.062282488176893185
2023-09-29,4214,0.12785711921621426,0.115996279228833,-0.11862704613600591,0.03561209960824118,0.04574524890687662,-0.06906347673320727,0.01998428319415959,-0.1143977761883151,0.06807403785012368
2023-10-02,4215,0.05558484331856217,0.037515005960745064,-0.06360423849873365,-0.030330987305133842,0.02994218497952656,-0.02707038459744208,0.02651329990980285,-0.0837394916400083,0.052004839050092254
2023-10-03,4216,0.05661777339552088,-0.004140036515297605,0.00501107409932425,-0.033356712383053835,0.014372830713062437,-0.01574982395003538,0.05112255549532176,-0.0561163992035986,0.04340028314437125
2023-10-04,4217,0.06484228276060791,0.028370133708507002,-0.020186540380016244,-0.03557101708502673,0.013545692257455444,-0.02406175451931561,0.02723625339632589,-0.07023737672843536,-0.0016041650118952494
2023-10-05,4218,0.025659366056639425,-0.06411239582759921,0.06477126495450079,-0.033168644425337096,0.011816400816935009,0.0006274417915754603,0.0481560022285381,-0.03985167520881243,0.019629768774157817
2023-10-06,4219,-0.002948989090427158,-0.11102062928511788,0.07695716139737471,-0.053422374470964776,0.020695234534550078,0.011060094149149696,0.06210014806672669,-0.009674995599991345,0.04693128064783298
2023-10-09,4220,0.011345671788467848,-0.09388723183884433,0.04566094238662729,-0.05542858111653901,0.010361791177359697,0.03163100199031371,0.05782406274885456,-0.02067378413101464,0.03262273955640664
2023-10-10,4221,-1.9585543350030394e-05,-0.09149752021245441,0.009052168310706894,-0.045354734314895506,0.026726503511798186,0.012704461091277031,0.042310298127334646,-0.03308058676471103,0.04004215467467798
2023-10-11,4222,-0.03964639956581884,-0.1582086748337673,0.05909538935893104,-0.05499733850645832,0.020341701434928985,0.03772373213774161,0.05578209194340127,0.007677125219363545,0.0426049643094856
2023-10-12,4223,-0.041877408607258935,-0.2248324884129591,0.13285584715194074,-0.04370216923049949,-0.002785406269342156,0.07182414046587103,0.07745454402830805,0.03997008093718522,0.06922562879806077
2023-10-13,4224,-0.009560621633608518,-0.2031255677031094,0.1205541025146461,-0.024005644273832144,0.012864911640298375,0.05464003088177683,0.0751594385899225,0.024789365564502244,0.1022913289160386
2023-10-16,4225,0.030688899639364598,-0.15725167723400976,0.09733532759423684,-0.02327400562850825,0.00885904422959385,0.05778710401571083,0.059884750971086365,0.016560232815027665,0.1063961240640925
2023-10-17,4226,-0.01337502751896191,-0.22295603264410704,0.13526264786951997,-0.05602483785605687,0.004792923952677458,0.08557040333372676,0.06367341488907238,0.0546651681029647,0.10641218272134503
2023-10-18,4227,-0.048061430540093576,-0.3277388276631418,0.21144128350693608,-0.08719463058906235,0.01723991129524794,0.1050083198877245,0.06248282990345114,0.1088424296032356,0.14476290053686555
2023-10-19,4228,-0.03071037601777184,-0.323175988291539,0.22556213142978798,-0.0789984902495045,0.013701675284661067,0.10505449862960153,0.06189456114900281,0.11385834077902847,0.15947444249875503
2023-10-20,4229,-0.0010565994630222792,-0.30538260972391124,0.22681437802072793,-0.08454566842775277,0.005772729323328629,0.10735359938652399,0.06316126194454616,0.10935347567087214,0.15701318300893877
2023-10-23,4230,-0.026465814715024058,-0.33410437273437615,0.2548507701105009,-0.09118591497340947,0.002905877172711044,0.11738140055750096,0.07365455175241173,0.1304558952635586,0.16577816963674458
2023-10-24,4231,-0.022949677135381177,-0.30248485824790877,0.2101095031531754,-0.0713939320351706,0.025516321120645783,0.07826665589793526,0.05003316570902666,0.1210540008320083,0.16841594431313342
2023-10-25,4232,-0.01926452274030418,-0.35326471666230663,0.27768393101377253,-0.04903829093305335,-0.009039046531114885,0.11423119776812013,0.05352830448849742,0.1345283526271876,0.17679769557040542
2023-10-26,4233,-0.04290790768769617,-0.34980669865532826,0.2938743214448656,-0.04518900605522152,-0.0256013370878744,0.12969550235210717,0.01060497125767823,0.14505306063596501,0.1749281234526962
2023-10-27,4234,-0.06097645593848341,-0.38218450537958276,0.3296460781729153,-0.07499796701790588,-0.025617567901741745,0.16267107780484957,-0.015445487929099042,0.16644456049283762,0.17928977163400445
2023-10-30,4235,-0.04719820467040521,-0.38462743545219097,0.3451746766082226,-0.07272021150037603,-0.03236458906318785,0.1773034691180214,-0.015113379644870889,0.17083106634785303,0.17640241862832637
2023-10-31,4236,-0.07566498276477161,-0.4021356628782664,0.3475516289217533,-0.06584484723295918,-0.030315998196044445,0.16140976540719523,-0.027413289524468705,0.16847832745809388,0.18371677802898037
2023-11-01,4237,-0.10028150875870112,-0.3724229278482982,0.3097515580760603,-0.040507760246122716,-0.01856631849638837,0.12332470629599915,-0.030957373493558312,0.1416817533123173,0.16962637242428652
2023-11-02,4238,-0.06482934641335569,-0.32031338007449056,0.2760569691025272,-0.01665194626541419,-0.01598320913177025,0.10246618246434773,-0.048236698946815364,0.11259583085465677,0.16594316305212434
2023-11-03,4239,-0.02701876504219998,-0.21671622962853568,0.20305710134225874,-0.029073692543819616,0.008423054256397633,0.06615935779011468,-0.006351889975871088,0.05895584142059714,0.01927315024357581
2023-11-06,4240,-0.0652466195808171,-0.273123927035793,0.2580531837536284,-0.08162915008202311,0.002878008032843745,0.1032793820501293,-0.012596847898804223,0.09771261164302673,0.019774565801638676
2023-11-07,4241,-0.09547645148649644,-0.25970685454921627,0.2214512617083235,-0.0883135000035078,0.0077144874680529505,0.0770518145222493,0.019604260697347064,0.0663589688763595,0.03268451472140947
2023-11-08,4242,-0.11852416863404745,-0.314033642691576,0.2915458524219733,-0.08807217919877523,-0.018776552341359914,0.12631771761051128,0.03654688072853063,0.11417113806843421,0.04585171230560285
2023-11-09,4243,-0.1285967468691477,-0.35967693490815583,0.33888406667312937,-0.08559041509832406,-0.038577576980487145,0.16507422799551613,0.06382629352356112,0.13171671023951984,0.037444906125132044
2023-11-10,4244,-0.15803680122929514,-0.3686302231349528,0.3491606065565422,-0.10780577242975942,-0.028204925329643294,0.1767037657593416,0.07591805914496559,0.12948682742319234,0.03637880763972912
2023-11-13,4245,-0.1599750939915943,-0.2880500664622136,0.2570561951297995,-0.057678178930568993,-0.019178673138340877,0.11848402296374025,0.051460383413933185,0.07481691152649105,0.04055689063302037
2023-11-14,4246,-0.09870962717206233,-0.15785086006533455,0.19503536873273153,-0.05000055089940412,-0.012826162032400952,0.09591009354781915,0.05057829046561692,0.03693102199072718,0.04422544956374084
2023-11-15,4247,-0.008238240703157542,-0.06628454545138511,0.1431472015096993,-0.006712531296053469,-0.0225066644018411,0.07369437491188961,0.019713813486396156,0.010200034273465807,0.048841588999054004
2023-11-16,4248,-0.00046942850019888555,-0.053053615704832816,0.13792482973533318,0.0034331374566975137,-0.017241312484920925,0.05852729316613836,0.020218351399124673,0.03232890012912976,0.03735284015942057
2023-11-17,4249,0.024905048965204162,-0.0181704541798578,0.09439941142256629,0.037701328272352744,-0.002581308713624385,0.03117640794153881,-0.00584286022179627,0.0025205124082454448,0.036674232152195105
2023-11-20,4250,0.01661059931619243,-0.015124136504374263,0.10221821206375337,0.010274255154092683,0.00627362341354053,0.031901242397962715,0.006830078681592604,0.01278393770577344,0.03029775728897808
2023-11-21,4251,-0.01763764931177258,-0.07792793321916386,0.17735435774835842,0.0008354325696845841,0.00490540680696713,0.05624928293901788,0.042880690962833146,0.06775245778156161,0.019659765364079103
2023-11-22,4252,-0.04141567312615084,-0.1100983140500544,0.19814910686047704,-0.0043613281381054275,-0.007501424189362672,0.07460403970241083,0.036265270177281,0.07552067341091372,0.01270293029128759
2023-11-24,4253,-0.03855231148816186,-0.08107054921161568,0.1545686534152103,0.00035943571255351453,-0.0032448184062139605,0.03307836650820567,0.02420849598571173,0.04670665444552809,0.017085358274915974
2023-11-27,4254,-0.07278361523651149,-0.11952611728141832,0.1715957731898673,-0.0007737497240032557,-0.004599354663142699,0.027700075236382855,0.023958612430435403,0.07652762066986107,0.015176960194674327
2023-11-28,4255,-0.030169393428425714,-0.06933946816747887,0.12564947424953968,-0.00282603913103832,0.02209109959293836,-0.000262960243369837,0.030463513088306242,0.06639696869723477,0.020662076675373554
2023-11-29,4256,-0.016873336607592476,-0.0694588601423334,0.15275483164621334,-0.005622671237092272,0.01151573476680931,0.024745190964619402,0.04977953657635775,0.07338272797167233,0.020931478805040583
2023-11-30,4257,-0.005165430221349995,-0.05476937745153272,0.13546952410415286,9.533311231785435e-05,0.016212244372795108,0.004180750477223737,0.04347966344250832,0.07419011452610415,0.017327288107996955
2023-12-01,4258,0.08347761175644086,0.07272481545626813,-0.004492585076339381,0.046235787248289244,0.019197277376452607,-0.05098052809760625,0.0045528568948587774,-0.006915577537906621,0.04432308315791974
2023-12-04,4259,0.10068606813965912,0.08613773854878573,-0.0028240693067632574,0.091785651557908,0.006858424510232153,-0.04295756000133885,-0.017704844381825433,-0.031592068115444155,-0.006640290372454702
2023-12-05,4260,0.12815796179413252,0.09935004811114025,-0.007714444591394681,0.11185678582771989,0.0064159998544363805,-0.05426814604766835,-0.008766712375033247,-0.03331841371832137,-0.00824448288655078
2023-12-06,4261,0.19002084068631894,0.16286049730169203,-0.03882954039811257,0.11776256574098112,0.0004994667477982319,-0.06183414033181861,-0.015067103598565964,-0.044575396866773795,-0.018246748078156474
2023-12-07,4262,0.18752797609578808,0.1484622122442039,-0.017141364109418324,0.13028546120260429,-0.04000374367942952,-0.029898806980201947,-0.0005076146151152444,-0.05799024705770366,0.01665763623958875
2023-12-08,4263,0.1924585400076459,0.1752257660569993,-0.06716859178373012,0.14343510810645782,-0.02473403898754649,-0.05985225686062077,-0.020316199331386273,-0.07932270936512349,-0.004325105586354035
2023-12-11,4264,0.19387148177712596,0.1475955829102467,0.012801736106261025,0.13316490670367379,-0.03816463089245622,-0.018628656385145756,0.021523595066834492,-0.040854046457218365,0.016680178104115817
2023-12-12,4265,0.18021918867261003,0.10693060219253916,0.07347504101234584,0.11516513668752866,-0.03738240811585585,0.0041326167705405025,0.06253576247405983,0.009361112958765724,0.013495105954299714
2023-12-13,4266,0.2533147994220015,0.17361881036197796,-0.020703032895248715,0.1540047396612929,-0.02812353924536005,-0.035625618619168124,0.03728925202163885,-0.03610673837221891,-0.00334669797959559
2023-12-14,4267,0.30397046237540987,0.2554527562192668,-0.19563587650535194,0.15841653707924677,-0.020690987340773157,-0.07260134572739523,-0.014077137118417805,-0.13873122358766524,-0.007619935013644467
2023-12-15,4268,0.27864558427786956,0.21589444567346927,-0.08606974098275384,0.1442341752961094,-0.030162921339489848,-0.014723266138935131,0.034492097666374684,-0.09517208212945262,0.00723254747558963
2023-12-18,4269,0.2293715366260965,0.1938883175722263,-0.06116414595378345,0.1202374074484199,-0.018190067809250324,-0.009307230770094963,0.04446818453257002,-0.07836828318295001,-0.006125051421316392
2023-12-19,4270,0.21986038641961442,0.2082716376743283,-0.11198672023941547,0.10439636244674208,-0.00597334723926445,-0.015034082474342193,0.027238068470012748,-0.0998524303662841,-0.023765303091996964
2023-12-20,4271,0.19030786361101867,0.1924560117700016,-0.13596264277217127,0.09218267868236128,0.0008060714730251929,-0.022876183237120803,0.014883186358284445,-0.12006930965752831,-0.017634293874551673
2023-12-21,4272,0.1979581616282398,0.2134499142107711,-0.19931186951567892,0.08399364067101274,0.03838567217038199,-0.07245810228333847,-0.017446481651573597,-0.14122455939898163,-0.04291333096178766
2023-12-22,4273,0.2411257914454399,0.24804699397851845,-0.22337114064096614,0.10989361131910283,0.03819669494500538,-0.10340860444751654,-0.02886035748967309,-0.1575730412485833,-0.034777954321023
2023-12-26,4274,0.23765195779439124,0.24158248473890245,-0.24221959163694864,0.12096212386037294,0.03994047785022841,-0.11932700730785153,-0.03494873353892381,-0.16403004799747675,-0.037291297786015296
2023-12-27,4275,0.2465820408240509,0.22041288853339214,-0.18972392464823148,0.117082151567867,0.023942526238109524,-0.09417235325613883,-0.01021524523892722,-0.125501140508022,-0.025914089538334354
2023-12-28,4276,0.2318450507466053,0.21666900067241948,-0.14672166231225725,0.11516477895407279,0.01559983301444537,-0.0755043348185787,0.017032944035367044,-0.09276425964394996,-0.01049488112664761
2023-12-29,4277,0.23162303921813066,0.24123029477656138,-0.13024403689999395,0.11050461781487751,0.0156555930891041,-0.0674012206179245,0.015520128580042718,-0.07405442069483678,-0.00034064811665271893
2024-01-02,4278,0.28486201796443505,0.22992645604785297,-0.07827194606104534,0.13605755213611162,-0.011177558014851749,-0.05710011885296643,0.03137354766235345,-0.07349729494712008,0.02051269961637765
2024-01-03,4279,0.2601961406513175,0.18273188584988523,-0.00757976403247159,0.14182593939045507,-0.018342453945605606,-0.02842167412527455,0.04583141829297397,-0.046953919470719724,0.0334910110254653
2024-01-04,4280,0.25504887968640716,0.18311806021757165,-0.01775738092784461,0.14362848761024266,-0.016627620578063183,-0.024436476944778646,0.03581704596782823,-0.045480549803694294,0.08322091876527558
2024-01-05,4281,0.23647208518452817,0.1985381370888834,-0.06887041531397811,0.11666920630803126,0.02059559566517563,-0.05905815974339522,0.023624615186216454,-0.04986698493812277,0.08668847938807113
2024-01-08,4282,0.2541636811243542,0.23209073811641082,-0.1011145653496021,0.10203089963013397,0.04219849192510781,-0.0691069465841177,0.001747918909043807,-0.06844220228897077,0.09144544463567968
2024-01-09,4283,0.2336693385215916,0.20780288812033929,-0.09353849725189045,0.11324901912014546,0.041170119362602564,-0.08008484740133014,0.0044844941481837685,-0.07274969335934331,0.10362781901130728
2024-01-10,4284,0.2178803644060393,0.1982656302581672,-0.07675957440395612,0.08345728016405732,0.03025503226720936,-0.061247205535261535,0.014903965257728313,-0.05252530191341871,0.08739874813940011
2024-01-11,4285,0.20475522081386535,0.1901418230016792,-0.09016926472097135,0.07984097984075558,0.020689989726019205,-0.06706835682278632,0.011966773139221015,-0.06886623248171543,0.08376312729296412
2024-01-12,4286,0.21787381204868111,0.17524947276248404,-0.05445763495953544,0.08179481424669872,0.019643840295236747,-0.07361648685742318,0.015405399418019251,-0.059851943265082704,0.09764091133833964
2024-01-16,4287,0.17744069312325722,0.12955515066431283,-0.016621807314288122,0.05035706882867727,0.01623589140284709,-0.04852537027623746,0.03233786179496803,-0.047966681789146245,0.09153297095006838
2024-01-17,4288,0.170364445952119,0.17544425858302057,-0.09867446426851058,0.06796693274508307,0.025401979821029853,-0.08103452587939558,0.004029323497647493,-0.08194356111228861,0.06854389531306823
2024-01-18,4289,0.1488817722798858,0.14390984086972056,-0.06885654611309192,0.03401302185894998,0.01880453764404772,-0.056835186735457635,0.02101677764269606,-0.06674764496109557,0.049842340464152285
2024-01-19,4290,0.13971151120392256,0.14204326815908094,-0.09959105269298563,0.04774602836417693,0.013037356040172352,-0.06066391865279785,0.020158978950841934,-0.08501612160196736,0.03689872659746438
2024-01-22,4291,0.1672557803323371,0.1783623407602609,-0.15106112223575402,0.06324499290063791,0.02192543181030741,-0.07899011144100074,-0.0020007408078311375,-0.10923587737250592,0.03291921672649234
2024-01-23,4292,0.18596530769889538,0.17283439770049303,-0.11544963186420865,0.052149149804478066,0.03291911807889318,-0.08305322395622242,0.006420948544600214,-0.09998459853694555,0.04326008867290509
2024-01-24,4293,0.1976825172268613,0.15846740431724124,-0.08171224816478068,0.05490839472817158,0.04324711232563101,-0.06630202180187941,0.011582363723346036,-0.09369197740757122,0.033430442713939294
2024-01-25,4294,0.2137952075933362,0.20073736089543526,-0.11212128883589075,0.06543318234987759,0.040240864484955494,-0.0686738406565128,0.0004441488317422012,-0.10812655796040353,0.04172937940626205
2024-01-26,4295,0.19648624340347096,0.17880843546637268,-0.09872605001960781,0.055031243253691076,0.03460797720747438,-0.06222464369822346,0.008555525689129541,-0.10639894691521377,0.03704538686603388
2024-01-29,4296,0.18817197133006625,0.19876133077795696,-0.14198194333345282,0.07108844994038183,0.04367852190514504,-0.09483306531893591,-0.004158630675051809,-0.1304503477685249,0.03734617367293575
2024-01-30,4297,0.15115565308997242,0.13103679912201593,-0.052938145180708746,0.030558006903174013,0.042268608363220626,-0.050293392045303635,0.02242966762828583,-0.1033199870984123,0.04956823639906423
2024-01-31,4298,0.1351234407479163,0.11417628881175247,-0.04674255050854577,0.012089543904067825,0.038100690246610294,-0.04047444332066209,0.03259811324943835,-0.08851584223125943,0.03634966444375304
2024-02-01,4299,0.12227014183499019,0.09250757755524705,-0.027170057455853148,-0.00046966376634572824,0.0453845702166141,-0.05791165630331853,0.021050307958022808,-0.08098434124900315,0.06540640331932406
2024-02-02,4300,0.10742286148847473,0.08906451106053331,-0.07908984833941089,-0.009659256688450036,0.038907897957440304,-0.06720315958674201,0.0017869987237351809,-0.10528018653282416,0.000354798192238564
2024-02-05,4301,0.11004504721616032,0.07386120076679431,-0.062678216313183,-0.006906160950223917,0.034914819186889545,-0.06514032664508039,0.006764362168069314,-0.09710928636980704,-0.0011825441087112867
2024-02-06,4302,0.14405587651489304,0.11582434688512298,-0.11189976160058078,-0.013895868009734634,0.057334693122602656,-0.0829238586090517,-0.003335068391836142,-0.10561254233020659,0.008765773725945959
2024-02-07,4303,0.12016247971675992,0.10838037012157377,-0.10388757369026617,-0.021522953319764247,0.05263233190446092,-0.07691175517681587,-0.019614363474076732,-0.09725151342318754,-0.002053092467369235
2024-02-08,4304,0.09104124825052215,0.10376102652758289,-0.1431108567815002,-0.04101362622049917,0.06864947646992536,-0.0986327181412738,-0.05199978514413237,-0.11529681467970784,-0.0005880510692193822
2024-02-09,4305,0.050602033594626,0.05685108465193009,-0.14346566482616815,-0.03789091494675952,0.06688634834839355,-0.09867447304760842,-0.08974694802609007,-0.11464948703489333,0.008926941160069184
2024-02-12,4306,0.11197158453485911,0.13120056308873135,-0.1586371173854281,0.0030677234186690626,0.039994805043957395,-0.09839400895879595,-0.07769824828385949,-0.12466155455821823,0.027807802397211173
2024-02-13,4307,0.08688809224393283,0.12691208946408758,-0.15935530596150774,-0.0022450501232510627,0.040333426756815484,-0.096603685645807,-0.07266582503725742,-0.11273514335776018,0.03854849612304553
2024-02-14,4308,0.11108799486455413,0.1551405224084693,-0.24921949778769018,-0.009494744495143172,0.05618549667208539,-0.1491951232316443,-0.07474267252675755,-0.1446653072128476,0.048011532144470986
2024-02-15,4309,0.12925483901806398,0.1781799115476409,-0.28879246900045485,-0.0030831790191194306,0.07725861031856489,-0.1758761012687608,-0.05212197274356895,-0.15113823074376387,0.0723117236746278
2024-02-16,4310,0.17223315869964362,0.1929685427982887,-0.27432786966714534,0.0382311708894349,0.0705031079549174,-0.18971448511196978,-0.034066607873304344,-0.14968807111847454,0.07547206441905292
2024-02-20,4311,0.16636842639534002,0.193450109371763,-0.24583210561842492,0.03592964827978919,0.04447376603230058,-0.15737802199512768,-0.029116692694387172,-0.16075595061319914,0.07390541108806474
2024-02-21,4312,0.11658698172386514,0.18476797617657895,-0.2677847006339462,-0.0021239177210712608,0.05988335147544812,-0.16079331037832165,-0.003952726198990631,-0.16758421837036724,0.06139761930343023
2024-02-22,4313,0.04301770804684093,0.11871633302796843,-0.265907106864291,-0.06278627014807246,0.07913142034809724,-0.1567755981047689,-0.014595575365832315,-0.1440951556829331,0.03015554884515843
2024-02-23,4314,0.05787924019195727,0.12155052217334429,-0.266186203145142,-0.08180147611097857,0.08421607080247802,-0.14264333794788,0.01944516063603911,-0.15592254036639347,0.02349834229721867
2024-02-26,4315,0.07626223168507652,0.12756473603769444,-0.2929443071165863,-0.06131217644817949,0.08980785770793916,-0.1692229470670823,0.029152673922604597,-0.16267518847435009,0.014607786424300034
2024-02-27,4316,0.06366688991569676,0.10802184407384846,-0.31356136639777477,-0.06806114643422102,0.1051047763416081,-0.18994381355279547,0.019564829989973737,-0.16496544770520447,0.016217366298737493
2024-02-28,4317,0.07643770324820613,0.15902116623849336,-0.34178690269056955,-0.05627834707068291,0.10512074840502632,-0.19123768976544991,0.009233625207552233,-0.19711445625498134,0.03316050752413332
2024-02-29,4318,0.08466492434060154,0.1554030414110615,-0.30582667606567504,-0.07224023156220057,0.10729758348866553,-0.15357376469018424,-0.0034678863356607417,-0.1829072253755034,0.024102694099149707
2024-03-01,4319,0.053006806716928055,0.13425373025732965,-0.3279409765539039,-0.07282978160999508,0.11208490921426319,-0.17716263625246012,-0.005292468453472189,-0.17692208087464248,0.0433667700669727
2024-03-04,4320,0.0308660426345815,0.10944493713467186,-0.2757181705725105,-0.07295319325873678,0.096679326183908,-0.15332944195663425,-0.004769933133100517,-0.1627802399687392,0.1110658011051319
2024-03-05,4321,0.055690007650007124,0.12004402528352436,-0.2550242719168401,-0.06891086591887037,0.07707236546060457,-0.11281948510004977,-0.0055946514240440655,-0.14731969845133905,0.08119931508169694
2024-03-06,4322,0.041891072404931035,0.07517571360782899,-0.20459983756555788,-0.07402111131867947,0.062184538576760234,-0.09626481889523353,-0.019992954168836324,-0.11932066917800556,0.07931548055133088
2024-03-07,4323,0.06069172959247799,0.11136118405844556,-0.21124659854099184,-0.08383091144578377,0.07134781474001156,-0.08350708478141303,-0.01802177115621729,-0.11676657824794527,0.08429745546309465
2024-03-08,4324,0.08820301795157164,0.11826979447854129,-0.16977056690222564,-0.06081272992396972,0.06914655663076671,-0.07210143928794636,-0.0015203397290476236,-0.11349098599475928,0.06995247998964045
2024-03-11,4325,0.0994025670202456,0.14573641498907425,-0.1729773433206922,-0.05791065429432242,0.06369648072599347,-0.0566903935269281,-0.0012587419921309237,-0.09720317972919049,0.06406462012778157
2024-03-12,4326,0.048499824879738564,0.11840877392648357,-0.1627255957475363,-0.07738403345163726,0.07427586403370266,-0.05318006326229729,0.014899497923788849,-0.11816561312643444,0.03638589034358864
2024-03-13,4327,0.03899763472199394,0.08541160619116606,-0.14595694141917392,-0.064079381847603,0.07150572417510113,-0.04936136322085547,0.02020076570654075,-0.10534851518529495,0.016601257725132997
2024-03-14,4328,0.019391188912124584,0.08454120498330736,-0.14027718883258175,-0.06361258547798149,0.08047852789182142,-0.04326817490169901,0.004974179951950934,-0.1050624279471431,-0.015727481988695086
2024-03-15,4329,-0.00751232780253036,0.044705318524330385,-0.10495194046416098,-0.04607468618317837,0.06742740632708091,-0.034762908955140524,-0.01256652364401888,-0.09224584016500913,-0.029116768212134974
2024-03-18,4330,-0.028132647360973415,-0.01326143969231773,-0.03324797160006375,-0.07326376363409332,0.06604924738433608,-0.0008343648862860282,0.004188128194039778,-0.05082508507714692,-0.06281396351289334
2024-03-19,4331,-0.004666488765623421,0.010220668276752162,-0.039787471436038814,-0.0767272767723482,0.08036255301501616,0.012660442612079026,0.01582814214528958,-0.07128086714619748,-0.08088802120403259
2024-03-20,4332,-0.06147244609722484,0.03462928785205643,-0.11758068731089437,-0.041984587431157926,0.08785036509265821,-0.017608421322882484,-0.006777863615578656,-0.09319571930686195,-0.062119901445739
2024-03-21,4333,-0.05475366162927803,0.028449265689796523,-0.11255729289001516,-0.04986660387713457,0.08462899811463553,-0.009814371052125351,-0.011298448794301254,-0.09745242765147204,-0.04664353488462606
2024-03-22,4334,-0.04679365977218664,0.020972967433700338,-0.07561033315828616,-0.043474457230156076,0.0652315783111427,0.019128470331801484,-0.0019042842595906795,-0.08878980922694948,-0.044765344321462563
2024-03-25,4335,-0.04485263592400487,0.05931793382907313,-0.11457259373441044,-0.036872200179090424,0.07975894604775827,0.0006908787137467331,-0.016623622500884075,-0.08277676758068522,-0.046621674737384926
2024-03-26,4336,-0.09067188284541611,0.014193763112334497,-0.10569203493765769,-0.04433736289726631,0.08677286918315455,0.013576528309916949,-0.004661456905478817,-0.07031817594990357,-0.07319239132687105
2024-03-27,4337,-0.013279789942350517,0.11315058800823782,-0.151391598538799,0.024227107184132325,0.06629527505312387,-0.022347602260313428,-0.014659569988953295,-0.11780459352462891,-0.045429815415921365
2024-03-28,4338,0.019854885887209132,0.13770657898052172,-0.14522361682387194,0.028345466907953157,0.08157081124152459,-0.026407666518693897,-0.040132162413421886,-0.13243981448389958,-0.03819126101147952
2024-04-01,4339,0.028730430008093864,0.10138331227856757,-0.06075959764431445,0.019243832304560757,0.064077916058457,0.016518484397048838,-0.010863608641126503,-0.10754619887544373,-0.0512892867807952
2024-04-02,4340,0.018312484521164376,0.0894367695395247,-0.047407134430888155,0.029078489827415583,0.06672203201620272,0.022868295766641213,0.0011781277851040416,-0.09925012829653562,-0.057718486978276924
2024-04-03,4341,-0.014239525629922681,0.07613100381593389,-0.08118083635898006,0.003548046146328941,0.09725644730318656,-0.0006598055629911333,-0.01887259898996099,-0.08864379769284962,0.011529624490810747
2024-04-04,4342,-0.02896325844124619,0.054023967412992466,-0.05867892602269848,0.0008392701524227339,0.09609206953032678,-0.008664922776194317,-0.015202855881636114,-0.08176518566196732,0.003559937625008819
2024-04-05,4343,-0.05173739626674935,0.00876400530076968,-0.05785154665269572,-0.0008899082526228657,0.1022914725418147,-0.007170037596382708,0.00070136349807091,-0.07557262616461179,0.01439948955685094
2024-04-08,4344,-0.05640171996740147,0.026214584393615906,-0.0855691825079063,0.004384533334544438,0.09769694154443881,0.001585634457208874,-0.0074234293174965426,-0.08575469257854386,0.0216514135585337
2024-04-09,4345,0.011118204695038155,0.021954658781517516,-0.005010932213466671,0.009986227499188833,0.076741042971132,0.03568642920934864,0.01852356355626759,-0.068615381277416,0.04152665477127079
2024-04-10,4346,-0.02484152452307166,0.015473158022199006,-0.03516147821056356,0.001737121112539396,0.0939203286254552,0.013054258340679076,0.013569940389490127,-0.07055802841563096,0.032784218176952144
2024-04-11,4347,-0.030185709528546035,0.02795830612125684,-0.06985140574024512,0.0007281055654371849,0.11329366374205574,-0.015143385773703201,0.013698299390410508,-0.0847139990906338,0.023842730811686155
2024-04-12,4348,-0.03644328065624411,0.005291638608150855,-0.00749873871873957,-0.0014043899638855905,0.06660110840614515,0.034094910326685296,0.03692497422633577,-0.07251080048048125,0.047902147836238904
2024-04-15,4349,-0.024648691530881593,-0.019580364328295557,0.0440399591365022,0.004207808743917235,0.04487575349026501,0.06698584182057257,0.057620966940770624,-0.05683780660911062,0.05635737527504785
2024-04-16,4350,-0.012269192244169062,-0.01941709588840645,0.05361004052118057,-0.016278074803317007,0.05470860047762459,0.07866328465433231,0.04400725970117909,-0.04447467895965222,0.06444614568603269
2024-04-17,4351,0.009770649134252329,-0.008789277647055518,0.05537795197816664,-0.016998588859356248,0.06287250540474695,0.08283406079089126,0.049222269499219234,-0.028715067216768354,0.07878048229930651
2024-04-18,4352,0.02865454698721581,-0.0002572277975883357,0.049294894000140456,-0.008052360647555427,0.056921965549727484,0.08372538128149366,0.03742879469623981,-0.029890908262399752,0.09313813144185734
2024-04-19,4353,0.0709946203710162,0.02508392116284311,0.02627018722804207,0.022235185234815817,0.05769646853805981,0.06375806676028231,0.037582852151386535,-0.04815467333224624,0.10931047196254456
2024-04-22,4354,0.07056845466842446,0.05395535473360025,0.0003651396365994451,0.027789247223982298,0.057726812249519054,0.043143589763037435,0.03135844431114983,-0.04668370173094607,0.10119819739778348
2024-04-23,4355,0.020566072580049742,0.08357576003117748,-0.07442291448341383,0.01744789077301749,0.0788527280347012,0.013499775700407616,0.005880051122565951,-0.060708856795494585,0.09319660903882024
2024-04-24,4356,0.0427547671406979,0.037257092030851244,-0.008793213343443792,0.039974146378320384,0.042814810462575056,0.05179317432115828,0.018106350294290374,-0.0333382006799204,0.10464281310915806
2024-04-25,4357,0.006838221551370981,0.05662644830728775,-0.05418229038400418,0.01000766797336905,0.06089586574210292,0.029182385830296392,-4.526684017835391e-05,-0.048806896765474526,0.0778297474113582
2024-04-26,4358,0.02327204137158449,0.10809923293237318,-0.10223090198753663,0.029230329970579404,0.07210801681290623,0.014175273237976207,0.0007059183547151152,-0.07893087743588773,0.07766470451542469
2024-04-29,4359,0.015022180155779538,0.08860219195709777,-0.08136066406511291,0.028832935726646008,0.07080824316676997,0.020323768754337924,0.009170695830710163,-0.0780357222153421,0.06621873261500806
2024-04-30,4360,0.03698693084804916,0.0755284008278627,-0.06286082928375548,0.03802543508630125,0.05226225318354534,0.03206279945039025,0.0064319704784176444,-0.06711828346860814,0.08821035670311787
2024-05-01,4361,0.07322306398875593,0.12389977703369623,-0.09664108394405119,0.05696438342903695,0.05471807066744712,-0.010058226623900409,0.027187590317854678,-0.08751485081701768,0.07729937367014006
2024-05-02,4362,0.08872141994387467,0.17793732077754434,-0.14974711815499067,0.06304768817036759,0.0491804720802413,-0.021822295320228856,0.045543387820503524,-0.11042354714231528,0.0888439295272199
2024-05-03,4363,0.08293411270885617,0.18119559395633242,-0.15408247042767798,0.06601247579855206,0.05537838434419497,-0.03159768172065589,0.05040138700666648,-0.09611837640360588,0.08415854582684551
2024-05-06,4364,0.08049978327730123,0.17737499485351318,-0.13818614732335247,0.0655403184318549,0.04688989914554327,-0.03366471695990734,0.07054245722666547,-0.08972387982960807,-0.04884226851228482
2024-05-07,4365,0.07352691305235017,0.14211120934145713,-0.09245593296834116,0.05381391180082152,0.036735453490602935,0.010235543794595016,0.050510000720019904,-0.06607529342900098,-0.05116293378266616
2024-05-08,4366,0.06841689719021346,0.13262648538353017,-0.07727108742922273,0.05590553623540724,0.016816469428770114,0.028882594830953356,0.02691773487977971,-0.04778653311725109,-0.03901839748526227
2024-05-09,4367,0.07813468751903159,0.14842183744928258,-0.09315333712921697,-0.0013802146329690477,0.05226281694478281,0.04285814846882923,0.0018512217843973506,-0.034119447445717085,-0.07091564112055722
2024-05-10,4368,0.09455423551929756,0.1410634918861856,-0.07275376100067073,-0.05290433649282772,0.07384459641256551,0.06839367757019599,0.01026231372449244,-0.024181868267336124,-0.06478997713707757
2024-05-13,4369,0.1337128603136572,0.13606512345832064,-0.05280055204987856,-0.07716668508838594,0.0791910301374611,0.07402179402526365,0.031892093634374896,-0.005283794634803584,-0.044212677199190066
2024-05-14,4370,0.10933361499897003,0.12448977347069311,-0.06288491400481558,-0.06210908511140057,0.07385895410236282,0.06327285884031646,0.0234305915153902,-0.00960784871337245,-0.038629582358880664
2024-05-15,4371,0.10331749385105356,0.07899032915040337,0.009576973805665773,-0.11242550231552485,0.04926562138493416,0.10089183060296018,0.0685920479690191,0.05097026987993445,-0.019165086523535386
2024-05-16,4372,0.08861722039245817,0.029343886332178496,0.09976510629342082,-0.10322300232729759,0.04011917469006931,0.10839473650662254,0.08767350190034447,0.10157065723416434,0.02619120502004294
2024-05-17,4373,-0.008603660411627408,0.00047442632573008815,0.045491608044751136,-0.12420760312672509,0.053853981063122044,0.08101699343308151,0.0913979888185401,0.11879178932042588,0.008584198934248118
2024-05-20,4374,0.013942401679129038,0.030572869820787187,-0.026255642269919145,-0.12054451166143389,0.08386468605767758,0.025571250954848936,0.060967492060053204,0.07648824673789661,-0.011983098064068533
2024-05-21,4375,0.008835287210199173,0.017355418608861955,-0.015457531494395198,-0.10904611879629815,0.06603794152438876,0.0417438046375699,0.06394864781254299,0.0804340282995369,-0.01744384834748313
2024-05-22,4376,0.027515619785418766,0.02793374128816193,0.004693824965770045,-0.11670959058367866,0.060484795160389876,0.0534176014740534,0.07186518513705273,0.09297387549862149,-0.01975092138630609
2024-05-23,4377,-0.004896459666903664,-0.04323885775911084,0.08075509476502973,-0.15824065148825237,0.04923048678771623,0.11617024122851251,0.09950350371933078,0.12285726469315603,0.004160390940197546
2024-05-24,4378,-0.051317970870212885,-0.02399521417985003,-0.01876796601606031,-0.15158122907060612,0.07475141589553647,0.06848726205933968,0.0739447046280504,0.09821899469030355,-0.02281674442751367
2024-05-28,4379,-0.06819985588524179,-0.08614499957303198,0.026981005419966998,-0.15690573815029632,0.06665204215672944,0.07722886480350402,0.07790496699888615,0.1588986804525486,-0.00034101790248629353
2024-05-29,4380,-0.06303819799263433,-0.10018937490396777,0.03224421849663316,-0.16396604368358378,0.060402492206462995,0.06965138311870413,0.07450302825923909,0.16172222068952036,0.004238429838404178
2024-05-30,4381,-0.049914864855075555,-0.05461970497223491,-0.021595579844615347,-0.1273358807590045,0.06322649340123795,0.042353166495294484,0.038725803359634825,0.13722721607471697,-0.007146742986871025
2024-05-31,4382,-0.0417535732554927,-0.04512419551588675,-0.04425806093765555,-0.11201867005302246,0.06385755888193766,0.021412963892067306,0.024533722380942286,0.13403308027382757,-0.010007092671758158
2024-06-03,4383,-0.002826712239852494,-0.05013863428360557,0.0007849255587176819,-0.10795365404340102,0.05252337290427289,0.033321823627655,0.021015975082053297,0.13439115099874194,0.011477929958085576
2024-06-04,4384,-0.008368117706285523,0.0200950851901227,-0.07456900855039915,-0.11048675458151122,0.0790663636711743,0.01464620335220084,-0.011870753440655158,0.1103875738534415,0.0167918645388746
2024-06-05,4385,-0.04910187531896377,0.03942359209313778,-0.19004330892905644,-0.10419909674310142,0.10429109318683034,-0.016425085838345035,-0.04799667377457266,0.08376018912007993,0.011365970765754395
2024-06-06,4386,-0.03195922646048517,0.06521371064402649,-0.19462097638841974,-0.10480520856569384,0.11515880976106822,-0.024468028375103788,-0.06764433727227313,0.09295213604820309,0.02466041225618796
2024-06-07,4387,-0.003016291490828827,0.08353517637472378,-0.16858314202739538,-0.09756630135052963,0.10239299073660099,-0.0052031544461033355,-0.07969430552825908,0.08989353932787723,0.03022614619715504
2024-06-10,4388,-0.015570165432882274,0.08622269410465891,-0.23014470812654314,-0.09448383509110019,0.13315999784591834,-0.034233503346737554,-0.09879644136080488,0.060705939260447025,0.020927650611298386
2024-06-11,4389,0.02616859651650223,0.11281383167295127,-0.23397010769124812,-0.07961395254912736,0.14516344295227238,-0.0548624541212342,-0.09868629592843307,0.031803345764039426,0.030242358447946698
2024-06-12,4390,0.03393808637095808,0.12280322046289348,-0.23604284359357208,-0.08311970992939055,0.1333057297789444,-0.06359062640332168,-0.09787030590682379,0.00721532498176846,0.031971488250530235
2024-06-13,4391,0.04677467525044746,0.12462231295639294,-0.21884818900971129,-0.08203020851791143,0.1200315091868121,-0.05488639349769121,-0.09488306299177883,0.013360800805001566,0.02251960093586997
2024-06-14,4392,0.017833888862542058,0.07962066746385311,-0.15889877569931596,-0.07477284846197416,0.0955943206917151,-0.03619425037085518,-0.07319078806613225,0.03458474669106138,0.021412644410133026
2024-06-17,4393,0.038822773720478994,0.09193218147493633,-0.1651778817461863,-0.09204033313495379,0.09391885125459702,-0.018429600530234708,-0.0708113125141347,0.022125614039223872,0.012454777910606434
2024-06-18,4394,0.004565902010598131,0.010555699910087696,-0.09661810619326583,-0.08785271887580298,0.07597575651521885,0.008948836193890725,-0.04085179713368522,0.06194929944025128,-6.811357155936977e-05
2024-06-20,4395,0.029436465159158345,0.05046800786194561,-0.0858222985871882,-0.09060764719529886,0.0787116833802501,0.017008250799011665,-0.028688125287531376,0.05523580618833194,0.006239206497512427
2024-06-21,4396,0.03721041795076765,0.05027880193381367,-0.06117552815077881,-0.1081183702072247,0.08892502242410429,0.0356931723334905,-0.028953499213467366,0.054505872336625405,0.006123408766058109
2024-06-24,4397,0.027525481477497633,0.06074876844912508,-0.07144056079894258,-0.08781547581843606,0.08753165607611336,0.03556150734718391,-0.02593064086575831,0.0407862142463105,0.017677927771234534
2024-06-25,4398,0.009557117343839525,0.00904351812709162,-0.044256494470935784,-0.09822859607264744,0.07980379290737125,0.044193871957933624,-0.013735413285201201,0.06823303244553629,0.022706335010048966
2024-06-26,4399,0.030382577343516425,0.06707567836029392,-0.09767842518863087,-0.11435233773135572,0.10322661198889922,0.02088276884862887,-0.02688318588970504,0.07278803096443809,0.02888412998705041
2024-06-27,4400,0.01178959405614097,0.05273890710773016,-0.06882486069086352,-0.11397221405035272,0.10053981556903285,0.006346110957902089,-0.039851639040637446,0.0789792785404674,0.02597364953507335
2024-06-28,4401,-0.0047896513312570745,0.0459273825450584,-0.05418511213908055,-0.1206863822718196,0.08703671595483556,0.022202378440580272,-0.035266179471324835,0.09935260423826298,0.014588323887538161
2024-07-01,4402,0.0015121865618810348,0.04480234438589844,-0.07097210470709729,-0.09728414328195434,0.09527337567144854,-0.010081514150318053,-0.04439944100827593,0.08109545764858582,0.027532319845460607
2024-07-02,4403,0.012679169623574413,0.05527455541238035,-0.08517537388711047,-0.10808209262358796,0.09900932889036664,-0.00612216069875874,-0.04115561372362318,0.08532860325019768,0.00937082549787329
2024-07-03,4404,0.00388539041764903,0.03436487343368827,-0.08389154970361902,-0.11300097932186867,0.11064635364701063,-0.005058924084946103,-0.04453570904508472,0.08503451668761877,-0.0017777437529507961
2024-07-05,4405,0.029277937764118436,0.04799313677150139,-0.11569755230548966,-0.11954568766702396,0.1269829391151428,-0.03171852063025285,-0.05443955368764339,0.06412242779611556,-0.029407868183299362
2024-07-08,4406,-0.00785464003318624,0.06293408038646237,-0.21098177076534705,-0.11378157661165894,0.15249141945499267,-0.06438147725839706,-0.07433405524001456,0.05114056429323891,-0.045286449324063775
2024-07-09,4407,-0.002467079354038312,0.07705203831295901,-0.2216259897492526,-0.07524763895244165,0.13124781249467024,-0.07625850050622894,-0.07795987749640956,0.03937105219710456,-0.029835355733951074
2024-07-10,4408,0.0008089458945234957,0.09244643426747783,-0.22898704927686384,-0.05052477090856237,0.10477157908897544,-0.07231873541788718,-0.07522399570478616,-0.0045319456912176585,-0.024472418175689962
2024-07-11,4409,0.019041882851886766,0.1740154213584413,-0.28636678929375564,-0.020115370139701213,0.1113007735982824,-0.09595334043018387,-0.08541630982199425,-0.02941921277067906,-0.010493928816595622
2024-07-12,4410,0.0329563365157577,0.18510044022429675,-0.2985437476233992,-0.013553626639376481,0.11840448005267178,-0.09220940363684153,-0.09396399277474393,-0.04455775016198882,-0.005074536235203424
2024-07-15,4411,0.025592665667847105,0.1641743501933764,-0.3177343640115048,0.002183501018125814,0.11541406112414189,-0.09192067717303123,-0.09433240743180209,-0.06214089517199288,-0.0006067677827223895
2024-07-16,4412,0.05941694161964397,0.17075169460136233,-0.2922052645659329,0.014416817234743457,0.10597128429190875,-0.06508555062050782,-0.08812905247034525,-0.0686854514562077,0.02962688790626108
2024-07-17,4413,0.11683721553629574,0.22333514425029366,-0.2640207777474479,0.02981901098892823,0.08707736922978566,-0.054349268520258336,-0.0821592928051045,-0.074950756171926,0.04231094973049919
2024-07-18,4414,0.09317685207020564,0.1761232556628954,-0.17215487495467074,0.01634073515819548,0.06098311959737121,-0.025562995168471617,-0.0546111019873665,-0.04010954073228261,0.04436723179281161
2024-07-19,4415,0.08309571263181306,0.19407372669420522,-0.20257474920338117,0.006685972348001093,0.06670923441598367,-0.051848047604968424,-0.060420991446125415,-0.03901361227648419,0.024512244425875723
2024-07-22,4416,0.049492395863142136,0.15577984003894768,-0.181718753625537,0.02112961339961653,0.051530804302630594,-0.06769837677565962,-0.05767029620081801,-0.03075741582972756,0.016062921567114703
2024-07-23,4417,0.05826872903965724,0.15229060334745623,-0.20438776574243578,0.03472345796453169,0.05857002057686056,-0.086678158306977,-0.055908430114366296,-0.04073855929591077,0.025436000065003787
2024-07-24,4418,0.08923163143334613,0.14341721370106766,-0.12985591629461982,0.044429067698601256,0.047645857016406945,-0.07682332173319255,-0.02758842743701015,-0.047618726716492615,0.032540186593653764
2024-07-25,4419,0.15798597139032344,0.17501184082352658,-0.2007642584892066,0.04798735519911219,0.05577704021047152,-0.07642637179408207,0.00461741903602084,-0.10609525831233955,0.05753265396816931
2024-07-26,4420,0.171828283664184,0.18814851678965516,-0.21399965885915498,0.06295851900267516,0.05820126662089587,-0.0869527079914818,0.01341631830039546,-0.12164740671267842,0.05935545501709435
2024-07-29,4421,0.15626132881080035,0.18488256353831037,-0.16140072416742357,0.05226484219341982,0.03795006744125045,-0.05355394663879518,0.004573697770540987,-0.12177599841942105,0.04496658512583574
2024-07-30,4422,0.19268050958962707,0.19872606529923556,-0.17366367347339218,0.04665429960771354,0.045332940299198606,-0.031476893284466866,0.005959869425036268,-0.1280048504586654,0.06197912152770814
2024-07-31,4423,0.16380115216453348,0.1592209515838126,-0.15998770247809008,0.058272584794294265,0.03136448647977222,-0.04505033447491875,0.032598286394560534,-0.1345791424881643,0.04539455988700139
2024-08-01,4424,0.14717039790041547,0.059874410869126905,0.02111289177529602,0.05250965659449415,0.007561525906982489,-0.009201568319441827,0.010433787838862632,-0.07228956478081502,0.03942747755537031
2024-08-02,4425,0.192856203818942,-0.0432752405450511,0.1581025521550889,0.03473675769359196,-0.027207683549077252,0.03716274308066005,0.0019378360277345014,-0.05221435184338373,0.030829933249333485
2024-08-05,4426,0.1774086224346574,0.089984322447294,-0.02243202900413615,0.04529315045438395,0.011594308083480203,-0.056746141921940566,-0.002348340647787494,-0.09854652452330644,-0.05299982855008468
2024-08-06,4427,0.15633413937891835,0.08407515236115917,-0.012578036821743454,0.05235220486838693,-0.007640313935429779,-0.04639276765547822,-0.004831152748699865,-0.10149855312594418,-0.05223128452866443
2024-08-07,4428,0.15616414067532897,0.04560728934502915,0.045271861041043804,0.03642187955710337,-0.030257457568082714,-0.030430914556599062,-0.03727857556938416,-0.08632801922271859,-0.05538170648163639
2024-08-08,4429,0.14246723272468947,0.050267796833858555,0.05565633967102223,0.026687064173505096,-0.035500233907985165,-0.022076316406205186,-0.0008200981350925721,-0.07774358159066846,-0.03186778695410954
2024-08-09,4430,0.12186925279790049,0.045271996087246524,0.06071957517615175,0.030777355141739304,-0.03867478863927068,-0.019908050790561366,0.0027735278120309373,-0.08043134433796141,-0.039488309831873715
2024-08-12,4431,0.1228272688539438,0.054156736186740655,0.060939134737029964,0.03370295051529336,-0.041988946104364946,-0.022668250141671765,-0.001233171818466282,-0.07432064692575982,-0.0512742093566083
2024-08-13,4432,0.1600216229860606,0.13836056033542513,-0.025280564503113497,0.027135956579295562,-0.006702563122206937,-0.054180337837717134,-0.019503798133972135,-0.11558846076388168,-0.007737187544131872
2024-08-14,4433,0.12614749815887807,0.12039587707681987,-0.012905954802436944,0.016538658334583078,-0.019993816030534038,-0.04182074942296765,-0.02270873322367431,-0.09687239287455554,-0.011069911006105404
2024-08-15,4434,0.15710771291954068,0.12535728119341638,0.0144935756713184,-0.001810753024003223,-0.008108436222462207,-0.028117846629536838,-0.006741152218003816,-0.08335745238983346,0.009416713366974075
2024-08-16,4435,0.1813792522784498,0.14733183702462016,0.008064107998326284,-0.004998813776207059,0.0013206906824190338,-0.025135468444727933,-0.016938090137195334,-0.0884008512261932,0.0006008109227517458
2024-08-19,4436,0.16444899949029232,0.17906867805761523,-0.03453279938982638,-0.011593562694486572,0.008475434892466296,-0.04285013745443688,-0.015307084238023103,-0.07805234825697202,0.005207415617107724
2024-08-20,4437,0.1705383301852229,0.14959849507008355,0.007967043675276312,-0.0565383825401052,0.01973496378886182,-0.01810186854338729,0.009179129113890783,-0.06021261879312997,0.003942949600897094
2024-08-21,4438,0.1705404365043095,0.16274226581833715,-0.035849489112973344,-0.057873728049863085,0.047797055886869416,-0.04853329801109282,-0.004022184549587756,-0.0727434510396164,0.03469838383427649
2024-08-22,4439,0.12260779256800565,0.10306699595989825,0.032588299979314624,-0.053360039013015524,0.0010052539067117567,0.003490795310782683,0.007333570383252532,-0.05256964655249052,-0.006522447376243053
2024-08-23,4440,0.12152757696997503,0.15795794876293667,-0.05479119763367671,-0.010719359086101549,-0.015363601907383258,0.0015557824785899354,-0.011362479890760153,-0.09007938316210465,-0.01657108159773277
2024-08-26,4441,0.1402154261830892,0.16811326374070942,-0.03979069952905711,-0.04368258312234579,0.0020187586430982225,0.01402474591551048,0.00023227961679934083,-0.0869313755313019,0.014818408404867459
2024-08-27,4442,0.12667454311606832,0.1644432483374188,-0.05663953030829661,-0.06845361369859222,0.03191037805049774,0.012931168591601224,-0.00023802798931501717,-0.07782401781550292,0.02116900127351895
2024-08-28,4443,0.12493605451716604,0.11882344001232666,-0.013114386887982946,-0.04798955332238204,0.009125870205723276,0.03313947693060186,0.0042245473874635365,-0.08234635220205136,0.00991815013970918
2024-08-29,4444,0.1313323016700953,0.12301820589312486,-0.013229257052739949,-0.019255690006750457,0.003751565631377949,0.030974285236417192,0.01686598820648854,-0.08079458147044523,0.011754829991081238
2024-08-30,4445,0.10029140779189662,0.037619022467778915,0.09394958571997884,-0.040945196245898215,-0.019645339584349785,0.05938600676053234,0.048204851146984654,-0.04808267566320829,0.0010388677352574523
2024-09-03,4446,0.08826594104084232,-0.06582478468512268,0.19252552155755054,0.015964909628913063,-0.07319406619746013,0.07932476153408598,0.056333400434268426,-0.041784524542069656,0.004369853199449276
2024-09-04,4447,0.09547335060229589,-0.04698211104300694,0.16628597122549432,0.020891047497532306,-0.06233544103762098,0.06727021483278596,0.04282955744670095,-0.054407742387213326,0.02345830730537168
2024-09-05,4448,0.09391405742664327,-0.018457454553572717,0.12477727020311878,0.01406429362021872,-0.04442631538652211,0.02812897778350018,0.038478006448546015,-0.06238289401615863,0.05110456648979404
2024-09-06,4449,0.06531645468305641,-0.09574520207471716,0.20246573551749783,0.0346580166460788,-0.07596174894215728,0.04261085538773666,0.06203437810136451,-0.03321275590286553,0.022459577850048276
2024-09-09,4450,0.05383761760130658,-0.12645117360983452,0.22281410996175174,0.05823977662163329,-0.0921338396609691,0.025598812547900644,0.06727781950063062,-0.018202025631073104,0.00818364853134114
2024-09-10,4451,0.06306888120691878,-0.13946676199616231,0.2430818350948889,0.06004296171363896,-0.08787872644730418,0.02665967668493873,0.07343565837199521,-0.01531984937442692,0.015426068747593088
2024-09-11,4452,0.09514577012404951,-0.12196848855678849,0.19889046278451017,0.007691134426421859,-0.026092179508060667,-0.007685464761462422,0.047852778565514814,0.0042317810679629335,0.10100809385931069
2024-09-12,4453,0.09603979355292351,-0.10375644672079797,0.18968146811431544,0.04352418186615767,-0.047183000149960776,0.0020358796966846713,0.05653235245071818,-0.013483163793637508,0.07791266259524582
2024-09-13,4454,0.13437126891437667,-0.04580279334989341,0.14949335964291685,0.036761176984862746,-0.019580941038307372,0.0003397372384331073,0.04107178223554051,-0.03520572396124169,0.09782413244146906
2024-09-16,4455,0.11525767177477678,-0.06431028486376233,0.17053202921503952,0.02461054120689571,-0.025919710985884345,0.013461834369620741,0.05256363703933083,-0.01826678910013912,0.09661088956768828
2024-09-17,4456,0.13701373145199564,-0.0008432063867279115,0.11013118022903046,0.032996353783275284,-0.011034982058428391,-0.0006720981479802584,0.04121538540314411,-0.0455540710393579,0.11582520641795618
2024-09-18,4457,0.1442706752648837,0.04219569297428233,0.039698631255008845,0.038945132753910726,0.004509367419008022,-0.023474625198216255,0.027621254337045216,-0.07575673847597085,0.1269551953540443
2024-09-19,4458,0.11758969844273673,0.06455039430823796,0.03840910506533229,0.04537378016227131,0.008912775661990238,-0.02871299160714606,0.027185465371758706,-0.0838536814690024,0.1184617538131742
2024-09-20,4459,0.10946582544197446,0.09316340820303556,-0.00713952016745174,0.03376849463203572,0.03606390612190437,-0.05826379760067709,0.01190947938895188,-0.09403314496799693,0.14193297471437
2024-09-23,4460,0.12459924532698613,0.11168322613845216,0.0007986963545918515,0.011262854550890246,0.03586174713643399,-0.03701495540310955,0.021757026102117574,-0.08419456716398753,0.1302936259621373
2024-09-24,4461,0.14233918376360774,0.09158333932591052,0.02994361454823557,-0.001709987298398807,0.02589129235621161,-0.0037358605730192208,0.03063342307067705,-0.07175622827904478,0.12008173119924993
2024-09-25,4462,0.11590777414053649,0.08967197241277404,0.011501017765886766,0.005913142223712163,0.022074562311066942,-0.013516413735330435,0.018842672934892273,-0.02992585437686513,0.1159929751708309
2024-09-26,4463,0.14432619722160356,0.08911118443370428,0.021290026724302854,0.011961313045691962,0.0039000646917029137,0.0037137934612106395,0.02097467324469283,-0.032342246593253264,0.12216840848297084
2024-09-27,4464,0.14137104040662815,0.06761268933519327,0.055042497626659644,0.0025787703377655163,0.006858616053475706,0.01908486978503581,0.03580453250841401,-0.014345209293888017,0.12337692944069828
2024-09-30,4465,0.10605763062040972,0.01975345110672144,0.09873524475170213,0.022388446020279857,-0.002356086173789622,0.010039659335390175,0.05509677030939353,-0.00510585779023276,0.11157119031877377
2024-10-01,4466,0.1434400420777649,0.017042039006167676,0.09921786724936373,0.012549190112470555,0.0023727527384629988,0.030580720600566366,0.06481314018210133,-0.0029592119206817706,0.10528379808887744
2024-10-02,4467,0.09815967785022676,-0.005090478206760346,0.11154210687995396,0.005178678568979392,0.005778807676753288,0.03292247284540466,0.06065606826832806,0.01715804247329143,0.09879282864151173
2024-10-03,4468,0.10107580486061095,0.020934327635022867,0.08372655694040676,0.007230865445864597,0.008220338372001163,0.03599172814169477,0.055240004981506344,0.009787883264951211,0.09729795005294038
2024-10-04,4469,0.06995969743542646,0.010282779676198004,0.12070558266872035,0.0482536257762152,-0.008057572624670186,0.02115086219815211,0.05813891669481446,0.01429010768746876,0.10242659694328748
2024-10-07,4470,0.06211637428357504,0.013998609500543515,0.11780783107454065,0.060212437557554406,-0.018950835200693926,0.019674993910747722,0.05877660604707571,0.0015142877267287247,0.08586830541893868
2024-10-08,4471,0.0526261603815333,0.013706121364299752,0.12295548998678311,0.053358413819990916,-0.016645167787680912,0.024498780765585197,0.053933277984331326,0.006430492663403914,0.09448020058327274
2024-10-09,4472,0.05699279438139815,0.01877312120545865,0.12306259582428788,0.049069215203546936,-0.028359308215397668,0.03780778800701959,0.06326222637483431,0.021388153761068212,0.08777783996749972
2024-10-10,4473,0.07159585087131712,0.016073131446501205,0.14708638631145496,0.04314971522568366,-0.025881371678435308,0.05299265794330601,0.07285923418247016,0.03594195523620078,0.10402628700521682
2024-10-11,4474,0.00326008504790083,-0.00883259804961244,0.12966169551081136,0.060421394663714496,-0.039220369501362914,0.029900742579959044,0.06421083097074207,0.04224564907854844,0.09126560833444033
2024-10-14,4475,-0.02210432483394841,-0.038047159364823294,0.14108499191996754,0.08659121522502754,-0.06018294643659623,0.02984933810052358,0.06848029402939076,0.056168751941873006,0.07508118276138832
2024-10-15,4476,0.0045543653751456544,-0.008044085486863724,0.1333692125449217,0.10408392474958379,-0.05150689875651606,0.02202368867884021,0.04928191073062329,0.02484701530803936,0.07464489736770509
2024-10-16,4477,-0.01023235450303868,0.00935983093656361,0.08287038743686692,0.13196477220201747,-0.05398021172425545,-0.01433129356858988,0.029891977713182628,-0.001363637182287825,0.05707179364957957
2024-10-17,4478,0.011510228758266109,0.029810175840601666,0.07364281768440903,0.12337513056572652,-0.04729884189569153,-0.006406779454699355,0.02427361763930723,-0.01243182905658086,0.042472986117762145
2024-10-18,4479,0.05381260492760328,0.026897115969892305,0.0825026504525761,0.11530746252449312,-0.04265162269583208,0.0021967143885095663,0.03264312354685191,-0.003223179598214403,0.06585526203955239
2024-10-21,4480,0.0464944806215102,0.02131548375613207,0.09217930686574591,0.11708443526023965,-0.04443703609483323,0.0031916325943496587,0.03797054966134644,0.0112635128641256,0.06771224873731824
2024-10-22,4481,0.029264497317361093,0.04449683244696063,0.05078761384224204,0.16543889249563898,-0.04749437529099715,-0.028552627076287668,0.025698168898451695,-0.01742237251873255,0.05675081243724579
2024-10-23,4482,0.038271926545884655,0.05457728546347491,0.05545560878689846,0.1666629836946455,-0.05996292127186768,-0.019225148887912064,0.032179407240035054,-0.015909329981208403,0.06167579544756293
2024-10-24,4483,0.04840196671633525,0.06251159195979385,0.054535149163934614,0.14606173837226197,-0.06339426015198964,-0.00813461315783577,0.025842801318080266,-0.027746594331977664,0.05580099203196909
2024-10-25,4484,0.035604171863806836,0.07876147305999953,0.035329204852889415,0.12722182364176163,-0.05293214119232478,-0.01797657364697803,0.00030621168686867714,-0.024391051384188633,0.0509039074509418
2024-10-28,4485,0.05039901739777938,0.10075770341363205,0.014693568059918727,0.13660766326443446,-0.0401310931279348,-0.023207400469288132,0.01267377965346642,-0.03309048738826481,0.04266272449027485
2024-10-29,4486,0.0388306213851562,0.07944013960072567,0.03301657030842108,0.11186171381063115,-0.03874726158491973,-0.016115172606205107,0.0036122528148174464,-0.02359102482044092,0.04378851823401505
2024-10-30,4487,0.021871169721006164,0.07771433029792435,0.023965208603565196,0.12510616128593774,-0.04589981098767531,-0.025085198268819105,0.024032807404083038,-0.0337635241155878,0.03843735623324008
2024-10-31,4488,0.017964272193996312,0.06810997445704482,0.025663662560945606,0.1115813497588013,-0.04456725874103681,-0.012990906008445073,0.0010003228989419325,-0.027211035039461578,0.032486094343762074
2024-11-01,4489,0.037864845560236865,0.07332107679654852,0.0077789911792231145,0.08334103355642142,-0.03217859238488915,-0.004225987636127796,-0.008557043152012821,-0.03343958742204099,0.02274526200961662
2024-11-04,4490,0.03274255795285408,0.04502995410377109,0.02778411651704688,0.07929992226764693,-0.04041620141412687,0.010886488235691,-0.01991248048957871,-0.040335553167357076,-0.029690895828081036
2024-11-05,4491,0.019154483131289635,0.034083014857219006,0.022683101659145697,0.08226500555347467,-0.06653882159060064,0.04173147765793078,-0.029404743433092875,-0.06901393901314945,-0.05653880992397088
2024-11-06,4492,0.004663576794390054,-0.015115982452173927,0.027978057262286315,0.1121587995215234,-0.09539458481214655,0.04708200891777923,-0.040425768908528927,-0.08923343995405467,-0.0747886091157237
2024-11-07,4493,-0.03552708587460698,-0.006347824482129755,0.04059384649893662,0.09263426170005015,-0.07601379771416218,0.03832192625575928,-0.007600541888013801,-0.09373251496504613,-0.07787551475252912
2024-11-08,4494,-0.050459920689088576,-0.009819430217099289,-0.017984829391891055,0.12693287179444773,-0.09366857334307509,0.01670131366291097,-0.026012698714653656,-0.11040384064880801,-0.09943783102419942
2024-11-11,4495,-0.06391071683499842,-0.02799365700744974,-0.021768169260966946,0.15459012785213266,-0.1114937683098933,0.012766764285596121,-0.02709396522396608,-0.12168990559699593,-0.10850738303825436
2024-11-12,4496,-0.0858459025157016,0.0054952499480139015,-0.06881312205269548,0.1707333254254729,-0.10138560562229348,-0.030341173802424376,-0.060140563579622316,-0.13156148975833598,-0.11312471856958733
2024-11-13,4497,-0.05695778940233001,0.037911609387711924,-0.03216028088441583,0.13732726692181987,-0.0884706954087605,-0.028843604431833737,-0.05387632714398821,-0.12077504186578521,-0.09518258601369219
2024-11-14,4498,-0.010116991230031206,0.05059845326159832,0.028602546280060273,0.13824117830362656,-0.10966556865000447,0.0013800975292586454,-0.05570417723090594,-0.10376043908086911,-0.08999066021606476
2024-11-15,4499,-0.035788906373970725,-0.009080844758839654,0.056764081229881996,0.15930379665307662,-0.14071428738423006,0.019726865559587248,-0.03460570747322739,-0.0810424603634763,-0.0942383456873061
2024-11-18,4500,-0.026102348370841487,-0.020269675347972364,0.10753431152747217,0.1509714320426139,-0.13218784761754745,0.012127096606024434,-0.016051834345303957,-0.05548385841368258,-0.08294597489067297
2024-11-19,4501,-0.046365695011283965,-0.028269959276079296,0.07835194937482466,0.17707321066535514,-0.11929492362966904,-0.01744046568765319,-0.038978685859953864,-0.05947059520706974,-0.0790150658013449
2024-11-20,4502,-0.018579920025697447,-0.01672286350145892,0.09650381213779563,0.17917144030379023,-0.11381211271065367,-0.0005693988288627032,-0.03778947289852905,-0.06559819583660668,-0.08640737616378495
2024-11-21,4503,-0.02258832672839008,-0.033305847330883584,0.10674232964198786,0.1647335932533523,-0.11059030136276232,0.012196014794707317,-0.021529560607313526,-0.057398584196199066,-0.08363814175325175
2024-11-22,4504,-0.022005867238660395,0.011948557361487323,0.022562702374052467,0.16343338831405008,-0.09697391607090276,-0.005994905392474453,-0.026409259726142515,-0.07419192188615652,-0.08761850132584016
2024-11-25,4505,-0.059135122355551524,0.02143169680676626,-0.06948374796846164,0.15375243039761838,-0.0859954399291383,-0.02422142015031969,-0.020793111420793674,-0.06973247654721156,-0.07676914357129018
2024-11-26,4506,-0.06977083364929623,0.04128819669012194,-0.03580662298299242,0.18350502029037297,-0.10493628167908307,-0.01900159458109002,-0.014804469052353247,-0.0746604804311294,-0.08905785141986387
2024-11-27,4507,-0.02514754865266778,0.08401854653611238,-0.04749945204888324,0.194866969967763,-0.09999727384206651,-0.03970278654239552,-0.010845706554281666,-0.1240238487712298,-0.06956357954297922
2024-11-29,4508,0.002043319954286675,0.1088551267533841,-0.052870418312495886,0.16734100081563227,-0.07669284806501502,-0.040879107559101735,0.000888231375262193,-0.13769884887421474,-0.05787268827819873
2024-12-02,4509,0.03854740573412494,0.14379858699646078,-0.07234056263365664,0.10817382809570786,-0.04967337995825276,-0.005956259270518041,-0.005159138042674888,-0.15566433560392212,-0.06132351313487767
2024-12-03,4510,0.04758200530744984,0.1647939941924476,-0.10956263481156309,0.07883305560204333,-0.026568596237832757,-0.007893253124106337,0.005463895406817078,-0.1496982648458085,-0.06071214160917453
2024-12-04,4511,0.027656116838330278,0.11480008709319968,-0.06359175563726167,0.06484716798971153,-0.04217911221821122,0.01608419184868414,0.03735915208071268,-0.11247607929390553,0.01654400922899984
2024-12-05,4512,0.027975728993358713,0.1052533719150745,-0.02786534642181733,0.05579178890540345,-0.03572091028818223,0.034550082137168855,0.03779598729926745,-0.09112439933321648,0.012827696558812867
2024-12-06,4513,0.06242805354828368,0.16161462881277588,-0.09098595554823807,0.05606344484765698,-0.014539516018798375,-0.011050983243272892,0.010196463275783699,-0.12843472414960078,-0.01103360866396987
2024-12-09,4514,0.14052308747668435,0.19533255600343138,-0.10239807944249926,0.03836658898323026,-0.0011600496037684606,-0.0022627696861052963,0.0069924300563235,-0.15642731692659106,0.005714299661699353
2024-12-10,4515,0.11025757001863525,0.14837104007548332,-0.08549101604193882,0.03769808504787112,-0.02363001149913127,0.017463474873144917,0.011090548139336045,-0.17458521587999923,0.022599623410274737
2024-12-11,4516,0.06929202306776872,0.14119777234676936,-0.11698768220013173,0.027853558294966618,-0.0031170924599278676,-0.011628736146303338,0.00196740183218151,-0.16946330187978711,-0.0003751368997963255
2024-12-12,4517,0.07923662836151338,0.12721542121877388,-0.08890152727046094,0.025609001049051797,-0.014613617540784772,0.01766162908947068,0.02415330769681062,-0.1430690668778799,0.013726923159383878
2024-12-13,4518,0.06788585526552385,0.10411055304059616,-0.06502503793193704,0.05595745223739205,-0.03851279213675988,0.008496761484457582,0.037163890910055224,-0.12063514142439306,0.033011872571502496
2024-12-16,4519,0.05188708489448782,0.06297239611191109,-0.07156512480388813,0.05745229760173425,-0.0404594930940851,-0.012364144710143323,0.02128065439363471,-0.10043586627877933,0.04486940818152501
2024-12-17,4520,0.051315374767180996,0.07334611853294105,-0.0784771050605381,0.048231504752913865,-0.01644416145209012,-0.020610465205956014,0.004847932479110267,-0.11090315834791772,0.03871533326140931
2024-12-18,4521,0.060640294263567596,0.0767187748996778,-0.042958895835243184,0.01993191470996178,-0.014928826893842069,0.014150368725761139,0.01066259859568581,-0.09966410379614701,0.023228931273871687
2024-12-19,4522,0.022486635536863964,0.03295466044931622,-0.012323998728300202,-0.002250487282847661,-0.026343488289733416,0.036855855343452606,0.019899624340497243,-0.08721143038030223,0.02389869794776659
2024-12-20,4523,-0.017356835789243005,0.061514911305623456,-0.15257139127241573,0.013175692287137856,0.015216814422624497,-0.019932226464670882,-0.029751774954638592,-0.08519941023229122,0.007086341701262465
2024-12-23,4524,-0.025271988944784978,0.08004869103686672,-0.2093463375020478,0.04324365516532354,0.01807481324771413,-0.0575235037286815,-0.056134924284314866,-0.09093422757012369,0.005312625311993961
2024-12-24,4525,-0.023213845970709055,0.08524597815983367,-0.2567391327668986,0.047750356554179765,0.05430347503765203,-0.0906665581735123,-0.07522418146936308,-0.0899505854715709,-0.015270793434638158
2024-12-26,4526,0.030405590223093755,0.11857573214755512,-0.26744548464595946,0.04743704631221276,0.05736946441201956,-0.09050840231282935,-0.0918224636538294,-0.0880185084311594,-0.014198150087001897
2024-12-27,4527,0.05260808646388569,0.144477582824739,-0.271144841384402,0.012776658912524698,0.06642552375703013,-0.09030671974773488,-0.0989636872410518,-0.08405092635024249,-0.036290600588638235
2024-12-30,4528,0.08524103463084441,0.18025293048779162,-0.28466175249285647,-0.0007472220642672334,0.08221538292753812,-0.079571006242463,-0.11342717799821635,-0.08946892356766012,-0.03975329123218856
2024-12-31,4529,0.1023518210274212,0.26239751980446896,-0.3590019821667328,-0.0033814771147807786,0.11405226558192091,-0.10530147570725082,-0.13731693088746977,-0.09087713495653621,-0.058008691749638276
2025-01-02,4530,0.05264051586602473,0.22302775681714243,-0.3657124368894426,0.019236128014286497,0.11590735736363,-0.10373981282397107,-0.13806645176087523,-0.08443671015553317,-0.0702161219989905
2025-01-03,4531,0.043066418785899396,0.19207211962362628,-0.38913278236828863,0.02354049979272523,0.11198605256028009,-0.12716970082444767,-0.14645812155425292,-0.07977668570506434,-0.07668790402825168
2025-01-06,4532,-0.01341740889673037,0.13492161342958825,-0.44730605032074766,0.009067656492385185,0.14352966665398287,-0.15915988883424292,-0.14676769585718016,-0.048599094992936645,-0.08716183727282613
2025-01-07,4533,-0.02586702180925102,0.12951233368811943,-0.42638035536987823,0.009070289513917766,0.13796812792437915,-0.16618771738090302,-0.14717852563691147,-0.04107687300491752,-0.09757451705790515
2025-01-08,4534,-0.06750971664683375,0.11957322865781653,-0.4494515693992592,-0.004991436047344699,0.1500379726353463,-0.17954564882317509,-0.13796086102731805,-0.005094106192369333,-0.1078340582298285
2025-01-10,4535,-0.0069022120404757656,0.13193675550928893,-0.3935872073685807,-0.05224971585800167,0.14472893878482906,-0.11732160150614176,-0.118657058456097,-0.072292049362962,-0.10057915212744545
2025-01-13,4536,0.01707779079470589,0.153888200952672,-0.3444328513237319,-0.07853892954606288,0.12926296730163192,-0.05594521546716036,-0.09368159830170736,-0.0701119932155219,-0.11242330036518661
2025-01-14,4537,-0.027977635764295756,0.1355609518384944,-0.3616328611336768,-0.064494547121737,0.11427457499577783,-0.04508989362237411,-0.0973948025994005,-0.05868023313119966,-0.11208974788003567
2025-01-15,4538,-0.03352902178262898,0.10062540192005635,-0.3551263090232613,-0.0780515051671517,0.1179702370498527,-0.051523134261141745,-0.09992749550935931,-0.06769801315166728,-0.10892762269826808
2025-01-16,4539,-0.034935785910764065,0.10158232133832372,-0.337838376492155,-0.08836489113316169,0.11271111511129607,-0.040425020399564186,-0.09362578506349123,-0.0571323249236884,-0.10295358631824016
2025-01-17,4540,-0.0706618576420021,0.09565799216676345,-0.3670109346065862,-0.07923723161819331,0.11514978541092614,-0.057637365418796105,-0.09610545084593083,-0.06707941154557265,-0.1164263943675573
2025-01-21,4541,-0.052523634782047364,0.08742748401238497,-0.36734744958897664,-0.0794500243791203,0.12218619873693425,-0.07378400365173518,-0.10237869525205588,-0.07156204107284453,-0.11650899266122232
2025-01-22,4542,-0.028260534721999055,0.0792740148376984,-0.36997188917832574,-0.08678276129103057,0.1156493693060675,-0.07170278744677772,-0.0956699810579785,-0.07621583922270364,-0.1295501569533827
2025-01-23,4543,-0.0022028559989605225,0.10693726513057224,-0.38380702153560964,-0.09354173097361164,0.12408235416878857,-0.08248112503823943,-0.09705616576912895,-0.07851370179286433,-0.1290364919144227
2025-01-24,4544,0.06548876060351153,0.14036980042275968,-0.31505137497809516,-0.0776231907866826,0.10126629305838387,-0.05726459607390104,-0.09570094386333365,-0.08994149111577789,-0.08482166120700253
2025-01-27,4545,0.09715790494715094,0.2120190919613882,-0.29523338577398717,-0.07661555666449259,0.1021781939553531,-0.05843961138880514,-0.10611525005861493,-0.11068140441982964,-0.058683233011845075
2025-01-28,4546,0.04039622173581028,0.17159977754093836,-0.3629612440221827,-0.0958087581687517,0.1330697600484139,-0.10106001827653537,-0.12177056222364879,-0.10147330130911547,-0.09069775685724303
2025-01-29,4547,-0.010316573564105128,0.15591127933077095,-0.3856368005279031,-0.08161321763891527,0.12334810505835123,-0.10421648449136402,-0.126690347942197,-0.08473446024576212,-0.09812297120292983
2025-01-30,4548,0.0033180222899436692,0.16062734329691344,-0.42542887584741673,-0.08558629270479477,0.13656699121758398,-0.11383017034942834,-0.1220873986588592,-0.07597551260093088,-0.12435417464088214
2025-01-31,4549,0.018951291920618868,0.18170579541508117,-0.43325028077320543,-0.06622611910377743,0.13659158071685013,-0.14556480652848372,-0.1283569641905787,-0.08958005406406931,-0.11596160667620281
2025-02-03,4550,-0.008051079125546076,0.20525060564359476,-0.4594841916580117,-0.03884759591525569,0.13872458792409345,-0.1805351386678816,-0.12542464199221512,-0.09668596833277616,0.17788219594893231
2025-02-04,4551,0.011740495060370615,0.1899709004952827,-0.45996196234429393,-0.03266303229368398,0.13822502900979758,-0.18424667125076266,-0.10926528921845446,-0.10381124740210594,0.19390272848840448
2025-02-05,4552,-0.0030102160949256125,0.21054853527390105,-0.4776796937817119,-0.026595693216697042,0.14991254326739903,-0.175791136616811,-0.11153673550267679,-0.10749223371659104,0.23731270391231551
2025-02-06,4553,-0.06391201393654385,0.17307581459256013,-0.46565719393202437,0.00812106204927591,0.15015718787186727,-0.19042800346477476,-0.08898706035126581,-0.07194246469051124,0.2482786232923279
2025-02-07,4554,-0.020492947574510652,0.1923398140781968,-0.44951564441287034,0.007529423192603274,0.15076703068369446,-0.18589803272667577,-0.08295601414870389,-0.07494727281555032,0.25837269898704623
2025-02-10,4555,0.025103403388775893,0.23167763920432863,-0.4769814710967663,-0.0045962099025390795,0.17219156575481598,-0.19349588864440406,-0.08717863550254087,-0.08313883551686989,0.24835658361971757
2025-02-11,4556,0.07207358799825443,0.21232405731101645,-0.40214160971336693,0.015290003087653443,0.14009025020532948,-0.180743104054552,-0.055869604978137956,-0.09203509615220841,0.27104496306471526
2025-02-12,4557,0.08617316050841205,0.23349332899719877,-0.4461131107848907,0.02059460364708035,0.14978039286362643,-0.1872282524726803,-0.03613170792839881,-0.08228608440443048,0.2908338090520931
2025-02-13,4558,0.10951007576700147,0.22310132728580565,-0.43746907298766136,0.016362335027586147,0.1610607976228761,-0.18179699604310273,-0.0006805680321238382,-0.08287290864290023,0.30693319573759514
2025-02-14,4559,0.07742015321025396,0.19929602377672534,-0.4464021696949954,0.0012328615467872767,0.18587208783253933,-0.173720870142451,0.005273972952189426,-0.08059417738781201,0.31060504689324203
2025-02-18,4560,0.12551591409468812,0.21482200059679446,-0.4400401665673485,-0.010988336800720009,0.18439321213355844,-0.1588815747990664,0.012503948754108814,-0.07538858960940135,0.29115194197973365
2025-02-19,4561,0.1433337125381943,0.24902057120440757,-0.45201673473810045,-0.016928036564978752,0.182751970311087,-0.1652301847771257,0.019363102540648255,-0.07411799769541778,0.2771067302684888
2025-02-20,4562,0.14102089254038375,0.26560483474766655,-0.4464438795494221,-0.027843593509292844,0.1829231365869112,-0.16588169999352406,0.0317364034065567,-0.07450057398333652,0.2676255953437863
2025-02-21,4563,0.11925498567419959,0.2684085707344001,-0.3993856278486692,-0.027314431013606567,0.17932238397903494,-0.14475488436590125,0.043011664989200844,-0.04847940710961278,0.2521863616057909
2025-02-24,4564,0.13743855463250246,0.25250068989085644,-0.33643016651000895,-0.0644690769494191,0.18621410674142896,-0.10229186200418572,0.027284411381306214,-0.054359051104186415,0.23447827935927756
2025-02-25,4565,0.1655302024565483,0.25931393676097286,-0.2860221747863187,-0.08730097959621239,0.15369302596721657,-0.06354521174039646,-0.006715933580851919,-0.0522921313920006,0.21750087911486826
2025-02-26,4566,0.1534638259523779,0.1985736119179956,-0.25127592310208935,-0.0625567916763601,0.14800475363273033,-0.06444628179024688,0.013112755452182094,-0.03112055784141428,0.23187365449313754
2025-02-27,4567,0.17136450102785505,0.1386687139739103,-0.11726592795705819,-0.01660940225571115,0.07677328142246012,-0.015502698008088954,-0.01707439527046244,-0.04746146643683936,0.2369229590122161
2025-02-28,4568,0.1298349504302521,0.15884828450333627,-0.16774778205530874,-0.029449693314879826,0.09374973667178974,-0.04608915730617676,-0.005647634884726974,-0.025225582831502308,0.23326640405706373
2025-03-03,4569,0.1406566810717561,0.021469037729434915,0.01444132934469632,-0.017024835810721502,0.04477065066943361,0.01840609523858577,-0.027335673749498142,-0.021391500492339743,0.18012716332393294
2025-03-04,4570,0.16918824396549548,0.15237264744618387,-0.12756654136416537,-0.018955227638127733,0.09057119093535973,-0.03766271109477282,-0.04250974309919067,-0.030969250054689167,0.039887368259184125
2025-03-05,4571,0.22283588856460812,0.13048877692941357,-0.08928996743894563,-0.03797289216677691,0.08457564849522857,-0.005501936096451923,-0.03377554600488339,-0.030739942405936013,0.03652913300312211
2025-03-06,4572,0.2969756909194422,0.13418687763736672,-0.037051921431670694,-0.03588482465110539,0.07206821040924533,0.021172164748105314,-0.023384096518207716,-0.060279624195836504,0.02664005777240383
2025-03-07,4573,0.3553596843584332,0.12494762962387965,-0.02076759972390697,-0.02092128486253838,0.06244989566581268,0.017154305838967775,-0.0027434398277478276,-0.09195435600909585,0.009190401182477851
2025-03-10,4574,0.3956547469653353,0.09471292198187294,0.005410443400842443,-0.007185802167351966,0.05329928458856834,0.017161232571836212,-0.007782992801375951,-0.13004181900286754,0.012558751874270779
2025-03-11,4575,0.3280574891909097,0.18963149797508563,-0.10028297059123084,0.020342126499633333,0.08042857703259793,-0.05412385009508093,-0.011437804242923223,-0.11845303837710884,0.020384361917406526
2025-03-12,4576,0.3018438223134426,0.11682742619592167,-0.04243570671874827,0.06053622224120952,0.054763268317785586,-0.07009527878564659,-0.0029704334124245023,-0.1528930220571192,0.008745377794994635
2025-03-13,4577,0.29505609833381236,0.11249974827990862,-0.04216008301552698,0.05723879415535932,0.03849161080272488,-0.07341408231797242,-0.014575295273648519,-0.14460154354960053,0.02149956326745026
2025-03-14,4578,0.24816474506182962,0.0027085907688424414,0.04513205784126638,0.11056712998319289,0.021822196706237754,-0.08821141912362526,0.005338508209343972,-0.12743707521753125,0.001846964263170597
2025-03-17,4579,0.26945597592696324,-0.023447650307068243,0.07923562846753172,0.10447371316821986,0.01933704769462897,-0.07747322888309234,-0.001394959787816285,-0.1333508665497897,0.0023240426725126308
2025-03-18,4580,0.27471255429783364,-0.021593903222446368,0.07936010920705927,0.11384785355372877,0.008225621063985361,-0.0757834621308518,0.007195254119399363,-0.14613922917704894,-0.0008734029527237254
2025-03-19,4581,0.24891454560164855,0.02634786615609185,0.028131321315399548,0.10593358287036284,0.025359602499212677,-0.0815637397855467,0.00037724257667729995,-0.14138280401072953,-0.02200966157743737
2025-03-20,4582,0.22043354899617273,-0.011156955896369863,0.061057023089597484,0.11579327419401246,0.0121226685303913,-0.07065604872457072,0.0019516503723890535,-0.1436797110761982,-0.028933867198632935
2025-03-21,4583,0.20296099567066697,0.06822024162514741,-0.019499115516910668,0.08862739432326198,0.052856975126211556,-0.08119929851463564,-0.012146977192483982,-0.13624597144623357,-0.02368184959082205
2025-03-24,4584,0.1900293429967479,0.08366378212182647,-0.01612965834670987,0.08360473711712126,0.04973869675083098,-0.06022700861581817,-0.007638096599713215,-0.13160279581762135,-0.036083149153322336
2025-03-25,4585,0.17527051630162252,0.10443740474835607,-0.026456516580391432,0.06876311243279258,0.04692257535881772,-0.05105217407601218,0.007510135643825634,-0.1274053783562038,-0.04915455764291959
2025-03-26,4586,0.18092831284720468,0.03519889507183918,0.07985922381005782,0.06680297801546253,0.013195972719910378,-0.009789537234766377,0.031903497920487627,-0.1420117436105743,-0.049157984271488576
2025-03-27,4587,0.21326030126655732,0.04045075298305116,0.08873276215514271,0.05207776616380245,0.014972501189998285,0.00884474094668976,0.03366982763233206,-0.15691389004071712,-0.03553681013591183
2025-03-28,4588,0.17034761626398673,-0.08814339146177817,0.19832145218018235,0.07771804191520851,-0.017821235586844585,0.01625582517896677,0.0552421091657043,-0.15535128938626472,-0.050556707320066153
2025-03-31,4589,0.15948725653498885,-0.11150313585758087,0.21651659300384837,0.0662365571986007,-0.03841234549834061,0.046591931801201976,0.0724409594715962,-0.1286069627565974,-0.06592575181101622
2025-04-01,4590,0.10932105659165461,-0.14980216041166944,0.25732468882291387,0.02222495933331077,-0.043698097636450585,0.08960123229199647,0.09327655598133636,-0.08665172199179104,-0.08771596658665907
2025-04-02,4591,0.13510164394311314,-0.11841319985567941,0.25128763260528947,0.042954487750519604,-0.03953050827525973,0.07703339545389004,0.09865280997276994,-0.09733256512404498,-0.06894838923684744
2025-04-03,4592,0.1105360173251331,-0.25672271359384613,0.3576075178046024,0.029177813910008614,-0.06015072395748829,0.08718352952810976,0.11479189730924921,-0.07731447284979631,0.044442862394958926
2025-04-04,4593,0.06341232154936434,-0.32102567550501454,0.4202026137938523,-0.013695063340527707,-0.1022883571214188,0.13558617553920543,0.10931892510866441,-0.06857980318851734,0.05798388958503974
2025-04-07,4594,0.033873962704910644,-0.22908813362465044,0.3183726781108511,0.002548225640502676,-0.06697487927780421,0.08172674958617249,0.08871778559704448,-0.0827602756026906,0.05055719068153127
2025-04-08,4595,-0.04746540001570673,-0.32988686805600387,0.4210859815069956,0.001762131908282541,-0.10834802846816449,0.12972621274211057,0.10731009005397975,-0.044241537517738516,0.039035932681687834
2025-04-09,4596,0.010609769056824396,-0.2315118410057077,0.38840464441528166,-0.05411421590869824,-0.07923313131872585,0.1538393441940625,0.09663025372100552,-0.025353287876343802,0.03542648449013779
2025-04-10,4597,-0.03675334648671982,-0.3456732075773577,0.45533602360959496,-0.07614842694442167,-0.08950588652067888,0.14831672179354244,0.09617774864064864,0.04521918619290669,0.010646926182615913
2025-04-11,4598,-0.07861923491388771,-0.3539585879866148,0.41734788484150737,-0.0731095871646681,-0.06541201209876946,0.12490233560738652,0.0792291430922632,0.03585921241650739,-0.00722417545970905
2025-04-14,4599,-0.09683473352619901,-0.3801125002602856,0.44920807403602825,-0.05045732893736683,-0.10012303358807094,0.1176923177810623,0.07660974044001849,0.02688314514214503,-0.004240805208429131
2025-04-15,4600,-0.0923587335715894,-0.366779078103362,0.440462470732289,-0.027321742434791206,-0.09831178472203558,0.09319612616403478,0.07243311354552288,0.010055577360618672,0.005320091971524912
2025-04-16,4601,-0.09060760672547219,-0.3390195641278323,0.4067185349246968,-0.026438162649221296,-0.09719673285474073,0.08499245389081915,0.06121705196876179,0.0068550489467643526,0.008636056506645411
2025-04-17,4602,-0.07245277733752001,-0.3600127512647908,0.4353855522302934,0.004058041224689691,-0.11997076318453294,0.0738092498015467,0.06863280834877651,-0.0029043753441901467,0.02547781213803049
2025-04-21,4603,-0.02661824499455439,-0.2989036694255439,0.38826880240380385,0.024104615889682053,-0.11527083747311255,0.053481951892306034,0.050358342003412736,-0.036890735784144334,0.03332972780421861
2025-04-22,4604,0.0026549489446789933,-0.22886358493483766,0.31197412115834494,0.009116311714396374,-0.10204448847665926,0.04037380092576813,0.01632439049522845,-0.04244302046341706,0.02923636641102035
2025-04-23,4605,0.019060718073980774,-0.21454490632286288,0.2937740925060084,0.024097871000424497,-0.08287829146988167,0.004647208450283511,0.02708302805206631,-0.053911061584339226,0.01667188620917269
2025-04-24,4606,0.04112194091614023,-0.14952549139605031,0.22908276612823264,0.01681008742258334,-0.05045860772000451,-0.02048668765255465,0.0007097583851949614,-0.04499779249628529,0.01721941078209844
2025-04-25,4607,0.011361236701749612,-0.1667014849906579,0.2575289698544824,0.006274919593065115,-0.04881947760951439,-0.010464229621255323,-0.009085937592739598,-0.0761548035901268,0.025681042470399793
2025-04-28,4608,-0.011663948465807351,-0.16923704296500985,0.2626825881530819,0.02408514938608611,-0.03752310810189857,-0.02935018889208158,-0.010215573000998,-0.0857826017694005,0.04171221782119049
2025-04-29,4609,-0.04973925408303652,-0.22522051395053583,0.3340556239048754,-0.0034098719378091746,-0.052480688752240004,0.005801123586522327,-0.009242165577726311,-0.0765797725957157,0.030959349716984715
2025-04-30,4610,-0.04699235671675616,-0.19993392990152906,0.2908369582910759,0.007347527232066938,-0.05066657555878731,-0.027060449437646003,-0.0022287521457912797,-0.09583609950708868,0.022052202994963143
2025-05-01,4611,-0.014539920976560509,-0.15552222337870347,0.2773603495461183,0.025863054456746172,-0.06412780225405793,-0.02232458835116514,0.005123310297379253,-0.10095513654794339,0.04898910327279888
2025-05-02,4612,-0.0773673478095954,-0.21091452254734228,0.2878452921329312,0.02983853310882824,-0.045946764782502404,-0.06248245989715739,-0.011479707683165767,-0.10300385775577632,0.016284339953381095
2025-05-05,4613,-0.18620194042967453,-0.2998930859534263,0.3588867083416518,-0.004087211703809324,-0.06434922436526082,-0.010727259082600405,-0.04296521799034333,-0.06988669787118448,-0.0008799019458405711
2025-05-06,4614,-0.23151055053617559,-0.32673662739420695,0.39751716699491857,-0.03959234420280745,-0.07704623751374953,0.039278186100076155,-0.06846088815239822,-0.03375752079382175,0.016342745012859764
2025-05-07,4615,-0.19166557705095594,-0.2750611671902787,0.3503627923738228,-0.045753471387958114,-0.0601549851097683,0.026920278717742975,-0.03380037107343007,-0.02737150198772279,0.0028564278704725937
2025-05-08,4616,-0.21826115591689407,-0.26591102945135214,0.3565187516533471,-0.059129849674335086,-0.05479088529888808,0.025753432993155044,-0.004206554490106825,-0.015266931979902124,-0.011587767313623393
2025-05-09,4617,-0.13608484162211446,-0.2255856114134797,0.30597097465444667,-0.07177078235351932,-0.03801765742352256,0.06422239949975969,-0.0009025094335057035,0.018022001091857257,0.004436694539202094
2025-05-12,4618,-0.14176723445593406,-0.1902521608216947,0.3065905129347878,-0.10320661481440623,-0.019489494061527765,0.06391949345748302,0.04771160908116183,0.020563447785916577,-0.029970308627619086
2025-05-13,4619,-0.13548741042059734,-0.15473413308585565,0.2384811715808452,-0.14069503538780337,0.009392208974561791,0.058138229027284494,0.04099026290254654,0.03286245441827105,-0.03944714735364177
2025-05-14,4620,-0.1085089096541821,-0.15698161455422335,0.26033594335539895,-0.16725244423615807,0.003010971482771051,0.08643200301688449,0.08966465895612769,0.047198130385101934,-0.03886592782654035
2025-05-15,4621,-0.08407226342386243,-0.1380104937122873,0.2651819613254352,-0.140973835171135,-0.01270139721221955,0.09040062836180135,0.08558122830801948,0.03274228493960438,-0.04118287853055251
2025-05-16,4622,-0.11036486843900505,-0.17007515422027522,0.3113986185619617,-0.15699546641865073,-0.01935240294407035,0.11441440590187345,0.09066096596524839,0.04746950458643734,-0.04005835693985212
2025-05-19,4623,-0.135518314976614,-0.19282633636390686,0.3284386326708824,-0.16072967211050818,-0.0309682353376486,0.1085969689243587,0.09546119651386074,0.04958241220364475,-0.04690637933353107
2025-05-20,4624,-0.11901155968167214,-0.1700000766465988,0.3259032603778151,-0.15258613251856873,-0.026930992607915975,0.086824822665127,0.0803357390017382,0.026269522365971163,-0.05659781153307106
2025-05-21,4625,-0.17459193057219483,-0.24655454959144507,0.36535139014889073,-0.16501477844260043,-0.031758565067078665,0.10927004039255071,0.09580324822500183,0.05558676940672878,-0.038020415746893826
2025-05-22,4626,-0.2396175559003191,-0.3066429140265884,0.38339138054929695,-0.13065611611957909,-0.02480591593876191,0.06793906193838362,0.0862065910962415,0.0631928565795521,-0.0328681017291701
2025-05-23,4627,-0.25401852330662344,-0.3275285260808058,0.4032231430127264,-0.11288656928161814,-0.037236564507353256,0.06543113884008575,0.0875219800348587,0.08040328413314901,-0.02712241460493523
2025-05-27,4628,-0.20915526314596442,-0.26821349737593625,0.3707834227349663,-0.12403756442705213,-0.03392279536794771,0.08673589672016563,0.08804288430418684,0.06485384199614126,-0.017231235711597712
2025-05-28,4629,-0.211530286349499,-0.2541888317821794,0.34414658218954974,-0.11609490125887428,-0.006680458351084764,0.05865086058722857,0.08129181173695521,0.05640102511828622,-0.017621292527160833
2025-05-29,4630,-0.2240213179350719,-0.2758984577700012,0.4157562909380914,-0.07880768706317139,-0.04346103326004102,0.06009540122286997,0.07924092560705077,0.026470147251164765,-0.020312383990401195
2025-05-30,4631,-0.2149557622910338,-0.24519264571764873,0.35293523719602693,-0.09188563711322305,0.0009951900974912908,0.03735975592629451,0.046772818576542606,0.023307335217108528,-0.034642775914006226
2025-06-02,4632,-0.17699577796587698,-0.22038252282224657,0.3166269292744087,-0.07361303758488824,0.017134819892489415,0.016455595021290355,0.05535081580851137,0.01993468528277639,-0.035584065382835255
2025-06-03,4633,-0.06826592521533521,-0.09187478828821717,0.2418000851657487,-0.08467908012672368,0.03323318256100025,0.026498878587489078,0.03999622183495777,-0.012104186477439395,0.057967483987868815
2025-06-04,4634,-0.02815454564138986,-0.0342920032050359,0.15208643778978698,-0.08340286877626622,0.08148345736367191,-0.0006650141354730821,0.023139387600192657,-0.006315678367001031,0.04430051649890044
2025-06-05,4635,-0.02464365504692975,-0.04733566097740117,0.17340439089573376,-0.07416874423437637,0.06052423390895452,0.01838544451250422,0.033507171331088895,-0.021821767088304668,0.05418372555522008
2025-06-06,4636,-0.004534295674263243,-0.012523259504116618,0.11123936836352112,-0.06370189352735453,0.07822046911338006,-0.010871357038351643,0.007796279134297632,-0.007786451033841445,0.054974269058204676
2025-06-09,4637,0.058763358614773366,0.05282951831620278,0.08273266354193326,-0.019680888119094284,0.0753326999825776,-0.023147730508432586,0.009500067097889158,-0.01895387965633821,0.06123936356147364
2025-06-10,4638,0.09323959764462247,0.08440459009062609,0.05643238918162937,0.0026615840924678314,0.06493082818756465,-0.021333308470386014,0.004210024656760084,-0.056438714603759856,0.05680522970024043
2025-06-11,4639,0.07453211119239198,0.044983648587814104,0.08380349915280237,0.0049309636413393115,0.07214385144142005,-0.027619669649862892,0.014228198650761373,-0.052694172192973336,0.056757136564615986
2025-06-12,4640,0.09814953057988886,0.034077486375042425,0.11640247630795242,-0.005479326331168303,0.06596609574229577,0.002209612336725597,0.04227753052068701,-0.03988176286266557,0.06755873686673974
2025-06-13,4641,0.06293766892682409,-0.046221004410008176,0.16377554166410574,0.008152736460747118,0.060857744327545406,0.004371849193837963,0.06370648675039166,-0.012098527267094506,0.06633478194538477
2025-06-16,4642,-0.009715943447351704,-0.09973087232680541,0.17574466863614863,0.0017662850018861146,0.0647637602210228,0.006814734736915237,0.06444093055876532,0.03451886217964157,0.08688291477370001
2025-06-17,4643,-0.022759133755394928,-0.12999930150157926,0.18251327725278388,-0.02779694096840392,0.0790889745335154,0.016865666432745036,0.05894363617215311,0.02865355950452342,0.08870503012858165
2025-06-18,4644,-0.029698601967204977,-0.11073037221516956,0.1657294047061584,0.008325941540572918,0.057433056530481544,0.013719336712508289,0.06160570438359949,0.02013638999263223,0.06905339863584022
2025-06-20,4645,-0.04993281747399042,-0.16276645515658972,0.2454012467674876,0.01831368997686175,0.027969401511318902,0.04572424487492506,0.08089354222985139,0.021012771256910565,0.06899259908902797
2025-06-23,4646,-0.09437335436584517,-0.13590042711140504,0.1803671793722573,0.023990082615274137,0.041862519939222166,0.010857465055421803,0.04589407662481064,0.01591999317309462,0.04321194719291615
2025-06-24,4647,-0.058631626294144375,-0.07333274837947638,0.11345643147860163,0.002905709362728883,0.06716886801346202,-0.0011966156645398204,0.03520623213669766,0.015766375153544773,0.02078989573870681
2025-06-25,4648,-0.04035028703979409,-0.07871477980551002,0.1252503048316708,-0.0014159349754482528,0.039557437551159126,0.02965671382350245,0.042538474053811844,0.01745610197913343,0.01662222600328734
2025-06-26,4649,-0.08651642271597347,-0.13788919961208465,0.17150854253902248,0.00114411474397028,0.03446772489311789,0.02486980466239745,0.03554255382380954,0.042419271808044716,0.03915962476105855
2025-06-27,4650,-0.09409111608594314,-0.1276150402897673,0.16823598061664588,-0.02640968574091868,0.037617904586486,0.020755907100498492,0.029815910087856532,0.03726685821460444,0.03530828263885332
2025-06-30,4651,-0.08120423171585417,-0.13453402235248252,0.20796476721453128,-0.045201057760061024,0.040241198642255546,0.03490590722273831,0.03498516344857215,0.05359268738786812,0.03919408234400406
2025-07-01,4652,-0.013355336634118078,-0.061589199491483275,0.1786635368096766,-0.040391337192161376,0.01468656674796926,0.07605530225089757,0.05289294381384995,0.028136532811003045,0.012200482419007301
2025-07-02,4653,0.028080537627063057,-0.009411423390421897,0.14293366728308385,-0.020844479414553894,0.007064721446211314,0.06893808643916549,0.04374562607181908,-0.0035966726528887057,0.00446969238075342
2025-07-03,4654,-0.009444982889533942,-0.04783505534802029,0.1314489132016231,-0.01827102400828253,0.007900270187391343,0.05244483009356575,0.021116617262486603,0.009136058613941565,0.007685995406165126
2025-07-07,4655,-0.014566841819746285,-0.06484472800717092,0.11369888890778694,-0.03264437408990409,0.014859328331246794,0.05875322420969103,0.01841887987970285,0.01990880982949,-0.0390740362154407
2025-07-08,4656,0.04573475864727457,-0.009837934729422786,0.0791544237497556,-0.020259038893182497,0.039380486747755045,0.045830796179059066,0.02349897494959938,0.005886205970420194,-0.02451704025952359
2025-07-09,4657,0.06320192427762844,0.023701415067381538,0.04922197792323275,-0.003412582889024124,0.04770836441408222,0.007515388040529292,0.01722396136328754,-0.0033818215749238916,-0.037298679094542236
2025-07-10,4658,0.04001624836230551,-0.006847833497112332,0.08853292913337248,0.010833571153903744,0.023690703183117567,0.03484575613194735,0.03268073769411461,0.003941465776125945,-0.025461264855618573
2025-07-11,4659,0.04627486360498709,-0.026672950156410757,0.12632386864312478,0.06079924759464576,-0.011484628103669936,0.03827401384700898,0.05041151431661409,0.0013638016639561604,-0.02663686962026982
2025-07-14,4660,0.03245222439247106,-0.022267461543651307,0.10838999207564223,0.062097737636931896,-0.005588631122139344,0.028936213951330513,0.04199325627156869,-0.007914505199805383,-0.02764726202652884
2025-07-15,4661,0.0014036214359199803,-0.04282911421080619,0.11081993054100814,0.04362813481766674,0.011417491112758683,0.02382079282320982,0.028251723340579703,0.0026172399249580025,-0.046541552952137605
2025-07-16,4662,-0.02373740738243926,-0.06827176448704726,0.1386786816531061,0.0631658740665692,-0.00770155535230763,0.008504396671677057,0.028515699530101305,0.003833520180692477,-0.05627314642182947
2025-07-17,4663,0.021688020075728426,-0.030321703355343205,0.08794589332987243,0.05607645748724273,0.008889351696043562,0.008907535253766431,0.015960322286033734,-0.020052088721886227,-0.04870660372368809
2025-07-18,4664,-0.015637722287882447,-0.0674510015434553,0.12835098764220906,0.07636222060024794,-0.005127387422775639,0.01650665205743564,0.02432117850762509,-0.0007907143389339548,-0.05554918039377963
2025-07-21,4665,-0.00781052812240597,-0.0762806028312495,0.16150897351153723,0.06562118639800221,-0.022816312946065394,0.03553619866349932,0.020892844780703232,-0.01272165183448304,-0.05971383706619574
2025-07-22,4666,0.07720940467822349,-0.014030003931328465,0.1163029291047939,0.04765694804974867,-0.01885546255251824,0.05455909776825792,0.04072044083942467,-0.03373972351302071,-0.042909345505538196
2025-07-23,4667,0.0576100489932632,-0.01765242519909718,0.14176588948068503,0.016315734731533346,-0.01043309106968381,0.07399547573876789,0.03305537048618329,-0.023643153452712798,-0.06127531866232154
2025-07-24,4668,0.0856208183262617,-0.00026680657926798657,0.1487678925041118,-0.002638634462077628,0.00028647478414867416,0.0808804083168571,0.010457241387230582,-0.039872945227072056,-0.06517673475389552
2025-07-25,4669,0.07610582632924479,-0.016243250444859966,0.16797590613587055,-0.009720571585932035,-0.02202184955102544,0.0964879599246455,0.0149490446579524,-0.022178636795766413,-0.0707772408120055
2025-07-28,4670,0.08659029147442651,-0.012350073749681341,0.1698388815294827,-0.043260553725041215,-0.0272420886458009,0.11360570256583183,0.02331157934816311,-0.01936283642114709,-0.0687085883407225
2025-07-29,4671,0.04249218546596054,-0.05401471674957731,0.21856933504000348,-0.05923951711704193,-0.03171414000959391,0.11451389311664797,0.032586664601311016,-0.0026936350664519427,-0.08107508539271244
2025-07-30,4672,0.005504346683807255,-0.06761873462774702,0.2004012821359044,-0.08852445751440367,-0.013199897455224615,0.10910809730648584,0.007251088884426553,0.01393650569364505,-0.10665269405994668
2025-07-31,4673,0.00018682827056217108,-0.08644544118815095,0.25664292009351913,-0.08260921057066645,-0.042723180947536375,0.12118109858622256,-0.03150123127704512,0.02604150228928372,-0.11049081527019573
2025-08-01,4674,-0.014769798833494002,-0.12481840663323523,0.26363161608014407,-0.08718945124102774,-0.051263548533310756,0.13278734145727938,-0.03979620150150749,0.035774816316301486,-0.11536307517487926
2025-08-04,4675,-0.02374958302662392,-0.09714124116032877,0.23710074239206455,-0.11075550204618691,-0.029970152182052172,0.12844489595966116,-0.029075328876117097,0.034155562055681536,-0.027033163285289163
2025-08-05,4676,-0.02422940579025833,-0.09167828298341749,0.26005097295801793,-0.11640605717214143,-0.035738295778744995,0.12849891418938936,-0.04376249211095743,0.015562660028813468,-0.039796306049158306
2025-08-06,4677,-0.007645724436129886,-0.1078016632373541,0.2842615721169694,-0.14184583689944846,-0.03536208989000188,0.15216662121121208,-0.04526962319869917,0.011270084577788697,-0.044372246822744564
2025-08-07,4678,-0.03172600204841716,-0.16157871970953086,0.3230335623426621,-0.15351092489533655,-0.03804534003085306,0.1726559798982688,-0.003398872115366277,0.03196027298582926,-0.03743539822309405
2025-08-08,4679,0.00947904428464139,-0.1471306873486066,0.3470350477349556,-0.15547743923087817,-0.07750424619249602,0.2097968664982632,0.017744785795005224,0.02991962068924862,-0.028581912265256665
2025-08-11,4680,0.010656915228428716,-0.13050211268553888,0.31063348971300736,-0.1698208919557208,-0.07801565415510656,0.20296008619410513,0.043503150999285416,0.013954592528603347,-0.0312829725955918
2025-08-12,4681,0.000842901674058499,-0.1030975338106648,0.2921569079073716,-0.1630178572622682,-0.09759876386399265,0.2008054687451589,0.0605441050837941,-0.003666629018025713,-0.03893369470001979
2025-08-13,4682,0.07744062386878753,-0.05419136956650125,0.27502387214221746,-0.19661777186015408,-0.08301557822539204,0.22936856456742893,0.07888039961752574,-0.031687577375445176,-0.022761360914425672
2025-08-14,4683,0.10891285997699472,0.019764370719457847,0.17240926262230802,-0.18869912340676814,-0.052743596479792154,0.2170192054816689,0.061800485925964786,-0.032845950730059116,-0.01327832965744261
2025-08-15,4684,0.11778439952045834,0.01918380828528472,0.2020805374044301,-0.21102119141795658,-0.03475565443547498,0.19947939862568026,0.062276711035006434,-0.03891585976531504,0.002928347534692822
2025-08-18,4685,0.12433918863740223,0.03791186019376404,0.19176973497908367,-0.23502856572408082,-0.014577108723996784,0.2025691381822439,0.0750379441737746,-0.0337065521352604,0.004687923313786492
2025-08-19,4686,0.12447646842131505,-0.023704238585438193,0.28493708781979693,-0.20387370501997196,-0.07222598467747002,0.2427381363486144,0.09327506983066827,-0.005860358772002294,-0.028317674842079275
2025-08-20,4687,0.05558845906761548,-0.0614264290360412,0.30275957062176645,-0.1403533156042838,-0.09811154660321132,0.22291089071702458,0.06897905531139521,0.0009542831555386952,-0.05320343995728089
2025-08-21,4688,0.05977337192600167,-0.014645284056013683,0.24545767051824816,-0.14389619031497744,-0.06305567407938892,0.20553000588824505,0.05498289725545368,-0.026501426384502015,-0.04132480591907846
2025-08-22,4689,0.07493100962693724,0.0053622363695893,0.22428410378416763,-0.15761407785043996,-0.07254327838403717,0.23035081003799626,0.059220746043233394,-0.0364650250373656,-0.03522619678375836
2025-08-25,4690,0.040206989959655264,-0.03303002383756084,0.235570676220252,-0.12134821081162041,-0.08081813963974376,0.2180780315570904,0.05728020863958417,-0.031178082602198474,-0.041246692126674867
2025-08-26,4691,0.018113925965274873,-0.01948049894952357,0.19308979400001983,-0.11829172007488481,-0.07607397798020762,0.1990347935075067,0.053175284544613066,-0.01915588050852327,-0.031364940053840225
2025-08-27,4692,0.04605703257132011,-0.005427789326285943,0.2079606208711643,-0.1070610190401029,-0.08678725707371843,0.1935845376731971,0.05151864703474651,-0.028741222617097124,-0.03157371223817663
2025-08-28,4693,0.03789028616245523,0.0038778141928532393,0.2292781813852122,-0.1258904736957214,-0.0696417075658703,0.19545964650811903,0.0563087586528157,-0.01764012979827525,-0.039346013480681896
2025-08-29,4694,0.07872438244751133,-0.007237596316491849,0.2650658121645317,-0.10928482080771665,-0.08108770569080255,0.20779003120367281,0.06334523921171133,-0.0267840925406748,-0.045809224396897996
2025-09-02,4695,0.056171327108154256,-0.010000802298067584,0.2546171678583427,-0.10903297975991158,-0.0685313491858456,0.210691077421192,0.06992378178978313,-0.01447934149435361,-0.05483576413605872
2025-09-03,4696,0.08691099985402446,0.001997273360269134,0.2527606235466131,-0.11329951786118668,-0.07310220432498041,0.20712322886621357,0.06930101634045309,-0.01890509511563091,-0.08557387281448751
2025-09-04,4697,0.09829563939514206,0.01987038935930264,0.18407426288351908,-0.13686733515509864,-0.05988537781261703,0.19613255296868817,0.08196059468125831,-0.012113863236282319,-0.06718677176573114
2025-09-05,4698,0.12563709863274253,0.03243750196409499,0.1780485856267013,-0.14430432417141728,-0.06909057061824252,0.20382177334421206,0.07374681061541072,-0.02669070940286483,-0.05408386652360427
2025-09-08,4699,0.1275169060109986,0.044902536364227044,0.16058893357840665,-0.15339993981815622,-0.06319623350887817,0.19052492070731183,0.07670309555500276,-0.01755113061677238,-0.05146763160549695
2025-09-09,4700,0.11369469060929895,0.092912065112315,0.09080141527366536,-0.15805325436982337,-0.023181898820778733,0.14544206740371426,0.050013874926202906,0.004307583653097728,-0.021643318113372657
2025-09-10,4701,0.0927428437179375,0.057913687897511355,0.13509070617399702,-0.13871666976509434,-0.04819635689458879,0.15699411242244654,0.06060778232826592,0.004545400782854222,-0.03729465366515983
2025-09-11,4702,0.09863981444463915,0.10610461571063651,0.048647084526628026,-0.1480228796328673,-0.013439219385529985,0.12517079849952448,0.037330927641504016,0.018389312404460793,-0.004968900096054666
2025-09-12,4703,0.07920907901331889,0.10972178286094145,0.04375830103342663,-0.13043114889835541,-0.014092314016974602,0.10911956525873426,0.03779769049099425,0.013545016247485827,-0.012321898976074443
2025-09-15,4704,0.08347540582241739,0.12184152050468362,0.03464319433676526,-0.13737693542430418,-0.020953387290968552,0.11575026239382147,0.04071996127768678,0.010866463180935131,-0.016788936134933482
2025-09-16,4705,0.08223919069124395,0.11939243985566093,0.019337691082980658,-0.14146463202977133,-0.020280772715716492,0.11325225678319668,0.03497632835083672,0.013030123170878823,-0.022242253193174334
2025-09-17,4706,0.08218501794420217,0.12601657486860127,-0.007800350632436228,-0.1265250030033867,-0.012801721098844608,0.08233465356079696,0.0256498921881707,0.010889563030803854,-0.023634839943700144
2025-09-18,4707,0.04097281464328636,0.1250760507258277,-0.09600100155939642,-0.10158931681212549,-0.0022547907128306517,0.03009900170570648,-0.002013216926991817,0.009721018131294319,-0.011521067965144731
2025-09-19,4708,0.02619317734157416,0.10209142185800224,-0.08274792078267672,-0.11401740363312907,-0.0030486154205277343,0.042108331978962306,0.009161924745315193,0.02836345384306461,-0.0031261392221044004
2025-09-22,4709,0.02334830111347145,0.12332035361567978,-0.13331561098881473,-0.09861689843052945,0.017473799358470193,0.028653758008889897,-0.008160969189865875,0.036138441306211765,-0.010291639645722066
2025-09-23,4710,0.0011469352895680134,0.13329885132880967,-0.133320660478045,-0.09374702849636489,0.019744111835607057,0.017228231230891757,-0.013198474564784412,0.03772752624825977,-0.019798443036343278
2025-09-24,4711,0.053310514104846746,0.1929838676398865,-0.08614546530019201,-0.09634217030587279,0.02552751980543325,0.03546520425911068,-0.011579613015456723,0.025093104314584582,-0.0014811889457837027
2025-09-25,4712,-0.00815540150375748,0.15272784616229426,-0.14325069970972348,-0.06943553831100606,0.03936782207684975,0.007868651675346621,-0.029595653860822316,0.03076979881851927,-0.0019010913744539565
2025-09-26,4713,-0.037578286309111586,0.1362967064647189,-0.1291170011514245,-0.0576234666793378,0.04770552202200064,-0.011070973339445296,-0.03669120744757039,0.06186207243475034,-0.010741793642034233
2025-09-29,4714,-0.009711033143433516,0.1387774142502826,-0.07365384615962081,-0.07863231924575116,0.033000040568136164,0.007474331918445839,-0.03112350018008853,0.05038105030043663,-0.015136873791767817
2025-09-30,4715,-0.00978129124304701,0.12853801311463267,-0.03810049387211883,-0.05772097129917448,0.02486610731022829,0.0010414433552664976,-0.013577446411839835,0.05692419627587576,-0.0030645271467799814
2025-10-01,4716,0.005862582380736829,0.1293944207659679,-0.06508262873701504,-0.04444153123665802,0.03524264748902863,-0.006723226081079354,-0.024085738452866167,0.056818879990508636,0.011469392492512234
2025-10-02,4717,0.014052017378342108,0.11355492576436957,-0.06172808885640737,-0.0563709026469339,0.020784181555303413,0.005913658176559359,-0.0253281257390054,0.052173423094524676,0.0044238272144977026
2025-10-03,4718,0.014027698069969263,0.11660020081627193,-0.10050886163218573,-0.015608698588251448,0.02677854931281802,-0.03232694270476168,-0.029769301871896962,0.04874953131876743,0.031455486573044145
2025-10-06,4719,0.0060509220935938395,0.08290892314349173,-0.08594958534985511,0.016846496402687264,0.021784433507067665,-0.051872920482922615,-0.03917742606539891,0.04192779032242123,-0.014428713084594704
2025-10-07,4720,-0.026006048332266957,0.02642172272758638,-0.02051405401564605,0.017633832312476096,0.01425592485281452,-0.04055746573248253,-0.02499702609175281,0.06789154626207274,0.031822925666875584
2025-10-08,4721,0.0018009579716910555,0.04475986525836672,-0.0282314461650468,0.009005207088688377,0.019350640119372015,-0.02710643299010367,-0.02601296559366616,0.06869951552618515,0.03159267111182792
2025-10-09,4722,-0.006631968210738775,0.03715103578742733,-0.044835526533408165,0.036760625146895626,0.012904487038828594,-0.056911512361695296,-0.03672083273927986,0.06687524781371385,0.04097797936308058
2025-10-10,4723,-0.010494286827153625,0.014901245111366894,0.004557055784614927,0.03377732217072199,-0.005914889304729401,-0.039530196535201574,-0.01803037293317316,0.070175143531439,0.06889223468678535
2025-10-13,4724,-0.011716447768657224,-0.012162551712007301,0.03399659103219349,0.04755379303122314,-0.02667608829082574,-0.03990776553024678,-0.013413040341525809,0.06546282542669232,0.0798032142215544
2025-10-14,4725,-0.03456826713579682,-0.030038867312596817,-0.008116577017839048,0.047849720184896555,-0.012580863425779144,-0.06747165391147916,-0.03140872229393758,0.06389920837241181,0.07182612715116678
2025-10-15,4726,-0.017632347680152195,-0.004681940353893308,-0.027974416228816176,0.03988185445355669,0.01040178290979918,-0.09595792704319742,-0.02708613215533046,0.04002994774188313,0.07434502449071073
2025-10-16,4727,-0.019867667639722628,-0.0004407843359741669,-0.017616134922684212,0.0012926524677514932,0.021628566689982306,-0.07256015787015747,-0.00976163742875696,0.046582777530159256,0.07544566997093262
2025-10-17,4728,-0.026188408195969154,0.036209940231735245,-0.062013263494481614,0.0053078375607858285,0.03173315486126142,-0.09731555823024397,-0.024647750920966445,0.053044014050604715,0.07215002889844223
2025-10-20,4729,-0.011373605807742144,0.03913133203306548,-0.06099027399324664,0.017035096243503522,0.03734929603314671,-0.10121465286272889,-0.010290923586659213,0.04218926491432565,0.07323550315207002
2025-10-21,4730,-0.025313722902672454,0.06768820162771336,-0.08876088440946209,-0.011278919749713855,0.033884496650137465,-0.09241039945318077,-0.02065311085942219,0.04684678188753089,0.03758963451367629
2025-10-22,4731,0.012603229712038373,0.08966233315629697,-0.039166363908785015,-0.004581598966707904,0.03498209419917819,-0.07057690234555919,0.006937889108460681,0.033967068055498026,0.07405361908479978
2025-10-23,4732,0.03520818971287132,0.0991951534537703,-0.06846555019414088,-0.023736407945808512,0.04611161820119603,-0.05855352140518187,0.00775325950080663,0.03121266596848856,0.05619698512846416
2025-10-24,4733,0.030702616316363507,0.09326824765354452,-0.07135603281636323,-0.02325675454129002,0.037542607123566434,-0.06146493651757178,0.0028466163305156844,0.029968749267547806,0.05121203840463382
2025-10-27,4734,0.04047553470633229,0.10983179623622566,-0.06824458155539082,-0.024030687693568867,0.036762567096176195,-0.07822882420875653,0.002414246636023342,0.035480918929452654,0.05121937939993955
2025-10-28,4735,0.014902073796307945,0.09201298348407136,-0.07992256202847012,-0.030741652845128333,0.036871971987104665,-0.08291592027006363,0.011746814099480087,0.03814477456752715,0.05116402903121876
2025-10-29,4736,-0.021316393631039494,0.042223720076117736,-0.0727130939510173,-0.01536594161368609,0.029981858432826636,-0.08857950853895884,0.00662014322595372,0.04642532888547609,0.04649769261423942
2025-10-30,4737,-0.057986186815918064,0.03863174278992902,-0.08170536327081467,-0.007325756940057303,0.03444704224975083,-0.10112169340222732,-0.008898532431152888,0.05537477811173208,0.048498409271162383
2025-10-31,4738,-0.07159902414866033,0.04844122435467864,-0.106851470794812,-0.009134823977299488,0.04106128346479675,-0.1123304925279822,0.016025664535217903,0.05748630103184663,0.02979946353038368
2025-11-03,4739,-0.08240463951010998,0.03151969556520934,-0.028486193704704107,-0.023177750612850132,0.004837542789727169,-0.07934936651253494,-0.0030912313663555967,0.04617110837092535,0.049613021252981275
2025-11-04,4740,-0.05635130099893673,0.047482027271785535,0.02275698039065153,-0.03645280795993766,0.007511580709364694,-0.0700947342365041,0.008678619532894337,0.021850678405589324,0.04421965573803963
2025-11-05,4741,-0.04910740056293765,0.03450480425219246,0.014674819613662305,-0.03938277023286868,0.03793676914184688,-0.09052850844947649,0.02250623820842321,-0.00554139417455729,0.057203023853547995
2025-11-06,4742,-0.04845650173051072,-0.05309249343418909,0.14585941111715336,-0.020653514636392194,-0.00955917198557809,-0.055899955252957455,0.061142112345667105,-0.03241365498065895,0.054319164912337466
2025-11-07,4743,-0.07306670516642022,-0.022299288745069774,0.09026638564944661,-0.001002005594642813,-0.017524833778451324,-0.059636511765946774,0.06709973939234366,0.013140387226096189,0.06093686589024421
2025-11-10,4744,-0.14613782748694637,-0.08130704695109507,0.09909628764523022,-0.01859475806392455,0.006387428737542059,-0.07208835198053488,0.07204279069400708,0.03651726443322878,0.04523932387282073
2025-11-11,4745,-0.12431705498457489,-0.08364489867179123,0.10310340413806718,-0.013558673148957355,0.039106168029958005,-0.08683035871725817,0.04908241107120987,0.012272088499315917,0.041910542888219784
2025-11-12,4746,-0.0991063066569358,-0.10992382766972235,0.18610041435884,-0.03143590885344638,0.012534843145346935,-0.04184071647496529,0.0456437076892112,-0.016942483782321414,0.052014401610107626
2025-11-13,4747,-0.004776181025988959,-0.12135831082398849,0.29066031675146464,-0.055612094741036726,-0.012121468141293825,0.024633279917916827,0.06268066282559355,-0.034507132703417945,0.04643292339776652
2025-11-14,4748,-0.033205099261461216,-0.12807110317750656,0.2376253638942915,-0.06524152379215714,0.0030465544133515556,0.001468739546013969,0.05725321179913649,-0.036206258344782444,0.041622443305646635
2025-11-17,4749,-0.04711328020783243,-0.15429080133476147,0.21840381504775794,-0.04534895375409852,0.019417305997337424,-0.024068956388419178,0.0454359857610353,-0.04163799443821224,0.04733082268793411
2025-11-18,4750,-0.03438373462149836,-0.13534391358657544,0.18936423772130392,-0.07261004944364591,0.03808249109227198,-0.008355648063147926,0.042981055934536175,-0.04729946914476203,0.03492138295758317
2025-11-19,4751,-0.07351794736628771,-0.11334547131681591,0.1543223813206851,-0.062133606422362854,0.03983214455848831,-0.01742971802126545,0.04067139281549558,-0.03647411043723571,0.039588333661707345
2025-11-20,4752,-0.03795825403821475,-0.15946907690782233,0.2576580647525265,-0.08908968095379922,0.015620110288079601,0.015360116371430681,0.0643444498405047,-0.04661333763288539,0.04278788481959825
2025-11-21,4753,-0.011562072540853263,-0.14431535579826862,0.2539543640031864,-0.10546377070362947,0.007081355799100181,0.022384815618074625,0.06650431018342783,-0.06824009981373108,0.0352609962361007
2025-11-24,4754,-0.043998179076735804,-0.13842391623979086,0.17414768560769656,-0.07207313975862317,0.012824569714579348,-0.01866206205986662,0.025464212813553017,-0.09292677460058767,0.015495231414576961
2025-11-25,4755,-0.04590560933950479,-0.0791110853984993,0.11794995766672892,-0.05799659559668013,0.024499262902683915,-0.044215460826063535,0.023779979881994397,-0.08649400473719543,0.012974668830576136
2025-11-26,4756,-0.006667453277818866,-0.01712426108194097,0.0833519106725704,-0.09344783475174578,0.032867310673722526,-0.03723731484236061,0.01995612615652448,-0.056965042178328394,0.0111217434456055
2025-11-28,4757,0.021954098540928255,0.008806586100638138,0.07798135907609581,-0.08530373744533368,0.045416262931004744,-0.04463294178359507,0.022802314782249478,-0.06421348271834368,0.006774772719673713
2025-12-01,4758,0.03956324979950716,0.06277241436904112,0.05377277389545659,-0.1276685968557391,0.060231507812867034,-0.041976046344985585,0.04129936884368914,-0.029829075954801745,0.009990803131756702
2025-12-02,4759,-0.009538582034960693,0.0831017776633015,-0.02004498158634486,-0.10971929078619952,0.06836306457880635,-0.06899060510692105,0.026209330934142586,-0.025166122473255274,0.012832466518229465
2025-12-03,4760,0.03044520109709097,0.16415581878341867,-0.04828804799169028,-0.0812608483592623,0.08492335915766286,-0.10095755185269983,-0.0058688061722395315,-0.019966002132647702,0.015550571075490342
2025-12-04,4761,0.023246285702283122,0.19170275998962102,-0.09507004826544475,-0.1050385608507585,0.11266263173671864,-0.11192606517734693,-0.02555872254421537,-0.0010653578881875242,-0.09189762046334889
2025-12-05,4762,-0.054312756140972335,0.14616153925463557,-0.1603927188637576,-0.09490517906691917,0.1225662277136296,-0.1702700418706239,-0.06662837189100282,0.015200171724091624,-0.10563763443452945
2025-12-08,4763,-0.026925053328847665,0.16897499442952046,-0.22468504420700475,-0.06293945346593342,0.13225234387292442,-0.20715399358303224,-0.09823238315486917,0.02199017904865536,-0.10530998733645777
2025-12-09,4764,0.009235914337085292,0.17159318650062683,-0.17052403181031806,-0.09384748699126186,0.13033595161839592,-0.1709514969549813,-0.09152673909594462,0.02153968563158038,-0.09775276571104319
2025-12-10,4765,0.07887954086618651,0.2065941548146532,-0.14045784040751091,-0.11726884455906332,0.11382917031726025,-0.1304966985485018,-0.09450664569761352,0.007200109331621329,-0.07391209341992659
2025-12-11,4766,0.050219033441253474,0.20872696984425473,-0.17389484403352964,-0.10610692516806194,0.1184911554567334,-0.12859828697261422,-0.10202941158611299,0.011213417643636599,-0.07315908818255945
2025-12-12,4767,0.0739929879515122,0.2025778905691873,-0.1454632693284782,-0.10123033997147603,0.10382628178384619,-0.12435327649339711,-0.09163105699252812,0.004451740173906749,-0.06051444335318311
2025-12-15,4768,0.10100850912719164,0.20650545332137707,-0.13799327079500387,-0.12255588004129887,0.11060758253419152,-0.0995930661414357,-0.07088910127250592,0.007826241773543996,-0.06495549190890687
2025-12-16,4769,0.0981412475675056,0.18263622766426635,-0.14612793841667523,-0.11624976908737439,0.1136202013778098,-0.10799488252258116,-0.08539571530109792,0.015595182153696895,-0.056489343102595777
2025-12-17,4770,0.13252536772611784,0.19338841917319383,-0.11889781851941932,-0.13118984858801835,0.11685405575975014,-0.09212859295766103,-0.06929240776929928,0.016758655938558874,-0.054289267899128135
2025-12-18,4771,0.10639083598056752,0.15794268018824423,-0.10022030102617387,-0.1171388795830081,0.1055807876323879,-0.10723847005713509,-0.07009324599019028,0.0237940375370084,-0.043204277561845326
2025-12-19,4772,0.07461785421159242,0.14474069151314903,-0.12417243053442126,-0.112841358752544,0.10041147275858552,-0.10868031022802303,-0.060288894869921686,0.0405049021475851,-0.05959877965044818
2025-12-22,4773,0.06133169089482049,0.1507066980874832,-0.13494374988895513,-0.0868220589166313,0.10701784965210323,-0.12851580648246755,-0.07324800415997511,0.035772199243277056,-0.05444287550907006
2025-12-23,4774,0.08859676677715457,0.1646378007957772,-0.140210642061932,-0.09421975523983203,0.10176728124109544,-0.10795730428450394,-0.06773517746186018,0.04209416701091695,-0.062254151847915905
2025-12-24,4775,0.10698069397061763,0.16223923210223123,-0.11698750389397557,-0.10198566971438458,0.0908151992569486,-0.09622948476871958,-0.0658639020615611,0.02961719195871822,-0.060945370004850896
2025-12-26,4776,0.12686712882990409,0.16422853404587906,-0.07916441538452233,-0.13803768382235554,0.08673619134139643,-0.0637311077791226,-0.05729154913771138,0.020644799995879662,-0.06807682449971686
2025-12-29,4777,0.11809260549448569,0.15189307561536292,-0.07542466943199375,-0.1248831259071933,0.09232085440490914,-0.07090744311039181,-0.061148103760464256,0.03191613325730818,-0.06057888055057001
2025-12-30,4778,0.13229949223627605,0.15812888575922718,-0.09167834779531432,-0.10327280274545486,0.08234716974869422,-0.08378653856234845,-0.07005643202480731,0.02970808348260298,-0.05323321199485712
2025-12-31,4779,0.13272521761693826,0.17028910000618983,-0.11251494343505407,-0.12620750376850973,0.09378940860906514,-0.0837778657126212,-0.06931066291004734,0.036714163434959486,-0.06509667972033141
2026-01-02,4780,0.07921916600544439,0.20223382299532391,-0.16721003610727944,-0.09499955896925935,0.07928257058362019,-0.11321987604540087,-0.06794510103217831,0.061087166416480695,-0.08103056638582949
2026-01-05,4781,0.09038211144003647,0.18097725871414083,-0.14430357228756682,-0.11498821832682689,0.058735699371795645,-0.0861062912216919,-0.05157810201506067,0.07787766553664535,0.010438634694207525
2026-01-06,4782,0.07724933932210008,0.17725560959189965,-0.18866716384289547,-0.11734981618645787,0.06861555462411141,-0.10074400721691561,-0.06046806873227268,0.059638429106431114,0.013787493210845998
2026-01-07,4783,0.06148904012172396,0.14023785387024484,-0.23263679303972243,-0.10907231818988762,0.07883582560564097,-0.1230153266381451,-0.056638326423745,0.06253647198093999,-0.005459002870044148
2026-01-08,4784,0.1361956099596215,0.18420601219354418,-0.19662216116956704,-0.1166391547847365,0.05245478557325336,-0.08557763417979691,-0.05652027614577705,0.04553060890473145,0.01601638085062441
2026-01-09,4785,0.14491588101122416,0.2038123192165018,-0.1869996779313058,-0.13315950134783455,0.05059540403348687,-0.07134229882092569,-0.040171994665522404,0.04734541947325116,0.02421952793025644
2026-01-12,4786,0.12754718876476884,0.21041780680041167,-0.19067572022818832,-0.13842481361950967,0.047322961329827024,-0.06406775186311098,-0.03292907793206622,0.01266614272920483,0.026260977169512156
2026-01-13,4787,0.09290654419175666,0.21460786161535375,-0.21844844909067912,-0.14447384404505823,0.04557858290500363,-0.07373688480750758,-0.033246873610925966,-0.001714219260885293,0.017713032456915707
2026-01-14,4788,0.08168304949176157,0.23206623550505892,-0.24312778754056527,-0.11115590631456841,0.05374706083743727,-0.09734445053749385,-0.0352868633308169,-0.005117382792089514,0.0190937370258571
2026-01-15,4789,0.10920063192136123,0.21751644832732403,-0.21715667181784137,-0.12583270400221333,0.0418918982079548,-0.07419883993086805,-0.03585184348505334,-0.007572122011423294,0.021059067188967877
2026-01-16,4790,0.10096967911178736,0.2102034773023999,-0.1739114950874265,-0.10294913048786854,0.018678193923389836,-0.07823349315145159,-0.03180638228766751,0.002284622737214415,0.02414263637079572
2026-01-20,4791,0.08567611293321152,0.2437430277130595,-0.22512579152074022,-0.08262734376590139,0.02706173285946005,-0.11726662489430008,-0.047163527071750415,-0.009474709850039098,0.02880943740186332
2026-01-21,4792,0.09075323675013071,0.2409079172112304,-0.22800843454615238,-0.08207253151514377,0.01865732892854787,-0.10392170053303203,-0.042673252399679396,-0.01344235204420567,0.02763827027530141
2026-01-22,4793,0.10257320148406023,0.25212893010180776,-0.2823333218438371,-0.06373075850606236,0.046928977554555704,-0.1484655234474647,-0.06208527311002154,-0.017847732649594567,0.03426567700975431
2026-01-23,4794,0.11455865162621447,0.2718806429883602,-0.23239216235056245,-0.08200635198285201,0.04460725303220237,-0.1288440685975305,-0.04835697514801258,0.002787826018672711,0.024952460679718097
2026-01-26,4795,0.12008599421860909,0.29326685793886725,-0.21456966906931804,-0.10900436201264149,0.04925855634367225,-0.13363211224746283,-0.05679274437066185,-0.004047459601897827,0.023397928820825236
2026-01-27,4796,0.11206161116658342,0.2988916374675577,-0.20479113244004096,-0.09385667918493332,0.04431103266253731,-0.13924903734036387,-0.0553622471440552,0.011064694518837582,0.030150371910452813
2026-01-28,4797,0.07259648767553435,0.2481946548153144,-0.20789499397370528,-0.09458454193613348,0.02049681339066692,-0.1299947651503841,-0.049213031671924576,0.0517747343726786,0.011775747166799157
2026-01-29,4798,0.10864209837717614,0.2922129291636765,-0.21021477344089592,-0.09297216294695664,0.028491491570388095,-0.13836286662758396,-0.051921580895912776,0.02420504119916292,0.00037950298176857067
2026-01-30,4799,0.0989315637105303,0.29612091703840415,-0.22244413471014707,-0.1024349846667501,0.0314491645380487,-0.13074157142879014,-0.05363147903441706,0.01784874153737332,0.0037019765160900375
2026-02-02,4800,0.09201911962793176,0.241801041827214,-0.19184888561350294,-0.10757146431984872,0.015235983209618815,-0.10965774715589915,-0.0479364572552347,0.013889628128649184,0.0939670552502697
2026-02-03,4801,0.09501449221437423,0.19912366734953163,-0.14440225754644323,-0.058588242577280354,-0.02785508252412983,-0.08877110748056108,-0.048401370331398345,-0.0038161193208801824,0.09211953669716812
2026-02-04,4802,0.15599269874900512,0.1327776916536076,-0.04279010146763302,-0.11570498707115869,-0.05153917706839344,-0.000115725876299834,-0.010751826197122675,-0.029860511077280213,0.0823936869911695
2026-02-05,4803,0.09526679846309996,0.06505687164875665,0.012590292728466882,-0.08771860094267361,-0.06948538713897183,0.019766975171578004,-0.007930792162640752,-0.016317805219620934,0.05719073683145156
2026-02-06,4804,0.09855539104442064,0.11643859463494664,-0.06298070401684086,-0.09014417732586864,-0.05016032348996872,0.0011454151072950826,-0.03588919611941587,-0.003094899936685144,0.07312589817404667
2026-02-09,4805,0.13513045837684026,0.2012344426570887,-0.08734884432182115,-0.08297695488125176,-0.006377706578428435,-0.0403727821402976,-0.03842913762085468,-0.011067194539527033,0.06689043383120649
2026-02-10,4806,0.13861788855285995,0.20206351004452058,-0.08060373581614826,-0.09102690237549783,0.013856642975540182,-0.04396008359716724,-0.015304474538360596,-0.004757038407608346,0.04283391565554668
2026-02-11,4807,0.13582258007197975,0.18264073497348413,-0.04972547217201816,-0.11033154647698237,0.007817189573413106,-0.013290755576558582,-0.006969719521052393,-0.009995878152493151,0.0235378845450316
2026-02-12,4808,0.14295769721718857,0.07910180554496367,0.05317638230810862,-0.10180363177182515,-0.027110220409583614,0.005166310855974397,-0.0007544489036812339,-0.023722924809585284,-0.01979382695848323
2026-02-13,4809,0.16869974987987413,0.040051050316275115,0.10430902663299524,-0.09824804764329521,-0.03687591172860916,0.046458226160055745,0.000920453784322258,-0.007502433245702723,-0.050398499878291515
2026-02-17,4810,0.1063429321490259,-0.05396466415268922,0.16216118540805022,-0.08240803061969651,-0.0734132570894012,0.08576747258111776,-0.02100307358195113,-0.0011955609785364062,-0.055568645016529764
2026-02-18,4811,0.11207244080369702,-0.02943853589692722,0.15774852633632713,-0.09305947155063962,-0.08557359281695133,0.08716738595524239,-8.16284206501643e-05,0.008284732349480906,-0.030679629677192923
2026-02-19,4812,0.11092913507429333,-0.027933922067206365,0.17255324093165922,-0.08511572774912382,-0.06560336727818171,0.08254016080760307,0.013874607598586348,0.019796894999349966,-0.06857881579381941
2026-02-20,4813,0.08097087981477495,-0.10275338853840577,0.22765150234372836,-0.08220194108894258,-0.09469706378022062,0.10630703466047774,0.01773935764265466,0.010112334713137178,-0.06741075243149318
2026-02-23,4814,0.05549344575006346,-0.14538049244264023,0.23691529918732998,-0.048083129140368205,-0.10168370353770581,0.06331533000526422,-0.018844577341387406,-0.001974589493724439,-0.11581433123012025
2026-02-24,4815,0.04440594157131116,-0.1328875890767968,0.2221782598294776,-0.03556184377735523,-0.10744599787107198,0.056163882291958345,-0.012847520549951565,0.007733814139271641,-0.10675938343725727
2026-02-25,4816,0.10334844849648217,0.041109285038294016,0.12969037379515444,-0.08104731351129137,-0.07248012551395866,0.033010809813370484,0.033119574000517654,-0.0003925268836499849,-0.07732550242764662
2026-02-26,4817,0.11785605026977085,-0.0030653983775706457,0.15860240064626546,-0.06251255992691958,-0.08087132739833157,0.04110306453822978,0.03432602234353362,-0.013881332187293692,-0.09321796752432374
2026-02-27,4818,0.13629319973995932,-0.07709650153996525,0.2053568577963219,-0.10832144274695821,-0.05287962005697495,0.0672129397123694,0.04392644871922151,0.007551493465404159,-0.167631073439881
2026-03-02,4819,0.1277935631710136,-0.02115590170045166,0.1528642887649725,-0.09116063540302226,-0.05588345028155516,0.037276130793655174,0.06717380375785786,0.012962080635734556,-0.1599534471994316
2026-03-03,4820,0.1368916102805547,0.04626090756657492,0.09561018161770857,-0.08883734219435806,-0.06600090516804004,0.010509313130006281,0.06298314847640846,-0.0027528453620225737,-0.11801803784932556
2026-03-04,4821,0.1957444530468248,0.06504075630057891,0.12091226794396845,-0.10696240414748248,-0.045870067508585056,0.04231315433773031,0.03881234759215508,0.009964092950183126,-0.07382978734473938
2026-03-05,4822,0.23544199886943348,0.02743635226841656,0.18254381939214376,-0.11438312769169642,-0.043904901943302516,0.08668024378395553,0.06421019969243255,0.028389222883473276,-0.11023529776035088
2026-03-06,4823,0.22990254291416756,-0.024816959438767314,0.2158906128759469,-0.10709808269089384,-0.0626310196584315,0.1004836228565765,0.07133333694026925,0.00830769021533638,-0.10964392650428466
2026-03-09,4824,0.19138621160192304,0.027377292467820665,0.16571710155898509,-0.09658252787974833,-0.06380947867036371,0.057800376910772,0.09070461549019315,0.012055526222457986,-0.10137534335841526
2026-03-10,4825,0.23105666795945032,0.0014974071651678248,0.18930955284118017,-0.10549531574800199,-0.055841256962319244,0.07699101421262453,0.09508046506852885,0.023273813736859304,-0.1117090037106066
2026-03-11,4826,0.1803275461694835,-0.052241110245553835,0.1634062391320941,-0.05694171220752278,-0.04322725316707577,0.04334438019911131,0.11048589682601662,0.02075035587913606,-0.13220316401438154
2026-03-12,4827,0.1843034743627717,-0.09515188190396026,0.20879097288551648,-0.03984670666639034,-0.05940340738524423,0.06160198303390637,0.11493102768202697,0.025156653266306804,-0.1410767016028428
2026-03-13,4828,0.2206097923765711,-0.03390100294931991,0.20741533282362823,-0.10238234817566172,-0.047689046566434475,0.08363677077169493,0.1019881487183995,0.010005421759104955,-0.11774292906169674
2026-03-16,4829,0.21456333890636417,0.011379412317037482,0.18404446322907675,-0.11736262666864,-0.05208420801905212,0.08382901279825618,0.09401027510754079,0.014447677694572223,-0.11069586620094536
2026-03-17,4830,0.22168874254921583,0.03939521928378202,0.16325257481098118,-0.12745163329025766,-0.04231902488285702,0.09419086087071162,0.0869155814181881,0.029137453476044614,-0.12205119437382586
2026-03-18,4831,0.2516621158971315,0.030438344768129743,0.1880415253760093,-0.135922707061133,-0.03455598368164826,0.1154234900432272,0.07423187580803005,0.026700859448512214,-0.12571680873432647
2026-03-19,4832,0.1837818077206235,0.043436619137294685,0.15869195985623366,-0.11127481480326502,-0.056308046543206945,0.07803710052098585,0.06798029961441063,0.0036883667427182365,-0.11735604651275357
2026-03-20,4833,0.1472736583095662,0.0628232109858679,0.13190824251714395,-0.10744713342608955,-0.07516536156068757,0.07220749532990214,0.05953067556258402,-0.013679449202059492,-0.09819347634013628
2026-03-23,4834,0.13742308053366872,0.07937669600018918,0.10309499715060257,-0.09512034321602984,-0.06928082466222996,0.06803104536871316,0.06702790365078132,-0.0043924385520099805,-0.10640278819576711
2026-03-24,4835,0.1058288481974916,0.029024034232151757,0.14037582040853203,-0.08160863964270533,-0.07616391991132937,0.08907394224332832,0.08020182530734557,0.006194406566637044,-0.11800481020643815
2026-03-25,4836,0.09630554914690308,-0.024427422984491753,0.18497999359062184,-0.08027630525075759,-0.06312448996232592,0.11305224549445868,0.08511956482830843,-0.010028076134174458,-0.1463214519951955
2026-03-26,4837,0.12023665988712486,-0.07490431967496801,0.21025286928605785,-0.05404705812460773,-0.06183650463178753,0.1036331303501841,0.09028566912025936,-0.03288317015486457,-0.1527935267653226
2026-03-27,4838,0.15256314173003954,-0.11684621829688888,0.24832468973989663,-0.05642399474627463,-0.06309803965660582,0.12132059787458227,0.09529357887774063,-0.008191137218648259,-0.16518632863006716
2026-03-30,4839,0.17435519410531383,-0.15748974374414604,0.274746702367136,-0.05637107569262086,-0.0673779142042077,0.12864446800208587,0.11083882851944576,-0.002770441735615618,-0.17121663209964544
2026-03-31,4840,0.12017651750825419,-0.12366496283471472,0.25185749521853806,-0.030807978645986202,-0.08361022993784309,0.09897860274207582,0.11483464784634428,-0.01108534560407201,-0.1666787263383632
2026-04-01,4841,0.11173341880692339,-0.16934864441688233,0.32462426502688974,-0.03601973930803102,-0.09783257004343733,0.13313429100850432,0.13716398455422296,-0.022955867794232258,-0.17561057159529528
2026-04-02,4842,0.049128968109137694,-0.19350228089478938,0.30339820469302764,0.026872011862477056,-0.12218668250334559,0.07433077660753974,0.12936000194341915,-0.04165326061060095,-0.15233126293101365
2026-04-06,4843,0.08705347267433096,-0.14035806023420266,0.27336757917897647,-0.012800599134120738,-0.09151401536390749,0.07530157017425226,0.10741567134789369,-0.0636422814159903,0.09726043400412583
2026-04-07,4844,0.11749882477979205,-0.019703638588450857,0.18475627421428759,-0.007695997959504988,-0.09855772911267709,0.03567332745565585,0.08062130085946356,-0.07332535024436235,0.07705544373356396
2026-04-08,4845,0.08544180703975883,-0.08550063853504511,0.2546960187896454,-0.008795779363388774,-0.10856452078933734,0.06482605055552321,0.10834667336619544,-0.043991897792053994,0.08295064843886436
2026-04-09,4846,3.993334223284205e-05,-0.0795397265314386,0.15342700833674036,0.031121868417490445,-0.1073627164595895,0.006052044586795022,0.07306533455179912,-0.05436430510171581,0.06478876082820224
2026-04-10,4847,0.003909191613168629,-0.09083005783844925,0.19148268222652493,0.052265152175364475,-0.11820511444448624,0.0047542199594068505,0.0915873438878219,-0.018029754017078438,0.061781527119154696
2026-04-13,4848,-0.033501276934844934,0.0018556094733917932,0.06456065376279728,0.05760892253097029,-0.0767340312305097,-0.03732520427811521,0.03962817593415902,-0.0021068128615200077,0.029438582199245607
2026-04-14,4849,-0.021372521601911453,0.046186055093550026,0.018598489336982556,0.042686853582769954,-0.07665306391379795,-0.05462925138359845,0.032036555093422896,-0.003896818140801477,0.015263552726712142
2026-04-15,4850,0.0506058266234555,0.10699381561062621,0.01969615250054166,0.03149966914001098,-0.03774008967550349,-0.057837064143158846,0.030607570565093934,-0.011739379461348677,0.01920753780318743
2026-04-16,4851,0.07861825815491306,0.14180597948529658,-0.007096514237167152,0.010362718323006058,-0.027453910294613155,-0.06829823467376374,0.00148518645390871,-0.025513361377145966,0.0020017021306384867
2026-04-17,4852,0.08517087238515642,0.12314153275739444,0.05511847108034724,0.016770256848434688,-0.04031068103487284,-0.036422412094093415,0.012081552609584106,-0.03385061919064577,0.024698122747508905
2026-04-20,4853,0.09003051525608924,0.17343340607585872,-0.017823695034109962,0.014907852783792086,-0.004573254692262837,-0.055929179823641796,-0.017005907165370898,-0.03362650632722758,0.01647176634953888
2026-04-21,4854,0.10510790003558637,0.18260162320351367,-0.012163876876232015,-0.014289556368789853,0.015123617940377433,-0.018371567248151935,-0.017464108105351654,-0.0190580772905129,0.0083321893534066
2026-04-22,4855,0.10193211941536029,0.15593562918360765,0.03397903845468552,0.010631837299342852,0.00045139890218307926,-0.006196440787468178,0.0004397237831119648,-0.0008605110635840158,0.02285999898965302
2026-04-23,4856,0.1367394110935128,0.1563710300613708,0.055632925093465485,-0.009381168711737725,-0.005219290087465535,0.02169406927360606,0.011147646197376206,0.031159777051379022,0.010628879510061516
2026-04-24,4857,0.09741633314391249,0.15405637540651798,0.005077737956500452,-0.032966643434095694,0.017035022135603328,0.010700689114325937,-8.451461622349169e-05,0.05953121367833226,-0.02770223118945444
2026-04-27,4858,0.08325501425898059,0.11990107687621769,0.03567539569431249,0.01117485995033924,0.012984574897338914,0.005764653412000181,-0.0058581705469903985,0.03303499819493463,-0.020307093584818872
2026-04-28,4859,0.10028140104481392,0.11027085446665633,0.03487050612680044,0.005293983528417545,0.018976893042964408,0.01158009262351912,0.001958274972815043,0.046544663601093,-0.02245778512430122
2026-04-29,4860,0.01410096683083915,0.029637921665647226,0.04830419641150346,0.02080608197988522,0.0018485580485243956,0.01681377137858581,0.009777014689778547,0.08187360766397508,-0.04171733376390615
2026-04-30,4861,0.053595455114975904,0.05579449929206279,0.07167329087184054,0.011386967254477832,-0.009662459117142136,0.028032424934113336,0.011891630146056563,0.07839643402377572,-0.03423114633456224
2026-05-01,4862,0.07156370608497006,0.060962191446748616,0.06042558037590726,0.0206155660557605,0.0076827890989701626,0.015236637731134624,0.034792359333992946,0.07530574110951735,-0.013517310779150875
2026-05-04,4863,-0.026015511277993796,-0.0028358536901808068,0.04411004221784048,0.05768177728209658,0.006629733436448166,-0.023034157849226966,0.043207023313522275,0.08159390367281374,0.029175261362566398
2026-05-05,4864,-0.10920565919021705,-0.0500275839721953,0.003175779474904141,0.07104109165893252,-0.004639777538046501,-0.025966677635114302,0.04578495582973761,0.11594045450711216,-0.0009604178835273598
2026-05-06,4865,-0.12081212364816,-0.01750950587221678,-0.00550651032442032,0.08050054787257192,-0.00896619544531471,-0.044573533494501424,0.027825453690820734,0.0948466526346127,-0.009081987244175716
2026-05-07,4866,-0.10072044237080248,0.01592890733849415,-0.026535791753834907,0.08380989211477384,0.0028063250249540962,-0.04554841129851774,0.06905891748955359,0.11305550071687448,-0.023198476748363613
2026-05-08,4867,-0.07995860820460979,0.01980017602975144,-0.03148501503824778,0.08364889009272425,-0.007556814410668313,-0.04651995204790801,0.06506618323493332,0.097407019247498,-0.019799339328762752
2026-05-11,4868,-0.11211658812726548,-0.04727770536848607,0.009642675605859788,0.12242439537228995,-0.023080688293467395,-0.06187927699234547,0.03888397029247869,0.11637271651598911,-0.006018705500172806
2026-05-12,4869,-0.15372091395654588,-0.07790584993028456,-0.01195039955964466,0.14410846678643432,-0.011390292293058013,-0.11226649329541072,0.027913777020728607,0.13633319150021278,-0.005887719080649855
2026-05-13,4870,-0.2198709230597214,-0.13020802240152424,-0.038278193077342516,0.16819889675582,-0.012504462562357809,-0.15170304822830863,0.029529843039905336,0.1363403366782377,-0.014153587330864532
2026-05-14,4871,-0.1550014484572167,-0.09268605384132508,-0.0003255401778338744,0.13978039281067464,-0.011812328190271419,-0.11969956022725277,0.013666472251260034,0.13600170261835898,0.0030123832826345768
2026-05-15,4872,-0.17719529932921824,-0.1344589933803692,-0.002307969686963273,0.13925681845021773,0.006276208324036417,-0.1223447628526959,0.011665557599737227,0.16657373097404726,0.0028457450850029884
2026-05-18,4873,-0.13111499728779308,-0.08527653428239684,-0.032293065893311476,0.12534510351505698,0.03737603168350465,-0.11484120101686321,0.011396093424867517,0.17151708587500564,0.002032017919196567
2026-05-19,4874,-0.15355959107947678,-0.09413442945395649,-0.027829041681796292,0.12804219735813754,0.012563814869850512,-0.12223524505903796,0.013420374464511864,0.18140516317550007,-0.0032360386201669444
2026-05-20,4875,-0.1825190508993673,-0.05884117857713912,-0.05078819353893246,0.14147794627990323,-0.002316865401604427,-0.13883862993815949,0.005721457315379243,0.158459124742967,-0.004377133215486216
2026-05-21,4876,-0.1148230028672326,0.0033646067984130254,-0.055797286561890765,0.10655591521482544,0.008372000087141559,-0.11608166118097223,0.019730220865655238,0.15016173391313592,-0.0015386057677688597
2026-05-22,4877,-0.09957391028840751,0.019154808073857433,-0.12544039951453673,0.07585421193434395,0.04244825518953734,-0.12966009958966415,0.012571976943130456,0.14658115455453274,-0.025574687814538158
2026-05-26,4878,-0.10417573387236428,0.017099436250871465,-0.17904051792839118,0.05160936705466434,0.04461432269052816,-0.12200894317743911,0.004297140314319885,0.1322204276655529,-0.03830180738153745
2026-05-27,4879,-0.1336161882969252,0.01570311566034843,-0.23620599182024185,0.06558200570518914,0.06636941576015024,-0.16756438646695693,-0.018794465727288958,0.15132873477023118,-0.04513954272264945
2026-05-28,4880,-0.16254456421312097,-0.013012799160131693,-0.25159105089800565,0.10963518981379873,0.061057843148404484,-0.19246988541034835,-0.025574812346273342,0.1547745662859819,-0.06043651381593536
2026-05-29,4881,-0.18122964901948693,-0.018051595038149584,-0.3049174539331806,0.12291162879161373,0.1051965045638154,-0.21608952447334584,-0.03808476521034574,0.17774204447097608,-0.0682122468993779
2026-06-01,4882,-0.2267442458842159,-0.04733543655780905,-0.3284223908741084,0.11820526854237161,0.0851319609274032,-0.20699080188215188,-0.02624487583480814,0.1977640365173673,-0.08260562353433572
2026-06-02,4883,-0.1853275339585148,-0.09896078785755089,-0.2519196498772346,0.0974788085937159,0.06886153864507119,-0.1582309501453754,0.0075340929036936235,0.19209791693599257,-0.07628948730565463
2026-06-03,4884,-0.18463593381099933,-0.08195608115934841,-0.22332943313416398,0.09849245553818968,0.0464307137392387,-0.15437422530951664,0.0255197769688474,0.1616994223603895,-0.12462183635224883
2026-06-04,4885,-0.22203588785173195,-0.11348628951558995,-0.17433069226833262,0.14534758892025482,0.027757608527316686,-0.16570092101669098,0.018996036921308256,0.13653884034096905,-0.10998884705109944
2026-06-05,4886,-0.21982708191491965,-0.10574351348754939,-0.053330608735035784,0.17938753736982244,-0.016040337617943996,-0.14173858463459008,0.062334761089877816,0.1303286073870558,-0.08776653027240443
2026-06-08,4887,-0.23027860431930788,-0.13313263355103513,-0.05980085582498865,0.16439692139166687,-0.010075665389375708,-0.11644970471413521,0.05697385230348697,0.13280940626638996,-0.08857460664060367
2026-06-09,4888,-0.18744267816027552,-0.10408233886411053,-0.027543989675525828,0.12863556647607283,-0.013219699658670302,-0.09286925636911149,0.07868917931322185,0.10335528838273203,-0.0948453185110629
2026-06-10,4889,-0.20544054443029944,-0.17213658954391645,0.024860031051765763,0.13612702451420786,-0.011969810591158358,-0.06372769574105519,0.07318861060911323,0.10278606207158077,-0.0650104064243555
2026-06-11,4890,-0.2100837655448291,-0.15570948232353904,-0.04924023668846699,0.125744863295163,-0.03139349474479872,-0.07348522186278507,0.06825767042055814,0.10915914975662572,-0.09158901547352613
2026-06-12,4891,-0.22449147507262285,-0.1390495517790795,-0.08520188305194897,0.12505209099767428,-0.029833878971320803,-0.08116804302028155,0.058912684673760575,0.11673456903371064,-0.10096428539507214
2026-06-15,4892,-0.1959497612630778,-0.13582891870548652,-0.07744341293217159,0.09809109223056009,-0.028467088741997194,-0.07317220120220073,0.06891179173200103,0.1219366290438426,-0.10157560115640213
2026-06-16,4893,-0.23333873394777058,-0.1439498868784794,-0.06086380453251966,0.11142431760906153,-0.041971716678956335,-0.08908544188270104,0.07030703193919535,0.11571517865063709,-0.10209875206511475
2026-06-17,4894,-0.23621733843508957,-0.1525028080924259,-0.08345592046776046,0.12807769488085696,-0.05142920861936551,-0.10678487635699409,0.05224027800925959,0.10455564611124771,-0.09177868081491523
2026-06-18,4895,-0.19218453206888675,-0.16050918113428403,-0.10139251447146715,0.10407084152813081,-0.039166752627439405,-0.10246485102851995,0.04095869593944941,0.09123476681930026,-0.09658069388323287
2026-06-22,4896,-0.22395629452211852,-0.19930786616783128,-0.06672874160894458,0.12666715974784873,-0.06352950226589682,-0.09833869910476989,0.056921759583792,0.08509863586128635,-0.11676411464270091
2026-06-23,4897,-0.2759175216837951,-0.22388937750821505,-0.033088199482008716,0.14380475363002426,-0.08793623802119087,-0.08672942631227654,0.0539640098400845,0.09032719938507978,-0.0968558193423374
2026-06-24,4898,-0.27238425257968046,-0.20651918929660032,-0.08175282401451112,0.10932809680634083,-0.08524354291332085,-0.09115209292034322,0.04947094035543566,0.06876483129808715,-0.12550490450943988
2026-06-25,4899,-0.2769322551746865,-0.28347572273427557,-0.007063067455997694,0.10712776068593353,-0.09385639207040118,-0.07399882533358326,0.07172836251855065,0.029366473836861383,-0.11658104590416418
2026-06-26,4900,-0.2821573337732078,-0.1672052369706117,-0.10541916054207441,0.1157659749785707,-0.05037719299738484,-0.12133112069175818,0.040807494354793784,0.03543989468118607,-0.12107192536267497
2026-06-29,4901,-0.2962388947711947,-0.2108810062342076,-0.10669635976948706,0.10898176915149577,-0.04604294354751375,-0.12066239793681635,0.03255832584980647,0.043928748716041854,-0.11000136532597746
2026-06-30,4902,-0.2642010085087875,-0.20950181693593412,-0.12354182749362076,0.09514723426895809,-0.037203149740658005,-0.12722179093064395,0.0330973917504778,0.03254973384519652,-0.10809900254616694
2026-07-01,4903,-0.19374148762778126,-0.14605352587409315,-0.09560567719547065,0.09086880038805524,-0.04438047958992903,-0.10963749620314582,0.03609913148358273,0.016393190911861425,-0.1009709011384814
2026-07-02,4904,-0.2238083613820331,-0.10078004956735241,-0.1085289408123381,0.11033221826634529,-0.04244096271810189,-0.14521597387534177,0.037500761125215346,0.0034036662894324204,-0.10124572330124845
2026-07-06,4905,-0.18387168444753946,-0.1129554245910379,-0.08733283209332779,0.09427649774865984,-0.051443916943485525,-0.1292047529676683,0.04118224389992181,-0.01703973888777672,0.028649927827350843
2026-07-07,4906,-0.19463367989171385,-0.08719559456388709,-0.08689183132726827,0.09628807313423633,-0.04501334264426912,-0.13277381673307226,0.03058545010258249,-0.02182547859132139,0.025444589432576756
2026-07-08,4907,-0.2600715709910484,-0.09361467370199308,-0.1128976102365707,0.09848843333118405,-0.038259938154493675,-0.1581708465792868,0.025997497940916953,0.027865475046694715,0.01436338749538772
2026-07-09,4908,-0.23454757417583758,-0.08853470488015296,-0.12814651369599156,0.07884359401259133,-0.019493333911417828,-0.14755379449267667,0.009811166469883325,0.006770136148583427,0.011736746796837016
2026-07-10,4909,-0.19584104662998006,-0.11314134939542958,-0.041140165449189664,0.05845783861543452,-0.030598732578904265,-0.07902418347677088,0.03818546147900452,0.019722475611301093,0.008836093722253796
2026-07-13,4910,-0.16125216050873922,-0.1036706707027901,-0.01357556124245001,0.023806570824165808,-0.026809286439173692,-0.03244212702087989,0.04333025870022254,0.004446909014422378,0.01666095730829153
