arm,refit_date,refit_idx,first_used,last_used,n_min,n_seas,n_mom,w_momentum_12_1,w_pct_from_high_252,w_volatility_60,w_gross_profitability,w_accruals,w_net_issuance_pct,w_days_to_next_filing_seasonal,w_short_interest_days_to_cover,w_seas,t_momentum_12_1,t_pct_from_high_252,t_volatility_60,t_gross_profitability,t_accruals,t_net_issuance_pct,t_days_to_next_filing_seasonal,t_short_interest_days_to_cover,t_seas
R252,2007-01-03,0,,,0,0,0,0.11111111111111113,0.11111111111111113,-0.11111111111111113,0.11111111111111113,-0.11111111111111113,-0.11111111111111113,-0.11111111111111113,-0.11111111111111113,0.11111111111111113,,,,,,,,,
R252,2007-02-02,21,,,0,0,0,0.11111111111111113,0.11111111111111113,-0.11111111111111113,0.11111111111111113,-0.11111111111111113,-0.11111111111111113,-0.11111111111111113,-0.11111111111111113,0.11111111111111113,,,,,,,,,
R252,2007-03-06,42,2007-01-03,2007-01-04,0,2,2,0.11111111111111113,0.11111111111111113,-0.11111111111111113,0.11111111111111113,-0.11111111111111113,-0.11111111111111113,-0.11111111111111113,-0.11111111111111113,0.11111111111111113,,,,,,,,,
R252,2007-04-04,63,2007-01-03,2007-02-05,0,23,23,0.00804853563832676,0.017841194011597634,-0.04930938843072509,0.4280548455969548,-0.1887586023739623,-0.1500409014440701,-0.0811675631920064,-0.0015329748883658883,0.07524599442399102,1.5250272329578922,-2.16382819751313,4.216581615585865,28.923147916222568,-13.313222076010268,-10.787564204917265,-6.294774481174243,,5.908494913716513
R252,2007-05-04,84,2007-01-03,2007-03-07,0,44,44,0.02805501011709818,0.0017338425145275043,-0.03621730996003779,0.17857894826260456,-0.5702918683657597,-0.02359671838353086,-0.09886327592374428,-0.0017338425145275043,0.06092918395816956,2.6180829505581453,-0.12992741754708453,3.0888465738139717,11.299606034938517,-33.89179170469078,-2.3609493472341856,-6.701975530960254,,4.514112928230601
R252,2007-06-05,105,2007-01-03,2007-04-05,0,65,65,0.003524621628421171,0.003524621628421171,-0.12232622674934794,0.3956006881034952,-0.18813845893900427,-0.042392174510382824,-0.147935988389384,-0.003524621628421171,0.0930325984231222,0.07755764540328748,0.21012365411923453,4.470620101827586,12.223919325510742,-6.337834206711134,-2.2027439816106473,-5.197216154962168,,3.6395059734339625
R252,2007-07-05,126,2007-01-03,2007-05-07,0,86,86,0.005062238106644982,0.009392528785035874,-0.18224903697884812,0.4471671276244325,-0.19120064194346173,-0.06938136032855499,-0.047751640581958826,-0.005062238106644982,0.04273318754441777,-0.8979177371318036,1.1855410312033072,4.6001672212853375,9.833387885043486,-4.776998195570471,-2.370566908685727,-1.943291081454215,,1.844156016452955
R252,2007-08-03,147,2007-01-03,2007-06-06,0,107,107,0.004635906298901128,0.026445490677903877,-0.25746885718722007,0.2496881098175972,-0.2435971214513698,-0.05158095754168503,-0.15731174442752052,-0.004635906298901128,0.004635906298901128,-0.41404307860425354,1.5704492061060937,6.553797695355689,6.385961098410941,-6.254573879310521,-2.112640209184373,-4.393333132397626,,1.0010126355494893
R252,2007-09-04,168,2007-01-03,2007-07-06,0,128,128,0.007092908192895103,0.06386654013339818,-0.08831172422230284,0.42913745145318966,-0.22963854010350554,-0.007092908192895103,-0.1312834749055559,-0.007092908192895103,0.03648354460336257,0.09934413901181946,1.9004281233665576,2.2450707357352213,7.050232708257136,-4.2375794788029575,-0.8354102719361824,-2.8509118028210385,,1.5143665138639153
R252,2007-10-03,189,2007-01-03,2007-08-06,0,149,149,0.017904913575225577,0.2098765492622835,-0.0507946712308467,0.2964305893267081,-0.13235953346071488,-0.017904913575225577,-0.07296908321054044,-0.017904913575225577,0.18385483278322962,0.3608104581779007,2.1721729254961755,1.2836912393764892,2.6555823521922446,-1.7392358131449253,-0.03439928941643982,-1.407536640174043,,2.0268401018010125
R252,2007-11-01,210,2007-01-03,2007-09-05,0,170,170,0.018891155247455032,0.2420700099246364,-0.11509783301695523,0.14695839625252677,-0.22597863718740493,-0.01535002457111672,-0.01535002457111672,-0.01535002457111672,0.20495389465767155,1.1230692182929887,2.577000797641236,1.7498218161391634,1.9573821564367404,-2.472171175625453,0.4298843906328191,-0.9551936206916679,,2.3352023881663473
R252,2007-12-03,231,2007-01-03,2007-10-04,0,191,191,0.05779741521530455,0.25765759410280253,-0.014454981986604271,0.16852953291794093,-0.2629761271620527,-0.014454981986604271,-0.04419258763685176,-0.014454981986604271,0.16548179700523466,1.3998442562492752,2.7824829829714015,0.755899972712248,2.1658923758889546,-2.8192767545871598,0.571334830687591,-1.305725650006385,,2.144808047208845
R252,2008-01-03,252,2007-01-03,2007-11-02,0,212,212,0.09964565133960761,0.2645443550566949,-0.015025254294349253,0.2081528061076931,-0.26154203586551417,-0.015025254294349253,-0.09448913655767298,-0.015025254294349253,0.026550252189769547,1.6631877862931257,2.76066474399828,-0.061717086475642675,2.385352966611526,-2.7406829245071465,0.4602929083495428,-1.6288688011969872,,1.1767041786424517
R252,2008-02-04,273,2007-01-03,2007-12-04,0,233,233,0.11690374412332924,0.2835661472284317,-0.014774304241748129,0.18206303005086547,-0.24395153292627944,-0.014774304241748129,-0.06147124119919541,-0.014774304241748129,0.06772139174665441,1.7912639553813394,2.919319804090345,-0.42958203908084397,2.2322951190920066,-2.6511879607632514,0.3683564144550431,-1.4160686025775384,,1.458372798059027
R252,2008-03-05,294,2007-01-05,2008-01-04,0,252,252,0.0708673528325502,0.3166941725452297,-0.018599951381052356,0.16049129326941206,-0.25933780818433366,-0.018599951381052356,-0.11820956764426507,-0.018599951381052356,0.018599951381052356,1.3810082692191459,2.702661292264688,-0.5857659326159058,1.862858670872137,-2.394292935886485,0.050162399623063285,-1.6355369711594212,,0.8486252415526913
R252,2008-04-04,315,2007-02-06,2008-02-05,0,252,252,0.06687999810922038,0.35257943254885793,-0.022473396329503386,0.16402205678201395,-0.20760275371881765,-0.022473396329503386,-0.11902217352307672,-0.022473396329503386,0.022473396329503386,1.297596309559225,2.568874714704278,-0.7028358036071913,1.7298498828442923,-1.9237711589070046,-0.15558608771436627,-1.5296136452985647,,0.855289470456063
R252,2008-05-05,336,2007-03-08,2008-03-06,0,252,252,0.10914301694583615,0.4390983843327235,-0.035615501323936205,0.11388209447436042,-0.20768022123510702,-0.023645195422009192,-0.023645195422009192,-0.023645195422009192,0.023645195422009192,1.4615864449326763,2.857030049851084,-1.1506246858538751,1.481628899409974,-1.878318903813314,-0.17053336368019306,-0.6685485918724089,,0.8241181553349569
R252,2008-06-04,357,2007-04-09,2008-04-07,0,252,252,0.17856019002826146,0.3611284131161906,-0.051920009812440666,0.09793398783662832,-0.2255615317477644,-0.021223966864678707,-0.021223966864678707,-0.021223966864678707,0.021223966864678707,1.8413139313999987,2.701512329993253,-1.244629150353824,1.4614311191731635,-2.062768016864688,0.2466347822257467,-0.08851393620987247,,0.7364964538361192
R252,2008-07-03,378,2007-05-08,2008-05-06,0,252,252,0.25156618938132314,0.29639163828418685,-0.11113737721573837,0.09746163456903935,-0.17690646450215305,-0.015587248947168246,-0.015587248947168246,-0.015587248947168246,0.01977494920605467,2.6139229586567003,2.9015006386873208,-1.713001874753074,1.625265143960797,-2.1349434727177554,0.643041677099217,0.3836323475537175,,1.1268661921874752
R252,2008-08-04,399,2007-06-07,2008-06-05,0,252,252,0.24091730246227064,0.25524068869513455,-0.2102052975391156,0.05973348098664486,-0.126426859218728,-0.013124460486779625,-0.013124460486779625,-0.013124460486779625,0.06810298963776759,2.835635854936274,2.944770902790561,-2.6016300079600003,1.4551309445962741,-1.96329185756686,0.5710468180198508,0.35103351706719577,,1.5189012508846995
R252,2008-09-03,420,2007-07-09,2008-07-07,0,252,252,0.20384676870153018,0.21031317313805337,-0.23342725907807796,0.07796210147493268,-0.1469349928903556,-0.015960990486171972,-0.015960990486171972,-0.015960990486171972,0.07963273325853462,2.2771561318712377,2.31766993608737,-2.462486048596489,1.4884540313615013,-1.9205881866645733,0.06973043765649292,-0.2710164519036856,,1.4989209994675805
R252,2008-10-02,441,2007-08-07,2008-08-05,0,252,252,0.050411974856345076,0.14400387551739205,-0.3162731990589572,0.2857430538805284,-0.09238824804193752,-0.027794912161209898,-0.027794912161209898,-0.027794912161209898,0.027794912161209898,1.1813712328499428,1.5180943716683566,-2.137881628207995,2.0280408595041597,-1.332392660592297,-0.7712326935554137,-0.6030159487626179,,0.9596649764230195
R252,2008-10-31,462,2007-09-06,2008-09-04,0,252,252,0.01729905226270029,0.16259648858624368,-0.3675167802330865,0.19046553111835232,-0.01729905226270029,-0.16620574821988857,-0.01729905226270029,-0.01729905226270029,0.04401924279162801,0.8977614239076903,1.9399155868025757,-3.124490837139763,2.101017143748554,-0.5357272700772108,-1.960779502228897,-1.0503571753497856,,1.2544604301042608
R252,2008-12-02,483,2007-10-05,2008-10-03,0,252,252,0.015406125226773596,0.14674946773489764,-0.2729770726337989,0.16090709149852397,-0.015406125226773596,-0.2564285445185441,-0.041553544641560206,-0.015406125226773596,0.07516590329235447,0.929610311267555,1.9525397565889475,-2.771873645161631,2.0444358275037966,-0.14597430854434115,-2.6644583939439146,-1.2697209326154653,,1.4878962242999758
R252,2009-01-02,504,2007-11-05,2008-11-03,0,252,252,0.013977088975417187,0.11753498794275571,-0.2272802157062936,0.1494543184293439,-0.013977088975417187,-0.26198580471711225,-0.029771681715379715,-0.013977088975417187,0.17204172456286335,0.8511265220616112,1.8409117817699772,-2.6260912133136776,2.069280725709074,-0.19417864118975586,-2.8743946266485905,-1.213003449915372,,2.2308838046709814
R252,2009-02-03,525,2007-12-05,2008-12-03,0,252,252,0.014083649775590368,0.025056854890360344,-0.16751809618448268,0.2290638386770511,-0.014083649775590368,-0.2804706811208012,-0.09751196543929905,-0.014083649775590368,0.1581276143612346,0.36722423248103575,1.1779144986535282,-2.1894508799474925,2.626452250140884,-0.33688959993508233,-2.99146304821432,-1.6923770967970657,,2.1227744006763056
R252,2009-03-05,546,2008-01-07,2009-01-05,0,252,252,0.009165868772483005,0.01819905449702211,-0.13131730277022363,0.23547870870198426,-0.009165868772483005,-0.1607696871691163,-0.08223485541564358,-0.009165868772483005,0.34450278512856103,0.5879611613010814,1.1985524225663995,-2.4326770983723147,3.5690822610172916,-0.732511006801763,-2.754003806510578,-1.897185607353687,,4.758539355950612
R252,2009-04-03,567,2008-02-06,2009-02-04,0,252,252,0.008957981117372556,0.031984252832089215,-0.15537317860541142,0.23988949396203993,-0.008957981117372556,-0.14709664371580386,-0.08054599641612575,-0.008957981117372556,0.3182364911164123,0.6624424497480151,1.3570475580715495,-2.734466467049035,3.67794150064475,-1.032357141270028,-2.642073607752239,-1.899153451662449,,4.5525470186495935
R252,2009-05-05,588,2008-03-07,2009-03-06,0,252,252,0.009560121810962266,0.009560121810962266,-0.027708871411218406,0.2862881451631984,-0.009560121810962266,-0.18760437864883417,-0.09593744695755474,-0.009560121810962266,0.3642206705753452,-0.16965205987449017,0.4609866365110734,-1.2898380581243807,3.9946077134176425,-1.0742166215681437,-2.9623638940846404,-2.003516993345697,,4.809791107030726
R252,2009-06-04,609,2008-04-08,2009-04-06,0,252,252,0.009915657228965523,0.009915657228965523,-0.009915657228965523,0.24829734245651663,-0.011159460246999618,-0.24085718084524618,-0.13514376904514777,-0.009915657228965523,0.32487961849022773,-0.8164980380445621,-0.19415360486620728,-0.3671944503173655,3.504093644253785,-1.1125438283041966,-3.429059166563932,-2.362933045430081,,4.276430507714532
R252,2009-07-06,630,2008-05-07,2009-05-06,0,252,252,0.02242155838837918,0.008914814090099985,-0.008914814090099985,0.21283921086162008,-0.008914814090099985,-0.21179321835948653,-0.24098018092609735,-0.008914814090099985,0.276306575104017,-1.2515089845034302,-0.5538301481836637,-0.13400323148665527,3.3874778398125067,-1.003583113758431,-3.375744645025022,-3.703143088465624,,4.099409278886242
R252,2009-08-04,651,2008-06-06,2009-06-05,0,252,252,0.04443344691187689,0.008906662245542797,-0.008906662245542797,0.21196695894625722,-0.008906662245542797,-0.20938290702777201,-0.24019513755462457,-0.008906662245542797,0.2583949005772982,-1.4988787683524536,-0.7314176843372867,-0.07689126795358213,3.3798697323717746,-0.9314733768966389,-3.350857159005378,-3.696803032750305,,3.9011417908724226
R252,2009-09-02,672,2008-07-08,2009-07-07,0,252,252,0.07703182345475304,0.012358729555952935,-0.012358729555952935,0.1800611711846078,-0.03780367670501467,-0.158479548752376,-0.30715235679758796,-0.012358729555952935,0.20239523443780186,-1.6232988844524756,-0.8644946453448761,0.27094097532090894,2.4569553477920083,-1.3058864305903146,-2.2823288027695354,-3.4853068869820785,,2.63767022752199
R252,2009-10-02,693,2008-08-06,2009-08-05,0,252,252,0.09008773619913549,0.013819798430018427,-0.013819798430018427,0.15683914197040033,-0.18792804305167005,-0.046943529205170226,-0.32634817008590894,-0.013819798430018427,0.1503939841976596,-1.6518744586277976,-1.0249855918316502,0.5543297156570864,2.134887334027427,-2.3598464840374627,-1.3396831686285864,-3.361453907873487,,2.088250201037549
R252,2009-11-02,714,2008-09-05,2009-09-03,0,252,252,0.11013875626305235,0.0663234754431099,-0.011173943472444632,0.18464827488516486,-0.39800165788460784,-0.011173943472444632,-0.1961920616342865,-0.011173943472444632,0.011173943472444632,-1.985674901028976,-1.593554778638948,0.9359372388512568,2.652489788770764,-4.561872841634603,-0.9631540046492371,-2.755799661221695,,0.7239821238375151
R252,2009-12-02,735,2008-10-06,2009-10-05,0,252,252,0.14061987077511467,0.11805278481216648,-0.021630450849790043,0.16314652101933855,-0.35067576866846434,-0.014090642876984949,-0.17383680011002417,-0.008973580444058446,0.008973580444058446,-2.5670430732943545,-2.315559441943056,1.2410459346147826,2.818076096117916,-4.907869003399334,-1.1570236425117757,-2.9372066834830055,,0.6739587617964604
R252,2010-01-04,756,2008-11-04,2009-11-03,0,252,252,0.1739563915063107,0.16142676820412763,-0.03371023320151356,0.16740559714972691,-0.25175714971239915,-0.010116115998010499,-0.18139551223189063,-0.010116115998010499,0.010116115998010499,-2.719596646979158,-2.59573860398472,1.3332329641943927,2.654840624431847,-3.488674010479035,-0.8437628181176985,-2.7931339682894607,,0.8548081247587234
R252,2010-02-03,777,2008-12-04,2009-12-03,0,252,252,0.15714125746719085,0.19175128044856074,-0.06553490685152656,0.1332581364966792,-0.3013969671642503,-0.012217757823316038,-0.11426417810184429,-0.012217757823316038,0.012217757823316038,-2.286170995854139,-2.569447383239401,1.5363906192874566,2.090692240129142,-3.4668762593171762,0.08804380560681167,-1.9352303405767761,,0.7602606007058569
R252,2010-03-05,798,2009-01-06,2010-01-05,0,252,252,0.16939704871371566,0.23814102239337948,-0.132731917977689,0.10533969970247845,-0.2872402136141226,-0.012790097235403789,-0.028779805892403563,-0.012790097235403789,0.012790097235403789,-2.324439100000069,-2.861917216189649,2.0377709843384046,1.8236035877107453,-3.2458016411245394,0.22824397439558472,-1.2250163181929474,,0.47809651783309226
R252,2010-04-06,819,2009-02-05,2010-02-04,0,252,252,0.14293280303399666,0.27775373321003516,-0.18758793383621578,0.0792615395248945,-0.2599001222728858,-0.013140967030493065,-0.013140967030493065,-0.013140967030493065,0.013140967030493065,-2.0876886206496605,-3.113647592034279,2.4275047901796407,1.6031636738831427,-2.9777853613801666,0.7347095237679392,-0.5458540926667289,,0.26687789771411596
R252,2010-05-05,840,2009-03-09,2010-03-08,0,252,252,0.04814533742788029,0.30981292025691015,-0.21678701547757875,0.03602322942806379,-0.2927657881555664,-0.055341662784874485,-0.013708015489708725,-0.013708015489708725,0.013708015489708725,-1.3512203313749196,-3.2600858635555365,2.5814617049443176,1.2627895296376648,-3.135727001296139,1.40371753902979,-0.4079057100113389,,0.3223245985138418
R252,2010-06-04,861,2009-04-07,2010-04-07,0,252,252,0.01519071416015278,0.35328679941823016,-0.17685307393437807,0.062311758631237266,-0.31582414729759895,-0.030961364077944645,-0.01519071416015278,-0.01519071416015278,0.01519071416015278,-0.8845511904450968,-3.3256760392802827,2.164218298559568,1.410196373747122,-3.0790605627090715,1.2038176990991005,-0.06469756635691336,,-0.020302792828279875
R252,2010-07-06,882,2009-05-07,2010-05-06,0,252,252,0.026016909159426393,0.3415969770099174,-0.0763659668895511,0.14002165217165585,-0.3119308581317435,-0.026016909159426393,-0.026016909159426393,-0.026016909159426393,0.026016909159426393,-0.6210718124056105,-2.312980627009457,1.2935243630271214,1.5381947998266485,-2.198954327050511,0.6190345442540698,0.01948093980310629,,-0.36906027497008287
R252,2010-08-04,903,2009-06-08,2010-06-07,0,252,252,0.04964343799395488,0.4761716371387686,-0.04964343799395488,0.04964343799395488,-0.17632429690354703,-0.04964343799395488,-0.04964343799395488,-0.04964343799395488,0.04964343799395488,-0.7935480735175986,-1.9591834417204392,0.9845319906023701,1.082082219318554,-1.3551814782147404,0.48829942489633327,0.36265259185830645,,-0.25463031145917137
R252,2010-09-02,924,2009-07-08,2010-07-07,0,252,252,0.04844666806420309,0.23743131278325466,-0.04844666806420309,0.42344201076732363,-0.04844666806420309,-0.04844666806420309,-0.04844666806420309,-0.04844666806420309,0.04844666806420309,-0.531622605812579,-1.4900880127991527,0.5266365216898895,1.8740374264875441,-0.9650462623248517,0.07009964024656748,0.35550069252099403,,-0.022187953364741025
R252,2010-10-04,945,2009-08-06,2010-08-05,0,252,252,0.043678040883106534,0.043678040883106534,-0.043678040883106534,0.6505756729351476,-0.043678040883106534,-0.043678040883106534,-0.043678040883106534,-0.043678040883106534,0.043678040883106534,0.4949397182752932,-0.979023469809395,0.08016090570101886,2.48947997616526,-0.807843461705469,-0.3323209869654309,0.6688524972022974,,0.26896753786281363
R252,2010-11-02,966,2009-09-04,2010-09-03,0,252,252,0.16880289777377047,0.04036175363621689,-0.04036175363621689,0.5486648267727112,-0.04036175363621689,-0.04036175363621689,-0.04036175363621689,-0.04036175363621689,0.04036175363621689,1.4182248851107957,-0.8941735616226273,0.23359032115003495,2.3593681575827032,-0.9191216705237134,-0.2945205579046279,0.34448631372257,,0.5992189573639563
R252,2010-12-02,987,2009-10-06,2010-10-05,0,252,252,0.14557151576926425,0.09457008442216581,-0.03282301981695027,0.3855790377712474,-0.1736432023309262,-0.03282301981695027,-0.06934408043859511,-0.03282301981695027,0.03282301981695027,1.4435043350096906,-1.2881212178208188,0.7674854773282299,2.1747213995591257,-1.5290287222178576,0.11765757542182842,1.2112666074764542,,0.8585249088789536
R252,2011-01-03,1008,2009-11-04,2010-11-03,0,252,252,0.09014165193584998,0.11784832803105791,-0.04565740762173819,0.28890158304426267,-0.20820310380757268,-0.02128737150581696,-0.1853858110420677,-0.02128737150581696,0.02128737150581696,1.4234513026242719,-1.5536067616373155,1.2144811895130496,2.357150097020282,-1.9780592392568495,0.40851890469885394,1.8708722492648255,,0.7485460333404745
R252,2011-02-02,1029,2009-12-04,2010-12-03,0,252,252,0.03748158643683799,0.1379694575489725,-0.05071728768417155,0.25155117424222345,-0.2428329987834234,-0.024014775512179117,-0.2074031687678338,-0.024014775512179117,0.024014775512179117,1.1560771884701948,-1.5745190392431574,1.211192012427725,2.0474850123610318,-2.011181631326391,0.3591587915849939,1.86364816803159,,0.9478424541092126
R252,2011-03-04,1050,2010-01-06,2011-01-04,0,252,252,0.07240967432280337,0.09748719257607544,-0.04843650020993114,0.174159178010026,-0.30267070232347904,-0.027280650321060744,-0.12998663343225256,-0.027280650321060744,0.12028881848331083,1.265425030087728,-1.3573492252888673,1.1775489207181327,1.638398190513716,-2.109470261014329,0.34358155228328036,1.4764792330918244,,1.4409309054866903
R252,2011-04-04,1071,2010-02-05,2011-02-03,0,252,252,0.11072113898687398,0.02408664472649705,-0.02408664472649705,0.19681270031883782,-0.3092168941641165,-0.02408664472649705,-0.02408664472649705,-0.02408664472649705,0.26281604289768656,1.4596785490221174,-0.944397858184236,0.9881225262481346,1.8171030151921892,-2.2837690665315273,-0.1530262006504743,1.0945939398231315,,2.091127659671793
R252,2011-05-04,1092,2010-03-09,2011-03-07,0,252,252,0.029832183648164975,0.02464596915327778,-0.02464596915327778,0.32507430246670027,-0.3172888521060901,-0.02464596915327778,-0.02464596915327778,-0.02464596915327778,0.20457481601265579,1.1210428507097172,-0.43182707327200276,0.5797924057677463,2.3189755308261724,-2.2873863881465275,-1.0106554028036914,0.5777711752383612,,1.8300538507549355
R252,2011-06-03,1113,2010-04-08,2011-04-05,0,252,252,0.07157095655696867,0.023763260534136667,-0.023763260534136667,0.35878783262739183,-0.3031944673267408,-0.041809605524966785,-0.023763260534136667,-0.023763260534136667,0.12958409582738523,1.3011832339007299,-0.3328174349972565,0.4429733947105404,2.5098426081386513,-2.2758959019583718,-1.1759422090453706,-0.7988142524437097,,1.5453127765915524
R252,2011-07-05,1134,2010-05-07,2011-05-05,0,252,252,0.2178190315779336,0.018781680298755467,-0.018781680298755467,0.2856379528342199,-0.3685356930856085,-0.018781680298755467,-0.018781680298755467,-0.018781680298755467,0.03409892100846092,2.159741983215245,-0.2093923268158478,0.6016886198292836,2.520832791798438,-2.9622083180173657,-1.0747403170168777,-0.7094794824563918,,1.181554155251596
R252,2011-08-03,1155,2010-06-08,2011-06-06,0,252,252,0.2424477401519718,0.012600396226592203,-0.012600396226592203,0.22212184894293974,-0.41491297241283426,-0.012600396226592203,-0.012600396226592203,-0.012600396226592203,0.05751545735929323,2.9241279067106145,-0.2614631126838848,0.994107390585406,2.7628163825052425,-4.292856549520175,-0.8278965576792978,-0.9001510373789401,,1.4564575297871278
R252,2011-09-01,1176,2010-07-08,2011-07-06,0,252,252,0.24261369154892287,0.011169671547290084,-0.011169671547290084,0.19039847391199916,-0.42580208290770116,-0.011169671547290084,-0.011169671547290084,-0.011169671547290084,0.08533739389492649,3.1720754323146085,0.15540730033917344,0.6985427075586502,2.704602262527518,-4.81212716152792,-0.9637246450833759,-0.6064762527903893,,1.7640098774044124
R252,2011-10-03,1197,2010-08-06,2011-08-04,0,252,252,0.19856248791358472,0.012780733852202623,-0.012780733852202623,0.20289024861708196,-0.37234221447148624,-0.026736807208524317,-0.012780733852202623,-0.012780733852202623,0.14834530638051235,2.5536078773705517,0.5646957840619485,0.15122630519079347,2.5874694752533007,-3.913308568798004,-1.209196181672436,-0.9595056913708951,,2.160694746451876
R252,2011-11-01,1218,2010-09-07,2011-09-02,0,252,252,0.13613571149804837,0.010733972076258822,-0.010733972076258822,0.17457508430294763,-0.28810722415538176,-0.05888749064094962,-0.03554865516042524,-0.010733972076258822,0.2745439180134709,2.2682696631860124,0.9038678390303887,-0.26166820023095244,2.626379154544935,-3.684069066963677,-1.548608569340289,-1.3311789420344313,,3.5577103803046173
R252,2011-12-01,1239,2010-10-06,2011-10-04,0,252,252,0.13046036572578681,0.010688113593355449,-0.010688113593355449,0.15592309964181203,-0.29863369538968626,-0.07680546607637907,-0.03212707630252819,-0.010688113593355449,0.2739859560837413,2.220611706511905,0.8279536649843666,-0.455083594267964,2.458845831679276,-3.794072993155124,-1.718606378997761,-1.3005869653415814,,3.5634641107676104
R252,2012-01-03,1260,2010-11-04,2011-11-02,0,252,252,0.1729369929485053,0.026745435642297002,-0.013952947663794816,0.11664435172476917,-0.2830703276819228,-0.14076162648587678,-0.016354571559182126,-0.010942755295704034,0.21859099099794793,2.580378874198145,1.2444122610764847,-1.1275085413750643,2.0659504720037196,-3.5868286371445417,-2.2863453735563084,-1.1494557002988333,,2.997586394751636
R252,2012-02-02,1281,2010-12-06,2011-12-02,0,252,252,0.1454480794666079,0.0547417384482993,-0.05661703408917801,0.12507177955662127,-0.12082462249779918,-0.23920346965591716,-0.011455184408617319,-0.011455184408617319,0.23518290746834256,2.269713993929182,1.4778774090019806,-1.4942481244264132,2.091835583742627,-2.0547592966456936,-3.0881677773425724,-0.8706159288762179,,3.0530695890973436
R252,2012-03-05,1302,2011-01-05,2012-01-04,0,252,252,0.018868257070048147,0.018868257070048147,-0.018868257070048147,0.2385487222091197,-0.1367510206204278,-0.2070126647159647,-0.018868257070048147,-0.018868257070048147,0.3233463071042471,0.8545494316587234,0.48833073444929914,-0.6909737722778311,2.26428594503197,-1.7247676354670254,-2.0971477860802565,-0.8793584628656081,,2.713705224090537
R252,2012-04-03,1323,2011-02-04,2012-02-03,0,252,252,0.02161447865534925,0.02161447865534925,-0.02161447865534925,0.27713070933939615,-0.1386881885683206,-0.1628447179722931,-0.02161447865534925,-0.02161447865534925,0.3132639908432438,0.529113545174391,0.25425382217698744,-0.5138713113233524,2.2821531056027142,-1.6416448473255099,-1.7534057173846826,-0.9245284673090988,,2.4493247597517964
R252,2012-05-03,1344,2011-03-08,2012-03-06,0,252,252,0.02670018559100391,0.02670018559100391,-0.02670018559100391,0.30759652569321805,-0.02670018559100391,-0.19826655891450246,-0.02670018559100391,-0.02670018559100391,0.333935801846256,0.83003002956093,0.49132023906537886,-0.7465287251852961,2.1520389049162882,-0.9975548544250363,-1.7425662201438195,-0.9845002349574589,,2.250687193570553
R252,2012-06-04,1365,2011-04-06,2012-04-04,0,252,252,0.05761381801423624,0.05189747115392654,-0.05189747115392654,0.3347715220721929,-0.05189747115392654,-0.26806739919086797,-0.05189747115392654,-0.05189747115392654,0.08005990495307012,1.111014692495045,0.7593158409777284,-0.947769062666146,1.6450632653742787,-0.3419535196569744,-1.5165326811315856,-1.0620712923257067,,1.1542655223327059
R252,2012-07-03,1386,2011-05-06,2012-05-04,0,252,252,0.19128562042519442,0.08313300758634634,-0.08313300758634634,0.08313300758634634,-0.08313300758634634,-0.21376845408725428,-0.09614787996947316,-0.08313300758634634,0.08313300758634634,1.2300958740443921,0.8279547869939811,-0.9691672501335384,1.0716663712251615,-0.18503181674780023,-1.2571402867449768,-1.1156554812113695,,0.6509835976397785
R252,2012-08-02,1407,2011-06-07,2012-06-05,0,252,252,0.09775672204573291,0.09775672204573291,-0.09775672204573291,0.09775672204573291,-0.09775672204573291,-0.09775672204573291,-0.2179462236341367,-0.09775672204573291,0.09775672204573291,1.0497064905330011,0.8591887438831004,-1.0694246065291568,0.41820707811765373,0.2477236185939074,-1.0613127879827862,-1.2229475570305808,,0.40583608919621933
R252,2012-08-31,1428,2011-07-07,2012-07-05,0,252,252,0.07475404986665447,0.07475404986665447,-0.07475404986665447,0.07475404986665447,-0.07475404986665447,-0.07475404986665447,-0.40196760106676405,-0.07475404986665447,0.07475404986665447,1.0775956569193226,0.49148548100087286,-0.7105520858004442,0.26084709787551236,0.5555235046156454,-0.8634453103716121,-1.5377201660428965,,0.28681881613433463
R252,2012-10-02,1449,2011-08-05,2012-08-03,0,252,252,0.09332836824979744,0.09332836824979744,-0.09332836824979744,0.09332836824979744,-0.09332836824979744,-0.09332836824979744,-0.2533730540016204,-0.09332836824979744,0.09332836824979744,0.881266932725005,-0.13811162911554062,0.014455357750059182,0.22095460276191944,0.6733143280309081,-0.5326217519692189,-1.271485571593255,,-0.4764530752045769
R252,2012-11-02,1470,2011-09-06,2012-09-04,0,252,252,0.07551718366484639,0.07551718366484639,-0.07551718366484639,0.07551718366484639,-0.3958625306812287,-0.07551718366484639,-0.07551718366484639,-0.07551718366484639,0.07551718366484639,0.9139788055768131,-0.18130286776726734,0.14753527874355027,-0.8396490276462071,1.5242019252705588,0.024944503400475396,-0.3035155898748647,,-0.42702904939862624
R252,2012-12-04,1491,2011-10-05,2012-10-03,0,252,252,0.046262593596756225,0.046262593596756225,-0.046262593596756225,0.06759163457714733,-0.608570210245559,-0.046262593596756225,-0.046262593596756225,-0.046262593596756225,0.046262593596756225,1.036560138640537,0.08432989449633276,-0.09823492982774584,-1.1461042914418154,2.315469287239075,-0.39497378204550915,-0.6657664867494775,,-0.8006851224630586
R252,2013-01-04,1512,2011-11-03,2012-11-05,0,252,252,0.044980190267455686,0.044980190267455686,-0.044980190267455686,0.044980190267455686,-0.6401584778603544,-0.044980190267455686,-0.044980190267455686,-0.044980190267455686,0.044980190267455686,0.8982348628920931,-0.1419126353433012,0.10365385166204547,-0.6915850202961701,2.423200911454404,-0.6494714593922427,-0.7432393791542771,,-0.1577575074771994
R252,2013-02-05,1533,2011-12-05,2012-12-05,0,252,252,0.05072162797744441,0.05072162797744441,-0.05072162797744441,0.05072162797744441,-0.5942269761804446,-0.05072162797744441,-0.05072162797744441,-0.05072162797744441,0.05072162797744441,1.055539118120297,-0.21561241816821705,0.23095855041117405,-0.42010173491107683,2.171545551425703,-0.675566313079954,-0.7807086325938443,,-0.011958605248271562
R252,2013-03-07,1554,2012-01-05,2013-01-07,0,252,252,0.26480112274866735,0.03349315995720575,-0.03349315995720575,0.03349315995720575,-0.4625100015450886,-0.07172991596300951,-0.03349315995720575,-0.03349315995720575,0.03349315995720575,1.790612540253007,0.36407342026985406,-0.16866570652345378,-0.7344191752957776,2.380908824775083,-1.214162879987015,-0.41340256393356895,,0.14658582943968393
R252,2013-04-08,1575,2012-02-06,2013-02-06,0,252,252,0.26571773108566105,0.026763298606012457,-0.026763298606012457,0.21099590834057264,-0.29155703187102733,-0.0979128356726766,-0.026763298606012457,-0.026763298606012457,0.026763298606012457,1.9928437260195078,0.669987748042119,-0.3672617632780494,-1.7883778133879646,2.08939124493992,-1.3658474133329745,-0.18547515188295674,,-0.0864649754615082
R252,2013-05-07,1596,2012-03-07,2013-03-08,0,252,252,0.31456159035302766,0.029965072755901,-0.029965072755901,0.4485600046747764,-0.05655585357911452,-0.030497187613576178,-0.029965072755901,-0.029965072755901,0.029965072755901,2.049760809578149,0.5198024694827045,-0.2618339189285472,-2.496942818490043,1.1887392499922331,-1.101775783633198,-0.4779840085489544,,-0.1361239561658423
R252,2013-06-06,1617,2012-04-05,2013-04-09,0,252,252,0.4158631275685392,0.049122887843382326,-0.049122887843382326,0.18387634625692617,-0.049122887843382326,-0.10552319911424066,-0.049122887843382326,-0.049122887843382326,0.049122887843382326,1.846577116749383,-0.11236963877092926,0.4222004063570204,-1.374319088981853,0.8415342293564001,-1.214814730458597,-0.2580644291013824,,0.9166547893877426
R252,2013-07-08,1638,2012-05-07,2013-05-08,0,252,252,0.1033041792897579,0.040492195748498994,-0.19057044370370813,0.040492195748498994,-0.040492195748498994,-0.276446730019344,-0.040492195748498994,-0.040492195748498994,0.22721766824469494,1.2551212088655066,-0.9697515093374524,1.4706349956602993,-0.1984017752524762,0.7171073554532376,-1.6827160762937674,0.4073349286974417,,1.5611394098160698
R252,2013-08-06,1659,2012-06-06,2013-06-07,0,252,252,0.029276686672163613,0.06848944048574575,-0.26788068838577683,0.029276686672163613,-0.029276686672163613,-0.42713512710439494,-0.029276686672163613,-0.029276686672163613,0.09011131066326421,0.8611480403956905,-1.2339384960213609,1.9149966025372633,0.5447474626375709,0.7466607691650144,-2.458959929063683,0.9986780424815376,,1.3077920383283754
R252,2013-09-05,1680,2012-07-06,2013-07-09,0,252,252,0.02506503425637544,0.02506503425637544,-0.23798493133110132,0.02506503425637544,-0.02506503425637544,-0.4600990505623827,-0.15152581256826325,-0.02506503425637544,0.02506503425637544,0.8273336290548756,-0.8897107169772954,1.9494698028213084,1.0296751461349336,0.5065722168190575,-2.8356210721928448,1.6045306422420778,,1.0072936671412434
R252,2013-10-04,1701,2012-08-06,2013-08-07,0,252,252,0.1630753541293141,0.020275981175957327,-0.14925445697701775,0.055151366139974546,-0.020275981175957327,-0.4131511150765409,-0.12713106440191432,-0.020275981175957327,0.03140869974736652,1.8042784845484279,-0.31144963897711025,1.7361145962889302,1.2720034392484614,0.08985179467548743,-3.0376380876030975,1.6270032670609433,,1.1549059425277532
R252,2013-11-04,1722,2012-09-05,2013-09-06,0,252,252,0.1746365433351863,0.019412411495849883,-0.19157959782873274,0.18660196390354666,-0.019412411495849883,-0.3026720222360169,-0.06686022671311796,-0.019412411495849883,0.019412411495849883,1.8996128243650785,-0.35961706019925627,1.9868923181939036,1.9612508159712136,-0.32899896167724013,-2.5591675578313606,1.3444199950501348,,0.9721788408448758
R252,2013-12-04,1743,2012-10-04,2013-10-07,0,252,252,0.12176228410025763,0.015585308794111238,-0.18584541932087104,0.19392666111896953,-0.015585308794111238,-0.3102352457090417,-0.06693998147089257,-0.015585308794111238,0.0745344818976338,1.7812632120979495,-0.4175289204421229,2.192439763471937,2.244291426501879,-1.0297352897484124,-2.9905620723168553,1.4295069308872803,,1.478235515781349
R252,2014-01-06,1764,2012-11-06,2013-11-05,0,252,252,0.21668934489906141,0.015403194731912541,-0.1588995654128214,0.20208609448718784,-0.040750692605285056,-0.24999074727825335,-0.04621509390847462,-0.015403194731912541,0.05456207194509125,2.40678183111015,0.008573969470406364,2.031601353994514,2.3119751973822886,-1.2645600040416112,-2.6229798533957327,1.3000357699349576,,1.3542256843124163
R252,2014-02-05,1785,2012-12-06,2013-12-05,0,252,252,0.29151784110473583,0.01331046889103723,-0.13324908374552663,0.22196898409440363,-0.0874754106598678,-0.1582452341577151,-0.030570143107194702,-0.01331046889103723,0.05035236534848191,3.190139532207111,0.43700906268132206,2.00108482155164,2.66762708294874,-1.657192555543783,-2.1888779835868255,1.2296699188995475,,1.3782914468354102
R252,2014-03-07,1806,2013-01-08,2014-01-07,0,252,252,0.29952160870450134,0.015515902101722379,-0.18402399036822384,0.21112018244017086,-0.1712246045252195,-0.015515902101722379,-0.015515902101722379,-0.015515902101722379,0.0720460055549952,2.9304169795660946,0.008390450971601555,2.1860347478461843,2.3606697248800956,-2.103542697051513,-0.8839992952661943,0.6392580783262861,,1.4643365566672244
R252,2014-04-07,1827,2013-02-07,2014-02-06,0,252,252,0.2672279982504988,0.015423778964765713,-0.2565040007493587,0.15403880890665395,-0.13789739324173428,-0.015423778964765713,-0.015423778964765713,-0.015423778964765713,0.12263668299269163,2.732571497951041,-0.396666255066715,2.6630425094610075,1.9987099092806133,-1.8940571150348364,-0.7590974288630556,0.4593167678619875,,1.795114370303442
R252,2014-05-07,1848,2013-03-11,2014-03-10,0,252,252,0.039441466906402135,0.039441466906402135,-0.2770413926345765,0.15848604243456485,-0.07726275053469989,-0.05042493447589966,-0.039441466906402135,-0.039441466906402135,0.27901901229465054,1.0683733742340946,-0.9196888059895272,1.7024114830516286,1.4018259331243064,-1.1958921830114757,-1.1278475128614314,0.569837857809142,,1.7074255451927935
R252,2014-06-06,1869,2013-04-10,2014-04-08,0,252,252,0.05504035620017263,0.05504035620017263,-0.05504035620017263,0.05504035620017263,-0.05504035620017263,-0.1845207328056748,-0.05504035620017263,-0.05504035620017263,0.4301967737931168,0.3562363180091285,-0.610052018892562,0.6148428521566428,0.9963768266504683,-0.9379284800269938,-1.3352462548290995,0.07351381252065116,,1.7816024522598704
R252,2014-07-08,1890,2013-05-09,2014-05-08,0,252,252,0.05541842491091461,0.05541842491091461,-0.05541842491091461,0.05541842491091461,-0.13332418356219045,-0.05541842491091461,-0.05541842491091461,-0.05541842491091461,0.47874684206140733,0.6037817823688086,-0.23768830499097005,0.4421034521083293,0.699896773335059,-1.2405773599240861,-0.938170210057596,-0.04476773325168938,,1.8638766670669462
R252,2014-08-06,1911,2013-06-10,2014-06-09,0,252,252,0.0549542401024453,0.0549542401024453,-0.0549542401024453,0.0549542401024453,-0.26733080256926467,-0.0549542401024453,-0.0549542401024453,-0.0549542401024453,0.34798951671361816,0.7829354691706756,-0.35945523869518675,0.35143727092403476,0.5020470991723474,-1.4864607391002196,-0.601351648806182,-0.43813473082170684,,1.633235062599171
R252,2014-09-05,1932,2013-07-10,2014-07-09,0,252,252,0.04626919969106478,0.04626919969106478,-0.04626919969106478,0.04626919969106478,-0.20767309345059132,-0.04626919969106478,-0.12072861545373537,-0.04626919969106478,0.3939830929492845,0.7430032698720512,-0.6357331131004669,0.010909870928213163,0.4321315972161715,-1.4488365799218608,-0.5617430064284,-1.2609265261984848,,1.8515018534573187
R252,2014-10-06,1953,2013-08-08,2014-08-07,0,252,252,0.039068744392021695,0.039068744392021695,-0.039068744392021695,0.039068744392021695,-0.1118563498861387,-0.039068744392021695,-0.039068744392021695,-0.039068744392021695,0.6146624393697095,0.5490914155390548,-0.9138418939424644,-0.21848480609507456,0.24276246992023087,-1.286306487773846,-0.5301273408294039,-1.0150227619276777,,2.57328434515861
R252,2014-11-04,1974,2013-09-09,2014-09-08,0,252,252,0.03660002177215551,0.03660002177215551,-0.03660002177215551,0.03660002177215551,-0.03660002177215551,-0.03660002177215551,-0.03660002177215551,-0.03660002177215551,0.707199825822756,0.18749511262705224,-0.27396755570355347,-0.7047624290947108,0.14587855932820182,-0.47173981865274767,-0.7423926826638215,-1.024578730967754,,2.932238811838025
R252,2014-12-04,1995,2013-10-08,2014-10-07,0,252,252,0.04157492447191374,0.04157492447191374,-0.04157492447191374,0.04157492447191374,-0.04157492447191374,-0.04157492447191374,-0.04157492447191374,-0.04157492447191374,0.6674006042246902,-0.06902353510698327,-0.15880034180891792,-0.7600781875154314,0.33025249148006647,-0.2065352122257975,-0.5130049633912549,-0.8379987747173792,,2.6052960112424444
R252,2015-01-06,2016,2013-11-06,2014-11-05,0,252,252,0.040799852913301085,0.040799852913301085,-0.040799852913301085,0.040799852913301085,-0.040799852913301085,-0.040799852913301085,-0.040799852913301085,-0.040799852913301085,0.6736011766935914,-0.2677337011381418,0.22051579986762457,-0.9290797213380477,0.5622462106723772,-0.5564350103045349,-0.3663665545408103,-0.569880076445066,,2.6509892281351632
R252,2015-02-05,2037,2013-12-06,2014-12-05,0,252,252,0.029810108738390215,0.029810108738390215,-0.23910467104804511,0.029810108738390215,-0.029810108738390215,-0.029810108738390215,-0.029810108738390215,-0.029810108738390215,0.5522245677832233,0.058413466469049206,0.9739284361190413,-1.8020925825745817,0.7400311573563638,-0.7193660182518525,-0.7168152966377307,-0.9929443840094587,,2.8524741812566905
R252,2015-03-09,2058,2014-01-08,2015-01-07,0,252,252,0.023441931336209823,0.08743752297897173,-0.2443157418497906,0.025637327514280793,-0.023441931336209823,-0.0708014314320439,-0.023441931336209823,-0.023441931336209823,0.47804025088007357,0.23530643737659845,1.372996242182104,-2.0422167796064046,1.1093652530014873,-0.7075750066627821,-1.3020290027156582,-0.6690479298880742,,3.03925284151679
R252,2015-04-08,2079,2014-02-07,2015-02-06,0,252,252,0.025100178953252415,0.025100178953252415,-0.09542121837267808,0.1509280053975338,-0.025100178953252415,-0.05860828404197627,-0.025100178953252415,-0.025100178953252415,0.5695415974215498,0.09707996818048427,0.9729687597240395,-1.3801615062203119,1.6013025073591236,-0.5129072490740112,-1.2334974748631502,-0.05460803428876835,,3.269073851952558
R252,2015-05-07,2100,2014-03-11,2015-03-10,0,252,252,0.020112865640675107,0.020112865640675107,-0.020112865640675107,0.3165671735245789,-0.020112865640675107,-0.020112865640675107,-0.020112865640675107,-0.020112865640675107,0.5426427669906954,0.5895993962958639,1.0048863764312674,-0.7153308078882925,2.5739536035301285,-0.5323506220295777,-0.8272884378046211,0.2137086426770305,,3.6979883259066066
R252,2015-06-08,2121,2014-04-09,2015-04-09,0,252,252,0.02124789428587566,0.02124789428587566,-0.02124789428587566,0.4117810581133827,-0.02124789428587566,-0.02124789428587566,-0.02124789428587566,-0.02124789428587566,0.43948368188548753,0.9341140823777669,0.588274754755542,0.18421786834978704,2.9379852543181673,-0.4273675211655454,-0.37762805887602946,1.0805353168768397,,3.0683634621508364
R252,2015-07-08,2142,2014-05-09,2015-05-08,0,252,252,0.048889615447798775,0.047285460096952454,-0.015754629272289655,0.34012310176542315,-0.015754629272289655,-0.015754629272289655,-0.02969639825737668,-0.015754629272289655,0.4709869073432902,1.310319047200871,1.3001369266119225,-0.08780330149727937,3.1588772156235723,0.46618328971983075,-0.7682661660843949,1.18849315806884,,3.9895143783020965
R252,2015-08-06,2163,2014-06-10,2015-06-09,0,252,252,0.04835822526931062,0.07445449850892351,-0.011886731149432499,0.27282816589180897,-0.05109341242264974,-0.011886731149432499,-0.011886731149432499,-0.011886731149432499,0.5057187733095772,1.4068252630717517,1.6263664717652686,-0.614240545393928,3.295232915273216,1.4298356863660457,-0.7342130931590802,1.066575295484577,,5.2544814630027314
R252,2015-09-04,2184,2014-07-10,2015-07-09,0,252,252,0.07093100287622744,0.09511868743049223,-0.01089883819043151,0.2383134464756695,-0.0857502304439333,-0.01089883819043151,-0.01089883819043151,-0.01089883819043151,0.46629128001195164,1.6508125144797579,1.8727415323405794,-0.8388900781355447,3.186594959129622,1.7867832235477776,-0.5146531624071504,0.9406401816173162,,5.278357673218104
R252,2015-10-06,2205,2014-08-08,2015-08-07,0,252,252,0.0827342698828408,0.11961089225223524,-0.011107070352773873,0.2018650915097974,-0.10774040272887035,-0.010195063556938808,-0.010195063556938808,-0.010195063556938808,0.446357082602666,1.81151303688079,2.173223605563768,-1.108945572440442,2.9800277887665256,2.0567899074600837,-0.7113247497871072,0.39169634147637106,,5.378168709883846
R252,2015-11-04,2226,2014-09-09,2015-09-08,0,252,252,0.09841927834760308,0.12882977287966133,-0.01158616346052853,0.17068761508988545,-0.07244720071196559,-0.01158616346052853,-0.01158616346052853,-0.01158616346052853,0.48327147912877055,1.8494552893448775,2.1119278035266427,-1.060547251170704,2.47320220080944,1.6252906836570795,-0.8295783017066627,0.3449605432643571,,5.171108760679655
R252,2015-12-04,2247,2014-10-08,2015-10-07,0,252,252,0.10520564573277148,0.12403005867151619,-0.011339557662918873,0.1277447435365014,-0.04371947441851202,-0.011339557662918873,-0.011339557662918873,-0.011339557662918873,0.5539418469890233,1.9277755699131116,2.0937821593967723,-1.039048004010805,2.1265407993314893,1.3855483231191432,-0.9745126247957087,-0.2516729674851759,,5.8850392886175005
R252,2016-01-06,2268,2014-11-06,2015-11-05,0,252,252,0.13187771598494794,0.12839557842126964,-0.02123987307022127,0.1456568483561888,-0.053053336558942815,-0.01093494344366688,-0.01093494344366688,-0.01093494344366688,0.486971817277429,2.20602101569466,2.1741768860782877,-1.194238526972196,2.3320311084054848,1.4851724824390324,-0.6896393249248745,-0.5278894584690279,,5.453354695304486
R252,2016-02-05,2289,2014-12-08,2015-12-07,0,252,252,0.15967295700762302,0.15448003565856958,-0.05703074315284562,0.19182304228713412,-0.12411638732177312,-0.055655798442679046,-0.013781774084041347,-0.013781774084041347,0.22965748796129273,2.1585805719491287,2.1209009429159797,-1.4138127849511375,2.3918603012746833,1.9005835283970742,-1.4038362412798935,-1.0722969751877367,,2.6663855216377796
R252,2016-03-08,2310,2015-01-08,2016-01-07,0,252,252,0.12718656337357412,0.20930089379878877,-0.12783073270472203,0.15229059068209735,-0.20558051498920293,-0.11814276448682498,-0.033855640937467305,-0.012906149513661374,0.012906149513661374,1.985472570567581,2.6217144670239585,-1.9904637519456216,2.1799847082268435,2.5928880629469893,-1.9153990069754647,-1.2623217784795577,,0.8261894418377481
R252,2016-04-07,2331,2015-02-09,2016-02-08,0,252,252,0.05656219089428711,0.18741350838857945,-0.18773608303044342,0.13594536700862303,-0.14092975631059748,-0.1488978475514574,-0.11662709929229798,-0.012944073761857071,0.012944073761857071,1.4369736447343313,2.447871140388893,-2.4503632046941393,2.0502517948346357,2.0887589093155667,-2.150316741783579,-1.9010076845820263,,1.03323128239815
R252,2016-05-06,2352,2015-03-11,2016-03-09,0,252,252,0.021926873540703093,0.11242867194194293,-0.19673156708088776,0.09364727801646255,-0.09629058341492001,-0.19518986797617896,-0.23993141094749854,-0.021926873540703093,0.021926873540703093,1.0395815617351933,1.5127437422085752,-1.8972166812368068,1.427089059653781,1.439144154483195,-1.8901855871693058,-2.094234481272997,,0.8785908571522507
R252,2016-06-07,2373,2015-04-10,2016-04-08,0,252,252,0.039176037508348166,0.1559899653080442,-0.3288999714485406,0.039176037508348166,-0.13057269486319517,-0.039176037508348166,-0.1886571808384791,-0.039176037508348166,0.039176037508348166,1.0722950694907833,1.3981769858036401,-1.8395437424687326,0.5967126573717854,1.3332973500328382,-1.0263641772393823,-1.4815626919855727,,0.8028923872613725
R252,2016-07-07,2394,2015-05-11,2016-05-09,0,252,252,0.04271588950906325,0.12588436936182257,-0.36469429196874575,0.04271588950906325,-0.04271588950906325,-0.04271588950906325,-0.253126001615052,-0.04271588950906325,0.04271588950906325,0.9942765757182063,1.2947015052445836,-1.8537672893159973,0.3784420357902311,0.7301600833717148,-0.635064740143893,-1.5925804297282513,,0.7890544356914352
R252,2016-08-05,2415,2015-06-10,2016-06-08,0,252,252,0.04541255320906057,0.04541255320906057,-0.27414861172690025,0.04541255320906057,-0.04541255320906057,-0.04541255320906057,-0.4079635158096758,-0.04541255320906057,0.04541255320906057,0.7125440747322509,1.0220326238180093,-1.6036846474252036,0.6347441479850306,-0.3808184347942178,-0.5358568260607652,-1.898349656606139,,0.9477867870439326
R252,2016-09-06,2436,2015-07-10,2016-07-08,0,252,252,0.08193869255041927,0.08193869255041927,-0.08193869255041927,0.08193869255041927,-0.3264085521539419,-0.08193869255041927,-0.1000205999931231,-0.08193869255041927,0.08193869255041927,0.026469221445184897,0.37417570191454413,-0.9324832898839435,0.6429484575383829,-1.3983570423131821,-0.45747213173570966,-1.1220676055229677,,0.6978091539639303
R252,2016-10-05,2457,2015-08-10,2016-08-08,0,252,252,0.05855289350106993,0.05855289350106993,-0.05855289350106993,0.05855289350106993,-0.5315768519914403,-0.05855289350106993,-0.05855289350106993,-0.05855289350106993,0.05855289350106993,-0.39981466840441066,-0.12166163523742335,-0.36070912082002965,0.41192859688243183,-1.907857528820035,-0.24935012631053882,-1.0551804605336228,,0.03622794935078229
R252,2016-11-03,2478,2015-09-09,2016-09-07,0,252,252,0.06745629551642973,0.06745629551642973,-0.06745629551642973,0.06745629551642973,-0.460349635868562,-0.06745629551642973,-0.06745629551642973,-0.06745629551642973,0.06745629551642973,-0.4173333872624922,-0.2593379689556445,-0.05208228285499143,0.2925104903051979,-1.682441323443916,-0.1654329413255582,-0.9291706491087407,,-0.3531489733507962
R252,2016-12-05,2499,2015-10-08,2016-10-06,0,252,252,0.11111111111111113,0.11111111111111113,-0.11111111111111113,0.11111111111111113,-0.11111111111111113,-0.11111111111111113,-0.11111111111111113,-0.11111111111111113,0.11111111111111113,-0.5575363363889513,-0.3740627526775942,0.10848283104236377,0.2466256241608643,-0.8367834002945641,-0.32583389193613077,-0.6887206161208913,,-0.5818403228680832
R252,2017-01-05,2520,2015-11-06,2016-11-04,0,252,252,0.3676967139694014,0.06276754766137413,-0.06276754766137413,0.06276754766137413,-0.06276754766137413,-0.06276754766137413,-0.06276754766137413,-0.06276754766137413,0.1929304524009796,-1.5858070414875782,-0.8093659549932133,0.36205532018763037,-0.05584603241464542,-0.09750808163122615,-0.5424699861814408,-0.5614919831062627,,-1.3073729332900241
R252,2017-02-06,2541,2015-12-08,2016-12-06,0,252,252,0.5020653415737047,0.22725203048221979,-0.0849322962126583,0.030958388621902845,-0.030958388621902845,-0.030958388621902845,-0.030958388621902845,-0.030958388621902845,0.030958388621902845,-2.6217424870055965,-1.7340563918156922,1.2743434009112777,-0.6368815008133845,0.12351189768734741,-0.30202038975559803,0.13881908589667333,,-0.9338757659798486
R252,2017-03-08,2562,2016-01-08,2017-01-06,0,252,252,0.28610107917589694,0.26004526158095653,-0.28718473777020814,0.07281161149201473,-0.018771461996184794,-0.018771461996184794,-0.018771461996184794,-0.018771461996184794,0.018771461996184794,-2.524127844885207,-2.385322366653218,2.529900749491846,-1.387884606467058,0.11950243817586755,0.3347519298981567,0.9101229399304057,,0.3634454575542847
R252,2017-04-06,2583,2016-02-09,2017-02-07,0,252,252,0.3861316513689892,0.25090517218832603,-0.15873799608835995,0.0896703552582739,-0.022910965019210236,-0.022910965019210236,-0.022910965019210236,-0.022910965019210236,0.022910965019210236,-2.6853574305806327,-2.0951314009599713,1.6928472718423793,-1.3913861995035464,0.4817704285363915,0.6069074686419257,0.7991737247103173,,-0.34403803598065485
R252,2017-05-08,2604,2016-03-10,2017-03-09,0,252,252,0.5370068931416508,0.13491631099468546,-0.038063997236429926,0.038063997236429926,-0.038063997236429926,-0.038063997236429926,-0.09969281244508384,-0.038063997236429926,0.038063997236429926,-2.410800052884875,-1.3544459877838606,0.8434700711469088,-0.3749446515812403,0.7520546609173603,0.3509502237996338,1.2619084165697416,,-0.7914595459597541
R252,2017-06-07,2625,2016-04-11,2017-04-07,0,252,252,0.5871799375025574,0.050102520174569315,-0.050102520174569315,0.050102520174569315,-0.050102520174569315,-0.050102520174569315,-0.06210242127545707,-0.050102520174569315,0.050102520174569315,-2.171956890505069,-0.5097633209736373,0.5134637146421173,0.6238563491286442,0.5829539811692409,-0.08599416456064171,1.1239506936159642,,-0.8786779617247145
R252,2017-07-07,2646,2016-05-10,2017-05-09,0,252,252,0.5932689815519838,0.03322670063409911,-0.03322670063409911,0.03322670063409911,-0.03610237794901253,-0.03322670063409911,-0.17126843669440878,-0.03322670063409911,0.03322670063409911,-2.7855187852841996,-0.3235594406252064,0.5576103532861945,0.9275363497380602,1.1086547182236994,-0.6253622479131754,1.515454238386352,,-0.6413528481246299
R252,2017-08-07,2667,2016-06-09,2017-06-08,0,252,252,0.272931247598064,0.02424470648777007,-0.02424470648777007,0.02424470648777007,-0.2810171687147813,-0.031506874543874235,-0.24387958670970153,-0.02424470648777007,0.07368629648249864,-2.1257354166598827,-0.3644047738847909,0.6921541895943174,0.7114684944509478,2.1590867014889903,-1.1299536233188365,2.0059085963062637,,-1.3039273604721457
R252,2017-09-06,2688,2016-07-11,2017-07-10,0,252,252,0.08315637945753716,0.03121777197745666,-0.03121777197745666,0.03121777197745666,-0.40200341711500226,-0.10283572720935891,-0.25591561633081833,-0.03121777197745666,0.03121777197745666,-1.2663751260582818,0.3770086762618384,0.17127064050255264,0.6534728136659552,2.287738975751702,-1.3294140507004146,1.8197754039449807,,-1.033472558119279
R252,2017-10-05,2709,2016-08-09,2017-08-08,0,252,252,0.03850551619580631,0.03850551619580631,-0.03850551619580631,0.03850551619580631,-0.19221349080632544,-0.13593114500639822,-0.44082226701243843,-0.03850551619580631,0.03850551619580631,-0.4924358782231848,1.090621179564835,-0.4266687425331719,0.8134537237401617,1.4991842982415586,-1.3530173295565446,2.144828872753689,,-1.0162334674458013
R252,2017-11-03,2730,2016-09-08,2017-09-07,0,252,252,0.044930176983628806,0.044930176983628806,-0.044930176983628806,0.044930176983628806,-0.044930176983628806,-0.044930176983628806,-0.6405585841309694,-0.044930176983628806,0.044930176983628806,0.2638579052793443,0.9182174047042497,-0.1253312885524386,1.0382770015513374,1.0455672385638735,-0.8411114652492145,2.4256756308001406,,-0.9794213679078806
R252,2017-12-05,2751,2016-10-07,2017-10-06,0,252,252,0.03645243642115896,0.14361552156562202,-0.03645243642115896,0.11929097761762814,-0.03645243642115896,-0.03645243642115896,-0.5183788822897961,-0.03645243642115896,0.03645243642115896,0.7122838992547919,1.3939805830983079,-0.4186823007622672,1.3272510408889575,0.8150343888027684,-0.6972363592744589,2.4220692309853424,,-0.7966833474458425
R252,2018-01-05,2772,2016-11-07,2017-11-06,0,252,252,0.027532348294080713,0.15454875752206285,-0.027532348294080713,0.30058765272754684,-0.027532348294080713,-0.027532348294080713,-0.37966949998590604,-0.027532348294080713,0.027532348294080713,1.0762387713456885,1.5613351824235417,-0.5111855696997591,2.09176176879969,0.2398586413108417,-0.7071346305800665,2.3789942504378847,,-0.3611450389215629
R252,2018-02-06,2793,2016-12-07,2017-12-06,0,252,252,0.024275581191207436,0.05648524997555803,-0.024275581191207436,0.5261333201933677,-0.024275581191207436,-0.052613088835744455,-0.24339043503929264,-0.024275581191207436,0.024275581191207436,1.048787702981906,1.2326834094337435,0.0670124429083639,3.167335628544836,-0.5293118451446323,-1.2167325610922997,2.002614244834015,,-1.0232061722715025
R252,2018-03-08,2814,2017-01-09,2018-01-08,0,252,252,0.07516243381557378,0.1174428137217353,-0.011049823732980246,0.3125631575169936,-0.011049823732980246,-0.056104661855315784,-0.290403784627571,-0.011049823732980246,0.11517367726387,1.6802138715682637,2.0628478477100542,0.37162347307101384,3.8286709821812903,-0.885624141564764,-1.5077425958195245,3.628130471989405,,-2.042312348568175
R252,2018-04-09,2835,2017-02-08,2018-02-07,0,252,252,0.16302264959055648,0.11145042423471023,-0.009525569319833331,0.27981327300168524,-0.04501668925000608,-0.009525569319833331,-0.2861918866203144,-0.009525569319833331,0.08592836934322755,2.7114215866460034,2.1700132610725706,0.8612057527119217,3.937496580063533,-1.4725879130003932,-0.9840762584493199,4.004459649718049,,-1.9020811928197805
R252,2018-05-08,2856,2017-03-10,2018-03-09,0,252,252,0.2045458197975485,0.07617910608090112,-0.041506326729681096,0.2541820590434377,-0.08583025987900704,-0.00915820776225138,-0.2547733659201848,-0.00915820776225138,0.06466664702473705,3.23346996604131,1.8318123814017282,1.4532145132234642,3.7754563517453077,-1.937194941490465,-0.5586510603254918,3.7819129302822607,,-1.7061059183575449
R252,2018-06-07,2877,2017-04-10,2018-04-10,0,252,252,0.20258378635140437,0.030531564101535687,-0.11458673190123472,0.21091787552712202,-0.10374163433532296,-0.009043605671665914,-0.2731680491189481,-0.009043605671665914,0.04638314732110038,3.2400776162334224,1.3376038851095937,2.267046972871019,3.3322321116669062,-2.147126910457307,-0.04566466174171113,4.0205656796248626,,-1.5128833454826673
R252,2018-07-09,2898,2017-05-10,2018-05-09,0,252,252,0.15903195732395634,0.007719969030985704,-0.14191265618113677,0.18457024366690353,-0.16964198336431371,-0.007719969030985704,-0.23176415670532957,-0.007719969030985704,0.08991909566540296,3.0600077109849595,0.7728540793518572,2.8382542159371464,3.3908158559456965,-3.1974438327850834,0.30577444146321825,4.002138425362794,,-2.1647597976687982
R252,2018-08-07,2919,2017-06-09,2018-06-08,0,252,252,0.09946964207995998,0.008209806061316875,-0.11132107174438552,0.24945968473528993,-0.31010109836800215,-0.008209806061316875,-0.19645473894542373,-0.008209806061316875,0.008564345942988074,2.2115955156193396,0.6106722969054128,2.3559525147483122,4.038557584334409,-4.777203700695716,0.4487070999652741,3.392927889869202,,-1.1043184927758736
R252,2018-09-06,2940,2017-07-11,2018-07-10,0,252,252,0.07716014196206833,0.009084131612265544,-0.0979664567730289,0.32574546884237254,-0.30997927106596357,-0.009084131612265544,-0.15281213490750464,-0.009084131612265544,0.009084131612265544,1.8493948046490811,0.44186952360089365,2.078435022239803,4.585873507188576,-4.412315940550933,0.48193997049940823,2.6821875929359633,,-1.0131280777697207
R252,2018-10-05,2961,2017-08-09,2018-08-08,0,252,252,0.07329033608877253,0.009199911916202057,-0.0744992725408821,0.39335468808538554,-0.28368297435372797,-0.009199911916202057,-0.13837308126642361,-0.009199911916202057,0.009199911916202057,1.7966417152288185,0.6533189948304043,1.8097824546524266,5.275635372037038,-4.083540113619252,0.4321559717016091,2.504069631609553,,-0.8513447014903855
R252,2018-11-05,2982,2017-09-08,2018-09-07,0,252,252,0.0113896351527196,0.026183196393024608,-0.0113896351527196,0.5111013439796532,-0.3433412835918505,-0.0113896351527196,-0.06242600027187369,-0.0113896351527196,0.0113896351527196,1.0385414066302177,1.229886173191181,0.6355486892137976,5.487425076628669,-4.014506426133132,0.07046021760692162,1.5480948198500257,,-0.8007494491969488
R252,2018-12-06,3003,2017-10-09,2018-10-08,0,252,252,0.015031297122478434,0.015031297122478434,-0.015031297122478434,0.5375871030577066,-0.3314843879661817,-0.015031297122478434,-0.015031297122478434,-0.015031297122478434,0.040740726241241185,0.1552153655456236,0.9940365167591395,0.012847483572045031,4.5764518436255,-3.2052946280362327,-0.15765610957021117,0.9869592293429775,,-1.2710393248784617
R252,2019-01-08,3024,2017-11-07,2018-11-06,0,252,252,0.014940127666652703,0.07629154457484487,-0.014940127666652703,0.5002213774792656,-0.26198336615604223,-0.014940127666652703,-0.014940127666652703,-0.014940127666652703,0.08680307345658385,0.13601337420032597,1.5106485451602423,-0.4527692844023461,4.348173380042736,-2.75355506995302,0.03200175786912549,0.8605411448065049,,-1.5810062363143906
R252,2019-02-07,3045,2017-12-07,2018-12-07,0,252,252,0.01549771228920003,0.1686383017465723,-0.01549771228920003,0.4994621022230638,-0.23891332229516388,-0.01549771228920003,-0.01549771228920003,-0.01549771228920003,0.01549771228920003,0.02572077912861941,2.0881496481522124,-0.8364386030168302,4.222811811851266,-2.541603804721918,0.3282092981759379,0.9725276251049626,,-0.8805180150400774
R252,2019-03-11,3066,2018-01-09,2019-01-09,0,252,252,0.019184682297131234,0.019184682297131234,-0.019184682297131234,0.6043006779744211,-0.26140654594566054,-0.019184682297131234,-0.019184682297131234,-0.019184682297131234,0.019184682297131234,-1.0250050304543659,0.561968771797234,-0.5588346185061047,4.14991235515422,-2.3625794886618987,0.4775201856236809,1.061667881281291,,-0.33666854525064044
R252,2019-04-09,3087,2018-02-08,2019-02-08,0,252,252,0.13764946523384372,0.017179380660570887,-0.017179380660570887,0.505314311237908,-0.2539599395648232,-0.017179380660570887,-0.017179380660570887,-0.017179380660570887,0.017179380660570887,-1.801248123861466,0.4103840664553237,-0.3747473381498826,3.9414000494073456,-2.4782834409606935,0.5036932684169809,0.7261971358709054,,-0.11513033831728406
R252,2019-05-09,3108,2018-03-12,2019-03-12,0,252,252,0.10567536124515152,0.017104845162848763,-0.017104845162848763,0.5975775814460899,-0.1941179863316661,-0.017104845162848763,-0.017104845162848763,-0.017104845162848763,0.017104845162848763,-1.6178095167717472,0.5976094453419422,-0.44468436843958753,4.493615848356297,-2.134871344835584,0.20107190652680135,0.8313096292542065,,-0.14219230073332606
R252,2019-06-10,3129,2018-04-11,2019-04-10,0,252,252,0.03239830960096157,0.05268781793135099,-0.03298541224152942,0.71993691222135,-0.03239830960096157,-0.03239830960096157,-0.03239830960096157,-0.03239830960096157,0.03239830960096157,-0.7210694832846416,1.162625206624321,-1.1018121397313594,3.2221434423232456,-0.8235636062007673,-0.260667845304838,0.07175024858101786,,-0.4223008533217186
R252,2019-07-10,3150,2018-05-10,2019-05-10,0,252,252,0.030306019363676003,0.17009584358499488,-0.20525393429898214,0.4428141059339668,-0.030306019363676003,-0.030306019363676003,-0.030306019363676003,-0.030306019363676003,0.030306019363676003,0.24296753956595896,1.561260921613702,-1.6772711778340448,2.461142423952623,0.06858442971267303,-0.6281070410244871,-0.5983693864141356,,-0.05329284494552323
R252,2019-08-08,3171,2018-06-11,2019-06-11,0,252,252,0.026047530356183693,0.21109748459324773,-0.20152974179224029,0.43108759147740977,-0.026047530356183693,-0.026047530356183693,-0.026047530356183693,-0.026047530356183693,0.026047530356183693,0.6659835033863952,1.8104318593994195,-1.7736999977980525,2.6550037012436745,0.5656485075645739,-0.9930503527602176,-1.0733200721285248,,-1.0565781093678626
R252,2019-09-09,3192,2018-07-11,2019-07-11,0,252,252,0.020519559529959725,0.22617790506969937,-0.20412914755342304,0.3442319296274405,-0.020519559529959725,-0.020519559529959725,-0.07810963441092815,-0.020519559529959725,0.06527314521866985,0.9986283012859752,2.1022551665374043,-1.9948027746666923,2.6775795266211357,0.8078526469852014,-0.9922821798968977,-1.3806594108264538,,-1.3181020777924952
R252,2019-10-08,3213,2018-08-09,2019-08-09,0,252,252,0.01920945864902626,0.2036623604448443,-0.23332530220014125,0.1346498262409701,-0.08961344481665065,-0.05927918494040976,-0.11952713774016852,-0.01920945864902626,0.12152382631876302,0.8651629581663602,2.0602191564371237,-2.2146375723709877,1.700955860865947,1.4665068727545492,-1.308593729909274,-1.6222306412899743,,-1.6326249403437674
R252,2019-11-06,3234,2018-09-10,2019-09-10,0,252,252,0.019652575920403474,0.10600724572737216,-0.20435994699852134,0.15931630123984467,-0.17464553253396795,-0.10228890661595691,-0.103212954886163,-0.019652575920403474,0.11086396015736717,0.6804013568379254,1.539406366660131,-2.039863414476639,1.8106637108799621,1.8886648408906512,-1.5204860015819082,-1.5251879209330845,,-1.5641192310177887
R252,2019-12-06,3255,2018-10-09,2019-10-09,0,252,252,0.026969166053359958,0.07375495533170824,-0.15292197183518857,0.32006650820376287,-0.2296048581871564,-0.08287077292319205,-0.026969166053359958,-0.026969166053359958,0.0598734353589119,0.7550642787479229,1.2734788134930835,-1.567025215138741,2.1867868200688667,1.8513606157968354,-1.307279701416157,-0.9822487838434364,,-1.2220069958427675
R252,2020-01-08,3276,2018-11-07,2019-11-07,0,252,252,0.04051150373015848,0.04051150373015848,-0.04051150373015848,0.4071852173418284,-0.309234256547062,-0.04051150373015848,-0.04051150373015848,-0.04051150373015848,0.04051150373015848,0.6060551912177579,0.619843505731799,-0.624951840491216,2.0051101041670356,1.7633245574067766,-0.7836087825016782,-0.9567173442308067,,-0.018132046424259588
R252,2020-02-07,3297,2018-12-10,2019-12-09,0,252,252,0.04897635688149725,0.04897635688149725,-0.04897635688149725,0.37529281150986177,-0.28187269031965734,-0.04897635688149725,-0.04897635688149725,-0.04897635688149725,0.04897635688149725,0.8936769213152768,0.5803267846341965,-0.47503603380649606,1.766273433562886,1.575528087974518,-0.19104377187205304,-0.8098222369621315,,-0.6402620992935169
R252,2020-03-10,3318,2019-01-10,2020-01-09,0,252,252,0.21545036999528214,0.10617620650293,-0.043787542559693186,0.1537655790334977,-0.30567013166982415,-0.043787542559693186,-0.043787542559693186,-0.043787542559693186,0.043787542559693186,1.4920357649703002,1.242480395784225,-1.0704543019554922,1.3511628423172581,1.6980755571133517,0.16009532031264564,-1.007740091708569,,-0.23944708239524992
R252,2020-04-08,3339,2019-02-11,2020-02-10,0,252,252,0.16306244142064008,0.13771176759599493,-0.13443755750259787,0.14252232897142925,-0.23071187735075793,-0.025309296545955894,-0.11562613752071213,-0.025309296545955894,0.025309296545955894,1.6442788369268027,1.5441153504442207,-1.5311785622270853,1.5631224428250754,1.9115696950795844,0.17009481621668077,-1.4568524348780754,,-0.4617974438851356
R252,2020-05-08,3360,2019-03-13,2020-03-11,0,252,252,0.25815064760834244,0.19303106986241472,-0.16329019882325996,0.17270945389515513,-0.039314662472420325,-0.029990508973998815,-0.08353244041641068,-0.029990508973998815,0.029990508973998815,1.8607744797934374,1.6436405265071323,-1.5444729162977173,1.5758803695025345,1.131090347637999,0.4360048369033788,-1.2785295857727246,,-0.3806154302913526
R252,2020-06-09,3381,2019-04-11,2020-04-09,0,252,252,0.22172468146516097,0.03738752724510507,-0.03738752724510507,0.5165626278191033,-0.03738752724510507,-0.03738752724510507,-0.03738752724510507,-0.03738752724510507,0.03738752724510507,1.5930445199319516,0.7419233274239617,-0.5185452725381422,2.3816442698459923,0.07281647967828289,0.7546625073637842,-0.26826740007134087,,0.2894367974119999
R252,2020-07-09,3402,2019-05-13,2020-05-11,11,252,252,0.018402410982281438,0.018402410982281438,-0.018402410982281438,0.3328466977362604,-0.018402410982281438,-0.018402410982281438,-0.018402410982281438,-0.5383364253877694,0.018402410982281438,0.7194988112162972,-0.10387774808299624,0.3067206428974285,2.8087124456504005,-0.35371781167077426,0.8541349892462123,0.06480960484695919,3.9253581278349934,-0.31913640439936836
R252,2020-08-07,3423,2019-06-12,2020-06-10,32,252,252,0.011190389443901558,0.011190389443901558,-0.011190389443901558,0.2020558855326577,-0.011190389443901558,-0.012712683108543272,-0.011190389443901558,-0.7180890946953896,0.011190389443901558,0.6770697393072495,-0.18512581504734546,0.4145117201367419,2.8056197824533475,-0.5520231004646163,1.1136035807535842,0.41257078416240006,7.4170161216929555,-0.30056461823998315
R252,2020-09-08,3444,2019-07-12,2020-07-10,53,252,252,0.023542808520119002,0.023542808520119002,-0.023542808520119002,0.47424309862062886,-0.023542808520119002,-0.023542808520119002,-0.023542808520119002,-0.36095724173853816,0.023542808520119002,0.4680923080453236,-0.4761099957951548,0.8099195144311622,3.0143862539397306,-0.7593059294475675,0.9523863134633362,1.02179483772069,2.533195334065919,-0.4729680191010462
R252,2020-10-07,3465,2019-08-12,2020-08-10,74,252,252,0.024005677944060687,0.024005677944060687,-0.024005677944060687,0.7019194759511488,-0.024005677944060687,-0.030880966403855598,-0.12316548998063141,-0.024005677944060687,0.024005677944060687,0.6588459699563365,-0.45577551099893504,1.08404339027928,3.9239727267307303,-0.9782647419325823,1.1286402595078384,1.5130681594064463,0.3308388813911832,0.04997931963568612
R252,2020-11-05,3486,2019-09-11,2020-09-09,95,252,252,0.06943692645124691,0.01814055043141896,-0.020924506368402308,0.5474333966094365,-0.04546671908048567,-0.2304822490779938,-0.0318345511181781,-0.01814055043141896,0.01814055043141896,1.3827718828805986,-0.0705324464299478,1.1153465902123985,4.017733109472225,-1.250635829669967,2.270536139183542,1.1754883416494435,0.32640522028348873,0.5652476111079838
R252,2020-12-07,3507,2019-10-10,2020-10-08,116,252,252,0.02100281719447357,0.02100281719447357,-0.07895038415549796,0.3606602219571112,-0.09738546210335416,-0.3444344145718589,-0.032045958966526976,-0.02351510666222992,0.02100281719447357,1.0350166642695893,-0.3879095881933467,1.375903781975839,2.717199262449473,-1.4636780923321993,2.6399438769694634,1.1525793357614862,1.1119616784952897,0.8270248448591957
R252,2021-01-07,3528,2019-11-08,2020-11-06,137,252,252,0.022375239216555248,0.022375239216555248,-0.09653593621888187,0.21897689109365737,-0.1453259775879501,-0.34793695832737087,-0.022375239216555248,-0.10172327990591898,0.022375239216555248,0.5124897264695428,-0.5769609551467872,1.4314409123610878,1.9786572066306145,-1.6494946319073303,2.555008887100234,1.0673317824444497,1.4546243234380922,0.33364435924804986
R252,2021-02-08,3549,2019-12-10,2020-12-08,158,252,252,0.01711348897383076,0.01711348897383076,-0.10717566661222167,0.18866307538813007,-0.13052023220492634,-0.29121246043088167,-0.09171395326893687,-0.13937414517341104,0.01711348897383076,0.4027780997138828,-0.6246371958055744,1.626264268940777,2.10242321525801,-1.7626745919812874,2.701654530389401,1.535916161860285,1.814411049590976,0.41188129482163494
R252,2021-03-10,3570,2020-01-10,2021-01-08,179,252,252,0.014975773947482595,0.014975773947482595,-0.19223890321116108,0.16658970414971547,-0.1476066802098534,-0.19473674011624342,-0.10609947263218121,-0.14780117783839763,0.014975773947482595,-0.14461371377060184,-1.0130067895915569,2.283665898572649,2.1123946230352852,-1.985636406689124,2.300345082659173,1.7084740528553208,1.9869351551159251,-0.8762784779715943
R252,2021-04-09,3591,2020-02-11,2021-02-09,200,252,252,0.01716059796514675,0.11554286727499283,-0.34429147294518586,0.12492004204054408,-0.140503163751903,-0.01716059796514675,-0.15097340578165272,-0.05781722521007769,0.03163062706535035,-0.9692253118559362,-1.6733032701404746,3.0062906528341458,1.7279469065953135,-1.8187544748572604,0.5962654026405304,1.8797677452049186,1.3369184764278303,-1.1843212406094024
R252,2021-05-10,3612,2020-03-12,2021-03-11,221,252,252,0.1105772867012286,0.1608432952216989,-0.21885178805098582,0.16829806989523785,-0.048402776348147755,-0.022280442851002256,-0.2226824596711705,-0.022280442851002256,0.025783438409526065,-1.496297526223786,-1.7219034931097144,1.98225959651938,1.7553623194148817,-1.217243331615244,-0.29316106852604273,1.9994525744408775,0.5832697837237795,-1.1157222887442124
R252,2021-06-09,3633,2020-04-13,2021-04-12,242,252,252,0.23627810914039735,0.045877440942690646,-0.059926003251474555,0.2907886187751395,-0.045877440942690646,-0.045877440942690646,-0.05864413724325842,-0.045877440942690646,0.17085336781896737,-1.5150202458667041,-1.0663353864808849,1.1306219397161519,1.6338379229529998,-0.8533595812077951,-0.9014656317524248,1.1278278300581668,0.12589134764118393,-1.3724125938767915
R252,2021-07-09,3654,2020-05-12,2021-05-11,252,252,252,0.09399790865768012,0.05657237994637547,-0.05657237994637547,0.2922933624651377,-0.05657237994637547,-0.05657237994637547,-0.05657237994637547,-0.05657237994637547,0.27427444919892935,-1.1661551250747804,-0.9352450062549708,0.9309457051292336,1.5166714971903257,-1.0350230702747936,-0.9502281460900651,0.8959918181616193,-0.09628484316992303,-1.4848204184779075
R252,2021-08-09,3675,2020-06-11,2021-06-10,252,252,252,0.2594728659112734,0.14437251458359424,-0.04633588418269806,0.3181393144089438,-0.04633588418269806,-0.04633588418269806,-0.04633588418269806,-0.04633588418269806,0.04633588418269806,-1.5599825502157165,-1.3115782014957282,0.8625256780835262,1.6865938138884977,-0.9453663378080737,-0.9493291175757487,0.7905389052333699,-0.33289998510380897,-0.9111117643125335
R252,2021-09-08,3696,2020-07-13,2021-07-12,252,252,252,0.3953100588537912,0.055033343255166386,-0.04662789636968477,0.2664136295399379,-0.04662789636968477,-0.050103486502680504,-0.04662789636968477,-0.04662789636968477,0.04662789636968477,-1.847797326560936,-1.1180266482940595,0.5045040191135298,1.5713610312326836,-0.5977483081445714,-1.1074538857713843,0.5146456976017499,-0.626855303084246,-0.2257509589182476
R252,2021-10-07,3717,2020-08-11,2021-08-10,252,252,252,0.5022836178163724,0.05442641835097318,-0.05442641835097318,0.11008962138177146,-0.05442641835097318,-0.0610682506960168,-0.05442641835097318,-0.05442641835097318,0.05442641835097318,-1.9228673005402555,-1.0949829012973658,0.49249006797988804,1.2022723977018837,-0.929168031153768,-1.112203324316168,0.5745095877665692,-0.6316927951483265,-0.32622410254842565
R252,2021-11-05,3738,2020-09-10,2021-09-09,252,252,252,0.3972364513304082,0.12352199835985425,-0.0434622233132068,0.0434622233132068,-0.13088359778926548,-0.123471289115412,-0.051037770152232764,-0.0434622233132068,0.0434622233132068,-1.9139809725511685,-1.2842054293212373,0.5521503033634062,0.7350828833620523,-1.3011433557967433,-1.2840887550220952,1.1174301870947407,-0.7137173463777076,-0.4975611546607141
R252,2021-12-07,3759,2020-10-09,2021-10-08,252,252,252,0.10984178819246543,0.06251551689738007,-0.06251551689738007,0.1593510658663685,-0.09633292859568933,-0.31688919839241086,-0.06251551689738007,-0.0675229513635456,0.06251551689738007,-1.175703239201832,-0.7445406876067102,0.2063254643471005,1.2548984216637689,-1.1540944286741177,-1.5068968699604421,1.0383403253189922,-1.108009906523504,-0.31440774880004485
R252,2022-01-06,3780,2020-11-09,2021-11-08,252,252,252,0.02902465450672133,0.02902465450672133,-0.02902465450672133,0.2860159893648189,-0.02902465450672133,-0.3100910574657638,-0.04828337443666602,-0.21048630619914466,0.02902465450672133,-0.7328286737597206,0.29616810052460835,-0.620527769445599,1.9854242685251786,-0.5603888864188412,-2.0683712269303847,1.166352968733822,-1.7251983176936756,-0.49262545700921784
R252,2022-02-07,3801,2020-12-09,2021-12-08,252,252,252,0.014261398402042802,0.014261398402042802,-0.08812595929855031,0.11212401989868907,-0.014261398402042802,-0.2586221810113658,-0.014261398402042802,-0.46982084778118083,0.014261398402042802,-0.7377790528639672,0.8264517102658873,-1.6179335070390233,1.7862063504419625,0.1309341541699783,-2.8134419481214463,0.9262094050864377,-4.2943532922681955,-0.4322874782924786
R252,2022-03-09,3822,2021-01-11,2022-01-07,252,252,252,0.00960609510213204,0.055532544182763474,-0.17148700717469367,0.05386367713913588,-0.00960609510213204,-0.2015543312506335,-0.00960609510213204,-0.4791380598442454,0.00960609510213204,-0.38192629700834574,1.5780969643995948,-2.7851895629956105,1.5607239629262157,0.32742276641206686,-3.098192128098953,0.05018035030672531,-5.987854635520966,-0.7092650749459922
R252,2022-04-07,3843,2021-02-10,2022-02-08,252,252,252,0.010557962497420423,0.1340990564386101,-0.20375779678982006,0.0304379577332745,-0.010557962497420423,-0.18312845568666988,-0.010557962497420423,-0.40634488336194385,0.010557962497420423,0.5461625948461132,2.2701224925867454,-2.929896955398385,1.2882938610618409,-0.03907407136622645,-2.734505646628436,0.09732626024958571,-4.848705500338954,-0.31935279662614907
R252,2022-05-09,3864,2021-03-12,2022-03-10,252,252,252,0.09973212563117569,0.1497160245944599,-0.18900342370600243,0.00981806776289688,-0.00981806776289688,-0.15259308633076968,-0.00981806776289688,-0.36968306868600487,0.00981806776289688,2.015801968775057,2.5249031500907595,-2.9250572339728467,0.9862333009756632,-0.5597006233775121,-2.554206897078353,-0.496385138086965,-4.765334255311023,-0.07958536951667515
R252,2022-06-08,3885,2021-04-13,2022-04-08,252,252,252,0.15245374448147178,0.13968335138983376,-0.18742593060964982,0.009556730661316308,-0.009556730661316308,-0.15100294933970831,-0.009556730661316308,-0.33120710153407124,0.009556730661316308,2.595249985422037,2.461622769753713,-2.9611929775138655,0.9396134010721967,0.049991094154870165,-2.580069112452205,-0.7818402769498962,-4.465694632106039,-0.13613271785868516
R252,2022-07-11,3906,2021-05-12,2022-05-10,252,252,252,0.13122131311364585,0.22557220570087597,-0.21010733753837205,0.0071664063150658755,-0.0071664063150658755,-0.17492973361198963,-0.0071664063150658755,-0.22950378477485306,0.0071664063150658755,2.831061585745988,4.147633496954498,-3.9318367993824905,0.9110576783386304,1.0795433103693188,-3.4409686797165873,-1.0148169491716925,-4.20249473285333,-0.04836433585314586
R252,2022-08-09,3927,2021-06-11,2022-06-09,252,252,252,0.15109168470664838,0.24678652327777448,-0.24337296141185547,0.009140724688509927,-0.026245495570378086,-0.22174999302175472,-0.009140724688509927,-0.08333116794605928,0.009140724688509927,2.6529508310930057,3.699857305493404,-3.6625127624484755,0.5273575096242085,1.2871270765147231,-3.425956371932948,-0.475458557100799,-1.91164727946361,-0.024920330209073308
R252,2022-09-08,3948,2021-07-13,2022-07-12,252,252,252,0.21849709527257186,0.20203719850788732,-0.2282265940964403,0.016299202476638328,-0.016299202476638328,-0.24764144992367867,-0.016299202476638328,-0.03840085229286887,0.016299202476638328,2.3405385667534597,2.239552663987502,-2.4002316642397554,-0.35094659844909565,0.7989839648816931,-2.5193470372469053,0.07607051031900097,-1.2355995782487448,-0.600524770114494
R252,2022-10-07,3969,2021-08-11,2022-08-10,252,252,252,0.2503915537042799,0.2165737476150585,-0.21978291959202279,0.015432701136455167,-0.015432701136455167,-0.2122085444890988,-0.015432701136455167,-0.039312430053719635,0.015432701136455167,2.622473936936447,2.4033431069527253,-2.424137729673589,-0.5900458153661043,0.7070288669717242,-2.3750576947791675,0.050224861315055803,-1.254734603528709,-0.6286501960477127
R252,2022-11-07,3990,2021-09-10,2022-09-09,252,252,252,0.20500929806850482,0.2437745959196715,-0.2507997487830935,0.013110410277632234,-0.013110410277632234,-0.21518652143532319,-0.013110410277632234,-0.032788194682878156,0.013110410277632234,2.5637138253275924,2.8593971565907217,-2.912981695248583,-0.192556529740683,0.6964586688577284,-2.6413408648427614,-0.3510109952020691,-1.2500928192828438,-0.22221524222888828
R252,2022-12-07,4011,2021-10-11,2022-10-10,252,252,252,0.18503337040743437,0.23870384019881555,-0.2511320449684764,0.012670862047536735,-0.012670862047536735,-0.22588801616060095,-0.012670862047536735,-0.048559280074525965,0.012670862047536735,2.4603060921447377,2.883880033602138,-2.9819649525526755,-0.06331903764490869,0.8876438419996436,-2.782735975761921,-0.77925452621575,-1.3832358042597905,-0.5159124945549904
R252,2023-01-09,4032,2021-11-09,2022-11-08,252,252,252,0.21241226701939617,0.20314464776413832,-0.24381650033300356,0.01214220582476129,-0.01214220582476129,-0.22530095649328635,-0.01214220582476129,-0.06675680509113067,0.01214220582476129,2.7493713258115693,2.6730456615211597,-3.0080082964480375,0.02664747191294612,0.9127135759052657,-2.855519167973877,-1.0200393788228759,-1.5497914139702296,-0.5184021782305214
R252,2023-02-08,4053,2021-12-09,2022-12-08,252,252,252,0.17395008689864708,0.13398525740013514,-0.23349461399512064,0.018742344483509334,-0.018742344483509334,-0.31954986536390895,-0.02625874286673813,-0.05653440002492204,0.018742344483509334,1.9281127398533255,1.7148799208019232,-2.2458132663208894,0.4485025224778273,0.5422136990644123,-2.7049620747557412,-1.1401038322064894,-1.3016399579821216,-0.6449434751810537
R252,2023-03-10,4074,2022-01-10,2023-01-10,252,252,252,0.05067739231947831,0.05067739231947831,-0.088041708041189,0.05067739231947831,-0.05067739231947831,-0.5572165457224627,-0.05067739231947831,-0.05067739231947831,0.05067739231947831,1.0513027628988707,0.8748261613424569,-1.1737297520877952,0.8558419835233676,0.5328558968444919,-2.099536736637279,-0.8280740187940119,-0.973098512871137,0.20487967027182563
R252,2023-04-11,4095,2022-02-09,2023-02-09,252,252,252,0.05619688285015977,0.031314832010369865,-0.0966109721153693,0.17674859572058552,-0.031314832010369865,-0.4463190916847504,-0.031314832010369865,-0.09886512958765543,0.031314832010369865,1.1794577177726844,1.0116856232031768,-1.3085150579232765,1.5644245374270425,0.9914852772487086,-2.425264205590988,-1.0139927172730856,-1.3157134279210452,0.685080557549933
R252,2023-05-10,4116,2022-03-11,2023-03-13,252,252,252,0.05395273559566354,0.02857724945342554,-0.08831920874859214,0.2287441216544259,-0.02857724945342554,-0.39872164486767747,-0.02857724945342554,-0.11595329131993869,0.02857724945342554,1.188796110988898,1.0009050771731387,-1.309054266725468,1.8004413511777162,1.086800432623062,-2.3952415032716976,-0.8233265675662932,-1.4057538550339366,0.8488053425617302
R252,2023-06-09,4137,2022-04-11,2023-04-12,252,252,252,0.04200806661914483,0.04200806661914483,-0.04200806661914483,0.28706707761131767,-0.04200806661914483,-0.3540277907035763,-0.04200806661914483,-0.04200806661914483,0.1068567319702369,0.9346956136547229,0.6627950807463158,-0.8591842358090123,1.6833617938524437,0.23028388172776884,-1.8427614484457875,-0.15100480102331248,-0.9548381908410755,1.2543719351309965
R252,2023-07-12,4158,2022-05-11,2023-05-11,252,252,252,0.053412501656839334,0.053412501656839334,-0.053412501656839334,0.3545206913441975,-0.053412501656839334,-0.1948990016055919,-0.053412501656839334,-0.053412501656839334,0.13010529710917446,0.7676645104765538,0.32741751203276637,-0.1751741918320821,1.6637410350518604,-0.525441932297808,-1.3648939771774116,0.3604784530064297,-0.9392917045903083,1.243585851763816
R252,2023-08-10,4179,2022-06-10,2023-06-12,252,252,252,0.028727470961618925,0.028727470961618925,-0.028727470961618925,0.2119122979636704,-0.028727470961618925,-0.22068110115101727,-0.028727470961618925,-0.3950417751155987,0.028727470961618925,0.6536863827106072,0.28761295275252774,0.06322715628620303,1.7376643013469368,-0.5219141601593502,-1.7681884056061052,-0.0458556706108204,-2.3751359304945105,0.465746178661659
R252,2023-09-11,4200,2022-07-13,2023-07-13,252,252,252,0.017304299869167532,0.017304299869167532,-0.017304299869167532,0.25106065926744686,-0.017304299869167532,-0.2770963479014141,-0.017304299869167532,-0.36801719361613383,0.017304299869167532,0.6799702266007996,0.5106280756409161,-0.3356472220265282,2.4508570769441063,-0.06288371310632888,-2.6013149910510913,-0.8288280271513457,-3.1267384199222055,0.3283582058585247
R252,2023-10-10,4221,2022-08-11,2023-08-11,252,252,252,0.012867588010162249,0.012867588010162249,-0.012867588010162249,0.3686759848476574,-0.012867588010162249,-0.25362846617903434,-0.01646617241285001,-0.2968914365096471,0.012867588010162249,0.6509612482406354,0.6288014855844322,-0.6812591127217816,3.865152230212014,0.35540460334888885,-2.9710645536578406,-1.1279662699788473,-3.3072811802427577,0.3482538206922757
R252,2023-11-08,4242,2022-09-12,2023-09-12,252,252,252,0.011508024162165629,0.011508024162165629,-0.011508024162165629,0.38969434109421786,-0.011508024162165629,-0.23468239448857006,-0.0444690142430802,-0.2736141293633038,0.011508024162165629,0.43152377841250916,0.598922844539777,-0.7626450590110285,4.386283653934243,0.5937227631814033,-3.0392935501484604,-1.3864174563456237,-3.3775943246873923,0.32501505935259434
R252,2023-12-08,4263,2022-10-11,2023-10-11,252,252,252,0.012510560698697477,0.012510560698697477,-0.012510560698697477,0.3834929774862236,-0.012510560698697477,-0.2471586988116103,-0.012510560698697477,-0.2942849595099813,0.012510560698697477,0.28620764815206684,0.46813386919471156,-0.633234068186722,4.065354037458533,0.4248525881570704,-2.975600492768825,-0.8141671191515807,-3.352292328037867,0.44667608511835033
R252,2024-01-10,4284,2022-11-09,2023-11-09,252,252,252,0.022362176133055547,0.022362176133055547,-0.022362176133055547,0.4246264378591487,-0.022362176133055547,-0.2020373199577215,-0.022362176133055547,-0.23916318538479658,0.022362176133055547,0.10060720342903831,-0.032412293615635066,-0.03795632004107821,2.8988600900583648,-0.09543735250746833,-1.9034779028462796,-0.3836996862882158,-2.0694987105090723,0.9609830568397102
R252,2024-02-09,4305,2022-12-09,2023-12-11,252,252,252,0.028519970415472832,0.028519970415472832,-0.028519970415472832,0.42751507684881634,-0.028519970415472832,-0.17642409545854343,-0.028519970415472832,-0.19637083779469663,0.05709013782057931,0.6522448312652308,0.24418268135705357,-0.10377011134192303,2.4990025256718997,0.10818922631804695,-1.6185984518512289,-0.08375388357152463,-1.6885380136585286,1.2001760064575888
R252,2024-03-12,4326,2023-01-11,2024-01-11,252,252,252,0.1490721856283632,0.019588325863468217,-0.019588325863468217,0.32095431866385393,-0.019588325863468217,-0.15199779435320285,-0.019588325863468217,-0.22989048727633168,0.06973191062437538,1.7610256571562322,0.9539733853298411,-0.6140033761593985,2.638497954858033,0.26089207458920843,-1.7759611281364034,-0.23754325833158355,-2.173609673836763,1.3559870869537851
R252,2024-04-11,4347,2023-02-10,2024-02-12,252,252,252,0.14232486256607743,0.019345137466420012,-0.019345137466420012,0.3377809374655019,-0.019345137466420012,-0.13679803207088562,-0.019345137466420012,-0.2305737812573694,0.0751418367744857,1.7357138857923862,0.888079564066223,-0.5467399176449184,2.7460766978360027,0.39107538184952606,-1.7071442749287493,0.01218224745071286,-2.1918952845778827,1.3884275152085097
R252,2024-05-10,4368,2023-03-14,2024-03-13,252,252,252,0.138038876892116,0.0248300945375738,-0.0248300945375738,0.206317389101415,-0.0248300945375738,-0.20843599348375091,-0.0248300945375738,-0.30338433782862334,0.044503024543799556,1.5559337548362153,0.7967069735638739,-0.6157856073514615,1.83091664749487,1.0174576456735953,-1.839449053117128,-0.21238425083903223,-2.2218412514279042,1.1792301856783347
R252,2024-06-11,4389,2023-04-13,2024-04-12,252,252,252,0.07116371419129512,0.01805196990997061,-0.01805196990997061,0.11571593861607758,-0.23888579467780563,-0.20458351959714297,-0.01805196990997061,-0.2974431532777964,0.01805196990997061,1.3942157811374891,0.7804601345987837,-0.7676941402646604,1.6410155744396873,2.323322584012631,-2.133303016886516,-0.47472168785121277,-2.64770468132406,0.8010084923401795
R252,2024-07-12,4410,2023-05-12,2024-05-13,252,252,252,0.09534547395980204,0.022859623106625305,-0.029401605266135333,0.09289152376250026,-0.3246853152991464,-0.13709516479459846,-0.012559034339824662,-0.2495594344920266,0.03560282497934085,1.7591783841012507,1.1820173628647348,-1.234107212947917,1.73963906180224,3.585272931928932,-2.091605939477927,-0.5085438624103772,-2.9870909477544334,1.283483777621695
R252,2024-08-12,4431,2023-06-13,2024-06-12,252,252,252,0.18280001660077,0.06558614122413915,-0.0769381561503693,0.010681676403012702,-0.3126339289032087,-0.07596969902071346,-0.010681676403012702,-0.12735316278111647,0.1373555425136575,2.711342018835287,1.61400606748994,-1.7202816603643727,0.9788931565286076,3.926824564869164,-1.711215132853928,-0.33426107129345217,-2.192258199707279,2.285898742213509
R252,2024-09-11,4452,2023-07-14,2024-07-15,252,252,252,0.18449349537079535,0.07529546558758361,-0.08941477265965408,0.01073483745859516,-0.2888956634298987,-0.04917276718632845,-0.01073483745859516,-0.07633482200417598,0.21492333884437345,2.71864265371876,1.7014122559191254,-1.832940163319022,0.3918646183057211,3.6911973706559102,-1.4580671796474836,-0.38000139086114526,-1.7110943439861428,3.002110788107824
R252,2024-10-10,4473,2023-08-14,2024-08-13,252,252,252,0.19919320177599828,0.0743620226953743,-0.07775247254571775,0.010761363255427484,-0.2815689177324098,-0.03589448879737669,-0.010761363255427484,-0.0731802220232731,0.23652594791899526,2.8510034188794378,1.6910093166669184,-1.722515081966993,0.16621757810189638,3.616480003966047,-1.3335496437151988,-0.2772909185458554,-1.6800274304128218,3.1979180732487924
R252,2024-11-08,4494,2023-09-13,2024-09-12,252,252,252,0.2567864277451373,0.04761523488218779,-0.014175179434876593,0.014175179434876593,-0.270274996682263,-0.014175179434876593,-0.014175179434876593,-0.0738390518268023,0.29478357112410314,2.8115215325834986,1.335905694181446,-1.0933019776365607,-0.3016772761556656,2.906677780863068,-0.8229983279043427,0.6258276405765439,-1.5209038246466835,3.079575588290742
R252,2024-12-10,4515,2023-10-12,2024-10-11,252,252,252,0.272493486068971,0.040988432795027493,-0.015440863739513698,0.015440863739513698,-0.22701094055945328,-0.015440863739513698,-0.015440863739513698,-0.03779559628957635,0.3599480893289171,2.7647554610021645,1.2654542743624937,-0.7213324326181012,-0.3328099510826892,2.47019586720738,-0.46054635606618255,0.7958859242624595,-1.2447764382044,3.3311396007452463
R252,2025-01-13,4536,2023-11-10,2024-11-11,252,252,252,0.2225643924679565,0.29721853382916213,-0.03813066344955388,0.009664410249606903,-0.08950176051269282,-0.012379170808863284,-0.009664410249606903,-0.10265062085311695,0.2182260375794406,3.302927821974541,4.075392353519465,-1.3945472353173836,0.42103539303737525,1.9260964528728826,-1.1280902868270395,0.6264882037316633,-2.062150904213656,3.258037810308362
R252,2025-02-12,4557,2023-12-12,2024-12-11,252,252,252,0.21175823617529677,0.36932990308608127,-0.08021597155378393,0.010382401479206053,-0.030901429633089145,-0.030853412748650968,-0.010382401479206053,-0.16418167303989611,0.09199457080478983,3.0395882070194227,4.557268555119717,-1.7726148108839852,0.695737529700169,1.297632774989281,-1.2971702915789223,0.31769711112496113,-2.5813458318744495,1.886062545250607
R252,2025-03-14,4578,2024-01-12,2025-01-14,252,252,252,0.2037985259319648,0.42477253774867624,-0.09235313361471574,0.009381342489182811,-0.0490716580379649,-0.03805717531967538,-0.009381342489182811,-0.14591270908786413,0.027271575280773303,3.1723812574474857,5.5278438372595575,-1.984434090549448,0.35398202784887806,1.5230771405536803,-1.4056687554425962,-0.4140442205738117,-2.555349985954668,1.2907001349990035
R252,2025-04-14,4599,2024-02-13,2025-02-13,252,252,252,0.17342702053210468,0.40879482008035756,-0.09570905731438319,0.009654904783641047,-0.07194335659566807,-0.052210232084814366,-0.009654904783641047,-0.15489325741608986,0.02371244640930021,2.7962582171287047,5.234063714154966,-1.9912998570068705,0.07555981315665385,1.745148276527455,-1.5407638216513297,-0.8369917037265252,-2.6042960638880244,1.245600002699952
R252,2025-05-14,4620,2024-03-14,2025-03-17,252,252,252,0.1998900437050102,0.3823337729138021,-0.08451290511591626,0.010991732520402376,-0.08015347805614056,-0.02375769206562566,-0.010991732520402376,-0.1718856901109873,0.03548295299171333,2.8185490170360588,4.478375881182796,-1.7688770169674988,0.22695383452231835,1.7292160531323262,-1.2161414683402063,-0.8042077797817,-2.5637724971194538,1.3228149240881855
R252,2025-06-13,4641,2024-04-15,2025-04-15,252,252,252,0.3232305531290232,0.2725472670500837,-0.023627674889578856,0.01496291867730625,-0.05060936843745025,-0.01496291867730625,-0.01496291867730625,-0.2209739535762021,0.06412242688574324,3.1602105852466873,2.821484651008943,-1.1579081955809474,0.4036397032008873,1.3382319287359876,-0.9875048959455668,-0.4192321009195366,-2.476810496279351,1.428542240111186
R252,2025-07-16,4662,2024-05-14,2025-05-15,252,252,252,0.38070956493532204,0.028379772756381462,-0.028379772756381462,0.028379772756381462,-0.028379772756381462,-0.028379772756381462,-0.028379772756381462,-0.378284005952827,0.07072779257356206,2.3414820767009696,1.0357045532955855,-0.4914424862157182,0.21582294844743358,0.8848846407922493,-1.035427466519673,-0.5060739704249971,-2.332935288806237,1.2492190236359741
R252,2025-08-14,4683,2024-06-13,2025-06-16,252,252,252,0.1532132227000229,0.02359000479946262,-0.02359000479946262,0.02359000479946262,-0.02359000479946262,-0.02359000479946262,-0.02359000479946262,-0.6382198853969908,0.06702686310621049,1.649483643612964,0.5983633752655841,-0.10554608727110185,0.3699673733039095,0.7152017830050327,-0.9697952240892652,-0.2695118958645365,-3.7054673825735276,1.2841324691368328
R252,2025-09-15,4704,2024-07-16,2025-07-17,252,252,252,0.11362776999095672,0.024607204483199578,-0.024607204483199578,0.024607204483199578,-0.024607204483199578,-0.024607204483199578,-0.024607204483199578,-0.6651181431875164,0.07361085992232941,1.4617662687711455,0.32803012928323005,0.1992353851812234,0.7584338901928784,0.4748858820596655,-0.6995173495891476,0.2191921882271717,-3.7029406921928976,1.299143529174908
R252,2025-10-14,4725,2024-08-14,2025-08-15,252,252,252,0.08729844558602763,0.03304559354958907,-0.03304559354958907,0.03304559354958907,-0.03304559354958907,-0.03304559354958907,-0.03304559354958907,-0.681382399566849,0.03304559354958907,1.2641757529790631,-0.014715465218219969,0.528605597988185,0.2412743281934476,0.23598422752396023,0.07943097686934478,0.40779025721892076,-3.0619463183324247,0.9011145054068534
R252,2025-11-12,4746,2024-09-13,2025-09-16,252,252,252,0.07989108776366355,0.03802461027314125,-0.03802461027314125,0.03802461027314125,-0.03802461027314125,-0.03802461027314125,-0.03802461027314125,-0.6539366403243477,0.03802461027314125,1.2101036333831796,-0.05478381343097341,0.6306680075261776,-0.22791748157816072,0.10220887438608212,0.5551350914564595,0.5939447467415964,-2.7197721045053207,0.6181495580618731
R252,2025-12-12,4767,2024-10-14,2025-10-15,252,252,252,0.05267277216330403,0.05267277216330403,-0.05267277216330403,0.05267277216330403,-0.05267277216330403,-0.05267277216330403,-0.05267277216330403,-0.5786178226935678,0.05267277216330403,0.9235308399748305,0.05083552176126568,0.4817216206442988,-0.4315738519999648,0.161614151215046,0.5065581067620297,0.2751852082277533,-2.098514087885198,0.2294105547162868
R252,2026-01-14,4788,2024-11-12,2025-11-13,252,252,252,0.0678338965170288,0.0678338965170288,-0.0678338965170288,0.0678338965170288,-0.0678338965170288,-0.0678338965170288,-0.0678338965170288,-0.45732882786376955,0.0678338965170288,0.7444125086978042,0.024801648928721724,0.4373791985524611,-1.0940097449580743,0.4848297995797612,0.2818717773824441,0.3152213153695948,-1.6741892348008687,0.4028342027684381
R252,2026-02-13,4809,2024-12-12,2025-12-15,252,252,252,0.03606815660142074,0.03606815660142074,-0.03606815660142074,0.5688188682667753,-0.03606815660142074,-0.03606815660142074,-0.03606815660142074,-0.17870403552327943,0.03606815660142074,0.7299525360563881,-0.0339651611414984,0.49260641758181695,-2.5770666478817756,1.050133112955557,0.09726933144170702,0.346674002903727,-1.4954620705962007,0.6317072935245969
R252,2026-03-17,4830,2025-01-15,2026-01-15,252,252,252,0.03476856535057745,0.03476856535057745,-0.03476856535057745,0.7052554424644466,-0.05136460008151113,-0.03476856535057745,-0.03476856535057745,-0.03476856535057745,0.03476856535057745,0.9563338063853879,0.06509804364562528,0.6738390696762034,-3.0284283672715113,1.1477328718156559,0.03416379151775131,0.49617775073011056,-0.9801004847057628,0.642463862688205
R252,2026-04-16,4851,2025-02-14,2026-02-17,252,252,252,0.06144525556912122,0.03149562155043532,-0.07254946453435793,0.6770315505939087,-0.03149562155043532,-0.03149562155043532,-0.03149562155043532,-0.03149562155043532,0.03149562155043532,1.1950914207891603,0.1121769316555331,1.2303477783989158,-3.149605301517065,0.7902236126352946,0.1984734193007357,0.9747871158205137,-0.630313694843158,0.7027801476218517
R252,2026-05-15,4872,2025-03-18,2026-03-18,252,252,252,0.03353658724350661,0.020950471660702324,-0.17698573073354162,0.6100823226290396,-0.020950471660702324,-0.020950471660702324,-0.07464300109040099,-0.020950471660702324,0.020950471660702324,1.1600755715033022,-0.20490433799669872,1.844781604919765,-3.912021898644872,-0.07986859006973812,0.5925759564894307,1.3562831534261446,-0.11516832617863912,-1.0010500360491676
R252,2026-06-16,4893,2025-04-16,2026-04-17,252,252,252,0.01711850242418427,0.01711850242418427,-0.1500413643151612,0.6852729309745065,-0.01711850242418427,-0.01711850242418427,-0.06197469016522684,-0.01711850242418427,0.01711850242418427,1.0659227468443158,-0.00648494925443233,1.876486509142233,-5.00311262044969,-0.29347437155029377,0.6077469331297295,1.362033363839536,0.7220311312767003,-1.0839002725369398
R252,2026-07-17,4914,2025-05-16,2026-05-18,252,252,252,0.07950492533501388,0.0187772277044162,-0.11328275446256811,0.4443896529146561,-0.0187772277044162,-0.0187772277044162,-0.07499896007068424,-0.19310497857485426,0.03838704552897481,1.423411414009296,0.6572947090853339,1.6032986138626057,-3.3666414441474792,-0.009550126377991686,0.41973845542297056,1.3994144463244982,2.0283998341748717,-1.2044340417725594
R756,2007-01-03,0,,,0,0,0,0.11111111111111113,0.11111111111111113,-0.11111111111111113,0.11111111111111113,-0.11111111111111113,-0.11111111111111113,-0.11111111111111113,-0.11111111111111113,0.11111111111111113,,,,,,,,,
R756,2007-02-02,21,,,0,0,0,0.11111111111111113,0.11111111111111113,-0.11111111111111113,0.11111111111111113,-0.11111111111111113,-0.11111111111111113,-0.11111111111111113,-0.11111111111111113,0.11111111111111113,,,,,,,,,
R756,2007-03-06,42,2007-01-03,2007-01-04,0,2,2,0.11111111111111113,0.11111111111111113,-0.11111111111111113,0.11111111111111113,-0.11111111111111113,-0.11111111111111113,-0.11111111111111113,-0.11111111111111113,0.11111111111111113,,,,,,,,,
R756,2007-04-04,63,2007-01-03,2007-02-05,0,23,23,0.00804853563832676,0.017841194011597634,-0.04930938843072509,0.4280548455969548,-0.1887586023739623,-0.1500409014440701,-0.0811675631920064,-0.0015329748883658883,0.07524599442399102,1.5250272329578922,-2.16382819751313,4.216581615585865,28.923147916222568,-13.313222076010268,-10.787564204917265,-6.294774481174243,,5.908494913716513
R756,2007-05-04,84,2007-01-03,2007-03-07,0,44,44,0.02805501011709818,0.0017338425145275043,-0.03621730996003779,0.17857894826260456,-0.5702918683657597,-0.02359671838353086,-0.09886327592374428,-0.0017338425145275043,0.06092918395816956,2.6180829505581453,-0.12992741754708453,3.0888465738139717,11.299606034938517,-33.89179170469078,-2.3609493472341856,-6.701975530960254,,4.514112928230601
R756,2007-06-05,105,2007-01-03,2007-04-05,0,65,65,0.003524621628421171,0.003524621628421171,-0.12232622674934794,0.3956006881034952,-0.18813845893900427,-0.042392174510382824,-0.147935988389384,-0.003524621628421171,0.0930325984231222,0.07755764540328748,0.21012365411923453,4.470620101827586,12.223919325510742,-6.337834206711134,-2.2027439816106473,-5.197216154962168,,3.6395059734339625
R756,2007-07-05,126,2007-01-03,2007-05-07,0,86,86,0.005062238106644982,0.009392528785035874,-0.18224903697884812,0.4471671276244325,-0.19120064194346173,-0.06938136032855499,-0.047751640581958826,-0.005062238106644982,0.04273318754441777,-0.8979177371318036,1.1855410312033072,4.6001672212853375,9.833387885043486,-4.776998195570471,-2.370566908685727,-1.943291081454215,,1.844156016452955
R756,2007-08-03,147,2007-01-03,2007-06-06,0,107,107,0.004635906298901128,0.026445490677903877,-0.25746885718722007,0.2496881098175972,-0.2435971214513698,-0.05158095754168503,-0.15731174442752052,-0.004635906298901128,0.004635906298901128,-0.41404307860425354,1.5704492061060937,6.553797695355689,6.385961098410941,-6.254573879310521,-2.112640209184373,-4.393333132397626,,1.0010126355494893
R756,2007-09-04,168,2007-01-03,2007-07-06,0,128,128,0.007092908192895103,0.06386654013339818,-0.08831172422230284,0.42913745145318966,-0.22963854010350554,-0.007092908192895103,-0.1312834749055559,-0.007092908192895103,0.03648354460336257,0.09934413901181946,1.9004281233665576,2.2450707357352213,7.050232708257136,-4.2375794788029575,-0.8354102719361824,-2.8509118028210385,,1.5143665138639153
R756,2007-10-03,189,2007-01-03,2007-08-06,0,149,149,0.017904913575225577,0.2098765492622835,-0.0507946712308467,0.2964305893267081,-0.13235953346071488,-0.017904913575225577,-0.07296908321054044,-0.017904913575225577,0.18385483278322962,0.3608104581779007,2.1721729254961755,1.2836912393764892,2.6555823521922446,-1.7392358131449253,-0.03439928941643982,-1.407536640174043,,2.0268401018010125
R756,2007-11-01,210,2007-01-03,2007-09-05,0,170,170,0.018891155247455032,0.2420700099246364,-0.11509783301695523,0.14695839625252677,-0.22597863718740493,-0.01535002457111672,-0.01535002457111672,-0.01535002457111672,0.20495389465767155,1.1230692182929887,2.577000797641236,1.7498218161391634,1.9573821564367404,-2.472171175625453,0.4298843906328191,-0.9551936206916679,,2.3352023881663473
R756,2007-12-03,231,2007-01-03,2007-10-04,0,191,191,0.05779741521530455,0.25765759410280253,-0.014454981986604271,0.16852953291794093,-0.2629761271620527,-0.014454981986604271,-0.04419258763685176,-0.014454981986604271,0.16548179700523466,1.3998442562492752,2.7824829829714015,0.755899972712248,2.1658923758889546,-2.8192767545871598,0.571334830687591,-1.305725650006385,,2.144808047208845
R756,2008-01-03,252,2007-01-03,2007-11-02,0,212,212,0.09964565133960761,0.2645443550566949,-0.015025254294349253,0.2081528061076931,-0.26154203586551417,-0.015025254294349253,-0.09448913655767298,-0.015025254294349253,0.026550252189769547,1.6631877862931257,2.76066474399828,-0.061717086475642675,2.385352966611526,-2.7406829245071465,0.4602929083495428,-1.6288688011969872,,1.1767041786424517
R756,2008-02-04,273,2007-01-03,2007-12-04,0,233,233,0.11690374412332924,0.2835661472284317,-0.014774304241748129,0.18206303005086547,-0.24395153292627944,-0.014774304241748129,-0.06147124119919541,-0.014774304241748129,0.06772139174665441,1.7912639553813394,2.919319804090345,-0.42958203908084397,2.2322951190920066,-2.6511879607632514,0.3683564144550431,-1.4160686025775384,,1.458372798059027
R756,2008-03-05,294,2007-01-03,2008-01-04,0,254,254,0.07045967604735326,0.30694104749339646,-0.01854151332218624,0.16459782582197954,-0.264926804942805,-0.01854151332218624,-0.1189085924057208,-0.01854151332218624,0.01854151332218624,1.3800103843899476,2.6554260817865374,-0.5871535396360194,1.8877259529028116,-2.4288305400929775,0.03653556534073287,-1.6413100718345262,,0.8507332574480538
R756,2008-04-04,315,2007-01-03,2008-02-05,0,275,275,0.060680115953577425,0.2725100359853168,-0.020154347457461978,0.19182407373159083,-0.24907900758336168,-0.020154347457461978,-0.14528937691630542,-0.020154347457461978,0.020154347457461978,1.301077055864248,2.3521154012080023,-0.6132895565427419,1.9517751648196855,-2.2358574650410836,-0.2258572850111234,-1.7208835573712076,,0.9762368873854593
R756,2008-05-05,336,2007-01-03,2008-03-06,0,296,296,0.10072310548060039,0.3051690597046357,-0.018918540490145998,0.18307202427214567,-0.29599378828168776,-0.018918540490145998,-0.025012852415449854,-0.018918540490145998,0.03327354837504281,1.5324042070426285,2.613068724110021,-0.6761448841442586,1.9676857703029547,-2.564569890768585,-0.24888566252131045,-1.132213435959704,,1.1758779880106176
R756,2008-06-04,357,2007-01-03,2008-04-07,0,317,317,0.11361294801695015,0.24027739921558783,-0.016229236999957722,0.19144372929689102,-0.3094576286672682,-0.016229236999957722,-0.016229236999957722,-0.016229236999957722,0.08029134680347207,1.7000510745960893,2.4805218459513148,-0.5841136426108543,2.179622488089796,-2.906790988806648,-0.11565217903854734,-1.0823928000785112,,1.4947327271373338
R756,2008-07-03,378,2007-01-03,2008-05-06,0,338,338,0.13221295778936512,0.242854795189897,-0.013512724220652021,0.20718908269718658,-0.27769199694681607,-0.013512724220652021,-0.013512724220652021,-0.013512724220652021,0.0860002704941274,1.9784330356368771,2.797230456451798,-0.7805219690343577,2.533288767786228,-3.0550408075553603,-0.05684123485323185,-0.34843139639120524,,1.636439174586941
R756,2008-08-04,399,2007-01-03,2008-06-05,0,359,359,0.14646136336738386,0.24570571370872277,-0.012207073673635428,0.204200825568695,-0.2557610063277747,-0.011785576801121014,-0.011785576801121014,-0.011785576801121014,0.10030728695042528,2.2427169737967585,3.084800072622257,-1.1035763788198667,2.7326332772212893,-3.170118702238209,-0.07288441596672768,-0.7884978299363017,,1.8511020601120203
R756,2008-09-03,420,2007-01-03,2008-07-07,0,380,380,0.1194661880158631,0.21850057558069694,-0.01805603373279515,0.24176933915624313,-0.23882648544651683,-0.012488899948244406,-0.012488899948244406,-0.012488899948244406,0.1259146782231518,1.9565789501953432,2.749558219588524,-1.144576654530196,2.9358737771794643,-2.9123100227901917,-0.2981706127215434,-1.073857743153236,,2.008212722857564
R756,2008-10-02,441,2007-01-03,2008-08-05,0,401,401,0.03473839834289568,0.192294623057887,-0.018048053930192234,0.3467647976907016,-0.1793074203275043,-0.018048053930192234,-0.033745697121174596,-0.018048053930192234,0.15900490166926035,1.1924772525462288,2.0654590450674637,-1.0384913230257888,2.9213417636712933,-1.9935000251054462,-0.5645935571097838,-1.1869769297659405,,1.8810085690361562
R756,2008-10-31,462,2007-01-03,2008-09-04,0,422,422,0.035857259550843484,0.24455827046926018,-0.07261983277880922,0.2872881435354825,-0.05642538667480739,-0.01557147211669555,-0.06558300164017362,-0.01557147211669555,0.20652516111723263,1.230275334805357,2.5705533082324803,-1.4663645943978996,2.844964569711142,-1.3623638552087105,-0.7848000126712962,-1.4211740620840614,,2.326304665156217
R756,2008-12-02,483,2007-01-03,2008-10-03,0,443,443,0.06981311030508058,0.23213031023264652,-0.0988358771389199,0.26203736747839307,-0.024492875405751555,-0.013447268170207015,-0.09942615809699042,-0.013447268170207015,0.1863697650018038,1.5191620292049686,2.7262265264177667,-1.7349885187676626,2.9486290015316854,-1.1821401573593702,-0.9753753605121012,-1.7393781163468818,,2.3859303067571287
R756,2009-01-02,504,2007-01-03,2008-11-03,0,464,464,0.07868213654020294,0.2271999845579619,-0.10799874239014094,0.25783030509810434,-0.02431033437789841,-0.024546990133377283,-0.10762851716669779,-0.01214578274363864,0.1596572069919779,1.6478144570913946,2.8706080073510125,-1.8891871744264925,3.1227969455747355,-1.2001545301033065,-1.202102990408204,-1.886138995225057,,2.3145073509206187
R756,2009-02-03,525,2007-01-03,2008-12-03,0,485,485,0.03791211545214533,0.17796491106656684,-0.09776917111456641,0.27914063043463055,-0.041074980186024485,-0.039392198243722004,-0.13826319658704958,-0.012027114744635234,0.1764556821706595,1.3152220316934804,2.479697457330314,-1.8129062804375167,3.3209276402650345,-1.3415198163328925,-1.3275282482965678,-2.1495957220223803,,2.46714890409912
R756,2009-03-05,546,2007-01-03,2009-01-05,0,506,506,0.03149738738170124,0.14224590108264945,-0.11268963675780488,0.2756404560189371,-0.0667267841671735,-0.040335890600677764,-0.14241907691434968,-0.010581552237793355,0.17786331483891302,1.2976632036007376,2.3442819908273966,-2.06496319467497,3.6049151374450745,-1.6305954236926632,-1.381190676889663,-2.3459185733231265,,2.6808811301205098
R756,2009-04-03,567,2007-01-03,2009-02-04,0,527,527,0.03375512744319453,0.1409401542905144,-0.11862693849550564,0.26618964423313685,-0.08180679378081808,-0.05052931844442004,-0.1291542004845043,-0.00978770186911489,0.1692101209587913,1.3448728608061602,2.4399718767002017,-2.2119999166488014,3.719633758697726,-1.835812071871126,-1.5162531421585836,-2.319555930611767,,2.72880338226008
R756,2009-05-05,588,2007-01-03,2009-03-06,0,548,548,0.011423760985996526,0.07265697713486266,-0.04486340282987826,0.3209953346376246,-0.11183022634968492,-0.06803655182892966,-0.12852107403813523,-0.011423760985996526,0.2302489112088916,0.7326177599848699,1.636016257902516,-1.392720076031639,3.8098919001466074,-1.9789265241698304,-1.5955705123061505,-2.1250329396393965,,3.0155263357762414
R756,2009-06-04,609,2007-01-03,2009-04-06,0,569,569,0.011961612351074843,0.011961612351074843,-0.011961612351074843,0.33068204089505815,-0.1418734534063753,-0.0638819724110843,-0.15011340899178652,-0.011961612351074843,0.2656026748913962,0.05750430185601942,0.7030337394863264,-0.5630914664810689,3.764527316130119,-2.18607299118523,-1.5340582066709763,-2.2549596541497827,,3.2204588068558317
R756,2009-07-06,630,2007-01-03,2009-05-06,0,590,590,0.011180256213601598,0.011180256213601598,-0.011180256213601598,0.3246486796904624,-0.14787165399231864,-0.05471062787841373,-0.16116921062968648,-0.011180256213601598,0.2668788029547125,-0.1623644259211644,0.4048779298574193,-0.4078267503342844,3.9037677982325985,-2.3226141795607687,-1.4893503944198905,-2.441552031997374,,3.3870544454073865
R756,2009-08-04,651,2007-01-03,2009-06-05,0,611,611,0.010378339997175133,0.010378339997175133,-0.010378339997175133,0.3251407698734183,-0.15225490900055197,-0.05562271214045719,-0.16806757398534192,-0.010378339997175133,0.2574006750115302,-0.09938634820911676,0.45658723829220527,-0.5087147651210344,4.132878379027069,-2.467044913174882,-1.5359499896476418,-2.6194070923778563,,3.4801719261615225
R756,2009-09-02,672,2007-01-03,2009-07-07,0,632,632,0.010989180657614301,0.010989180657614301,-0.010989180657614301,0.3125572319419473,-0.17651045716836783,-0.040841445489622125,-0.19062448698924023,-0.010989180657614301,0.2355096557803654,-0.29424946848072037,0.24052105782136185,-0.19412280418414046,3.8442268962552664,-2.606220360442117,-1.3716514157160886,-2.734656048785205,,3.1431047784002253
R756,2009-10-02,693,2007-01-03,2009-08-05,0,653,653,0.011741629295097039,0.011741629295097039,-0.011741629295097039,0.30270865188249235,-0.21027267780591335,-0.02021963017458328,-0.20610125611530822,-0.011741629295097039,0.21373126684131488,-0.559202763175676,-0.041855926240953106,0.1365095993204106,3.5780804714120436,-2.790830493121743,-1.172204637588298,-2.7553037226389874,,2.820286277736283
R756,2009-11-02,714,2007-01-03,2009-09-03,0,674,674,0.01223156242944689,0.01223156242944689,-0.01223156242944689,0.3481685578707149,-0.2399028956112989,-0.018742742090825375,-0.2056810135930518,-0.01223156242944689,0.1385785411163216,-0.6765491616997992,-0.14458578195244234,0.24093148408497542,3.846476563227246,-2.961343017256278,-1.1532326078449564,-2.681559610879186,,2.1329586217268575
R756,2009-12-02,735,2007-01-03,2009-10-05,0,695,695,0.01145096526550759,0.01145096526550759,-0.01145096526550759,0.3463024844495232,-0.20836252098408026,-0.044666075970800447,-0.23132797431147334,-0.01145096526550759,0.12353708322209242,-0.6536074500031002,-0.09169930798298961,0.09188641623667612,4.024220896841333,-2.8196066109090947,-1.3900638499475924,-3.0201613483910887,,2.078835542311955
R756,2010-01-04,756,2007-01-03,2009-11-03,0,716,716,0.011350506036629725,0.011350506036629725,-0.011350506036629725,0.34802786154254156,-0.18644890865410724,-0.04793010004413848,-0.2377879836331067,-0.011350506036629725,0.1344031219795871,-0.6499802864848742,-0.08707820471773596,0.0120316356271416,4.066188066147935,-2.6426484251222777,-1.4222728034279803,-3.094954910959304,,2.1841156821189185
R756,2010-02-03,777,2007-01-03,2009-12-03,0,737,737,0.01234109420657056,0.01234109420657056,-0.01234109420657056,0.3529947035798276,-0.21786867041045457,-0.015461112382033395,-0.21498706973228984,-0.01234109420657056,0.1493240670691125,-0.6385425806254512,-0.21386251866446487,0.17853356588269004,3.860319333693188,-2.765391842600622,-1.1252815360067643,-2.7420422057699545,,2.209974290526122
R756,2010-03-05,798,2007-01-05,2010-01-05,0,756,756,0.01277616222374492,0.01277616222374492,-0.01277616222374492,0.35402670998513286,-0.2304881345870112,-0.01277616222374492,-0.20482283664383516,-0.01277616222374492,0.14678150766529643,-0.647474580844401,-0.3054989652420089,0.2565452261015375,3.770994166989853,-2.8040482779612907,-1.0900899741795336,-2.603164025760139,,2.1488700996023526
R756,2010-04-06,819,2007-02-06,2010-02-04,0,756,756,0.014511271725225596,0.014511271725225596,-0.014511271725225596,0.3979835953025091,-0.25432405397386226,-0.014511271725225596,-0.14167511407144992,-0.014511271725225596,0.13346087802605083,-0.5721077125447622,-0.3646009457271142,0.36808874746477493,3.7425824754606194,-2.752596593803418,-0.9699271772741046,-1.9763108068961985,,1.9197049063180989
R756,2010-05-05,840,2007-03-08,2010-03-08,0,756,756,0.01557623832150531,0.01557623832150531,-0.01557623832150531,0.3893664218799753,-0.2787007768650828,-0.01557623832150531,-0.09489420077676768,-0.01557623832150531,0.15915740887064797,-0.40775229804038543,-0.4824676388487111,0.5027847314608056,3.499746176471871,-2.789268828021815,-0.6611343497547002,-1.609224119572902,,2.0217961845826893
R756,2010-06-04,861,2007-04-09,2010-04-07,0,756,756,0.017205015073279133,0.017205015073279133,-0.017205015073279133,0.4127711573942286,-0.31787041846667224,-0.017205015073279133,-0.04346537527666216,-0.017205015073279133,0.13986797349604155,-0.38023421734639906,-0.49402528515730804,0.46167230106217044,3.3991327856218954,-2.8475451321187877,-0.5528780411421057,-1.2526320092806407,,1.8129488576459811
R756,2010-07-06,882,2007-05-08,2010-05-06,0,756,756,0.016718221195253666,0.016718221195253666,-0.016718221195253666,0.40693186017990657,-0.27090341762730186,-0.016718221195253666,-0.06627015817149692,-0.016718221195253666,0.17230345804502636,-0.36437787511094355,-0.48631075286251496,0.22658586381843804,3.434061946108449,-2.620408143087686,-0.5495393691053491,-1.3963947922301156,,2.0306327212248134
R756,2010-08-04,903,2007-06-07,2010-06-07,0,756,756,0.018610188716533825,0.018610188716533825,-0.018610188716533825,0.41282086851506555,-0.23231238824630282,-0.018610188716533825,-0.030440175863846612,-0.018610188716533825,0.2313756237921159,-0.42910746442596204,-0.5049021920422297,0.0045771924353446925,3.21825191997276,-2.248307536182639,-0.6614384182058964,-1.163567260534025,,2.2432739254629652
R756,2010-09-02,924,2007-07-09,2010-07-07,0,756,756,0.019006610582598175,0.019006610582598175,-0.019006610582598175,0.4067144584839682,-0.229493063899094,-0.019006610582598175,-0.05885661738755796,-0.019006610582598175,0.2099028073163891,-0.48581941687228386,-0.5190233692829322,-0.025409933060433383,3.1398579021571713,-2.2074381326527006,-0.9276881160792871,-1.3096639305139715,,2.104367379992355
R756,2010-10-04,945,2007-08-07,2010-08-05,0,756,756,0.01688492340644915,0.01688492340644915,-0.01688492340644915,0.4612407096642979,-0.23553933191572746,-0.05661051525025851,-0.029768463986801497,-0.01688492340644915,0.14930128555711802,-0.4470820072666298,-0.5459156298536499,0.009924083566520005,3.7316719096761095,-2.394968317272697,-1.335272561725902,-1.1763020374462079,,1.8842283850698003
R756,2010-11-02,966,2007-09-06,2010-09-03,0,756,756,0.015431622956760184,0.015431622956760184,-0.015431622956760184,0.46229587983492504,-0.23318030202896722,-0.10579789043433735,-0.06798417261954263,-0.015431622956760184,0.0690152632551869,-0.5907523891731035,-0.6764960135187743,0.13947443219903663,3.9957696681048414,-2.511054946601175,-1.6855914684462279,-1.4405510218208162,,1.4472326951518288
R756,2010-12-02,987,2007-10-05,2010-10-05,0,756,756,0.014825392501368165,0.014825392501368165,-0.014825392501368165,0.4481162985734388,-0.22724257028462538,-0.12342821680828009,-0.0540250688071548,-0.014825392501368165,0.08788627552102837,-0.7479171912866678,-0.9057154475175951,0.3637872222891634,4.022626878391815,-2.5327929446971083,-1.8325460307164851,-1.3644090286457446,,1.5928090977214786
R756,2011-01-03,1008,2007-11-05,2010-11-03,0,756,756,0.014268544359637543,0.02796747198563276,-0.014268544359637543,0.42980393202167694,-0.2470696900966855,-0.08721092921758967,-0.03012946272767384,-0.014268544359637543,0.13501288087182864,-0.8762059828577767,-1.1960078847618567,0.6746199461151193,4.012247929350763,-2.731568994491052,-1.6112111160006588,-1.2111600312425927,,1.9462274319568946
R756,2011-02-02,1029,2007-12-05,2010-12-03,0,756,756,0.015141882650165786,0.06906681287899426,-0.015141882650165786,0.4194157680516607,-0.2789644794336588,-0.03432781862540861,-0.015141882650165786,-0.015141882650165786,0.13765759040961445,-0.9701376482882431,-1.4561309480115279,0.9275690910917089,3.769905022656272,-2.8423368208483937,-1.2267077312544934,-1.0635309787585585,,1.909118064048048
R756,2011-03-04,1050,2008-01-07,2011-01-04,0,756,756,0.014346465798006455,0.06348181312837807,-0.014346465798006455,0.37941071055888465,-0.2834486589584223,-0.014346465798006455,-0.016424831023370542,-0.014346465798006455,0.19984812313891884,-0.8525785270764694,-1.4424909522817762,1.0223037576468699,3.6446284116301766,-2.9757385752650634,-1.0282566995595204,-1.114486949292089,,2.3930129270352367
R756,2011-04-04,1071,2008-02-06,2011-02-03,0,756,756,0.013494213234510609,0.05169836734588388,-0.013494213234510609,0.37911455841048186,-0.2925739470403214,-0.013494213234510609,-0.013494213234510609,-0.013494213234510609,0.20914206103075997,-0.7386685447694883,-1.3831150912427301,1.0311730488687108,3.8094602613876,-3.168143795831548,-1.0350347894033378,-1.0955929055954075,,2.549864800534589
R756,2011-05-04,1092,2008-03-07,2011-03-07,0,756,756,0.012670928283141307,0.05393336755397263,-0.012670928283141307,0.3804960550422917,-0.284202141600756,-0.018781663919409997,-0.03299925864233925,-0.012670928283141307,0.1915747283918065,-0.7474360926697351,-1.4256465378762428,1.022406337569542,4.002905916124097,-3.24294649334325,-1.1482264242975713,-1.2604328420534494,,2.5119233895964594
R756,2011-06-03,1113,2008-04-08,2011-04-05,0,756,756,0.012439134851340702,0.04732909593087435,-0.012439134851340702,0.37972384590760677,-0.273566241688643,-0.050434980303308556,-0.058428338997060576,-0.012439134851340702,0.1532000926184849,-0.7885480934636488,-1.3804854316357313,0.9221776640913765,4.052654790270079,-3.1992384917280465,-1.4054540842755847,-1.4697138482324847,,2.231597650876603
R756,2011-07-05,1134,2008-05-07,2011-05-05,0,756,756,0.01217641579680434,0.05039507143812865,-0.01217641579680434,0.37032818167704024,-0.2504019905351615,-0.0701201617531455,-0.0949826765415457,-0.01217641579680434,0.12724267066456565,-0.889857443647401,-1.4138744297098877,0.8395792133412874,4.041356240267613,-3.0564507217376615,-1.5758686539888718,-1.780054476839347,,2.0449928188060076
R756,2011-08-03,1155,2008-06-06,2011-06-06,0,756,756,0.01230315059670315,0.06575057003980128,-0.01230315059670315,0.36290934488242554,-0.2484475688288766,-0.06440829197447528,-0.07552147861165885,-0.01230315059670315,0.14605329387265306,-0.8932828011965178,-1.5344205902626302,0.961030502136067,3.9497269177512435,-3.0193816768808195,-1.5235105550259187,-1.613838528741542,,2.1871210770336393
R756,2011-09-01,1176,2008-07-08,2011-07-06,0,756,756,0.012936242596846784,0.029160733781106347,-0.012936242596846784,0.3610200454019583,-0.2877416686422031,-0.07267538818080785,-0.057913498341604676,-0.012936242596846784,0.15267993786177933,-0.7794819450045268,-1.2254188846784173,0.7869656336452853,3.7907643405663802,-3.2243063740342985,-1.5617967322174564,-1.4476840775676325,,2.1802494945402087
R756,2011-10-03,1197,2008-08-06,2011-08-04,0,756,756,0.011940863563017316,0.011940863563017316,-0.011940863563017316,0.3526378994184126,-0.3195104223441982,-0.07370787376700706,-0.03991808774280915,-0.011940863563017316,0.16646226247550375,-0.5871807535226643,-0.8921342835226569,0.5043428064591126,3.9532026520308485,-3.675773160441854,-1.6172742312816608,-1.3342981647193557,,2.3940554767836297
R756,2011-11-01,1218,2008-09-05,2011-09-02,0,756,756,0.010824652647849698,0.010824652647849698,-0.010824652647849698,0.3495020818674992,-0.35473317792762477,-0.0671807076873535,-0.06440231930076655,-0.010824652647849698,0.12088310262535716,-0.5930876707381143,-1.0856695178291411,0.5872807477339307,4.228760249752008,-4.27708601345367,-1.6206269140719158,-1.59495968504412,,2.1167388604323523
R756,2011-12-01,1239,2008-10-06,2011-10-04,0,756,756,0.010256848269734956,0.054174324666793165,-0.010256848269734956,0.3320284220483781,-0.3658144883437687,-0.05966732767465011,-0.03533457214307595,-0.010256848269734956,0.12221032031412901,-0.7732919361609512,-1.5281771090116074,0.8965439676130763,4.237138868750741,-4.566538947672486,-1.581731601224047,-1.344497366187411,,2.191499738518478
R756,2012-01-03,1260,2008-11-04,2011-11-02,0,756,756,0.010975936438141867,0.07018142661193907,-0.010975936438141867,0.32344623764392677,-0.3871421307520531,-0.044611992537136796,-0.013199339447944783,-0.010975936438141867,0.12849106369257396,-0.8188870286625014,-1.639411744113746,0.9973683792845568,3.9468668980255455,-4.527189984507536,-1.4064527230870993,-1.1202570689283193,,2.170661514092427
R756,2012-02-02,1281,2008-12-04,2011-12-02,0,756,756,0.012790997334489986,0.07636747612380293,-0.012790997334489986,0.3088744606394732,-0.3894474416536832,-0.020850829347961404,-0.012790997334489986,-0.012790997334489986,0.15329580289711942,-0.7376841983584833,-1.5970408258774602,1.0563827821937368,3.414780118877954,-4.044699576346301,-1.1630117558678452,-0.696939642922498,,2.198466381380352
R756,2012-03-05,1302,2009-01-06,2012-01-04,0,756,756,0.01296976068622036,0.10519632019729104,-0.051741848902983126,0.29735165030539223,-0.36094405261422163,-0.01296976068622036,-0.01296976068622036,-0.01296976068622036,0.13288708523523066,-0.9009534205316586,-1.8110891383605574,1.398942202210068,3.2926533303063303,-3.7829661729819297,-0.9090529107810719,-0.5012657726048974,,2.0245916516903484
R756,2012-04-03,1323,2009-02-05,2012-02-03,0,756,756,0.01299779683051282,0.11798252444307832,-0.06894678846787848,0.2851289562368259,-0.3404007172691465,-0.01299779683051282,-0.01299779683051282,-0.01299779683051282,0.13554982626101975,-0.9301231493023212,-1.9077117143892408,1.5304498090478171,3.1936714348963733,-3.6189108947298125,-0.808986789413955,-0.5224543258767154,,2.04286771080166
R756,2012-05-03,1344,2009-03-09,2012-03-06,0,756,756,0.015087566002790534,0.08715332142600006,-0.029606109334281684,0.3293152586446273,-0.3559802540242316,-0.015087566002790534,-0.015087566002790534,-0.015087566002790534,0.13759479255969742,-0.4628324585820967,-1.5776499762114085,1.1962285323478012,3.182693077092213,-3.359427981679689,-0.8498763521052145,-0.6803583140457428,,1.9119747514890637
R756,2012-06-04,1365,2009-04-07,2012-04-04,0,756,756,0.019858023828534594,0.019858023828534594,-0.019858023828534594,0.4163762793731403,-0.40524210642785014,-0.019858023828534594,-0.019858023828534594,-0.019858023828534594,0.05923347122780234,0.34685647801905367,-0.9689826023935347,0.6535077644965476,3.0967659368745277,-3.040697049852189,-0.9187554592080068,-0.8325732674625945,,1.2982848229977848
R756,2012-07-03,1386,2009-05-07,2012-05-04,0,756,756,0.022701462524760813,0.022701462524760813,-0.022701462524760813,0.41779464705203645,-0.4232951152746381,-0.022701462524760813,-0.022701462524760813,-0.022701462524760813,0.022701462524760813,0.8046710663986607,-0.5229016945604872,0.3726823083078513,2.8403864799298364,-2.864616056401406,-0.9418622623779328,-0.8373895444715866,,0.769969462815315
R756,2012-08-02,1407,2009-06-08,2012-06-05,0,756,756,0.026171184584848357,0.026171184584848357,-0.026171184584848357,0.35304329713475335,-0.4637584107713081,-0.026171184584848357,-0.026171184584848357,-0.026171184584848357,0.026171184584848357,0.8219830559843754,-0.4686566228985251,0.37914766557290525,2.348977139304369,-2.7720191811256343,-0.7732894397542143,-0.7066846720846416,,0.7984270502470556
R756,2012-08-31,1428,2009-07-08,2012-07-05,0,756,756,0.06056108536272153,0.025903912806295372,-0.025903912806295372,0.3785732596892694,-0.4054421781102367,-0.025903912806295372,-0.025903912806295372,-0.025903912806295372,0.025903912806295372,1.233791264723542,-0.3217631684724332,0.23365328403671046,2.4614520305104857,-2.565177358115964,-0.9443419621858414,-0.7825385722283389,,1.0765420486251953
R756,2012-10-02,1449,2009-08-06,2012-08-03,0,756,756,0.18632354828859984,0.02281491478288267,-0.02281491478288267,0.3674841148938392,-0.2985275547909782,-0.033590208112169645,-0.02281491478288267,-0.02281491478288267,0.02281491478288267,1.816674311790078,-0.17862306464293187,0.14233798966598224,2.610718770554213,-2.308475432110552,-1.147229163167295,-0.6321296130476458,,1.0901793145177674
R756,2012-11-02,1470,2009-09-04,2012-09-04,0,756,756,0.25995125206891645,0.02116339488754799,-0.02116339488754799,0.2634409269232231,-0.20425177871704925,-0.039024880384328484,-0.02116339488754799,-0.02116339488754799,0.1486775823562908,2.228306013520852,-0.010029931329446738,0.05252475498955217,2.2447952151487054,-1.9651182137948289,-1.1843980164415386,-0.5197850363995503,,1.702522365368559
R756,2012-12-04,1491,2009-10-06,2012-10-03,0,756,756,0.30185211556587405,0.02283558570393685,-0.02283558570393685,0.23396917611769627,-0.17943260068878733,-0.05051201484330399,-0.02283558570393685,-0.02283558570393685,0.14289174996859086,2.321849675674554,-0.004787050431671866,0.09968955360019072,2.0245814543629597,-1.7857586970403532,-1.2211986830475547,-0.31290420260403573,,1.6257415589036386
R756,2013-01-04,1512,2009-11-04,2012-11-05,0,756,756,0.2864242431521406,0.02233457295823898,-0.02233457295823898,0.24196323031596498,-0.14243823733526575,-0.07390474111055129,-0.02233457295823898,-0.02233457295823898,0.16593125625312136,2.2824254293453228,-0.12664860350380563,0.2527873265342041,2.0833573167858908,-1.63774775368034,-1.3308983845302877,0.01593022170735396,,1.7429345372458134
R756,2013-02-05,1533,2009-12-04,2012-12-05,0,756,756,0.2534033622689174,0.021981725914184666,-0.021981725914184666,0.2473339321113752,-0.0983016610063194,-0.11748197055624779,-0.021981725914184666,-0.021981725914184666,0.19555217040040151,2.152791019495871,-0.12586328550516157,0.27612146711404206,2.1251797655786993,-1.447197191840546,-1.5344528951679697,-0.021497028258659227,,1.8896124497404136
R756,2013-03-07,1554,2010-01-06,2013-01-07,0,756,756,0.25956735631947553,0.02137727217628556,-0.02137727217628556,0.22812516759140497,-0.07902473529470444,-0.12160881593355802,-0.02137727217628556,-0.02137727217628556,0.22616483615571473,2.2142211325139103,0.019796731532097104,0.24353541603947504,2.0671388084980786,-1.3696670681040817,-1.5688696618105573,-0.00788297385196666,,2.0579686420730803
R756,2013-04-08,1575,2010-02-05,2013-02-06,0,756,756,0.25663636274638857,0.020515151926098953,-0.020515151926098953,0.190280673227076,-0.08002676656755482,-0.16259133911064025,-0.020515151926098953,-0.020515151926098953,0.22840425064394437,2.2509600887717585,0.2368019174327223,0.08349377170506216,1.9275128642113777,-1.390086151230235,-1.7925427006162937,-0.2836561228425204,,2.1133441832003848
R756,2013-05-07,1596,2010-03-09,2013-03-08,0,756,756,0.23029264174886116,0.0207018141660336,-0.0207018141660336,0.19089998137643435,-0.06996717001580707,-0.2519774207840228,-0.0207018141660336,-0.0207018141660336,0.17405552941074015,2.1124273452648064,0.4754680218390731,-0.227490277299091,1.922141314985102,-1.3379760317364136,-2.2171755516840332,-0.7648430486842863,,1.8407742819772817
R756,2013-06-06,1617,2010-04-08,2013-04-09,0,756,756,0.22920431518494344,0.02013043385305387,-0.02013043385305387,0.19878843556482684,-0.05283356750507147,-0.2471492678336182,-0.021920589182007007,-0.02013043385305387,0.1897125231703715,2.1385960027392663,0.39977019305116074,-0.15411877101325863,1.9875019933297156,-1.2624561789911766,-2.2277394001427577,-1.1088927806624573,,1.9424164653142402
R756,2013-07-08,1638,2010-05-07,2013-05-08,0,756,756,0.23837455489387652,0.01936968915199556,-0.01936968915199556,0.1948512058442216,-0.0894914786805413,-0.24075502362698448,-0.01936968915199556,-0.01936968915199556,0.1590489803463941,2.2306576167708814,0.17857905101457233,0.21716442736911376,2.005959384867811,-1.462018145868497,-2.2429472757035995,-0.8044459166362704,,1.8211230397056117
R756,2013-08-06,1659,2010-06-08,2013-06-07,0,756,756,0.24377743714929725,0.01878357889675471,-0.01878357889675471,0.20127387000828945,-0.1193230735096391,-0.2343853912838664,-0.01878357889675471,-0.01878357889675471,0.12610591246188912,2.297822094975816,0.1051862028809192,0.46867751808303304,2.071541643446149,-1.6352520686579854,-2.2478207298629433,-0.41155677226164294,,1.6713625404138335
R756,2013-09-05,1680,2010-07-08,2013-07-09,0,756,756,0.2378851899575333,0.01775818787714809,-0.01775818787714809,0.20790744306341968,-0.1306783681287606,-0.23202008597901555,-0.01775818787714809,-0.01775818787714809,0.12047616136267862,2.3395803198120966,0.08695368909119448,0.6268156146249454,2.1707694754765092,-1.7358767067495806,-2.306552715762107,0.026414222757597715,,1.6784259869089004
R756,2013-10-04,1701,2010-08-06,2013-08-07,0,756,756,0.24220346168302861,0.01772257683177078,-0.01772257683177078,0.2225447191623658,-0.14167175580060773,-0.23187935023705497,-0.01772257683177078,-0.01772257683177078,0.09081040578985988,2.366637955541753,0.09939492240528308,0.7093077060395621,2.255713101287934,-1.7993857617061455,-2.3083839468613343,-0.01160496820378284,,1.5123995604694829
R756,2013-11-04,1722,2010-09-07,2013-09-06,0,756,756,0.23660329776639014,0.017312507721107755,-0.017312507721107755,0.20295517775502037,-0.1227534820116887,-0.21940057019239262,-0.017312507721107755,-0.017312507721107755,0.14903744139007716,2.3666610382383753,0.22839501972752382,0.6000770989940415,2.1723037530118954,-1.709045067237863,-2.267295147108556,0.13543755468312174,,1.8608657035188942
R756,2013-12-04,1743,2010-10-06,2013-10-07,0,756,756,0.24391947660845553,0.017048219806953733,-0.017048219806953733,0.1869576266755142,-0.07733657055578763,-0.2631025734810137,-0.017048219806953733,-0.017048219806953733,0.1604908734514141,2.430762152121972,0.35527101487617857,0.40053649749226944,2.0966401700150343,-1.4536342881046331,-2.5432847327185315,0.07776715196302189,,1.9413937365234586
R756,2014-01-06,1764,2010-11-04,2013-11-05,0,756,756,0.2634951200089471,0.01625442204325311,-0.01625442204325311,0.17971582280921702,-0.01625442204325311,-0.3214534949073166,-0.01625442204325311,-0.01625442204325311,0.15406345205825378,2.6210672966887723,0.5155150084131072,0.2066129751033164,2.105642651156665,-0.9867352168541754,-2.9776371872954144,0.05059280362006616,,1.9478248543583405
R756,2014-02-05,1785,2010-12-06,2013-12-05,0,756,756,0.2708187561789997,0.0146871765475749,-0.0146871765475749,0.20265186379988054,-0.0146871765475749,-0.30002804609010186,-0.0146871765475749,-0.0146871765475749,0.1530654511931434,2.8439129896870234,0.647326324242051,0.1470371269392158,2.3797877566423193,-0.8152113750433091,-3.042789130492488,-0.006692394279299936,,2.042170703792739
R756,2014-03-07,1806,2011-01-05,2014-01-07,0,756,756,0.2950339299813847,0.016575063651482078,-0.016575063651482078,0.21781471882276018,-0.016575063651482078,-0.21352161723571128,-0.016575063651482078,-0.016575063651482078,0.19075441570273352,2.77998670885951,0.5566670597200456,0.199184433762431,2.3141109042032793,-0.8250060208453953,-2.2882099382865357,-0.17196438497112132,,2.1508517838221213
R756,2014-04-07,1827,2011-02-04,2014-02-06,0,756,756,0.3193562487326652,0.019280708192844276,-0.019280708192844276,0.19571160467712156,-0.019280708192844276,-0.21131528771341693,-0.019280708192844276,-0.019280708192844276,0.177213317912575,2.656351237405217,0.4945215402129759,0.1913562353546268,2.0150643986705674,-0.6068065150974548,-2.095993391943161,-0.19778463465820717,,1.9191224520391055
R756,2014-05-07,1848,2011-03-08,2014-03-10,0,756,756,0.2680068861395868,0.023872086608993575,-0.023872086608993575,0.1330971618453741,-0.023872086608993575,-0.29144231721954816,-0.023872086608993575,-0.023872086608993575,0.18809320175052294,2.122678928446154,0.3998488064701365,0.006417138616870481,1.5575430586584378,-0.19873312968753853,-2.2208497815593136,-0.30854639097525777,,1.7879210763237625
R756,2014-06-06,1869,2011-04-06,2014-04-08,0,756,756,0.17678833572750807,0.027329247927698808,-0.027329247927698808,0.04850567669006499,-0.027329247927698808,-0.3432445973223503,-0.027329247927698808,-0.027329247927698808,0.2948151506215826,1.6468832812202239,0.3930853877857022,-0.13352545126508064,1.1774863209495912,0.012258969440972928,-2.255960640521191,-0.5099571121113744,,2.0787532514671976
R756,2014-07-08,1890,2011-05-06,2014-05-08,0,756,756,0.1953934147524344,0.029572282991940587,-0.029572282991940587,0.029572282991940587,-0.029572282991940587,-0.30098188816417604,-0.029572282991940587,-0.029572282991940587,0.32619099913174604,1.6607315870935142,0.2198861894983716,0.09020068232082182,0.970087188419362,-0.16106409576928787,-2.01778374110042,-0.38481607722273087,,2.1030294793967843
R756,2014-08-06,1911,2011-06-07,2014-06-09,0,756,756,0.18558858176683665,0.0363324184599212,-0.0363324184599212,0.0363324184599212,-0.0363324184599212,-0.314647006749275,-0.0363324184599212,-0.0363324184599212,0.2817699007243611,1.510807123868074,0.14295489418755086,0.1289932952613135,0.802084133835691,-0.20493797418998533,-1.8660227424617124,-0.311318141497258,,1.7755330161552154
R756,2014-09-05,1932,2011-07-07,2014-07-09,0,756,756,0.18706374770033204,0.0378539914714735,-0.0378539914714735,0.0378539914714735,-0.0378539914714735,-0.33097408909788856,-0.0378539914714735,-0.0378539914714735,0.2548382143729383,1.4941717912133572,-0.10839215111357557,0.27668806791746736,0.8683856525843671,-0.23117763044752268,-1.8743439627689151,-0.36119449678971466,,1.673213588492993
R756,2014-10-06,1953,2011-08-05,2014-08-07,0,756,756,0.22322522424372618,0.04074448530976129,-0.04074448530976129,0.04074448530976129,-0.04074448530976129,-0.30824293259693425,-0.04074448530976129,-0.04074448530976129,0.2240649313007718,1.547866103956521,-0.4451364051498207,0.6196168253313541,0.9585751050751409,-0.3336895875451175,-1.7565267551019659,-0.18892101257947008,,1.5499270136739016
R756,2014-11-04,1974,2011-09-06,2014-09-08,0,756,756,0.18575465665189167,0.04225464102355945,-0.04225464102355945,0.04225464102355945,-0.04225464102355945,-0.27351084679969845,-0.04225464102355945,-0.04225464102355945,0.28720665040705307,1.4396077026150158,-0.37866669307667666,0.5406060439204741,0.7995840709800768,-0.01490043116552648,-1.6472918481243282,0.1567955230611331,,1.6797043909257647
R756,2014-12-04,1995,2011-10-05,2014-10-07,0,756,756,0.17933386434479387,0.04594341814591856,-0.04594341814591856,0.04594341814591856,-0.04594341814591856,-0.27003700983203266,-0.04594341814591856,-0.04594341814591856,0.27496861694766206,1.3903363562876856,-0.1526491253634868,0.3710852509972799,0.9043404997703143,0.2759000097388112,-1.5877599463200187,0.13581525390835258,,1.5984940347153713
R756,2015-01-06,2016,2011-11-03,2014-11-05,0,756,756,0.1575886200954394,0.03822453579953759,-0.03822453579953759,0.10099283732909718,-0.03822453579953759,-0.25540960161726556,-0.03822453579953759,-0.03822453579953759,0.2948862619605098,1.4122708537832545,-0.047541237116027917,0.38156588092186555,1.264209453997657,0.2630141816119024,-1.6681823500924118,0.17885737333089136,,1.7714580590513727
R756,2015-02-05,2037,2011-12-05,2014-12-05,0,756,756,0.25247087462232715,0.029684930864974556,-0.029684930864974556,0.17190193572572615,-0.029684930864974556,-0.21550423810171634,-0.029684930864974556,-0.029684930864974556,0.2116982972253574,1.8505018110728335,0.3483488280498463,0.1455631687874146,1.579088213166615,-0.07928444236459103,-1.7259718376369582,-0.1431622368361656,,1.7131507167333229
R756,2015-03-09,2058,2012-01-05,2015-01-07,0,756,756,0.3168618415513202,0.023237340729159697,-0.023237340729159697,0.14667052392819258,-0.023237340729159697,-0.19721594190751882,-0.023237340729159697,-0.023237340729159697,0.22306498896716975,2.363589083813286,0.8234074865141708,-0.09492503675649953,1.6311846335503488,-0.23464147888569653,-1.8487027160557994,-0.09966397047738451,,1.9599419811719403
R756,2015-04-08,2079,2012-02-06,2015-02-06,0,756,756,0.31565771769045287,0.02388658175813057,-0.02388658175813057,0.13818521759489844,-0.02388658175813057,-0.19111906237630888,-0.02388658175813057,-0.02388658175813057,0.23560509354768677,2.321485513861809,0.7982964602049936,-0.049837541636587865,1.5785056187366058,-0.05622454461559049,-1.8001105570965814,0.19056376795432695,,1.9863491391667667
R756,2015-05-07,2100,2012-03-07,2015-03-10,0,756,756,0.279578796724447,0.0263703564545952,-0.0263703564545952,0.13527244776696506,-0.0263703564545952,-0.16884488913457757,-0.0263703564545952,-0.0263703564545952,0.2844520841010342,2.0602010526699903,0.5127989330481747,0.2634859740211024,1.5129716316117259,-0.0834501686901904,-1.64028292308182,0.24620309817355837,,2.0786812252265428
R756,2015-06-08,2121,2012-04-05,2015-04-09,0,756,756,0.13818679531001088,0.022870733617635506,-0.022870733617635506,0.12692021055773842,-0.022870733617635506,-0.16702726064979076,-0.022870733617635506,-0.022870733617635506,0.45351206539428235,1.6042079699772103,0.022238853768433268,0.7349048449586479,1.5549459526732055,-0.10388253009469757,-1.7303100260893989,0.32893017609650604,,2.982936240596067
R756,2015-07-08,2142,2012-05-07,2015-05-08,0,756,756,0.12921775100201274,0.01930414139815943,-0.01930414139815943,0.13785035269604637,-0.01930414139815943,-0.13741908681584308,-0.01930414139815943,-0.01930414139815943,0.4989921024953006,1.6693783905578579,0.028778356259208826,1.0339386266983805,1.7140973009511309,0.18173090697104768,-1.711863242096566,0.5572073779903314,,3.5848966405875866
R756,2015-08-06,2163,2012-06-06,2015-06-09,0,756,756,0.14135529926291324,0.01859207764335687,-0.01859207764335687,0.18220757262838977,-0.01859207764335687,-0.12893372102245612,-0.01859207764335687,-0.01859207764335687,0.4545430188694566,1.7602985635842634,0.31847927371331575,0.9130588805531008,1.980028031958517,0.5342454662753248,-1.6934874277944154,0.6365762191077793,,3.4448210016585707
R756,2015-09-04,2184,2012-07-06,2015-07-09,0,756,756,0.15574125950226453,0.017734544301131604,-0.017734544301131604,0.1997094857723624,-0.017734544301131604,-0.12726103217968582,-0.017734544301131604,-0.017734544301131604,0.42861550104002927,1.8781802162930514,0.7180306228506877,0.489333437074023,2.1261044117136936,0.6583968469462258,-1.7175883970786077,0.7263588947485988,,3.4168396647929673
R756,2015-10-06,2205,2012-08-06,2015-08-07,0,756,756,0.16881457092669505,0.025709911133961507,-0.014715282349979797,0.16438774690028926,-0.014715282349979797,-0.12085129387982549,-0.014715282349979797,-0.014715282349979797,0.46137534775930944,2.1472057885924754,1.1747157174595213,0.03827395519660575,2.11712261437182,0.6684510241236797,-1.8212638466973854,0.6296456746645415,,4.135348250792775
R756,2015-11-04,2226,2012-09-05,2015-09-08,0,756,756,0.14572183665120467,0.03145348369633255,-0.01412720840947977,0.18477293663311511,-0.01412720840947977,-0.13584720662671407,-0.01412720840947977,-0.01412720840947977,0.44569570275471454,2.031497748369176,1.222644720631617,-0.12026493129764776,2.3079224945044845,0.5141931493258555,-1.96159979161599,0.43830500366850117,,4.154874550131502
R756,2015-12-04,2247,2012-10-04,2015-10-07,0,756,756,0.13333856894703575,0.02825496913512523,-0.013999406244136994,0.17916602309996815,-0.013999406244136994,-0.1241474449276557,-0.013999406244136994,-0.013999406244136994,0.4790953689136672,1.9524587444762413,1.2018297679371832,-0.1010840501428701,2.2798115861164012,0.27550846759528885,-1.886805074176979,0.35705451461550164,,4.42225491966357
R756,2016-01-06,2268,2012-11-06,2015-11-05,0,756,756,0.16562184273421085,0.07868391980209473,-0.013105155861749722,0.16027403240321278,-0.013105155861749722,-0.08926348151807914,-0.013105155861749722,-0.013105155861749722,0.4537361000954037,2.2637914762815954,1.6004043037118776,-0.35047119173684893,2.2229845573298963,0.09129324890401423,-1.6811325440135683,0.3006655771919922,,4.462271680566061
R756,2016-02-05,2289,2012-12-06,2015-12-07,0,756,756,0.18587352561126969,0.13598089962029256,-0.012259595600762731,0.18388913614708477,-0.012259595600762731,-0.126250941962046,-0.012259595600762731,-0.012259595600762731,0.3189671142562561,2.516147283028696,2.109179324086616,-0.9451518024049602,2.499960864415822,0.009462119154584765,-2.0298132668763667,-0.3685353083494772,,3.6017751697813885
R756,2016-03-08,2310,2013-01-08,2016-01-07,0,756,756,0.18387969919180183,0.156648184394149,-0.027748859859465246,0.22836410596403175,-0.012865651252133513,-0.16436360369940328,-0.012865651252133513,-0.012865651252133513,0.20039859313474856,2.429229625366295,2.2175690240956283,-1.2156817351540106,2.774990643603542,0.05576173395263913,-2.277538155498711,-0.722343924934653,,2.5576249441824133
R756,2016-04-07,2331,2013-02-07,2016-02-08,0,756,756,0.12227092478525897,0.11306115782735804,-0.016778375897357194,0.26408614179531853,-0.013376468558473412,-0.17629620854707695,-0.013376468558473412,-0.013376468558473412,0.2673777854722102,1.9140747743006181,1.8452242632883753,-1.1254320288199595,2.9742590553022414,0.1052232905670637,-2.3179577836737857,-0.764986978654488,,2.9988667734193415
R756,2016-05-06,2352,2013-03-11,2016-03-09,0,756,756,0.06556433888459283,0.040777304198011316,-0.01664507713404075,0.2986625772670725,-0.01664507713404075,-0.19027621238513884,-0.01664507713404075,-0.01664507713404075,0.33813925872902145,1.3938962754970212,1.2449811669218276,-0.7417943279222412,2.7942997491809725,0.1350004997799871,-2.143138063301648,-0.6969282633565043,,3.0314670578335434
R756,2016-06-07,2373,2013-04-10,2016-04-08,0,756,756,0.07063288515419673,0.04752271404476391,-0.02155598397897839,0.26362849308925657,-0.02155598397897839,-0.14579572754789885,-0.02155598397897839,-0.02155598397897839,0.3861962442479703,1.3276718206094356,1.220461817429019,-0.7482440385729227,2.222994474974326,0.23009560682798016,-1.6763584890862802,-0.47152407351321557,,2.7915964524031596
R756,2016-07-07,2394,2013-05-09,2016-05-09,0,756,756,0.10408998974464265,0.11322720658812112,-0.022626030975690156,0.21077655989159835,-0.022626030975690156,-0.045632617688030355,-0.022626030975690156,-0.022626030975690156,0.43576950218484695,1.4600452896775353,1.5004289382869431,-1.0183507911135632,1.9315666548766806,0.1444658182021333,-1.2016819376631231,-0.6014182481359169,,2.92596528597104
R756,2016-08-05,2415,2013-06-10,2016-06-08,0,756,756,0.11415814535867343,0.11079049157742149,-0.027445311455452866,0.21391952328066888,-0.021726201334307964,-0.021726201334307964,-0.021726201334307964,-0.021726201334307964,0.4467817229905513,1.5254399680923774,1.5099395419965644,-1.126323562196369,1.9846153958946675,-0.06220766239228872,-0.9464917633126324,-1.0822709062418987,,3.056418957533252
R756,2016-09-06,2436,2013-07-10,2016-07-08,0,756,756,0.08047650591073896,0.059276086178749736,-0.024697301963458217,0.23339072195984467,-0.024697301963458217,-0.024697301963458217,-0.024697301963458217,-0.024697301963458217,0.5033701761333755,1.325851406885703,1.2400103714424102,-1.0273839148095418,1.9450049333533126,-0.0774865457841004,-0.7923435246095436,-1.075535336776163,,3.038158568406197
R756,2016-10-05,2457,2013-08-08,2016-08-08,0,756,756,0.029805646856888857,0.029805646856888857,-0.029805646856888857,0.19404661141330945,-0.029805646856888857,-0.029805646856888857,-0.056196134315669145,-0.029805646856888857,0.5709233731296882,1.0313812884234443,1.028758759752731,-0.9113563423633056,1.6510397588249632,0.04089114351445111,-0.6550697831191031,-1.1885419047789623,,2.915487276189522
R756,2016-11-03,2478,2013-09-09,2016-09-07,0,756,756,0.03878441929471358,0.03878441929471358,-0.03878441929471358,0.13713176849261158,-0.03878441929471358,-0.03878441929471358,-0.04332669371260958,-0.03878441929471358,0.5868350220264974,0.8588948375723225,0.9938631001801838,-0.8761173979087974,1.3535743759641723,0.19854055303072482,-0.7728661841686673,-1.111711595791548,,2.5130689918734572
R756,2016-12-05,2499,2013-10-08,2016-10-06,0,756,756,0.04407084114690546,0.04407084114690546,-0.04407084114690546,0.07824194355075315,-0.04407084114690546,-0.04407084114690546,-0.04407084114690546,-0.04407084114690546,0.6132621684209086,0.7390000577597429,0.9410511922801325,-0.7922190300595094,1.1775367601674358,0.3810659482605035,-0.8286699661331106,-1.0385462073095768,,2.3915372442669396
R756,2017-01-05,2520,2013-11-06,2016-11-04,0,756,756,0.052296648662339365,0.052296648662339365,-0.052296648662339365,0.052296648662339365,-0.052296648662339365,-0.052296648662339365,-0.052296648662339365,-0.052296648662339365,0.5816268107012852,0.49587372068255414,0.8779619147192264,-0.7800905277186154,0.8910464308155525,0.5105717821276514,-0.831757436451401,-0.9401743650788477,,2.1121684191594
R756,2017-02-06,2541,2013-12-06,2016-12-06,0,756,756,0.05585063199546817,0.05585063199546817,-0.05585063199546817,0.05585063199546817,-0.05585063199546817,-0.05585063199546817,-0.05585063199546817,-0.05585063199546817,0.5531949440362548,0.3948520352949807,0.9099230372497528,-0.9550156987031982,0.7080215272148582,0.6688865681846073,-0.9874211333990216,-0.9973184567911442,,1.9904900343493734
R756,2017-03-08,2562,2014-01-08,2017-01-06,0,756,756,0.05529540053962886,0.05529540053962886,-0.06403691930886309,0.05529540053962886,-0.05529540053962886,-0.09230576090262572,-0.05529540053962886,-0.05529540053962886,0.511884916550738,0.369099976643776,0.9229111513487733,-1.1158087629060023,0.8089307319730179,0.8732224529512322,-1.166932077535947,-0.9142392928010629,,1.9257278391244905
R756,2017-04-06,2583,2014-02-07,2017-02-07,0,756,756,0.055691033822594035,0.055691033822594035,-0.1244097229385061,0.055691033822594035,-0.055691033822594035,-0.13051361776625844,-0.055691033822594035,-0.055691033822594035,0.4109304563596712,0.2428602228996159,0.9646780178071936,-1.223392733801312,1.0710847363933356,1.0373990754699411,-1.23435301664899,-0.8880011930459555,,1.7378754319208838
R756,2017-05-08,2604,2014-03-11,2017-03-09,0,756,756,0.05621535727297138,0.05621535727297138,-0.0728848196515404,0.3433999824697554,-0.05621535727297138,-0.05621535727297138,-0.05621535727297138,-0.05621535727297138,0.24642305424087577,0.38959516978929165,1.0816173278297527,-1.1296528621131503,1.610865071624945,0.9845968357881952,-1.0730095936062756,-0.6970769801421814,,1.4383554000098069
R756,2017-06-07,2625,2014-04-09,2017-04-07,0,756,756,0.05511379024339035,0.08889263411008193,-0.05511379024339035,0.5253108341861854,-0.05511379024339035,-0.05511379024339035,-0.05511379024339035,-0.05511379024339035,0.05511379024339035,0.57751344615324,1.161289277542915,-0.9291533339015147,1.9531386461833562,0.8845761472245307,-0.8630207721644445,-0.20069137616968727,,1.0741669692054503
R756,2017-07-07,2646,2014-05-09,2017-05-09,0,756,756,0.04001008467635387,0.13997889448399148,-0.04001008467635387,0.4352374948080228,-0.10268521469781236,-0.04001008467635387,-0.04001008467635387,-0.04001008467635387,0.12204797262840385,0.5568428884246649,1.349859030832593,-1.05827412788858,2.087819479335544,1.2566483313605676,-0.984359137902855,-0.0668414986075502,,1.3050430250664646
R756,2017-08-07,2667,2014-06-10,2017-06-08,0,756,756,0.03444247588981169,0.12202232528771181,-0.03444247588981169,0.3821393732138162,-0.2425316678506683,-0.043615071704286634,-0.03444247588981169,-0.03444247588981169,0.07192165838427027,0.5561618383571627,1.354278611323081,-1.0340875481875267,2.109500299677514,1.704164441100504,-1.1266316389211388,0.03647222042292218,,1.2088167488724153
R756,2017-09-06,2688,2014-07-10,2017-07-10,0,756,756,0.03465160816422696,0.14914940158828088,-0.03465160816422696,0.3674047266518058,-0.2305990790140699,-0.03465160816422696,-0.03465160816422696,-0.03465160816422696,0.0795887519247087,0.643669140131752,1.430425626658959,-1.0067334193711135,2.060281891999174,1.6654787215680567,-1.0625367129268104,0.18368363356292775,,1.2296827077909567
R756,2017-10-05,2709,2014-08-08,2017-08-08,0,756,756,0.04124867009791303,0.19747013944213807,-0.04124867009791303,0.39056829886559913,-0.1644695411047844,-0.04124867009791303,-0.04124867009791303,-0.04124867009791303,0.04124867009791303,0.6933258834595518,1.4787309238659043,-0.9693047125982225,1.946862766577679,1.3987268940171376,-0.9471128909243035,0.104397020946991,,0.9903706730956472
R756,2017-11-03,2730,2014-09-09,2017-09-07,0,756,756,0.0532361178919986,0.1638920851527442,-0.0532361178919986,0.46345508960326537,-0.0532361178919986,-0.0532361178919986,-0.0532361178919986,-0.0532361178919986,0.0532361178919986,0.8906952933936005,1.307858821496406,-0.6311616376074588,1.870565150042473,1.0518124700988696,-0.736766158880436,0.3498587360540208,,0.5559549578810332
R756,2017-12-05,2751,2014-10-08,2017-10-06,0,756,756,0.052687472627022836,0.1958894733433391,-0.052687472627022836,0.43529821826750087,-0.052687472627022836,-0.052687472627022836,-0.052687472627022836,-0.052687472627022836,0.052687472627022836,1.024808866733293,1.37179516036013,-0.5912012231808542,1.8261892183536645,0.9238174183228385,-0.8053187687829291,0.3127341570972867,,0.677629157153627
R756,2018-01-05,2772,2014-11-06,2017-11-06,0,756,756,0.057749733462208803,0.14429342547337295,-0.057749733462208803,0.4514584402911652,-0.057749733462208803,-0.057749733462208803,-0.057749733462208803,-0.057749733462208803,0.057749733462208803,0.9414077734936931,1.2498598986050697,-0.533179627348132,1.7817498250214399,0.8739405490665109,-0.9720401939047437,0.26592630279019447,,0.6234894505834407
R756,2018-02-06,2793,2014-12-08,2017-12-06,0,756,756,0.059135604499574314,0.059135604499574314,-0.059135604499574314,0.4839175478749792,-0.059135604499574314,-0.10213322062800041,-0.059135604499574314,-0.059135604499574314,0.059135604499574314,0.7349216635595894,0.9202258556098508,-0.24762267895200085,1.8183184258790535,0.6889054244050192,-1.172710199705045,0.2817992306625732,,0.17362018036604748
R756,2018-03-08,2814,2015-01-08,2018-01-08,0,756,756,0.05402032299742216,0.05402032299742216,-0.05402032299742216,0.4883530867037981,-0.05402032299742216,-0.13350465231424657,-0.05402032299742216,-0.05402032299742216,0.05402032299742216,0.818030165411376,1.0388844852508716,-0.27134800490167477,1.904017339413358,0.6699472407836616,-1.2471378268519746,0.4583917257451523,,-0.29119431978209404
R756,2018-04-09,2835,2015-02-09,2018-02-07,0,756,756,0.05250742182345556,0.1119734227529936,-0.05250742182345556,0.49686809442620433,-0.05250742182345556,-0.0761139518800686,-0.05250742182345556,-0.05250742182345556,0.05250742182345556,0.97538070612149,1.2132525629033533,-0.41387044867802253,1.9462816439489488,0.5132788982434862,-1.1449584634644312,0.49167613675612026,,-0.44478498416696793
R756,2018-05-08,2856,2015-03-11,2018-03-09,0,756,756,0.05252733241376089,0.1255617140587812,-0.05252733241376089,0.5067469590448924,-0.05252733241376089,-0.05252733241376089,-0.05252733241376089,-0.05252733241376089,0.05252733241376089,1.0239829932666555,1.2390407208759893,-0.5000327303697071,1.9647300476887286,0.2008281629773507,-1.0129892257420927,0.46773411013069116,,-0.6567556723415305
R756,2018-06-07,2877,2015-04-10,2018-04-10,0,756,756,0.06444029267511785,0.1434648135793188,-0.04985141001613557,0.4929864336487498,-0.04985141001613557,-0.04985141001613557,-0.04985141001613557,-0.04985141001613557,0.04985141001613557,1.129264734245752,1.2877848661309341,-0.48334001636318025,1.9889117148124462,-0.10594284334650532,-0.6958334898347563,0.7676320034808924,,-0.6834021241684316
R756,2018-07-09,2898,2015-05-11,2018-05-09,0,756,756,0.05117690272489819,0.05833298388536419,-0.05117690272489819,0.5834286970403483,-0.05117690272489819,-0.05117690272489819,-0.05117690272489819,-0.05117690272489819,0.05117690272489819,1.011247091842093,1.113983029021771,-0.3494878288054702,2.1400234597560024,-0.5898529138239655,-0.49895684755231184,0.9035559348641488,,-0.7851510876619135
R756,2018-08-07,2919,2015-06-10,2018-06-08,0,756,756,0.04726806258466815,0.04726806258466815,-0.04726806258466815,0.6218554993226547,-0.04726806258466815,-0.04726806258466815,-0.04726806258466815,-0.04726806258466815,0.04726806258466815,0.6279519008499054,0.8199998815135685,-0.21285717203967305,2.3155933738743073,-1.0638220670087384,-0.5132478723756432,0.8382588197196349,,-0.6159553920733971
R756,2018-09-06,2940,2015-07-10,2018-07-10,0,756,756,0.041783491065329706,0.041783491065329706,-0.041783491065329706,0.5805405523203587,-0.1269750102223333,-0.041783491065329706,-0.041783491065329706,-0.041783491065329706,0.041783491065329706,0.318131047012333,0.5792903160355722,-0.0407226670249227,2.3894017410193578,-1.3038879877792025,-0.5006081362571797,0.869313346142414,,-0.6181621806367742
R756,2018-10-05,2961,2015-08-10,2018-08-08,0,756,756,0.037283919561649746,0.037283919561649746,-0.037283919561649746,0.5531927462562785,-0.1858198168121733,-0.037283919561649746,-0.037283919561649746,-0.037283919561649746,0.037283919561649746,0.22723090480295732,0.46246720729929297,0.14261087278135945,2.4837301248372308,-1.4983913145315002,-0.3961604416881638,0.8924584216192715,,-0.9016433154761805
R756,2018-11-05,2982,2015-09-09,2018-09-07,0,756,756,0.03513669485788464,0.03513669485788464,-0.03513669485788464,0.5468855713785356,-0.17360110754778715,-0.03513669485788464,-0.03513669485788464,-0.03513669485788464,0.06869315192636923,0.15434097104270816,0.5027039434954452,0.13850045613165748,2.5564513782257894,-1.4940735269778262,-0.3861725497814958,0.8477251399775146,,-1.195502599786942
R756,2018-12-06,3003,2015-10-08,2018-10-08,0,756,756,0.03283010512589983,0.03283010512589983,-0.03283010512589983,0.5255942804208547,-0.11877280178016364,-0.03283010512589983,-0.03283010512589983,-0.03283010512589983,0.1586522870435828,-0.027781725584227025,0.5146258561892653,-0.034010853078189816,2.6009521699831866,-1.361780144549288,-0.4902383604470078,0.8463085367836117,,-1.483252449040808
R756,2019-01-08,3024,2015-11-06,2018-11-06,0,756,756,0.028435366976463452,0.028435366976463452,-0.028435366976463452,0.4694704763063479,-0.10310481957577187,-0.028435366976463452,-0.028435366976463452,-0.028435366976463452,0.25681250225909946,-0.42578471757580993,0.5407733125599162,-0.13274032177030534,2.651009029336384,-1.3625935957187185,-0.6169789372957594,0.8469238197217199,,-1.9031446735738229
R756,2019-02-07,3045,2015-12-08,2018-12-07,0,756,756,0.02655163143230908,0.02655163143230908,-0.02655163143230908,0.4311539011012443,-0.126154524929246,-0.02655163143230908,-0.16038216582960893,-0.02655163143230908,0.14955125097835525,-0.8231001382860949,0.1983389907181241,0.27684288147148617,2.6238320503974726,-1.4751290904698842,-0.4853408479550081,1.604038837457082,,-1.5632469377997442
R756,2019-03-11,3066,2016-01-08,2019-01-09,0,756,756,0.02283493163711407,0.02283493163711407,-0.02283493163711407,0.3513147245314732,-0.13403924419024152,-0.02283493163711407,-0.3691002209061576,-0.02283493163711407,0.031371152186557456,-0.9257138321403454,-0.3263416662828038,0.9030160922685593,2.538496940189978,-1.586992097547535,-0.07604323477623358,2.6163841730371185,,-1.1373822908038371
R756,2019-04-09,3087,2016-02-09,2019-02-08,0,756,756,0.021115925923506078,0.021115925923506078,-0.021115925923506078,0.31780686394282104,-0.1393964496908804,-0.021115925923506078,-0.36097474985528955,-0.021115925923506078,0.07624230689347873,-0.5431498112845384,-0.07111422360374495,0.9346383153807342,2.50505767587033,-1.6601484121314585,0.27939189983335677,2.7094905104466926,,-1.3610654212828357
R756,2019-05-09,3108,2016-03-10,2019-03-12,0,756,756,0.018621507406511573,0.018621507406511573,-0.018621507406511573,0.35776366121631176,-0.0985333149125499,-0.018621507406511573,-0.35583141670695645,-0.018621507406511573,0.09476407013162394,-0.18654058254362468,0.5151286937246422,0.6251949878425404,2.9212389921301907,-1.5291371571674952,0.06986324269386322,2.91086257916225,,-1.5088958056021116
R756,2019-06-10,3129,2016-04-11,2019-04-10,0,756,756,0.02088057605349937,0.02088057605349937,-0.02088057605349937,0.4593930982318033,-0.03144417800424786,-0.02088057605349937,-0.2756113401590773,-0.02088057605349937,0.1291485033373747,0.13521049758946257,0.9979958427917758,0.20982927060537399,3.20009781844507,-1.1505905676341632,-0.21189378120076072,2.3199412671993196,,-1.6185102508976554
R756,2019-07-10,3150,2016-05-10,2019-05-10,0,756,756,0.021945202942539148,0.03640380127663368,-0.021945202942539148,0.47138231002565006,-0.021945202942539148,-0.021945202942539148,-0.259593056893914,-0.021945202942539148,0.12289481709110647,0.441801981068106,1.1658850062674408,-0.001110737089806076,3.147997041813227,-0.814655438172844,-0.38655739197802286,2.1829148154775644,,-1.560007658224404
R756,2019-08-08,3171,2016-06-09,2019-06-11,0,756,756,0.02137859902921206,0.05313789322182784,-0.02137859902921206,0.4651413652334049,-0.02137859902921206,-0.02137859902921206,-0.1705714840357778,-0.02137859902921206,0.20425626236292918,0.5469048835271197,1.248556480007036,-0.08845422352292444,3.175733613778098,-0.5945224226213166,-0.6336951664459697,1.7978609066136944,,-1.9554239830394413
R756,2019-09-09,3192,2016-07-11,2019-07-11,0,756,756,0.02232282894090113,0.19152086259661102,-0.02232282894090113,0.4816688107372564,-0.02232282894090113,-0.02232282894090113,-0.02232282894090113,-0.02232282894090113,0.19287335302072572,1.0534877280940615,1.8579596390029933,-0.5639370396251209,3.1577409028777534,-0.408197316666322,-0.6813274510233889,1.0367996414685852,,-1.864018415996247
R756,2019-10-08,3213,2016-08-09,2019-08-09,0,756,756,0.049705652914102616,0.2403517348796635,-0.020191122286466436,0.4361157769115301,-0.020191122286466436,-0.020191122286466436,-0.020191122286466436,-0.020191122286466436,0.17287122386237166,1.2461757806668279,2.1903832361055273,-0.9993075575779972,3.1599382675417043,-0.16209873546228434,-0.8942515664896041,0.8713602210995396,,-1.8561744186861895
R756,2019-11-06,3234,2016-09-08,2019-09-10,0,756,756,0.020563484361968185,0.20656741172572382,-0.03295354740001373,0.4919382167344542,-0.020563484361968185,-0.020689369901662296,-0.020563484361968185,-0.020563484361968185,0.16559751679027324,1.0229050785655376,2.0045350685206187,-1.1602527413153811,3.392290178430488,0.0553568539778485,-1.1006121800054807,0.7746295487088012,,-1.8052989166395508
R756,2019-12-06,3255,2016-10-07,2019-10-09,0,756,756,0.019742109569751465,0.179595393275751,-0.026839711065071475,0.5376915210982305,-0.019742109569751465,-0.019742109569751465,-0.019742109569751465,-0.019742109569751465,0.15716282671218992,0.9792331065283927,1.9097072055102162,-1.1359515859753653,3.723576825457765,0.03208209673093333,-0.9736979123130342,0.8744469086674237,,-1.7960791938516654
R756,2020-01-08,3276,2016-11-07,2019-11-07,0,756,756,0.021829084132896946,0.13641238643551126,-0.021829084132896946,0.6941306863450973,-0.021829084132896946,-0.021829084132896946,-0.021829084132896946,-0.021829084132896946,0.03848242242201013,0.9931057638574854,1.6249111763234014,-0.88577775367277,4.1798433783075035,-0.2383982197067287,-0.672403646680749,0.8013046899128219,,-1.1762896793458055
R756,2020-02-07,3297,2016-12-07,2019-12-09,0,756,756,0.027502964872108432,0.11135309750415255,-0.01877656907399919,0.6888240631367273,-0.01877656907399919,-0.01877656907399919,-0.01877656907399919,-0.01877656907399919,0.07843702911701614,1.1464749218226087,1.5930428347442265,-0.771977737484536,4.66852996637482,-0.4854531603214856,-0.4256296522255318,0.813861632300476,,-1.417738878747724
R756,2020-03-10,3318,2017-01-09,2020-01-09,0,756,756,0.07636955523256289,0.14869360792429787,-0.01649011567773996,0.5997385436363022,-0.01649011567773996,-0.01649011567773996,-0.01649011567773996,-0.01649011567773996,0.09274771481813754,1.4631232231781994,1.901713552713397,-0.8642294487273221,4.63695777129017,-0.5362814279650555,-0.18374383383145074,1.0484569620400372,,-1.5624442946955057
R756,2020-04-08,3339,2017-02-08,2020-02-10,0,756,756,0.12082258241904717,0.1625800101259689,-0.015176173372047023,0.5686432130033825,-0.015176173372047023,-0.015176173372047023,-0.015176173372047023,-0.015176173372047023,0.07207332759136653,1.7961333826192982,2.0712846126641176,-0.9038263528374512,4.7469472643925235,-0.7311357772553603,0.015915460280364332,0.9486816106473858,,-1.4749110716151828
R756,2020-05-08,3360,2017-03-10,2020-03-11,0,756,756,0.14803437564149266,0.16224370595585838,-0.01453497127857709,0.5721854456503908,-0.01453497127857709,-0.01453497127857709,-0.01453497127857709,-0.01453497127857709,0.04486161635937294,2.018470369182488,2.1162299728447853,-0.8299923159127278,4.936612152056521,-0.9734504493472216,0.16199334203280363,0.991889425615643,,-1.3086460612790747
R756,2020-06-09,3381,2017-04-10,2020-04-09,0,756,756,0.157113153171391,0.07801988844832924,-0.01610443655448973,0.6404124636255448,-0.028002093352110503,-0.01610443655448973,-0.0320346551846657,-0.01610443655448973,0.01610443655448973,1.9755892585238548,1.4844620808952065,-0.3980412861470849,4.9766213580878444,-1.1738781313917117,0.38629976582736036,1.198918199194835,,-1.0007079492995894
R756,2020-07-09,3402,2017-05-10,2020-05-11,11,756,756,0.06337293234342373,0.011554977005999017,-0.011554977005999017,0.4494090085082383,-0.04577205531421462,-0.011554977005999017,-0.02144452841975043,-0.33802445901445677,0.04731208538191919,1.5484470658013625,0.8717866777843588,-0.023866792474446823,4.889311145101526,-1.3961241574989813,0.5282759299557069,1.1855869415284603,3.9253581278349934,-1.4094520080598698
R756,2020-08-07,3423,2017-06-09,2020-06-10,32,756,756,0.04737576895506641,0.007927239793662697,-0.007927239793662697,0.3340400816486942,-0.04900389910078069,-0.007927239793662697,-0.007927239793662697,-0.5086922555645946,0.029179035556213446,1.5976325958114728,0.9508987030064779,-0.08594787248260953,5.213825875631227,-1.6181710201318253,0.6519040691523289,0.9561535248896437,7.4170161216929555,-1.3680856933272052
R756,2020-09-08,3444,2017-07-11,2020-07-10,53,756,756,0.07592185840252333,0.012568871868490941,-0.012568871868490941,0.5408460410093708,-0.07235524879469213,-0.012568871868490941,-0.012568871868490941,-0.192705357032427,0.06789600728702308,1.604046721113076,0.9514746683111684,-0.019143479753861926,5.303059547971242,-1.5756701918179339,0.5587783479742404,0.7965117021620199,2.533195334065919,-1.5401917371536933
R756,2020-10-07,3465,2017-08-09,2020-08-10,74,756,756,0.09918943896256957,0.016289205092663062,-0.016289205092663062,0.7219584481212906,-0.05232269865418262,-0.016289205092663062,-0.016289205092663062,-0.016289205092663062,0.045083388798642016,1.6089274362887493,0.9719209590496101,-0.05531566232792366,5.432128173316899,-1.3212108777349096,0.46974058407476926,0.7303954768686443,0.3308388813911832,-1.27676850123858
R756,2020-11-05,3486,2017-09-08,2020-09-09,95,756,756,0.10938865011115635,0.02673998503057745,-0.017013142594823016,0.7617925092893285,-0.017013142594823016,-0.017013142594823016,-0.017013142594823016,-0.017013142594823016,0.017013142594823016,1.6429655750046002,1.1571725204884502,-0.22170116157032602,5.4776707480318,-1.0954122585602282,0.468966864613592,0.36322338146444355,0.32640522028348873,-0.9739858197370345
R756,2020-12-07,3507,2017-10-09,2020-10-08,116,756,756,0.0415776677549352,0.021020205876278363,-0.021020205876278363,0.8087665216651482,-0.021020205876278363,-0.021020205876278363,-0.021020205876278363,-0.023534575322246773,0.021020205876278363,1.197798575331064,0.7270564101648145,0.04150989377452881,4.847567081052494,-1.0755491248391749,0.5569969675877111,0.462699856389324,1.1119616784952897,-0.9532241808956189
R756,2021-01-07,3528,2017-11-07,2020-11-06,137,756,756,0.023347393235983654,0.023347393235983654,-0.023347393235983654,0.7143590642563079,-0.03941364778826869,-0.023347393235983654,-0.023347393235983654,-0.10614292853952159,0.023347393235983654,0.7782445134661369,0.327723282835099,0.3227826190925016,4.059695174685788,-1.1688139116427065,0.9000753586534774,0.3710153120727531,1.4546243234380922,-0.9104444004887688
R756,2021-02-08,3549,2017-12-07,2020-12-08,158,756,756,0.021204240084261243,0.021204240084261243,-0.021204240084261243,0.627337485898812,-0.04264349238039291,-0.05130814707146644,-0.021204240084261243,-0.17268967422802245,0.021204240084261243,0.8080021488132311,0.3301277042103278,0.4414043284178649,3.9585473631967156,-1.201108326499495,1.2419711664628326,0.7753466129115707,1.814411049590976,-0.686703074982096
R756,2021-03-10,3570,2018-01-09,2021-01-08,179,756,756,0.021318320163567717,0.021318320163567717,-0.021318320163567717,0.5851608945876725,-0.04444064566059794,-0.053408862759474374,-0.021318320163567717,-0.21039799617441657,0.021318320163567717,0.5206981812274469,0.14378762150401436,0.5940743970107982,3.744873376973166,-1.2084622302302481,1.2505303530000844,0.9758222912936598,1.9869351551159251,-0.8782555150114262
R756,2021-04-09,3591,2018-02-08,2021-02-09,200,756,756,0.02814939399497934,0.02814939399497934,-0.02814939399497934,0.6779982232552263,-0.03664797646937374,-0.02814939399497934,-0.02814939399497934,-0.09484050937155156,0.049766320928951675,0.02568025129564205,-0.03771112187109179,0.6254461649795545,3.4085712942031807,-1.130190996210825,0.7015988702960227,0.7025293963590927,1.3369184764278303,-1.1767935783549297
R756,2021-05-10,3612,2018-03-12,2021-03-11,221,756,756,0.028834018315852198,0.028834018315852198,-0.028834018315852198,0.7693278534731822,-0.028834018315852198,-0.028834018315852198,-0.028834018315852198,-0.028834018315852198,0.028834018315852198,-0.14541318749139343,0.03979371687123595,0.3489867086400812,3.668125701544088,-0.8256038692803989,0.13522580136207363,0.8850141442732034,0.5832697837237795,-1.0823919134285094
R756,2021-06-09,3633,2018-04-11,2021-04-12,242,756,756,0.02756758515120223,0.02756758515120223,-0.02756758515120223,0.7696586139040068,-0.02756758515120223,-0.02756758515120223,-0.02756758515120223,-0.02756758515120223,0.03736829003757763,-0.2087884671323676,0.20215935379425284,0.08444844484297682,3.791897112796047,-0.7034872866536618,-0.30132044004856084,0.529893306068858,0.12589134764118393,-1.1355515538724943
R756,2021-07-09,3654,2018-05-10,2021-05-11,263,756,756,0.02699195728595534,0.02699195728595534,-0.02699195728595534,0.7316642399614067,-0.02699195728595534,-0.02699195728595534,-0.02699195728595534,-0.02699195728595534,0.0793920590369058,-0.21426648176266042,0.06945685921183596,0.0873153271246699,3.7106750066699012,-0.749283614165509,-0.3429870678345762,0.35824043948475204,-0.028085571589083497,-1.2941322787222092
R756,2021-08-09,3675,2018-06-11,2021-06-10,284,756,756,0.027149451056408553,0.027149451056408553,-0.027149451056408553,0.7498296955911791,-0.027149451056408553,-0.027149451056408553,-0.027149451056408553,-0.027149451056408553,0.060124147013961016,-0.19515415388291316,0.006136355876299789,0.0597878269098021,3.7618595088101565,-0.6514769054913245,-0.32331228633023135,0.2528260361424588,-0.18205368264161342,-1.2214562161461047
R756,2021-09-08,3696,2018-07-11,2021-07-12,305,756,756,0.028468574858307925,0.028468574858307925,-0.028468574858307925,0.7722514011335365,-0.028468574858307925,-0.028468574858307925,-0.028468574858307925,-0.028468574858307925,0.028468574858307925,-0.2161954104008452,0.12772233181942805,-0.07743196278232421,3.712645100701878,-0.49111037297260185,-0.5184943363535256,0.0858351744151048,-0.47563286000931215,-0.7241427732564495
R756,2021-10-07,3717,2018-08-09,2021-08-10,326,756,756,0.03153877835517496,0.03153877835517496,-0.03153877835517496,0.7476897731586002,-0.03153877835517496,-0.03153877835517496,-0.03153877835517496,-0.03153877835517496,0.03153877835517496,-0.18250200515439777,0.1061011818661698,-0.0749210816020895,3.370699856343413,-0.4545780106881993,-0.5599525252344458,0.1375688741777143,-0.5722937913755763,-0.713323908320644
R756,2021-11-05,3738,2018-09-10,2021-09-09,347,756,756,0.036001518798854285,0.036001518798854285,-0.036001518798854285,0.7119878496091656,-0.036001518798854285,-0.036001518798854285,-0.036001518798854285,-0.036001518798854285,0.036001518798854285,0.008209963939442934,0.023865710147775783,0.06783619961619064,2.977660591452114,-0.4435552912445694,-0.4995807465072338,0.4517032640654611,-0.6411766155375368,-0.6944380904929702
R756,2021-12-07,3759,2018-10-09,2021-10-08,368,756,756,0.03482982271295688,0.03482982271295688,-0.03482982271295688,0.7213614182963449,-0.03482982271295688,-0.03482982271295688,-0.03482982271295688,-0.03482982271295688,0.03482982271295688,0.23791000299614382,0.06832511556372799,0.16930644203300443,3.0711027565121505,-0.48107729570082797,-0.47596046299211003,0.632401549937588,-0.7438787830869047,-0.35112821416466516
R756,2022-01-06,3780,2018-11-07,2021-11-08,389,756,756,0.033625455902943344,0.033625455902943344,-0.033625455902943344,0.730996352776453,-0.033625455902943344,-0.033625455902943344,-0.033625455902943344,-0.033625455902943344,0.033625455902943344,0.24694931264952727,0.07604430592277571,0.06511887571713439,3.173937373180616,-0.3416547013525212,-0.6789607345354304,0.7056824502202449,-0.9591552849769079,-0.35140044571126644
R756,2022-02-07,3801,2018-12-10,2021-12-08,410,756,756,0.03335807818606993,0.03335807818606993,-0.03335807818606993,0.6785224827633705,-0.03335807818606993,-0.03335807818606993,-0.03335807818606993,-0.08797096993414008,0.03335807818606993,0.29948229996597997,0.25075447203043105,-0.21457477988635965,3.0340574747100275,-0.16190334762018618,-1.009315044532543,0.754258087910703,-1.2637171405482108,-0.47222883971819307
R756,2022-03-09,3822,2019-01-10,2022-01-07,431,756,756,0.03340064909256457,0.03340064909256457,-0.03340064909256457,0.5878307994118667,-0.03340064909256457,-0.08089197723180627,-0.03340064909256457,-0.13087332880093952,0.03340064909256457,0.4814770378901203,0.5724015688737899,-0.5050185958169824,2.7599382508489203,-0.15613796673891078,-1.242186841961146,0.5326590349873943,-1.3918286990119413,-0.9634726410585894
R756,2022-04-07,3843,2019-02-11,2022-02-08,452,756,756,0.03762274158062322,0.03762274158062322,-0.03762274158062322,0.5316723542258466,-0.03762274158062322,-0.10921606671038711,-0.03762274158062322,-0.1333751295800271,0.03762274158062322,0.48135732740886583,0.6301228671056787,-0.5842558058911091,2.413167493619532,-0.18119944789228268,-1.290292685014312,0.44823463736865526,-1.3545066732954918,-1.0485465651440244
R756,2022-05-09,3864,2019-03-13,2022-03-10,473,756,756,0.03558420572356196,0.03558420572356196,-0.03558420572356196,0.47286599692946446,-0.03558420572356196,-0.12961219179104796,-0.03558420572356196,-0.1840165769381157,0.03558420572356196,0.6233749032678213,0.7661358475608959,-0.7126955635130487,2.328864835716588,-0.29918866794486765,-1.3642407892927217,0.3150864868475982,-1.5171299265962532,-0.7957352602844008
R756,2022-06-08,3885,2019-04-11,2022-04-08,494,756,756,0.027428628153004297,0.027428628153004297,-0.027428628153004297,0.452689588442815,-0.027428628153004297,-0.1605487038520035,-0.027428628153004297,-0.22218993878715565,0.027428628153004297,0.7169467878768893,0.8596893817021649,-0.805304900614501,2.650427377984747,-0.32078108363114477,-1.585332605613447,-0.009461607482929997,-1.8100658098819968,-0.7865789748884675
R756,2022-07-11,3906,2019-05-13,2022-05-10,515,756,756,0.02599939904092588,0.02599939904092588,-0.02599939904092588,0.4441322632519274,-0.02599939904092588,-0.1872005423581061,-0.02599939904092588,-0.21267080014441112,0.02599939904092588,0.5434717822966372,0.7332662573344654,-0.7845959258053118,2.7082404964546103,-0.2811841826882918,-1.7200187283691908,-0.17483834903173415,-1.8179835226562129,-0.9553264362003411
R756,2022-08-09,3927,2019-06-12,2022-06-09,536,756,756,0.03208505049783573,0.03208505049783573,-0.03208505049783573,0.4977781761529381,-0.03208505049783573,-0.205660941684133,-0.03208505049783573,-0.10405057917591434,0.03208505049783573,0.32303312708947673,0.5187400654776827,-0.7274508164487881,2.5514333573715753,-0.3057239557277383,-1.6409868100348033,0.27576117681930945,-1.3242961365541033,-0.6366518058578157
R756,2022-09-08,3948,2019-07-12,2022-07-12,557,756,756,0.038515657416948644,0.038515657416948644,-0.038515657416948644,0.49334934619956744,-0.038515657416948644,-0.206761984038329,-0.038515657416948644,-0.06879472526041162,0.038515657416948644,0.09732550524915635,0.19666113620971087,-0.4847192163384757,2.2809059465319454,-0.46948880956953,-1.5368257947671544,0.7143596113220966,-1.1786149578486458,-0.6634909719697337
R756,2022-10-07,3969,2019-08-12,2022-08-10,578,756,756,0.041984022980072984,0.041984022980072984,-0.041984022980072984,0.4442096608559744,-0.041984022980072984,-0.192696750779752,-0.041984022980072984,-0.11118945048383566,0.041984022980072984,0.32704450918834926,0.27311561693951364,-0.4187363058651236,2.0580445353386243,-0.7592877295817237,-1.458976384590901,0.855685876128296,-1.2648375324504035,-0.6091379517000644
R756,2022-11-07,3990,2019-09-11,2022-09-09,599,756,756,0.042029992390757415,0.042029992390757415,-0.042029992390757415,0.4293851882930295,-0.042029992390757415,-0.18796970119083212,-0.042029992390757415,-0.13046515617159363,0.042029992390757415,0.7536756333805806,0.5928684745695296,-0.5227695204175472,2.021616145682323,-1.0456151434092638,-1.447227540379397,0.8028354631233071,-1.310409659270563,-0.37150980709183284
R756,2022-12-07,4011,2019-10-10,2022-10-10,620,756,756,0.03729082573179982,0.03729082573179982,-0.03729082573179982,0.392597677522932,-0.03729082573179982,-0.20880746044662793,-0.03729082573179982,-0.17484990763964103,0.03729082573179982,0.9448378824559297,0.7418175670546521,-0.6549852152747373,2.05279963588509,-1.0033078082269613,-1.5599432470291668,0.3694578159463484,-1.4688818340928758,-0.3403410827291342
R756,2023-01-09,4032,2019-11-08,2022-11-08,641,756,756,0.029967952373672023,0.029967952373672023,-0.029967952373672023,0.3722694191302336,-0.029967952373672023,-0.23152469305073037,-0.029967952373672023,-0.2163981735770038,0.029967952373672023,1.0752226137718284,0.9370979272854527,-0.9146116213178591,2.24222507593574,-0.7524285223379946,-1.7725742825663777,0.2627452509040206,-1.7220986301590555,-0.6017791047876454
R756,2023-02-08,4053,2019-12-10,2022-12-08,662,756,756,0.026376576931799293,0.026376576931799293,-0.026376576931799293,0.3641500893272571,-0.026376576931799293,-0.2704263141672749,-0.026376576931799293,-0.2071641349146721,0.026376576931799293,0.8006713003866511,0.7972234959414238,-0.8710315977634351,2.3805813023760565,-0.706791346283948,-2.025251740840003,0.15950967063306407,-1.7854094769398126,-0.6005299744773831
R756,2023-03-10,4074,2020-01-10,2023-01-10,683,756,756,0.024539056623548345,0.024539056623548345,-0.024539056623548345,0.37338239996635986,-0.024539056623548345,-0.3089569791388279,-0.024539056623548345,-0.17042628115352215,0.024539056623548345,0.3878671905653039,0.48468617459984814,-0.6350797625319442,2.5215841655789326,-0.7463264414831584,-2.259041795609797,0.2315973639450555,-1.694510321924831,-0.7865949020578451
R756,2023-04-11,4095,2020-02-11,2023-02-09,704,756,756,0.021666256220351805,0.021666256220351805,-0.021666256220351805,0.3553302785499305,-0.021666256220351805,-0.32216284952556135,-0.021666256220351805,-0.1925093346023975,0.021666256220351805,0.3519311443915161,0.4640162069527791,-0.619620113443278,2.6400169689498894,-0.6710572511997539,-2.4869336273377196,0.17448050379280083,-1.888521453104424,-0.6355936235790633
R756,2023-05-10,4116,2020-03-12,2023-03-13,725,756,756,0.020231274818338352,0.020231274818338352,-0.020231274818338352,0.32255192283276857,-0.020231274818338352,-0.3454823371893687,-0.020231274818338352,-0.21057809106783262,0.020231274818338352,0.35165037763323176,0.4966795270061872,-0.6998538256901322,2.5943232728982357,-0.5312644329377291,-2.707664693854147,0.16805119787892267,-2.0408542860430976,-0.17943505358397882
R756,2023-06-09,4137,2020-04-13,2023-04-12,746,756,756,0.020189411398120315,0.020189411398120315,-0.020189411398120315,0.2907841171213816,-0.020189411398120315,-0.3815899880096135,-0.020189411398120315,-0.20648942648028298,0.020189411398120315,0.4281000882689292,0.8457602646176068,-0.9358561148758395,2.4402803102444794,-0.342701257195685,-2.890050088558503,0.030046380372165827,-2.022761002826995,-0.108129156348408
R756,2023-07-12,4158,2020-05-12,2023-05-11,756,756,756,0.020162064509119764,0.020162064509119764,-0.020162064509119764,0.2661134288740547,-0.020162064509119764,-0.4009645102619375,-0.020162064509119764,-0.21194967380928917,0.020162064509119764,0.590977477876051,1.0150685989429162,-1.0554625928367887,2.3198719245922734,-0.27734043245021295,-2.9887076052185635,0.012089694683476114,-2.05123001522696,-0.1181308099797761
R756,2023-08-10,4179,2020-06-11,2023-06-12,756,756,756,0.019248363846181695,0.019248363846181695,-0.019248363846181695,0.23277814681081604,-0.019248363846181695,-0.4169872801052253,-0.019248363846181695,-0.2347443900068685,0.019248363846181695,0.34883118211153136,0.7965357613427714,-0.9325477946509775,2.209339914140247,-0.1375308677529506,-3.1663518179387657,0.05455097626187297,-2.2195550327433926,-0.21451491360390468
R756,2023-09-11,4200,2020-07-13,2023-07-13,756,756,756,0.018951731696728865,0.018951731696728865,-0.018951731696728865,0.20979718906488634,-0.018951731696728865,-0.42285449243924245,-0.018951731696728865,-0.25363792831549803,0.018951731696728865,0.2647272403092947,0.7408476122998404,-0.9870394471574361,2.107008016059546,0.012212343736671322,-3.231218229583889,-0.07327084115355399,-2.338336424208015,-0.2579410274652059
R756,2023-10-10,4221,2020-08-11,2023-08-11,756,756,756,0.017638065636520286,0.017638065636520286,-0.027090930181026235,0.20018398001044516,-0.017638065636520286,-0.41937385043332376,-0.017638065636520286,-0.2651609111926036,0.017638065636520286,0.34019760925235265,0.8611621951365924,-1.1535935444356973,2.1349542752350157,-0.013633594053248795,-3.377663509568727,-0.22480747265428586,-2.5033446221198874,-0.32422587108368744
R756,2023-11-08,4242,2020-09-10,2023-09-12,756,756,756,0.015509624907343708,0.015509624907343708,-0.04896043937467671,0.19283947055330533,-0.015509624907343708,-0.4167285864345586,-0.015509624907343708,-0.2639233791007409,0.015509624907343708,0.30105319832871524,0.9403156715480518,-1.3156777785869873,2.2433535414644172,-0.06261085115615327,-3.6869030613192995,-0.3622775124962908,-2.7016748030816324,-0.24418043529545214
R756,2023-12-08,4263,2020-10-09,2023-10-11,756,756,756,0.01311828340830227,0.03805863528686272,-0.07434901031558137,0.19955702123059046,-0.01311828340830227,-0.3647799569543433,-0.01311828340830227,-0.270782242579413,0.01311828340830227,0.6095331840897213,1.2901190201667412,-1.5667586832933305,2.5212129134540215,-0.0018998948574556955,-3.780698858232337,-0.3498557953599439,-3.0641591140502498,-0.19613536993752453
R756,2024-01-10,4284,2020-11-09,2023-11-09,756,756,756,0.012687273929553109,0.05490068493684433,-0.09684951898827984,0.1993192542832739,-0.012687273929553109,-0.34295770661037667,-0.012687273929553109,-0.255223739463013,0.012687273929553109,0.8778183121172249,1.432722468527785,-1.7633595642849909,2.571017189271759,0.16055547984814839,-3.7031630948828806,-0.24259040280070865,-3.0116515248284146,0.031057537908468616
R756,2024-02-09,4305,2020-12-09,2023-12-11,756,756,756,0.011410246623616194,0.055958230355999866,-0.11937118324355181,0.17409570961823687,-0.011410246623616194,-0.32571307569078095,-0.011410246623616194,-0.27922081459696585,0.011410246623616194,0.8823321635041063,1.4904208664533256,-2.0461753122538564,2.5257839322938453,0.4776228360765174,-3.8545664825214296,-0.43070754482178664,-3.4471058672741797,0.12908827065937414
R756,2024-03-12,4326,2021-01-11,2024-01-11,756,756,756,0.026262824040961825,0.08204989684206712,-0.1435744820053462,0.1680326423060813,-0.009723295417712767,-0.2819299129033206,-0.009723295417712767,-0.26898035564908485,0.009723295417712767,1.2701020889802368,1.84384864716337,-2.4766031045791217,2.7281449867292835,0.6575036022293382,-3.899530465666337,-0.7382851847571154,-3.7663497208887406,0.3985294290427528
R756,2024-04-11,4347,2021-02-10,2024-02-12,756,756,756,0.08105570444114858,0.09719669255835613,-0.13808469810578922,0.15938240345144752,-0.008767350181162356,-0.2495018815336244,-0.008767350181162356,-0.24847656936614715,0.008767350181162356,1.9245177022278173,2.1086210833370638,-2.5749878270230364,2.8179084918257136,0.7158786704016427,-3.845807186642407,-0.7279080641510318,-3.834112522390485,0.847316233121748
R756,2024-05-10,4368,2021-03-12,2024-03-13,756,756,756,0.11523903667998152,0.0996357863489843,-0.1345434028176809,0.13242531367842353,-0.008664151696427251,-0.244002627477461,-0.008664151696427251,-0.24816137790818724,0.008664151696427251,2.330067163153451,2.149977399288497,-2.5528745055694397,2.5284279213743504,0.7180997275198966,-3.81623217167444,-0.9069252860935342,-3.864231682491421,0.9683375923226739
R756,2024-06-11,4389,2021-04-13,2024-04-12,756,756,756,0.128612151089961,0.09577952721933457,-0.13117045780729797,0.12341364200593113,-0.00921513445576025,-0.2342422812130249,-0.00921513445576025,-0.25913653729716984,0.00921513445576025,2.3956622305121913,2.0393719991732095,-2.4234242423376164,2.339249498728551,1.0026083169054305,-3.541930151291535,-0.7364115548438186,-3.812075488873494,0.9702514300952713
R756,2024-07-12,4410,2021-05-12,2024-05-13,756,756,756,0.11823497896696504,0.11101448176390376,-0.1300369930067439,0.10934810749150618,-0.05336887636424952,-0.22079975709625313,-0.008181759265244028,-0.23186157779684,0.017153468248294522,2.44510459344881,2.3568534365890152,-2.5893524704294197,2.3364864932657583,1.6522909637656975,-3.698683130829902,-0.6512905466672652,-3.8338841351857416,1.2096550105203188
R756,2024-08-12,4431,2021-06-11,2024-06-12,756,756,756,0.1294386924175838,0.12538431034722916,-0.1358415585745049,0.07618396615719435,-0.07971487917661617,-0.22810297308430658,-0.008562561385583816,-0.20820849747139744,0.008562561385583816,2.511681920733563,2.4643318126551472,-2.5864593835579597,1.8897333721362857,1.9309700168786705,-3.6639572297647707,-0.49061561023689826,-3.4316146547216992,1.0879119828701886
R756,2024-09-11,4452,2021-07-13,2024-07-15,756,756,756,0.14813056577079534,0.1298699259251806,-0.14189782747668583,0.04415506328905766,-0.08659329106580888,-0.23470330500576098,-0.009545561729124767,-0.19555889800846138,0.009545561729124767,2.5518265972638305,2.3605268040845657,-2.4865319768844705,1.4625716593957456,1.907157624905419,-3.4587689196922824,-0.5168038687678397,-3.048689260599357,0.8240629093437929
R756,2024-10-10,4473,2021-08-11,2024-08-13,756,756,756,0.1447199146742158,0.12740746305104736,-0.1412622714874463,0.05562154824927852,-0.09595558485246272,-0.2236037934689368,-0.008975016561055075,-0.19347939109450238,0.008975016561055075,2.6124751825215906,2.419579141546116,-2.5739499813339615,1.6197375555899791,2.069141033887769,-3.491402572327406,-0.6676601968772455,-3.1557552543586342,0.8719619259322037
R756,2024-11-08,4494,2021-09-10,2024-09-12,756,756,756,0.14220230853080035,0.12863279799738614,-0.13751034609833826,0.07106704679202515,-0.09219159112416525,-0.21451563296541643,-0.008815185711053565,-0.19624990506976145,0.008815185711053565,2.6131515908109524,2.4592182424028857,-2.559925685126643,1.8061888781641042,2.0458269870430987,-3.4334783179488815,-0.7945779593752833,-3.226270795675685,1.026828914309288
R756,2024-12-10,4515,2021-10-11,2024-10-11,756,756,756,0.14420491984830644,0.12874832719426632,-0.12911060657694234,0.07189653902567951,-0.08781294775920803,-0.21356918077463533,-0.009365964499700983,-0.2059255498215601,0.009365964499700983,2.5396697249163216,2.374640350156962,-2.378508391539006,1.7676362538847428,1.9375750651415724,-3.280268954483585,-0.6446290434956643,-3.198658235658853,1.0560283716432626
R756,2025-01-13,4536,2021-11-09,2024-11-11,756,756,756,0.16039817792345487,0.12585504096208822,-0.11663257821102797,0.07404805639276314,-0.05813750456379168,-0.2210088107290745,-0.010126829497969973,-0.21616776507846588,0.017625236641363784,2.583893339525548,2.2427881894063404,-2.1517185930148046,1.7312067059844034,1.574093842257796,-3.182408726970055,-0.6901648507961302,-3.1346045682096153,1.1740449628869227
R756,2025-02-12,4557,2021-12-09,2024-12-11,756,756,756,0.17143024455488204,0.1242798796912715,-0.10157757954397906,0.10405643621828099,-0.01906520177674181,-0.22738897306615244,-0.010908907244850802,-0.23038387065899063,0.010908907244850802,2.5714703655198843,2.139251410813249,-1.9311434891145993,1.9538667245282288,1.1747672919828054,-3.0844340130720616,-0.759929315304073,-3.1118877032136827,1.069031114398417
R756,2025-03-14,4578,2022-01-10,2025-01-14,756,756,756,0.1523055912466863,0.11316518785159417,-0.09381569474612286,0.11246158313164883,-0.03910014400509079,-0.19223056051908582,-0.01021081281247673,-0.21769284012586046,0.06901758556143388,2.491610844736886,2.1082877526979646,-1.918787725023107,2.1013969719847427,1.3829288101072013,-2.882617613792672,-0.9125695673161036,-3.131983458357582,1.675926459812292
R756,2025-04-14,4599,2022-02-09,2025-02-13,756,756,756,0.1273394750631556,0.104446184911823,-0.09846842055497954,0.10477863163399644,-0.07920968659019584,-0.1876706580862572,-0.013538649046421075,-0.20891046408050992,0.07563783003266145,2.413626710188689,2.1594826874810975,-2.0931220608344367,2.1631732599916718,1.8793261368011867,-3.083377953755857,-1.1502958599632944,-3.3191662437406406,1.8396740820696198
R756,2025-05-14,4620,2022-03-11,2025-03-17,756,756,756,0.12983599902455414,0.0998952027722512,-0.09234286611872837,0.09797604722063957,-0.10179013725907363,-0.18330156817079377,-0.009112690547469535,-0.2069755733537449,0.07876991553274486,2.483466938082095,2.1413724367585916,-2.055081717582565,2.119444744660546,2.1630233862806962,-3.0943483943043324,-1.1041188518262006,-3.364840432296434,1.9000012807406943
R756,2025-06-13,4641,2022-04-11,2025-04-15,756,756,756,0.13776610067897707,0.07469165161503548,-0.05946065485485144,0.10962986880048246,-0.09056390492164906,-0.183989552639032,-0.010247356683995111,-0.22970860762211878,0.10394230218385846,2.344406220329461,1.7288870087999673,-1.5802535882030961,2.0698355896180374,1.8837782046085776,-2.795483052974989,-0.5695605810238972,-3.241637670140734,2.014332821518756
R756,2025-07-16,4662,2022-05-11,2025-05-15,756,756,756,0.14084039288881323,0.0393982037338313,-0.012214587399195785,0.12201707270834218,-0.05799301562999806,-0.1851188333640957,-0.012214587399195785,-0.29335905885998,0.13684424801654796,2.153050760421807,1.3225504263568109,-1.0395673889457702,1.9989455126120417,1.4747848923150393,-2.515555354545042,-0.3140542010362669,-3.4017107518449206,2.120334592927452
R756,2025-08-14,4683,2022-06-10,2025-06-16,756,756,756,0.1337854474660473,0.036964398682722305,-0.011655456714896258,0.093398507256245,-0.05771643155298888,-0.17950131591101648,-0.011655456714896258,-0.36529107858566723,0.11003190711552024,2.147835307861105,1.3171424302531187,-0.8157236272932014,1.801328592614282,1.4951880734044887,-2.5400624814779227,-0.3709645611811955,-4.13407777593826,1.9440377138966503
R756,2025-09-15,4704,2022-07-13,2025-07-17,756,756,756,0.12463262927946811,0.04077657303331442,-0.010812225912582258,0.1094219521735162,-0.06999990015066955,-0.17926444932858882,-0.010812225912582258,-0.3456870094463789,0.1085930347628995,2.1527009358399765,1.3771339348899698,-0.8454964190789658,2.0120205872333945,1.6474143318556655,-2.6579791319378336,-0.44401072967774247,-4.197186335554649,2.004354104704093
R756,2025-10-14,4725,2022-08-11,2025-08-15,756,756,756,0.12461014206338611,0.02415908329098558,-0.011838911402866522,0.12696299965115834,-0.08107592408345261,-0.15636203272299837,-0.011838911402866522,-0.36284133977667615,0.1003106556056099,2.0525472978302264,1.2040650737967007,-0.6399926480551144,2.0724212330908833,1.6848258368064308,-2.320746708900439,-0.4423502875191592,-4.064820129398235,1.8472962774374844
R756,2025-11-12,4746,2022-09-12,2025-09-16,756,756,756,0.13619860447613705,0.01490440229038238,-0.01490440229038238,0.1035878484288991,-0.07879679198175155,-0.1010210212502862,-0.01490440229038238,-0.4479507652222174,0.0877317617695616,1.9138146020389175,0.981027564462836,-0.35194740705154437,1.6950151130565163,1.5286813281509324,-1.6777931733329137,-0.13451462471422196,-4.0054929845209175,1.5886298562014378
R756,2025-12-12,4767,2022-10-11,2025-10-15,756,756,756,0.12654619880999274,0.01811007478392145,-0.01811007478392145,0.08488630086331612,-0.07097010577246392,-0.08043826122252577,-0.01811007478392145,-0.482064983043475,0.10076392593646219,1.6987613266088963,0.9129707572427718,-0.2733484041911603,1.4687241873715517,1.3918819034114251,-1.4441630538927468,0.12613396723303943,-3.661860808390828,1.5563970725616372
R756,2026-01-14,4788,2022-11-09,2025-11-13,756,756,756,0.11859104299311923,0.021375515033306883,-0.021375515033306883,0.04918151579909731,-0.04992048404575651,-0.06638879781170616,-0.021375515033306883,-0.47901369321919,0.17277792103121015,1.5547985291036643,0.8604679761936744,-0.12518556448054308,1.2300834189139476,1.2335404970030965,-1.3105833834097589,0.2908580808774814,-3.2409457384900473,1.8082982831617913
R756,2026-02-13,4809,2022-12-09,2025-12-15,756,756,756,0.20168784001459533,0.03636769289397757,-0.017758113731220944,0.017758113731220944,-0.0912338956658666,-0.06528086289561909,-0.017758113731220944,-0.3954220698034111,0.15673329753286744,2.13575035652578,1.2047947965894525,-0.2279181520648575,0.8857362815472641,1.5137589332219796,-1.3676114697973092,0.33535609793123955,-3.2267121147456703,1.8826010459506803
R756,2026-03-17,4830,2023-01-11,2026-01-15,756,756,756,0.2567999025109954,0.0992065995016238,-0.014054260520025319,0.014054260520025319,-0.10251510122145428,-0.07154996317447579,-0.014054260520025319,-0.3102181374885921,0.11754751454278259,2.827203232394135,1.7058827418224427,-0.5425269062005593,0.5375269088321435,1.7294236582236744,-1.5090980281212754,-0.028205403923235898,-3.207288935953446,1.83638348937174
R756,2026-04-16,4851,2023-02-10,2026-02-17,756,756,756,0.26717695294205035,0.10239493745418236,-0.014564590440734364,0.014564590440734364,-0.10155629143938766,-0.06580962627595391,-0.014564590440734364,-0.29407102421906894,0.1252973963471535,2.8344281909555638,1.7030402802663327,-0.5195389281655192,-0.006360838106963554,1.6972821642505938,-1.4518467343365662,-0.01732920576406165,-3.0190820017609883,1.8602878114356085
R756,2026-05-15,4872,2023-03-14,2026-03-18,756,756,756,0.3341670832801997,0.09235678414966315,-0.018594969974052307,0.018594969974052307,-0.113876725283897,-0.04097975824072108,-0.018594969974052307,-0.32851020815126497,0.03432453097209714,2.7970832098492298,1.4966761671491762,-0.24841494187436577,-0.516617305279956,1.6124060724099165,-1.220380878796281,0.11288474791800897,-2.7666616757632463,1.1845904081587337
R756,2026-06-16,4893,2023-04-13,2026-04-17,756,756,756,0.3458874674645674,0.07483235276923299,-0.01882934420051939,0.01882934420051939,-0.11389025131707622,-0.03967937088803978,-0.01882934420051939,-0.35039318075900605,0.01882934420051939,2.8369597144813277,1.3974241055467498,-0.1367734783958574,-0.5707256111729968,1.6048551139339982,-1.2107315606187987,0.2714057297163209,-2.8608889243701903,0.8088851543055882
R756,2026-07-17,4914,2023-05-12,2026-05-18,756,756,756,0.3465262519713425,0.10771401413087592,-0.017651341386148947,0.017651341386148947,-0.1305568967175765,-0.05890623396837616,-0.017651341386148947,-0.28569123766723303,0.017651341386148947,2.9631723413568025,1.610231323356532,-0.2705430253328513,-0.45139024255044446,1.7396429192629228,-1.333721005558252,0.2261676103639105,-2.6185242323363354,0.8944934958466406
EXP,2007-01-03,0,,,0,0,0,0.11111111111111113,0.11111111111111113,-0.11111111111111113,0.11111111111111113,-0.11111111111111113,-0.11111111111111113,-0.11111111111111113,-0.11111111111111113,0.11111111111111113,,,,,,,,,
EXP,2007-02-02,21,,,0,0,0,0.11111111111111113,0.11111111111111113,-0.11111111111111113,0.11111111111111113,-0.11111111111111113,-0.11111111111111113,-0.11111111111111113,-0.11111111111111113,0.11111111111111113,,,,,,,,,
EXP,2007-03-06,42,2007-01-03,2007-01-04,0,2,2,0.11111111111111113,0.11111111111111113,-0.11111111111111113,0.11111111111111113,-0.11111111111111113,-0.11111111111111113,-0.11111111111111113,-0.11111111111111113,0.11111111111111113,,,,,,,,,
EXP,2007-04-04,63,2007-01-03,2007-02-05,0,23,23,0.00804853563832676,0.017841194011597634,-0.04930938843072509,0.4280548455969548,-0.1887586023739623,-0.1500409014440701,-0.0811675631920064,-0.0015329748883658883,0.07524599442399102,1.5250272329578922,-2.16382819751313,4.216581615585865,28.923147916222568,-13.313222076010268,-10.787564204917265,-6.294774481174243,,5.908494913716513
EXP,2007-05-04,84,2007-01-03,2007-03-07,0,44,44,0.02805501011709818,0.0017338425145275043,-0.03621730996003779,0.17857894826260456,-0.5702918683657597,-0.02359671838353086,-0.09886327592374428,-0.0017338425145275043,0.06092918395816956,2.6180829505581453,-0.12992741754708453,3.0888465738139717,11.299606034938517,-33.89179170469078,-2.3609493472341856,-6.701975530960254,,4.514112928230601
EXP,2007-06-05,105,2007-01-03,2007-04-05,0,65,65,0.003524621628421171,0.003524621628421171,-0.12232622674934794,0.3956006881034952,-0.18813845893900427,-0.042392174510382824,-0.147935988389384,-0.003524621628421171,0.0930325984231222,0.07755764540328748,0.21012365411923453,4.470620101827586,12.223919325510742,-6.337834206711134,-2.2027439816106473,-5.197216154962168,,3.6395059734339625
EXP,2007-07-05,126,2007-01-03,2007-05-07,0,86,86,0.005062238106644982,0.009392528785035874,-0.18224903697884812,0.4471671276244325,-0.19120064194346173,-0.06938136032855499,-0.047751640581958826,-0.005062238106644982,0.04273318754441777,-0.8979177371318036,1.1855410312033072,4.6001672212853375,9.833387885043486,-4.776998195570471,-2.370566908685727,-1.943291081454215,,1.844156016452955
EXP,2007-08-03,147,2007-01-03,2007-06-06,0,107,107,0.004635906298901128,0.026445490677903877,-0.25746885718722007,0.2496881098175972,-0.2435971214513698,-0.05158095754168503,-0.15731174442752052,-0.004635906298901128,0.004635906298901128,-0.41404307860425354,1.5704492061060937,6.553797695355689,6.385961098410941,-6.254573879310521,-2.112640209184373,-4.393333132397626,,1.0010126355494893
EXP,2007-09-04,168,2007-01-03,2007-07-06,0,128,128,0.007092908192895103,0.06386654013339818,-0.08831172422230284,0.42913745145318966,-0.22963854010350554,-0.007092908192895103,-0.1312834749055559,-0.007092908192895103,0.03648354460336257,0.09934413901181946,1.9004281233665576,2.2450707357352213,7.050232708257136,-4.2375794788029575,-0.8354102719361824,-2.8509118028210385,,1.5143665138639153
EXP,2007-10-03,189,2007-01-03,2007-08-06,0,149,149,0.017904913575225577,0.2098765492622835,-0.0507946712308467,0.2964305893267081,-0.13235953346071488,-0.017904913575225577,-0.07296908321054044,-0.017904913575225577,0.18385483278322962,0.3608104581779007,2.1721729254961755,1.2836912393764892,2.6555823521922446,-1.7392358131449253,-0.03439928941643982,-1.407536640174043,,2.0268401018010125
EXP,2007-11-01,210,2007-01-03,2007-09-05,0,170,170,0.018891155247455032,0.2420700099246364,-0.11509783301695523,0.14695839625252677,-0.22597863718740493,-0.01535002457111672,-0.01535002457111672,-0.01535002457111672,0.20495389465767155,1.1230692182929887,2.577000797641236,1.7498218161391634,1.9573821564367404,-2.472171175625453,0.4298843906328191,-0.9551936206916679,,2.3352023881663473
EXP,2007-12-03,231,2007-01-03,2007-10-04,0,191,191,0.05779741521530455,0.25765759410280253,-0.014454981986604271,0.16852953291794093,-0.2629761271620527,-0.014454981986604271,-0.04419258763685176,-0.014454981986604271,0.16548179700523466,1.3998442562492752,2.7824829829714015,0.755899972712248,2.1658923758889546,-2.8192767545871598,0.571334830687591,-1.305725650006385,,2.144808047208845
EXP,2008-01-03,252,2007-01-03,2007-11-02,0,212,212,0.09964565133960761,0.2645443550566949,-0.015025254294349253,0.2081528061076931,-0.26154203586551417,-0.015025254294349253,-0.09448913655767298,-0.015025254294349253,0.026550252189769547,1.6631877862931257,2.76066474399828,-0.061717086475642675,2.385352966611526,-2.7406829245071465,0.4602929083495428,-1.6288688011969872,,1.1767041786424517
EXP,2008-02-04,273,2007-01-03,2007-12-04,0,233,233,0.11690374412332924,0.2835661472284317,-0.014774304241748129,0.18206303005086547,-0.24395153292627944,-0.014774304241748129,-0.06147124119919541,-0.014774304241748129,0.06772139174665441,1.7912639553813394,2.919319804090345,-0.42958203908084397,2.2322951190920066,-2.6511879607632514,0.3683564144550431,-1.4160686025775384,,1.458372798059027
EXP,2008-03-05,294,2007-01-03,2008-01-04,0,254,254,0.07045967604735326,0.30694104749339646,-0.01854151332218624,0.16459782582197954,-0.264926804942805,-0.01854151332218624,-0.1189085924057208,-0.01854151332218624,0.01854151332218624,1.3800103843899476,2.6554260817865374,-0.5871535396360194,1.8877259529028116,-2.4288305400929775,0.03653556534073287,-1.6413100718345262,,0.8507332574480538
EXP,2008-04-04,315,2007-01-03,2008-02-05,0,275,275,0.060680115953577425,0.2725100359853168,-0.020154347457461978,0.19182407373159083,-0.24907900758336168,-0.020154347457461978,-0.14528937691630542,-0.020154347457461978,0.020154347457461978,1.301077055864248,2.3521154012080023,-0.6132895565427419,1.9517751648196855,-2.2358574650410836,-0.2258572850111234,-1.7208835573712076,,0.9762368873854593
EXP,2008-05-05,336,2007-01-03,2008-03-06,0,296,296,0.10072310548060039,0.3051690597046357,-0.018918540490145998,0.18307202427214567,-0.29599378828168776,-0.018918540490145998,-0.025012852415449854,-0.018918540490145998,0.03327354837504281,1.5324042070426285,2.613068724110021,-0.6761448841442586,1.9676857703029547,-2.564569890768585,-0.24888566252131045,-1.132213435959704,,1.1758779880106176
EXP,2008-06-04,357,2007-01-03,2008-04-07,0,317,317,0.11361294801695015,0.24027739921558783,-0.016229236999957722,0.19144372929689102,-0.3094576286672682,-0.016229236999957722,-0.016229236999957722,-0.016229236999957722,0.08029134680347207,1.7000510745960893,2.4805218459513148,-0.5841136426108543,2.179622488089796,-2.906790988806648,-0.11565217903854734,-1.0823928000785112,,1.4947327271373338
EXP,2008-07-03,378,2007-01-03,2008-05-06,0,338,338,0.13221295778936512,0.242854795189897,-0.013512724220652021,0.20718908269718658,-0.27769199694681607,-0.013512724220652021,-0.013512724220652021,-0.013512724220652021,0.0860002704941274,1.9784330356368771,2.797230456451798,-0.7805219690343577,2.533288767786228,-3.0550408075553603,-0.05684123485323185,-0.34843139639120524,,1.636439174586941
EXP,2008-08-04,399,2007-01-03,2008-06-05,0,359,359,0.14646136336738386,0.24570571370872277,-0.012207073673635428,0.204200825568695,-0.2557610063277747,-0.011785576801121014,-0.011785576801121014,-0.011785576801121014,0.10030728695042528,2.2427169737967585,3.084800072622257,-1.1035763788198667,2.7326332772212893,-3.170118702238209,-0.07288441596672768,-0.7884978299363017,,1.8511020601120203
EXP,2008-09-03,420,2007-01-03,2008-07-07,0,380,380,0.1194661880158631,0.21850057558069694,-0.01805603373279515,0.24176933915624313,-0.23882648544651683,-0.012488899948244406,-0.012488899948244406,-0.012488899948244406,0.1259146782231518,1.9565789501953432,2.749558219588524,-1.144576654530196,2.9358737771794643,-2.9123100227901917,-0.2981706127215434,-1.073857743153236,,2.008212722857564
EXP,2008-10-02,441,2007-01-03,2008-08-05,0,401,401,0.03473839834289568,0.192294623057887,-0.018048053930192234,0.3467647976907016,-0.1793074203275043,-0.018048053930192234,-0.033745697121174596,-0.018048053930192234,0.15900490166926035,1.1924772525462288,2.0654590450674637,-1.0384913230257888,2.9213417636712933,-1.9935000251054462,-0.5645935571097838,-1.1869769297659405,,1.8810085690361562
EXP,2008-10-31,462,2007-01-03,2008-09-04,0,422,422,0.035857259550843484,0.24455827046926018,-0.07261983277880922,0.2872881435354825,-0.05642538667480739,-0.01557147211669555,-0.06558300164017362,-0.01557147211669555,0.20652516111723263,1.230275334805357,2.5705533082324803,-1.4663645943978996,2.844964569711142,-1.3623638552087105,-0.7848000126712962,-1.4211740620840614,,2.326304665156217
EXP,2008-12-02,483,2007-01-03,2008-10-03,0,443,443,0.06981311030508058,0.23213031023264652,-0.0988358771389199,0.26203736747839307,-0.024492875405751555,-0.013447268170207015,-0.09942615809699042,-0.013447268170207015,0.1863697650018038,1.5191620292049686,2.7262265264177667,-1.7349885187676626,2.9486290015316854,-1.1821401573593702,-0.9753753605121012,-1.7393781163468818,,2.3859303067571287
EXP,2009-01-02,504,2007-01-03,2008-11-03,0,464,464,0.07868213654020294,0.2271999845579619,-0.10799874239014094,0.25783030509810434,-0.02431033437789841,-0.024546990133377283,-0.10762851716669779,-0.01214578274363864,0.1596572069919779,1.6478144570913946,2.8706080073510125,-1.8891871744264925,3.1227969455747355,-1.2001545301033065,-1.202102990408204,-1.886138995225057,,2.3145073509206187
EXP,2009-02-03,525,2007-01-03,2008-12-03,0,485,485,0.03791211545214533,0.17796491106656684,-0.09776917111456641,0.27914063043463055,-0.041074980186024485,-0.039392198243722004,-0.13826319658704958,-0.012027114744635234,0.1764556821706595,1.3152220316934804,2.479697457330314,-1.8129062804375167,3.3209276402650345,-1.3415198163328925,-1.3275282482965678,-2.1495957220223803,,2.46714890409912
EXP,2009-03-05,546,2007-01-03,2009-01-05,0,506,506,0.03149738738170124,0.14224590108264945,-0.11268963675780488,0.2756404560189371,-0.0667267841671735,-0.040335890600677764,-0.14241907691434968,-0.010581552237793355,0.17786331483891302,1.2976632036007376,2.3442819908273966,-2.06496319467497,3.6049151374450745,-1.6305954236926632,-1.381190676889663,-2.3459185733231265,,2.6808811301205098
EXP,2009-04-03,567,2007-01-03,2009-02-04,0,527,527,0.03375512744319453,0.1409401542905144,-0.11862693849550564,0.26618964423313685,-0.08180679378081808,-0.05052931844442004,-0.1291542004845043,-0.00978770186911489,0.1692101209587913,1.3448728608061602,2.4399718767002017,-2.2119999166488014,3.719633758697726,-1.835812071871126,-1.5162531421585836,-2.319555930611767,,2.72880338226008
EXP,2009-05-05,588,2007-01-03,2009-03-06,0,548,548,0.011423760985996526,0.07265697713486266,-0.04486340282987826,0.3209953346376246,-0.11183022634968492,-0.06803655182892966,-0.12852107403813523,-0.011423760985996526,0.2302489112088916,0.7326177599848699,1.636016257902516,-1.392720076031639,3.8098919001466074,-1.9789265241698304,-1.5955705123061505,-2.1250329396393965,,3.0155263357762414
EXP,2009-06-04,609,2007-01-03,2009-04-06,0,569,569,0.011961612351074843,0.011961612351074843,-0.011961612351074843,0.33068204089505815,-0.1418734534063753,-0.0638819724110843,-0.15011340899178652,-0.011961612351074843,0.2656026748913962,0.05750430185601942,0.7030337394863264,-0.5630914664810689,3.764527316130119,-2.18607299118523,-1.5340582066709763,-2.2549596541497827,,3.2204588068558317
EXP,2009-07-06,630,2007-01-03,2009-05-06,0,590,590,0.011180256213601598,0.011180256213601598,-0.011180256213601598,0.3246486796904624,-0.14787165399231864,-0.05471062787841373,-0.16116921062968648,-0.011180256213601598,0.2668788029547125,-0.1623644259211644,0.4048779298574193,-0.4078267503342844,3.9037677982325985,-2.3226141795607687,-1.4893503944198905,-2.441552031997374,,3.3870544454073865
EXP,2009-08-04,651,2007-01-03,2009-06-05,0,611,611,0.010378339997175133,0.010378339997175133,-0.010378339997175133,0.3251407698734183,-0.15225490900055197,-0.05562271214045719,-0.16806757398534192,-0.010378339997175133,0.2574006750115302,-0.09938634820911676,0.45658723829220527,-0.5087147651210344,4.132878379027069,-2.467044913174882,-1.5359499896476418,-2.6194070923778563,,3.4801719261615225
EXP,2009-09-02,672,2007-01-03,2009-07-07,0,632,632,0.010989180657614301,0.010989180657614301,-0.010989180657614301,0.3125572319419473,-0.17651045716836783,-0.040841445489622125,-0.19062448698924023,-0.010989180657614301,0.2355096557803654,-0.29424946848072037,0.24052105782136185,-0.19412280418414046,3.8442268962552664,-2.606220360442117,-1.3716514157160886,-2.734656048785205,,3.1431047784002253
EXP,2009-10-02,693,2007-01-03,2009-08-05,0,653,653,0.011741629295097039,0.011741629295097039,-0.011741629295097039,0.30270865188249235,-0.21027267780591335,-0.02021963017458328,-0.20610125611530822,-0.011741629295097039,0.21373126684131488,-0.559202763175676,-0.041855926240953106,0.1365095993204106,3.5780804714120436,-2.790830493121743,-1.172204637588298,-2.7553037226389874,,2.820286277736283
EXP,2009-11-02,714,2007-01-03,2009-09-03,0,674,674,0.01223156242944689,0.01223156242944689,-0.01223156242944689,0.3481685578707149,-0.2399028956112989,-0.018742742090825375,-0.2056810135930518,-0.01223156242944689,0.1385785411163216,-0.6765491616997992,-0.14458578195244234,0.24093148408497542,3.846476563227246,-2.961343017256278,-1.1532326078449564,-2.681559610879186,,2.1329586217268575
EXP,2009-12-02,735,2007-01-03,2009-10-05,0,695,695,0.01145096526550759,0.01145096526550759,-0.01145096526550759,0.3463024844495232,-0.20836252098408026,-0.044666075970800447,-0.23132797431147334,-0.01145096526550759,0.12353708322209242,-0.6536074500031002,-0.09169930798298961,0.09188641623667612,4.024220896841333,-2.8196066109090947,-1.3900638499475924,-3.0201613483910887,,2.078835542311955
EXP,2010-01-04,756,2007-01-03,2009-11-03,0,716,716,0.011350506036629725,0.011350506036629725,-0.011350506036629725,0.34802786154254156,-0.18644890865410724,-0.04793010004413848,-0.2377879836331067,-0.011350506036629725,0.1344031219795871,-0.6499802864848742,-0.08707820471773596,0.0120316356271416,4.066188066147935,-2.6426484251222777,-1.4222728034279803,-3.094954910959304,,2.1841156821189185
EXP,2010-02-03,777,2007-01-03,2009-12-03,0,737,737,0.01234109420657056,0.01234109420657056,-0.01234109420657056,0.3529947035798276,-0.21786867041045457,-0.015461112382033395,-0.21498706973228984,-0.01234109420657056,0.1493240670691125,-0.6385425806254512,-0.21386251866446487,0.17853356588269004,3.860319333693188,-2.765391842600622,-1.1252815360067643,-2.7420422057699545,,2.209974290526122
EXP,2010-03-05,798,2007-01-03,2010-01-05,0,758,758,0.012720083165120001,0.012720083165120001,-0.012720083165120001,0.35434034691114913,-0.2316403444489981,-0.012720083165120001,-0.20411607562476042,-0.012720083165120001,0.14630281718949242,-0.6472522041674108,-0.30976451642115893,0.25606641310695666,3.7856763380509415,-2.821059983980166,-1.0986501233517918,-2.6046756375341262,,2.150171860437771
EXP,2010-04-06,819,2007-01-03,2010-02-04,0,779,779,0.013689967321828528,0.013689967321828528,-0.013689967321828528,0.39396299064104445,-0.259596900058685,-0.013689967321828528,-0.14259697402121757,-0.013689967321828528,0.1353932986699106,-0.5671186154701218,-0.3851201848605569,0.3885859350959685,3.877749678867926,-2.8962565355781393,-1.0181129584681001,-2.04161661360468,,1.9889965073475904
EXP,2010-05-05,840,2007-01-03,2010-03-08,0,800,800,0.01355601000813616,0.01355601000813616,-0.01355601000813616,0.3789162446820179,-0.2828321055678274,-0.01355601000813616,-0.10505039183585696,-0.01355601000813616,0.1654212078736171,-0.37629961449572163,-0.48483944413171165,0.5960896712139813,3.795190062965406,-3.0863964057128523,-0.713002641380649,-1.7749359271113472,,2.2202794758511777
EXP,2010-06-04,861,2007-01-03,2010-04-07,0,821,821,0.013582584376683639,0.013582584376683639,-0.013582584376683639,0.38520320799767643,-0.2995566840000857,-0.013582584376683639,-0.0763120191272179,-0.013582584376683639,0.17101516699160182,-0.37750843469528117,-0.48807058198410347,0.5936680700939623,3.8360082095932375,-3.2054468847203754,-0.7634419465644593,-1.5618372543167698,,2.25907678722153
EXP,2010-07-06,882,2007-01-03,2010-05-06,0,842,842,0.013278311021808455,0.013278311021808455,-0.013278311021808455,0.39961860963558393,-0.27065456023161616,-0.013278311021808455,-0.08626447494028745,-0.013278311021808455,0.17707080008347031,-0.4333124350435279,-0.44013173141471623,0.3808829144457426,4.00955903939323,-3.0383206854176703,-0.9348735262304363,-1.6496645153032314,,2.3335340601123677
EXP,2010-08-04,903,2007-01-03,2010-06-07,0,863,863,0.01358734516350306,0.01358734516350306,-0.01358734516350306,0.4123532372555965,-0.24488782991113184,-0.01358734516350306,-0.07669996997353791,-0.01358734516350306,0.19812223704221843,-0.4597949274059765,-0.3663608912670402,0.21865918865137057,4.034833017734897,-2.8023228744414657,-1.007931606476347,-1.5644956321530827,,2.4581379560033123
EXP,2010-09-02,924,2007-01-03,2010-07-07,0,884,884,0.013596124906121342,0.013596124906121342,-0.013596124906121342,0.4165948607719489,-0.23076251049627386,-0.014077829722563212,-0.08905571246869064,-0.013596124906121342,0.19512458691603807,-0.47217139565207333,-0.31661906432743303,0.1448180939269923,4.064070561637652,-2.697266773361124,-1.1035429566863202,-1.6550080488639476,,2.4351485313891734
EXP,2010-10-04,945,2007-01-03,2010-08-05,0,905,905,0.013354369820669327,0.013354369820669327,-0.013354369820669327,0.4364621229053195,-0.23631373110300816,-0.022998136676014785,-0.0586055856049403,-0.013354369820669327,0.19220294442803995,-0.4022811839467003,-0.30948197797458143,0.15624552494889268,4.268309390606976,-2.76956108207556,-1.1722143162488974,-1.4388495031359179,,2.4392513237918303
EXP,2010-11-02,966,2007-01-03,2010-09-03,0,926,926,0.012863132303599957,0.012863132303599957,-0.012863132303599957,0.44112291496427547,-0.2582921524808913,-0.018584361208133327,-0.08197314563946567,-0.012863132303599957,0.14857489649283445,-0.33051371990906697,-0.38702787877119305,0.32818824833734583,4.429358452923788,-3.0080035436516814,-1.1444777272712354,-1.6372720400032281,,2.1550444556280692
EXP,2010-12-02,987,2007-01-03,2010-10-05,0,947,947,0.012267025052048752,0.012267025052048752,-0.012267025052048752,0.4369400949615358,-0.2637938329724344,-0.02042259003156498,-0.07909539917695042,-0.012267025052048752,0.15067998264931953,-0.30142664937870495,-0.4320336076879064,0.4609599975075528,4.561907578305314,-3.1504303761764754,-1.1664836416727962,-1.644780611773027,,2.2283335365338153
EXP,2011-01-03,1008,2007-01-03,2010-11-03,0,968,968,0.011997546789859318,0.011997546789859318,-0.011997546789859318,0.4386161742342692,-0.27442911085186233,-0.011997546789859318,-0.07348727111578689,-0.011997546789859318,0.15347970984878506,-0.30308622198017926,-0.5053293857373267,0.6401504383801326,4.655882172553814,-3.2873768751109846,-1.0587917524493375,-1.6125191458132133,,2.279259106357565
EXP,2011-02-02,1029,2007-01-03,2010-12-03,0,989,989,0.012525742282244168,0.012525742282244168,-0.012525742282244168,0.41644792564719996,-0.2982324632727328,-0.012525742282244168,-0.05059415847448824,-0.012525742282244168,0.17209674119435833,-0.34123536299652,-0.6191299649293907,0.7847086906543402,4.324736500746424,-3.380956406036642,-0.8222944066857429,-1.4039214390208863,,2.373944452284585
EXP,2011-03-04,1050,2007-01-03,2011-01-04,0,1010,1010,0.012437999504835854,0.012437999504835854,-0.012437999504835854,0.3830719917348296,-0.30734417215371385,-0.012437999504835854,-0.06349385554809021,-0.012437999504835854,0.18389998303918717,-0.32018098901977127,-0.6396640463192929,0.8293371843829376,4.07985212240837,-3.47100968314253,-0.8079756165642923,-1.5104828595901134,,2.47853344878883
EXP,2011-04-04,1071,2007-01-03,2011-02-03,0,1031,1031,0.011667589243143796,0.011667589243143796,-0.011667589243143796,0.3801422638655905,-0.3059553581697512,-0.011667589243143796,-0.05980837303702439,-0.011667589243143796,0.19575605871191512,-0.22547965540255663,-0.6027883288833652,0.8303371174303584,4.258104617361061,-3.6222671349999676,-0.9617316497566396,-1.512602661875241,,2.677776399498696
EXP,2011-05-04,1092,2007-01-03,2011-03-07,0,1052,1052,0.011140133111962488,0.011140133111962488,-0.011140133111962488,0.3822271265328835,-0.3083211890913437,-0.011140133111962488,-0.060099949979847946,-0.011140133111962488,0.19365106883611263,-0.1559761254055212,-0.5749312110428643,0.8063868161131497,4.431082220395021,-3.767661624799281,-1.067645340705862,-1.5394904116119714,,2.738319164500525
EXP,2011-06-03,1113,2007-01-03,2011-04-05,0,1073,1073,0.010647666295032611,0.010647666295032611,-0.010647666295032611,0.37893223726865516,-0.3039999406206413,-0.019686619369416666,-0.07604682807409917,-0.010647666295032611,0.17874370948705745,-0.1295293887329388,-0.5543078750810964,0.7339019005793553,4.558829012564341,-3.855085163238676,-1.184891400837768,-1.7142112268260776,,2.678712541643474
EXP,2011-07-05,1134,2007-01-03,2011-05-05,0,1094,1094,0.010362975227382732,0.010362975227382732,-0.010362975227382732,0.3820501310234967,-0.2996455458650556,-0.029356655330387355,-0.08129872133116083,-0.010362975227382732,0.16619704554036863,-0.08853689227932388,-0.47666558825704963,0.603648303247798,4.6866838204339425,-3.891501130614339,-1.2832840442657476,-1.78451139317925,,2.6037580124790405
EXP,2011-08-03,1155,2007-01-03,2011-06-06,0,1115,1115,0.009949620991246275,0.009949620991246275,-0.009949620991246275,0.37648158476474064,-0.29934081015402875,-0.02517027004829296,-0.07604170372381637,-0.009949620991246275,0.18316714734413622,0.06212451232978221,-0.4183041020502835,0.6071958222145596,4.783878653226801,-4.008564953553409,-1.2529771744113458,-1.7642673403410867,,2.840945976789343
EXP,2011-09-01,1176,2007-01-03,2011-07-06,0,1136,1136,0.009705277301768659,0.009705277301768659,-0.009705277301768659,0.3687215952361182,-0.29217779201432326,-0.03839422599179746,-0.07412120691012787,-0.009705277301768659,0.1877640706405586,0.07068182689869527,-0.25704122047687894,0.4388177673537084,4.799186605094978,-4.010504315637408,-1.3956015351029756,-1.763720650172667,,2.93465951360649
EXP,2011-10-03,1197,2007-01-03,2011-08-04,0,1157,1157,0.009422573394309179,0.009422573394309179,-0.009422573394309179,0.36649164886105806,-0.27950389566337563,-0.05579567788550239,-0.06584461165045552,-0.009422573394309179,0.19467387236237174,0.05687993736598601,-0.08974641856273258,0.21202430427520028,4.889506969321173,-3.9663222982394997,-1.5921490398705787,-1.6987964847291377,,3.066037208900344
EXP,2011-11-01,1218,2007-01-03,2011-09-02,0,1178,1178,0.008813107967990352,0.008813107967990352,-0.008813107967990352,0.3591442023021059,-0.2657990756094308,-0.06511971627179465,-0.09024368631740333,-0.008813107967990352,0.18444088762730396,0.08077819955754725,-0.05285114352773871,0.15172345718263106,5.0751140642612755,-4.0159516549079655,-1.7388961590884024,-2.0239711875217337,,3.0928018616951305
EXP,2011-12-01,1239,2007-01-03,2011-10-04,0,1199,1199,0.00862516951717018,0.00862516951717018,-0.00862516951717018,0.35768835673670707,-0.265114070070703,-0.07064791084833089,-0.08588838843290322,-0.00862516951717018,0.18616059584267527,0.10104608581329344,-0.12290088715122026,0.19708493297182936,5.147029876046547,-4.07372590814521,-1.8190901142022964,-1.9957878307426267,,3.1583412995197855
EXP,2012-01-03,1260,2007-01-03,2011-11-02,0,1220,1220,0.008829622256064677,0.008829622256064677,-0.008829622256064677,0.35456237581704625,-0.2704546761081012,-0.07365782985323444,-0.07995552177595001,-0.008829622256064677,0.1860511074214093,0.13431797644515797,-0.09364443502434566,0.16585709896130357,5.015600730524039,-4.0630378997508965,-1.8342126958222038,-1.9055372863888045,,3.107124201079146
EXP,2012-02-02,1281,2007-01-03,2011-12-02,0,1241,1241,0.009492172857712367,0.009492172857712367,-0.009492172857712367,0.3482539579696675,-0.27129453389127434,-0.07137854937712769,-0.061309660506642896,-0.009492172857712367,0.2097946068244382,0.06641694466379061,-0.17540778603657906,0.25051145478113973,4.668853940925781,-3.8580867411284894,-1.7519727089581265,-1.6458970082580087,,3.2101852754817948
EXP,2012-03-05,1302,2007-01-03,2012-01-04,0,1262,1262,0.009601851134208042,0.009601851134208042,-0.009601851134208042,0.351564817919828,-0.27140125342804644,-0.056568805156188465,-0.07083570029282964,-0.009601851134208042,0.21122201866627532,-0.07666812076895659,-0.3916540538921019,0.45480415815462066,4.6614274998216265,-3.826551355926969,-1.5891447843286548,-1.7377296242436708,,3.1998051804173993
EXP,2012-04-03,1323,2007-01-03,2012-02-03,0,1283,1283,0.009380258942553118,0.009380258942553118,-0.009380258942553118,0.3552237773365214,-0.2688140949814889,-0.05638589125499755,-0.07096558973994596,-0.009380258942553118,0.21108961091683381,-0.07859370607730237,-0.438904859445741,0.5077887502612413,4.78692933224972,-3.8657427969501565,-1.6011123104417249,-1.7565419054479807,,3.2503601681957353
EXP,2012-05-03,1344,2007-01-03,2012-03-06,0,1304,1304,0.00927223768392534,0.00927223768392534,-0.00927223768392534,0.3564117634614537,-0.2581954157925082,-0.06369221947260106,-0.07466809431910053,-0.00927223768392534,0.2099435562186351,0.08365958390104986,-0.31319147916949874,0.3842088716201293,4.843859223748557,-3.784607390297214,-1.6869131448498136,-1.8052866725854928,,3.2642167228154673
EXP,2012-06-04,1365,2007-01-03,2012-04-04,0,1325,1325,0.009571564328379722,0.009571564328379722,-0.009571564328379722,0.3598747003458146,-0.2581366745769637,-0.0669255334443492,-0.0941963423077785,-0.009571564328379722,0.18258049201157509,0.2541221663015484,-0.15479920571735414,0.202656917598962,4.75983160118127,-3.696912079581261,-1.699212073891775,-1.9841269313573542,,2.9075303236506835
EXP,2012-07-03,1386,2007-01-03,2012-05-04,0,1346,1346,0.009884145687398082,0.009884145687398082,-0.009884145687398082,0.35849780182728047,-0.2647750535889306,-0.06859667599174049,-0.10756905639984515,-0.009884145687398082,0.16102482944261104,0.35812787754641195,-0.04252629397981564,0.061786621477548195,4.626998358435285,-3.6787854202362573,-1.69400713183739,-2.08829897698687,,2.629122379771392
EXP,2012-08-02,1407,2007-01-03,2012-06-05,0,1367,1367,0.010105633803930827,0.010105633803930827,-0.010105633803930827,0.34017316329409486,-0.2733596714700209,-0.060213447880279776,-0.11185872875495151,-0.010105633803930827,0.17397245338492967,0.4241181278082051,0.023183311786821665,0.013411380842431155,4.366173462190728,-3.7050225327152777,-1.5958403901085187,-2.1068947373834326,,2.7215392597865455
EXP,2012-08-31,1428,2007-01-03,2012-07-05,0,1388,1388,0.010094599695125068,0.010094599695125068,-0.010094599695125068,0.3283029923423522,-0.2661122628310348,-0.06172058952222383,-0.12444602881245612,-0.010094599695125068,0.17903972771143295,0.4382627467483824,-0.02045823702163617,0.06393853684404151,4.2522636088372865,-3.6361844042171083,-1.611421863038613,-2.232798056098789,,2.773618896427321
EXP,2012-10-02,1449,2007-01-03,2012-08-03,0,1409,1409,0.010344516022653037,0.010344516022653037,-0.010344516022653037,0.3423854042511134,-0.26515266892719613,-0.06581184112473325,-0.11636060900021075,-0.010344516022653037,0.16891141260613443,0.366992591254091,-0.1387058385866244,0.19554413842169519,4.3098252591164,-3.5632196648596133,-1.6362002918320642,-2.1248530984475,,2.632859500011815
EXP,2012-11-02,1470,2007-01-03,2012-09-04,0,1430,1430,0.010720532331444647,0.010720532331444647,-0.010720532331444647,0.33666819984040125,-0.26360413785144343,-0.07042637491698633,-0.10612838541886009,-0.010720532331444647,0.1802907726465303,0.399813063680649,-0.12324667626746902,0.2006378971746351,4.140405620091381,-3.458871721120228,-1.6569298309041713,-1.9899544363816004,,2.681733397862298
EXP,2012-12-04,1491,2007-01-03,2012-10-03,0,1451,1451,0.010840523104295468,0.010840523104295468,-0.010840523104295468,0.33492978240755694,-0.23612266561320014,-0.09169247952324885,-0.11806417287136928,-0.010840523104295468,0.17582880716744298,0.4621818026020105,-0.0770820832228295,0.1352008188025457,4.089609045479031,-3.178148262233199,-1.8458307651861974,-2.0891003297118322,,2.6219586958656294
EXP,2013-01-04,1512,2007-01-03,2012-11-05,0,1472,1472,0.010787745562795199,0.010787745562795199,-0.010787745562795199,0.3401924269504611,-0.21337521597517206,-0.10183471516182627,-0.1102364740789218,-0.010787745562795199,0.19121018558243813,0.446389878035087,-0.1448240919353049,0.1949826339976166,4.153508070525111,-2.9779407544710823,-1.9439851410014162,-2.021867575919714,,2.7724758566969196
EXP,2013-02-05,1533,2007-01-03,2012-12-05,0,1493,1493,0.011165151136497712,0.011165151136497712,-0.011165151136497712,0.3446519649249493,-0.21183683247759832,-0.09599785990734035,-0.09234469061719601,-0.011165151136497712,0.21050804752692528,0.41005934935922606,-0.24594987255161993,0.323237077687599,4.0868544519591685,-2.8973037613895425,-1.8597990186942779,-1.8270796291805749,,2.885402579449162
EXP,2013-03-07,1554,2007-01-03,2013-01-07,0,1514,1514,0.01128913313846145,0.01128913313846145,-0.01128913313846145,0.34132510952480505,-0.21107403100026284,-0.09800236396276506,-0.08592234650727043,-0.01128913313846145,0.21851961645105072,0.4329584698907601,-0.2414675109513439,0.35174449374850963,4.023483781601701,-2.8697098210414875,-1.8681123941117892,-1.7611066806762847,,2.9356633832811
EXP,2013-04-08,1575,2007-01-03,2013-02-06,0,1535,1535,0.01136956452916648,0.01136956452916648,-0.01136956452916648,0.338276658179522,-0.2196549757105413,-0.10536182923747388,-0.07729497486477373,-0.01136956452916648,0.21393330389102316,0.4958231423745573,-0.18144376985032093,0.3259603087946757,3.975282450895431,-2.9319559262543238,-1.926700657419094,-1.679841120268837,,2.881631467434109
EXP,2013-05-07,1596,2007-01-03,2013-03-08,0,1556,1556,0.011139921983802396,0.011139921983802396,-0.011139921983802396,0.3254693434819281,-0.2249284125786467,-0.10368113136387325,-0.09333765868566032,-0.011139921983802396,0.2080237659546822,0.575847378530595,-0.13198053772879237,0.260592287244674,3.9216483199358585,-3.019120177912339,-1.9307168534449979,-1.837866358681637,,2.8673718384846114
EXP,2013-06-06,1617,2007-01-03,2013-04-09,0,1577,1577,0.010737804239483792,0.010737804239483792,-0.010737804239483792,0.32296205723431026,-0.22087913238475262,-0.10444579591307247,-0.09790976565178372,-0.010737804239483792,0.21085203185814583,0.5762001668871023,-0.17652851580483736,0.31057117571131865,4.007710422273784,-3.057023274577514,-1.972692308256251,-1.911822971141171,,2.9636419807582777
EXP,2013-07-08,1638,2007-01-03,2013-05-08,0,1598,1598,0.010569235424968309,0.010569235424968309,-0.010569235424968309,0.3310251786229618,-0.22079201524902534,-0.11671118124683942,-0.08392654345211946,-0.010569235424968309,0.20526813972918065,0.5521869023636304,-0.2592464443772079,0.42060816536009016,4.131969014910598,-3.0890065020922495,-2.1042537757378925,-1.794064471814631,,2.942128559689985
EXP,2013-08-06,1659,2007-01-03,2013-06-07,0,1619,1619,0.010772795236125843,0.010772795236125843,-0.010772795236125843,0.3446879666119096,-0.2266308181363059,-0.12607185803090715,-0.04913045978252174,-0.010772795236125843,0.21038771649385232,0.553016523413509,-0.24255191308840393,0.47647274954238344,4.199614947251775,-3.103732719028342,-2.1702799066312304,-1.4560604625414773,,2.9529538237980364
EXP,2013-09-05,1680,2007-01-03,2013-07-09,0,1640,1640,0.010831911321595845,0.010831911321595845,-0.010831911321595845,0.3577521152442794,-0.23105421037534113,-0.13921603727562787,-0.01930383119530328,-0.010831911321595845,0.20934616062306496,0.5617591876458458,-0.21258231617019596,0.529047596378491,4.302760746674692,-3.1330880905079304,-2.2852398172617003,-1.1782126036871883,,2.932679786675196
EXP,2013-10-04,1701,2007-01-03,2013-08-07,0,1661,1661,0.010693149345608551,0.010693149345608551,-0.010693149345608551,0.3692343330327696,-0.23755137738713478,-0.14388306423695071,-0.010693149345608551,-0.010693149345608551,0.19586547861510234,0.6290210834569417,-0.19966223524996765,0.5944848325802937,4.452998935102372,-3.2215286601668205,-2.345563029062532,-1.044976734295487,,2.8316912285110853
EXP,2013-11-04,1722,2007-01-03,2013-09-06,0,1682,1682,0.010583187342250187,0.010583187342250187,-0.010583187342250187,0.3738214543708714,-0.24249126410102903,-0.1370404839027951,-0.010583187342250187,-0.010583187342250187,0.19373086091405367,0.6946617034850193,-0.19320797983390045,0.6388551670653502,4.532219947373528,-3.2912876457639157,-2.2948885762959357,-1.0779440176219464,,2.8305530711021394
EXP,2013-12-04,1743,2007-01-03,2013-10-07,0,1703,1703,0.010214285104049309,0.010214285104049309,-0.010214285104049309,0.36784249077409675,-0.23083224728597354,-0.15074982727701947,-0.01235251011621478,-0.010214285104049309,0.19736578413049827,0.7502432533292395,-0.16159744808763532,0.6057363913068321,4.601255369583044,-3.2598962622892067,-2.475872523053589,-1.1209336726984231,,2.93225254748622
EXP,2014-01-06,1764,2007-01-03,2013-11-05,0,1724,1724,0.010096375609838367,0.010096375609838367,-0.010096375609838367,0.3717596977893991,-0.2166232093356738,-0.15944314340400986,-0.012101048443152641,-0.010096375609838367,0.19968739858841114,0.8277179023606551,-0.1403004526638322,0.6233062856018926,4.682110414227652,-3.1455541840636982,-2.579211685118383,-1.1198553709844237,,2.9778126954174198
EXP,2014-02-05,1785,2007-01-03,2013-12-05,0,1745,1745,0.010186863051885129,0.010186863051885129,-0.010186863051885129,0.374122703655446,-0.21930321575675352,-0.14101725480120209,-0.010186863051885129,-0.010186863051885129,0.2146225105271728,0.8762379168071539,-0.17497212110319016,0.7107206678930359,4.67259971739988,-3.152804201251831,-2.384305002265699,-1.029206919942318,,3.1068557556337804
EXP,2014-03-07,1806,2007-01-03,2014-01-07,0,1766,1766,0.010315598745069893,0.010315598745069893,-0.010315598745069893,0.3657040652498945,-0.22951499387177834,-0.10976883288380279,-0.02152425916299192,-0.010315598745069893,0.23222545385125273,0.8704415999748565,-0.23631429599966844,0.7780167775380771,4.545155974825741,-3.2249313834688444,-2.0641052991351017,-1.2086573905686178,,3.2512067364217674
EXP,2014-04-07,1827,2007-01-03,2014-02-06,0,1787,1787,0.010414658153572173,0.010414658153572173,-0.010414658153572173,0.3543404740683974,-0.23219628253095728,-0.11075239052632066,-0.023600128871215532,-0.010414658153572173,0.23745209138882042,0.8896062696299336,-0.23907085342987144,0.7738635934429289,4.402324577949402,-3.22951420111005,-2.063427996322022,-1.226604930504808,,3.2799796967639847
EXP,2014-05-07,1848,2007-01-03,2014-03-10,0,1808,1808,0.010487101708734193,0.010487101708734193,-0.010487101708734193,0.3309722359564218,-0.22836514378176043,-0.1288378101101461,-0.0333152498286223,-0.010487101708734193,0.23656115348811266,0.7708888544358569,-0.2668107982854765,0.6374950143704661,4.155993382621351,-3.1775810907942876,-2.2285359071405155,-1.3176783324307388,,3.255734330211487
EXP,2014-06-06,1869,2007-01-03,2014-04-08,0,1829,1829,0.01012428009009957,0.01012428009009957,-0.01012428009009957,0.30713978912751616,-0.2188650856622307,-0.13735865651945472,-0.05633675609077474,-0.01012428009009957,0.23980259223962547,0.6482685427748142,-0.2539281455512513,0.4842370402558417,4.0336951012236915,-3.1617841833144924,-2.3567251725263545,-1.556451970801024,,3.36858907601861
EXP,2014-07-08,1890,2007-01-03,2014-05-08,0,1850,1850,0.010154995651290537,0.010154995651290537,-0.010154995651290537,0.3061475761503816,-0.2297467936851492,-0.130275658200587,-0.05396679588539294,-0.010154995651290537,0.2392431934733272,0.6860629018117904,-0.2845437203165499,0.529423642459049,4.014748471226328,-3.262401694440431,-2.2828726143672062,-1.5314310093134764,,3.3559162572651937
EXP,2014-08-06,1911,2007-01-03,2014-06-09,0,1871,1871,0.010318636043704477,0.010318636043704477,-0.010318636043704477,0.30784882234863703,-0.24372297985708152,-0.12117497343157815,-0.047655927198375435,-0.010318636043704477,0.23832275298950992,0.733269975317495,-0.2789207024910735,0.5561769335285105,3.9834255326454633,-3.36196895427647,-2.1743313061759597,-1.4618432804154469,,3.309634257668323
EXP,2014-09-05,1932,2007-01-03,2014-07-09,0,1892,1892,0.010086317132585412,0.010086317132585412,-0.010086317132585412,0.3068090097819735,-0.24010895471256474,-0.1273726593726447,-0.05029851611222613,-0.010086317132585412,0.23506559149024928,0.7316689650654258,-0.2738783894568407,0.5103321968790102,4.041833860158723,-3.380541396391905,-2.262826239729738,-1.4986806923780829,,3.3305393673458217
EXP,2014-10-06,1953,2007-01-03,2014-08-07,0,1913,1913,0.010021331184176174,0.010021331184176174,-0.010021331184176174,0.3158835700733909,-0.24168561849332768,-0.13106201305539397,-0.03276123897200637,-0.010021331184176174,0.23852223466917646,0.7423428692588393,-0.28475238784152496,0.5145223688424567,4.152111872843556,-3.411711718249096,-2.3078303734971137,-1.3269150412246313,,3.380145215096838
EXP,2014-11-04,1974,2007-01-03,2014-09-08,0,1934,1934,0.009887691003160446,0.009887691003160446,-0.009887691003160446,0.31831012760316935,-0.22642606561897288,-0.1356147282689115,-0.03549023875990385,-0.009887691003160446,0.2446080757364007,0.7178280618583142,-0.22270895230435434,0.4247352933263756,4.219256421963697,-3.2899791826686267,-2.3715510347720654,-1.358933534113879,,3.4738644811838837
EXP,2014-12-04,1995,2007-01-03,2014-10-07,0,1955,1955,0.009869559443645783,0.009869559443645783,-0.009869559443645783,0.3289114179833855,-0.21340959014840763,-0.13928411262541018,-0.03346963082360815,-0.009869559443645783,0.24544701064460553,0.7153040672804826,-0.17992724812699698,0.3704718042230554,4.332584598749696,-3.1623010770334328,-2.4112495438191424,-1.339119805850671,,3.486909492222869
EXP,2015-01-06,2016,2007-01-03,2014-11-05,0,1976,1976,0.009725810239574379,0.009725810239574379,-0.009725810239574379,0.33600522389966664,-0.21014783528403908,-0.14299395345138322,-0.024204453405082944,-0.009725810239574379,0.24774529300153075,0.7570420418881751,-0.10523349309545474,0.3518077977656145,4.454778734346054,-3.1607231696640175,-2.4702523484320102,-1.2488682465404772,,3.54729721122312
EXP,2015-02-05,2037,2007-01-03,2014-12-05,0,1997,1997,0.00955055747052083,0.00955055747052083,-0.00955055747052083,0.3356866196375651,-0.21165263736232573,-0.13535601764988264,-0.030810665971627585,-0.00955055747052083,0.24829182949651563,0.8661196423929776,0.008270824479886085,0.2870923232548748,4.514837962848872,-3.216128618833215,-2.417257768121688,-1.322605942812544,,3.5997626867636163
EXP,2015-03-09,2058,2007-01-03,2015-01-07,0,2018,2018,0.009339010068260262,0.009339010068260262,-0.009339010068260262,0.3337102893448792,-0.21335016654001987,-0.12734245201283229,-0.03338243059312591,-0.009339010068260262,0.25485862123610187,0.9010767729920449,-0.017625546488900107,0.3392857494970521,4.5732940312274994,-3.2845051561205167,-2.3635540713851544,-1.3574514894954453,,3.7289682672285496
EXP,2015-04-08,2079,2007-01-03,2015-02-06,0,2039,2039,0.009465736040713988,0.009465736040713988,-0.009465736040713988,0.34367691494086955,-0.21151511082012234,-0.12785300744609424,-0.015287943144870213,-0.009465736040713988,0.2638040794851879,0.8875830084373776,-0.06788693892953894,0.40905375747130485,4.630746869156796,-3.2345342180508134,-2.35069271841274,-1.1615082343212801,,3.786936782839864
EXP,2015-05-07,2100,2007-01-03,2015-03-10,0,2060,2060,0.00948035089293757,0.00948035089293757,-0.00948035089293757,0.3445745988395699,-0.2074879659743302,-0.12591543225970456,-0.014460056189293562,-0.00948035089293757,0.2696405431653516,0.856880692998868,-0.08771406902033362,0.4606740676059913,4.634618620459105,-3.1886106149182654,-2.3281726982648485,-1.152526592660886,,3.844204251619226
EXP,2015-06-08,2121,2007-01-03,2015-04-09,0,2081,2081,0.009396890739378076,0.009396890739378076,-0.009396890739378076,0.3385411776455474,-0.20166682758442514,-0.13049364714224895,-0.02372580909884884,-0.009396890739378076,0.2679849755714174,0.7971427394338472,-0.1359017840213627,0.512490260772679,4.602693561465773,-3.146101654021916,-2.388689628957903,-1.252485739771612,,3.8518473078378452
EXP,2015-07-08,2142,2007-01-03,2015-05-08,0,2102,2102,0.009551737408188404,0.009551737408188404,-0.009551737408188404,0.34623791187097164,-0.18807820831070712,-0.1308387330110397,-0.020659092687618497,-0.009551737408188404,0.27597910448690965,0.9032296959991516,-0.03039687889408587,0.5015414084033167,4.624868409533042,-2.9690470986929935,-2.3697898865904308,-1.216286229455053,,3.88930791010148
EXP,2015-08-06,2163,2007-01-03,2015-06-09,0,2123,2123,0.009878604014126319,0.009878604014126319,-0.009878604014126319,0.35837123710640084,-0.1711190391390353,-0.12650519761652623,-0.017446078804594627,-0.009878604014126319,0.28704403127693773,1.0870139010093736,0.14362788686506095,0.41423477183026897,4.627751821957162,-2.732218832684624,-2.2805979208765215,-1.1766046981906237,,3.9057145206596724
EXP,2015-09-04,2184,2007-01-03,2015-07-09,0,2144,2144,0.021183200492416808,0.009783356546639694,-0.009783356546639694,0.35910573555625125,-0.15244779251002974,-0.12804693531799868,-0.021971149448998525,-0.009783356546639694,0.28789511703438586,1.2165228302927653,0.280272615952219,0.28229475286148303,4.670578025489564,-2.5582360898662255,-2.3088241720269225,-1.2245768039246714,,3.942702902239311
EXP,2015-10-06,2205,2007-01-03,2015-08-07,0,2165,2165,0.02597554841905765,0.00958055675545103,-0.00958055675545103,0.3561725226127144,-0.14404376681321587,-0.13309033706534723,-0.020096154933509313,-0.00958055675545103,0.29187999988980246,1.271127754702548,0.36601428245785605,0.19082675083196557,4.717659961776895,-2.50350100197736,-2.3891712189860272,-1.209759781675269,,4.046587033929235
EXP,2015-11-04,2226,2007-01-03,2015-09-08,0,2186,2186,0.023467647768474018,0.009444385854180252,-0.009444385854180252,0.3478516467573698,-0.1448595477830746,-0.1405900622472296,-0.023442615648109226,-0.009444385854180252,0.291455322233202,1.24848251787687,0.4015723740293715,0.1196419015697503,4.683157932428232,-2.5338164918257466,-2.488609893940345,-1.2482174702522675,,4.086016674172611
EXP,2015-12-04,2247,2007-01-03,2015-10-07,0,2207,2207,0.025070949942054516,0.009232657426557107,-0.009232657426557107,0.336859287739302,-0.14007980429279776,-0.1455330751693561,-0.032920581720201986,-0.009232657426557107,0.29183832885661626,1.271546411653265,0.43662836692626555,0.07030834151430605,4.6485626204471675,-2.517220858751542,-2.5762858778962183,-1.3565666979639923,,4.160935312266252
EXP,2016-01-06,2268,2007-01-03,2015-11-05,0,2228,2228,0.03643815350243799,0.009042401108705538,-0.009042401108705538,0.3320592221840959,-0.13606679980662645,-0.14159277431623396,-0.03132027953764671,-0.009042401108705538,0.2953955673268424,1.402969886696989,0.5248993667357001,0.005092411202690632,4.6722461013635765,-2.5047640352475478,-2.565875839990288,-1.3463712697669785,,4.266782393035534
EXP,2016-02-05,2289,2007-01-03,2015-12-07,0,2249,2249,0.04384938118821528,0.008752130915321043,-0.008752130915321043,0.3291271680502482,-0.1311511317341876,-0.1465707676509948,-0.05332242173709315,-0.008752130915321043,0.2697227368932978,1.5010137715313965,0.6364779371323166,-0.17331896369667707,4.760537533483356,-2.4985051412405292,-2.674686645676373,-1.6092507327986787,,4.081795045148772
EXP,2016-03-08,2310,2007-01-03,2016-01-07,0,2270,2270,0.04154169218978866,0.008687101173354035,-0.008687101173354035,0.3359598936982006,-0.12677786050473047,-0.16116070449700295,-0.06611742300978217,-0.008687101173354035,0.24238112258043304,1.4781997050662836,0.6966558449529521,-0.318333416872942,4.867341786333641,-2.4593804996032103,-2.855172413455153,-1.7610988025854273,,3.7901266227206976
EXP,2016-04-07,2331,2007-01-03,2016-02-08,0,2291,2291,0.029090274863288246,0.008576421448717274,-0.008576421448717274,0.3373553089571179,-0.12793307832091785,-0.1661884596839232,-0.06380373618288367,-0.008576421448717274,0.24989987764571742,1.3391889617042911,0.6072403914493392,-0.29116277841519034,4.933520652807637,-2.4916836711662773,-2.9377366268396132,-1.7439435732536956,,3.9138012764413936
EXP,2016-05-06,2352,2007-01-03,2016-03-09,0,2312,2312,0.017367885073774247,0.008752200912851555,-0.008752200912851555,0.3335405877245102,-0.13620851454932903,-0.16028991617732066,-0.0704018825424544,-0.008752200912851555,0.2559346111940568,1.1984402008901738,0.45373983388232936,-0.16641629159399884,4.810933855902987,-2.5562772827726477,-2.8314240929039256,-1.804390612640961,,3.924231444667222
EXP,2016-06-07,2373,2007-01-03,2016-04-08,0,2333,2333,0.015705301448140425,0.009292079899703069,-0.009292079899703069,0.32979436540312157,-0.14391501959948022,-0.14647478291896762,-0.06618607165828266,-0.009292079899703069,0.27004821927289824,1.1690181489791354,0.4045805002068887,-0.12436089283404163,4.549198553637709,-2.5487923172515883,-2.57634011437685,-1.7122847884723598,,3.906219298453597
EXP,2016-07-07,2394,2007-01-03,2016-05-09,0,2354,2354,0.020111258739705172,0.009437147728088261,-0.009437147728088261,0.3279590021028604,-0.15217187225109122,-0.12728650930244678,-0.0671144480500639,-0.009437147728088261,0.2770454663695679,1.2131073849765752,0.44659434317466806,-0.15144897865067852,4.475191991821209,-2.612477378076581,-2.3487815701305332,-1.7111730152353954,,3.935690680617232
EXP,2016-08-05,2415,2007-01-03,2016-06-08,0,2375,2375,0.022809772522129707,0.009259583352401802,-0.009259583352401802,0.32994622202614904,-0.15779729474077964,-0.11210314927549657,-0.07157647376345268,-0.009259583352401802,0.2779883376147869,1.246336920939463,0.46552571158501965,-0.14823371048593542,4.563294475237547,-2.7041511344011964,-2.210671636174846,-1.772998860093276,,4.002168964143303
EXP,2016-09-06,2436,2007-01-03,2016-07-08,0,2396,2396,0.015144372724681743,0.009510060479272673,-0.009510060479272673,0.3430674624295134,-0.16501225444964596,-0.11295951516805815,-0.0542207388063727,-0.009510060479272673,0.2810654749839102,1.1592458087694515,0.37984766481956,-0.05564905750371928,4.607416200740619,-2.735133596776727,-2.1877896614249215,-1.5701408411076634,,3.9554541277260733
EXP,2016-10-05,2457,2007-01-03,2016-08-08,0,2417,2417,0.009760037690621568,0.009760037690621568,-0.009760037690621568,0.3488850249334074,-0.1719343174530065,-0.11118569752120783,-0.05304950714143184,-0.009760037690621568,0.2759053021884604,1.0726939599889587,0.30920328288793536,0.04511042784819228,4.574627844610185,-2.76161530214395,-2.1391933212311907,-1.5435379331824424,,3.82688767127998
EXP,2016-11-03,2478,2007-01-03,2016-09-07,0,2438,2438,0.0099563131795995,0.0099563131795995,-0.0099563131795995,0.347323965538092,-0.17495398945249946,-0.11830827651971615,-0.05225464295431883,-0.0099563131795995,0.2673338728169756,1.0403990891779014,0.3015412560574108,0.09156758652576535,4.48847971405479,-2.7572166151922626,-2.188273956288659,-1.524839285503681,,3.68506894062697
EXP,2016-12-05,2499,2007-01-03,2016-10-06,0,2459,2459,0.009966503363329477,0.009966503363329477,-0.009966503363329477,0.3426713710872407,-0.1623037095696127,-0.13360575370012479,-0.05153361023474159,-0.009966503363329477,0.2700195419549624,1.0242332507709653,0.3039745406634011,0.10481011200456182,4.438230627082893,-2.6284919961677757,-2.340547921668403,-1.517068106597477,,3.7092705647244957
EXP,2017-01-05,2520,2007-01-03,2016-11-04,0,2480,2480,0.010342640075574549,0.010342640075574549,-0.010342640075574549,0.3445733288485494,-0.14803512241855943,-0.1478757557725498,-0.047353636836485996,-0.010342640075574549,0.27079159582155726,0.9634489834166063,0.29325716434833105,0.127455821131861,4.331580005982253,-2.431308847033777,-2.4297679769576153,-1.457848639133422,,3.6182057370541765
EXP,2017-02-06,2541,2007-01-03,2016-12-06,0,2501,2501,0.010680054944779676,0.010680054944779676,-0.010680054944779676,0.340285257135236,-0.14287556646933997,-0.1476257473181342,-0.045673756232640986,-0.010680054944779676,0.2808194530655303,0.9537632891300514,0.2745462655896287,0.12517129146750247,4.186175154478626,-2.3377793205003723,-2.3822564404529816,-1.427654693433632,,3.629382100724047
EXP,2017-03-08,2562,2007-01-03,2017-01-06,0,2522,2522,0.010597796358863392,0.010597796358863392,-0.010597796358863392,0.33424809458650784,-0.1377915085762307,-0.13953598772461123,-0.054296340871223876,-0.010597796358863392,0.2917368828059728,0.9349585441052148,0.22644931864737697,0.11010463395023454,4.153939585817403,-2.300190189642489,-2.316650962139986,-1.5123361407658444,,3.7528070263586524
EXP,2017-04-06,2583,2007-01-03,2017-02-07,0,2543,2543,0.010646216643031278,0.010646216643031278,-0.010646216643031278,0.3420358172669247,-0.12846832689558507,-0.1456617124596368,-0.05464198484677481,-0.010646216643031278,0.2866072919589535,0.8847102368663236,0.24258557522279015,0.050733702095536355,4.212745228989982,-2.206704045231664,-2.3682016564540134,-1.5132526105651058,,3.6921046374399946
EXP,2017-05-08,2604,2007-01-03,2017-03-09,0,2564,2564,0.010736415242888835,0.010736415242888835,-0.010736415242888835,0.35739739130038845,-0.12800175793768898,-0.14838525205599204,-0.05056889454788284,-0.010736415242888835,0.2727010431864925,0.8567638655244241,0.27134388156504996,0.004966976754353323,4.328833537219113,-2.192220634559284,-2.382074451286463,-1.4710035277498854,,3.539963637929462
EXP,2017-06-07,2625,2007-01-03,2017-04-07,0,2585,2585,0.010711833822897915,0.010711833822897915,-0.010711833822897915,0.3678178305996701,-0.13185601354233015,-0.14934536243524493,-0.04461052288685478,-0.010711833822897915,0.26352293524430853,0.8511848024862261,0.32139606177371327,-0.01618846650146241,4.433752209760876,-2.2309378181397013,-2.394209104663294,-1.4164601843569873,,3.4601103751347835
EXP,2017-07-07,2646,2007-01-03,2017-05-09,0,2606,2606,0.010717597779971456,0.010717597779971456,-0.010717597779971456,0.37494342199795494,-0.12554068513233502,-0.149993136545178,-0.033066114950617675,-0.010717597779971456,0.27358625025402855,0.8722174515825536,0.38401405561419344,-0.0326896895496672,4.498390494730374,-2.171350966043338,-2.399503318042763,-1.3085217007528505,,3.55268256815248
EXP,2017-08-07,2667,2007-01-03,2017-06-08,0,2627,2627,0.011054583429581592,0.011054583429581592,-0.011054583429581592,0.3861066415709297,-0.11948709212137802,-0.15668110082673864,-0.020173530678507422,-0.011054583429581592,0.27333330108411985,0.913225335899392,0.3910505370268463,0.000761558550725614,4.492729002684307,-2.080882811030542,-2.417340615544741,-1.1824901933846184,,3.472578933663766
EXP,2017-09-06,2688,2007-01-03,2017-07-10,0,2648,2648,0.010997469154511613,0.010997469154511613,-0.010997469154511613,0.38610923876259984,-0.12265148675056377,-0.158757302099711,-0.013410924433458147,-0.010997469154511613,0.27508117133562077,0.9556383732268134,0.4300436631894027,-0.02557369309802486,4.510891763712763,-2.1152701137629206,-2.443580335340902,-1.1219455516995602,,3.5013134155759027
EXP,2017-10-05,2709,2007-01-03,2017-08-08,0,2669,2669,0.011001204731486735,0.011001204731486735,-0.011001204731486735,0.3894486179159515,-0.1334185122158498,-0.15495133061106275,-0.011001204731486735,-0.011001204731486735,0.2671755155997024,0.9900089178465848,0.4430747031345522,-0.005621623567600173,4.54005427061369,-2.212762742556644,-2.4084942003449306,-1.0316951175361209,,3.4286023405692543
EXP,2017-11-03,2730,2007-01-03,2017-09-07,0,2690,2690,0.011197980942563168,0.011197980942563168,-0.011197980942563168,0.3978182297815314,-0.141530186216623,-0.14849144987327442,-0.011197980942563168,-0.011197980942563168,0.2561702294157554,1.0690116263053038,0.4170939360261246,0.07298133449239187,4.5525889160021435,-2.2638902221977473,-2.3260555687218862,-0.8970114935636276,,3.287646592092871
EXP,2017-12-05,2751,2007-01-03,2017-10-06,0,2711,2711,0.015073770356901682,0.010922286867859744,-0.010922286867859744,0.3939045995843271,-0.13687566301408305,-0.1527928248946694,-0.010922286867859744,-0.010922286867859744,0.2576639946785798,1.1380092881579427,0.482277586295655,0.04705332663269502,4.606429718884631,-2.2531776968508086,-2.3989087335206536,-0.9039928830094046,,3.3590663548381046
EXP,2018-01-05,2772,2007-01-03,2017-11-06,0,2732,2732,0.01367523882282169,0.010595276591276981,-0.010595276591276981,0.3928625182489286,-0.1357037117256762,-0.16273883572508144,-0.010595276591276981,-0.010595276591276981,0.25263858911238424,1.1290692008369128,0.4822281293768162,0.058453281484235946,4.707902430526161,-2.2807944234075035,-2.5359564644028567,-0.8624029905586946,,3.3844454360009806
EXP,2018-02-06,2793,2007-01-03,2017-12-06,0,2753,2753,0.012346371444282756,0.010535479284656249,-0.010535479284656249,0.3992013399515653,-0.1462890440541339,-0.16958320385835723,-0.010535479284656249,-0.010535479284656249,0.23043812355303578,1.1171885123656773,0.4317224679701088,0.13407467475148568,4.7891141842303995,-2.388537152431096,-2.609639194159266,-0.9115400526735629,,3.1872580954968344
EXP,2018-03-08,2814,2007-01-03,2018-01-08,0,2774,2774,0.019893987280011065,0.01041947209229708,-0.01041947209229708,0.4042016734879067,-0.15009411338179335,-0.16877073310546517,-0.01041947209229708,-0.01041947209229708,0.2153616043756355,1.1909308562256078,0.45969060410964296,0.16843894708397478,4.879291291415094,-2.4405155275837354,-2.61976280190082,-0.8350517477905505,,3.06691473875004
EXP,2018-04-09,2835,2007-01-03,2018-02-07,0,2795,2795,0.026804453485617344,0.010332898898969722,-0.010332898898969722,0.40828710962075415,-0.1522952147461601,-0.15962980967253448,-0.010332898898969722,-0.010332898898969722,0.21165181687905504,1.2594088430332941,0.48889310753135257,0.16619207537978667,4.95133169900137,-2.4738866240271182,-2.5448695591945736,-0.6506016291666519,,3.048329505093276
EXP,2018-05-08,2856,2007-01-03,2018-03-09,0,2816,2816,0.026332359204316234,0.01037692115440733,-0.01037692115440733,0.4112227305718844,-0.16384749358135559,-0.14949592983662144,-0.01037692115440733,-0.01037692115440733,0.2075938021881931,1.2537588829335207,0.47922369623147587,0.1748869623959959,4.962858775285463,-2.578960571669812,-2.4406578561419146,-0.663130716313976,,3.0005336756367567
EXP,2018-06-07,2877,2007-01-03,2018-04-10,0,2837,2837,0.027044114007427858,0.010468913565986922,-0.010468913565986922,0.413865668215291,-0.1761379946479354,-0.13223527615304434,-0.010468913565986922,-0.010468913565986922,0.2088412927123539,1.2583277991261013,0.46185117258281294,0.22818208674671317,4.953281929463282,-2.68248590016256,-2.2631232010804965,-0.5738990094781156,,2.9948707322493413
EXP,2018-07-09,2898,2007-01-03,2018-05-09,0,2858,2858,0.027943555507679352,0.010436874956959115,-0.010436874956959115,0.42317242313791875,-0.18670524867433577,-0.11391758379574347,-0.010436874956959115,-0.010436874956959115,0.2065136890564863,1.2677387208615267,0.45445698505757115,0.27780256404075915,5.054589375488831,-2.788899928803345,-2.0914913157964525,-0.44334594526497645,,2.978692759165298
EXP,2018-08-07,2919,2007-01-03,2018-06-08,0,2879,2879,0.02397625404309431,0.010270553833628565,-0.010270553833628565,0.4262124249452264,-0.1910598835429211,-0.10621949827325723,-0.010270553833628565,-0.010270553833628565,0.21144972386098684,1.233446554406731,0.4483044097597677,0.2693409575996434,5.149848507192395,-2.860268556475888,-2.0342139284199643,-0.4506647914416183,,3.058795730846017
EXP,2018-09-06,2940,2007-01-03,2018-07-10,0,2900,2900,0.023918641330677268,0.01014507446551939,-0.01014507446551939,0.42863479426263246,-0.18862974127013596,-0.10613250908270541,-0.01014507446551939,-0.01014507446551939,0.21210401619177127,1.2357660499385277,0.46774142519587963,0.23501821879558152,5.225053209017406,-2.8593233781697904,-2.0461481524204053,-0.47092393003992816,,3.0907093083708808
EXP,2018-10-05,2961,2007-01-03,2018-08-08,0,2921,2921,0.025586450302607092,0.010004301001400802,-0.010004301001400802,0.4313104714687342,-0.19163546393498662,-0.10363066790545757,-0.010004301001400802,-0.010004301001400802,0.20781974238261147,1.2557545029785138,0.504580956481618,0.23252514877813912,5.3112504452669125,-2.9155307692976637,-2.035861155026695,-0.44580046065927514,,3.0773039750954374
EXP,2018-11-05,2982,2007-01-03,2018-09-07,0,2942,2942,0.02048744989636128,0.010058951134611032,-0.010058951134611032,0.434235320764564,-0.1950310433231457,-0.11162600007010917,-0.010058951134611032,-0.010058951134611032,0.19838438140737594,1.2036738186933593,0.5521069144435934,0.16607810692579517,5.316904565431666,-2.938880512622028,-2.109718086670332,-0.5045659239663612,,2.9722173689140527
EXP,2018-12-06,3003,2007-01-03,2018-10-08,0,2963,2963,0.014993352586232637,0.01009709860161894,-0.01009709860161894,0.4361418803305255,-0.18781831709866761,-0.1250652844378116,-0.01009709860161894,-0.01009709860161894,0.19559277114028695,1.1484916922949395,0.5881207283623692,0.04870675104500773,5.319477282915666,-2.8601216498822084,-2.2386259595183016,-0.5920033422770725,,2.937118561057987
EXP,2019-01-08,3024,2007-01-03,2018-11-06,0,2984,2984,0.013683958931707076,0.010064762460925084,-0.010064762460925084,0.43979017595105496,-0.1861922787046207,-0.13158834323733481,-0.010064762460925084,-0.010064762460925084,0.18848619333158229,1.1359590848252303,0.6752799825753615,-0.05320873211788359,5.369603134286315,-2.849942106706284,-2.3074162827807077,-0.5796185677453969,,2.872733649336995
EXP,2019-02-07,3045,2007-01-03,2018-12-07,0,3005,3005,0.010587902976316321,0.009958117168838149,-0.009958117168838149,0.44023044353392937,-0.1889677329716787,-0.12890624770115874,-0.009958117168838149,-0.009958117168838149,0.19147520414156424,1.1063243462273065,0.6641726967660209,-0.05315224995554415,5.420820081446107,-2.897625120971802,-2.2944841430922702,-0.5953955295253995,,2.922805294365746
EXP,2019-03-11,3066,2007-01-03,2019-01-09,0,3026,3026,0.009924531179164928,0.009924531179164928,-0.009924531179164928,0.44384376340237974,-0.1904399387162887,-0.12343073285948504,-0.009924531179164928,-0.009924531179164928,0.19266290912602194,1.0428486353565118,0.5484922901042418,0.032329495549025186,5.472188714910418,-2.918880955466077,-2.243693335546262,-0.5116925203808897,,2.9412797002491056
EXP,2019-04-09,3087,2007-01-03,2019-02-08,0,3047,3047,0.009867763304360067,0.009867763304360067,-0.009867763304360067,0.4467174111583361,-0.19555167669902349,-0.11449270176616454,-0.009867763304360067,-0.009867763304360067,0.1938993938546756,1.0795816546648995,0.5521496330318959,0.06853828620304771,5.527038168426215,-2.9817224092983574,-2.1602700453463046,-0.4576532213148626,,2.9649781604408902
EXP,2019-05-09,3108,2007-01-03,2019-03-12,0,3068,3068,0.009846345890244763,0.009846345890244763,-0.009846345890244763,0.4494703266658283,-0.19468217696756315,-0.11780678813337515,-0.009846345890244763,-0.009846345890244763,0.18880897878200956,1.0829180207618325,0.5735935203615323,0.060171984261512955,5.5648439703011015,-2.977202295528171,-2.1964518558107113,-0.43567744064922104,,2.9175537898691077
EXP,2019-06-10,3129,2007-01-03,2019-04-10,0,3089,3089,0.015405836827524465,0.010134392748381014,-0.010134392748381014,0.4535508063772861,-0.18077529452578922,-0.12283639889369623,-0.010134392748381014,-0.010134392748381014,0.18689409238217988,1.1520153916472753,0.6679693657743433,-0.04088008718581526,5.475362437968882,-2.783780232463049,-2.212074585458705,-0.537647564981225,,2.8441567938250323
EXP,2019-07-10,3150,2007-01-03,2019-05-10,0,3110,3110,0.02939198556441358,0.010161410181668658,-0.010161410181668658,0.4500281706836824,-0.16755092756833495,-0.11880890878033011,-0.010161410181668658,-0.010161410181668658,0.1935743666765643,1.2892510492041467,0.792484899327194,-0.14043883950444702,5.428796423310814,-2.6488944405629784,-2.1692167391752695,-0.5598724007577472,,2.9049951061494936
EXP,2019-08-08,3171,2007-01-03,2019-06-11,0,3131,3131,0.036415644275922185,0.010060486150489205,-0.010060486150489205,0.4540266645710893,-0.16235909797695433,-0.12195009446133319,-0.010060486150489205,-0.010060486150489205,0.18500655411274414,1.361967043452979,0.8565905036934501,-0.171007358195051,5.512969430895859,-2.613829546090667,-2.2121690009523367,-0.69589766674869,,2.8389424859329284
EXP,2019-09-09,3192,2007-01-03,2019-07-11,0,3152,3152,0.04633701445678625,0.009995394848680238,-0.009995394848680238,0.45407058767386993,-0.15364033199228708,-0.12225722605362942,-0.009995394848680238,-0.009995394848680238,0.18371326042870637,1.4635836318452637,0.971294403462523,-0.2633174879103588,5.542797903914962,-2.537111182882118,-2.223135532957679,-0.8391598156923841,,2.837979021438691
EXP,2019-10-08,3213,2007-01-03,2019-08-09,0,3173,3173,0.045152023203975974,0.01018303214336443,-0.01018303214336443,0.45786129986942625,-0.14354188415240737,-0.13187652205237488,-0.01018303214336443,-0.01018303214336443,0.18083614214835783,1.4434045043587376,0.9878841213506808,-0.3207818376851276,5.496315963882943,-2.4096182957248504,-2.2950614335270423,-0.8854739670505047,,2.775857520652099
EXP,2019-11-06,3234,2007-01-03,2019-09-10,0,3194,3194,0.03564059618321263,0.010390623574088256,-0.010390623574088256,0.4680248530935871,-0.13040577945121073,-0.14884436331323564,-0.010390623574088256,-0.010390623574088256,0.17552191366240094,1.3430072885335949,0.9308272753680747,-0.3306644524255643,5.504299956171349,-2.25503323762408,-2.4324873021520874,-0.911823325033661,,2.6892336866105984
EXP,2019-12-06,3255,2007-01-03,2019-10-09,0,3215,3215,0.03241611901135094,0.010372660880544166,-0.010372660880544166,0.47426356079725673,-0.12004528949711817,-0.15429324723505003,-0.010372660880544166,-0.010372660880544166,0.17749113993704765,1.3125149793738398,0.9093911966340359,-0.30954897477769416,5.572245890028328,-2.157323958428885,-2.487499196319581,-0.854031678206126,,2.711143765144824
EXP,2020-01-08,3276,2007-01-03,2019-11-07,0,3236,3236,0.027071297838518648,0.010346818145662537,-0.010346818145662537,0.47433530944102387,-0.12185191274754899,-0.14847530086226757,-0.010346818145662537,-0.010346818145662537,0.186878906527991,1.261638867692549,0.8287329206370108,-0.21317412416364614,5.584359198773285,-2.1776752140814444,-2.434985120759173,-0.8414461528885742,,2.8061485559822277
EXP,2020-02-07,3297,2007-01-03,2019-12-09,0,3257,3257,0.03244262255987872,0.01049199373109498,-0.01049199373109498,0.48130772161913415,-0.1305520275373776,-0.1295004298479547,-0.01049199373109498,-0.01049199373109498,0.18422922351127496,1.3092131332839911,0.8060792658094684,-0.17984520960856668,5.5873809492726725,-2.2443014252902413,-2.2342785667528187,-0.8146291663113202,,2.7559029125730157
EXP,2020-03-10,3318,2007-01-03,2020-01-09,0,3278,3278,0.04418753130399342,0.010551043363163903,-0.010551043363163903,0.48201532203714026,-0.13106121802574816,-0.10672749309552354,-0.010551043363163903,-0.010551043363163903,0.19380426208493903,1.4187977414467101,0.8596368463937912,-0.22856569097729237,5.568413809386526,-2.242163580554628,-2.0115349678888967,-0.7793059482101957,,2.836825567048221
EXP,2020-04-08,3339,2007-01-03,2020-02-10,0,3299,3299,0.0532522473676227,0.010439960357931943,-0.010439960357931943,0.48581828030841684,-0.1325707836669423,-0.09599717750307915,-0.010439960357931943,-0.010439960357931943,0.1906016697222113,1.5100809346192907,0.9517475769653034,-0.3004195332434754,5.6534494734868215,-2.2698399143462202,-1.91951668600105,-0.8259786430262958,,2.8256934239927296
EXP,2020-05-08,3360,2007-01-03,2020-03-11,0,3320,3320,0.05958493607999904,0.010254376710361193,-0.010254376710361193,0.4879842830689813,-0.14169127962780703,-0.0854018051864215,-0.010254376710361193,-0.010254376710361193,0.18432018919534646,1.5810683356287607,1.0042086590120705,-0.31416248339157543,5.758790288793603,-2.3817639397296553,-1.8328327269284939,-0.7714925311287809,,2.7974782319934306
EXP,2020-06-09,3381,2007-01-03,2020-04-09,0,3341,3341,0.056908439670235136,0.010174163689414647,-0.010174163689414647,0.4912021943713391,-0.1536947633166906,-0.06931510140546869,-0.010174163689414647,-0.010174163689414647,0.18818284647860786,1.559342678253187,0.8516082152546806,-0.17507313611996142,5.827936814918687,-2.510637807769861,-1.6812854945275273,-0.593143259951051,,2.849614889471418
EXP,2020-07-09,3402,2007-01-03,2020-05-11,11,3362,3362,0.034985175858586,0.007992802922815484,-0.007992802922815484,0.3908126955794416,-0.12562325894006277,-0.04655627465083522,-0.007992802922815484,-0.23381810994441565,0.1442260762582124,1.437708475943035,0.7120998696792479,-0.0398626545456319,5.889557510092804,-2.571704696752509,-1.5824774500312047,-0.4982516192600078,3.9253581278349934,2.804449298337115
EXP,2020-08-07,3423,2007-01-03,2020-06-10,32,3383,3383,0.030972055449883237,0.006227220607397977,-0.006227220607397977,0.3100857380088697,-0.10088077836527892,-0.03193893894203926,-0.006227220607397977,-0.39960175031011413,0.10783907710162088,1.497365637136546,0.753976308484019,-0.037441069148182744,5.9795206811926,-2.6199968609660615,-1.5128923633136684,-0.5323269134046001,7.4170161216929555,2.731736899982432
EXP,2020-09-08,3444,2007-01-03,2020-07-10,53,3404,3404,0.047589018597448365,0.008816745120134025,-0.008816745120134025,0.44618743243377884,-0.14315779446118176,-0.05194239906522587,-0.008816745120134025,-0.13517792479837948,0.1494951952835837,1.5397572227507577,0.7902009107069032,-0.03141876699647394,6.060681990396431,-2.6237034473670438,-1.5891334994658015,-0.5654770010754786,2.533195334065919,2.6955825902485793
EXP,2020-10-07,3465,2007-01-03,2020-08-10,74,3425,3425,0.05699803094796936,0.009993778605449555,-0.009993778605449555,0.5117031974448789,-0.1567431551838976,-0.06138675958361439,-0.009993778605449555,-0.009993778605449555,0.17319374241784177,1.5703351374713128,0.8103984491567608,-0.029404246014917753,6.120217463751397,-2.568407319914275,-1.6142497448376585,-0.5344339854167542,0.3308388813911832,2.733015601560356
EXP,2020-11-05,3486,2007-01-03,2020-09-09,95,3446,3446,0.06536282538250279,0.010009702648222143,-0.010009702648222143,0.5145309979637323,-0.14972734907849086,-0.056211029020393696,-0.010009702648222143,-0.010009702648222143,0.174128987961992,1.652994676061752,0.8668448516208153,-0.031027383350434045,6.140322505535365,-2.4958221471752156,-1.5615654230286005,-0.606922910864422,0.32640522028348873,2.739602004989825
EXP,2020-12-07,3507,2007-01-03,2020-10-08,116,3467,3467,0.05465182793757379,0.010163393604106221,-0.010163393604106221,0.5119114258454218,-0.14989625419654823,-0.05857150137091882,-0.010163393604106221,-0.011379106071240245,0.18309970376597853,1.5377320810983186,0.7480877308813496,0.060592405202429124,6.036815908011267,-2.4748642041767135,-1.5762986621639323,-0.5652009678151912,1.1119616784952897,2.8015606882724926
EXP,2021-01-07,3528,2007-01-03,2020-11-06,137,3488,3488,0.036289981002583946,0.01006589566138001,-0.01006589566138001,0.4930006952485669,-0.15569610097169306,-0.05482153566800214,-0.01006589566138001,-0.04576201004853315,0.18423199007648094,1.3605241125419005,0.5794901345865701,0.20267671797335224,5.8977330168448985,-2.5467684765405916,-1.5446265043093665,-0.5736997894835976,1.4546243234380922,2.83025928614904
EXP,2021-02-08,3549,2007-01-03,2020-12-08,158,3509,3509,0.03550040389537751,0.009727909841365774,-0.009727909841365774,0.47992486693406355,-0.1605398417751823,-0.04183477181355843,-0.009727909841365774,-0.07922517264233084,0.1737912134153901,1.3649335209134026,0.537005270969886,0.3331829875389462,5.933483911346401,-2.650301497373283,-1.4300489261903453,-0.40306340399509366,1.814411049590976,2.786521629511631
EXP,2021-03-10,3570,2007-01-03,2021-01-08,179,3530,3530,0.02872997696655351,0.009775870549194392,-0.009775870549194392,0.48197993669376704,-0.16628329703206063,-0.041802168165556736,-0.009775870549194392,-0.09648150316862371,0.15539550632585525,1.2938866346682658,0.4721062570300892,0.4474293718717721,5.930301953860119,-2.7009564129893646,-1.4276055820829334,-0.17933516318081763,1.9869351551159251,2.58958228368379
EXP,2021-04-09,3591,2007-01-03,2021-02-09,200,3551,3551,0.0119763072872644,0.01087505607240855,-0.01087505607240855,0.5319394372649516,-0.18328540762027368,-0.0665291805328563,-0.01087505607240855,-0.036640073229831135,0.13700442584759728,1.110126395740155,0.4087668209560283,0.4626091784605073,5.891371903953232,-2.68537436864618,-1.6117594253297653,-0.18864977783558798,1.3369184764278303,2.259804316735392
EXP,2021-05-10,3612,2007-01-03,2021-03-11,221,3572,3572,0.010973534236616057,0.010973534236616057,-0.010973534236616057,0.5480760743385568,-0.17579210019130623,-0.08464310579796779,-0.010973534236616057,-0.010973534236616057,0.13662104848908904,1.0043664776869825,0.4380742094784575,0.33144478743263817,5.994526490014112,-2.6019642933698615,-1.7713386040710022,-0.10080061932270033,0.5832697837237795,2.2450049869368187
EXP,2021-06-09,3633,2007-01-03,2021-04-12,242,3593,3593,0.010772010599309975,0.010772010599309975,-0.010772010599309975,0.5436304258597667,-0.1755262045653241,-0.09560080781830094,-0.010772010599309975,-0.010772010599309975,0.13138250876005853,0.9716159757376486,0.5016535049305039,0.23766586073325083,6.046694123143457,-2.6294655760603116,-1.887492700985876,-0.2155123902798635,0.12589134764118393,2.2196656097653165
EXP,2021-07-09,3654,2007-01-03,2021-05-11,263,3614,3614,0.01079354629113268,0.01079354629113268,-0.01079354629113268,0.5472224181777989,-0.189039441052325,-0.0881764397508312,-0.01079354629113268,-0.01079354629113268,0.12159396956338175,0.9769254241755128,0.43012266935467997,0.28158464360718394,6.069903842700555,-2.751411778421966,-1.8169366895037231,-0.20131651041331883,-0.028085571589083497,2.1265432720965487
EXP,2021-08-09,3675,2007-01-03,2021-06-10,284,3635,3635,0.010577914071783837,0.010577914071783837,-0.010577914071783837,0.5483305669841732,-0.18808905427174186,-0.08113980133230649,-0.010577914071783837,-0.010577914071783837,0.12955100705285932,0.9579540301099952,0.39284125092836697,0.2597365537762718,6.1837305849063675,-2.7781299129046806,-1.7670680701476265,-0.25996316146838594,-0.18205368264161342,2.224731134831502
EXP,2021-09-08,3696,2007-01-03,2021-07-12,305,3656,3656,0.010327743122374687,0.010327743122374687,-0.010327743122374687,0.5421173880974345,-0.17401583108816174,-0.09270883238061582,-0.010327743122374687,-0.010327743122374687,0.1395192328219146,0.9495639777118005,0.4694894157880021,0.15602337737419786,6.249137025135304,-2.6849357020815385,-1.897667876535053,-0.35842246762870394,-0.47563286000931215,2.3509169541567236
EXP,2021-10-07,3717,2007-01-03,2021-08-10,326,3677,3677,0.01031782837653301,0.01031782837653301,-0.01031782837653301,0.538240676580805,-0.17687043546125658,-0.09462049407120389,-0.01031782837653301,-0.01031782837653301,0.1386792520040695,0.9835134423129969,0.49062261039767213,0.1551882175950748,6.216608155694718,-2.7142215300220807,-1.9170582279349582,-0.31060334328513634,-0.5722937913755763,2.3440740332479577
EXP,2021-11-05,3738,2007-01-03,2021-09-09,347,3698,3698,0.010520953378896776,0.010520953378896776,-0.010520953378896776,0.5334145531266219,-0.181927931449549,-0.0981053143239974,-0.010520953378896776,-0.010520953378896776,0.13394743420534788,1.0355813447513653,0.49198152672590817,0.17607610497030213,6.070021070491196,-2.72919625149623,-1.932475516152175,-0.19399426921078314,-0.6411766155375368,2.2731492040828107
EXP,2021-12-07,3759,2007-01-03,2021-10-08,368,3719,3719,0.010871566257124885,0.0102771436425053,-0.0102771436425053,0.5256003428840945,-0.17312460727249238,-0.10560617227603572,-0.0102771436425053,-0.0102771436425053,0.1436887367402313,1.1057839282518258,0.5450660885511132,0.12882377992920668,6.114264830456013,-2.684559575059993,-2.0275829155414207,-0.17970212823008072,-0.7438787830869047,2.398138838363105
EXP,2022-01-06,3780,2007-01-03,2021-11-08,389,3740,3740,0.010193354753581102,0.01015597952587,-0.01015597952587,0.5285818053517838,-0.16195580798062978,-0.12077989473786034,-0.01015597952587,-0.01015597952587,0.137865219072665,1.1003680120427173,0.6248162874980595,-0.010857092530827218,6.204636381998846,-2.5946842701689676,-2.189249096359456,-0.1303331250434722,-0.9591552849769079,2.3574783084338184
EXP,2022-02-07,3801,2007-01-03,2021-12-08,410,3761,3761,0.010157501773546114,0.009933956796174443,-0.009933956796174443,0.5157149200948306,-0.15166001458842157,-0.13289387918895298,-0.009933956796174443,-0.026197546806165897,0.1335742671595595,1.1022503115521678,0.699956681946976,-0.16329267638753653,6.191435101604547,-2.526682848538517,-2.337773879187096,-0.11732594056091226,-1.2637171405482108,2.3446229926326922
EXP,2022-03-09,3822,2007-01-03,2022-01-07,431,3782,3782,0.014425149339559956,0.010068981055666835,-0.010068981055666835,0.5160981332199022,-0.1551628005945031,-0.14426235147584812,-0.010068981055666835,-0.03945315747417819,0.10039146472900791,1.1432632483844178,0.7602646060750017,-0.25629737536160047,6.125624235129943,-2.5409980387953683,-2.4327403207761233,-0.16368386082002936,-1.3918286990119413,1.9970369809416562
EXP,2022-04-07,3843,2007-01-03,2022-02-08,452,3803,3803,0.017700393373297596,0.010181188589130887,-0.010181188589130887,0.5114889257609472,-0.16362528690556608,-0.14391785111938918,-0.010181188589130887,-0.03609299296926812,0.0966309841041393,1.1738538994572203,0.7926921389635702,-0.270766423327951,6.023862599962017,-2.60713344491278,-2.4135663027893552,-0.1627499891366167,-1.3545066732954918,1.9491129965640699
EXP,2022-05-09,3864,2007-01-03,2022-03-10,473,3824,3824,0.024270024481183934,0.009735872777947817,-0.009735872777947817,0.4885894319663902,-0.16164635545374043,-0.14500856426247732,-0.009735872777947817,-0.05034711175010614,0.10093089375225855,1.2492845277945355,0.8804026970685914,-0.35137849815734506,6.018445116426203,-2.66031704748522,-2.4894254225561387,-0.21217449693182228,-1.5171299265962532,2.0366907626491537
EXP,2022-06-08,3885,2007-01-03,2022-04-08,494,3845,3845,0.03284610238596701,0.009359040090807798,-0.009359040090807798,0.474325787541009,-0.14267208937472325,-0.15330904477029425,-0.009359040090807798,-0.07581438390878296,0.09295547174680023,1.3509558893569393,1.0074473980412681,-0.4901374787106519,6.0681029564867375,-2.5244307962186423,-2.63808513782167,-0.45253489277816794,-1.8100658098819968,1.9932158730476925
EXP,2022-07-11,3906,2007-01-03,2022-05-10,515,3866,3866,0.03583950921799611,0.009425712125989241,-0.009425712125989241,0.4781199347883159,-0.1317109263148696,-0.15953300875805132,-0.009425712125989241,-0.0771007720836006,0.08941871245919877,1.3802313155647612,1.0476412350503321,-0.5611764503848029,6.072507290669421,-2.397357828823426,-2.6925300351384127,-0.5573133654182439,-1.8179835226562129,1.9486679761059875
EXP,2022-08-09,3927,2007-01-03,2022-06-09,536,3887,3887,0.033567399303023555,0.009863278431220783,-0.009863278431220783,0.5005273783913554,-0.13661026064474904,-0.1642842198708767,-0.009863278431220783,-0.031986230890023164,0.10343467560630983,1.3403269971247167,0.9979708234056134,-0.5531240947539563,6.074655266822929,-2.3850390780040134,-2.6656147447978227,-0.41746602629184687,-1.3242961365541033,2.0486845355485688
EXP,2022-09-08,3948,2007-01-03,2022-07-12,557,3908,3908,0.033207458751857495,0.010172039206798305,-0.010172039206798305,0.5065351027658808,-0.14345172650763002,-0.16287251254547036,-0.010172039206798305,-0.01816878354157051,0.10524829826719592,1.3264582260916167,0.9435227592518296,-0.4904675487038081,5.979680990880834,-2.4102553439998204,-2.6011785762349144,-0.2964472415970493,-1.1786149578486458,2.0346823889240917
EXP,2022-10-07,3969,2007-01-03,2022-08-10,578,3929,3929,0.04216129027909695,0.010129577635938641,-0.010129577635938641,0.4887983649815817,-0.14730221013575984,-0.16147634045570147,-0.010129577635938641,-0.026826923458667818,0.10304613778137643,1.4162196272578362,0.9956875573694689,-0.5008493524437286,5.825456524933263,-2.4541791911752333,-2.594107338521213,-0.26295743943009203,-1.2648375324504035,2.017279707850601
EXP,2022-11-07,3990,2007-01-03,2022-09-09,599,3950,3950,0.05265185416302574,0.009960008834961617,-0.009802314915875535,0.4721301057550954,-0.14385184025625294,-0.16558231718563968,-0.009802314915875535,-0.030427332330996815,0.1057919116422767,1.5371369377018522,1.1016087416129703,-0.5682246341122914,5.8165164025739235,-2.4675292672272224,-2.689216461689754,-0.3141247210581474,-1.310409659270563,2.0792543654248377
EXP,2022-12-07,4011,2007-01-03,2022-10-10,620,3971,3971,0.05724947545925894,0.014681281482668314,-0.00942079934075637,0.46071257133373583,-0.12961263446322255,-0.1699296191554368,-0.00942079934075637,-0.04417241673514801,0.10480040268901684,1.6076923346789227,1.155839021208678,-0.624281325028113,5.89037665138027,-2.3758135565258343,-2.8037707099893887,-0.48388055108039796,-1.4688818340928758,2.1124364175301786
EXP,2023-01-09,4032,2007-01-03,2022-11-08,641,3992,3992,0.057745574255668994,0.016410269583281675,-0.009135014809222138,0.45517981722276063,-0.11612358493253779,-0.17266676827421867,-0.009135014809222138,-0.06596381680221991,0.09764013931086817,1.632134435046265,1.1796414119297858,-0.6856975114910572,5.982803276500873,-2.271192081870592,-2.8901640761425496,-0.5288453370950479,-1.7220986301590555,2.068855840411959
EXP,2023-02-08,4053,2007-01-03,2022-12-08,662,4013,4013,0.04869638776593946,0.009176873757711269,-0.009176873757711269,0.4631179978325584,-0.12017472660912995,-0.17506794278557952,-0.009176873757711269,-0.07207603617986699,0.0933362875537917,1.5306424502682103,1.0947521146607977,-0.6347283960262167,6.046576972287576,-2.3095388449486722,-2.907707868798686,-0.5647771224973702,-1.7854094769398126,2.0170815249077805
EXP,2023-03-10,4074,2007-01-03,2023-01-10,683,4034,4034,0.03801079141049212,0.009323340042309832,-0.009323340042309832,0.47590422175626773,-0.1236928683757321,-0.17749686179041016,-0.009323340042309832,-0.06475155894199268,0.09217367759817564,1.4076950024132666,0.9844209578555454,-0.5468814541499024,6.104439177339753,-2.326701244558356,-2.9037904976641378,-0.4929674992052347,-1.694510321924831,1.9886336568213367
EXP,2023-04-11,4095,2007-01-03,2023-02-09,704,4055,4055,0.042509383374026155,0.00892696966772948,-0.00892696966772948,0.4649746192323881,-0.11714978560379598,-0.17579684783269311,-0.00892696966772948,-0.07931804060990115,0.09347041434400696,1.4761905210420432,1.0544763653401519,-0.5964877908510847,6.208650152730401,-2.3123130240633194,-2.9692779787097225,-0.56492435889588,-1.888521453104424,2.0470564796685435
EXP,2023-05-10,4116,2007-01-03,2023-03-13,725,4076,4076,0.04629178174627061,0.010264921859166895,-0.008535164444170804,0.44953382643293927,-0.11444311610814044,-0.17151717258239452,-0.008535164444170804,-0.08883862493797834,0.10204022744476833,1.5423654347736224,1.120266245909034,-0.6527836904160484,6.2668443516627725,-2.3408425444725998,-3.009535653405416,-0.5264052620838519,-2.0408542860430976,2.1955273751574635
EXP,2023-06-09,4137,2007-01-03,2023-04-12,746,4097,4097,0.047319658452474544,0.011765688244117264,-0.008446568802139684,0.44546477440201604,-0.1189720200841378,-0.1671250250178061,-0.008446568802139684,-0.08638821178523594,0.10607148440993304,1.5602234417422556,1.1392954763020078,-0.6450617096141157,6.273913997944005,-2.408524844478859,-2.978614380971715,-0.46978670241274434,-2.022761002826995,2.2557937654289044
EXP,2023-07-12,4158,2007-01-03,2023-05-11,767,4118,4118,0.04632289431733961,0.008529648928897121,-0.008529648928897121,0.4492679365557127,-0.12366068221070681,-0.16644229823117884,-0.008529648928897121,-0.08502042809224496,0.10369681380612582,1.5430809017286147,1.0974972807762204,-0.5852490047931771,6.267132801136316,-2.449774583239454,-2.9513382041703764,-0.40575535806587376,-1.9967635104442458,2.2157219443676888
EXP,2023-08-10,4179,2007-01-03,2023-06-12,788,4139,4139,0.04040907569797886,0.008561056935823604,-0.008561056935823604,0.4523967566709362,-0.12329341152499299,-0.17093519626913212,-0.008561056935823604,-0.09375918077169988,0.09352320825778919,1.4720103604134174,1.0364853802511984,-0.5262574236396811,6.2843563599943995,-2.440165769825379,-2.996659963255899,-0.4089631069876426,-2.0951823060464196,2.0924259581365807
EXP,2023-09-11,4200,2007-01-03,2023-07-13,809,4160,4160,0.039754702310151165,0.00848013551590243,-0.00848013551590243,0.4520998368184094,-0.11669151220980976,-0.17650708058325104,-0.00848013551590243,-0.10218495251941198,0.08732150901125939,1.468797960075059,1.0435497989093625,-0.5492485128716827,6.331280802890546,-2.376057163131217,-3.0814181595595374,-0.5069532010204563,-2.2049919759865744,2.0297183205092555
EXP,2023-10-10,4221,2007-01-03,2023-08-11,830,4181,4181,0.043558230780057355,0.009677641637530841,-0.008197695857157702,0.4431512827336384,-0.1094222463755866,-0.17730171444986664,-0.008197695857157702,-0.11682937055964891,0.08366412174935589,1.5313472412132136,1.1180531920939827,-0.6383924879655865,6.4058029287181615,-2.3347927061729927,-3.162823768279451,-0.5668369792994344,-2.4251488783600212,2.0205809438063715
EXP,2023-11-08,4242,2007-01-03,2023-09-12,851,4202,4202,0.046319201940772985,0.016795449250258786,-0.007886497615837125,0.43118424356591567,-0.1021779505810679,-0.1781208784051629,-0.007886497615837125,-0.12522486957550844,0.0844044114496392,1.5873228421163526,1.2129646145651691,-0.7311706532996634,6.467373028808644,-2.295606181074361,-3.2585549008151955,-0.7043064064375514,-2.587838805961729,2.0702394847637313
EXP,2023-12-08,4263,2007-01-03,2023-10-11,872,4223,4223,0.04851706756093702,0.018211238980661657,-0.007723266436645571,0.42404432886338744,-0.09666622063787692,-0.17724005640087168,-0.007723266436645571,-0.13179078916951883,0.08808376551345537,1.6281936271255888,1.2357971090347533,-0.7533244545870609,6.490479091221948,-2.2516235381860237,-3.294884656055605,-0.6625628511162805,-2.7064125684463534,2.140498858041632
EXP,2024-01-10,4284,2007-01-03,2023-11-09,893,4244,4244,0.048419807997101,0.010205908343268203,-0.007951831641482278,0.43130572643389076,-0.09985180905435667,-0.1764901617310088,-0.007951831641482278,-0.11726727537808505,0.10055564777932519,1.6089138978309054,1.128346635132805,-0.6753306678872835,6.423979604697621,-2.255708289062111,-3.219490674454342,-0.6068249416332016,-2.4747202992369393,2.264559567065745
EXP,2024-02-09,4305,2007-01-03,2023-12-11,914,4265,4265,0.04938192616784359,0.009264469084238912,-0.007996109179205778,0.4347455106344921,-0.10085219326589677,-0.17572602273782018,-0.007996109179205778,-0.11109434563303003,0.10294331411826677,1.6175744360302557,1.1158622134416518,-0.6397563333434886,6.436963164098188,-2.2612658357413027,-3.1976441141499565,-0.5674999146219329,-2.389355036846365,2.287417565357602
EXP,2024-03-12,4326,2007-01-03,2024-01-11,935,4286,4286,0.05460473190401922,0.014215027432876124,-0.0077232423045370206,0.4261235801168517,-0.09689916470616905,-0.17239992634249862,-0.0077232423045370206,-0.11902370908157675,0.10128737580693456,1.707018241185333,1.1840551788013371,-0.6728014734262354,6.517418246304733,-2.2546435924876476,-3.2322221619438545,-0.5391576517442703,-2.5411106422448544,2.3114618422295683
EXP,2024-04-11,4347,2007-01-03,2024-02-12,956,4307,4307,0.05738236616877786,0.017154098775488215,-0.007543274008811249,0.417683105351371,-0.09176425877162206,-0.17165590673470257,-0.007543274008811249,-0.1270666133340878,0.10220710284632804,1.7607090250433683,1.2274091959996498,-0.7017970382001174,6.5371593934341785,-2.216504380782573,-3.275615422881264,-0.5428541949194323,-2.684502156300595,2.3549435262054725
EXP,2024-05-10,4368,2007-01-03,2024-03-13,977,4328,4328,0.05856438977480357,0.020038540966242444,-0.0074022608276333775,0.40620791356798835,-0.08398922980227867,-0.17386893609973395,-0.0074022608276333775,-0.13772352042048833,0.104802947713198,1.7911689568702696,1.2707083880567485,-0.7767666255992007,6.48761956687035,-2.1346429389347983,-3.348862599527213,-0.562761437884592,-2.860560221092895,2.4158234916818677
EXP,2024-06-11,4389,2007-01-03,2024-04-12,998,4349,4349,0.0579745042253304,0.021185679161408025,-0.007414724948742901,0.4046958063555671,-0.0775112716463114,-0.1742754265878703,-0.007414724948742901,-0.14646833384238156,0.10305952828364544,1.781883409379325,1.2857244106539631,-0.8005150641439096,6.458001600237101,-2.045369480083718,-3.350396377379003,-0.5672192893631707,-2.9753711008149253,2.389930563791422
EXP,2024-07-12,4410,2007-01-03,2024-05-13,1019,4370,4370,0.05894630999513919,0.023122635945658786,-0.007349680643033962,0.40193601756706737,-0.07240736011244546,-0.17100366579547693,-0.007349680643033962,-0.15167266827031373,0.10621198102783064,1.8020254601267416,1.3146073560022564,-0.8165130308391932,6.468754862811936,-1.9851769570569473,-3.3266815811589647,-0.5129279730441965,-3.0636633839875658,2.4451237568872943
EXP,2024-08-12,4431,2007-01-03,2024-06-12,1040,4391,4391,0.060847976906079994,0.024386120609555147,-0.007584280650630053,0.4051735927895298,-0.06844240944416091,-0.17445729477559527,-0.007584280650630053,-0.14155575802343015,0.10996828615038871,1.80229068133212,1.321535050361425,-0.8344589822643996,6.342281113448388,-1.9024245356542175,-3.3002484060383828,-0.47860084739020964,-2.8664361795692597,2.4499501167754554
EXP,2024-09-11,4452,2007-01-03,2024-07-15,1061,4412,4412,0.0627993360872079,0.026885353362879817,-0.007760826420096892,0.40550736199798765,-0.061485427787557154,-0.17955158662261336,-0.007760826420096892,-0.13540665071249922,0.11284263058906109,1.8091836189582484,1.3464238459612934,-0.8786909028365655,6.225053880188767,-1.7922536139751664,-3.3135627174660054,-0.5779409027949013,-2.7447452549880467,2.4540027631187797
EXP,2024-10-10,4473,2007-01-03,2024-08-13,1082,4433,4433,0.06540261504556437,0.02943366964702484,-0.007602322089005202,0.39915975501431195,-0.05806598324299915,-0.17801732960668726,-0.007602322089005202,-0.14298704758929123,0.11172895567611087,1.8602978705697353,1.3871668327443407,-0.907484059220045,6.250497812919471,-1.7637927275795986,-3.341617831006442,-0.6121916886136209,-2.8808338546466628,2.469668798138637
EXP,2024-11-08,4494,2007-01-03,2024-09-12,1103,4454,4454,0.06787354021913154,0.030237950188091316,-0.007503837915984342,0.39324808461188326,-0.058727044821844085,-0.17519465887389934,-0.007503837915984342,-0.14771536312603328,0.11199568232714853,1.9045176745429209,1.4029664623176332,-0.8859917176007347,6.24062605049349,-1.7826267768490354,-3.3347340499014173,-0.572528149507555,-2.9685308342198673,2.4925120129338123
EXP,2024-12-10,4515,2007-01-03,2024-10-11,1124,4475,4475,0.06968784490256899,0.030525354342948334,-0.007384708706036601,0.38846338050113866,-0.05791380168147994,-0.17194621517174216,-0.007384708706036601,-0.14775241533766295,0.11894157065038584,1.9436776408743508,1.413358949663045,-0.8589548458485664,6.260375134141592,-1.784239487119357,-3.3284089057051824,-0.4891022751380418,-3.0007886731792595,2.6106467483701494
EXP,2025-01-13,4536,2007-01-03,2024-11-11,1145,4496,4496,0.0690528982288948,0.03086813660910568,-0.0072721111591072165,0.3883154703677809,-0.06068767204227656,-0.16913836821947534,-0.0072721111591072165,-0.14919341897952798,0.11819981323472446,1.9495577930270842,1.4244728378560059,-0.8438529022806678,6.339790081199112,-1.8345261879870258,-3.3258495988149908,-0.4701494707980346,-3.051583312126436,2.625385127490758
EXP,2025-02-12,4557,2007-01-03,2024-12-11,1166,4517,4517,0.06795148494725756,0.03195716796132033,-0.0071499729164844475,0.3866429454764517,-0.06407369739411627,-0.16653949333184223,-0.0071499729164844475,-0.15779293336246678,0.11074233169357628,1.9503740187685699,1.4469550910835236,-0.8508903649805876,6.407614126551954,-1.8961390223785701,-3.3292325058725907,-0.49477439071011164,-3.2069025324371663,2.548849666804429
EXP,2025-03-14,4578,2007-01-03,2025-01-14,1187,4538,4538,0.06815144631399016,0.034603020725895245,-0.007098983579182145,0.38450455675656037,-0.05955583245578573,-0.16835151451113056,-0.007098983579182145,-0.1642252915780591,0.10641037050021464,1.9600169595242494,1.4874362694311483,-0.9274365086447639,6.4163325279991446,-1.8389346417201744,-3.3714875887982534,-0.6197196170754231,-3.3133634519123523,2.498952199470701
EXP,2025-04-14,4599,2007-01-03,2025-02-13,1208,4559,4559,0.06793994365364274,0.03803696283129146,-0.007049139147572976,0.37815108056079405,-0.04941269726161609,-0.17205481300687303,-0.007049139147572976,-0.17124641764609816,0.10905980674453868,1.9638048310769198,1.5395972761353083,-1.0411423665051225,6.364500155894806,-1.700974916612746,-3.4407918386192113,-0.7701308035909226,-3.4293238374370643,2.547136529175879
EXP,2025-05-14,4620,2007-01-03,2025-03-17,1229,4580,4580,0.0721052759541611,0.040656631323202824,-0.006918929074415772,0.37007461477828896,-0.04074848082221987,-0.17143680327442454,-0.006918929074415772,-0.17558964666812696,0.11555068903074418,2.0421450368784075,1.587614512100427,-1.0885648467917488,6.348726815927619,-1.5889420224424058,-3.477793910452833,-0.7739964433931662,-3.537815387028716,2.6700661010967393
EXP,2025-06-13,4641,2007-01-03,2025-04-15,1250,4601,4601,0.07402846503429465,0.037073774566294994,-0.006867382985830949,0.3688707731395583,-0.04237830037842141,-0.16818982998892176,-0.006867382985830949,-0.181722653411685,0.11400143750916215,2.077971990014727,1.5398530217811799,-1.0163984309024054,6.371344133575,-1.6170953398966967,-3.4491109689955772,-0.6691638276339635,-3.646170364848185,2.660041936562652
EXP,2025-07-16,4662,2007-01-03,2025-05-15,1271,4622,4622,0.07201273302614364,0.03150939130973257,-0.006895570638963714,0.36822614114398394,-0.045792700998722076,-0.16750048810459117,-0.006895570638963714,-0.18598232479904817,0.11518507933985092,2.0443331929519024,1.4569511786549967,-0.9126895060236976,6.340038706344426,-1.6640886359711622,-3.429102635220972,-0.6430044509370646,-3.6971273957828403,2.6704212801329708
EXP,2025-08-14,4683,2007-01-03,2025-06-16,1292,4643,4643,0.07060705145094456,0.02861221304933853,-0.007019969717496135,0.368083551131728,-0.04537247769270839,-0.1684668275822413,-0.007019969717496135,-0.18661294387560512,0.11820499578244198,2.005802792495927,1.4075831406797559,-0.8304830497670082,6.243378047833163,-1.6463343791872045,-3.3998227109493806,-0.5407015935053259,-3.658315511112572,2.6838391124086365
EXP,2025-09-15,4704,2007-01-03,2025-07-17,1313,4664,4664,0.07069180642888309,0.0271258664802966,-0.00708069011477915,0.37089899633934004,-0.043962514530096385,-0.16829916664044728,-0.00708069011477915,-0.185175951372887,0.11968431797849136,1.998374526818111,1.3830963654754247,-0.7866658098342398,6.2381758038694874,-1.6208789513092199,-3.3768751903033483,-0.472492544583348,-3.61522462318156,2.6902917094010457
EXP,2025-10-14,4725,2007-01-03,2025-08-15,1334,4685,4685,0.07278867046141453,0.025970489872939994,-0.007205253905953279,0.37126524214029344,-0.047147270414884715,-0.1640091829059918,-0.007205253905953279,-0.1878499617315434,0.11655867466102553,2.010216592107511,1.3604382331548663,-0.7175533697274523,6.1527017227462135,-1.6543457181422807,-3.2762443218063506,-0.44420025964634496,-3.607124803420654,2.617690038163956
EXP,2025-11-12,4746,2007-01-03,2025-09-16,1355,4706,4706,0.07666787706774297,0.027189393292319924,-0.007360029634523426,0.36601372886283645,-0.05161488001057855,-0.15585155280093402,-0.007360029634523426,-0.1928033524914156,0.11513915620512569,2.0416789180864128,1.3694196170730566,-0.6614159199110345,5.97299259701332,-1.7012863068984192,-3.1175397456266585,-0.33855541594498234,-3.6196002199099837,2.5643844104247435
EXP,2025-12-12,4767,2007-01-03,2025-10-15,1376,4727,4727,0.07752895941670815,0.029595816144889407,-0.0074292880016228885,0.3650239983671846,-0.05119165418781778,-0.15749626514222542,-0.0074292880016228885,-0.18671408256961872,0.11759064816831018,2.0435584055938114,1.398366790174568,-0.680488842256192,5.913310646827085,-1.689051954596931,-3.1199375378612486,-0.3718867201291947,-3.5132163745547627,2.582798353524902
EXP,2026-01-14,4788,2007-01-03,2025-11-13,1397,4748,4748,0.07652075983120146,0.03009865486026622,-0.0074419551003971065,0.36407975909853185,-0.04969565141554359,-0.16107438121314469,-0.0074419551003971065,-0.18134219429462395,0.12230468908589405,2.028234634566907,1.4044455315063664,-0.6789590732832588,5.892259549901133,-1.6677768240350148,-3.16440947358779,-0.34215889844104613,-3.4367547485599244,2.6434483604902135
EXP,2026-02-13,4809,2007-01-03,2025-12-15,1418,4769,4769,0.07694487625486117,0.031146301468845762,-0.007486126816326151,0.3594846697829908,-0.04536755525984684,-0.16514730361710617,-0.007486126816326151,-0.1854671242407093,0.12146991574298767,2.0278329253928162,1.4160536180194039,-0.6717175031387724,5.802011488758208,-1.6060217302344761,-3.206044696664021,-0.35577990488790884,-3.47747772367725,2.6226002941611877
EXP,2026-03-17,4830,2007-01-03,2026-01-15,1439,4790,4790,0.08098760545258758,0.035828384987593644,-0.007582536746725071,0.3539168206299858,-0.04010049602011456,-0.1711395160093921,-0.007582536746725071,-0.18271513756449723,0.12014696584237898,2.068080619425504,1.472511854335135,-0.7167538694685134,5.667525294656093,-1.5288533027872782,-3.257021913982916,-0.45233058761272854,-3.4096835091951605,2.5845220386735477
EXP,2026-04-16,4851,2007-01-03,2026-02-17,1460,4811,4811,0.0838530080149255,0.040081945755557846,-0.00755222406553228,0.34434169809568455,-0.03977819661249951,-0.1731669561744418,-0.00755222406553228,-0.1812820803309007,0.12239166688492543,2.1103087949631107,1.530730357147221,-0.7513163407315367,5.559474071581527,-1.526708374477975,-3.2929266223013873,-0.5089433858740913,-3.4003800570252807,2.620604285875346
EXP,2026-05-15,4872,2007-01-03,2026-03-18,1481,4832,4832,0.0897341142282268,0.040242384913403886,-0.007676362374670424,0.34240178715776065,-0.04454931614762179,-0.17265088455659597,-0.007676362374670424,-0.18195088815729335,0.11311790008975658,2.168966625707003,1.524237691620592,-0.6981196271569434,5.46046930102699,-1.5803441001511405,-3.2491236881454357,-0.4129558657008054,-3.3702748681807146,2.473587287424184
EXP,2026-06-16,4893,2007-01-03,2026-04-17,1502,4853,4853,0.09246053144846866,0.039570712633886077,-0.007699800219042124,0.34099292251529095,-0.04944442928555254,-0.1703457390330269,-0.007699800219042124,-0.18484853025526427,0.10693753439042643,2.200817278606886,1.5139186927996526,-0.6464556824036601,5.428594415631623,-1.6421521062750841,-3.2123397255392474,-0.2795245340892476,-3.4006925504134693,2.3888351820604736
EXP,2026-07-17,4914,2007-01-03,2026-05-18,1523,4874,4874,0.09244990200608459,0.040645192944567324,-0.007767488118939001,0.3469923546983591,-0.04982212205942231,-0.17369192226598096,-0.007767488118939001,-0.17373889247370816,0.10712463731399963,2.1902162010479236,1.5232733197938801,-0.6431655602000372,5.467240237578329,-1.6414187095818533,-3.236140173069314,-0.2463457505322286,-3.236744875735195,2.379141308923332
