ticker,src,n,med_o_c,min_o_c,max_o_c,frac_close_outside_lowhigh
A,local,5201,0.9994170858114906,0.9134752035928176,1.098418286945563,0.0
AA,local,5201,1.000337275851956,0.8557617416261055,1.2086677038326006,0.0
AADX,local,66,1.0096597812930226,0.8379357220924851,1.1122580497495589,0.0
AAL,local,5201,1.001363292705204,0.6885246066400523,1.4340344115961692,0.0
AAMI,local,2994,0.9993138643167861,0.8182973508090418,1.2305630372967193,0.0
AAOI,local,3255,1.0016407266982894,0.7024495619316301,1.3720929394418204,0.0
AAON,local,5201,0.9995636846306332,0.8188730905083986,1.2031504489327227,0.0
AAP,local,5201,1.0002660897226932,0.8720987578968943,1.1735121242139581,0.0
AAPL,local,5201,0.9994613189394632,0.8647221104872884,1.1364240364474263,0.0
AB,local,5201,1.0,0.7512953664866775,1.290060840940353,0.0
ABBV,local,3440,0.9992898783463677,0.9244854932066257,1.1162212669805198,0.0
ABCB,local,5201,1.0,0.746533128471026,1.2974359702803246,0.0
ABG,local,5201,0.999570423208159,0.7127659709381272,1.450000047683716,0.0
ABM,local,5201,0.999489002093113,0.835503732206686,1.1655292983471035,0.0
ABNB,local,1440,0.999322068000976,0.8714968976499616,1.105905092646502,0.0
ABT,local,5201,0.9994010061921164,0.9314105522766226,1.1014926003656325,0.0
ACA,local,1968,0.9997444580264734,0.8941176585367757,1.1287752827361142,0.0
ACAD,local,5201,1.000833699789683,0.6666666503142269,1.2763157803926444,0.0
ACGL,local,5193,0.9992879023596165,0.883046872112178,1.1041560106304835,0.0
ACHC,local,5201,1.0,0.7249999751647324,1.2745097810055184,0.0
ACI,local,1556,1.000472945423393,0.8920713120567022,1.1279863486783037,0.0
ACIW,local,5201,0.9994518768582535,0.7931034801689507,1.3832418123599148,0.0
ACLS,local,5201,1.0,0.7777778287219205,1.72727281063587,0.0
ACM,local,4862,0.9993011720063875,0.8620689788581426,1.1611151503094403,0.0
ACMR,local,2221,1.001817984856867,0.7309090457474929,1.3504128502949808,0.0
ACN,local,5193,0.9988538420120789,0.8952958863963805,1.086649575614927,0.0
ACT,local,1248,0.9994610120353127,0.9395500981113674,1.088618547680815,0.0
AD,local,5201,0.9993496077758627,0.759774907991328,1.1755601428608056,0.0
ADBE,local,5201,0.9991086941477325,0.8921811105290515,1.1495759090549131,0.0
ADC,local,5201,0.9998277636233487,0.8008000183105469,1.4189887095388398,0.0
ADEA,local,5201,1.0,0.7939763349424079,1.6375267662777524,0.0
ADI,local,5201,0.9997359830521467,0.8444794737747184,1.0886075949367089,0.0
ADM,local,5201,0.9995673705827014,0.9033149191647752,1.1693766984362841,0.0
ADP,local,5201,0.9992344323104998,0.895096449523963,1.09195397634742,0.0
ADPT,local,1808,1.0014413359522352,0.8248337477058951,1.2718204972729197,0.0
ADSK,local,5201,0.9989380287913093,0.9034265659844053,1.166168279154366,0.0
ADUS,local,4239,0.9999130324663533,0.7843526085792466,1.2334194761658221,0.0
AEE,local,5201,0.999513891876203,0.8715406996613173,1.1361830550336,0.0
AEHR,local,5201,1.0,0.6774595564286023,1.3389831467354283,0.0
AEIS,local,5201,1.0,0.8333333132644296,1.191561224175545,0.0
AEO,local,5201,1.000320992830089,0.8320610742595089,1.1728506619405847,0.0
AEP,local,5201,0.9995383622063134,0.883596200465345,1.1329601176453754,0.0
AES,local,5201,1.0,0.8066038351204982,1.1663179005359627,0.0
AFG,local,5201,0.9994447402135066,0.7055531516411984,1.2099643963855948,0.0
AFL,local,5201,0.9995265603439611,0.7652091103089288,1.4065502017916585,0.0
AFRM,local,1418,1.0011110316117926,0.783813726481145,1.282208545883956,0.0
AGCO,local,5201,0.9995668391686326,0.8142889776396145,1.2025009425179463,0.0
AGIO,local,3300,0.9995584649482274,0.790709143434121,1.1945555608042566,0.0
AGM,local,5201,1.0,0.6551723840262188,2.3202702506778015,0.0
AGNC,local,4606,1.0,0.8881957818308023,1.1500513984414236,0.0
AGX,local,5201,1.0,0.625,1.327868935754947,0.0
AGYS,local,5201,1.0,0.7150684457264613,1.5683333079020183,0.0
AHR,local,647,0.9981294872527837,0.9247163794235048,1.0608365181705062,0.0
AIG,local,5201,1.000313585107345,0.49333333333333335,1.6132931718298766,0.0
AIR,local,5201,0.9998530651671687,0.7360248026401377,1.3887712118039024,0.0
AIT,local,5201,0.9996590894786608,0.8549775079759366,1.2844208853432728,0.0
AIZ,local,5201,0.9994626080420894,0.8113813475141795,1.231163653444615,0.0
AJG,local,5201,0.9993048155215348,0.8472923706469931,1.1376693172436507,0.0
AKAM,local,5201,0.9997263357992346,0.8493306129421091,1.2002189515165542,0.0
AKR,local,5201,0.9996370845078009,0.8219936757210143,1.2031088202722116,0.0
ALAB,local,618,0.9990347652843006,0.8349411908318015,1.22943714960842,0.0
ALB,local,5201,0.9994829250877487,0.8379361194984963,1.18439718124224,0.0
ALG,local,5201,1.0,0.8253012228926527,1.1473281904809327,0.0
ALGM,local,1469,1.0008628325064866,0.8136030990515807,1.193223410433651,0.0
ALGN,local,5201,0.9997815827690888,0.8184615648709811,1.2125534554163393,0.0
ALGT,local,4965,1.00023925152702,0.803921568627451,1.2645553327516346,0.0
ALH,local,228,1.0003770825305136,0.9396914892478678,1.1395592823685625,0.0
ALHC,local,1368,0.9989327858670523,0.7937499565382816,1.1947079123731883,0.0
ALK,local,5201,1.0,0.6856383439586861,1.2162162005422412,0.0
ALKT,local,1356,0.9994972412100991,0.8424836720674344,1.1341542225459236,0.0
ALL,local,5201,0.9996029291604567,0.828951858235487,1.2550066629877838,0.0
ALLE,local,3210,0.9995345921669607,0.9235379043271706,1.1623612406110737,0.0
ALLY,local,3171,1.0,0.8879336249452479,1.232576973263424,0.0
ALM,local,3326,1.0,0.7300683484700871,1.220095707122112,0.0
ALMR,local,98,1.0018865988477532,0.7929997331693823,1.108695724786169,0.0
ALMS,local,549,1.0010256645007012,0.7184959412629671,1.4249999523162842,0.0
ALNY,local,5201,1.0,0.7150313109796584,1.2100450138899417,0.0
ALRM,local,2815,0.9993783210208703,0.8559722083156232,1.2175627844145687,0.0
ALSN,local,3640,0.9996586676815287,0.8964767644862465,1.1039230013975627,0.0
AM,local,2348,1.0,0.8076923121009354,1.2979797517605045,0.0
AMAT,local,5201,0.9996635751470647,0.8654244675652636,1.1221303840014614,0.0
AMBA,local,3495,0.9998606556645226,0.7912587060013812,1.2909437887404567,0.0
AMCR,local,3590,1.0,0.8654105035092133,1.0810502123035832,0.0
AMD,local,5201,1.0014236685245212,0.7994987592972042,1.1839623235646188,0.0
AME,local,5201,0.9996344287083916,0.8996108786112483,1.1158276830725138,0.0
AMG,local,5201,1.0,0.8220157389667242,1.210058141833918,0.0
AMGN,local,5201,1.0,0.9207626565613997,1.1040406378817238,0.0
AMH,local,3294,0.9996863469330857,0.9187203100311616,1.1004126576325595,0.0
AMKR,local,5201,1.0,0.7939698670067625,1.3045976830372992,0.0
AMLX,local,1169,0.9996446258316012,0.8129692940297123,1.5059338079744324,0.0
AMP,local,5201,0.9991197775104546,0.7742843929381735,1.2791262084233885,0.0
AMR,local,1401,0.9992329639777879,0.8636425712977462,1.1913297827396172,0.0
AMRX,local,2095,1.0006998060817727,0.85638298850461,1.2805194676515523,0.0
AMT,local,5201,0.9997192172793322,0.8512922533659774,1.1088971450314145,0.0
AMTM,local,489,1.0028536360727591,0.813953488372093,1.125058136003444,0.0
AMZN,local,5201,0.9999580754838583,0.8618839104323194,1.1367704875869111,0.0
AN,local,5201,0.9998473112022811,0.8241758004232191,1.2046511450479196,0.0
ANDE,local,5201,1.0,0.6385696103089393,1.1737313341738573,0.0
ANDG,local,180,0.9931006507598448,0.8881889686913221,1.128135243288868,0.0
ANET,local,3081,0.9989493479200868,0.8772187302815904,1.108793245225018,0.0
ANF,local,5201,1.0,0.8211137506700135,1.1871837972082164,0.0
AON,local,5193,0.999252273676582,0.9074319697742895,1.1768034022568765,0.0
AOS,local,5201,0.9995951324464394,0.8843142934691363,1.102017989933689,0.0
APA,local,5201,1.0003499030408864,0.8210652913666387,1.4052355820174374,0.0
APAM,local,3396,0.9997837015229376,0.8944534670606946,1.1232032687334832,0.0
APD,local,5201,0.9996701497614039,0.903705512373159,1.1185978922008375,0.0
APG,local,1597,1.0,0.9067460616738573,1.0833333730697632,0.0
APGE,local,789,0.9997032918753256,0.8441998232674399,1.2046380845009848,0.0
APH,local,5201,0.9994201085302887,0.8949111753288208,1.1559258920175057,0.0
APLD,local,1103,1.0029112749129727,0.6415094753396453,1.6538462878684372,0.0
APLE,local,2843,1.0,0.8109374968567864,1.2024793364003288,0.0
APO,local,3882,0.9994750616985404,0.849812646563171,1.1438152231150187,0.0
APP,local,1355,0.9985627570405138,0.852160331830947,1.2306074618681888,0.0
APPF,local,2815,0.9988235473632813,0.7819719784572663,1.1944768410714972,0.0
APPN,local,2333,0.9993506963990124,0.7594766788075393,1.3647857666015626,0.0
APTV,local,3712,0.9999170368214492,0.8188762455108216,1.3228018502930836,0.0
AR,local,3245,1.0008196909047686,0.7719298380147958,1.1868131997691533,0.0
ARCB,local,5201,1.0002564329598047,0.8266443412614464,1.2763945976768698,0.0
ARCC,local,5201,1.0,0.8323917370854581,1.277685913284998,0.0
ARE,local,5201,0.999445231125476,0.845573571519861,1.2613872801254047,0.0
ARES,local,3105,0.9994623532969494,0.852778027857446,1.1167011709972932,0.0
ARLP,local,5201,1.000867322559708,0.594444441010432,1.3685566459176963,0.0
ARMK,local,3201,0.9996895905596176,0.7120963687556743,1.177931886677664,0.0
AROC,local,4791,1.0,0.6189111976871895,1.7380953624405346,0.0
ARQT,local,1658,1.001783879042201,0.7312723383943466,1.224086819194931,0.0
ARR,local,4719,1.0,0.7845352237086322,1.4502103380110545,0.0
ARW,local,5201,0.9995968796244054,0.8888889600489622,1.1167512817318594,0.0
ARWR,local,5201,1.0030511031960747,0.605769271328606,1.6955902874174884,0.0
ARXS,local,99,0.999143626025057,0.8413410204001172,1.0830783393705024,0.0
ASB,local,5201,0.9995229808220455,0.8261049465642986,1.1907216925615465,0.0
ASH,local,5201,0.9999196522509309,0.880579704247811,1.3078359462488547,0.0
ASO,local,1488,1.0006437996120403,0.811071805936882,1.140816335467585,0.0
ASTS,local,1719,1.0,0.6630971962997123,1.276595757378563,0.0
ATI,local,5201,1.000281722205138,0.8248974359793926,1.2351816471487098,0.0
ATKR,local,2574,1.0,0.7698360505651255,1.5535116943515286,0.0
ATMU,local,822,1.0003621786625438,0.877390313780293,1.1211226517236712,0.0
ATO,local,5201,0.9996312600083931,0.8899990767648827,1.146751763036308,0.0
ATR,local,5201,0.999464068242704,0.842200182513827,1.1105057972600894,0.0
ATRC,local,5201,1.0,0.6170886059236,1.6338797483159735,0.0
ATRO,local,5201,1.0,0.6177606323677675,1.3921303119210928,0.0
AU,local,5201,1.0005575817775085,0.7302405881188561,1.2523426780439462,0.0
AUB,local,5201,1.000252993962991,0.8027118747517213,1.2565444775217969,0.0
AUGO,local,288,0.9962585174750439,0.8967525051482051,1.1147773571013082,0.0
AVA,local,5201,0.9997543679781281,0.854657900776734,1.2989491542839335,0.0
AVAH,local,1346,1.0,0.789189199638506,1.238709687839314,0.0
AVAV,local,4937,1.0005926061559607,0.8111872482451662,1.3840979757431833,0.0
AVEX,local,98,1.0080723768801922,0.7996541328541842,1.20649656724662,0.0
AVGO,local,4297,0.9995892396859889,0.8621239497075954,1.1098198868199338,0.0
AVNT,local,5201,1.0,0.7711294321514929,1.3800591692301174,0.0
AVPT,local,1717,1.0,0.8583691268190418,1.1480297485438187,0.0
AVT,local,5201,0.9997471654225669,0.8672839215462804,1.1611924446252093,0.0
AVTR,local,1836,1.0,0.8147428978322548,1.1531127063330286,0.0
AVY,local,5201,0.9993985045438717,0.8523149999996056,1.1388766540367143,0.0
AWI,local,5001,0.9994457221406937,0.8222384570875164,1.1330247176195836,0.0
AWK,local,4622,0.9995404306628377,0.8760288940870373,1.1433111526000106,0.0
AWR,local,5201,0.9997646833083373,0.8002794574346536,1.1344459210904676,0.0
AX,local,5201,1.0,0.7719569191939527,1.3477253082331662,0.0
AXGN,local,5201,1.0,0.5,1.6249999161809696,0.0
AXON,local,5201,1.0,0.8423585615562311,1.2449275411394707,0.0
AXP,local,5201,0.9995024665360662,0.8650709688435936,1.1723502532056642,0.0
AXSM,local,2713,1.000888764921904,0.7772021032620803,1.3500931386416943,0.0
AXTA,local,2970,1.0004578939836968,0.8480781047075088,1.1860391477585521,0.0
AXTI,local,5201,1.0,0.7642857647672,1.3101736811223255,0.0
AYI,local,5201,0.9993494728502934,0.8482063946028269,1.173230645383727,0.0
AZO,local,5201,0.9996511230922895,0.9054347824799253,1.1627906976744187,0.0
AZZ,local,5201,1.0,0.8770174460219713,1.189024352422197,0.0
BA,local,5201,1.0,0.8633876369846767,1.1793420950588334,0.0
BAC,local,5201,1.0001834917728574,0.8230593435803241,1.2705882627933776,0.0
BAH,local,3972,0.9995685512547638,0.8812649317457122,1.1194133199747618,0.0
BALL,local,5201,0.9995845714066613,0.9190484422808168,1.1285425591007814,0.0
BAM,local,943,1.0,0.8962143551551268,1.0851755793152877,0.0
BANC,local,5201,1.0,0.758342977077246,1.4200709987646276,0.0
BANF,local,5201,1.0,0.7953747130462089,1.2083027266467332,0.0
BANR,local,5201,1.000427542930431,0.7230154439685799,1.6045454348414394,0.0
BATRA,local,2612,1.0010173846739536,0.872682300323707,1.8045112735201176,0.0
BATRK,local,2612,1.0,0.8527918391621028,1.4106583282245237,0.0
BAX,local,5201,0.9996282976266266,0.8878048532377414,1.0950515568263952,0.0
BBIO,local,1808,1.0006106096172553,0.788780491526534,1.287405822094468,0.0
BBT,local,5201,1.0,0.8901809081624751,1.1936254433920592,0.0
BBWI,local,5201,1.0,0.758431373710119,1.230042976343417,0.0
BBY,local,5201,1.0,0.8643056123640519,1.139398292439035,0.0
BC,local,5201,1.0,0.6786885133131764,1.3930348087568654,0.0
BCC,local,3416,1.0,0.8592622231868583,1.331893415603361,0.0
BCO,local,5201,1.0,0.8913087170902327,1.184350677104862,0.0
BCPC,local,5201,0.9994285583496094,0.8807388030829633,1.2265517136146282,0.0
BDC,local,5201,0.999541168669565,0.7873734095394236,1.2535120914455535,0.0
BDX,local,5201,0.9995199893631141,0.927335223300206,1.1080279138730589,0.0
BE,local,2040,1.0015844245860834,0.7299771489152663,1.3000000310980762,0.0
BEAM,local,1654,1.0018204459054805,0.7964998932706412,1.28,0.0
BELFA,local,5201,1.0,0.6415335595257929,1.242187451687642,0.0
BEN,local,5201,0.9997025829344992,0.8745963437420026,1.1961814423939838,0.0
BEPC,local,1537,1.0007111859821547,0.9194865900997105,1.1417612998754043,0.0
BETA,local,210,1.0006423131457072,0.8785350501180841,1.1475000381469727,0.0
BF.B,local,5201,0.999755369405322,0.8615140368940327,1.163561963726562,0.0
BFAM,local,3424,0.9995921767640046,0.8473082439897844,1.211346925025104,0.0
BFH,local,5201,0.9996467276331689,0.807188769834073,1.275099528402802,0.0
BG,local,5201,0.9998573365262674,0.8596083963310922,1.17597823156098,0.0
BGC,local,5201,1.0,0.7378047732885732,1.2145748847168965,0.0
BHE,local,5201,1.0,0.8173237134901864,1.2615803864277857,0.0
BHF,local,2298,0.9995239469716068,0.7534754534924677,1.2054896551802203,0.0
BHVN,local,991,1.0027662490835065,0.706122417839206,1.1645445934279044,0.0
BIIB,local,5201,1.0000667629301272,0.7119759116829213,1.1144947143454844,0.0
BILL,local,1691,1.0002083417625236,0.770523985938741,1.2027218248410811,0.0
BIO,local,5201,0.9994680892843397,0.8683629518289022,1.2827091217497955,0.0
BIPC,local,1617,0.9992436011242488,0.9144625538206114,1.1871542527516026,0.0
BJ,local,2058,0.999554054356162,0.8768669370126109,1.1679389118474448,0.0
BKD,local,5201,1.0003767264954144,0.7759259228189623,1.5218120195925668,0.0
BKE,local,5201,1.0,0.8521624383023988,1.1598078891181154,0.0
BKH,local,5201,0.9995674292724308,0.8909090909090909,1.1217357299389095,0.0
BKNG,local,5201,0.9996114967905817,0.864115864445656,1.1136605628783107,0.0
BKR,local,5201,1.0001229367767384,0.8487394280683674,1.200988477917585,0.0
BKU,local,3924,0.9997086152217254,0.8255451417226366,1.312691633872782,0.0
BKV,local,487,0.998620658085264,0.8837614211533026,1.1098236908454089,0.0
BLDR,local,5201,1.0,0.7258064405510022,1.7850466466442598,0.0
BLK,local,5201,0.9998124746014656,0.8531330419712312,1.1335069983234711,0.0
BLKB,local,5201,0.9992596527823512,0.8198491907975228,1.2079963662695425,0.0
BLLN,local,208,1.000217087057075,0.864363653009588,1.1829403983432891,0.0
BLTE,local,1092,0.9989958389601323,0.8263735928378262,1.2849162869635042,0.0
BMI,local,5201,1.0,0.7808219178082192,1.2778260604194975,0.0
BMNR,local,315,1.0087673176515894,0.424296287254051,1.8133992153799074,0.0
BMRN,local,5201,1.0,0.8511937661789708,1.1562074310615762,0.0
BMY,local,5201,0.9998248059998832,0.9156682092458063,1.1271582814226877,0.0
BNL,local,1499,0.9994649422902041,0.9407552169432167,1.0646829911939342,0.0
BNY,local,5201,0.9996298267959365,0.8325581513634024,1.2969810917692364,0.0
BOBS,local,147,0.9978201136405568,0.8445145812812778,1.0852557076258458,0.0
BOH,local,5201,0.9995294309129902,0.8823082625849888,1.2831857728675586,0.0
BOKF,local,5201,0.9995363403290286,0.8860118385531592,1.1722801194932877,0.0
BOOT,local,2979,0.9994222860086442,0.8406149378580089,1.3632887358390533,0.0
BOX,local,2922,1.0,0.8231760057171346,1.1165311398170228,0.0
BPOP,local,5201,1.0,0.7657143002464658,1.800812949191257,0.0
BR,local,4896,0.9994420974772529,0.87439784101063,1.1230170513023348,0.0
BRC,local,5201,1.0,0.8727849458188912,1.1497078168864205,0.0
BRK.B,local,5201,1.0000327127224564,0.793650809669511,1.0941430415528546,0.0
BRKR,local,5201,0.999466369850375,0.7284767769262194,1.4207649418906838,0.0
BRO,local,5201,0.9996447520775364,0.9180584703900049,1.1395965572964895,0.0
BROS,local,1249,1.0009552777400608,0.819627563924477,1.1638056806249222,0.0
BRX,local,3231,0.9994660849371999,0.8770203755238507,1.2010256449381511,0.0
BRZE,local,1204,0.9996374695422452,0.8633938368618436,1.1667135326413471,0.0
BSM,local,2855,1.0007722184578476,0.8846153752103126,1.1434343566676577,0.0
BSX,local,5201,1.0,0.8291721198519211,1.189781014276139,0.0
BSY,local,1495,0.9990344939601088,0.8360704268941042,1.208,0.0
BTSG,local,655,0.9974359202170724,0.8520823244198336,1.1634567457022205,0.0
BTU,local,2370,1.0008461981967804,0.7254902189944812,1.2996390870490364,0.0
BURL,local,3251,0.9996326146534131,0.8794458622974334,1.2623312159997517,0.0
BUSE,local,5201,1.0,0.8082728255656229,1.2426920196068347,0.0
BWA,local,5201,0.9995266488977947,0.8041627598919127,1.1352996234260773,0.0
BWIN,local,1725,0.9993780952158405,0.8517786544503373,1.2352611263167106,0.0
BWXT,local,4049,0.9997642673542652,0.8843197472741117,1.1451942382939113,0.0
BX,local,4832,1.0002900441392661,0.7620528915937241,1.4787599951979316,0.0
BXDC,local,79,1.0022778694907823,0.9463868771573268,1.0496454450755277,0.0
BXMT,local,5201,1.0002931199458898,0.5161290053221178,1.3642384013943096,0.0
BXP,local,5201,0.9997563167967178,0.8169655109273977,1.1712128327146183,0.0
BXSL,local,1218,0.9996730076693383,0.9072093633909725,1.0826211296851493,0.0
BYD,local,5201,1.0005466550591977,0.6690454928169438,1.238520388923949,0.0
C,local,5201,1.0003007256985936,0.8132992449630874,1.4429708335538336,0.0
CACC,local,5201,0.9997236854486307,0.8272095507597195,1.1796609910867981,0.0
CACI,local,5201,0.9994382682763429,0.878735344607092,1.1120917143410276,0.0
CAG,local,5201,0.9996397612103967,0.843807418485903,1.149505727269735,0.0
CAH,local,5201,0.9995353053592418,0.9183333425810842,1.1602469550238714,0.0
CAI,local,306,1.0017192457246997,0.9088541261368897,1.2186102814846598,0.0
CAKE,local,5201,1.0,0.8062349716253309,1.3156565626158228,0.0
CALM,local,5201,0.9994206492853592,0.8312383105390119,1.210305579183136,0.0
CALX,local,4139,1.0,0.8454794687767551,1.2443324991485694,0.0
CALY,local,5201,1.000606810021821,0.7642163938598189,1.2827714810668864,0.0
CAR,local,5201,1.0,0.4880029019766063,1.7544296536459976,0.0
CARG,local,2236,0.9997270965415685,0.7355958673009243,1.1424843196230539,0.0
CARR,local,1625,1.0,0.8126477504728071,1.1792168796910383,0.0
CART,local,744,0.9988848239537752,0.9160475400268658,1.2462907729719763,0.0
CASY,local,5201,0.9996595087301298,0.860775315362489,1.1955850057300457,0.0
CAT,local,5201,0.999907361895736,0.8995050030942375,1.1059955504002739,0.0
CATY,local,5201,1.0,0.8119325807923563,1.2469059287619444,0.0
CAVA,local,809,1.0005337590194414,0.859271394872416,1.1761467139509123,0.0
CB,local,5193,0.9997067725910127,0.8741549218082715,1.25045756421058,0.0
CBC,local,197,0.9987023924932305,0.9672795502627671,1.046528812128202,0.0
CBOE,local,4082,0.9994010477103058,0.8705130788840922,1.14133159441474,0.0
CBRE,local,5201,0.9994643691033224,0.7332015968579259,1.403726689678749,0.0
CBRS,local,79,1.0031070972129639,0.8512213031214588,1.1412268532258663,0.0
CBSH,local,5201,0.9997598658047617,0.8628868190264222,1.1456456846254621,0.0
CBT,local,5201,0.9995696049658213,0.8932160783550335,1.1962080597756999,0.0
CBU,local,5201,0.9997396948301764,0.861866262904822,1.1791715145421355,0.00019227071716977504
CBZ,local,5201,0.9989304568477178,0.86202529880638,1.2171138856293573,0.0
CC,local,2820,1.0,0.7885905669769788,1.2765599309945046,0.0
CCI,local,5201,0.9997874958194403,0.8686616825621638,1.2117116936511636,0.0
CCK,local,5201,0.9995834973433357,0.879787638399404,1.1238356289798268,0.0
CCL,local,5201,1.0002109350466528,0.8314350604276141,1.4318181941331911,0.0
CDE,local,5201,1.0017824869530643,0.7485876056281872,1.414634225767048,0.0
CDNA,local,3053,1.0,0.7372881724073519,1.5766299896404001,0.0
CDNS,local,5201,0.9990547987756192,0.8325123551915411,1.2960526666647842,0.0
CDP,local,5201,1.0,0.8556256689251625,1.3122475907851705,0.0
CDW,local,3318,0.9991717561289053,0.8240541892834731,1.1697247706422018,0.0
CE,local,5201,1.0,0.835079694149923,1.3167849046207325,0.0
CECO,local,5201,1.0,0.7520435784977888,1.2812334431537589,0.0
CEG,local,1162,0.9998485075509431,0.8639127756754006,1.1150750499337247,0.0
CELC,local,2252,1.0007938724311165,0.7516105797636594,1.2492524582970337,0.0
CELH,local,4938,1.0,0.4285711320689408,1.8666599412760156,0.0
CENT,local,5201,1.0,0.8023599196260037,1.3713079507483112,0.0
CENX,local,5201,1.0,0.7637051022657968,1.370656397668211,0.0
CF,local,5201,0.9995416943619753,0.8373756466755605,1.3446550913628184,0.0
CFG,local,3005,0.9994295363097473,0.8462866493398454,1.153394283830414,0.0
CFR,local,5201,0.9998165782087494,0.8365137642676678,1.1467110605711488,0.0
CG,local,3606,1.0,0.8598598948342544,1.1027496919995325,0.0
CGNX,local,5201,0.9993009277407553,0.8422631668576877,1.177072616292622,0.0
CGON,local,656,0.9989732143098882,0.7801991237177095,1.2728110538320567,0.0
CHCO,local,5201,1.0,0.8393352455172263,1.1764098753172494,0.0
CHD,local,5201,0.9995601351812429,0.8277345723177085,1.0898695492155235,0.0
CHDN,local,5201,0.9996873681220889,0.8371691839170337,1.1637686556649274,0.0
CHE,local,5201,0.9994379565951795,0.8940225253847243,1.1506849067779235,0.0
CHEF,local,3799,0.9996799926757812,0.7775646614940886,1.9444444959546328,0.0
CHH,local,5201,0.9994978023103648,0.8561266488403774,1.1295928842824616,0.0
CHRD,local,4080,1.0,0.449999988079071,1.909090818780845,0.0
CHRN,local,3177,1.0077369439071566,0.6668444846268414,1.5850000381469727,0.0
CHRW,local,5201,0.9997510667955575,0.8907894494366545,1.171951402511725,0.0
CHTR,local,4193,1.0,0.9066580590810026,1.2935102075391782,0.0
CHWY,local,1817,1.0011408185756818,0.8555581249392245,1.1702043959436754,0.0
CHYM,local,310,0.9992392968198529,0.8785644397824535,1.1587173078085444,0.0
CI,local,5201,0.999326702298476,0.8385454351251775,1.3196405370104598,0.0
CIEN,local,5201,1.0,0.8484848484848485,1.197905691298526,0.0
CIFR,local,1476,1.002008086274145,0.7288136038414488,1.4418604522218186,0.0
CINF,local,5201,0.9996087796142739,0.8768251920273824,1.2360631004600735,0.0
CL,local,5201,0.9997123612768701,0.9143875389158912,1.0750643668696502,0.0
CLBK,local,2105,0.9994079032034467,0.9225091618339041,1.143236101727552,0.0
CLDX,local,5201,1.0020383203563477,0.5045662055716787,1.4615385179688953,0.0
CLF,local,5201,1.0011990681893133,0.8037974344501709,1.3365343341059888,0.0
CLH,local,5201,0.9995830317683769,0.7893518439027492,1.3836096474859736,0.0
CLMT,local,5185,1.0,0.6538461664422324,1.3743842370317614,0.0
CLSK,local,2463,1.0,0.21095889888397631,2.1489970407132017,0.0
CLX,local,5201,0.9995473931827191,0.9041338146724959,1.0859238993345448,0.0
CMC,local,5201,1.0,0.7719756364012431,1.2499999264140207,0.0
CMCSA,local,5201,0.9994686141155512,0.8125000262492403,1.1517918321201863,0.0
CME,local,5201,0.9997606854713164,0.8583805400187556,1.2170000076293945,0.0
CMG,local,5185,0.9998114591408003,0.8502471566754535,1.1492307038319303,0.0
CMI,local,5201,0.9997143789427255,0.868886068324795,1.1977142333984374,0.0
CMS,local,5201,0.9992732391921879,0.8965517954164629,1.1298701277254752,0.0
CNA,local,5201,0.9997917089517884,0.7901234495223723,1.353781607292291,0.0
CNC,local,5201,0.999615375812237,0.8604417331326276,1.2445887754181562,0.0
CNK,local,4874,0.9997669371823793,0.5759437879758502,1.4669540204291835,0.0
CNM,local,1287,0.9989952884784903,0.892398638432154,1.0969154141359578,0.0
CNO,local,5201,0.9997092402387557,0.5723270817481246,2.156862832179029,0.0
CNP,local,5201,0.9995280684931667,0.8703071898973275,1.1447586579925153,0.0
CNR,local,2213,1.000388628889826,0.6859903395552905,1.3854876065585116,0.0
CNS,local,5201,0.9996804017708778,0.8523901048064383,1.1937938806046655,0.0
CNX,local,5201,1.0,0.7630522047335824,1.2481752059819047,0.0
CNXN,local,5201,1.0,0.8070175491012306,1.3146852952533472,0.0
COAG,local,88,0.9960017871821754,0.7941176470588235,1.2182320699820812,0.0
COCO,local,1223,0.9993425227576099,0.8463541855841569,1.1942186658966054,0.0
COF,local,5201,0.9996317352742048,0.7692307238269743,1.2411504772538653,0.0
COGT,local,2121,1.001788885685332,0.3181818058668092,1.2830188169985246,0.0
COHR,local,5201,0.9997265977135182,0.8093274066751635,1.1785022593707928,0.0
COHU,local,5201,1.0,0.8163934585132514,1.2399193645298916,0.0
COIN,local,1356,1.0014764456925391,0.7976635371413187,1.1934757778742584,0.0
COKE,local,5201,1.000214807191339,0.8111019630788264,1.2550933800578088,0.0
COLB,local,5201,1.0,0.8400672934426141,1.3054357131360859,0.0
COLD,local,2169,0.9997160097704769,0.8693662276652997,1.1014986199007661,0.0
COLM,local,5201,0.9996550455687896,0.8761609774927419,1.194695844836441,0.0
COMP,local,1364,1.0004306730911954,0.6371428625924247,1.1808198639052279,0.0
CON,local,531,0.9995728223431434,0.9337748505699669,1.063176072951668,0.0
COO,local,5201,0.9996690402784142,0.8288947689631974,1.2495430165103347,0.0
COP,local,5201,1.0,0.8604424515250195,1.1748096393023841,0.0
COR,local,5201,0.9995569626440467,0.9014971416967787,1.122145440749391,0.0
CORT,local,5201,1.0,0.6103896239612536,1.3200000524520874,0.0
CORZ,local,657,1.0008409819107476,0.757334956056368,1.61337212163284,0.0
COST,local,5201,0.9994589023542104,0.9349368043491378,1.074292690787976,0.0
CPAY,local,3954,0.9992387160268045,0.8635784499076328,1.1304347826086956,0.0
CPB,local,5201,0.9997514379768075,0.9340639073737091,1.0902352910876416,0.0
CPK,local,5201,0.9993544812868528,0.8624151206626086,1.1408809555129165,0.0
CPNG,local,1379,0.9996370845078009,0.8723404201353875,1.2893401015228427,0.0
CPRT,local,5201,0.9994348556623733,0.8855444094696918,1.1885286126387162,0.0
CPT,local,5201,0.9996494837489956,0.8022988856523886,1.1831430341733178,0.0
CQP,local,4897,1.0,0.8261231220471402,1.2932722857205683,0.0
CR,local,863,0.9995537434145834,0.8840324828434123,1.0841413228212846,0.0
CRBG,local,996,0.9982121575104879,0.8555093559215574,1.0964783249700831,0.0
CRC,local,1470,0.9993248381446256,0.8705785285791628,1.3300000508626302,0.0
CRCL,local,315,1.002240504777998,0.7676737513503099,1.2488880178007644,0.0
CRGY,local,1190,1.0006195111113252,0.8156359416605017,1.1508916854905058,0.0
CRH,local,5193,0.9994269573988298,0.886752151208081,1.1037074998557066,0.0
CRK,local,5201,1.0006097933141196,0.6068111716541768,1.6438355734881158,0.0
CRL,local,5201,0.999319498390241,0.8751707246317022,1.3633817752193287,0.0
CRM,local,5201,0.9995087804249747,0.8667829190423441,1.1684993848307181,0.0
CRNX,local,2043,1.0,0.7853937095160197,1.1868822913134836,0.0
CROX,local,5176,1.0002634512085722,0.7292307340181791,1.3644068524331372,0.0
CRS,local,5201,0.9997650977970796,0.8589384527589526,1.1891558706970367,0.0
CRUS,local,5201,1.0,0.8619161524856629,1.293103405751741,0.0
CRVL,local,5201,0.9987720168979733,0.8815186744714388,1.2943001117932567,0.0
CRWD,local,1819,0.9988922905297052,0.8393481840639775,1.1342027583843466,0.0
CRWV,local,362,1.0035647877687293,0.7323568617747304,1.2415730268279668,0.0
CSCO,local,5201,0.9994682143727972,0.909482739573426,1.096560073080116,0.0
CSGP,local,5201,0.9994889899227033,0.852145225906252,1.162381627686281,0.0
CSL,local,5201,0.9992680113444027,0.8986702735848235,1.1390061952236508,0.0
CSW,local,2749,0.9993802299012311,0.8050425678431988,1.1239892851215905,0.0
CSX,local,5201,0.9993299679226775,0.9011429061201224,1.1108518941792667,0.0
CTAS,local,5201,0.9992967490369868,0.8959380772458577,1.1283586143861257,0.0
CTRE,local,3087,1.0,0.6493927295578951,1.3003991155384949,0.0
CTRI,local,597,0.9995513580766671,0.8478015871420187,1.1448811790622975,0.0
CTSH,local,5201,0.9996597620514929,0.8847666644794879,1.1812460699946519,0.0
CTVA,local,1831,0.9993154955555253,0.8774774912241343,1.115929005661539,0.0
CUBE,local,5201,0.9996739410219446,0.8179775867238243,1.232718828694609,0.0
CUBI,local,3641,1.0,0.8381876977707245,1.1818181991577148,0.0
CURB,local,487,0.9993344908178775,0.829568806837128,1.0650557429716598,0.0
CUZ,local,5201,1.0,0.7591208543946945,1.2715713502113382,0.0
CVBF,local,5201,1.0,0.8006872353891816,1.1679225431671085,0.0
CVCO,local,5201,1.0,0.8474440564408611,1.189432474486547,0.0
CVI,local,4747,1.0,0.6120906925050748,1.3606556784366621,0.0
CVLT,local,5019,0.9991501762055173,0.8672286344287893,1.218556653595539,0.0
CVNA,local,2352,0.9996504422772181,0.7011208494233714,1.48858451962568,0.0
CVS,local,5201,0.9997411437790756,0.8971962386152128,1.1244880834840714,0.0
CVSA,local,5201,0.9989509332702119,0.8583691268190418,1.3320752070588324,0.0
CVX,local,5201,0.9997089475173601,0.8609242909488024,1.20272479567809,0.0
CW,local,5201,0.9995625279928019,0.8838599001706895,1.1175850623473362,0.0
CWEN,local,2844,1.0,0.8621908224851473,1.152500033378601,0.0
CWK,local,2034,0.999033136887691,0.7709335865450235,1.3648817437870135,0.0
CWST,local,5201,1.0,0.6551723751348111,1.476190533632596,0.0
CWT,local,5201,0.9997916148055733,0.7885621296017065,1.116206621404359,0.0
CXT,local,5201,0.9997483749735214,0.8838407548356336,1.134933896944829,0.0
CXW,local,5201,0.9996978446211212,0.8324275010994466,1.5401252097866418,0.0
CYTK,local,5201,1.0,0.7964601664105366,1.2771534644093756,0.0
CZR,local,3007,1.0,0.8139700850782186,1.4667988074250868,0.0
D,local,5201,0.9996118187903393,0.8730119185584919,1.129988235393865,0.0
DAL,local,4867,1.0002576542068289,0.8054146111300089,1.3082311278960759,0.0
DAN,local,4699,1.0,0.5918367264189027,1.7749999199062598,0.0
DAR,local,5201,1.0,0.7987680074570676,1.4025974930750238,0.0
DASH,local,1441,0.999579642959506,0.8620240390893302,1.1611570579541644,0.0
DAVE,local,1348,1.0,0.7550370790180332,1.5309277636788556,0.0
DBD,local,769,0.9994720048257731,0.8865008263642102,1.1749368344578663,0.0
DBRG,local,3066,1.0,0.6869688305865779,1.3431372846928258,0.0
DBX,local,2125,0.999505278476688,0.8992248201193814,1.1316073325313918,0.0
DCI,local,5201,0.9993619995958141,0.8610451228393671,1.12879454443206,0.0
DCO,local,5201,1.0,0.7685082626657167,1.2834268198877978,0.0
DD,local,5201,0.9998654856882497,0.8573508212801827,1.1546329740231343,0.0
DDOG,local,1750,0.9996128043842443,0.8654748420595654,1.1282020829848487,0.0
DDS,local,5201,0.9994746523480131,0.703539840746938,1.3367346094728076,0.0
DE,local,5201,0.9995596384816036,0.8414429967819358,1.1560925669108637,0.0
DECK,local,5201,0.999522650669614,0.8148069776397224,1.205573877926463,0.0
DEI,local,4996,1.0,0.8477904607440891,1.1840193053233268,0.0
DELL,local,2527,0.9987397654792526,0.8618600244024622,1.1229946149934278,0.0
DFTX,local,2464,1.0,0.25581397121825616,51.000000186264764,0.0
DG,local,4227,0.9996889531170722,0.8923833235347148,1.1246677868053578,0.0
DGII,local,5201,1.0,0.828165379452729,1.308588052528993,0.0
DGX,local,5201,0.9995718741340441,0.9050241153006704,1.1002380734398252,0.0
DHI,local,5201,1.0,0.760869554701134,1.2748537652938776,0.0
DHR,local,5201,0.9996346864964308,0.8922112289031251,1.1199439560007958,0.0
DINO,local,5201,0.9997664689282545,0.8211440845779957,1.2105605938792263,0.0
DIOD,local,5201,1.0,0.8471544646107361,1.2073813385715584,0.0
DIS,local,5201,0.9998278081155659,0.8873502879404097,1.1164223553851338,0.0
DK,local,5117,1.0,0.8264758066992633,1.194545485756614,0.0
DKL,local,3480,1.0002936969797585,0.6931330398908746,1.2329094056395355,0.0
DKNG,local,1789,1.0,0.8401282737830781,1.1715295763401083,0.0
DKS,local,5201,0.9998645347495585,0.8191707529589534,1.1596773791635702,0.0
DLB,local,5201,0.9994339759931546,0.8870741055737661,1.122258093161249,0.0
DLR,local,5201,0.9992501061386474,0.7923595128434427,1.1868823537745052,0.0
DLTR,local,5201,0.9999080288303639,0.8966645623042628,1.1452171073444144,0.0
DNLI,local,2196,1.0010671388379657,0.8539614650234334,1.192285148498958,0.0
DNOW,local,3093,1.0004885309827694,0.7860962107766385,1.2212189745029887,0.0
DNTH,local,2063,1.0013985667008813,0.7065326979466098,1.436781601320565,0.0
DOC,local,5201,0.9992213212101645,0.835806996748638,1.1799042989325144,0.0
DOCN,local,1370,1.0005884489267336,0.7670740613472435,1.2141606371175164,0.0
DOCS,local,1306,0.9996458193526101,0.776792418281987,1.4184307379399699,0.0
DOCU,local,2101,0.9991089068523139,0.8684905430056016,1.1459027851667714,0.0
DORM,local,5201,1.0,0.5643153595933819,1.7975830550222551,0.0
DOV,local,5201,0.9997650150941357,0.9015434597192717,1.1037036620705851,0.0
DOW,local,1877,1.0010818855802652,0.8489618172573529,1.1382246714196902,0.0
DOX,local,5201,0.9993687125629652,0.9273011905865166,1.087679083862428,0.0
DPZ,local,5201,0.9994860582718947,0.8248587875027713,1.2885906882213285,0.0
DRH,local,5201,1.0,0.6308139651739769,1.460465100289939,0.0
DRI,local,5201,0.9997164493554773,0.7951438236253691,1.1900787303290175,0.0
DRS,local,5201,1.0,0.45896149176393575,1.3487805703507534,0.0
DRVN,local,1415,1.0,0.8612068484994674,1.2328947372548797,0.0
DT,local,1784,0.999296367919106,0.8891446327779513,1.13692538410495,0.0
DTE,local,5201,0.999401917296055,0.9003629478333337,1.095000014707446,0.0
DTM,local,1301,0.9991214467744195,0.9198952619590349,1.1125923270600755,0.0
DUK,local,5201,0.9995770650053883,0.9137209515238918,1.1128713087349011,0.0
DUOL,local,1283,0.999632127460288,0.8571351747255067,1.186438597352675,0.0
DV,local,1351,0.9994298615530297,0.8253460827092556,1.2187051078386133,0.0
DVA,local,5201,0.9994708873500701,0.8731173639159712,1.1881656408199577,0.0
DVN,local,5201,1.0001627066136545,0.8384293367534237,1.1764705665253525,0.0
DX,local,5201,1.0,0.7877180192465799,1.3114753933599477,0.0
DXCM,local,5201,0.9998592719331406,0.6822742325573088,1.2949640077992033,0.0
DXPE,local,5201,1.0,0.710507258670817,1.3337365887110106,0.0
DY,local,5201,0.9993965242436255,0.7688751844529627,1.3723196500591632,0.0
DYN,local,1499,1.000578047937737,0.7411036791074197,1.2602394545824172,0.0
EAT,local,5201,0.9994927497530187,0.7024567744286848,1.4276190258207775,0.0
EBAY,local,5201,0.9996638806769548,0.8925198803681108,1.1167918247517246,0.0
EBC,local,1479,0.9993832003641024,0.9274310581002904,1.1353711979523904,0.0
ECG,local,465,1.0009596886822214,0.8173469232053173,1.1768172426218926,0.0
ECHO,local,4699,1.0,0.7717718123650036,1.2365693034968388,0.0
ECL,local,5201,0.9996019809400264,0.8852062664675121,1.1285737577588664,0.0
ECPG,local,5201,1.0,0.6873508532483023,1.5667735576668846,0.0
ED,local,5201,0.999664217813672,0.867277381241945,1.1556998600436141,0.0
EE,local,1103,1.0009597148568727,0.8828025366279278,1.1151261246344983,0.0
EEFT,local,5201,0.9997277886834247,0.8219461886790367,1.1547097338774488,0.0
EFSC,local,5201,0.9997594483936988,0.8336819498289522,1.282025842964781,0.0
EFX,local,5201,0.9993213929120801,0.8960523900495619,1.1773917119601764,0.0
EG,local,5193,0.9995972023949917,0.8441804282845131,1.1508864073581042,0.0
EGP,local,5201,0.9995005185331792,0.8636526361685712,1.2052368141944936,0.0
EHC,local,5201,1.0,0.8465250522956996,1.1812577195667997,0.0
EIX,local,5201,0.9994308349996852,0.9088327416092368,1.1395713806152343,0.0
EL,local,5201,0.9996478032157476,0.881054125296911,1.118122983713696,0.0
ELAN,local,2000,1.0008731698866176,0.8659017621740684,1.140287776365435,0.0
ELF,local,2502,1.0,0.8812980838643577,1.196981515345049,0.0
ELS,local,5201,0.9993102935961936,0.8288177480202156,1.2476364135742188,0.0
ELV,local,5201,0.9994661216121856,0.8624401888767989,1.1152823677534138,0.0
ELVN,local,1630,1.0021208765265928,0.71999999015562,1.2043715513469093,0.0
EME,local,5201,0.9997429337060983,0.8673817999512141,1.1575042577014143,0.0
EMN,local,5201,0.9997428426246883,0.8743128755181938,1.1304509880712867,0.0
EMR,local,5201,0.9998890131388632,0.8749651965971328,1.139344262295082,0.0
ENPH,local,3629,1.0009301947068798,0.7957958426672181,1.3554502546389648,0.0
ENS,local,5201,0.9995982230161886,0.8207451528760052,1.1793785976623126,0.0
ENSG,local,4734,0.9989651594143532,0.8207681117802839,1.2255305343872709,0.0
ENTG,local,5201,0.9997178803069798,0.777777750183036,1.4029850361208587,0.0
ENVA,local,2969,0.9998067210202652,0.8260869565217391,1.4726425371155825,0.0
EOG,local,5201,0.9999240192538691,0.8645295997114548,1.1577651193999634,0.0
EPAM,local,3665,0.9990439335735928,0.8288726164100118,1.691648627876805,0.0
EPD,local,5201,1.0,0.8367768068515322,1.1149533194239485,0.0
EPR,local,5201,0.9998060097757163,0.7866959867771146,1.3902439221720877,0.0
EPRT,local,2063,1.0,0.7277882669934758,1.4502762889422514,0.0
EQH,local,2092,0.9996529919539867,0.8442622845971652,1.169811320754717,0.0
EQIX,local,5201,0.999360891404727,0.8857559659430548,1.1584832414801693,0.0
EQPT,local,156,1.002853099421332,0.875307088389086,1.1451160878183413,0.0
EQT,local,5201,1.000166110365729,0.6968838691458867,1.229372917427462,0.0
ERAS,local,1291,1.0,0.7214700123848535,1.2075472080058265,0.0
ERIE,local,5201,0.9998606168348284,0.8646564409920187,1.1871459827603115,0.0
EROC,local,61,1.01283479582908,0.8901429614493842,1.1684729164940189,0.0
EROK,local,79,1.0008971982769685,0.9284332551578653,1.0992811797730904,0.0
ES,local,5201,0.9995437448015685,0.9016167650369541,1.134182123057206,0.0
ESAB,local,1114,1.0003899442637614,0.871661815510368,1.1868766031451652,0.0
ESE,local,5201,0.999872136319264,0.8800209062124743,1.1957553212148613,0.0
ESI,local,3237,1.0,0.836180152334662,1.1955782437049793,0.0
ESS,local,5201,0.9994210220247227,0.8567441600237706,1.185222534262223,0.0
ESTA,local,2044,1.000488146037488,0.6923077361980298,1.8412698652979167,0.0
ET,local,5179,1.000312604843807,0.8172691076452221,1.4320987450823963,0.0
ETN,local,5193,0.9997554525634421,0.8656087653719552,1.1375327316064088,0.0
ETR,local,5201,0.9994776584673426,0.8904838048452705,1.099105170104152,0.0
ETSY,local,2865,0.9998160695837807,0.7707006772910096,1.1756876186169405,0.0
EVR,local,5047,0.999429047717367,0.7938044404479775,1.1509578726617533,0.0
EVRG,local,5201,0.9995175962806239,0.8775190603968757,1.161297171706816,0.0
EW,local,5201,0.9992861805913004,0.8966412033720116,1.102792679029298,0.0
EWBC,local,5201,1.0002592925616474,0.7898550993803795,1.322314060442983,0.0
EWTX,local,1368,1.0012507848732568,0.7252014216238738,1.2567830087760217,0.0
EXC,local,5201,0.9997798767545377,0.8660183520592758,1.0911183810348408,0.0
EXE,local,1399,1.000210593461531,0.9211217139661797,1.094576913375087,0.0
EXEL,local,5201,1.0,0.8448844775418746,1.192477851599625,0.0
EXLS,local,4999,0.999623513712129,0.8297872445358007,1.235937541036402,0.0
EXP,local,5201,0.9999155010898166,0.8198042074329933,1.166290447290478,0.0
EXPD,local,5201,0.9994730585080613,0.8987931648184271,1.159220299313702,0.0
EXPE,local,5201,0.9998143065383461,0.8419718644829207,1.182266054285587,0.0
EXPO,local,5201,0.9995633087751782,0.8717499430804366,1.1512076833528644,0.0
EXR,local,5201,0.99962580996299,0.8200238179866606,1.185763828525391,0.0
EXTR,local,5201,1.0,0.7744807073377176,1.304761968556448,0.0
EZPW,local,5201,1.0,0.8393574272578201,1.1984126957429122,0.0
F,local,5201,1.0010582252998599,0.7203947647043876,1.3846154904224501,0.0
FA,local,1307,1.0,0.8317072669594111,1.2367906079319013,0.0
FAF,local,4093,0.9996772037111167,0.8859203734183988,1.1933051832601973,0.0
FANG,local,3493,0.9995511091424207,0.8496522022834504,1.1812338473715394,0.0
FAST,local,5201,0.9997387794204412,0.8688263768793284,1.125956884762096,0.0
FBIN,local,3764,0.9995652741243221,0.8845013032842113,1.141768620713108,0.0
FBK,local,2506,0.9997234417758429,0.8221621642241607,1.2362565261626013,0.0
FBNC,local,5201,1.0,0.8432431833338286,1.2200932220374139,0.0
FBP,local,5201,1.0,0.7500000331136925,1.2013808881539594,0.0
FCF,local,5201,1.0,0.8459999720255534,1.1910112250097633,0.0
FCFS,local,5201,0.9996819467833552,0.8729577400314976,1.1658163476317982,0.0
FCN,local,5201,0.9994965905362669,0.8560255240870798,1.2314297167355694,0.0
FCNCA,local,5201,0.9998656811149421,0.8652238174089273,1.1242842149900316,0.0
FCPT,local,2720,1.0,0.8545092117242546,1.4060201154475402,0.0
FCX,local,5201,1.0008157312395296,0.8469087801587817,1.252900270779341,0.0
FDS,local,5201,0.9991189312821291,0.8976007144911017,1.1315275610018785,0.0
FDX,local,5201,0.999634520844483,0.8851181610767023,1.1065436178306478,0.0
FDXF,local,71,1.0053230626621608,0.8545946275865709,1.1785246976025137,0.0
FE,local,5201,0.9996895674782271,0.8782949722947725,1.2157664055371806,0.0
FELE,local,5201,1.0,0.850971553266913,1.1356218224721084,0.0
FERG,local,4193,1.0,0.8917982250487753,1.0624055753765933,0.0
FFBC,local,5201,1.0,0.769145355415674,1.1632124659563796,0.0
FFIN,local,5201,1.0,0.9003238443142344,1.174210498207494,0.0
FFIV,local,5201,0.9992311952801887,0.8893528243219827,1.1573933657026958,0.0
FG,local,949,0.9985971154395878,0.5970149253731343,1.1620897539737496,0.0
FHB,local,2535,1.0,0.8758109214712396,1.1096938316249103,0.0
FHI,local,5201,0.9996851313347049,0.8000000312680108,1.204284631877327,0.0
FHN,local,5201,1.0,0.7813333651073184,1.4386207866080698,0.0
FIBK,local,4139,0.9996429764798243,0.8756596142576073,1.1857252590857976,0.0
FICO,local,5201,0.9990120791832761,0.8337746029162961,1.2110344459270608,0.0
FIG,local,277,1.0050569254761177,0.7359307359307359,1.2857787825156666,0.0
FIGR,local,248,1.001630911275954,0.8438556711257958,1.2219144996292064,0.0
FIGS,local,1325,1.000784024209495,0.810419685715311,1.2398373597643262,0.0
FIS,local,5201,0.9993548239431074,0.8588531955090652,1.1810073175740126,0.0
FISV,local,5194,0.9990464725399063,0.9021479522120407,1.1897191071139535,0.0
FITB,local,5201,1.0,0.6996197541115872,1.6904500767179196,0.0
FIVE,local,3553,1.0002647159494846,0.8780721447773197,1.224418440475374,0.0
FIVN,local,3124,1.0,0.807590450350859,1.2294618095646106,0.0
FIX,local,5201,0.9995918273925781,0.8763376955145782,1.197382768831605,0.0
FIZZ,local,5201,1.0,0.7558812247282342,1.2069340082137916,0.0
FLEX,local,5201,1.0,0.8110344609693039,1.4125004906385181,0.0
FLG,local,5201,1.0,0.8503274311588092,1.3333334109625041,0.0
FLNC,local,1218,1.0036471533034828,0.8178438777688729,1.311345613772687,0.0
FLR,local,5201,1.00015604225386,0.5959933338321947,1.3783783348395588,0.0
FLS,local,5201,0.9997448756855434,0.8340826811740615,1.2283117365307892,0.0
FLUT,local,5201,1.0,0.8958917119700438,1.2199622203865716,0.0
FLY,local,272,1.0069102564907395,0.8251521487772192,1.2274745578938997,0.0
FLYW,local,1326,1.0014973162249663,0.8212669368887692,1.1181696943742874,0.0
FNB,local,5201,1.0,0.7768361665632622,1.2400000156500401,0.0
FND,local,2353,0.9999049680801563,0.867331398116699,1.116286903584422,0.0
FNF,local,5201,1.0,0.8008082486648785,1.1780693595605922,0.0
FORM,local,5201,1.0,0.7916666426325358,1.1904685592882804,0.0
FOUR,local,1571,1.0,0.8340952555338542,1.1832572560361927,0.0
FOX,local,1882,0.9997213252848833,0.913644958898655,1.1122194556417282,0.0
FOXA,local,1875,0.9996003106035622,0.9130435001128326,1.1153715540464757,0.0
FPS,local,147,1.0038590565989407,0.8730333215133084,1.1083303811594594,0.0
FR,local,5201,0.9996463851259184,0.7308585005075384,1.3837011550550609,0.0
FRHC,local,2156,0.9990520376005481,0.8081846620395513,1.147286870417835,0.0
FRME,local,5201,1.0,0.831314819017618,1.1875825055820497,0.0
FROG,local,1500,1.0,0.8841059911115657,1.3262251291843439,0.0
FRPT,local,2973,1.0,0.8525059273424456,1.2003197967632404,0.0
FRSH,local,1244,1.0,0.8560179797102311,1.1723856740038818,0.0
FRT,local,5201,0.999601027020577,0.8252373973412963,1.2505014919998052,0.0
FRVO,local,80,1.0134086400180462,0.796412593564862,1.2797618766040035,0.0
FSK,local,3116,1.0,0.8624999841675165,1.2016129016752175,0.0
FSLR,local,4979,1.0010211261913706,0.6897077621870132,1.3429627916707183,0.0
FSLY,local,1836,1.0,0.8090090365023226,1.3012570808355362,0.0
FSS,local,5201,1.0,0.7871972362585312,1.2196029047072345,0.0
FTAI,local,2845,1.0001622445684901,0.7444589518758934,1.3676773949219836,0.0
FTDR,local,2005,0.9992155145281308,0.8695905973128033,1.2118589290086559,0.0
FTNT,local,4224,0.9985881465145927,0.8781165967717379,1.151819314014099,0.0
FTV,local,2558,0.9998790347608081,0.8886218257003718,1.0909812872958835,0.0
FUL,local,5201,0.9997757721126039,0.8774894526035942,1.189715109852476,0.0
FULT,local,5201,0.9994011839266481,0.8,1.2232779213071454,0.0
FWONK,local,3060,0.9997003608847864,0.8667222257415662,1.54325071768962,0.0
GAP,local,5201,1.0,0.8465516699905504,1.1605869963290136,0.0
GATX,local,5201,0.9995975896779472,0.8922364122169074,1.1249446049160075,0.0
GBCI,local,5201,1.0,0.8641528416735172,1.1798759868491535,0.0
GBDC,local,4124,1.0,0.8652849523096484,1.2063808417479718,0.0
GCMG,local,1906,1.0,0.8807189489012877,1.1539999961853027,0.0
GD,local,5201,0.9996685981702602,0.9121575182520849,1.085166770494657,0.0
GDDY,local,2876,0.9990110709825366,0.8638262257244279,1.099767976133508,0.0
GE,local,5201,1.0,0.8697673857240987,1.1257233142291898,0.0
GEF,local,5201,0.9996891069160249,0.8590785981401282,1.153469065783245,0.0
GEHC,local,933,1.0004859788204814,0.8879654937226571,1.083571434020996,0.0
GEL,local,5201,1.0,0.790816286810733,1.4448051686672154,0.0
GEN,local,5201,0.9994951928747384,0.9028393768809047,1.1524590688058052,0.0
GENB,local,132,0.999603518022214,0.867026536012344,1.239157419846448,0.0
GEO,local,5201,1.0,0.822758908325159,1.6565863392831415,0.0
GEV,local,613,0.9997984182599664,0.8665891299861519,1.118546373710373,0.0
GFF,local,5201,1.0,0.8672055844349776,1.2240326712127083,0.0
GFL,local,1637,1.0,0.893949243553841,1.1194539280251234,0.0
GFS,local,1218,1.0009090549406605,0.8383211544944755,1.1119095304804394,0.0
GGG,local,5201,0.9994669726377479,0.885814239522959,1.1324810721139036,0.0
GH,local,1990,1.0007652158959335,0.798868129299475,1.2549787685252718,0.0
GHC,local,5201,0.9999287923177084,0.847832102606607,1.154311638539606,0.0
GILD,local,5201,0.999905336590159,0.9250506007611536,1.1255891141264163,0.0
GIS,local,5201,0.999643231229509,0.9043070343607892,1.1070220284249817,0.0
GKOS,local,2816,0.9993444543187664,0.855785149188081,1.3512641545479749,0.0
GL,local,5201,0.9993109887680818,0.8768914697530491,2.0028474074487845,0.0
GLD,local,5201,0.999929317487501,0.902293487437701,1.0765440401796438,0.0
GLPI,local,3243,1.0,0.8588134464047567,1.4670077454943156,0.0
GLW,local,5201,1.0,0.8740458251448985,1.1377102852181726,0.0
GLXY,local,328,1.0002980000066524,0.8611930324948814,1.1478641194823334,0.0
GM,local,3972,1.0002245291710232,0.9080299110019733,1.1208333796925034,0.0
GME,local,5201,1.0,0.48740596673397607,1.7044860269421727,0.0
GMED,local,3542,1.0,0.8913042918775259,1.1126564584608187,0.0
GNRC,local,4167,0.9998130917177764,0.8689053765437215,1.1544900821865474,0.0
GNTX,local,5201,0.9996794798513686,0.8419486762191569,1.2198533768647637,0.0
GOLF,local,2476,0.9998014264439895,0.8920967963434034,1.1540756453870373,0.0
GOOG,local,5201,0.9997920707523955,0.908543425115971,1.101076138724211,0.0
GOOGL,local,5193,0.9998572764239454,0.9099615150877989,1.1010759990937902,0.0
GPC,local,5201,0.9997432057500757,0.8653181671361799,1.1772358709743227,0.0
GPCR,local,900,1.002436792014228,0.6477564969502593,1.2909559441035612,0.0
GPGI,local,1454,1.0,0.8819166818358725,1.1997486745840735,0.0
GPI,local,5201,0.99988444320635,0.6844660252605175,1.3216145632031833,0.0
GPK,local,5201,1.0,0.5873786756102186,1.47663548174087,0.0
GPN,local,5201,0.9994996132811398,0.8632019213347438,1.1723428859426843,0.0
GPOR,local,1332,0.9995270884036371,0.8498972254102878,1.1081819345611577,0.0
GRAL,local,560,0.9980811963348639,0.7592239782952585,1.3189607744109517,0.0
GRBK,local,4834,1.0022109313975824,0.5780821432534934,2.6451613663386606,0.0
GRC,local,5201,1.0002884954357865,0.7281300869898278,1.2357500937353016,0.0
GRDN,local,487,0.9976172912578084,0.9037500023841858,1.0970082207073912,0.0
GRMN,local,5193,0.9994611643365925,0.8727606614828606,1.2280178426636366,0.0
GRND,local,1417,1.0,0.4630136881789116,1.947996054855775,0.0
GS,local,5201,0.9996523818758224,0.8325423107764126,1.1756756347491852,0.0
GSAT,local,4990,1.0,0.531914879226282,1.9042552946846791,0.0
GSHD,local,2101,0.9998423474957131,0.7619047619047619,1.291390729671849,0.0
GTES,local,2165,1.0,0.853957594133872,1.1717496257440632,0.0
GTLB,local,1228,0.9997943359120699,0.7660455131833966,1.1968296185806506,0.0
GTX,local,2003,1.0,0.7220708556615252,1.2462685936462339,0.0
GTY,local,5201,1.0,0.8166299586075936,1.7845555011227487,0.0
GVA,local,5201,1.0,0.8014035141258907,1.1866666521344866,0.0
GWRE,local,3675,0.9992197988069008,0.8145779725994253,1.1260262568926065,0.0
GWW,local,5201,0.9993411292654739,0.9020278094446372,1.126984126984127,0.0
GXO,local,1287,1.0004042129739028,0.8671545320709437,1.1356565243668244,0.0
H,local,4233,0.999746042118251,0.8666498277047663,1.1443469356328437,0.0
HAE,local,5201,0.9994986097250014,0.8409271712284538,1.2957037650025842,0.0
HAL,local,5201,1.0,0.8545537322673612,1.21258134288304,0.0
HALO,local,5201,1.0,0.7974843150560946,1.2306162622319865,0.0
HAPN,local,2950,1.0011661994227194,0.7973484603895091,1.180505410190805,0.0
HAS,local,5201,1.0,0.8714942080190484,1.167444981134553,0.0
HASI,local,3367,0.9994951928747384,0.8899835698675254,1.2335939805347973,0.0
HAWK,local,84,1.0065128925464126,0.8988235473632813,1.122346587995467,0.0
HAYW,local,1378,1.0005217822371892,0.9024193487604004,1.1061551807612668,0.0
HBAN,local,5201,1.0,0.6956521919409132,1.4108910552193958,0.0
HCA,local,3896,0.9990709068939925,0.8023952095808383,1.186366096213205,0.0
HCC,local,2362,0.999560907827866,0.8023106586143417,1.2245370507322055,0.0
HCI,local,4522,1.0,0.822423606816002,1.2281835599249908,0.0
HD,local,5201,0.9995209393195693,0.8851063265670255,1.103115869389729,0.0
HEI.A,local,5201,0.9993002060649973,0.8267567992722675,1.1343285061107526,0.0
HESM,local,2368,1.0003746834937164,0.8081471731232777,1.5614034940955013,0.0
HGTY,local,1323,1.0,0.7151088449508103,1.1477462875957058,0.0
HGV,local,2431,1.0005456109750033,0.8508026533578521,1.2269705986638595,0.0
HHH,local,3981,0.999892671995917,0.7110857270525615,1.151657532841576,0.0
HIG,local,5201,0.999615375812237,0.6374228987986188,1.8451143670640937,0.0
HII,local,3888,0.9996045601962895,0.8713738797259332,1.1624134526152166,0.0
HIMS,local,1754,1.0,0.7748130358851424,1.2446236771053627,0.0
HIW,local,5201,0.9996662776422318,0.8285182406885653,1.3131313142124663,0.0
HL,local,5201,1.001727155258674,0.8018868582322566,1.3121951803857566,0.0
HLI,local,2782,0.9991877420923954,0.8932306786141789,1.116819287218242,0.0
HLIO,local,5201,0.999838267201835,0.8011204337748975,1.1813811676037413,0.0
HLNE,local,2393,0.9993884040664389,0.8559287314549641,1.181024005100827,0.0
HLT,local,3201,0.9995449787980775,0.9133318203648626,1.0885392210650837,0.0
HMN,local,5201,0.9996636317175979,0.8346774180626811,1.6376811616459526,0.0
HNGE,local,324,0.9982526282879225,0.899809645201134,1.1255793081936007,0.0
HNI,local,5201,1.0,0.7893548165598222,1.1544672148018469,0.0
HOG,local,5201,1.0001714162209432,0.8226743827419329,1.191738640074478,0.0
HOMB,local,5082,1.0,0.8645534178944565,1.203017613538249,0.0
HON,local,5201,0.9997421576648081,0.9065796108850946,1.1213762145858563,0.0
HONA,local,58,1.0089836621891313,0.9271853930707112,1.1694041836602884,0.0
HOOD,local,1282,0.9984974214402186,0.7735473964352225,1.234059250921305,0.0
HP,local,5201,1.0,0.8291110437159757,1.1787574728694,0.0
HPE,local,2736,0.9993894845103766,0.8531034403833849,1.123063217446706,0.0
HPQ,local,5201,0.9990135480740987,0.8656632815304973,1.155600306533873,0.0
HQY,local,3043,0.9989410744166366,0.8888542116260256,1.1515104799059224,0.0
HR,local,5201,0.9995037107160717,0.8163043614221053,1.2432432772247612,0.0
HRB,local,5201,0.9995619698241239,0.8512261341058355,1.1482187614792023,0.0
HRI,local,4980,0.9997173890120339,0.7192429009428238,1.497237637469391,0.0
HRL,local,5201,0.9996695231723002,0.8924377181679893,1.1019284364154034,0.0
HRMY,local,1519,1.0005500675860268,0.8677824310523384,1.1622084899515561,0.0
HSIC,local,5201,0.9995794260228921,0.9091022676026995,1.109002847765592,0.0
HST,local,5201,0.9995927966335314,0.807349676313527,1.2668392762411056,0.0
HSY,local,5201,0.9996429764798244,0.8595471397299198,1.1386616658245048,0.0
HTFL,local,270,0.9990800037549216,0.850412266640906,1.192085359661586,0.0
HTGC,local,5201,1.0,0.8444816345531194,1.1684491642823216,0.0
HTH,local,5201,1.0,0.884322647028234,1.2831783941736703,0.0
HTO,local,5201,1.0,0.807052952404883,1.1244334734570478,0.0
HUBB,local,5201,0.9996095948088545,0.8886395217172365,1.1114813841955036,0.0
HUBG,local,5201,1.0,0.8684748474023553,1.192894785027755,0.0
HUBS,local,2994,0.9991279973160625,0.8609378533044936,1.2383630574257953,0.0
HUM,local,5201,0.9994557846288252,0.8321453538141144,1.220812240079366,0.0
HURN,local,5201,0.9993691702314524,0.7870517120438842,1.170936437436604,0.0
HUT,local,2136,1.00166569563225,0.7120500612440975,1.3304721056392852,0.0
HWC,local,5201,0.9996581118330996,0.8735465080589044,1.1836446420612576,0.0
HWKN,local,5201,0.9997719360972079,0.8504813185998501,1.1447707103571683,0.0
HWM,local,2474,0.9990861758405568,0.8402640222306517,1.198490496053076,0.0
HXL,local,5201,0.9995865965828419,0.8421052862732697,1.1642969943740749,0.0
HYG,local,4883,1.0,0.9222222621144812,1.088487781219555,0.0
HYMC,local,2134,1.0,0.5393333435058594,1.7828947843111789,0.0
IBKR,local,4866,0.9993847788033707,0.8325754007856636,1.158015239278335,0.0
IBM,local,5201,0.9994771562336374,0.9193975598242606,1.1388851048398678,0.0
IBOC,local,5201,1.0,0.841784979132974,1.3855865247476222,0.0
IBP,local,3159,0.9998311020597046,0.8359656400314689,1.2852163696713068,0.0
ICE,local,5201,0.9997053454472423,0.7990804935122192,1.2731636740944603,0.0
ICHR,local,2447,0.9996480032053663,0.8004784616073983,1.256375825008311,0.0
ICUI,local,5201,1.0,0.8712261797350866,1.2023951632133267,0.0
IDA,local,5201,0.9996129942406043,0.884578700945762,1.1216649260668303,0.0
IDCC,local,5201,1.0001756609847507,0.7823246237856477,1.297338750958067,0.0
IDXX,local,5201,0.9988901215992413,0.865807652460216,1.1115160133522743,0.0
IDYA,local,1832,1.0009511217642248,0.6894117804134593,1.3803921751955852,0.0
IESC,local,5201,1.0,0.6773547634218677,1.2876712946990314,0.0
IEX,local,5201,0.9997268591269434,0.8900970903415124,1.0935440982848272,0.0
IFF,local,5201,0.9995579313435446,0.9075907438407748,1.1386821156337616,0.0
ILMN,local,5201,0.9994758074158927,0.8611182137221379,1.1363180363263503,0.0
IMNM,local,1488,1.0029286017171746,0.6567992256270718,1.5178159864669674,0.0
IMVT,local,1812,1.0,0.8080580994826484,1.385281355154094,0.0
INCY,local,5201,1.0,0.8364661025707169,1.224899574552101,0.0
INDB,local,5201,0.9994414840269013,0.8765517267687567,1.1721212213689631,0.0
INDV,local,2939,1.0,0.7133333206176757,1.694630915869154,0.0
INFQ,local,140,1.005765441626762,0.8543046351640752,1.1125769345518555,0.0
INGM,local,467,0.999479525142649,0.8940316831282933,1.125941214887111,0.0
INGR,local,5201,0.9998493086820268,0.8317327533082344,1.2347060726975132,0.0
INSM,local,5201,1.0,0.770833312637277,1.5056179991997707,0.0
INSW,local,2463,1.0,0.5890035510885518,1.1474899893854478,0.0
INTA,local,1302,0.9990356994882782,0.8564981207076686,1.172018354644018,0.0
INTC,local,5201,0.9996174357645242,0.839293967418801,1.1064534139280222,0.0
INTU,local,5201,0.9989861251454347,0.8817038628189092,1.0980571549255118,0.0
INVH,local,2412,0.9996348947028779,0.9259971625324128,1.2040618593365453,0.0
IONQ,local,1425,1.0022804450450913,0.7385891901861895,1.28099173553719,0.0
IONS,local,5201,1.0003683325606756,0.8547573135322085,1.254681576370023,0.0
IOSP,local,5201,1.0,0.8168761311505892,1.323001550615291,0.0
IOT,local,1185,1.0,0.852968942844346,1.1483771359007318,0.0
IP,local,5201,0.9997055539879032,0.8489129936499307,1.2036323404347156,0.0
IPAR,local,5201,1.0,0.8098591658076322,1.3550580463086292,0.0
IPGP,local,4962,0.9995023454564875,0.7652327207399545,1.1418759516785364,0.0
IQV,local,3352,0.9996719036926397,0.8974016037956698,1.1291161456885215,0.0
IR,local,2342,0.9997403491739353,0.8986633887602119,1.1147968666591266,0.0
IRDM,local,4645,1.0,0.8575257385588041,1.1985401682406818,0.0
IRM,local,5201,0.9994517418307389,0.8734402768443075,1.1489037071119117,0.0
IRON,local,1524,1.0,0.7562188897358261,1.280250156866213,0.0
IRT,local,3286,1.0,0.8792756680157865,1.1259842588667621,0.0
IRTC,local,2482,1.0006125440687266,0.788219050230683,1.5001187308115653,0.0
ISRG,local,5201,0.9995002274870434,0.860502896062366,1.1745581518245702,0.0
IT,local,5201,0.9989977286834469,0.8481619437294867,1.2003593458496873,0.0
ITGR,local,5201,0.9995762968074997,0.8321920923065478,1.29131028759143,0.0
ITRI,local,5201,0.9997887083347913,0.8186887753354473,1.2496559282300694,0.0
ITT,local,5201,0.9998128596519491,0.8611884625480632,1.089043018293453,0.0
ITW,local,5201,0.9995885102777075,0.8901234743011291,1.104070571354189,0.0
IVT,local,3150,1.0,0.750000028371811,10.26020419334481,0.0
IVZ,local,5201,0.9995968418612585,0.7916073813847255,1.2576923370361328,0.0
J,local,5201,1.0,0.8522807587028993,1.1651312389364328,0.0
JAN,local,117,0.9966159083852985,0.9359223449114457,1.0419810002051229,0.0
JBHT,local,5201,0.999749488273095,0.8913357348022534,1.1227929155928582,0.0
JBL,local,5201,0.9990999752010336,0.8019231210093543,1.2047244675912803,0.0
JBTM,local,4560,0.9996103181215815,0.8379310081745015,1.259385656364299,0.0
JCI,local,5193,0.9993643877377053,0.896993497932621,1.1203539465255947,0.0
JEF,local,5201,0.9996118838935869,0.8175257537760003,1.2557651542792934,0.0
JKHY,local,5201,0.999337092357601,0.9053571862428387,1.1387627420201465,0.0
JLL,local,5201,0.9994765828974482,0.8259847149724847,1.2000000194132177,0.0
JNJ,local,5201,0.9996674903199285,0.9284578713698669,1.0878776901299911,0.0
JOE,local,5201,1.0005107369213895,0.8669026467652448,1.1490490420571629,0.0
JPM,local,5201,0.9994567676462704,0.8405886779883989,1.1864842073077562,0.0
JXN,local,1258,0.9985164242316026,0.7949125403348127,1.1288207059213715,0.0
KAI,local,5201,0.9994282316173412,0.8362989247350754,1.190441110371887,0.0
KALU,local,5073,0.9998537531844965,0.864466527833357,1.2055411425657034,0.0
KBH,local,5201,1.0007702852935156,0.8322663313217237,1.2364815976953398,0.0
KBR,local,4980,1.0,0.867346894090646,1.1892072024837974,0.0
KD,local,1222,1.0004259959295592,0.8662900437260584,1.2269938650306749,0.0
KDP,local,4612,0.9994746154495283,0.8182565735297026,1.1136828507604823,0.0
KEX,local,5201,0.9997343697743004,0.89209276971974,1.1751128199446834,0.0
KEY,local,5201,1.0,0.772765229210478,1.4299065725985305,0.0
KEYS,local,2987,0.9991832621924653,0.8924210397820724,1.1015853751791476,0.0
KFY,local,5201,0.9996606136509192,0.8130968758773998,1.2252399122798818,0.0
KGS,local,800,0.9988285327719104,0.8954423514807776,1.1171292815584832,0.0
KHC,local,2810,1.0001111343167919,0.8861076503779727,1.100153682267384,0.0
KIM,local,5201,0.9995447030077396,0.769893880332592,1.3171494981895873,0.0
KKR,local,4061,0.9996843230592211,0.8402136368625052,1.1033036839134194,0.0
KLAC,local,5201,0.9990246534059464,0.8600332486297823,1.1664499837649527,0.0
KLRA,local,98,1.000708566049537,0.8793706983055357,1.1264652227138527,0.0
KMB,local,5201,0.9995673045073621,0.9078019064706845,1.0968250704739635,0.0
KMI,local,3914,1.0005005119675152,0.8955357056947385,1.1813627758154297,0.0
KMT,local,5201,0.9996959837153017,0.8659004142911206,1.1855971949914454,0.0
KMX,local,5201,0.9998245292802119,0.8694999694824219,1.1683938734329615,0.0
KN,local,3158,0.9994886502231266,0.8474800926809543,1.1973948253896782,0.0
KNF,local,816,0.9991338633913123,0.8872671958463383,1.1052801499132168,0.0
KNSL,local,2541,0.9988415797686861,0.8671113663028617,1.1768016915462916,0.0
KNTK,local,1962,1.0008236201703447,0.5982318241671931,1.346666717529297,0.0
KNX,local,5201,1.0,0.8709484010671078,1.1302361023033232,0.0
KO,local,5201,0.9996311919982943,0.9184530690230058,1.0986143310161762,0.0
KOD,local,1990,1.0,0.6662225081621432,1.2946767388691163,0.0
KR,local,5201,0.9993661315087593,0.8883624398383165,1.2328990775685933,0.0
KRC,local,5201,0.9998081672728684,0.8194589262579497,1.274629428526269,0.0
KRG,local,5201,1.0,0.8112094144249987,1.3138424914707034,0.0
KRMN,local,392,1.0010493082867005,0.8433413006530345,1.1718404652041163,0.0
KRYS,local,2252,1.0,0.8074522079176204,1.2506526772102493,0.0
KSS,local,5201,1.00016393378026,0.7899484450561943,1.3772663730715362,0.0
KTB,local,1830,0.9992167901857343,0.8612510349488413,1.1605415689473317,0.0
KTOS,local,5201,1.0005130953822101,0.7021027960593199,1.2666666666666666,0.0
KVUE,local,838,1.0002954694404669,0.9300196404516836,1.1537917138744476,0.0
KVYO,local,743,1.0008455123924442,0.8943354864071289,1.164874567898365,0.0
KWR,local,5201,0.999850872764301,0.8459715902214932,1.219206673601611,0.0
KYMR,local,1517,1.0,0.8352649185690021,1.1829729853449642,0.0
L,local,5201,0.9995991088793674,0.8870201056859424,1.2258892462049218,0.0
LAD,local,5201,0.9995190153022955,0.4915730416089986,1.3548386898298783,0.0
LAMR,local,5201,0.9996594507420473,0.824755962622061,1.2039764707898262,0.0
LASR,local,2102,1.0009479044338327,0.7914573066009001,1.2162963019476996,0.0
LAUR,local,2412,0.9993576980541992,0.7446211740507439,1.2493734640600127,0.0
LAZ,local,5201,1.0,0.8426118768678399,1.1709905774430387,0.0
LB,local,549,1.0008437909749255,0.8207343547769032,1.166404387472096,0.0
LBRT,local,2174,1.000490972368025,0.756527440173743,1.3251783327148872,0.0
LCII,local,5201,1.0,0.8379531071482601,1.1973568013949354,0.0
LCLN,local,75,0.9987007065202577,0.9288039053933348,1.0665361383301761,0.0
LDOS,local,5002,0.9992232633072449,0.92065866134035,1.1732954074405453,0.0
LEA,local,4231,0.9999095110265992,0.8977777777777778,1.108495268156694,0.0
LECO,local,5201,0.9993845959665445,0.8763179087498467,1.1692270586385636,0.0
LEGN,local,1571,1.0010909340598366,0.6992833983696478,1.1527499584426488,0.0
LEN,local,5201,1.0006699341760852,0.8108107229896594,1.2763157755970491,0.0
LEU,local,5201,1.00311526109169,0.4127198768080153,1.6568915744139538,0.0
LEVI,local,1876,0.9996118357509396,0.8359008229832313,1.2648953254140998,0.0
LFST,local,1316,1.0,0.7878788090171951,1.335952846146294,0.0
LFTO,local,65,1.0016042127311742,0.8822495503819591,1.18843473515855,0.0
LFUS,local,5201,0.9996657677521278,0.8810250224599329,1.1594835746376684,0.0
LGN,local,247,0.9963060203284549,0.8691333400085008,1.172752808988764,0.0
LGND,local,5201,1.0,0.6723646223170471,1.4961409852130232,0.0
LH,local,5201,0.9994332914117727,0.9020066043785936,1.1564268123618802,0.0
LHX,local,5201,0.9997222688462999,0.9158287633735119,1.122599747392367,0.0
LIF,local,564,0.997431608523318,0.838644765108508,1.155790578311033,0.0
LIFE,local,152,0.9951112992457843,0.8009153278126845,1.1949151811797933,0.0
LII,local,5201,0.9993125468555153,0.8884783458591314,1.1418073869686773,0.0
LIN,local,5193,0.9995180612587067,0.9024479500619424,1.117806586794303,0.0
LIND,local,3314,1.0,0.8034187839119866,1.2580101608935461,0.0
LINE,local,531,1.0018783605374788,0.8945540875539928,1.1461745657054523,0.0
LION,local,1134,1.0,0.822857175554548,1.1592592470494378,0.0
LITE,local,2797,0.9996290028228477,0.8272863803064935,1.2004801638036593,0.0
LKQ,local,5201,0.9996765773332096,0.8619999885559082,1.1647799309491795,0.0
LLY,local,5201,0.9996245455680157,0.9065810866759626,1.1312462507567385,0.0
LLYVA,local,775,0.9991015639459349,0.8861422364610967,1.0818340248306095,0.0
LMND,local,1552,1.001822778172264,0.7212217077092384,1.2091277268006733,0.0
LMT,local,5201,0.9996926664934241,0.8905552028026269,1.0968332125585745,0.0
LNC,local,5201,0.9993858296143987,0.7211981576946572,1.6333788883510247,0.0
LNG,local,5201,1.0006784415900352,0.6477272370137467,1.578059079653332,0.0
LNT,local,5201,0.9994529415478008,0.8990694473542774,1.1071253201135487,0.0
LNTH,local,2816,0.9998133523766559,0.6999999682108561,1.303225855673513,0.0
LOAR,local,593,1.0002326814347025,0.8749122097363966,1.1159359791366459,0.0
LOPE,local,4474,0.999919882474601,0.8438818293742302,1.1743128371703944,0.0
LOW,local,5201,0.9996164085539356,0.8577831479925273,1.1785370900632255,0.0
LPG,local,3101,1.0,0.8408723546996693,1.1639117827640317,0.0
LPLA,local,3972,0.998847204869264,0.8096157475178688,1.167350043636343,0.0
LPX,local,5201,1.0,0.8027079369682159,1.466666734098185,0.0
LQDA,local,2039,1.0011751149956374,0.6937269257446665,1.4330854784653075,0.0
LRCX,local,5201,0.999474690022962,0.8534664337757616,1.1511936317156144,0.0
LRN,local,4711,0.9997198564887105,0.7791667058512028,1.3004545731977981,0.0
LSCC,local,5201,1.0,0.815030137669997,1.1562500407453635,0.0
LSTR,local,5201,0.9995716907482297,0.876238535156285,1.1911764297477512,0.0
LTC,local,5201,0.9996917903219339,0.8433832830727781,1.1693192677409094,0.0
LTH,local,1233,0.9993056058699715,0.8669421025128922,1.1551155224581255,0.0
LULU,local,4800,0.9998754698660254,0.8494414590336905,1.1851650192139247,0.0
LUNR,local,1204,1.0,0.3421934227871455,4.778325302737581,0.0
LUV,local,5201,1.0,0.8609457296166555,1.153749942779541,0.0
LVS,local,5201,1.000768214081596,0.5881032391532657,1.434835527190811,0.0
LW,local,2467,0.9996953354958084,0.8824011162268119,1.1572599013057743,0.0
LXP,local,5201,1.0,0.7982708515480923,1.454545381037706,0.0
LYB,local,4107,0.9999005059549197,0.866251158490243,1.1323781871029135,0.0
LYFT,local,1870,1.0011181828906903,0.7874395476469492,1.1812201442033197,0.0
LYV,local,5201,0.9997573811755562,0.7389558338680197,1.3401709881019754,0.0
M,local,5201,1.0004114473876269,0.8264532867899556,1.2349272615142544,0.0
MA,local,5102,0.9992024675172646,0.8760870202953301,1.139285795490059,0.0
MAA,local,5201,0.9994713190894149,0.8144186152968296,1.2814141057545716,0.0
MAC,local,5201,0.999596683651903,0.7935619571453069,1.344162438883807,0.0
MAIN,local,4757,1.0,0.866596596985668,1.1756302705534054,0.0
MAIR,local,99,1.0042718683631673,0.9439369862473854,1.1092323157109025,0.0
MAN,local,5201,0.9998365218842682,0.8147036875119179,1.1677342706052296,0.0
MANE,local,148,0.9941791147977018,0.8098901191869977,1.1633752302407483,0.0
MANH,local,5201,0.9992663871908561,0.8236720258245847,1.1435304352857207,0.0
MAR,local,5201,0.9992761419825199,0.8689516389621853,1.1632110463576992,0.0
MARA,local,3605,1.0,0.3999999853280874,1.9607842798802484,0.0
MAS,local,5201,1.0,0.8640553728588746,1.1371570960957071,0.0
MAT,local,5201,1.0,0.8704496768330662,1.235166430663321,0.0
MATX,local,5201,0.9997423112956236,0.8862408642574436,1.1343765072251297,0.0
MBGL,local,50,0.9944510854454731,0.9080188352470098,1.1928571065266926,0.0
MBIN,local,2225,1.0,0.8361035290412738,1.2344321058322734,0.0
MBX,local,496,0.9982781312460765,0.841073823455196,1.2534112446193157,0.0
MC,local,3116,0.9994099757364205,0.8851040044065336,1.1435165794059334,0.0
MCD,local,5201,0.999756463880317,0.9043478056738607,1.072221162776883,0.0
MCHB,local,3663,1.0,0.8554913782325426,1.2724045758764242,0.0
MCHP,local,5201,1.0,0.7904231731041592,1.1495947012907377,0.0
MCK,local,5201,0.9993238704177574,0.8926650814535093,1.2018981986005755,0.0
MCO,local,5201,0.9990047455220914,0.8753950213808188,1.1696016891740006,0.0
MCRI,local,5201,1.0,0.8108108108108109,1.2857142610779055,0.0
MCY,local,5201,0.9997680203738476,0.8521970878874775,1.2144538773192268,0.0
MD,local,5201,0.9995974953045599,0.7640705989423063,1.210392947064608,0.0
MDB,local,2231,0.9993372845795689,0.8477880098723495,1.1499683195371067,0.0
MDGL,local,4927,1.0006935064724332,0.5098039215686274,1.2930999238364875,0.0
MDLN,local,180,0.9973569736218721,0.8536585365853658,1.0762642232927175,0.0
MDLZ,local,5201,0.9996955444127056,0.9354925792512665,1.0837544993113577,0.0
MDT,local,5193,0.9996510146624432,0.9300100073374334,1.0914557361427049,0.0
MDU,local,5201,0.9993968871845486,0.8131579227005983,1.1481005004479936,0.0
MEDP,local,2531,0.999221062500416,0.8963366895136204,1.2546266425696386,0.0
MET,local,5201,0.9997974003762317,0.8342002162447373,1.2427113873724387,0.0
META,local,3595,0.9997231435644727,0.8694026188318827,1.099921520809957,0.0
MFP,local,50,1.0,0.8970454822887074,1.1813385975663693,0.0
MGEE,local,5201,0.9994699759522944,0.82873316309291,1.2188551859057912,0.0
MGM,local,5201,1.0006053638339167,0.7311828012121304,1.2834918559343436,0.0
MGNI,local,3126,1.0005559065052934,0.7523511012397566,1.249687883002619,0.0
MGRC,local,5201,0.9997011776125185,0.7881741289046658,1.140666307185409,0.0
MGY,local,2309,1.0,0.7980582635739102,1.1462523256708999,0.0
MH,local,282,1.0040215640187198,0.9174650028926481,1.1379980642913659,0.0
MHK,local,5201,1.0,0.8526530363121813,1.252421174459908,0.0
MHO,local,5201,1.0,0.714285735440868,1.4340206310236947,0.0
MIAX,local,267,0.9986945700655155,0.9269260761773926,1.1018886258226743,0.0
MIDD,local,5201,1.0,0.861372368084827,1.2250566127550984,0.0
MIR,local,1518,1.0,0.8455462415679162,1.1993823436851179,0.0
MIRM,local,1794,1.0005725153404594,0.6597221739314238,1.2435387382775562,0.0
MKC,local,5201,0.9994006586171053,0.8832011730015579,1.0955811040885859,0.0
MKL,local,5201,0.9996358304536014,0.8586761840744923,1.2466462394877675,0.0
MKSI,local,5201,0.9993788440775427,0.8147541239901736,1.1927805767262263,0.0
MKTX,local,5201,0.9996490139362534,0.7202898147100668,1.2733333110809326,0.0
MLI,local,5201,1.0,0.8157015793612122,1.2078713863463448,0.0
MLM,local,5201,1.0000916786101774,0.8644136239399666,1.1312284788222107,0.0
MLYS,local,895,1.0020534351369266,0.7844767467374163,1.2223438891047045,0.0
MMED,local,127,1.0,0.8920056145066568,1.11010282027965,0.0
MMM,local,5201,0.9995993296326566,0.8862063478768611,1.1122812759424754,0.0
MMS,local,5201,0.9997972403028744,0.8852631418328536,1.174568926891165,0.0
MMSI,local,5201,0.9994579821968396,0.8508573072433215,1.256281417738321,0.0
MNR,local,718,1.002490020194902,0.9372747013166962,1.1198528761063498,0.0
MNST,local,5201,0.9997816006596808,0.8815202769450349,1.1690355869201017,0.0
MO,local,5201,0.9994082328689811,0.9188783681729311,1.130828688816471,0.0
MOD,local,5201,1.0,0.743494407976546,1.8709677378005796,0.0
MOG.A,local,5201,0.9998235694043364,0.8467312800655648,1.1871144286281654,0.0
MOH,local,5201,0.9994202765865602,0.85405855697568,1.1953290853722578,0.0
MORN,local,5201,0.9991634298748487,0.8612815380484846,1.1577982018115651,0.0
MOS,local,5201,1.0002046682310022,0.8540145684768882,1.3263555644068075,0.0
MP,local,1560,1.0022794130831498,0.8617747664669615,1.1850501078903812,0.0
MPC,local,3822,0.9992415696474879,0.8645191602245089,1.2306684503029424,0.0
MPLX,local,3483,1.000849027637608,0.7592267360664454,1.1898444420246308,0.0
MPWR,local,5201,0.9993278047804918,0.816976341708213,1.1333334204811463,0.0
MRCY,local,5201,1.0,0.8185941088443024,1.3699094397789202,0.0
MRK,local,5201,1.0,0.8961950650100767,1.0854668808160335,0.0
MRNA,local,1946,1.0009609624559213,0.6653285548479861,1.371559681857746,0.0
MRP,local,398,0.9996775325820362,0.8784592360576488,1.1171229755765706,0.0
MRSH,local,5195,0.9994647990812061,0.9039208984575674,1.0847047440912352,0.0
MRVL,local,5201,1.0005359179508901,0.8249672190093076,1.13675180708378,0.0
MS,local,5201,0.9997256306205435,0.7929745564968991,1.4441766921840298,0.0
MSA,local,5201,0.9995640889068608,0.8116699862911461,1.2568254016694569,0.0
MSCI,local,4730,0.9990377561962231,0.8748516883768034,1.220908093009338,0.0
MSFT,local,5201,0.9995986261884661,0.8964706121706494,1.0771691438429893,0.0
MSGE,local,851,0.9988705842208371,0.8966191486926108,1.1338742732263385,0.0
MSGS,local,2758,1.0002169585780711,0.8833040547028083,1.0781947702082195,0.0
MSI,local,5201,0.9995592427559312,0.851528364710489,1.1842105535447847,0.0
MSM,local,5201,0.9996817105644894,0.8922305040773281,1.0916803997565354,0.0
MSTR,local,5201,0.9999428774675982,0.8033995860892993,1.3482430691920484,0.0
MTB,local,5201,0.9995415834630548,0.8521025828826122,1.1967017979403747,0.0
MTCH,local,5201,0.9998657456537507,0.8289222824988068,1.2862980767732004,0.0
MTD,local,5193,0.9991706269828324,0.9008250893198082,1.114009778567797,0.0
MTDR,local,3669,0.9998285610153375,0.7870968168657616,1.5477177951169305,0.0
MTG,local,5201,1.0,0.625263163917943,1.5608855939226665,0.0
MTH,local,5201,1.0005002615806071,0.781249989931648,1.4870055683801697,0.0
MTN,local,5201,0.9997830387838201,0.8408144175428762,1.1864937371407516,0.0
MTRN,local,5201,1.0,0.8275261654016913,1.2120219251297886,0.0
MTSI,local,3640,0.9987695801745236,0.8409794771498946,1.2451848628992574,0.0
MTX,local,5201,1.0001451899596325,0.8865378505462235,1.1258231928169449,0.0
MTZ,local,5201,1.0,0.8591859153601643,1.2163687832524384,0.0
MU,local,5201,1.0003111833551455,0.8086053404065596,1.2071005282734801,0.0
MUR,local,5201,1.0002844840823366,0.820103536609409,1.2456140130730764,0.0
MUSA,local,3282,0.9993913077296648,0.8650793981569767,1.1773614436073514,0.0
MWA,local,5101,1.0,0.8181818127084808,1.5829384266474695,0.0
MWH,local,142,1.0016874986396607,0.9008589690473641,1.105610528508322,0.0
MXL,local,4139,1.0,0.8021276676332819,1.2718327191928889,0.0
MYRG,local,4544,1.0,0.8516624178157101,1.1920039163722718,0.0
MZTI,local,5201,0.9996832564714723,0.8901348387195039,1.1994441975029508,0.0
NATL,local,728,0.9997758018434829,0.782608695652174,1.1293851480785313,0.0
NAVN,local,213,0.99608993512777,0.8588863862514932,1.176436505878907,0.0
NBIX,local,5201,1.0000758423655223,0.75,1.283898350032232,0.0
NBTB,local,5201,1.0,0.880191156558726,1.1444397697561137,0.0
NCLH,local,3428,1.000329340577221,0.848287161458571,1.2880905491888786,0.0
NCNO,local,1545,1.0003128982843648,0.7751938294447493,1.190858064432744,0.0
NDAQ,local,5201,0.9995421431496662,0.8696660120772054,1.145980704378322,0.0
NDSN,local,5201,0.9994867797228656,0.8734529350284502,1.1400948622387692,0.0
NE,local,1317,0.9996458842435239,0.843396156476717,1.1249999999999996,0.0
NEE,local,5201,0.9994404500745161,0.8961281935185405,1.1108756858575215,0.0
NEM,local,5201,1.000219985068545,0.8413298464472624,1.1622784771496737,0.0
NEO,local,5201,1.0,0.6944444168497027,1.4650456618688248,0.0
NEOG,local,5201,0.9994295218203555,0.847628810424537,1.1895161391110871,0.0
NESR,local,543,0.9989417747001401,0.8826366489232641,1.1046699019926878,0.0
NET,local,1754,0.9981339372698591,0.8104816254285376,1.1577856850616173,0.0
NEU,local,5201,0.9994983024722618,0.8750546971309299,1.218954224465423,0.0
NFG,local,5201,0.999500270199785,0.882472450822396,1.15756544196729,0.0
NFLX,local,5201,1.0,0.8380866108166214,1.2025299097674624,0.0
NGL,local,3850,1.0,0.8001638351547784,1.4578313656778934,0.0
NGVT,local,2601,1.0,0.8658682262001163,1.1491341834603481,0.0
NHC,local,5201,1.0,0.8218390804597702,1.1470129830496651,0.0
NHI,local,5201,0.9996256712139306,0.8778185652337247,1.3546735610605074,0.0
NI,local,5201,0.9992462570350106,0.8762719151022578,1.1185714176722936,0.0
NIC,local,3346,1.0,0.8598130841121495,1.0914453474305477,0.0
NIQ,local,283,1.0009372285670413,0.8268998854785541,1.2407862056673247,0.0
NJR,local,5201,0.9997141430194151,0.8281516703799253,1.1909792254785192,0.0
NKE,local,5201,0.9997645653306505,0.898179350192169,1.1123907819462713,0.0
NKTR,local,5201,1.001353193756822,0.7647058603535339,1.2083229372442077,0.0
NLY,local,5201,1.0,0.764615352337177,1.2262643419241306,0.0
NMIH,local,3224,1.0,0.8510791545587763,1.227606420986997,0.0
NMRK,local,2191,0.9994226195693973,0.6915662215918524,1.6799999237060548,0.0
NN,local,1467,1.0,0.7642585182512587,1.3580741824682143,0.0
NNI,local,5201,1.0,0.8139534686511529,2.2219959646561684,0.0
NNN,local,5201,0.9997143336704799,0.8683250625676784,1.243181824585623,0.0
NOC,local,5201,0.9993934980660695,0.9030156811981874,1.119856459595954,0.0
NOG,local,4881,1.0,0.7686567525338914,1.315789517713497,0.0
NOV,local,5201,1.0,0.8377065031598687,1.2318029316933081,0.0
NOVT,local,5201,0.9998858920042238,0.7414966199705031,1.3235294988456956,0.0
NOW,local,3566,0.998805354734585,0.8777770921786399,1.135712050506155,0.0
NP,local,234,1.0015884709345053,0.8286839701021375,1.2210088456146553,0.0
NPO,local,5201,0.999440390128025,0.8603213493371433,1.23370930369645,0.0
NRG,local,5201,1.0,0.8830475463494142,1.2382035530250506,0.0
NRIX,local,1537,1.0019582694022926,0.7252703687767402,1.2454873803007582,0.0
NSC,local,5201,0.9993323260657438,0.8987813028357293,1.1368290975196655,0.0
NSIT,local,5201,0.999614337494634,0.786197570737245,1.721311502320829,0.0
NTAP,local,5201,0.9992357486547436,0.859756140819553,1.152895793441946,0.0
NTCT,local,5201,1.0,0.8437500062088168,1.4081632330337206,0.0
NTNX,local,2496,0.9995878887209331,0.7162162162162162,1.1503623029410002,0.0
NTRA,local,2812,0.9990913011501841,0.7455523541945611,1.2350543941633472,0.0
NTRS,local,5201,0.9994444335642838,0.870978988254168,1.2176660169469697,0.0
NTSK,local,243,0.9978586234007578,0.8745619580864495,1.1209503086258912,0.0
NTST,local,1523,1.0,0.9503311270825942,1.06787594131393,0.0
NUE,local,5201,1.0002457829292413,0.8546704262810013,1.2017543145396288,0.0
NVDA,local,5201,0.9994290069894641,0.8649523117805779,1.1601061484684532,0.0
NVR,local,5201,0.9994778210603739,0.8365738601508192,1.1749330942243794,0.0
NVST,local,1751,1.0005442744189674,0.8911191692592026,1.2887788806145313,0.0
NVTS,local,1224,1.004306544276199,0.6976922842172476,1.293286284275831,0.0
NWBI,local,5201,1.0,0.9044540289930694,1.1841378973553789,0.0
NWE,local,4701,0.999817415598253,0.9025380969501141,1.1910881082011011,0.0
NWN,local,5201,0.9995491173899799,0.7919988199624624,1.2518024226916737,0.0
NWS,local,3316,1.0,0.897019849940929,1.1301115260086843,0.0
NWSA,local,3324,1.0,0.9083269827901495,1.1492424466283746,0.0
NXPI,local,4037,1.0,0.8420939817304995,1.150804288773093,0.0
NXST,local,5201,1.0,0.5555555702727522,1.6433119984145925,0.0
NXT,local,896,1.0011791978359037,0.8755614168773947,1.1535550795661698,0.0
NYT,local,5201,1.0,0.8132530427633173,1.2021659767351678,0.0
O,local,5201,0.9996651242606529,0.806530615196244,1.2345679312358462,0.0
OBDC,local,1794,1.0007127761264245,0.8452380474129839,1.197575771447384,0.0
OC,local,4991,0.9998459550872716,0.8316024049572954,1.236397794918866,0.0
OCTV,local,74,0.9933633529059136,0.8132218072458283,1.2750455904981377,0.0
OCUL,local,3047,1.0019568985877503,0.7814661245452487,1.5097493609684602,0.0
ODFL,local,5201,0.9993299551462843,0.8581790074326586,1.1447588401448285,0.0
OFG,local,5201,1.0,0.7411167598697729,1.319444347862848,0.0
OGE,local,5201,0.9994600308512603,0.8853575235845856,1.109582928705782,0.0
OGN,local,1334,1.0,0.8437047832771618,1.2261905545820762,0.0
OGS,local,3178,0.9992893674364354,0.8378569953959835,1.1281825916857897,0.0
OHI,local,5201,0.9993883652202743,0.6793893041509284,1.236842105263158,0.0
OII,local,5201,1.0,0.7412587284336424,1.3004292148517793,0.0
OKE,local,5201,0.9992132299345271,0.785749173319348,1.3038387159882787,0.0
OKLO,local,1297,1.0,0.7750906278843747,1.8343195680317979,0.0
OKTA,local,2366,0.9993760195199215,0.8723534241140739,1.173412836633134,0.0
OLED,local,5201,1.0007022632754614,0.8156637582891005,1.2400000312111594,0.0
OLLI,local,2802,0.9994188874252418,0.8888597112556919,1.1372262996478673,0.0
OMC,local,5201,0.999665376315702,0.9034239451927882,1.1213896655216924,0.0
OMF,local,3241,0.9996727226912309,0.8395500780104489,1.3619247195838415,0.0
ON,local,5201,1.0,0.7954328710387355,1.2556212894873373,0.0
ONB,local,5201,1.0,0.8616666793823242,1.1775105526353682,0.0
ONTO,local,1723,0.9987311448138703,0.8096274072894385,1.2636887536786545,0.0
OPCH,local,5201,1.0,0.7841726939541593,1.356115115009093,0.0
OPLN,local,4208,0.9994202327480496,0.867914165742822,1.169441678332286,0.0
ORA,local,5201,0.9995308360951782,0.7994971960416342,1.1415094701271091,0.0
ORCL,local,5201,0.9992101140526435,0.8833846328955411,1.0971569651312518,0.0
ORI,local,5201,0.99946408204911,0.7369826634991267,1.2678571649738946,0.0
ORKA,local,5201,1.001434753078165,0.40754254810482676,1.7647057682819431,0.0
ORLY,local,5201,0.9992570014064889,0.8949519529107117,1.1165184662567902,0.0
OSCR,local,1385,1.0019084407096648,0.787878837503716,1.238297959116589,0.0
OSIS,local,5201,0.9998026192523116,0.8197614702973832,1.4091062181039045,0.0
OSK,local,5201,1.0004297476873705,0.7762556729649088,1.265141301241274,0.0
OTF,local,310,1.0,0.9276257987338099,1.0682287908684929,0.0
OTIS,local,1625,0.999890267294975,0.8839779005524862,1.0788669871274756,0.0
OTTR,local,5201,0.9995458570084494,0.8204012449357518,1.1956281077539053,0.0
OUST,local,1483,1.005738944030741,0.7728506619405848,1.3034623817230158,0.0
OUT,local,3129,1.0,0.8036809695838505,1.3286307903301742,0.0
OVV,local,5201,1.000484624607265,0.8354183546639631,2.400900835592672,0.0
OWL,local,1438,1.0,0.8505493897427825,1.1879803984279236,0.0
OXY,local,5201,1.0001604964101323,0.8603868163873807,1.2454036481739235,0.0
OZK,local,5201,0.9997353541065044,0.7103551761807171,1.2222222222222223,0.0
P,local,2745,1.0,0.8432908545061952,1.1852260597246183,0.0
PAA,local,5201,1.0,0.7532751321297048,1.3708207541563822,0.0
PACS,local,603,1.0007322132878462,0.8184713718204302,1.3340857344900603,0.0
PAG,local,5201,0.9997907425326779,0.818867972964592,1.832167842531548,0.0
PAGP,local,3241,1.0004050315376884,0.7824267458947863,1.277095571379353,0.0
PANW,local,3552,0.9994342525073048,0.8650220272384397,1.3184619085895148,0.0
PARR,local,3520,1.0,0.5,1.3333333333333333,0.0
PATH,local,1351,1.0,0.8325090337092587,1.1403508198850252,0.0
PATK,local,5201,1.0,0.515625159616007,1.6964249551306432,0.0
PAY,local,1326,1.0002933383129287,0.8178861664562692,1.2331311529257667,0.0
PAYC,local,3117,0.9989059248090626,0.877482817975007,1.1661237246703176,0.0
PAYX,local,5201,0.9996895674782271,0.8835703156285377,1.1214161518256818,0.0
PB,local,5201,0.9996001761990545,0.8257261180912178,1.1651476022201177,0.0
PBF,local,3452,0.9997752633655661,0.7337499856948853,1.2819905489062633,0.0
PBH,local,5201,0.9997592506181774,0.8375184774399325,1.2095499260124347,0.0
PBI,local,5201,1.0,0.5590608819941043,1.3992466870817628,0.0
PBLS,local,61,0.9918835455011822,0.9045138863593707,1.1525162969124034,0.0
PCAR,local,5201,0.9996274595097586,0.8603246208037519,1.1287988257798462,0.0
PCG,local,5201,0.9995115883420991,0.5663082583069649,1.3534385872975958,0.0
PCOR,local,1330,0.9992734862486203,0.8455115244136083,1.091992312933216,0.0
PCTY,local,3136,0.9988820471334448,0.9006802617186276,1.2895174217725267,0.0
PCVX,local,1566,0.9988606962084451,0.7954110722939116,1.1691177031764988,0.0
PEB,local,4210,1.0,0.7772087344601303,1.2758064662504647,0.0
PECO,local,1389,1.0,0.9363900756528267,1.0561901737919104,0.0
PEG,local,5201,0.9996641964858544,0.8711991664228449,1.095963459093655,0.0
PEGA,local,5201,0.9992750830861523,0.6032375707672978,1.273875551360646,0.0
PEN,local,2757,0.9999640827961631,0.8417670444008555,1.1917368731112046,0.0
PENG,local,2334,1.000418697816667,0.7891593910853137,1.2908396454195314,0.0
PENN,local,5201,1.0003604656315934,0.7816092134019269,1.5309734746670236,0.0
PEP,local,5201,0.9996360906459817,0.9137174744195461,1.1376888051243572,0.0
PFE,local,5201,1.0,0.9360269593874111,1.1040203636313253,0.0
PFG,local,5201,0.9992566267514128,0.725520820398298,1.405953186610026,0.0
PFGC,local,2749,0.9992989674979913,0.6279581617778043,1.392663018214596,0.0
PFS,local,5201,1.0,0.8597260044045645,1.264189941225512,0.0
PFSI,local,3352,0.9995618883729844,0.8701046815607983,1.2745996149949033,0.0
PG,local,5201,0.9994209983739074,0.9236122402131114,1.0863994452898922,0.0
PGNY,local,1724,1.0,0.8469259946916117,1.1888282173654892,0.0
PGR,local,5201,0.9996304423843606,0.8437085727992638,1.1732484267562626,0.0
PH,local,5201,0.9996996806443832,0.8680925883187246,1.137244922535859,0.0
PHIN,local,801,0.9989231627427043,0.8108108108108109,1.1628746891259432,0.0
PHM,local,5201,1.0,0.7987767654377703,1.194821207224736,0.0
PI,local,2546,0.9991298734601712,0.8155101426797567,1.1838823126263305,0.0
PII,local,5201,0.9997575072385507,0.859051253182121,1.1876231046146484,0.0
PINS,local,1856,1.0003185962613044,0.7171186787998288,1.1362169555538508,0.0
PIPR,local,5201,0.9998124142274611,0.8171800105979384,1.2118083109092361,0.0
PJT,local,2755,0.9991906697225413,0.8574620905582786,1.1917009664553888,0.0
PK,local,2431,1.0006932567590716,0.7980295585787779,1.2603685709388637,0.0
PKG,local,5201,0.9999565777168375,0.881694083735659,1.1215277398350076,0.0
PL,local,1348,1.0019570185024054,0.7976190523201929,1.25280901961609,0.0
PLD,local,5201,0.9994073060187662,0.8065667384815408,1.3962264150943395,0.0
PLMR,local,1857,0.9996709368515077,0.8873028893688407,1.1934481971129358,0.0
PLNT,local,2787,1.0,0.831340082886901,1.1858247223259193,0.0
PLPC,local,5201,1.0,0.7866666884649367,1.2773722212779584,0.0
PLSE,local,2590,1.0017942607666868,0.6887107705885827,1.3453487420481864,0.0
PLTR,local,1490,0.9996427966744206,0.7934315202164893,1.1426611752119504,0.0
PLUS,local,5201,1.0,0.841780512618651,1.2948885932179133,0.0
PLXS,local,5201,0.9995100640287253,0.829354976169767,1.1944080769592278,0.0
PM,local,4648,0.9992491823298605,0.92931413505014,1.123076903514373,0.0
PNC,local,5201,0.999567887435765,0.7219768605702908,1.585454594005238,0.0
PNFP,local,5201,0.9996408003642155,0.8617609541318761,1.2208384223004525,0.0
PNR,local,5193,0.9997186724246802,0.890410923112242,1.1107905707321277,0.0
PNW,local,5201,0.9996600704895539,0.9056998478560683,1.1085009444050025,0.0
PODD,local,4859,0.9991700751293454,0.759887030002217,1.275929512832005,0.0
POOL,local,5201,0.9995185253412887,0.8780383574711209,1.1932835989790846,0.0
POR,local,5140,0.9996669680912309,0.8836439126157885,1.1931480345027443,0.0
POST,local,3673,1.0001271750754637,0.8769199090158685,1.1054950299231414,0.0
POWI,local,5201,0.9992726828835228,0.8273464542412271,1.1572382476317868,0.0
POWL,local,5201,0.9995699236469884,0.8302257260161896,1.2030780697331374,0.0
PPC,local,5201,0.999707881549645,0.5294117956425498,2.0,0.0
PPG,local,5201,0.9995406709475075,0.8506556851570346,1.1121599837157277,0.0
PPL,local,5201,0.9996616972576959,0.8783391696085886,1.1250635015216608,0.0
PPLI,local,5201,0.9995114244542262,0.871544092719148,1.2121052613463512,0.0
PPTA,local,1394,1.0028735604621977,0.8235293894680089,1.2917115230651113,0.0
PR,local,2613,1.0,0.6420581710667984,1.64642854824054,0.0
PRAX,local,1478,1.0,0.7918781801247168,1.6808510724642307,0.0
PRDO,local,5201,1.0,0.7023809956314903,1.2920673550850559,0.0
PRI,local,4133,0.9989979644754107,0.8882765412332069,1.14611067896229,0.0
PRIM,local,4549,1.0,0.7798705400821191,1.4314515826667389,0.0
PRK,local,5201,0.9997353891339532,0.818155854739812,1.2266666666666666,0.0
PRM,local,1210,1.0006869637068494,0.8693877848919501,1.2040650560942696,0.0
PRMB,local,5201,1.0006250143051147,0.7949886368289698,1.4999999999999998,0.0
PRU,local,5201,0.9994128248344633,0.7637882704970901,1.3363539119913155,0.0
PRVA,local,1346,1.0004837173781538,0.8565528874380715,1.1456872471571438,0.0
PS,local,90,1.000032801189968,0.784603547939408,1.1107863495163774,0.0
PSA,local,5201,0.999304966158547,0.7998820682784002,1.192646036832231,0.0
PSKY,local,5201,1.0,0.7466666539510091,1.3632593950663616,0.0
PSMT,local,5201,0.9994350153417635,0.8052114696426846,1.1920649310310312,0.0
PSN,local,1843,1.0002108376163579,0.9022556390977443,1.1654266377511602,0.0
PSUS,local,90,1.0053741032703938,0.9599904740944226,1.032717620418111,0.0
PSX,local,3621,0.9996588333993772,0.888199368890076,1.1330481932482666,0.0
PTC,local,5201,0.9991666475931803,0.8517603612520284,1.1315145485639737,0.0
PTCT,local,3323,0.9998186376073666,0.7174887937923072,1.4916467576723837,0.0
PTEN,local,5201,1.0,0.7987804598818214,1.2448559721252388,0.0
PTGX,local,2531,0.9999525468592532,0.6781751211877867,1.6673774149793765,0.0
PTRN,local,242,1.0014749321505136,0.8477287206004572,1.1423220647369823,0.0
PVH,local,5201,1.0003362551768258,0.8383279194923061,1.1986440884864937,0.0
PVLA,local,2936,1.0,0.598404279603523,1.4778759946625746,0.0
PWR,local,5201,0.9993952084079758,0.8563467647291902,1.2305229321017466,0.0
PYPL,local,2810,0.9997291582417462,0.8861610241260064,1.1033687015796843,0.0
Q,local,216,0.998498118762297,0.7397691263631039,1.1214938596763688,0.0
QBTS,local,1439,1.0,0.494117664245861,1.4583987643255134,0.0
QCOM,local,5201,0.9996016426423665,0.8156139329102746,1.1283851252446002,0.0
QLYS,local,3503,0.9992945965843953,0.8474576362508315,1.1453971134172816,0.0
QNT,local,65,1.0135568730452313,0.831474816031513,1.126200708795758,0.0
QRVO,local,2936,0.9996574788596302,0.8269199823802875,1.1539067011113073,0.0
QSR,local,2950,1.0,0.9054023749208387,1.1330146051622207,0.0
QTWO,local,3135,0.9991320558772493,0.8214096084072932,1.2170579107395607,0.0
QXO,local,3618,1.0,0.08333333885228209,2.1999999682108564,0.0
R,local,5201,0.9995500965709172,0.8644351014891867,1.160474309095012,0.0
RAL,local,302,1.0011314388233592,0.9182671408201258,1.0872623689002106,0.0
RAMP,local,5201,0.9996371469856451,0.8674351455649655,1.2372538852720336,0.0
RAPP,local,563,1.0012578904555671,0.6636636903244727,1.3496502782961666,0.0
RARE,local,3168,1.0005174441903901,0.8498539568923597,1.1632379204099947,0.0
RBA,local,5201,0.9995891442555814,0.882606335971918,1.1404958388187119,0.0
RBC,local,5201,0.9995428641229098,0.7938919219547352,1.276143743562587,0.0
RBLX,local,1380,0.9990721810493179,0.8170049140588613,1.170645476470978,0.0
RBRK,local,593,0.9988901390031675,0.8641595487118425,1.1714568400469862,0.0
RCL,local,5201,1.0,0.8332087089510788,1.2012739388201517,0.0
RCUS,local,2131,1.001479959478017,0.5810169284626588,1.2803514457306013,0.0
RDDT,local,617,1.0010370153285213,0.7874582065781074,1.190698097771305,0.0
RDN,local,5201,1.0,0.7156015949694312,1.455284499264779,0.0
RDNT,local,5201,1.0,0.7266435645391968,1.5074626347832236,0.0
RDW,local,1417,1.0038684682072287,0.6693121668092448,1.2484848318459023,0.0
REG,local,5201,0.9997406401626179,0.8268059346597789,1.2590188452517512,0.0
REGN,local,5201,1.000295109622267,0.8351975757073717,1.2196316395649272,0.0
RELY,local,1243,1.0010000228881837,0.8866359029801221,1.1883917426895174,0.0
REXR,local,3303,0.999377051588257,0.9084217082789942,1.1487650876098587,0.0
REYN,local,1658,1.0004441470909522,0.9284347879087379,1.0805744109434794,0.0
REZI,local,1973,0.9993682863106165,0.8317025281553333,1.1952943619535046,0.0
RF,local,5201,1.0,0.7214285973788941,1.5527273235899028,0.0
RGA,local,4523,0.9995209393195694,0.863252371723507,1.2618768535122626,0.0
RGEN,local,5201,0.9999474360635952,0.8221859490638357,1.2028985617416692,0.0
RGLD,local,5201,1.0003011542561278,0.7626181780841028,1.2280298304508377,0.0
RGTI,local,1350,1.0020554986147558,0.6671802891234984,1.5414847293418104,0.0
RH,local,3480,1.0001246188773738,0.754986182623304,1.2696233681292985,0.0
RHI,local,5201,0.9997461710665618,0.8846153512026285,1.1244335211230714,0.0
RHP,local,5201,0.9996938195710624,0.7517388865309248,1.6042183166276656,0.0
RIOT,local,2624,1.0028708018784118,0.6931817923202993,1.6528925098736815,0.0
RITM,local,3357,1.0,0.7851239159179798,1.582896974630516,0.0
RIVN,local,1209,1.000833699789683,0.8435415427825013,1.1619785698012335,0.0
RJF,local,5201,0.9991158546280848,0.8438447149933731,1.2565011971233866,0.0
RKLB,local,1451,1.003324285580064,0.7852317083465009,1.1935064685748824,0.0
RKT,local,1528,1.001560905849747,0.6572115662358933,1.3248839809749975,0.0
RL,local,5201,0.999407918829667,0.8663915295374779,1.148082269557926,0.0
RLAY,local,1543,1.0026385199377068,0.77216915502373,1.547332161731019,0.0
RLI,local,5201,0.9996863763551943,0.8545630742045283,1.1237401460776968,0.0
RMBS,local,5201,1.0,0.724284574639138,2.5119550316412633,0.0
RMD,local,5201,0.99903319701126,0.8691074113689563,1.1762288770390315,0.0
RNG,local,3254,0.9994244298419981,0.8383357244612105,1.1781396625699412,0.0
RNST,local,5201,1.0,0.8365696148706533,1.2051613100113407,0.0
ROAD,local,2096,1.0,0.851037089359584,1.2022719044550463,0.0
ROG,local,5201,0.9998170419707729,0.8415307110307403,1.2570710365690645,0.0
ROK,local,5201,0.9996505403707637,0.8814416661556082,1.1265720441183285,0.0
ROKU,local,2246,1.0004874846215113,0.6723404336482921,1.2649526580076997,0.0
ROL,local,5201,0.999465488738717,0.6649351264146128,1.182888611867614,0.0
ROP,local,5201,0.999308436201195,0.8391608519526258,1.1179360969799126,0.0
ROST,local,5201,0.9996528903482397,0.8979987122626019,1.1408088190145191,0.0
RPM,local,5201,0.999418892245333,0.8940267137539271,1.1875436919982987,0.0
RPRX,local,1564,0.9997813523965522,0.9054923337982946,1.107858500966415,0.0
RRC,local,5201,1.0005107914103644,0.7874396366178239,1.1951672289149793,0.0
RRR,local,2605,0.9993263242730914,0.6643598226264833,1.417553174793855,0.0
RRX,local,5201,0.9998520612906349,0.8616604979119514,1.126166894216064,0.0
RS,local,5201,0.9997978655174407,0.8423295553322088,1.1947743480488375,0.0
RSG,local,5201,0.999337513832068,0.890620226893488,1.1358490924062985,0.0
RSI,local,1599,1.0,0.8517698939997321,1.16994223489672,0.0
RTX,local,5201,1.0,0.9017352780101365,1.0970873271063841,0.0
RUSHB,local,5201,0.9992234345048643,0.8043527921303657,1.2590027116314844,0.0
RVMD,local,1649,0.9994611945490524,0.7838095407637339,1.2573964780863132,0.0
RVTY,local,5201,0.9994762981776312,0.8888889390789737,1.1225406568655325,0.0
RXO,local,967,1.0,0.8534136785881279,1.272517396297277,0.0
RYAN,local,1287,0.9994950342465425,0.912941826559949,1.1025791356848282,0.0
RYN,local,5201,0.9996504638703777,0.8271318295247128,1.2017837433612155,0.0
RYTM,local,2239,1.0,0.7061469241787462,1.267411184697268,0.0
S,local,1302,0.9988406330164628,0.8200868713682752,1.1490930362309753,0.0
SAH,local,5201,1.0,0.6086956671971384,1.342722883302059,0.0
SAIA,local,5201,0.9996931618286291,0.8458644853382901,1.1749409892866356,0.0
SAIC,local,3263,0.9989027317646911,0.9008921255616391,1.1678181956115865,0.0
SAIL,local,392,1.0,0.8894737254879816,1.1148796356588495,0.0
SANM,local,5201,0.9996395014792954,0.7241379215846778,1.457446890357972,0.0
SARO,local,483,1.0003696942389608,0.8721804715581641,1.0749298038509507,0.0
SBAC,local,5201,0.9996564500755644,0.8386740323340898,1.2181409156016827,0.0
SBCF,local,5201,1.0,0.7857143100427133,1.3083333333333333,0.0
SBRA,local,5201,1.0,0.7515605254566743,1.2572613541403166,0.0
SBUX,local,5201,0.9997830696137969,0.8933243228245622,1.100418379711344,0.0
SCCO,local,5200,0.9996987695149301,0.8498677250441562,1.200000047639438,0.0
SCHW,local,5201,0.9995999908447266,0.8503846388596753,1.1533382344123053,0.0
SCI,local,5201,0.9994427289466759,0.8450834770258702,1.2064964914852483,0.0
SDRL,local,976,1.0005036574021589,0.8705104068583787,1.100688899524578,0.0
SEB,local,5201,1.000225407207727,0.7211184694628403,1.2151467979501147,0.0
SEI,local,2342,1.0007466101834626,0.7702465021516858,1.2582417284910201,0.0
SEIC,local,5201,0.9994156840824364,0.8657657050823278,1.1816419115134502,0.0
SEZL,local,748,0.9955406443692842,0.7709956137621188,1.3833017055478962,0.0
SF,local,5201,0.9993031116613845,0.8681954527298645,1.143814752424261,0.0
SFBS,local,3097,0.9993638935667105,0.8602815031898164,1.1494423983186401,0.0
SFD,local,404,1.0008473212888815,0.9252422319552454,1.065822746180281,0.0
SFM,local,3294,1.0,0.8196821116820203,1.1411411529664999,0.0
SFNC,local,5201,0.9995430555733492,0.8375071376308928,1.1845438714343937,0.0
SGI,local,5201,1.0,0.7168512682526871,1.2356608562822287,0.0
SHAK,local,2917,0.999709688677936,0.8503766240652969,1.189025489443706,0.0
SHAZ,local,139,0.9954323200198738,0.8212962680392794,1.2298799523748016,0.0
SHC,local,1453,1.0009017338813564,0.8396770640998932,1.481180115220933,0.0
SHO,local,5201,1.0,0.7850241799062888,1.2876190912155878,0.0
SHOO,local,5201,1.0002036732838075,0.7614638547347153,1.1735678683468502,0.0
SHW,local,5201,0.9995855347658461,0.8548523142367979,1.2187499793039425,0.0
SIGI,local,5201,0.9994026147539685,0.8502127464781416,1.2179974422430224,0.0
SIRI,local,5201,1.0,0.7003841463718419,1.3846153987229934,0.0
SITE,local,2594,0.9998652380128932,0.8966504731645656,1.1601065981712761,0.0
SITM,local,1706,0.9985227907336269,0.7961974872163102,1.2636115800634653,0.0
SJM,local,5201,0.9996540910088337,0.8919696374990412,1.1121702778001357,0.0
SKT,local,5201,0.9995397961761388,0.8721088340929101,1.2011662297188501,0.0
SKWD,local,914,1.0,0.916873440714904,1.0899999830457898,0.0
SKY,local,5201,1.0,0.7599999745686848,1.3672131611435243,0.0
SKYW,local,5201,1.0,0.7012687278204726,1.6942834531892068,0.0
SLAB,local,5201,0.9994007388383932,0.8615349323349624,1.2219251709615633,0.0
SLB,local,5201,1.000091052675188,0.8696498419572387,1.1862131795823383,0.0
SLDE,local,306,0.999757511433685,0.8690987409042797,1.1106750292577403,0.0
SLG,local,5201,0.9992815927566792,0.8073525106767102,1.3114754328262301,0.0
SLGN,local,5201,0.9998061213575262,0.9222920102901011,1.1203858604662476,0.0
SLM,local,5201,1.0,0.7525905022076788,1.4965518653304979,0.0
SLS,local,4651,1.0075187969924813,0.5158550246540473,1.5902031782080062,0.0
SM,local,5201,1.0,0.6303030162912863,1.387434629150816,0.0
SMCI,local,4891,0.9993534254499081,0.8209562009016296,1.3014739095071681,0.0
SMG,local,5201,0.9996772242467309,0.8422098832499462,1.1513749527819692,0.0
SMMT,local,2894,1.0013828721140947,0.26098900043229745,1.4694225151510865,0.0
SMTC,local,5201,0.9998177816342658,0.8394160427273925,1.1713070456542252,0.0
SN,local,779,0.9997991498236564,0.7102339461522725,1.1667222051058042,0.0
SNA,local,5201,0.9997179240270119,0.8837795107383427,1.1137583004872806,0.0
SNDK,local,392,0.9968262176250668,0.8258587394808058,1.2868442004962455,0.0
SNDR,local,2367,1.0,0.8855766533628953,1.0992063499572267,0.0
SNEX,local,5201,0.9993940157814852,0.7999000712784626,1.3705800025471504,0.0
SNOW,local,1500,0.999306001629317,0.8548059549364508,1.1369479723084837,0.0
SNPS,local,5201,0.9987898042182621,0.8884534500523289,1.1050753565025744,0.0
SNX,local,5201,0.999362382798467,0.8728624488924509,1.1254124720035217,0.0
SO,local,5201,0.9996558764946448,0.8665133863429659,1.1003019337783047,0.0
SOFI,local,1425,1.0012594146061224,0.6374085788039946,1.1919561665464113,0.0
SOLS,local,221,1.0019071870143468,0.9016678396627961,1.101565954491261,0.0
SOLV,local,614,0.9994536228912978,0.9056576108492702,1.1381250381469725,0.0
SON,local,5201,0.9996089842196084,0.8156424967940026,1.1097099034283529,0.0
SPB,local,5201,1.0,0.5952381223089989,1.3456485204424549,0.0
SPG,local,5201,0.9995071368653938,0.806485170312159,1.2249688817691067,0.0
SPGI,local,5201,0.9991310280113821,0.8359866776827598,1.1538766892981929,0.0
SPHR,local,1610,1.0003647624874235,0.8375847952593303,1.1627906747509333,0.0
SPSC,local,4119,0.9997794943541473,0.857510969350582,1.1734817698403246,0.0
SPXC,local,5201,0.9994447028960697,0.8531561744773962,1.334377820891955,0.0
SPY,local,5201,0.9994123071726324,0.8994203762770357,1.0987872879310039,0.0
SR,local,5201,0.9994837259448343,0.828284133721442,1.203928753796827,0.0
SRCE,local,5201,1.0,0.7271487011163844,1.2948402355411437,0.0
SRE,local,5201,0.9995318542690438,0.884814259040357,1.2028302334752685,0.0
SRPT,local,5201,1.0018688824043547,0.5886800219528274,1.3460962632123161,0.0
SRRK,local,2081,1.0014534523078988,0.5746169132898485,1.2569443547615333,0.0
SSB,local,5201,0.9994256043096219,0.8646637669146892,1.1378396224435652,0.0
SSD,local,5201,0.9996695231723001,0.8413237242451284,1.1908960104499915,0.0
SSMR,local,65,0.9993040898426252,0.874635587967755,1.1007142748151506,0.0
SSNC,local,4134,0.9991424769963502,0.8869784117244713,1.1095387574603055,0.0
SSRM,local,5201,1.001142230582652,0.7641589197086834,1.8333333333333333,0.0
ST,local,4148,1.0002294024336853,0.8304598108016044,1.1348147922092013,0.0
STAG,local,3870,1.0,0.8977430029031059,1.1250683223550537,0.0
STC,local,5201,1.0,0.7325300944562684,1.256395690151163,0.0
STE,local,5201,0.9996231661332798,0.9051073020498954,1.135860332037885,0.0
STEP,local,1500,0.9994339275867735,0.8619203298077256,1.1432203011073048,0.0
STLD,local,5201,1.0,0.8200972510788985,1.212824070375701,0.0
STOK,local,1814,1.0,0.790402240576022,1.259181567286228,0.0
STRL,local,5201,1.0,0.7749360370528073,1.3249370758123633,0.0
STT,local,5201,0.9992795682099762,0.7825726064015577,1.3357957643411256,0.0
STWD,local,4293,1.0,0.8721921271857315,1.220454492992607,0.0
STX,local,5193,0.9993754157805681,0.8650518717136496,1.2043343906914301,0.0
STZ,local,5201,0.9997012067527091,0.8975932778514955,1.210135942793688,0.0
SUI,local,5201,0.9995004563218762,0.8755884706097391,1.27356136357454,0.0
SUN,local,3509,1.0,0.7933333079020181,1.1986588285778057,0.0
SUNB,local,131,0.9996880398823336,0.9431116355444512,1.0587584477225305,0.0
SUNC,local,208,0.9976298256664187,0.9486538813664362,1.035140772019339,0.0
SUPN,local,3608,1.0,0.6745707529676194,1.229241875391949,0.0
SW,local,4576,1.0,0.8868321978322722,1.0956659333321168,0.0
SWK,local,5201,0.9997919688883204,0.8504486484764157,1.1487765406331305,0.0
SWKS,local,5201,0.9998739809010414,0.8239588430435322,1.1693716012703275,0.0
SWX,local,5201,0.999589481583281,0.8948746908318395,1.1678928845063485,0.0
SXI,local,5201,0.9993842928048982,0.8202479139360188,1.1849440583927913,0.0
SXT,local,5201,0.9997089192702548,0.8775972854112039,1.1020591168788059,0.0
SYBT,local,5201,0.9997048030159874,0.8278119964142436,1.2181070179572033,0.0
SYF,local,3043,0.9996301690627498,0.844294756703095,1.159368217137055,0.0
SYK,local,5201,0.9994337356190124,0.9038100568795944,1.1063191069617329,0.0
SYM,local,1381,1.0,0.5251619393183723,1.685089884721249,0.0
SYNA,local,5201,1.0,0.760407348461582,1.1718387706462317,0.0
SYRE,local,2619,1.0013175230566536,0.7282608695652174,1.960526414855369,0.0
SYY,local,5201,0.9996858237855545,0.8367016633354454,1.180016882706865,0.0
T,local,5201,0.9997385541171193,0.8925968708967632,1.1125773180416731,0.0
TALO,local,2092,1.0010647163906925,0.8197368549012743,1.2420382054370824,0.0
TAP,local,5201,1.0,0.8960573803411006,1.122031688660309,0.0
TARS,local,1478,1.0012055846552355,0.7871720516518911,1.2544827954522495,0.0
TBBK,local,5201,1.0,0.7366666793823242,1.3384321174897578,0.0
TCBI,local,5201,0.9994441865029517,0.8444913567543422,1.182021448288334,0.0
TDC,local,4763,0.9992863351280673,0.8412435264785055,1.177951315590356,0.0
TDG,local,5152,0.9990278491738763,0.791771641436958,1.1482675403071492,0.0
TDS,local,5201,1.0,0.7277628086042501,1.273615690831827,0.0
TDW,local,5201,1.0,0.7949495342353123,1.3053891774585535,0.0
TDY,local,5201,0.99958297626886,0.8766643186809221,1.192017130376717,0.0
TECH,local,5201,0.9998486817479371,0.8605511196951404,1.1955283798270182,0.0
TEL,local,4830,0.999537027350555,0.8802153584053848,1.1218750476837158,0.0
TEM,local,558,1.003949099835514,0.7698251796093175,1.2195846281409075,0.0
TENB,local,2039,0.9996155236911249,0.844358728402817,1.1485587162510456,0.0
TER,local,5201,0.999610127523175,0.8736152995094292,1.1580102628163038,0.0
TEX,local,5201,0.9996156714563451,0.7678048668838129,1.2244546400853946,0.0
TFC,local,5201,0.999614114276344,0.8387754790636958,1.2741935483870968,0.0
TFSL,local,4875,1.0,0.9087499976158142,1.0890051739077506,0.0
TFX,local,5201,0.9995163827198575,0.8256573948801682,1.125008980758745,0.0
TGT,local,5201,1.0,0.8733047877106517,1.1385060939415117,0.0
TGTX,local,4112,1.0,0.23333333333333334,8.064516239296372,0.0
THC,local,5201,1.0,0.7852548542543974,1.4559387375671786,0.0
THG,local,5201,0.9996313546742641,0.8689567986982273,1.1470768855168272,0.0
THO,local,5201,1.0,0.8219094357259702,1.2523892824492753,0.0
TILE,local,5201,1.0,0.8013816747937618,1.4186045817310808,0.0
TJX,local,5201,0.9995602361925027,0.9220264141729274,1.1434305797043605,0.0
TKO,local,5201,1.0,0.8319999694824217,1.190915578774039,0.0
TKR,local,5201,0.9996645182295777,0.8322784680664307,1.2825421347254364,0.0
TLN,local,818,0.9991922566578731,0.890418453916056,1.1292672557478136,0.0
TLT,local,5201,0.9997885966398077,0.9487951807228916,1.0687671889545436,0.0
TMDX,local,1847,1.0003508236862397,0.6240831086330606,1.178157521136373,0.0
TMO,local,5201,0.9995004366309201,0.8890279547930512,1.1137737478779945,0.0
TMUS,local,4877,0.9992790029585905,0.8405121841606134,1.29337233545168,0.0
TNET,local,3130,0.9992231762199733,0.8425263826260009,1.2221846385738786,0.0
TNGX,local,1508,1.0,0.6402048702474797,1.2471203779625941,0.0
TNL,local,5065,0.9994485205738542,0.789915902367991,1.5071772894956224,0.0
TOL,local,5201,1.0003420050943952,0.7800937910585606,1.2405388045732322,0.0
TOST,local,1244,0.9991749345372833,0.8266932492301503,1.1673746705623895,0.0
TOWN,local,5201,1.0,0.7676162133209865,1.302270098458482,0.0
TPC,local,5201,1.0,0.608020672402078,1.872852112892423,0.0
TPG,local,1165,0.9994227862371453,0.8436887216938354,1.1038306174445105,0.0
TPL,local,5201,0.9996293588515097,0.7907124340795957,1.1826070555619834,0.0
TPR,local,5201,0.999692690284921,0.8389212831534756,1.1541812306918326,0.0
TR,local,5201,1.0,0.9036145003364926,1.1370968127044259,0.0
TREX,local,5201,0.9992780896775086,0.7565789568622358,1.2672292629660304,0.0
TRGP,local,3960,0.9992426368188039,0.748043866930044,1.6272866286355108,0.0
TRLV,local,1995,1.0028776951763152,0.7153792494669345,1.3583138680661933,0.0
TRMB,local,5201,0.9997107803985691,0.8318199667701164,1.1356746831721076,0.0
TRMK,local,5201,1.0,0.8154385884602865,1.1905990966103581,0.0
TRN,local,5201,1.0,0.8804346049301334,1.2596299305991483,0.0
TRNO,local,4168,0.9996823054413184,0.8991581428717843,1.0874716938691786,0.0
TROW,local,5201,0.9997321997648753,0.8698824085166557,1.2181999969482422,0.0
TRU,local,2816,0.9993234166042236,0.8405778818604605,1.1166063337623782,0.0
TRV,local,5201,0.9996217765249681,0.8716814349743086,1.2027777565850153,0.0
TRVI,local,1844,1.0035026344956195,0.6149253735592223,1.4309941357396412,0.0
TSCO,local,5201,0.9996638662734236,0.8754448164569347,1.090694551120005,0.0
TSLA,local,4072,1.000109699549156,0.7953119022617751,1.2461606192000698,0.0
TSN,local,5201,0.9995660564613266,0.8116583793229191,1.205256619562236,0.0
TT,local,5193,0.9993727305336733,0.9029605043502874,1.1812977589695772,0.0
TTAN,local,433,0.9995123511865088,0.8974097714760536,1.1121807244751887,0.0
TTC,local,5201,0.999446583893153,0.8812823568786293,1.0962919064874384,0.0
TTD,local,2503,0.9994762802915916,0.8314856039933932,1.1747305421747352,0.0
TTEK,local,5201,0.9996838975087421,0.8808532333348116,1.1722054929048502,0.0
TTMI,local,5201,1.0,0.7496182754860717,1.1866029286700635,0.0
TTWO,local,5201,0.9998875911906819,0.8928301829212119,1.1318228350095314,0.0
TVTX,local,3476,1.0,0.7717391360684921,1.3572814838209155,0.0
TW,local,1866,0.9997121231552785,0.8930000305175781,1.1165101398062276,0.0
TWLO,local,2565,0.9994016563685815,0.8332754084137458,1.1573471811967275,0.0
TWST,local,1971,1.0,0.7819999694824219,1.1916666825612385,0.0
TXG,local,1755,0.9995791149501051,0.8004613605709462,1.1790073080629555,0.0
TXN,local,5201,0.9992657687983947,0.8564601661884679,1.1066313097191096,0.0
TXNM,local,5201,0.9997980544966236,0.8690067939495245,1.2395251660805209,0.0
TXRH,local,5201,0.999825746760199,0.8476881784067899,1.175396686200674,0.0
TXT,local,5201,0.999777864432214,0.8560557773068335,1.382838227042888,0.0
TYL,local,5201,0.9992815179894958,0.9020618734076957,1.1276214636763149,0.0
U,local,1498,1.00066743620649,0.8293224520071614,1.3024055336443514,0.0
UAL,local,5178,1.000371368550623,0.6397146506603599,1.5365313211626663,0.0
UBER,local,1841,1.0009217387003801,0.7789165552184882,1.1983806069229805,0.0
UBSI,local,5201,1.0,0.7888132119560192,1.2447521928972685,0.0
UCB,local,5201,1.0,0.8121000505115693,1.4160918954370125,0.0
UCTT,local,5201,1.0,0.7096774565689781,1.339805857828914,0.0
UDR,local,5201,0.9995600427152118,0.8558014996288921,1.216326499471859,0.0
UE,local,2926,1.0,0.7514761476470145,1.3341260963852908,0.0
UEC,local,4886,1.004201801152776,0.6833333002196431,1.3658535947124575,0.0
UFPI,local,5201,1.0,0.8328184375986147,1.1932478529214448,0.0
UFPT,local,5201,1.0,0.7725258543291356,1.2684825195111287,0.0
UGI,local,5201,0.9995604294996995,0.886315797504626,1.1329856338767659,0.0
UHAL.B,local,957,0.9985004973025413,0.8916104320680016,1.2466384904702548,0.0
UHS,local,5201,1.0,0.7858321669819502,1.1706242712620587,0.0
UI,local,3744,0.9987962965876069,0.8375014126509465,1.1939337899341256,0.0
ULS,local,602,0.9986874994172359,0.8932125019178301,1.1196775047707745,0.0
ULTA,local,4745,1.0001481339195746,0.799291590022743,1.2673362120220066,0.0
UMBF,local,5201,0.9997047775703914,0.8830636818257612,1.2411686332959924,0.0
UNF,local,5201,1.0,0.8774546696213292,1.1567736379654232,0.0
UNFI,local,5201,0.9996539713144001,0.7456022095305103,1.2305515697350722,0.0
UNH,local,5201,0.9994889205022324,0.7724550947054105,1.202857153756278,0.0
UNIT,local,2863,1.0,0.7910447620511666,1.3018018711136725,0.0
UNM,local,5201,0.9994015042219253,0.8306358681667028,1.3540960988587676,0.0
UNP,local,5201,0.9997560380580629,0.9093642041862355,1.1383450639620598,0.0
UPS,local,5201,0.9998129756508711,0.9149106658104842,1.0943042871585595,0.0
UPST,local,1436,1.0023295675643116,0.7258667440588301,1.3502193998214098,0.0
URBN,local,5201,1.0001307468788296,0.8541129732596909,1.1342960003933131,0.0
URGN,local,2348,1.0023669106619697,0.5209614316821601,1.2489823699648228,0.0
URI,local,5201,0.9995966023189788,0.7704999923706055,1.4625531460376495,0.0
USAC,local,3431,1.0003695576156393,0.8597883662959637,1.7270269686850088,0.0
USAR,local,789,1.0,0.5514824777888986,1.4083509877818328,0.0
USB,local,5201,0.9996255297168918,0.8251167224090198,1.1943686961999067,0.0
USFD,local,2584,0.9997316106916675,0.7892659778834874,1.23752485549265,0.0
USLM,local,5201,1.0,0.8136020140544448,1.1679293143095175,0.0
UTHR,local,5201,0.9997457353433791,0.7672069941532798,1.099287919003144,0.0
UTZ,local,1954,1.0,0.931676980790783,1.1704981569146917,0.0
UUUU,local,4899,1.0,0.75,1.590673583770439,0.0
V,local,4646,0.999277690956965,0.8769781498969368,1.1486828025118978,0.0
VAC,local,3727,0.9997942943806732,0.8520580189211047,1.483564210078407,0.0
VC,local,4004,1.0001632924187733,0.8457403021025639,1.2305168016602164,0.0
VCEL,local,5201,1.0006679542437646,0.6666666162077097,1.6273061938506659,0.0
VCTR,local,2155,1.0,0.8202080186154959,1.15459888134562,0.0
VCYT,local,3231,1.0007680178761433,0.8060606033361003,1.2595280887363625,0.0
VECO,local,5201,1.0,0.7990372480380533,1.2324722757026663,0.0
VEEV,local,3241,0.9993294481431882,0.8781619109060702,1.1452820280669986,0.0
VERA,local,1334,1.0,0.7744186098089473,1.3620997091972047,0.0
VERX,local,1534,1.000122785862299,0.8347472759600627,1.2125072367698815,0.0
VFC,local,5201,0.9997337669293435,0.7737519804866873,1.2414383237280044,0.0
VG,local,406,1.0,0.8417367424742038,1.2505494107026565,0.0
VIA,local,247,0.997217442964072,0.877574402420456,1.2067989414755327,0.0
VIAV,local,5201,1.0,0.8137932405035024,1.2915358907566452,0.0
VICI,local,2181,1.0,0.882047918826804,1.2269107748869315,0.0
VICR,local,5201,1.0,0.7573084180931674,1.2365225301502814,0.0
VIRT,local,2865,1.0,0.8169811176803878,1.1676879216488842,0.0
VISN,local,3234,1.000266964163445,0.8039215516040996,1.3257142475673132,0.0
VKTX,local,2857,1.002421247401353,0.5149425422173542,1.2654503202828746,0.0
VLO,local,5201,0.9995063443646803,0.8916152052246025,1.2103883339113741,0.0
VLTO,local,733,0.9997044163964105,0.9314166554551765,1.0828055776578096,0.0
VLY,local,5201,1.0,0.8152627490896097,1.1766267476508805,0.0
VMC,local,5201,1.0,0.852971516040506,1.1552016615966696,0.0
VMI,local,5201,1.0,0.8746762972900965,1.2034528346761328,0.0
VMRK,local,5201,0.9997101515627542,0.7873170433974848,1.2507337294167296,0.0
VNO,local,5201,0.9998701189981429,0.8385106979923744,1.2246117252264863,0.0
VNOM,local,3073,1.0003604985207046,0.8686708262659706,1.2575226984832173,0.0
VNT,local,1494,0.9996916714020956,0.8846893480685897,1.1492220371602493,0.0
VOYA,local,3357,0.9996774119715537,0.8746283442714451,1.1028215989583743,0.0
VOYG,local,311,1.004211348519132,0.8463833341250987,1.2349504349383047,0.0
VRDN,local,3073,1.00391130804078,0.27631576497043103,1.6009174311926606,0.0
VRNS,local,3149,0.9992023745900247,0.8542885134299835,1.225788438589213,0.0
VRSK,local,4254,0.9992059830243802,0.9118235839014563,1.1058349609375,0.0
VRSN,local,5201,0.9991280335347408,0.8825347395894237,1.1201005699905426,0.0
VRT,local,2034,1.0,0.8357988023769626,1.211849154752658,0.0
VRTX,local,5201,0.9998059587444208,0.8514022884990625,1.1414427218055012,0.0
VSAT,local,5201,0.999657968681828,0.7724658521515468,1.2683663888182404,0.0
VSEC,local,5201,1.0,0.7709401448567709,1.617356977634212,0.0
VSH,local,5201,1.0,0.8134675051717641,1.2248996171591213,0.0
VSNT,local,182,0.9986684370045043,0.9501231848917314,1.2048192368366208,0.0
VST,local,2493,0.9995946400952206,0.8671411561500246,1.146911829171036,0.0
VSXY,local,1288,1.0,0.8243173686646496,1.2941176470588236,0.0
VTR,local,5201,0.9990699747671105,0.844844822197491,1.2600840643901685,0.0
VTRS,local,5201,1.0003821256726282,0.8643617043199988,1.246139871190738,0.0
VVV,local,2501,1.0,0.8135021124891413,1.2169261239140243,0.0
VVX,local,3011,0.9996611240662733,0.8146143372115916,1.2374782057854863,0.0
VZ,local,5201,1.0,0.8932069477582916,1.0806452377530387,0.0
W,local,2999,0.9988901269198839,0.7801287609489401,1.2669697385845762,0.0
WAB,local,5201,0.9997016316910174,0.827593661657858,1.1569597335425028,0.0
WAFD,local,5201,0.9995489296866296,0.7874999841054282,1.3416874776669319,0.0
WAL,local,5201,1.0,0.49349157462358895,1.7719410926175403,0.0
WAT,local,5201,0.9996551864448635,0.9000951021788438,1.130292390522204,0.0
WAY,local,563,1.001263718910478,0.9205834291902237,1.1099415383143731,0.0
WBD,local,5201,1.0,0.778602355793769,1.3711216866533125,0.0
WBI,local,244,0.9985304615392496,0.9213618918048828,1.0950503759765973,0.0
WCC,local,5201,0.9998000481267685,0.8525932156206919,1.301838940438233,0.0
WDAY,local,3493,0.999126736679795,0.859481739231467,1.133665187604119,0.0
WDC,local,5201,0.9996802484730997,0.8353741583013213,1.1600941141855383,0.0
WDFC,local,5201,0.9992700562758348,0.870829210826481,1.1536231779896946,0.0
WEC,local,5201,0.9993536772350649,0.9010098175784258,1.2224322333851365,0.0
WELL,local,5201,0.9989438268504566,0.8027859223867552,1.1564179605512477,0.0
WERN,local,5201,1.0,0.8933262946191021,1.1742738304602984,0.0
WES,local,3455,1.0005631458426711,0.838268833411883,1.584000015258789,0.0
WEX,local,5201,0.9991421076434107,0.8359263334810854,1.2166843265524587,0.0
WFC,local,5201,1.0,0.8272401519452734,1.2132110595703125,0.0
WFRD,local,1425,1.0001272375104728,0.8286523213674373,1.2770562559671732,0.0
WGS,local,1465,1.003054320983339,0.7049504650199262,1.353260850199342,0.0
WH,local,2085,1.000415438023504,0.8853786152283515,1.1531331543664602,0.0
WHD,local,2155,1.0009113789691046,0.7231686487766893,1.3450413271993424,0.0
WHR,local,5201,1.0001670842497945,0.8236990946959066,1.1510432383036941,0.0
WING,local,2825,0.9999203116968437,0.8186103419854859,1.2047465819638172,0.0
WK,local,2949,0.9992792627832912,0.8337837833483955,1.157131332251529,0.0
WLK,local,5201,1.0,0.8593749750538597,1.172997993759014,0.0
WLY,local,5201,0.9992306036884797,0.8871146565676878,1.1749497245714164,0.0
WM,local,5201,0.9996778135635244,0.9009910957044882,1.1231364442542375,0.0
WMB,local,5201,0.9997477719049659,0.7337342484713054,1.3378136657087765,0.0
WMG,local,1573,1.0002984573592002,0.880430987858072,1.1125827814569536,0.0
WMS,local,3047,1.0,0.8616462710631755,1.1394486812204472,0.0
WMT,local,5201,0.9997064813879872,0.923327901348067,1.10961182643833,0.0
WOR,local,5201,0.9996264187591416,0.8281852767624645,1.1881100153539896,0.0
WPC,local,5201,0.9995426467912593,0.8884825964840228,1.1512110229385637,0.0
WRB,local,5201,0.9995329123180057,0.8758590067849517,1.1229508802218653,0.0
WRBY,local,1239,1.0006711563179773,0.7950625793546054,1.2796688126824822,0.0
WSBC,local,5201,1.0,0.8544668270094579,1.161917530541716,0.0
WSC,local,2723,1.0,0.8515713707329664,1.162248110652916,0.0
WSFS,local,5201,0.9997996729800888,0.8468899040120026,1.301141832802014,0.0
WSM,local,5201,0.9998203033493371,0.7426035223310734,1.2346300660674567,0.0
WSO,local,5201,0.9996452426190816,0.8097768138561481,1.1672060464970049,0.0
WST,local,5201,0.9994022956740847,0.912133531819187,1.2246496689790758,0.0
WT,local,5201,1.0,0.6722688852549537,1.246753327177799,0.0
WTFC,local,5201,0.9997821241737593,0.7836586468007964,1.2764444139268663,0.0
WTRG,local,5201,0.9994520292033358,0.853146829828493,1.1305842386139147,0.0
WTS,local,5201,1.0,0.8611111627168655,1.1027498849991386,0.0
WTTR,local,2312,1.0008969971375234,0.7846534916401239,1.381579006532774,0.0
WTW,local,5193,0.9995248422515963,0.9023135848679192,1.2153526346398755,0.0
WULF,local,5201,1.0,0.7048639826932878,1.5660099561723213,0.0
WWD,local,5201,0.999629142363771,0.8503801270461658,1.2978354565866403,0.0
WY,local,5201,1.0,0.8477488821727414,1.20871141562754,0.0
WYNN,local,5201,1.000746633970279,0.8026489787664103,1.237322534361099,0.0
XE,local,93,1.0163398271834156,0.8849056624143988,1.1412484333260449,0.0
XEL,local,5201,0.9994254393285081,0.920067786811711,1.1653169811437325,0.0
XMTR,local,1302,1.0002459620937167,0.7667925689923734,1.321171176913872,0.0
XNCR,local,3208,1.0009554679158876,0.7134292206719997,1.251773062037416,0.0
XOM,local,5201,0.9996598777739814,0.8880678694550913,1.1411764481488396,0.0
XPO,local,5201,1.0,0.7999997901941386,1.303595483213058,0.0
XRAY,local,5201,0.999683637181628,0.8889645721692375,1.1199603150465915,0.0
XYL,local,3745,0.999797647357188,0.9209049967079682,1.0786441665131616,0.0
XYZ,local,2713,0.9991259259045222,0.856924259432109,1.1933607815295078,0.0
YETI,local,1975,1.0,0.8460487737411911,1.2577639453541076,0.0
YOU,local,1302,0.9997190059765365,0.8357488373773017,1.1503623055387664,0.0
YUM,local,5201,0.9996876772598313,0.8893195163099931,1.1026170608914463,0.0
Z,local,2790,0.9997238009440812,0.85749779285125,1.1444141589156056,0.0
ZBH,local,5201,0.9995529800083571,0.9043078942269259,1.1051040025811987,0.0
ZBIO,local,496,1.0003493806748536,0.8375000158945719,1.2448603714290765,0.0
ZBRA,local,5201,0.9996366195960941,0.8738565062925838,1.1604216153080014,0.0
ZETA,local,1316,0.9976612989753646,0.7907542322196885,1.5962837846908424,0.0
ZION,local,5201,0.9997591346196703,0.8151260419134156,1.2295996346552398,0.0
ZM,local,1856,0.9997441490541923,0.882,1.1792161700346189,0.0
ZS,local,2130,0.9988687981636253,0.8333333333333334,1.1660853132293192,0.0
ZTS,local,3419,1.0,0.8999638712770454,1.1092143457413517,0.0
ZWS,local,3630,1.0,0.8393382774682193,1.1366665714463764,0.0
ZYME,local,2352,1.0010357567934183,0.8285714285714286,1.386554535141895,0.0
^TNX,local,5198,1.0004307688851117,0.7950530390085382,1.1871298770388885,0.0
^VIX,local,5202,1.0135608423233005,0.4941050558640545,1.5163593444938384,0.0
ABKFQ,delisted,1228,1.0032674712537397,0.5733333333333334,2.1472868217054266,0.0
ABMD,delisted,4273,0.9993582716115403,0.8452950558213715,1.2176427648941546,0.0
ACAS,delisted,2770,1.0071428571428571,0.8454258675078865,2.0353982300884956,0.31227436823104693
ACS,delisted,1031,1.0,0.9137246248896733,1.0982951518380393,0.0
ADCT,delisted,1581,1.003731343283582,0.6130952380952381,1.5180180180180178,0.0
ADT,delisted,2165,1.1128219484882418,0.9518253042173697,1.575784227499267,0.9427251732101617
AET,delisted,3250,1.0707779427638318,0.9063226945738364,1.2602508441871683,0.9323076923076923
AGN,delisted,3612,1.0573252369198851,0.9524231102926856,1.149179157744468,0.9604097452934662
AIV,delisted,5197,28.543991416309012,0.9738562091503268,65.26207906295754,0.9882624591110256
AKS,delisted,3572,1.0208644278606964,0.8266502159161011,1.3614893025840509,0.35526315789473684
ALTR,delisted,1858,0.9991111111111111,0.8291203235591507,1.2345276872964168,0.0
ALXN,delisted,3914,1.0004443095226825,0.8884123927883774,1.3868994208336733,0.0
ANDV,delisted,3208,1.1192965578447107,0.952214083064337,1.4339948231233823,0.9501246882793017
ANRZQ,delisted,2415,1.0014265335235377,0.7466666666666667,1.4716981132075473,0.0
ANSS,delisted,4915,0.9991982979248251,0.8354832307997618,1.1101190476190477,0.0
APC,delisted,138,1.0310438009924672,0.9535836828059474,1.0950035965252032,0.7753623188405797
APCC,delisted,281,1.004325259515571,0.9234159779614327,1.0661522059196833,0.3594306049822064
APOL,delisted,2790,1.0,0.8812832389775261,1.336116910229645,0.0
ARG,delisted,2614,1.0990842605643603,0.7732076109067143,1.323979881254018,0.9586840091813313
ARNC,delisted,851,1.0,0.7178464606181456,2.167630057803468,0.0
ASN,delisted,442,1.0202671447985074,0.9502082201701973,1.074961821924175,0.665158371040724
AT,delisted,2881,1.0257224515719277,0.8454312553373184,1.6300795372378887,0.48385977091287746
ATVI,delisted,4475,1.0679173807161542,0.9171295267718286,1.3239288530622972,0.9262569832402234
AVB,delisted,5186,1.4152713209844414,0.9598137198472084,2.2180585787892984,0.9853451600462785
AVP,delisted,3525,1.0884668828161186,0.8076923076923077,1.473382734009183,0.6873758865248227
AW,delisted,738,0.9992310648613493,0.8656015037593985,1.1217391304347828,0.0
AYE,delisted,1297,1.0571411331684064,0.9339999999999999,1.1694340296375647,0.8696993060909792
BCR,delisted,3019,1.0338291823283252,0.9551522376821596,1.1487739408950037,0.8062272275587943
BDK,delisted,1055,1.0632578699002448,0.9355265645679712,1.1422663617281243,0.7402843601895734
BJS,delisted,1087,1.0255283302201224,0.8464882177991306,1.1924356504990368,0.5906163753449862
BLS,delisted,251,1.0104061765693186,0.9697039247188433,1.041628179075066,0.5418326693227091
BMC,delisted,1935,0.9996086105675146,0.9090909090909091,1.1084369929691726,0.0
BMET,delisted,435,1.0004395604395606,0.9217418911053495,1.061047452579789,0.12873563218390804
BMS,delisted,3381,1.1889275450007564,0.9213456338476221,1.5173276501111934,0.9763383614315291
BNI,delisted,1036,1.039104711580696,0.9487824012552234,1.1340593315809238,0.7673745173745173
BOL,delisted,458,1.0069442995682585,0.8780211097830272,1.0777444110777445,0.4170305676855895
BRCM,delisted,2536,1.0554450611441761,0.836616943428089,1.2093553907586996,0.8939274447949527
BRL,delisted,749,1.0003954132068011,0.9237989182309895,1.058103975535168,0.0
BTUUQ,delisted,2832,1.0579593521993782,0.5909090909090909,2.0955882352941178,0.7175141242937854
BUD,delisted,4914,1.195271065185981,0.9726561337736914,1.7217439600111082,0.9688644688644689
BXLT,delisted,233,1.0002623065489202,0.905602905427174,1.0807680055602213,0.04721030042918455
CA,delisted,105,1.0,0.994949571819482,1.0150754346814073,0.0
CAM,delisted,225,1.0003996893964378,0.996012743948408,1.0060634480248274,0.0
CBE,delisted,1741,0.9994050275174772,0.8883016208597605,1.1047786058746165,0.0
CBSS,delisted,422,1.0179756935365707,0.9573948605261552,1.0561494823163766,0.7843601895734598
CCEP,delisted,2578,1.1647820558335886,0.9706531738730451,1.3877673097053984,0.952288595810706
CCTYQ,delisted,767,1.03353339573812,0.52,4.285714285714286,0.5658409387222947
CCU,delisted,5197,1.4857832415717624,0.9321192052980132,2.9676712328767128,0.9774870117375409
CELG,delisted,3496,0.9996188496515679,0.892069550466497,1.1630357142857142,0.0
CEPH,delisted,1457,1.0,0.8925112535806848,1.0945683076462667,0.0
CERN,delisted,4136,1.0304677176795884,0.9174311926605505,1.1702805341173588,0.8986943907156673
CFC,delisted,627,1.0796445477950336,0.691438682455424,1.504049363671423,0.8532695374800638
CFN,delisted,1400,0.9995882122732243,0.9109477124183006,1.0630975143403443,0.0
CITGQ,delisted,992,1.1020204104584268,0.7006369426751592,4.048780487804878,0.6401209677419355
CMA,delisted,5051,1.472401184050148,0.925277564546629,1.9759492339515479,0.9788160760245496
CMCSK,delisted,2504,1.090377375532892,0.9705607873080513,1.3113816488275185,0.9325079872204473
CMVT,delisted,1784,1.8528357146052743,0.9673366834170855,2.5907715582450828,0.9641255605381166
CMX,delisted,306,1.003452277941591,0.9575219675895262,1.1157093540739509,0.16013071895424835
COL,delisted,3248,1.1016785174641113,0.9618482843725362,1.2959099816676147,0.9575123152709359
COTY,delisted,3324,1.03679707407498,0.8173652694610779,1.3475935828877004,0.48826714801444043
COV,delisted,1918,1.170691207296286,0.9718769501478276,1.3521950670754,0.935349322210636
CPGX,delisted,252,1.0067625503102202,0.9156947002250869,1.1235319704219227,0.376984126984127
CPRI,delisted,3697,1.0004608294930877,0.7334963325183375,1.31918136294361,0.0
CPWR,delisted,2254,1.0947471182996877,0.98067287043665,1.248849743657158,0.9778172138420586
CTLT,delisted,2614,0.9994814255004446,0.8761722080136402,1.182219605534295,0.0
CTRA,delisted,5117,1.3731489015459726,0.9576170923515902,1.6408518877057117,0.9745944889583741
CTXS,delisted,4215,1.288632601458898,0.9120134685533331,1.502503088225733,0.9027283511269276
CVC,delisted,2634,1.64738836831416,0.8739762865175407,3.318532367375555,0.8834472285497342
CVG,delisted,3212,1.0795554121658222,0.818815331010453,1.4998469543924091,0.9601494396014943
CVH,delisted,1847,1.0135970333745365,0.9128734293084797,1.334062727935813,0.5641580942068218
CXO,delisted,3388,1.0194965735467487,0.7623403849818944,1.280516510861524,0.6109799291617474
DAY,delisted,1954,0.9992703384181598,0.8745997865528282,1.1241420471501045,0.0
DFS,delisted,4511,1.2141350885040576,0.8493415276558386,1.6401104737624814,0.9536688095765905
DISCK,delisted,3414,0.9997312475907525,0.783229259589652,1.4271412680756397,0.0
DISH,delisted,4529,1.0143979057591623,0.8472793781435757,1.472632493483927,0.37668359461249723
DJ,delisted,491,1.0212658653442044,0.6664871173354878,1.0758830022075054,0.7841140529531568
DNB,delisted,1294,1.0365832927691454,0.858000858000858,1.150828247602441,0.7998454404945904
DO,delisted,610,1.0008170130962393,0.9033570701932859,1.6,0.0
DRE,delisted,4216,1.3175953830329865,0.9606852774554637,2.608142493638677,0.9639468690702088
DTV,delisted,746,1.1007248971820043,0.986493175871579,1.2300785106483003,0.9731903485254692
DXC,delisted,2366,1.0095400617584918,0.731826313221662,1.2642144717616417,0.2802197802197802
EA,delisted,5178,1.0261409200646647,0.897279634864241,1.1417928979389123,0.8188489764387794
EDS,delisted,666,1.0113254006763812,0.7885319573901465,1.0741993236522775,0.6336336336336337
EKDKQ,delisted,1930,1.0265936590375098,0.3076923076923077,2.102564102564102,0.33575129533678755
EMC,delisted,825,0.99958778941519,0.9301954518826223,1.0469078045930829,0.0
EOP,delisted,278,1.0154637203119723,0.9658421672555949,1.0550327915597377,0.7050359712230215
EP,delisted,1125,1.0011904761904762,0.792604501607717,1.2574511819116134,0.0
EQ,delisted,1980,1.0063980809850506,0.33962264150943394,1.5806962025316456,0.0
ESRX,delisted,3265,0.9998234774933804,0.9007148530579825,1.1603848181338956,0.0
ETFC,delisted,3714,1.0233780377719635,0.7141193821314911,1.5787802695760096,0.7073236402800216
EVHC,delisted,1300,1.0,0.3229866971820913,1.1092434354144576,0.0
FB,delisted,295,1.0,0.9859121140208581,1.1008421840596547,0.0
FDC,delisted,951,0.9994075829383887,0.9274336283185841,1.1786096256684493,0.0
FDO,delisted,2392,1.0606083523046443,0.95316108094614,1.2531315763102517,0.862876254180602
FISV,delisted,5197,0.9990753582986592,0.9021479713603817,1.1897190975931629,0.0
FL,delisted,4950,1.2862068665023823,0.8225806451612904,1.9464144996059893,0.8949494949494949
FLIR,delisted,3868,1.1087909750038714,0.8980565494983512,1.2675999515875258,0.9343329886246122
FMC,delisted,5197,1.4524095581364305,0.8875739644970414,1.8865192206424435,0.9667115643640561
FMCC,delisted,5197,1.0061349693251533,0.5496774193548387,2.840909090909091,0.0973638637675582
FNMA,delisted,5197,1.005763688760807,0.689655172413793,2.6164383561643834,0.09601693284587262
FOSL,delisted,5197,1.0,0.5384615384615384,1.449900596421471,0.0
FTI,delisted,2419,1.0381515314347125,0.8756150061500616,1.576394502829426,0.656056221579165
GAS,delisted,2642,1.2416994679601645,0.9968080255357956,1.6112816406423773,0.9829674489023467
GGP,delisted,3185,1.2015476105180196,0.8717105263157895,3.1665583712367336,0.9802197802197802
GMCR,delisted,2558,1.0238549020949783,0.8767639902676398,1.1943569978522464,0.6485535574667709
GNW,delisted,5197,1.003384094754653,0.611764705882353,1.6544117647058822,0.11891475851452761
GR,delisted,1653,1.0450804614593283,0.941839666106564,1.2993659766251626,0.8802177858439202
GT,delisted,5197,1.0869565217391304,0.8038049940546967,1.433280507131537,0.666538387531268
HAR,delisted,2816,1.0623420479566645,0.9443893571310528,1.3642343892318591,0.9055397727272727
HBI,delisted,4839,1.2775582115137374,0.8744855967078189,1.6465222348916762,0.8363298202107874
HCBK,delisted,2475,1.1554471077938857,0.9419862340216323,1.618112525030683,0.9074747474747474
HCP,delisted,806,0.9994559566521584,0.8380789022298457,1.1717037529060113,0.0
HES,delisted,4916,1.177174348399011,0.9064988907880859,1.506972375916209,0.9495524816924329
HET,delisted,520,1.0129734574198177,0.9708661417322835,1.0697981831875683,0.7653846153846153
HMA,delisted,378,1.0,0.9928934010152284,1.0492753623188407,0.0
HNZ,delisted,1869,1.1402014405690546,0.9947000925380667,1.324432069860153,0.9614767255216693
HOLX,delisted,5095,1.0,0.8829017210873411,1.1285831285831285,0.0
HOT,delisted,2700,1.2234937071656895,0.9802329450915142,1.7227787814090985,0.9777777777777777
HPC,delisted,723,1.0114377540410247,0.8527679623085983,1.1725697061039941,0.43568464730290457
HSH,delisted,2179,3.455670103092783,0.9732013056477493,4.844119968429361,0.9261128958237723
HSP,delisted,2434,0.9997323625755421,0.9131463332206826,1.0880369187078451,0.0
INFO,delisted,471,1.0,0.9200380301180564,1.0570284753426742,0.0
IPG,delisted,5008,1.4578899299234505,0.9284245166598109,2.0623052959501558,0.9812300319488818
JNPR,delisted,4904,1.266349505474063,0.9689145866727731,1.4551216169921204,0.9877650897226754
JNS,delisted,2870,1.1532398288244319,0.9586408364083642,1.5814319433516915,0.9668989547038328
JNY,delisted,2080,1.0640706173598549,0.8558030480656506,2.0659722222222223,0.7961538461538461
JOY,delisted,2834,1.0614246179884745,0.8059292476332834,1.32397265309123,0.8249823570924488
JWN,delisted,4876,1.4094038966134752,0.9313915499197076,1.9125277983691624,0.9733388022969647
K,delisted,5018,1.4847147200978368,0.9901206055940468,2.0213207808389866,0.9844559585492227
KATE,delisted,2900,1.0072887262977848,0.8017241379310346,1.4172413793103449,0.21689655172413794
KG,delisted,317,1.0,0.8715901530272788,1.1623475609756098,0.0
KRFT,delisted,702,1.0441232685066302,0.9444488362375633,1.1337795138456945,0.8361823361823362
KSE,delisted,414,1.0348278898915613,0.9938021454112037,1.100572655690766,0.8985507246376812
KSU,delisted,4015,1.0905341595106692,0.8835121886592475,1.3404089277352895,0.9038605230386052
LEG,delisted,5194,1.469159921961605,0.8931665062560152,2.405916683437311,0.9655371582595302
LEHMQ,delisted,702,1.018064352933304,0.5454545454545454,2.6,0.47435897435897434
LLTC,delisted,2816,1.165721478675954,0.7966054851977694,1.3960212316057483,0.9730113636363636
LM,delisted,3669,1.2198517515144673,0.9795583568977055,1.753062495674441,0.9839193240665032
LO,delisted,1764,1.1771724892469146,0.9542496813577513,1.5107069521853917,0.981859410430839
LSI,delisted,4415,1.4088243748203506,0.9708611998688335,2.229762481822588,0.9791619479048698
LUMN,delisted,5197,1.8139290099994154,0.7565543071161049,3.629434715543054,0.8035405041370021
LVLT,delisted,2979,1.0003671745915184,0.7424242424242423,1.8,0.0
LXK,delisted,2746,1.1936434133492437,0.9349929848544806,1.3532405617832752,0.9646758922068464
MBI,delisted,5197,2.199392948867616,0.8411371237458194,2.997247935951964,0.8706946315181836
MDP,delisted,4007,1.2989256125764805,0.8771929824561403,1.8360969709188044,0.8822061392563014
MEE,delisted,1362,1.0215093497279395,0.8502845182811172,1.268021850094027,0.4111600587371512
MEL,delisted,375,1.0147001430987381,0.9658371040723981,1.0559930008748908,0.6826666666666666
MER,delisted,755,1.0655396154533008,0.7652943617168412,1.4048825426070937,0.8225165562913908
MFE,delisted,1298,1.0,0.9170506912442398,1.0736543909348442,0.0
MHS,delisted,1573,0.9990375360923965,0.8922294172062903,1.1051904479968422,0.0
MI,delisted,2705,1.0,0.2327433628318584,3.0,0.0
MJN,delisted,2100,1.0776930825323063,0.9372233505181482,1.2567264098978856,0.9252380952380952
MMI,delisted,3226,1.087949833022198,0.8743646157347699,1.2739240868600865,0.9150650960942344
MOLX,delisted,1997,1.1228218844340871,0.9787832227271243,1.2799079495075976,0.9449173760640961
MON,delisted,491,1.0,0.9734774066797642,1.0532790763698308,0.0
MRO,delisted,4755,1.1643886220908755,0.9470802919708029,2.607171134487049,0.9440588853838066
MRSH,delisted,5197,1.1892364144679366,0.9698365301887747,1.6220839813374806,0.9755628247065615
MTLQQ,delisted,1321,1.0238095238095237,0.625,1.534246575342466,0.32475397426192276
MTW,delisted,5197,1.0676387201296071,0.8680445151033386,5.793450881612091,0.49239946122763134
MWV,delisted,2390,1.3189884024830545,0.9689579170700559,1.7346938775510203,0.9497907949790795
MWW,delisted,2727,1.000537634408602,0.8244197780020182,1.3566176470588234,0.0
MXIM,delisted,3940,1.2519502444442554,0.9163539778236856,1.7643960674157302,0.9144670050761421
NAVI,delisted,3111,1.3311250153355416,0.9444444444444445,1.8628555336524921,0.9710703953712633
NBL,delisted,3714,1.1091289151798889,0.8382165605095542,1.3299803583120053,0.9194938072159397
NBR,delisted,5197,1.1404389786869176,0.7247790307832978,1.5147490563399975,0.6563401962670772
NCC,delisted,755,1.0606527524863425,0.7403545359749739,2.06794682422452,0.6622516556291391
NLSN,delisted,2946,1.182007893096828,0.7768398839356372,1.3741738186840287,0.8886625933469111
NOVL,delisted,1339,1.0,0.8674521354933725,1.1281464530892447,0.0
NSM,delisted,1609,1.0,0.8786008230452675,1.2360961607463223,0.0
NWL,delisted,5197,1.5627872770729914,0.9007926975738649,2.293404094010614,0.9849913411583606
ODP,delisted,5018,1.1122972444130717,0.8203540918657918,1.5470996930037162,0.6799521721801515
OI,delisted,5197,1.0153497735279315,0.829153605015674,1.235036496350365,0.49336155474312104
OMX,delisted,1974,1.1646470750669238,0.8300844704353477,1.4927389395474502,0.9376899696048632
PARA,delisted,1427,1.0,0.7535321821036106,1.4180327868852458,0.0
PBCT,delisted,4092,1.4285033624656267,0.9468287439014306,2.0440075952194796,0.9723851417399805
PBG,delisted,1045,1.0519906640056829,0.9421684019918514,1.1419735410343053,0.8114832535885167
PCL,delisted,268,1.0,0.9959895761785745,1.0080456349514684,0.0
PCP,delisted,2536,1.0024337831314307,0.8823577649123382,1.1150785191501458,0.10843848580441641
PD,delisted,1857,1.0007665772326562,0.785132935431362,1.1575221238938054,0.0
PDCO,delisted,4853,1.3991542562971133,0.9473684210526316,1.7015320009331985,0.9664125283329899
PETM,delisted,2312,1.0442617496630768,0.9618935705892228,1.184488516322497,0.8650519031141869
PGL,delisted,285,1.0251755022996853,0.9811912225705329,1.0797500072002537,0.7964912280701755
PLL,delisted,1840,1.0029899331467662,0.799090909090909,1.2581155977830563,0.0
PMCS,delisted,2526,1.0,0.8637362637362638,1.235408560311284,0.0
POM,delisted,225,0.997229916897507,0.48124531132783194,6.799999999999999,0.0
PRGO,delisted,5197,1.3499315393858107,0.9404990403071016,1.591079929842145,0.9919184144698865
PTV,delisted,1228,1.0,0.8819305943358595,1.1914728682170541,0.0
PXD,delisted,4614,1.2821623625589735,0.9782894736842105,1.612012987012987,0.9854789770264413
QEP,delisted,2706,1.0275813160633758,0.7674418604651163,1.546218487394958,0.6444937176644494
QLGC,delisted,2673,0.9994708994708996,0.8566308243727598,1.096969696969697,0.0
RAI,delisted,2909,1.286954856011749,0.9912781954887219,1.8702977487291215,0.9838432451014094
RDC,delisted,3340,1.0280343625176036,0.8795811518324608,1.2248507627680743,0.6062874251497006
RHT,delisted,3400,0.9997327604799743,0.8623326959847035,1.1280898876404495,0.0
RIG,delisted,5197,1.0431472081218276,0.7506702412868632,1.7865197882291493,0.4519915335770637
ROH,delisted,817,1.0455363639845277,0.8493730407523511,1.1191002554141358,0.8384332925336597
RRD,delisted,4065,2.887361184558435,0.7692307692307692,4.918887601390498,0.8405904059040591
RSHCQ,delisted,2318,1.1171822432863343,0.6470588235294118,1.8532110091743121,0.6967213114754098
RTN,delisted,3587,1.1698753117206984,0.8701930600805247,1.465602239114532,0.9481460830777809
RX,delisted,1043,1.0144096937940068,0.8265947888589399,1.1106703689012296,0.5541706615532119
SBL,delisted,256,1.0,0.9311740890688259,1.0554156171284634,0.0
SBNY,delisted,4338,1.073729241087513,0.8800009023336604,577.1538461538462,0.9024896265560166
SCG,delisted,3271,1.27955859169732,0.9168260507086461,1.7781759384696063,0.9443595230816264
SE,delisted,2226,1.0,0.8513266239707228,1.1753554502369667,0.0
SEDG,delisted,2875,1.0013037447988906,0.7068965517241379,1.2115716753022452,0.0
SEE,delisted,5097,1.1895430863571397,0.889261744966443,1.5810593900481542,0.9823425544437905
SGP,delisted,142,0.9994384805366113,0.8529534981147884,1.154596815613765,0.0
SIAL,delisted,2488,1.0462712622006274,0.966737261741622,1.191193511008111,0.9268488745980707
SIG,delisted,5197,1.231696813092162,0.8640664220892063,1.4799061308301555,0.9228401000577257
SII,delisted,1551,1.0681461181110257,0.8927013666763595,1.2738631207901443,0.8439716312056738
SLR,delisted,439,1.0,0.9396825396825397,1.0853333333333335,0.0
SNI,delisted,2450,1.0652194786931721,0.9392424053006626,1.2807404825529607,0.9420408163265306
SNV,delisted,5031,1.385206615138823,0.8968599149261579,3.9320263123952017,0.9787318624527926
SOV,delisted,774,1.0016194929249633,0.7769028871391076,3.5236051502145926,0.0
SPLS,delisted,154,1.0,0.9801554582752278,1.0186446504265716,0.0
SRCL,delisted,4741,0.9998319468952188,0.849820788530466,1.1258452911100116,0.0
SSP,delisted,5197,1.0621967357741506,0.7692307692307693,16.60618279569892,0.6611506638445257
STI,delisted,1122,1.0,0.4800571428571429,1.469687691365585,0.0
STJ,delisted,2771,1.0963445814953219,0.9795433917475391,1.2133175417818134,0.9357632623601588
STR,delisted,1996,1.4191361836402883,0.9213636929202438,1.980222496909765,0.9884769539078156
SUNEQ,delisted,2603,1.0018823529411764,0.7790697674418605,1.519867549668874,0.0
SVU,delisted,3223,1.037037037037037,0.7318611987381702,1.41281512605042,0.4877443375736891
SWN,delisted,4717,1.0006451612903227,0.6993464052287582,1.338060384263495,0.0
SWY,delisted,2284,1.1361867501343261,0.9621299058985541,1.3179897905298363,0.9767950963222417
TE,delisted,1698,1.0,0.7428571428571429,1.391304347826087,0.0
TEG,delisted,2388,1.2581005710640818,0.98644578313253,1.660612350804359,0.97571189279732
TGNA,delisted,5085,1.9866342648845687,0.9479824987846378,3.871391076115486,0.9876106194690265
TIE,delisted,1765,1.0437887835148107,0.8871974045420515,1.2747063878544829,0.7909348441926346
TIF,delisted,3779,1.1605990188484379,0.8869176031168498,1.4916178994147928,0.9740672135485579
TIN,delisted,1539,1.093797584001624,0.8958068614993647,2.5152818655195834,0.8310591293047433
TLAB,delisted,1993,1.438867438867439,0.945273631840796,1.6296561604584527,0.8810837932764677
TRB,delisted,496,1.0095700448256102,0.917,1.0797237915881983,0.4495967741935484
TRIP,delisted,3703,1.0920886161134888,0.8485329103885805,1.2905351602185673,0.5390224142587091
TSG,delisted,1236,1.0006123688383548,0.8591851322373123,1.2057535959974985,0.0
TSS,delisted,3450,1.0661945313792955,0.9355380973618306,1.3818459628515494,0.8797101449275362
TWC,delisted,2355,1.1117160649266682,0.9564947765109956,3.2517120756762083,0.9341825902335457
TWTR,delisted,2259,1.0,0.8232692307692309,1.233972084220487,0.0
TWX,delisted,3135,1.1799149312268684,0.9583793484262839,1.5799855348806628,0.960127591706539
TXU,delisted,446,1.0209874785131554,0.9480775848017821,1.117376342302749,0.8318385650224215
UA,delisted,2614,1.000694269853517,0.8467302452316077,1.1353179972936402,0.004208110175975516
UAA,delisted,5197,1.0,0.8225517770391204,1.1475195822454307,0.0
UIS,delisted,5197,1.0,0.7000000000000001,1.7041036717062634,0.0
UVN,delisted,310,1.0,0.9721092388146426,1.021639344262295,0.0
VAR,delisted,3846,1.1223118345526202,0.9218139171227522,1.2382934443288243,0.7241289651586064
VIAB,delisted,3505,1.1794201393241526,0.9603729603729604,1.4550943396226417,0.9560627674750357
WAMUQ,delisted,713,1.1018804378332865,0.657243816254417,1.588235294117647,0.726507713884993
WB,delisted,3111,1.3686420151784273,0.9644087256027554,1.596843335931411,0.9691417550626809
WBA,delisted,4945,1.4446385284471694,0.8493282149712091,1.8716654650324442,0.9575328614762386
WCG,delisted,3538,0.9993015358137993,0.8370330265295074,1.499882821654558,0.0
WEN,delisted,5197,1.3948971484064625,0.8683602771362586,2.145238095238095,0.9790263613623245
WFM,delisted,2934,1.0833426480183288,0.8869719088697191,1.2766133025251691,0.9369461486025903
WPX,delisted,2282,1.0007660980347284,0.7620689655172413,1.289099526066351,0.0
WRK,delisted,2273,1.1341078935077067,0.9566424478705181,1.5496943626896083,0.9555653321601408
WU,delisted,5009,1.7942479798418627,0.9042407660738715,2.3652032141609407,0.9884208424835297
WWY,delisted,695,1.0252064862550618,0.9424419848664631,1.0958787465940054,0.7841726618705036
WYE,delisted,954,1.0542488500547003,0.947356215213358,1.1398422223720586,0.8480083857442348
X,delisted,4895,1.0776263814300298,0.8431460674157304,1.3658536585365855,0.8008171603677222
XEC,delisted,3964,1.0855666028777495,0.8420919336456882,1.272629201361966,0.9185166498486378
XLNX,delisted,4057,1.163156958874184,0.9313659953571471,1.4698162729658792,0.8856297756963273
XRX,delisted,5197,1.8578823529411763,0.8435983575961179,2.460377358490566,0.9697902636136232
XTO,delisted,1128,1.0275499477900758,0.8917840861997514,1.2467079168649848,0.6445035460992907
