ticker,close,market_cap,eligible_today,sector,volatility_60,q75_score,composite_score,blend_score,vol_quintile,rank_in_quintile,n_in_quintile,quintile_cutoff_rank,is_pick,weight,status
A,146.85,41401252209.9,True,Healthcare,0.018051017777612203,0.16467428,-0.020921362190916067,-0.171875,1.0,273.0,331.0,33.0,False,,ELIGIBLE_NOT_PICKED
AA,51.74,13654674684.300001,True,Basic Materials,0.031669636795901276,0.3647835,-0.05609294781810354,0.09525240384615385,3.0,146.0,331.0,33.0,False,,ELIGIBLE_NOT_PICKED
AADX,12.39,2135955688.02,True,Industrials,0.0522194916853853,0.34455666,-0.03368593449342183,0.10606971153846151,4.0,114.0,331.0,33.0,False,,ELIGIBLE_NOT_PICKED
AAL,12.91,8546032067.41,True,Industrials,0.029540799378953816,0.25582668,0.1216465746377801,0.21694711538461536,3.0,70.0,331.0,33.0,False,,ELIGIBLE_NOT_PICKED
AAMI,92.15,3270415295.2000003,True,Financial Services,0.025093955474968146,0.15014721,0.06773869618373915,-0.03155048076923078,2.0,233.0,331.0,33.0,False,,ELIGIBLE_NOT_PICKED
AAOI,111.55,9433698387.35,True,Technology,0.08418679157805235,0.38021377,-0.2160859976961732,-0.0090144230769231,4.0,207.0,331.0,33.0,False,,ELIGIBLE_NOT_PICKED
AAON,79.4,6546818936.6,True,Basic Materials,0.033994148943177135,0.27766427,-0.18842239505187805,-0.1475360576923077,3.0,305.0,331.0,33.0,False,,ELIGIBLE_NOT_PICKED
AAP,42.56,2570624000.0,True,Consumer Cyclical,0.04523530703673314,0.306858,-0.19345882141283244,-0.10787259615384615,4.0,278.0,331.0,33.0,False,,ELIGIBLE_NOT_PICKED
AAPL,316.22,4614971599600.0,True,Technology,0.019987895054847424,0.14649488,0.11113290501152459,0.02824519230769232,1.0,142.0,331.0,33.0,False,,ELIGIBLE_NOT_PICKED
AAT,21.83,1340453969.79,False,,,,,,,,,,,,INELIGIBLE_TODAY
AB,36.72,3417722041.68,True,Financial Services,0.009278504875089744,0.04314614,0.2522143465600717,0.002103365384615391,0.0,56.0,331.0,33.0,False,,ELIGIBLE_NOT_PICKED
ABBV,248.78,439623438162.3,True,Healthcare,0.018757720829042573,0.12616314,0.16936390755584496,0.060096153846153855,1.0,111.0,331.0,33.0,False,,ELIGIBLE_NOT_PICKED
ABCB,84.99,5703444242.61,True,Financial Services,0.011977925467621761,0.108275,-0.06185672316903864,-0.29837740384615385,0.0,257.0,331.0,33.0,False,,ELIGIBLE_NOT_PICKED
ABCL,11.44,3507635171.04,True,Healthcare,0.06969086343195352,0.40808037,-0.04353807112931823,0.1505408653846154,4.0,84.0,331.0,33.0,False,,ELIGIBLE_NOT_PICKED
ABG,212.91,3822142648.47,True,Consumer Cyclical,0.02337778814010625,0.2515314,0.009386819831063887,0.02163461538461542,2.0,192.0,331.0,33.0,False,,ELIGIBLE_NOT_PICKED
ABM,50.6,2964194703.8,True,Industrials,0.01649178935834167,0.20357504,0.10708856168367911,0.09915865384615385,1.0,72.0,331.0,33.0,False,,ELIGIBLE_NOT_PICKED
ABNB,174.54,104512052936.28,True,Industrials,0.0305344612807616,0.30251172,0.15024797407775686,0.3161057692307692,3.0,25.0,331.0,33.0,True,0.004468104780926187,PICK
ABR,5.01,934655795.43,False,,,,,,,,,,,,INELIGIBLE_TODAY
ABSI,8.91,1529080829.1000001,False,,,,,,,,,,,,INELIGIBLE_TODAY
ABT,105.52,182590045393.91998,True,Healthcare,0.0209633132028587,0.20292571,-0.02832161330427421,-0.13131009615384615,1.0,256.0,331.0,33.0,False,,ELIGIBLE_NOT_PICKED
ACA,145.65,7152406730.85,True,Industrials,0.010372020421280851,0.021788716,0.1643647011245252,-0.02824519230769232,0.0,75.0,331.0,33.0,False,,ELIGIBLE_NOT_PICKED
ACAD,27.58,4752186186.44,True,Healthcare,0.02290046805291625,0.24115929,-0.08623630137768487,-0.1361177884615385,2.0,282.0,331.0,33.0,False,,ELIGIBLE_NOT_PICKED
ACDC,5.42,987105370.04,False,,,,,,,,,,,,INELIGIBLE_TODAY
ACGL,95.71,32659039649.46,True,Financial Services,0.014678415142588113,0.14778966,0.01196622689993494,-0.13912259615384615,0.0,157.0,331.0,33.0,False,,ELIGIBLE_NOT_PICKED
ACH,1.1,84595174.4,False,,,,,,,,,,,,INELIGIBLE_TODAY
ACHC,27.5,2560257562.5,True,Healthcare,0.039656537165815894,0.353264,-0.012959831149960958,0.14843749999999997,4.0,86.0,331.0,33.0,False,,ELIGIBLE_NOT_PICKED
ACHR,5.83,4489238754.0,False,,,,,,,,,,,,INELIGIBLE_TODAY
ACI,12.14,5891853791.62,True,Consumer Defensive,0.035734513716368856,0.2815129,0.0540922848122376,0.16826923076923078,3.0,97.0,331.0,33.0,False,,ELIGIBLE_NOT_PICKED
ACIW,51.98,5247653427.179999,True,Technology,0.022498074546096477,0.2476588,0.039776065510476154,0.07572115384615385,2.0,142.0,331.0,33.0,False,,ELIGIBLE_NOT_PICKED
ACLS,119.17,3680147044.13,True,Technology,0.051578526559371556,0.3547018,-0.06892954468807648,0.06400240384615383,4.0,141.0,331.0,33.0,False,,ELIGIBLE_NOT_PICKED
ACM,66.04,8499111907.000001,True,Industrials,0.026483504668142283,0.31538445,-0.09496079965720253,-0.02944711538461539,2.0,228.0,331.0,33.0,False,,ELIGIBLE_NOT_PICKED
ACMR,76.91,5356719664.36,True,Technology,0.06574738669226447,0.38165224,-0.22912833803771968,-0.009615384615384609,4.0,208.0,331.0,33.0,False,,ELIGIBLE_NOT_PICKED
ACN,179.03,119558182383.49,True,Technology,0.03797840105875927,0.32143247,-0.01964817421644009,0.0832331730769231,4.0,126.0,331.0,33.0,False,,ELIGIBLE_NOT_PICKED
ACT,49.3,6777944980.299999,True,Financial Services,0.010789478726119819,0.038645178,0.08546419125753152,-0.10456730769230765,0.0,125.0,331.0,33.0,False,,ELIGIBLE_NOT_PICKED
ACTG,4.56,444995830.79999995,False,,,,,,,,,,,,INELIGIBLE_TODAY
ACVA,7.03,1193750099.4,False,,,,,,,,,,,,INELIGIBLE_TODAY
AD,38.46,3326790000.0,True,Communication Services,0.014478200894617814,0.106534384,-0.14296642787210478,-0.3810096153846154,0.0,307.0,331.0,33.0,False,,ELIGIBLE_NOT_PICKED
ADBE,257.26,102260850000.0,True,Technology,0.031568843411108306,0.37190863,0.08685327135189531,0.35456730769230765,3.0,9.0,331.0,33.0,True,0.0043217032266557355,PICK
ADC,72.78,9052326181.8,True,Real Estate,0.010731161713549547,0.06421281,-0.07525730645694967,-0.37049278846153844,0.0,304.0,331.0,33.0,False,,ELIGIBLE_NOT_PICKED
ADCT,1.3,165968003.5,False,,,,,,,,,,,,INELIGIBLE_TODAY
ADEA,27.2,2999620080.0,True,Technology,0.03888660770163613,0.3943501,0.012584308511626816,0.234375,4.0,49.0,331.0,33.0,False,,ELIGIBLE_NOT_PICKED
ADI,363.2,175994176888.0,True,Technology,0.024748965680150285,0.2183676,0.05034939889811501,0.0441706730769231,2.0,166.0,331.0,33.0,False,,ELIGIBLE_NOT_PICKED
ADIG,20.89,1586035606.22,False,,,,,,,,,,,,INELIGIBLE_TODAY
ADM,84.5,40725584763.5,True,Consumer Defensive,0.01734863004032372,0.2452315,0.121703682255701,0.19561298076923078,1.0,22.0,331.0,33.0,True,0.007864089101817672,PICK
ADMA,9.54,2136813847.1999998,False,,,,,,,,,,,,INELIGIBLE_TODAY
ADNT,18.78,1447880382.96,False,,,,,,,,,,,,INELIGIBLE_TODAY
ADP,267.96,106450523006.51999,True,Industrials,0.01930420747225088,0.14606194,-0.044575316234773704,-0.234375,1.0,294.0,331.0,33.0,False,,ELIGIBLE_NOT_PICKED
ADPT,24.34,3884562794.28,True,Healthcare,0.0362703681486087,0.26163644,-0.06663427001912334,-0.07752403846153849,3.0,284.0,331.0,33.0,False,,ELIGIBLE_NOT_PICKED
ADSK,212.21,44351890000.0,True,Technology,0.028882343558707658,0.3390306,-0.07713509849124685,0.033653846153846145,3.0,193.0,331.0,33.0,False,,ELIGIBLE_NOT_PICKED
ADT,7.22,5274637770.559999,False,,,,,,,,,,,,INELIGIBLE_TODAY
ADTN,7.58,617629065.0600001,False,,,,,,,,,,,,INELIGIBLE_TODAY
ADUS,119.32,2228217476.0,True,Healthcare,0.015073833333022202,0.20000254,0.048880268626891224,0.007211538461538464,0.0,50.0,331.0,33.0,False,,ELIGIBLE_NOT_PICKED
ADV,30.88,395950462.4,False,,,,,,,,,,,,INELIGIBLE_TODAY
AEE,106.73,29547480179.23,True,Utilities,0.01210985600796899,0.10483983,-0.08251463780712857,-0.328125,0.0,278.0,331.0,33.0,False,,ELIGIBLE_NOT_PICKED
AEHR,90.79,2961610655.5,True,Technology,0.09361146727803957,0.35139364,-0.0996261477404699,0.02824519230769229,4.0,163.0,331.0,33.0,False,,ELIGIBLE_NOT_PICKED
AEIS,288.72,11563363614.240002,True,Industrials,0.04971434706526599,0.33223337,-0.09052025714664963,0.008112980769230782,4.0,183.0,331.0,33.0,False,,ELIGIBLE_NOT_PICKED
AEO,17.22,2885612794.2599998,True,Consumer Cyclical,0.02918107669953131,0.30850714,0.07037537476805428,0.23106971153846156,3.0,60.0,331.0,33.0,False,,ELIGIBLE_NOT_PICKED
AEP,125.42,68278315887.840004,True,Utilities,0.012210673437787648,0.102613464,-0.026496242575699238,-0.2512019230769231,0.0,227.0,331.0,33.0,False,,ELIGIBLE_NOT_PICKED
AES,14.83,10580294882.9,True,Utilities,0.002520533787637981,0.026385836,0.04471373245435327,-0.1787860576923077,0.0,179.0,331.0,33.0,False,,ELIGIBLE_NOT_PICKED
AESI,13.99,1748798279.49,False,,,,,,,,,,,,INELIGIBLE_TODAY
AEVA,16.25,1132718567.5,False,,,,,,,,,,,,INELIGIBLE_TODAY
AFG,140.88,11681976130.08,True,Financial Services,0.011592708621371548,0.13517721,-0.013102563726736707,-0.19651442307692307,0.0,193.0,331.0,33.0,False,,ELIGIBLE_NOT_PICKED
AFL,115.16,57734694197.68,True,Financial Services,0.011983360572002198,0.10881758,0.05414450231893301,-0.09314903846153846,0.0,117.0,331.0,33.0,False,,ELIGIBLE_NOT_PICKED
AFRM,72.08,24321324132.48,True,Financial Services,0.033863804230159576,0.34860426,-0.27275412298294516,-0.05769230769230768,3.0,272.0,331.0,33.0,False,,ELIGIBLE_NOT_PICKED
AGCO,127.31,8915739418.99,True,Industrials,0.026721086428602835,0.32048833,0.05335293970305082,0.22055288461538464,2.0,43.0,331.0,33.0,False,,ELIGIBLE_NOT_PICKED
AGIO,33.55,2002998141.1,True,Healthcare,0.036577727081450254,0.41281578,-0.1329761108703956,0.05168269230769232,3.0,180.0,331.0,33.0,False,,ELIGIBLE_NOT_PICKED
AGL,91.37,1534212857.7,False,,,,,,,,,,,,INELIGIBLE_TODAY
AGM,226.09,2453802248.9,True,Financial Services,0.015594118286806076,0.13239294,-0.032466248199751,-0.22686298076923075,1.0,292.0,331.0,33.0,False,,ELIGIBLE_NOT_PICKED
AGNC,10.68,12660941853.96,True,Real Estate,0.0128945976699547,0.05554485,-0.15011582655768915,-0.4417067307692307,0.0,328.0,331.0,33.0,False,,ELIGIBLE_NOT_PICKED
AGNT,3.98,665129389.26,False,,,,,,,,,,,,INELIGIBLE_TODAY
AGO,73.0,3210482184.0,True,Financial Services,0.016535222246731866,0.17635308,-0.09831155399413154,-0.2626201923076923,1.0,306.0,331.0,33.0,False,,ELIGIBLE_NOT_PICKED
AGX,436.78,6127954388.759999,True,Industrials,0.048992288047566904,0.32045284,-0.1375595362883711,-0.06009615384615383,4.0,249.0,331.0,33.0,False,,ELIGIBLE_NOT_PICKED
AGYS,108.025,3046930248.7000003,True,Technology,0.03195264221046917,0.3815779,-0.01525895338803019,0.1784855769230769,3.0,88.0,331.0,33.0,False,,ELIGIBLE_NOT_PICKED
AHCO,6.19,843970573.24,False,,,,,,,,,,,,INELIGIBLE_TODAY
AHR,54.6,11902733115.0,True,Real Estate,0.017152183891653648,0.1257522,-0.10781115307643609,-0.33203125,1.0,325.0,331.0,33.0,False,,ELIGIBLE_NOT_PICKED
AI,10.51,1633771901.27,False,,,,,,,,,,,,INELIGIBLE_TODAY
AIG,74.68,39049661860.920006,True,Financial Services,0.013538638459096917,0.118299924,0.05646786597246457,-0.08052884615384615,0.0,110.0,331.0,33.0,False,,ELIGIBLE_NOT_PICKED
AIN,62.34,1770456000.0,False,,,,,,,,,,,,INELIGIBLE_TODAY
AIP,22.72,1116735757.44,False,,,,,,,,,,,,INELIGIBLE_TODAY
AIR,130.73,5215142864.559999,True,Industrials,0.029592322480280632,0.3408883,-0.05532864140134089,0.06490384615384615,3.0,172.0,331.0,33.0,False,,ELIGIBLE_NOT_PICKED
AIRE,1.56,9179469.0,False,,,,,,,,,,,,INELIGIBLE_TODAY
AIT,326.66,11988048300.960001,True,Industrials,0.0161933829165068,0.19069259,0.24771188049631565,0.16135817307692307,1.0,32.0,331.0,33.0,True,0.008425118650933937,PICK
AIV,2.48,356763333.84,False,,,,,,,,,,,,INELIGIBLE_TODAY
AIZ,281.01,13860471764.67,True,Financial Services,0.013891691510676336,0.13178295,0.15780846835384857,0.05769230769230768,0.0,26.0,331.0,33.0,True,0.00982106263493711,PICK
AJG,251.45,64446635000.0,True,Financial Services,0.021790542625419004,0.1811825,-0.12193545930336591,-0.2782451923076923,2.0,326.0,331.0,33.0,False,,ELIGIBLE_NOT_PICKED
AKAM,105.61,15177911076.49,True,Technology,0.032138388941842254,0.34443012,-0.11324058201954632,0.004206730769230782,3.0,222.0,331.0,33.0,False,,ELIGIBLE_NOT_PICKED
AKR,20.37,2797467547.1400003,True,Real Estate,0.012921810068400116,0.08416327,-0.015538221087895623,-0.2605168269230769,0.0,232.0,331.0,33.0,False,,ELIGIBLE_NOT_PICKED
ALAB,288.85,50111172290.4,True,Technology,0.06662152539406406,0.23914495,-0.05868701718635015,-0.10727163461538461,4.0,276.0,331.0,33.0,False,,ELIGIBLE_NOT_PICKED
ALB,129.57,15289915235.49,True,Basic Materials,0.02810726995722377,0.36846116,0.006785826095357778,0.19981971153846154,3.0,75.0,331.0,33.0,False,,ELIGIBLE_NOT_PICKED
ALEC,2.47,275792589.93,False,,,,,,,,,,,,INELIGIBLE_TODAY
ALG,172.53,2099856591.45,True,Industrials,0.016844614956360963,0.19369203,-0.04784116313052727,-0.17908653846153844,1.0,275.0,331.0,33.0,False,,ELIGIBLE_NOT_PICKED
ALGM,36.47,6798082617.62,True,Technology,0.05318524036964396,0.34513012,-0.011229284106234928,0.1394230769230769,4.0,91.0,331.0,33.0,False,,ELIGIBLE_NOT_PICKED
ALGN,153.49,10903906883.480001,True,Healthcare,0.026052798257469492,0.27998614,0.03735263391568664,0.12890625,2.0,103.0,331.0,33.0,False,,ELIGIBLE_NOT_PICKED
ALGT,76.06,2079309645.3,True,Industrials,0.03402551155553579,0.33925396,-0.1328103871946081,-0.020132211538461564,3.0,245.0,331.0,33.0,False,,ELIGIBLE_NOT_PICKED
ALH,22.23,4418637004.08,True,Consumer Cyclical,0.01900523452759079,0.2117116,-0.08088894218565558,-0.18990384615384617,1.0,281.0,331.0,33.0,False,,ELIGIBLE_NOT_PICKED
ALHC,13.46,2792077105.54,True,Healthcare,0.044462610301890554,0.3282895,-0.08997209129412677,0.0006009615384615641,4.0,194.0,331.0,33.0,False,,ELIGIBLE_NOT_PICKED
ALIT,13.45,362330800.84999996,False,,,,,,,,,,,,INELIGIBLE_TODAY
ALK,40.74,4546711108.8,True,Industrials,0.02821446934358217,0.30306962,-0.05505121224232293,-2.7755575615628914e-17,3.0,227.0,331.0,33.0,False,,ELIGIBLE_NOT_PICKED
ALKS,45.49,7631551243.280001,True,Healthcare,0.022310154464132072,0.24410392,-0.009172557299821638,-0.02554086538461539,2.0,225.0,331.0,33.0,False,,ELIGIBLE_NOT_PICKED
ALKT,19.38,2072535572.3999999,True,Technology,0.026225273349856134,0.28366956,-0.019300840997657356,0.032752403846153855,2.0,180.0,331.0,33.0,False,,ELIGIBLE_NOT_PICKED
ALL,253.46,64089376007.0,True,Financial Services,0.01854645956978352,0.18293771,0.094025632709686,0.05679086538461536,1.0,115.0,331.0,33.0,False,,ELIGIBLE_NOT_PICKED
ALLE,156.05,13269990455.300001,True,Industrials,0.020711871212905197,0.1573845,0.06613201775295269,-0.024038461538461564,1.0,180.0,331.0,33.0,False,,ELIGIBLE_NOT_PICKED
ALLO,1.86,642613038.6600001,False,,,,,,,,,,,,INELIGIBLE_TODAY
ALLY,42.28,12861563020.04,True,Financial Services,0.015075293685459167,0.20487753,-0.0057327712418163085,-0.09435096153846154,0.0,118.0,331.0,33.0,False,,ELIGIBLE_NOT_PICKED
ALMR,29.95,2078313341.7,True,Healthcare,0.05711746316036715,0.38365847,-0.1720008820173342,0.01081730769230771,4.0,179.0,331.0,33.0,False,,ELIGIBLE_NOT_PICKED
ALMS,10.58,1369424828.6200001,False,,,,,,,,,,,,INELIGIBLE_TODAY
ALNY,260.1,34803751591.8,True,Healthcare,0.04618556647593905,0.2757096,-0.1022287448511666,-0.09194711538461539,4.0,270.0,331.0,33.0,False,,ELIGIBLE_NOT_PICKED
ALRM,56.01,2749543670.2799997,True,Technology,0.01800092657025226,0.26122305,0.07511336839930308,0.16766826923076922,1.0,30.0,331.0,33.0,True,0.007579119435831605,PICK
ALSN,130.56,10781388641.28,True,Consumer Cyclical,0.022698497225492067,0.22660853,0.0410664533312758,0.04056490384615383,2.0,175.0,331.0,33.0,False,,ELIGIBLE_NOT_PICKED
ALV,120.25,8806775344.25,True,Consumer Cyclical,0.01863529259884093,0.26135728,0.12264310031510835,0.22866586538461542,1.0,15.0,331.0,33.0,True,0.007321117804185276,PICK
ALX,261.49,1335505262.1000001,False,,,,,,,,,,,,INELIGIBLE_TODAY
ALXO,2.0,276553994.0,False,,,,,,,,,,,,INELIGIBLE_TODAY
AM,22.9,10870034600.0,True,Energy,0.014574055501980088,0.07280539,0.12654558181426012,-0.04296875,0.0,88.0,331.0,33.0,False,,ELIGIBLE_NOT_PICKED
AMAT,472.79,375204935075.97003,True,Technology,0.0503118836248309,0.36490983,-0.06539946429797358,0.08353365384615385,4.0,125.0,331.0,33.0,False,,ELIGIBLE_NOT_PICKED
AMBA,63.48,2802068839.08,True,Technology,0.0594904050462494,0.3302206,-0.1139710205671596,-0.021033653846153827,4.0,219.0,331.0,33.0,False,,ELIGIBLE_NOT_PICKED
AMC,2.56,2285067873.28,False,,,,,,,,,,,,INELIGIBLE_TODAY
AMCR,44.34,20500407894.600002,True,Consumer Cyclical,0.018456371787748168,0.22287968,-0.02749480198738819,-0.09044471153846154,1.0,229.0,331.0,33.0,False,,ELIGIBLE_NOT_PICKED
AMCX,12.08,498299649.68,False,,,,,,,,,,,,INELIGIBLE_TODAY
AMD,505.74,825607927741.08,True,Technology,0.04524673823101014,0.37394616,0.020058087608485695,0.23407451923076922,4.0,50.0,331.0,33.0,False,,ELIGIBLE_NOT_PICKED
AME,237.76,54509153373.439995,True,Industrials,0.014435136462584933,0.09447997,0.11410924453080876,-0.02944711538461542,0.0,76.0,331.0,33.0,False,,ELIGIBLE_NOT_PICKED
AMG,360.22,9315265065.26,True,Financial Services,0.019584305603002776,0.19782546,0.14110048614183782,0.12650240384615383,1.0,50.0,331.0,33.0,False,,ELIGIBLE_NOT_PICKED
AMGN,393.17,212560285405.85,True,Healthcare,0.020756736947675165,0.330363,0.013949429941647865,0.15835336538461536,1.0,34.0,331.0,33.0,False,,ELIGIBLE_NOT_PICKED
AMH,32.3,11622025113.699999,True,Real Estate,0.01208804730396488,0.091669075,0.11293715994175726,-0.034855769230769246,0.0,83.0,331.0,33.0,False,,ELIGIBLE_NOT_PICKED
AMKR,50.72,12601509379.84,True,Technology,0.06168238541475808,0.35388586,-0.02817758205764979,0.12740384615384617,4.0,104.0,331.0,33.0,False,,ELIGIBLE_NOT_PICKED
AMLX,33.88,3775012866.2400002,True,Healthcare,0.08927254110202584,0.36858705,-0.17902991355206763,-0.00871394230769229,4.0,206.0,331.0,33.0,False,,ELIGIBLE_NOT_PICKED
AMN,33.73,1306362596.4299998,False,,,,,,,,,,,,INELIGIBLE_TODAY
AMP,556.67,49172453020.729996,True,Financial Services,0.014898072011873802,0.10652051,0.04095888623228297,-0.12530048076923075,0.0,145.0,331.0,33.0,False,,ELIGIBLE_NOT_PICKED
AMPH,22.93,975395055.92,False,,,,,,,,,,,,INELIGIBLE_TODAY
AMPL,12.52,1563949146.32,False,,,,,,,,,,,,INELIGIBLE_TODAY
AMPX,10.39,1517777621.02,False,,,,,,,,,,,,INELIGIBLE_TODAY
AMR,223.74,2836809528.3,True,Basic Materials,0.03691216323006058,0.339368,0.009974153524580384,0.1670673076923077,4.0,73.0,331.0,33.0,False,,ELIGIBLE_NOT_PICKED
AMRC,23.93,1269874429.23,False,,,,,,,,,,,,INELIGIBLE_TODAY
AMRX,17.05,5444984318.95,True,Healthcare,0.02010106391088167,0.1541551,0.04886494361142667,-0.056189903846153855,1.0,205.0,331.0,33.0,False,,ELIGIBLE_NOT_PICKED
AMRZ,41.95,22943530765.800003,True,Basic Materials,0.02475221890335703,0.2587792,0.006307973822257691,0.031850961538461536,2.0,184.0,331.0,33.0,False,,ELIGIBLE_NOT_PICKED
AMSC,30.44,1474578832.92,False,,,,,,,,,,,,INELIGIBLE_TODAY
AMT,175.73,81883159235.04,True,Real Estate,0.018355625577537688,0.10536951,0.09033842310211454,-0.039663461538461564,1.0,195.0,331.0,33.0,False,,ELIGIBLE_NOT_PICKED
AMTM,20.14,4924359157.82,True,Industrials,0.028727202337728793,0.33413187,-0.11258215254843601,-0.012620192307692318,3.0,241.0,331.0,33.0,False,,ELIGIBLE_NOT_PICKED
AMWL,13.34,226896831.72,False,,,,,,,,,,,,INELIGIBLE_TODAY
AMZN,256.97,2771758998596.8403,True,Consumer Cyclical,0.028070636923529884,0.25479913,0.037968089241264914,0.08413461538461536,3.0,159.0,331.0,33.0,False,,ELIGIBLE_NOT_PICKED
AN,209.3,6919626695.8,True,Consumer Cyclical,0.020758306333365263,0.19819538,0.033104309915147734,-0.029747596153846173,1.0,184.0,331.0,33.0,False,,ELIGIBLE_NOT_PICKED
ANAB,56.6,1647111053.2,False,,,,,,,,,,,,INELIGIBLE_TODAY
ANDE,70.92,2409547424.4,True,Consumer Defensive,0.026154376946769822,0.39136943,0.07878499964156872,0.359375,2.0,4.0,331.0,33.0,True,0.005216380138178985,PICK
ANDG,53.85,6084428194.05,True,Consumer Cyclical,0.0366089887363562,0.1347921,-0.04416295476582133,-0.24579326923076925,4.0,325.0,331.0,33.0,False,,ELIGIBLE_NOT_PICKED
ANET,194.96,245888357374.08002,True,Technology,0.036023094295880076,0.33566582,0.011991292945993486,0.16466346153846156,3.0,98.0,331.0,33.0,False,,ELIGIBLE_NOT_PICKED
ANF,151.43,6425837709.110001,True,Consumer Cyclical,0.05486918119982511,0.26195815,0.05271897133988721,0.1328125,4.0,101.0,331.0,33.0,False,,ELIGIBLE_NOT_PICKED
ANGI,4.7,190614379.70000002,False,,,,,,,,,,,,INELIGIBLE_TODAY
ANGX,4.86,780878993.4000001,False,,,,,,,,,,,,INELIGIBLE_TODAY
ANIP,70.23,1613207820.96,False,,,,,,,,,,,,INELIGIBLE_TODAY
AON,315.79,66987090802.86,True,Financial Services,0.021543495936641763,0.2626925,0.03461346585386667,0.09465144230769235,2.0,128.0,331.0,33.0,False,,ELIGIBLE_NOT_PICKED
AORT,25.13,1225243833.73,False,,,,,,,,,,,,INELIGIBLE_TODAY
AOS,58.82,7994142263.86,True,Industrials,0.019615217554986984,0.20529893,-0.022615533687923066,-0.11899038461538461,1.0,248.0,331.0,33.0,False,,ELIGIBLE_NOT_PICKED
APA,43.55,15257808260.499998,True,Energy,0.027026008511343704,0.23140691,0.15644143603049848,0.20312500000000003,3.0,74.0,331.0,33.0,False,,ELIGIBLE_NOT_PICKED
APAM,41.06,3328843789.1400003,True,Financial Services,0.01881733627950443,0.1868789,0.020868295948167873,-0.06941105769230768,1.0,216.0,331.0,33.0,False,,ELIGIBLE_NOT_PICKED
APD,297.71,66295709136.299995,True,Basic Materials,0.01698623371499231,0.13018592,0.04616957796275753,-0.08774038461538461,1.0,226.0,331.0,33.0,False,,ELIGIBLE_NOT_PICKED
APG,40.2,17372843939.4,True,Industrials,0.0164733973508958,0.19207199,0.0025570296365357075,-0.09645432692307693,1.0,233.0,331.0,33.0,False,,ELIGIBLE_NOT_PICKED
APH,81.76,201617454888.64,True,Technology,0.02624994105153182,0.25709674,0.041064597372602527,0.09735576923076927,2.0,124.0,331.0,33.0,False,,ELIGIBLE_NOT_PICKED
APLD,28.31,8251490560.719999,True,Financial Services,0.0556679359553481,0.31322375,-0.13928556950570725,-0.07211538461538464,4.0,261.0,331.0,33.0,False,,ELIGIBLE_NOT_PICKED
APLE,15.26,3602621971.48,True,Real Estate,0.013230881826147234,0.15289518,0.08953037405740132,0.011418269230769246,0.0,45.0,331.0,33.0,False,,ELIGIBLE_NOT_PICKED
APO,131.81,77839493787.79001,True,Financial Services,0.023062371962709226,0.23670408,-0.21830067518623336,-0.22956730769230768,2.0,313.0,331.0,33.0,False,,ELIGIBLE_NOT_PICKED
APP,312.01,104414458510.0,True,Technology,0.04399729436081995,0.3034102,-0.05400148699921006,0.0030048076923077094,4.0,189.0,331.0,33.0,False,,ELIGIBLE_NOT_PICKED
APPF,206.015,7296431606.879999,True,Technology,0.031427070120660316,0.36220348,-0.004974141341180942,0.1736778846153846,3.0,92.0,331.0,33.0,False,,ELIGIBLE_NOT_PICKED
APPN,34.58,2476882304.2599998,True,Technology,0.04479892941788025,0.37287718,0.06899340795654879,0.3212139423076923,4.0,28.0,331.0,33.0,True,0.0030454114463084403,PICK
APPS,11.3,1367483625.0,False,,,,,,,,,,,,INELIGIBLE_TODAY
AR,39.08,12014716120.0,True,Energy,0.019979231811441726,0.16397564,0.046352230529432464,-0.04687499999999997,1.0,199.0,331.0,33.0,False,,ELIGIBLE_NOT_PICKED
ARCB,138.095,3086610230.63,True,Industrials,0.028889157730762203,0.3851087,0.04226245438505337,0.2890625,3.0,39.0,331.0,33.0,False,,ELIGIBLE_NOT_PICKED
ARCC,19.7,14145050046.5,True,Financial Services,0.011457279203371721,0.06021263,-0.0914445841233212,-0.38912259615384615,0.0,313.0,331.0,33.0,False,,ELIGIBLE_NOT_PICKED
ARCT,15.63,444252568.47,False,,,,,,,,,,,,INELIGIBLE_TODAY
ARDT,10.75,1516243500.25,False,,,,,,,,,,,,INELIGIBLE_TODAY
ARE,50.77,8846549128.9,True,Real Estate,0.028260300339330795,0.22481808,-0.031065050165112722,-0.08954326923076925,3.0,290.0,331.0,33.0,False,,ELIGIBLE_NOT_PICKED
ARES,138.62,31045022196.04,True,Financial Services,0.025834966080227794,0.2166273,-0.04000648977316396,-0.12139423076923078,2.0,274.0,331.0,33.0,False,,ELIGIBLE_NOT_PICKED
ARHS,8.47,1200637178.51,False,,,,,,,,,,,,INELIGIBLE_TODAY
ARI,6.79,870560111.47,False,,,,,,,,,,,,INELIGIBLE_TODAY
ARLO,14.11,1518423719.44,False,,,,,,,,,,,,INELIGIBLE_TODAY
ARLP,26.66,3430043634.66,True,Basic Materials,0.013129940689941572,0.106458694,0.11962363352316895,-0.005709134615384609,0.0,62.0,331.0,33.0,False,,ELIGIBLE_NOT_PICKED
ARMK,57.58,15179530033.52,True,Industrials,0.015302797024119928,0.20675656,0.05012875672424192,0.020733173076923073,0.0,37.0,331.0,33.0,False,,ELIGIBLE_NOT_PICKED
AROC,33.36,5849281851.599999,True,Energy,0.025289012484447447,0.24628705,0.10235661643892394,0.17698317307692307,2.0,70.0,331.0,33.0,False,,ELIGIBLE_NOT_PICKED
ARQT,24.39,3065626928.79,True,Healthcare,0.024039480310371335,0.2999717,-0.04428623844630078,0.011718750000000028,2.0,197.0,331.0,33.0,False,,ELIGIBLE_NOT_PICKED
ARR,16.23,2297405936.58,True,Real Estate,0.009491389979853354,0.062193546,-0.09070046254011871,-0.38731971153846156,0.0,311.0,331.0,33.0,False,,ELIGIBLE_NOT_PICKED
ARRY,4.7,723836152.4,False,,,,,,,,,,,,INELIGIBLE_TODAY
ARVN,9.08,593706614.28,False,,,,,,,,,,,,INELIGIBLE_TODAY
ARW,217.41,11067348014.43,True,Technology,0.025870122868255088,0.32527682,0.014151872023318222,0.1478365384615385,2.0,90.0,331.0,33.0,False,,ELIGIBLE_NOT_PICKED
ARWR,85.11,12022167686.37,True,Healthcare,0.03510137973206357,0.32660386,-0.030961625143184124,0.07722355769230768,3.0,164.0,331.0,33.0,False,,ELIGIBLE_NOT_PICKED
ARX,19.84,4309020871.68,True,Financial Services,0.06961572528152452,0.1907972,-0.038439143295903734,-0.16286057692307693,4.0,307.0,331.0,33.0,False,,ELIGIBLE_NOT_PICKED
ARXS,53.19,22205461740.3,True,Industrials,0.038996057613809726,0.18231349,0.023768938675521822,-0.06700721153846154,4.0,255.0,331.0,33.0,False,,ELIGIBLE_NOT_PICKED
ASAN,8.79,2012647328.4299998,False,,,,,,,,,,,,INELIGIBLE_TODAY
ASB,30.51,5761803096.09,True,Financial Services,0.012747190808510148,0.09285869,-0.029412639383196,-0.27103365384615385,0.0,239.0,331.0,33.0,False,,ELIGIBLE_NOT_PICKED
ASH,72.62,3325514529.4,True,Basic Materials,0.020149973686558447,0.2395944,0.0723723864375843,0.12049278846153849,1.0,55.0,331.0,33.0,False,,ELIGIBLE_NOT_PICKED
ASO,44.71,2772841367.41,True,Consumer Cyclical,0.02433640451985043,0.26303303,0.0214308364972198,0.07211538461538464,2.0,146.0,331.0,33.0,False,,ELIGIBLE_NOT_PICKED
ASPN,4.91,407474929.44,False,,,,,,,,,,,,INELIGIBLE_TODAY
ASPS,5.59,63838951.54,False,,,,,,,,,,,,INELIGIBLE_TODAY
ASST,27.16,2320602085.48,True,Financial Services,0.059083553983986355,0.31376716,-0.44684737773949645,-0.12740384615384615,4.0,288.0,331.0,33.0,False,,ELIGIBLE_NOT_PICKED
ASTH,38.1,2123586100.8000002,True,Healthcare,0.031968772615166875,0.3842821,-0.1518839687967898,0.023737980769230754,3.0,201.0,331.0,33.0,False,,ELIGIBLE_NOT_PICKED
ASTS,66.12,25731754703.280003,True,Technology,0.06602225939129051,0.3017352,-0.24804326153738948,-0.1319110576923077,4.0,292.0,331.0,33.0,False,,ELIGIBLE_NOT_PICKED
ATAI,7.28,2699894790.32,False,,,,,,,,,,,,INELIGIBLE_TODAY
ATEC,9.19,1419405388.4399998,False,,,,,,,,,,,,INELIGIBLE_TODAY
ATEN,24.52,1780373194.92,False,,,,,,,,,,,,INELIGIBLE_TODAY
ATEX,85.44,1675460115.84,False,,,,,,,,,,,,INELIGIBLE_TODAY
ATI,207.32,28230843803.559998,True,Industrials,0.025401094894685953,0.32089415,0.12548231502488974,0.3203125,2.0,11.0,331.0,33.0,True,0.005371074475223451,PICK
ATKR,93.87,3170229268.5,True,Industrials,0.0424003609597976,0.044057403,0.1489584082555363,-0.03635817307692307,4.0,232.0,331.0,33.0,False,,ELIGIBLE_NOT_PICKED
ATLC,93.81,1423101264.78,False,,,,,,,,,,,,INELIGIBLE_TODAY
ATMU,47.43,3870075845.61,True,Industrials,0.02561861183896289,0.2600546,-0.11968791788241978,-0.13431490384615385,2.0,281.0,331.0,33.0,False,,ELIGIBLE_NOT_PICKED
ATO,168.07,28401906102.71,True,Utilities,0.010024551604426477,0.08126662,-0.07852776653315624,-0.3551682692307693,0.0,292.0,331.0,33.0,False,,ELIGIBLE_NOT_PICKED
ATR,124.34,7905677579.860001,True,Healthcare,0.01388428964007315,0.14570604,0.09655444533440864,0.010216346153846145,0.0,47.0,331.0,33.0,False,,ELIGIBLE_NOT_PICKED
ATRA,10.23,102685773.3,False,,,,,,,,,,,,INELIGIBLE_TODAY
ATRC,53.73,2733045976.62,True,Healthcare,0.030367254458272003,0.35765082,0.07327499703297197,0.3128004807692308,3.0,26.0,331.0,33.0,True,0.004492706860248038,PICK
ATRO,76.0,3268688864.0,True,Industrials,0.04812048651581473,0.3128201,-0.06380212221479725,0.002704326923076955,4.0,191.0,331.0,33.0,False,,ELIGIBLE_NOT_PICKED
ATXG,3.605,4246596.27,False,,,,,,,,,,,,INELIGIBLE_TODAY
AUB,40.22,5744015117.12,True,Financial Services,0.013322961785401318,0.101802856,0.01121413666676017,-0.19260817307692307,0.0,187.0,331.0,33.0,False,,ELIGIBLE_NOT_PICKED
AUPH,16.07,2138132269.76,True,Healthcare,0.02695477842309523,0.28299284,-0.13326159455473485,-0.10697115384615385,3.0,296.0,331.0,33.0,False,,ELIGIBLE_NOT_PICKED
AUR,6.51,13047050794.68,False,,,,,,,,,,,,INELIGIBLE_TODAY
AVA,37.61,3149943936.3,True,Utilities,0.012936929292575717,0.13669688,-0.057487223509706906,-0.2644230769230769,0.0,234.0,331.0,33.0,False,,ELIGIBLE_NOT_PICKED
AVAH,13.66,2980881047.36,True,Healthcare,0.04001249403820736,0.30512112,-0.04121413656905096,0.0285456730769231,4.0,162.0,331.0,33.0,False,,ELIGIBLE_NOT_PICKED
AVAV,148.78,7529462703.4,True,Industrials,0.05091685735445709,0.31507304,-0.19886371164657118,-0.09945913461538464,4.0,274.0,331.0,33.0,False,,ELIGIBLE_NOT_PICKED
AVEX,17.11,1951253487.0,False,,,,,,,,,,,,INELIGIBLE_TODAY
AVGO,368.56,1753453757774.8801,True,Technology,0.027501607354439996,0.24548973,0.01669269935244328,0.02734375,3.0,198.0,331.0,33.0,False,,ELIGIBLE_NOT_PICKED
AVIR,5.68,455562690.32,False,,,,,,,,,,,,INELIGIBLE_TODAY
AVNT,42.61,3908170025.5,True,Basic Materials,0.02918027458605851,0.25838643,0.039954773419630225,0.09645432692307693,3.0,144.0,331.0,33.0,False,,ELIGIBLE_NOT_PICKED
AVPT,13.175,2787374487.55,True,Technology,0.026221547962888534,0.3145327,-0.04609604883053612,0.029146634615384637,2.0,187.0,331.0,33.0,False,,ELIGIBLE_NOT_PICKED
AVT,92.42,7585184719.18,True,Technology,0.024655439819297107,0.36816752,-0.0073407004889162065,0.17307692307692304,2.0,73.0,331.0,33.0,False,,ELIGIBLE_NOT_PICKED
AVTR,15.25,10314472310.0,True,Basic Materials,0.032042566878917725,0.23931082,0.09959449135540083,0.16225961538461542,3.0,100.0,331.0,33.0,False,,ELIGIBLE_NOT_PICKED
AVXL,2.85,264185999.70000002,False,,,,,,,,,,,,INELIGIBLE_TODAY
AVY,170.7,12937035839.4,True,Consumer Cyclical,0.01743668315678566,0.19267243,0.09252694121834816,0.06881009615384615,1.0,97.0,331.0,33.0,False,,ELIGIBLE_NOT_PICKED
AWI,170.41,7202008178.66,True,Basic Materials,0.019050683142140475,0.13961047,0.06035237610694921,-0.054387019230769246,1.0,203.0,331.0,33.0,False,,ELIGIBLE_NOT_PICKED
AWK,140.38,27897575475.82,True,Utilities,0.014738114775648304,0.081736274,-0.0029258196809212353,-0.24068509615384615,0.0,217.0,331.0,33.0,False,,ELIGIBLE_NOT_PICKED
AWR,88.68,3514887313.6800003,True,Utilities,0.011945365466161598,0.058690842,0.04571904956102765,-0.16947115384615383,0.0,172.0,331.0,33.0,False,,ELIGIBLE_NOT_PICKED
AX,96.5,5474912253.0,True,Financial Services,0.01572643384578591,0.124801904,-0.099222331445404,-0.3233173076923077,1.0,322.0,331.0,33.0,False,,ELIGIBLE_NOT_PICKED
AXGN,46.69,2510125041.97,True,Healthcare,0.03017041132266418,0.38862288,0.051765527337607246,0.31189903846153844,3.0,27.0,331.0,33.0,True,0.004522018973241129,PICK
AXON,505.43,41059826663.45,True,Industrials,0.04726311710598095,0.37374777,-0.20073210016868956,-0.011117788461538464,4.0,210.0,331.0,33.0,False,,ELIGIBLE_NOT_PICKED
AXP,326.1,220218536541.30002,True,Financial Services,0.01531991585676505,0.16296053,0.08072232427125559,0.012319711538461564,0.0,43.0,331.0,33.0,False,,ELIGIBLE_NOT_PICKED
AXS,98.61,7195208519.37,True,Financial Services,0.020294460380638195,0.16214077,0.00758429109331162,-0.12740384615384615,1.0,253.0,331.0,33.0,False,,ELIGIBLE_NOT_PICKED
AXSM,207.82,10885781596.76,True,Healthcare,0.02328496361214968,0.23327985,0.06927689067689576,0.10216346153846156,2.0,121.0,331.0,33.0,False,,ELIGIBLE_NOT_PICKED
AXTA,35.53,7604130493.41,True,Basic Materials,0.0197656609626795,0.22891189,0.10742351001019577,0.15204326923076925,1.0,39.0,331.0,33.0,False,,ELIGIBLE_NOT_PICKED
AXTI,69.56,4561272626.72,True,Technology,0.10694115419165436,0.33463645,-0.2310051215073032,-0.07121394230769232,4.0,260.0,331.0,33.0,False,,ELIGIBLE_NOT_PICKED
AYI,325.46,9742823126.619999,True,Industrials,0.031404315360749516,0.21360943,0.11499336927757114,0.12830528846153844,3.0,123.0,331.0,33.0,False,,ELIGIBLE_NOT_PICKED
AZO,2951.61,48186081071.55,True,Consumer Cyclical,0.019215372254129483,0.18633284,0.05432809522086966,-0.002704326923076955,1.0,161.0,331.0,33.0,False,,ELIGIBLE_NOT_PICKED
AZTA,30.82,1350174672.26,False,,,,,,,,,,,,INELIGIBLE_TODAY
AZZ,139.47,4191282844.47,True,Industrials,0.02031461982739049,0.24609481,0.1176591978323575,0.19350961538461536,1.0,23.0,331.0,33.0,True,0.006715910688499538,PICK
BA,210.73,166554674314.6,True,Industrials,0.02096584176161884,0.24694444,-0.08649346929439718,-0.12560096153846156,1.0,250.0,331.0,33.0,False,,ELIGIBLE_NOT_PICKED
BAC,62.39,436277570492.35,True,Financial Services,0.01143517283615002,0.08139105,0.11910709165861455,-0.03936298076923078,0.0,85.0,331.0,33.0,False,,ELIGIBLE_NOT_PICKED
BAH,72.11,8673749403.03,True,Industrials,0.02743759644987864,0.21950941,-0.018508488494293724,-0.08503605769230771,3.0,287.0,331.0,33.0,False,,ELIGIBLE_NOT_PICKED
BALL,61.02,16152198844.140001,True,Consumer Cyclical,0.014204804537842373,0.1605748,0.06426717315195003,-0.023137019230769218,0.0,73.0,331.0,33.0,False,,ELIGIBLE_NOT_PICKED
BALY,9.0,454225698.0,False,,,,,,,,,,,,INELIGIBLE_TODAY
BANC,18.62,2949926567.0,True,Financial Services,0.02238932274775227,0.21160233,-0.12970211757047065,-0.23798076923076922,2.0,316.0,331.0,33.0,False,,ELIGIBLE_NOT_PICKED
BAND,43.62,1403725972.56,False,,,,,,,,,,,,INELIGIBLE_TODAY
BANF,111.29,3739204331.05,True,Financial Services,0.013352843758759227,0.10666874,-0.18417260005419914,-0.4050480769230769,0.0,322.0,331.0,33.0,False,,ELIGIBLE_NOT_PICKED
BANR,69.92,2376224837.28,True,Financial Services,0.012828484108227381,0.093213506,0.01619431088339989,-0.1935096153846154,0.0,191.0,331.0,33.0,False,,ELIGIBLE_NOT_PICKED
BATRA,55.7,3574151862.9,True,Communication Services,0.013708260740171556,0.11226154,0.002159982632617019,-0.19170673076923078,0.0,185.0,331.0,33.0,False,,ELIGIBLE_NOT_PICKED
BAX,24.86,12852520535.14,True,Healthcare,0.02722941992080754,0.27138337,0.07705395029593075,0.19170673076923078,3.0,81.0,331.0,33.0,False,,ELIGIBLE_NOT_PICKED
BBIO,74.76,14614643556.240002,True,Healthcare,0.026687119020794434,0.26650286,0.035891780305064645,0.10516826923076922,2.0,118.0,331.0,33.0,False,,ELIGIBLE_NOT_PICKED
BBT,31.44,2635177743.84,True,Financial Services,0.013039414871074132,0.07888257,-0.15242857730173615,-0.4245793269230769,0.0,326.0,331.0,33.0,False,,ELIGIBLE_NOT_PICKED
BBWI,18.9,3811096415.7,True,Consumer Cyclical,0.03443934435857804,0.3173672,-0.021591998933318382,0.07361778846153849,3.0,169.0,331.0,33.0,False,,ELIGIBLE_NOT_PICKED
BBY,89.33,18734975262.34,True,Consumer Cyclical,0.022366716316296154,0.22332579,0.06922362117513312,0.08293269230769232,2.0,133.0,331.0,33.0,False,,ELIGIBLE_NOT_PICKED
BC,71.95,4662174944.6,True,Consumer Cyclical,0.020535389432898097,0.23969758,0.10318751969848661,0.16646634615384615,1.0,31.0,331.0,33.0,True,0.006643710014722731,PICK
BCC,76.86,2681749237.86,True,Basic Materials,0.028015364529053954,0.27440056,0.07330777343505994,0.18780048076923073,3.0,85.0,331.0,33.0,False,,ELIGIBLE_NOT_PICKED
BCO,105.47,4344270697.98,True,Industrials,0.02063877506581689,0.2206975,-0.041660663976583155,-0.11748798076923075,1.0,245.0,331.0,33.0,False,,ELIGIBLE_NOT_PICKED
BCPC,170.56,5437115261.76,True,Basic Materials,0.012159592950173796,0.08417555,0.19403428501849,0.01862980769230771,0.0,40.0,331.0,33.0,False,,ELIGIBLE_NOT_PICKED
BCRX,9.065,2316425726.825,False,,,,,,,,,,,,INELIGIBLE_TODAY
BDC,122.05,4769493211.55,True,Technology,0.03133070694186369,0.3074624,-0.036175747760461424,0.04056490384615383,3.0,188.0,331.0,33.0,False,,ELIGIBLE_NOT_PICKED
BDN,3.06,534205304.82,False,,,,,,,,,,,,INELIGIBLE_TODAY
BDX,179.1,48784475880.0,True,Healthcare,0.018423306824265,0.21665625,0.017190638469026194,-0.025841346153846145,1.0,182.0,331.0,33.0,False,,ELIGIBLE_NOT_PICKED
BE,277.22,81648870858.12001,True,Industrials,0.0764534471563117,0.3165617,-0.06361678280566224,0.009014423076923073,4.0,182.0,331.0,33.0,False,,ELIGIBLE_NOT_PICKED
BEAM,26.83,2771208051.95,True,Healthcare,0.04146200177755123,0.41440254,-0.18448088982526084,0.02163461538461539,4.0,169.0,331.0,33.0,False,,ELIGIBLE_NOT_PICKED
BELFA,205.91,2973227149.5,True,Technology,0.042013931006760825,0.3321582,-0.0842576916675716,0.013822115384615363,4.0,175.0,331.0,33.0,False,,ELIGIBLE_NOT_PICKED
BEN,34.65,17604864931.5,True,Financial Services,0.01596582619574396,0.17477642,0.05869558153791073,-0.014122596153846173,1.0,169.0,331.0,33.0,False,,ELIGIBLE_NOT_PICKED
BETA,21.14,4945514008.400001,True,Industrials,0.046442643221037735,0.37277097,-0.16133473202144086,0.004507211538461509,4.0,187.0,331.0,33.0,False,,ELIGIBLE_NOT_PICKED
BETR,13.6,258380674.4,False,,,,,,,,,,,,INELIGIBLE_TODAY
BF.B,26.39,12109427953.35,True,Consumer Defensive,0.023224502749459953,0.24390848,0.02414336779727569,0.040564903846153855,2.0,174.0,331.0,33.0,False,,ELIGIBLE_NOT_PICKED
BFAM,66.61,3239597732.66,True,Consumer Cyclical,0.02248080552732988,0.23457326,0.01423367653847055,-0.0006009615384615641,2.0,208.0,331.0,33.0,False,,ELIGIBLE_NOT_PICKED
BFH,108.2,4156964797.6,True,Financial Services,0.020812857720835912,0.28770667,0.17301221071073566,0.3125,1.0,1.0,331.0,33.0,True,0.006555138859907457,PICK
BFLY,7.52,2002464576.1599998,False,,,,,,,,,,,,INELIGIBLE_TODAY
BG,123.89,23801638148.47,True,Consumer Defensive,0.022829649667230768,0.32764173,-0.047193786398504405,0.05048076923076922,2.0,158.0,331.0,33.0,False,,ELIGIBLE_NOT_PICKED
BGC,11.97,5691334268.34,True,Financial Services,0.0268114457081759,0.26748928,-0.016816055530919374,0.011418269230769246,3.0,215.0,331.0,33.0,False,,ELIGIBLE_NOT_PICKED
BGS,3.3,268209714.29999998,False,,,,,,,,,,,,INELIGIBLE_TODAY
BHC,6.43,2404759307.23,False,,,,,,,,,,,,INELIGIBLE_TODAY
BHE,73.92,2655201447.36,True,Technology,0.032158272327401094,0.38849044,-0.04836310378093237,0.12920673076923078,3.0,122.0,331.0,33.0,False,,ELIGIBLE_NOT_PICKED
BHF,52.24,3004404051.12,True,Financial Services,0.013541308322234664,0.15038152,-0.10487557368461733,-0.30318509615384615,0.0,260.0,331.0,33.0,False,,ELIGIBLE_NOT_PICKED
BHVN,14.72,2223364456.32,True,Healthcare,0.04926119817811425,0.17793183,-0.17671011828071784,-0.3185096153846154,4.0,330.0,331.0,33.0,False,,ELIGIBLE_NOT_PICKED
BIIB,212.5,31397724575.0,True,Healthcare,0.02474729928191001,0.29911116,0.015765369162713847,0.11027644230769229,2.0,115.0,331.0,33.0,False,,ELIGIBLE_NOT_PICKED
BILL,47.6,4059174823.2000003,True,Technology,0.03026829145878365,0.39420092,-0.02787461474606441,0.16977163461538464,3.0,95.0,331.0,33.0,False,,ELIGIBLE_NOT_PICKED
BIO,380.12,10163715081.0,True,Healthcare,0.019835173811172634,0.2245917,0.0695919161129042,0.08894230769230768,1.0,79.0,331.0,33.0,False,,ELIGIBLE_NOT_PICKED
BIRD,2.5,29522982.5,False,,,,,,,,,,,,INELIGIBLE_TODAY
BJ,89.85,11349375076.199999,True,Consumer Defensive,0.018675945908332933,0.21182214,0.009731048594718246,-0.05438701923076922,1.0,202.0,331.0,33.0,False,,ELIGIBLE_NOT_PICKED
BKD,12.09,2887300576.68,True,Healthcare,0.02635892471587961,0.3516341,-0.024769788274219186,0.13040865384615385,2.0,101.0,331.0,33.0,False,,ELIGIBLE_NOT_PICKED
BKE,41.99,2163244431.14,True,Consumer Cyclical,0.019073044039197892,0.2097302,-0.02549262891032181,-0.11358173076923075,1.0,242.0,331.0,33.0,False,,ELIGIBLE_NOT_PICKED
BKH,74.19,5657220530.79,True,Utilities,0.01237250098194864,0.07823993,-0.05359983141499604,-0.3278245192307693,0.0,277.0,331.0,33.0,False,,ELIGIBLE_NOT_PICKED
BKKT,8.26,372273723.08,False,,,,,,,,,,,,INELIGIBLE_TODAY
BKNG,180.3,135473904150.00002,True,Industrials,0.0275270465109846,0.27207553,0.18671133354751623,0.2977764423076923,3.0,32.0,331.0,33.0,True,0.00495625901518835,PICK
BKR,63.92,63451726618.32,True,Energy,0.01884971333944453,0.26184353,0.02003222752723917,0.06580528846153844,1.0,103.0,331.0,33.0,False,,ELIGIBLE_NOT_PICKED
BKU,45.55,3244628941.95,True,Financial Services,0.01422138876938972,0.16725653,0.02436683327506072,-0.08413461538461539,0.0,112.0,331.0,33.0,False,,ELIGIBLE_NOT_PICKED
BKV,26.76,2928556330.8,True,Energy,0.025107740763654653,0.30411926,-0.2314527464577563,-0.12289663461538464,2.0,275.0,331.0,33.0,False,,ELIGIBLE_NOT_PICKED
BL,30.14,1751895637.8,False,,,,,,,,,,,,INELIGIBLE_TODAY
BLBD,63.95,2025682694.0500002,True,Consumer Cyclical,0.029056369825584173,0.34694108,-0.1323763613791306,-0.006610576923076927,3.0,233.0,331.0,33.0,False,,ELIGIBLE_NOT_PICKED
BLCO,17.73,6332539811.58,True,Healthcare,0.016393512003396057,0.18764451,0.07375496325133885,0.03034855769230771,1.0,139.0,331.0,33.0,False,,ELIGIBLE_NOT_PICKED
BLDR,62.58,6733386279.059999,True,Basic Materials,0.036582591189414926,0.2962143,0.017673853231888963,0.11418269230769229,3.0,132.0,331.0,33.0,False,,ELIGIBLE_NOT_PICKED
BLFS,35.38,1730319187.5200002,False,,,,,,,,,,,,INELIGIBLE_TODAY
BLK,1095.37,169639140230.83,True,Financial Services,0.017752438022058836,0.12173448,-0.0727929743948635,-0.29837740384615385,1.0,317.0,331.0,33.0,False,,ELIGIBLE_NOT_PICKED
BLKB,45.26,2054355790.22,True,Technology,0.037694229903005534,0.39909503,-0.03179759271249573,0.16676682692307693,4.0,74.0,331.0,33.0,False,,ELIGIBLE_NOT_PICKED
BLLN,99.06,4674347984.28,True,Healthcare,0.05985584526368481,0.3757163,-0.09992324576692424,0.057091346153846145,4.0,144.0,331.0,33.0,False,,ELIGIBLE_NOT_PICKED
BLMN,9.58,820248384.86,False,,,,,,,,,,,,INELIGIBLE_TODAY
BLND,1.49,352404845.31,False,,,,,,,,,,,,INELIGIBLE_TODAY
BMBL,2.91,445549890.48,False,,,,,,,,,,,,INELIGIBLE_TODAY
BMI,128.63,3728578129.6099997,True,Technology,0.02993676838056737,0.26953736,-0.050737397991729,-0.039663461538461536,3.0,261.0,331.0,33.0,False,,ELIGIBLE_NOT_PICKED
BMNR,24.77,14941917779.38,True,Financial Services,0.0523785550801388,0.27703458,-0.3703858426441475,-0.17578124999999997,4.0,311.0,331.0,33.0,False,,ELIGIBLE_NOT_PICKED
BMRN,64.63,12510672044.169998,True,Healthcare,0.018872420245191212,0.20108606,0.029255433732359157,-0.030649038461538464,1.0,186.0,331.0,33.0,False,,ELIGIBLE_NOT_PICKED
BMY,64.69,132143211096.64,True,Healthcare,0.01778484366588769,0.24678656,0.23037246881711637,0.2629206730769231,1.0,8.0,331.0,33.0,True,0.007671204481446128,PICK
BNGO,1.2,14132400.0,False,,,,,,,,,,,,INELIGIBLE_TODAY
BNL,20.96,4022076672.1600003,True,Real Estate,0.01287545525537395,0.06991347,-0.025310291682874488,-0.29236778846153844,0.0,256.0,331.0,33.0,False,,ELIGIBLE_NOT_PICKED
BNY,162.85,110494399524.7,True,Financial Services,0.014090973079114088,0.07935275,0.09533025758997891,-0.06790865384615385,0.0,105.0,331.0,33.0,False,,ELIGIBLE_NOT_PICKED
BOBS,17.5,2287023830.0,True,Consumer Cyclical,0.03619079661941457,0.33354974,0.06932674533705317,0.26802884615384615,3.0,46.0,331.0,33.0,False,,ELIGIBLE_NOT_PICKED
BODI,5.7,41522995.2,False,,,,,,,,,,,,INELIGIBLE_TODAY
BOH,76.19,3005725671.24,True,Financial Services,0.012999473894452707,0.1279715,-0.009248404828271519,-0.19921875,0.0,197.0,331.0,33.0,False,,ELIGIBLE_NOT_PICKED
BOKF,135.72,8247279189.24,True,Financial Services,0.011979649230087647,0.09575345,0.04651140061285096,-0.12950721153846156,0.0,147.0,331.0,33.0,False,,ELIGIBLE_NOT_PICKED
BOOT,152.6,4621467194.4,True,Consumer Cyclical,0.028043333871906502,0.292337,-0.07407059482192639,-0.038762019230769273,3.0,260.0,331.0,33.0,False,,ELIGIBLE_NOT_PICKED
BOX,34.3,4705986513.9,True,Technology,0.02350013853888137,0.26883942,0.15158972475926225,0.2707331730769231,2.0,22.0,331.0,33.0,True,0.005805547580319529,PICK
BPOP,167.58,10688001197.58,True,Financial Services,0.011089127949559359,0.1005722,0.04360876673193839,-0.1295072115384615,0.0,146.0,331.0,33.0,False,,ELIGIBLE_NOT_PICKED
BR,168.62,19226355578.760002,True,Technology,0.021771233434266336,0.1954321,-0.0014254118022407366,-0.09945913461538464,2.0,266.0,331.0,33.0,False,,ELIGIBLE_NOT_PICKED
BRBR,9.79,1138363519.26,False,,,,,,,,,,,,INELIGIBLE_TODAY
BRC,88.62,4156208344.6800003,True,Industrials,0.0135225747941922,0.13951156,0.04208271157500499,-0.08954326923076922,0.0,115.0,331.0,33.0,False,,ELIGIBLE_NOT_PICKED
BRCC,8.89,222505560.83,False,,,,,,,,,,,,INELIGIBLE_TODAY
BRK.B,505.83,712473498152.13,True,Financial Services,0.009377804389891765,0.07920958,-0.02551864669632109,-0.28125,0.0,248.0,331.0,33.0,False,,ELIGIBLE_NOT_PICKED
BRKR,58.37,8893213274.92,True,Healthcare,0.04162438370340313,0.37112862,0.04166431353567111,0.27163461538461536,4.0,42.0,331.0,33.0,False,,ELIGIBLE_NOT_PICKED
BRO,68.18,22813734140.260002,True,Financial Services,0.0225199324312993,0.23621567,-0.1533536833373441,-0.20372596153846156,2.0,306.0,331.0,33.0,False,,ELIGIBLE_NOT_PICKED
BROS,45.88,8014397130.080001,True,Consumer Cyclical,0.03667734954409187,0.2763318,-0.17151957821033229,-0.1418269230769231,4.0,298.0,331.0,33.0,False,,ELIGIBLE_NOT_PICKED
BRSP,4.63,585806953.4,False,,,,,,,,,,,,INELIGIBLE_TODAY
BRUN,18.82,1495953639.6200001,False,,,,,,,,,,,,INELIGIBLE_TODAY
BRVE,29.41,2077899965.58,True,Healthcare,,0.29617482,0.166760304373562,0.3200120192307692,,,,,False,,ELIGIBLE_NOT_PICKED
BRX,29.15,8945328011.4,True,Real Estate,0.010856807595937244,0.076375484,0.022602743723306038,-0.20012019230769232,0.0,198.0,331.0,33.0,False,,ELIGIBLE_NOT_PICKED
BRZE,30.31,3413865887.39,True,Technology,0.04061007073542889,0.40680718,0.0006396575962672303,0.22265625000000003,4.0,57.0,331.0,33.0,False,,ELIGIBLE_NOT_PICKED
BSM,14.84,3374939363.6,True,Energy,0.013400173119891013,0.08548488,0.05057646906101809,-0.13100961538461536,0.0,149.0,331.0,33.0,False,,ELIGIBLE_NOT_PICKED
BSX,44.98,65186344079.479996,True,Healthcare,0.022643336270715738,0.2908557,-0.010266044533422261,0.05198317307692307,2.0,156.0,331.0,33.0,False,,ELIGIBLE_NOT_PICKED
BSY,32.84,9920730474.76,True,Technology,0.026328559516529435,0.28056747,-0.06974648758546488,-0.050180288461538464,2.0,240.0,331.0,33.0,False,,ELIGIBLE_NOT_PICKED
BTGO,7.74,909803114.28,False,,,,,,,,,,,,INELIGIBLE_TODAY
BTSG,62.56,12378386916.960001,True,Healthcare,0.033756869267072255,0.33478346,0.09704442571782583,0.3167067307692308,3.0,24.0,331.0,33.0,True,0.004041582510279074,PICK
BTU,29.45,3589955000.0,True,Basic Materials,0.03106528757096459,0.3960837,-0.04727055857606793,0.1376201923076923,3.0,114.0,331.0,33.0,False,,ELIGIBLE_NOT_PICKED
BURL,255.42,16044257106.9,True,Consumer Cyclical,0.023152345431358547,0.23910598,0.02325262672585335,0.03155048076923078,2.0,185.0,331.0,33.0,False,,ELIGIBLE_NOT_PICKED
BUSE,30.42,2511991001.52,True,Financial Services,0.011206880943305214,0.081239216,0.08330192352600013,-0.08233173076923075,0.0,111.0,331.0,33.0,False,,ELIGIBLE_NOT_PICKED
BV,11.18,1035268000.0,False,,,,,,,,,,,,INELIGIBLE_TODAY
BW,7.74,1152989610.84,False,,,,,,,,,,,,INELIGIBLE_TODAY
BWA,66.26,13494932616.04,True,Consumer Cyclical,0.021594264923102166,0.29372022,0.22325428020046978,0.3395432692307692,2.0,6.0,331.0,33.0,True,0.0063179354758039685,PICK
BWEN,4.16,98414671.68,False,,,,,,,,,,,,INELIGIBLE_TODAY
BWIN,29.71,4144495503.1400003,True,Financial Services,0.04298281235211954,0.27110803,-0.2689631406062534,-0.17698317307692307,4.0,312.0,331.0,33.0,False,,ELIGIBLE_NOT_PICKED
BWXT,160.41,14697081811.8,True,Industrials,0.02607167241541226,0.28237125,-0.10461822874307117,-0.08323317307692307,2.0,258.0,331.0,33.0,False,,ELIGIBLE_NOT_PICKED
BX,133.97,100561246522.58,True,Financial Services,0.022257525009056055,0.15443857,-0.1602011948331736,-0.3401442307692307,2.0,331.0,331.0,33.0,False,,ELIGIBLE_NOT_PICKED
BXDC,20.29,2042186572.4499998,True,Real Estate,0.02116403846277569,0.2822219,0.0746249140595495,0.20222355769230765,2.0,49.0,331.0,33.0,False,,ELIGIBLE_NOT_PICKED
BXMT,13.87,2337699607.17,True,Real Estate,0.018379043249358865,0.16418277,-0.039815962653216276,-0.19891826923076922,1.0,282.0,331.0,33.0,False,,ELIGIBLE_NOT_PICKED
BXP,65.74,10496150691.439999,True,Real Estate,0.01784403270198648,0.20092104,-0.11091941112972871,-0.2403846153846154,1.0,297.0,331.0,33.0,False,,ELIGIBLE_NOT_PICKED
BXSL,24.49,5705436842.87,True,Financial Services,0.012974769962731687,0.047388274,-0.1542039009017467,-0.4462139423076923,0.0,330.0,331.0,33.0,False,,ELIGIBLE_NOT_PICKED
BYD,76.52,5559592279.28,True,Consumer Cyclical,0.014406125914419508,0.12204395,0.04562229960427671,-0.09645432692307693,0.0,120.0,331.0,33.0,False,,ELIGIBLE_NOT_PICKED
BYND,11.21,192744358.86,False,,,,,,,,,,,,INELIGIBLE_TODAY
BZH,33.25,887097464.75,False,,,,,,,,,,,,INELIGIBLE_TODAY
C,136.74,229372705707.42,True,Financial Services,0.0172530583177588,0.14837913,0.021869173803456623,-0.11598557692307693,1.0,244.0,331.0,33.0,False,,ELIGIBLE_NOT_PICKED
CABO,23.03,130670492.75,False,,,,,,,,,,,,INELIGIBLE_TODAY
CACC,593.78,6163780792.4,True,Financial Services,0.018163774388112522,0.14729762,0.13216772470260302,0.052283653846153855,1.0,116.0,331.0,33.0,False,,ELIGIBLE_NOT_PICKED
CACI,625.31,13819062732.089998,True,Technology,0.03755326886572063,0.27006117,0.0340029613442128,0.10757211538461536,4.0,112.0,331.0,33.0,False,,ELIGIBLE_NOT_PICKED
CAG,15.26,7302911696.92,True,Consumer Defensive,0.02253751807779089,0.23506738,0.07814054873416149,0.1237980769230769,2.0,107.0,331.0,33.0,False,,ELIGIBLE_NOT_PICKED
CAH,240.49,55932136826.72,True,Healthcare,0.014472293571815877,0.19619612,0.20659625572422127,0.16165865384615383,0.0,2.0,331.0,33.0,True,0.009427059488156725,PICK
CAI,24.82,7014012516.52,True,Healthcare,0.04574114618438796,0.33729267,-0.06890218112381,0.03906250000000003,4.0,152.0,331.0,33.0,False,,ELIGIBLE_NOT_PICKED
CAKE,107.21,5334837571.139999,True,Consumer Cyclical,0.02772393179393054,0.29088864,0.10639769473875613,0.2563100961538462,3.0,51.0,331.0,33.0,False,,ELIGIBLE_NOT_PICKED
CALM,74.83,3510805096.4,True,Consumer Defensive,0.022314945783435673,0.2312507,0.016349718725065347,0.0012019230769231004,2.0,206.0,331.0,33.0,False,,ELIGIBLE_NOT_PICKED
CALX,35.34,2225147371.26,True,Technology,0.022142675382866718,0.2783883,0.05106531785820471,0.15865384615384615,2.0,82.0,331.0,33.0,False,,ELIGIBLE_NOT_PICKED
CALY,15.57,2779408811.9700003,True,Consumer Cyclical,0.02263902590818339,0.24214701,0.20629675591531227,0.24699519230769235,2.0,29.0,331.0,33.0,True,0.006026371142685088,PICK
CAPR,9.06,526739240.34000003,False,,,,,,,,,,,,INELIGIBLE_TODAY
CAR,133.84,4727998915.36,True,Industrials,0.03433245022369474,0.3424257,-0.11098735895045723,0.0039062499999999722,3.0,223.0,331.0,33.0,False,,ELIGIBLE_NOT_PICKED
CARG,32.77,2918937874.0600004,True,Consumer Cyclical,0.026343799071867482,0.30889866,0.15017450796772389,0.3269230769230769,2.0,10.0,331.0,33.0,True,0.005178872343331496,PICK
CARR,59.11,48725854119.27,True,Basic Materials,0.02161781742108678,0.20121911,0.07442367999324667,0.05168269230769229,2.0,157.0,331.0,33.0,False,,ELIGIBLE_NOT_PICKED
CARS,11.25,602243032.5,False,,,,,,,,,,,,INELIGIBLE_TODAY
CART,48.0,11112003216.0,True,Consumer Cyclical,0.027741440601253768,0.3336348,0.20008562959778378,0.3948317307692308,3.0,4.0,331.0,33.0,True,0.0049179555738504245,PICK
CASH,81.06,1683888723.72,False,,,,,,,,,,,,INELIGIBLE_TODAY
CASY,733.49,27142734369.86,True,Consumer Cyclical,0.021089085719563132,0.24691433,0.17287148376395367,0.2427884615384615,2.0,37.0,331.0,33.0,False,,ELIGIBLE_NOT_PICKED
CAT,822.48,378073402704.72003,True,Industrials,0.02717224295661936,0.24229836,0.05126648371142665,0.09254807692307693,3.0,151.0,331.0,33.0,False,,ELIGIBLE_NOT_PICKED
CATY,61.86,4126916905.2,True,Financial Services,0.011293435602725202,0.08534984,-0.0006743864884858403,-0.23227163461538464,0.0,211.0,331.0,33.0,False,,ELIGIBLE_NOT_PICKED
CAVA,60.14,7024724747.72,True,Consumer Cyclical,0.03739141511205925,0.31220695,-0.09644582388866305,-0.034555288461538464,4.0,229.0,331.0,33.0,False,,ELIGIBLE_NOT_PICKED
CB,336.64,129875664533.76,True,Financial Services,0.01513049846960178,0.16097271,0.1257356610093297,0.06280048076923078,0.0,21.0,331.0,33.0,True,0.009016964821461509,PICK
CBC,32.53,7791101976.490001,True,Financial Services,0.013692396896158815,0.12378517,-0.09544246477304022,-0.32091346153846156,0.0,273.0,331.0,33.0,False,,ELIGIBLE_NOT_PICKED
CBOE,293.33,30632750803.269997,True,Financial Services,0.027317862923693887,0.22649474,0.008578393056407748,-0.024939903846153855,3.0,250.0,331.0,33.0,False,,ELIGIBLE_NOT_PICKED
CBRE,142.26,41194981893.479996,True,Real Estate,0.02204112304967164,0.22905825,0.032069777525148974,0.02944711538461539,2.0,186.0,331.0,33.0,False,,ELIGIBLE_NOT_PICKED
CBRL,52.76,1179263029.6,False,,,,,,,,,,,,INELIGIBLE_TODAY
CBRS,199.77,47458168470.57,True,Technology,0.079852000868884,0.30805957,-0.10464564885902265,-0.04807692307692307,4.0,237.0,331.0,33.0,False,,ELIGIBLE_NOT_PICKED
CBSH,58.27,8357793012.06,True,Financial Services,0.009385385625929945,0.06407827,-0.11498448657437328,-0.4128605769230769,0.0,324.0,331.0,33.0,False,,ELIGIBLE_NOT_PICKED
CBT,80.32,4147002482.24,True,Basic Materials,0.023070956601008035,0.23352988,0.0006835011915724122,-0.022836538461538464,2.0,223.0,331.0,33.0,False,,ELIGIBLE_NOT_PICKED
CBU,63.15,3322694400.75,True,Financial Services,0.014644898209579447,0.14146934,-0.10024388850241214,-0.3082932692307693,0.0,261.0,331.0,33.0,False,,ELIGIBLE_NOT_PICKED
CBZ,54.65,2965520987.35,True,Industrials,0.03543796293963565,0.050783515,-0.0038573292501464427,-0.2674278846153846,3.0,330.0,331.0,33.0,False,,ELIGIBLE_NOT_PICKED
CC,15.45,2325209472.75,True,Basic Materials,0.039419815271487656,0.290849,-0.06080840814265661,-0.022235576923076927,4.0,221.0,331.0,33.0,False,,ELIGIBLE_NOT_PICKED
CCC,7.08,4170082504.32,False,,,,,,,,,,,,INELIGIBLE_TODAY
CCCC,3.55,436739232.79999995,False,,,,,,,,,,,,INELIGIBLE_TODAY
CCI,75.97,32321849700.829998,True,Real Estate,0.021204744405051663,0.11891188,0.06826880332710246,-0.06310096153846156,2.0,248.0,331.0,33.0,False,,ELIGIBLE_NOT_PICKED
CCK,113.23,12314952660.53,True,Consumer Cyclical,0.015247046488975652,0.15790723,0.20218156741489576,0.10907451923076922,0.0,9.0,331.0,33.0,True,0.008948039381281006,PICK
CCL,23.2,31775859560.8,True,Industrials,0.02374380720105099,0.23500068,0.05319932085826439,0.08173076923076922,2.0,137.0,331.0,33.0,False,,ELIGIBLE_NOT_PICKED
CCO,2.38,1211643351.1,False,,,,,,,,,,,,INELIGIBLE_TODAY
CCOI,9.64,493719695.04,False,,,,,,,,,,,,INELIGIBLE_TODAY
CCS,62.07,1764830103.0,False,,,,,,,,,,,,INELIGIBLE_TODAY
CD,3.51,386113338.0,False,,,,,,,,,,,,INELIGIBLE_TODAY
CDE,20.66,21237137058.68,True,Basic Materials,0.04505784883204637,0.34031406,-0.14561805418617968,-0.026141826923076927,4.0,224.0,331.0,33.0,False,,ELIGIBLE_NOT_PICKED
CDLX,3.74,22023797.84,False,,,,,,,,,,,,INELIGIBLE_TODAY
CDNA,50.31,2602748759.13,True,Healthcare,0.059158691124913294,0.3960043,0.1181772849532526,0.4119591346153846,4.0,5.0,331.0,33.0,True,0.002306189840196137,PICK
CDNL,38.22,1814420314.98,False,,,,,,,,,,,,INELIGIBLE_TODAY
CDNS,284.11,78241905230.0,True,Technology,0.024248945456981086,0.22116542,-0.004279943566161015,-0.05859375,2.0,243.0,331.0,33.0,False,,ELIGIBLE_NOT_PICKED
CDP,35.45,4020400736.1000004,True,Real Estate,0.011332638669762148,0.0853043,0.0012673440500930013,-0.22986778846153846,0.0,210.0,331.0,33.0,False,,ELIGIBLE_NOT_PICKED
CDW,144.48,18062517708.48,True,Technology,0.030891988910720692,0.30589232,-0.05360176930042374,0.007812500000000028,3.0,217.0,331.0,33.0,False,,ELIGIBLE_NOT_PICKED
CDXS,1.43,156593243.95,False,,,,,,,,,,,,INELIGIBLE_TODAY
CE,44.53,4887119674.78,True,Basic Materials,0.025700671505809708,0.3124694,-0.03417056396850888,0.04927884615384617,2.0,160.0,331.0,33.0,False,,ELIGIBLE_NOT_PICKED
CECO,79.13,4634630647.9,True,Industrials,0.03733630101777491,0.30480367,-0.12058038096522303,-0.06850961538461539,4.0,257.0,331.0,33.0,False,,ELIGIBLE_NOT_PICKED
CEG,299.05,105955621689.95,True,Utilities,0.022490443564947327,0.21218993,-0.2352176019737426,-0.28455528846153844,2.0,329.0,331.0,33.0,False,,ELIGIBLE_NOT_PICKED
CELC,93.02,4551646082.16,True,Healthcare,0.04020057809110313,0.384776,-0.30392602327924106,-0.019230769230769218,4.0,216.0,331.0,33.0,False,,ELIGIBLE_NOT_PICKED
CELH,29.56,7479715989.32,True,Consumer Defensive,0.04590807105706295,0.2678147,-0.13222187925819837,-0.1301081730769231,4.0,291.0,331.0,33.0,False,,ELIGIBLE_NOT_PICKED
CENT,40.84,2556281702.32,True,Consumer Defensive,0.016796246003241633,0.22171298,0.06013160392514208,0.06610576923076925,1.0,102.0,331.0,33.0,False,,ELIGIBLE_NOT_PICKED
CENX,47.95,4746728495.25,True,Basic Materials,0.03599864909351038,0.344701,-0.13638583557909845,-0.012319711538461536,3.0,240.0,331.0,33.0,False,,ELIGIBLE_NOT_PICKED
CERT,7.74,1180650157.2,False,,,,,,,,,,,,INELIGIBLE_TODAY
CF,134.33,20329251002.9,True,Basic Materials,0.023578041348938997,0.24033415,0.12063263040309868,0.18719951923076927,2.0,63.0,331.0,33.0,False,,ELIGIBLE_NOT_PICKED
CFFN,8.8,1106144890.4,False,,,,,,,,,,,,INELIGIBLE_TODAY
CFG,69.99,29478163392.12,True,Financial Services,0.015137040417990837,0.15249473,0.02180460103179154,-0.11237980769230771,0.0,131.0,331.0,33.0,False,,ELIGIBLE_NOT_PICKED
CFR,163.61,10168162713.85,True,Financial Services,0.011187505817994815,0.0766518,0.0658983047455934,-0.12079326923076922,0.0,140.0,331.0,33.0,False,,ELIGIBLE_NOT_PICKED
CG,45.95,16373492068.1,True,Financial Services,0.02361389417865709,0.22136612,-0.1955451654684817,-0.25510817307692313,2.0,321.0,331.0,33.0,False,,ELIGIBLE_NOT_PICKED
CGC,0.966,408654394.05,False,,,,,,,,,,,,INELIGIBLE_TODAY
CGEM,21.69,1395853312.8600001,False,,,,,,,,,,,,INELIGIBLE_TODAY
CGNX,62.23,10468569687.66,True,Technology,0.03251990472598278,0.36044025,0.09139801366825374,0.3479567307692308,3.0,11.0,331.0,33.0,True,0.004195312796306274,PICK
CGON,73.4,6506203525.000001,True,Healthcare,0.030032114750974517,0.3813776,-0.21412690351453875,-0.006911057692307682,3.0,234.0,331.0,33.0,False,,ELIGIBLE_NOT_PICKED
CHCO,144.64,2031491942.3999999,True,Financial Services,0.011002091371587029,0.062060755,0.010200432786594573,-0.24068509615384617,0.0,218.0,331.0,33.0,False,,ELIGIBLE_NOT_PICKED
CHD,96.54,22899665181.780003,True,Consumer Defensive,0.014712555778955933,0.12973736,0.11625668736509681,0.016225961538461564,0.0,41.0,331.0,33.0,False,,ELIGIBLE_NOT_PICKED
CHDN,85.83,5982371856.69,True,Consumer Cyclical,0.023217133891033987,0.2350488,0.01416365945330582,0.0009014423076923184,2.0,207.0,331.0,33.0,False,,ELIGIBLE_NOT_PICKED
CHE,519.01,6783440458.61,True,Healthcare,0.014385922934494262,0.16296212,0.27910287766828046,0.12800480769230768,0.0,7.0,331.0,33.0,True,0.009483657951791517,PICK
CHEF,108.86,4441061595.38,True,Consumer Defensive,0.022870404737202216,0.2725636,0.09765035894920227,0.2235576923076923,2.0,42.0,331.0,33.0,False,,ELIGIBLE_NOT_PICKED
CHGG,0.796,88377875.672,False,,,,,,,,,,,,INELIGIBLE_TODAY
CHH,100.01,4501312286.22,True,Consumer Cyclical,0.021569542688528783,0.2155267,-0.11434277009431934,-0.2178485576923077,2.0,310.0,331.0,33.0,False,,ELIGIBLE_NOT_PICKED
CHPT,9.37,251587535.87999997,False,,,,,,,,,,,,INELIGIBLE_TODAY
CHRD,147.61,8073952885.920001,True,Energy,0.025630451302901182,0.23187011,0.10872925632256401,0.1571514423076923,2.0,83.0,331.0,33.0,False,,ELIGIBLE_NOT_PICKED
CHRN,21.06,3067124739.12,True,Technology,0.08385078222155345,0.32559103,-0.09048474295196342,-0.004807692307692318,4.0,202.0,331.0,33.0,False,,ELIGIBLE_NOT_PICKED
CHRW,150.1,17539373825.8,True,Industrials,0.031210995795071327,0.2381745,0.05216722721419903,0.08713942307692307,3.0,156.0,331.0,33.0,False,,ELIGIBLE_NOT_PICKED
CHTR,145.74,17383501684.08,True,Communication Services,0.03557999469577456,0.37312347,-0.043147895534407184,0.12740384615384615,3.0,124.0,331.0,33.0,False,,ELIGIBLE_NOT_PICKED
CHWY,23.27,9527301296.89,True,Consumer Cyclical,0.02909895892871614,0.25783762,0.069452317901101,0.1490384615384615,3.0,107.0,331.0,33.0,False,,ELIGIBLE_NOT_PICKED
CHYM,32.31,12232084936.410002,True,Technology,0.04162721405751082,0.3631197,0.10970902987039716,0.3719951923076923,4.0,17.0,331.0,33.0,True,0.0032774514346092802,PICK
CI,275.83,72885453253.37999,True,Healthcare,0.017818479138238225,0.23559906,0.06014341383734597,0.09374999999999997,1.0,77.0,331.0,33.0,False,,ELIGIBLE_NOT_PICKED
CIEN,341.29,48397831497.25,True,Technology,0.04899416511142717,0.33190727,-0.05274820472566075,0.052283653846153855,4.0,147.0,331.0,33.0,False,,ELIGIBLE_NOT_PICKED
CIFR,18.505,7680143510.61,True,Technology,0.0813258820429964,0.32667375,-0.10433230199950376,-0.019831730769230782,4.0,217.0,331.0,33.0,False,,ELIGIBLE_NOT_PICKED
CIM,11.59,970219970.62,False,,,,,,,,,,,,INELIGIBLE_TODAY
CINF,169.14,25959276531.3,True,Financial Services,0.01590501623250428,0.16115469,0.009270525523423279,-0.1268028846153846,1.0,252.0,331.0,33.0,False,,ELIGIBLE_NOT_PICKED
CISO,0.247,11244836.785,False,,,,,,,,,,,,INELIGIBLE_TODAY
CL,88.41,70478049811.89,True,Consumer Defensive,0.013566591739665141,0.077622674,0.21873486880829568,0.019831730769230782,0.0,38.0,331.0,33.0,False,,ELIGIBLE_NOT_PICKED
CLB,12.47,572180238.74,False,,,,,,,,,,,,INELIGIBLE_TODAY
CLBK,11.63,3134809920.05,True,Financial Services,0.07295819298762943,0.14018966,-0.32517060873491344,-0.39693509615384615,4.0,331.0,331.0,33.0,False,,ELIGIBLE_NOT_PICKED
CLBT,11.45,2835221416.95,True,Technology,0.048555118209200415,0.34469882,-0.020162110839723375,0.12439903846153846,4.0,106.0,331.0,33.0,False,,ELIGIBLE_NOT_PICKED
CLDX,39.12,3072075291.8399997,True,Healthcare,0.025477455007821774,0.40466726,-0.13676715427586275,0.046274038461538464,2.0,164.0,331.0,33.0,False,,ELIGIBLE_NOT_PICKED
CLF,12.29,7011937177.629999,True,Basic Materials,0.040635623667438885,0.35894293,-0.09976632277543261,0.0363581730769231,4.0,156.0,331.0,33.0,False,,ELIGIBLE_NOT_PICKED
CLH,317.13,16740419958.24,True,Industrials,0.015093234524214818,0.15827253,0.2248273934139798,0.11748798076923078,0.0,8.0,331.0,33.0,True,0.009039226960443316,PICK
CLMT,53.91,4738593794.94,True,Energy,0.0313847159495876,0.2953575,0.06331986911278761,0.1983173076923077,3.0,78.0,331.0,33.0,False,,ELIGIBLE_NOT_PICKED
CLNE,1.64,361529824.59999996,False,,,,,,,,,,,,INELIGIBLE_TODAY
CLOV,4.29,2278660368.27,False,,,,,,,,,,,,INELIGIBLE_TODAY
CLSK,13.48,3461894144.04,True,Financial Services,0.06032760259598139,0.28456673,-0.11095251467994559,-0.08683894230769235,4.0,267.0,331.0,33.0,False,,ELIGIBLE_NOT_PICKED
CLX,91.6,11077280058.0,True,Consumer Defensive,0.020876785922685527,0.22878373,-0.08173976199289802,-0.1544471153846154,1.0,265.0,331.0,33.0,False,,ELIGIBLE_NOT_PICKED
CMC,70.76,7827777944.6,True,Basic Materials,0.02556769501445013,0.29939312,0.024883454690473032,0.13191105769230765,2.0,100.0,331.0,33.0,False,,ELIGIBLE_NOT_PICKED
CMCSA,26.33,93435600967.09,True,Communication Services,0.021667503502356487,0.23201373,0.12759798617290385,0.17878605769230768,2.0,68.0,331.0,33.0,False,,ELIGIBLE_NOT_PICKED
CMCT,3.05,8989853.65,False,,,,,,,,,,,,INELIGIBLE_TODAY
CME,278.23,100045223340.76001,True,Financial Services,0.018193145083552964,0.13208883,-0.02517651915525209,-0.21604567307692307,1.0,290.0,331.0,33.0,False,,ELIGIBLE_NOT_PICKED
CMG,36.96,46769849280.0,True,Consumer Cyclical,0.03184893504709994,0.22111738,0.14923063947889142,0.17578125,3.0,91.0,331.0,33.0,False,,ELIGIBLE_NOT_PICKED
CMI,561.55,77305492674.84999,True,Industrials,0.022651851236798637,0.25426015,0.04081135129369255,0.09044471153846151,2.0,131.0,331.0,33.0,False,,ELIGIBLE_NOT_PICKED
CMP,25.79,1082686740.46,False,,,,,,,,,,,,INELIGIBLE_TODAY
CMPR,84.9,2067270512.4,True,Communication Services,0.025367726746731302,0.27085218,0.05790731068265652,0.15685096153846156,2.0,84.0,331.0,33.0,False,,ELIGIBLE_NOT_PICKED
CMPS,14.04,1944214580.8799999,False,,,,,,,,,,,,INELIGIBLE_TODAY
CMRC,2.56,212119016.96,False,,,,,,,,,,,,INELIGIBLE_TODAY
CMS,68.79,21570971185.440002,True,Utilities,0.011125513988953098,0.12193824,-0.03832195006340269,-0.2439903846153846,0.0,221.0,331.0,33.0,False,,ELIGIBLE_NOT_PICKED
CMTG,1.54,217269677.24,False,,,,,,,,,,,,INELIGIBLE_TODAY
CNA,47.77,12926606330.560001,True,Financial Services,0.014887358341609607,0.16324595,-0.03484462789888248,-0.19350961538461536,0.0,190.0,331.0,33.0,False,,ELIGIBLE_NOT_PICKED
CNC,64.58,31902197100.0,True,Healthcare,0.023870145321080137,0.38770556,0.20248407236601712,0.4639423076923077,2.0,1.0,331.0,33.0,True,0.005715556842927626,PICK
CNDT,1.65,256609320.0,False,,,,,,,,,,,,INELIGIBLE_TODAY
CNH,13.6,21871292988.8,True,Industrials,0.03227907212470384,0.30841178,0.013060511743655986,0.12049278846153849,3.0,128.0,331.0,33.0,False,,ELIGIBLE_NOT_PICKED
CNK,36.17,4192531795.3500004,True,Communication Services,0.021796677594953174,0.25429103,0.15244517093653281,0.24278846153846156,2.0,36.0,331.0,33.0,False,,ELIGIBLE_NOT_PICKED
CNM,44.06,8526492742.1,True,Industrials,0.01990117419393664,0.19931407,0.02861281066336283,-0.03335336538461539,1.0,189.0,331.0,33.0,False,,ELIGIBLE_NOT_PICKED
CNMD,46.59,1395428644.3200002,False,,,,,,,,,,,,INELIGIBLE_TODAY
CNNE,15.55,674469229.85,False,,,,,,,,,,,,INELIGIBLE_TODAY
CNO,55.18,5105329251.78,True,Financial Services,0.01157691116184211,0.10131453,0.10229196249595834,-0.03425480769230771,0.0,82.0,331.0,33.0,False,,ELIGIBLE_NOT_PICKED
CNP,40.12,26427857954.559998,True,Utilities,0.012111202501298868,0.10519337,-0.09024851912039776,-0.33443509615384615,0.0,281.0,331.0,33.0,False,,ELIGIBLE_NOT_PICKED
CNR,100.17,4972063863.690001,True,Basic Materials,0.02480757778322487,0.28716847,0.09866540711782726,0.24368990384615385,2.0,34.0,331.0,33.0,False,,ELIGIBLE_NOT_PICKED
CNS,78.18,4020135449.9400005,True,Financial Services,0.017481497834739256,0.14630777,-0.013882865709283222,-0.1853966346153846,1.0,277.0,331.0,33.0,False,,ELIGIBLE_NOT_PICKED
CNX,37.03,5478352878.110001,True,Energy,0.01459217850865333,0.16025333,0.007742419698928687,-0.13040865384615385,0.0,148.0,331.0,33.0,False,,ELIGIBLE_NOT_PICKED
CNXC,28.27,1724988754.5,False,,,,,,,,,,,,INELIGIBLE_TODAY
CNXN,83.64,2110914600.3600001,True,Technology,0.014914930660965482,0.21604368,0.13291460843265154,0.15174278846153844,0.0,4.0,331.0,33.0,True,0.009147288414061249,PICK
COAG,44.57,2081959054.69,True,Healthcare,0.057305756179112696,0.39117023,-0.20885022260248637,0.0027043269230769273,4.0,192.0,331.0,33.0,False,,ELIGIBLE_NOT_PICKED
COCO,53.27,3057542558.1400003,True,Consumer Defensive,0.03143672508359622,0.3142281,-0.10407697576244562,-0.04086538461538464,3.0,263.0,331.0,33.0,False,,ELIGIBLE_NOT_PICKED
CODI,11.53,867470687.9799999,False,,,,,,,,,,,,INELIGIBLE_TODAY
COF,213.96,131261215510.56,True,Financial Services,0.018880542107988247,0.16087398,0.022229092800102577,-0.1003605769230769,1.0,235.0,331.0,33.0,False,,ELIGIBLE_NOT_PICKED
COGT,35.28,6121961364.96,True,Healthcare,0.02830146687417943,0.42332828,-0.17860695075866503,0.02914663461538458,3.0,196.0,331.0,33.0,False,,ELIGIBLE_NOT_PICKED
COHR,301.88,59117838422.479996,True,Technology,0.06547569673288375,0.32440957,-0.13759228315668035,-0.05318509615384617,4.0,241.0,331.0,33.0,False,,ELIGIBLE_NOT_PICKED
COHU,53.17,2516984482.61,True,Technology,0.06110026798153681,0.4503965,-0.09711340317079943,0.09164663461538464,4.0,122.0,331.0,33.0,False,,ELIGIBLE_NOT_PICKED
COIN,178.94,47210979001.62,True,Financial Services,0.045571777974323574,0.35810262,-0.14575846159458494,-0.0027043269230769273,4.0,200.0,331.0,33.0,False,,ELIGIBLE_NOT_PICKED
COKE,188.28,12532725274.32,True,Consumer Defensive,0.021596901031381833,0.20975618,0.2545128825544493,0.1935096153846154,2.0,57.0,331.0,33.0,False,,ELIGIBLE_NOT_PICKED
COLB,30.27,8563451652.36,True,Financial Services,0.014372590310220054,0.15599787,-0.1288291026395979,-0.3161057692307693,0.0,267.0,331.0,33.0,False,,ELIGIBLE_NOT_PICKED
COLD,13.98,3991018102.98,True,Real Estate,0.022806404277934587,0.2558948,-0.029682065521125494,-0.029747596153846145,2.0,229.0,331.0,33.0,False,,ELIGIBLE_NOT_PICKED
COLM,57.71,2954359225.7400002,True,Consumer Cyclical,0.01872867731317712,0.20741878,0.10513190849442942,0.10516826923076922,1.0,67.0,331.0,33.0,False,,ELIGIBLE_NOT_PICKED
COMP,10.75,8143363617.75,True,Real Estate,0.03691662778569975,0.34621814,-0.15842677694025736,-0.02524038461538458,4.0,222.0,331.0,33.0,False,,ELIGIBLE_NOT_PICKED
CON,33.88,4320300895.68,True,Healthcare,0.02130641087456758,0.24447817,0.11705585711870643,0.18870192307692307,2.0,62.0,331.0,33.0,False,,ELIGIBLE_NOT_PICKED
COO,67.69,13201623344.699999,True,Healthcare,0.017628387346360835,0.2052022,0.11186488486169734,0.10787259615384615,1.0,64.0,331.0,33.0,False,,ELIGIBLE_NOT_PICKED
COOK,50.49,141282329.76000002,False,,,,,,,,,,,,INELIGIBLE_TODAY
COP,135.04,162228613164.16,True,Energy,0.018840628083006374,0.21657708,0.2081118894067241,0.19921874999999997,1.0,20.0,331.0,33.0,True,0.007241328252460589,PICK
COR,324.69,61959672203.85,True,Healthcare,0.017525019827860512,0.260444,-0.018465834060396185,-0.004206730769230782,1.0,164.0,331.0,33.0,False,,ELIGIBLE_NOT_PICKED
CORT,113.98,12321055290.060001,True,Healthcare,0.0430120569960063,0.33338213,-0.0090044324957027,0.12079326923076922,4.0,107.0,331.0,33.0,False,,ELIGIBLE_NOT_PICKED
CORZ,18.73,6018706459.93,True,Technology,0.05408637044064789,0.27672768,-0.1315286417613837,-0.11568509615384615,4.0,283.0,331.0,33.0,False,,ELIGIBLE_NOT_PICKED
COST,910.18,403645537824.72,True,Consumer Defensive,0.01293850990396376,0.18230414,0.09551464507252815,0.05799278846153849,0.0,24.0,331.0,33.0,True,0.010544581520147095,PICK
COTY,2.76,2430694640.64,False,,,,,,,,,,,,INELIGIBLE_TODAY
COUR,5.57,1472707994.43,False,,,,,,,,,,,,INELIGIBLE_TODAY
CPAY,407.05,26726739772.95,True,Technology,0.018227953497018137,0.119405076,-0.000415767222044129,-0.1884014423076923,1.0,280.0,331.0,33.0,False,,ELIGIBLE_NOT_PICKED
CPB,21.76,6488967847.68,True,Consumer Defensive,0.024245329486458352,0.3078477,-0.06711012981963298,-0.007812499999999972,2.0,215.0,331.0,33.0,False,,ELIGIBLE_NOT_PICKED
CPK,133.02,3206640644.1000004,True,Utilities,0.01331272597957803,0.073928356,-0.07653397797045272,-0.36268028846153844,0.0,301.0,331.0,33.0,False,,ELIGIBLE_NOT_PICKED
CPNG,14.81,26621148306.620003,True,Consumer Cyclical,0.027128750066753644,0.2607693,0.04059276979767265,0.10276442307692307,3.0,139.0,331.0,33.0,False,,ELIGIBLE_NOT_PICKED
CPRI,13.1,1488836195.8,False,,,,,,,,,,,,INELIGIBLE_TODAY
CPRT,32.6,30181454313.2,True,Industrials,0.026809887411154584,0.23259145,0.0032028701823860256,-0.021935096153846173,3.0,247.0,331.0,33.0,False,,ELIGIBLE_NOT_PICKED
CPS,26.01,462177100.08000004,False,,,,,,,,,,,,INELIGIBLE_TODAY
CPT,104.71,10527475338.5,True,Real Estate,0.012746110112619176,0.1056526,0.026518633430689807,-0.1517427884615385,0.0,163.0,331.0,33.0,False,,ELIGIBLE_NOT_PICKED
CQP,68.09,32959489065.36,True,Energy,0.023512040606301552,0.17624399,0.04904146571129619,-0.02824519230769229,2.0,227.0,331.0,33.0,False,,ELIGIBLE_NOT_PICKED
CR,202.65,11713242143.4,True,Industrials,0.018822500213843945,0.15030742,0.014509200345761857,-0.13100961538461536,1.0,255.0,331.0,33.0,False,,ELIGIBLE_NOT_PICKED
CRBG,33.75,15044822617.5,True,Financial Services,0.019657496437518726,0.22056378,0.06681315672796477,0.07121394230769232,1.0,95.0,331.0,33.0,False,,ELIGIBLE_NOT_PICKED
CRC,55.57,4935721454.01,True,Energy,0.01772343931600053,0.18097013,0.00631060181958476,-0.10667067307692307,1.0,238.0,331.0,33.0,False,,ELIGIBLE_NOT_PICKED
CRCL,96.18,24417782234.58,True,Financial Services,0.05762628987675817,0.24457307,-0.30038404242939154,-0.23197115384615383,4.0,322.0,331.0,33.0,False,,ELIGIBLE_NOT_PICKED
CRCT,5.45,1141472067.2,False,,,,,,,,,,,,INELIGIBLE_TODAY
CRDO,167.75,31528934244.5,True,Technology,0.067724123708396,0.29581183,-0.17443428575559558,-0.11568509615384615,4.0,284.0,331.0,33.0,False,,ELIGIBLE_NOT_PICKED
CRGY,14.19,4688428446.24,True,Energy,0.027013068617644163,0.28501213,0.006670210221532068,0.07722355769230768,3.0,163.0,331.0,33.0,False,,ELIGIBLE_NOT_PICKED
CRI,32.28,1185037051.8,False,,,,,,,,,,,,INELIGIBLE_TODAY
CRK,15.16,4451287507.68,True,Energy,0.030381255722147626,0.32917097,-0.16415320608010006,-0.058293269230769246,3.0,273.0,331.0,33.0,False,,ELIGIBLE_NOT_PICKED
CRL,280.76,13403165702.72,True,Healthcare,0.027515050040478512,0.21522944,0.1954773846622843,0.1908052884615385,3.0,82.0,331.0,33.0,False,,ELIGIBLE_NOT_PICKED
CRM,249.12,205025760000.0,True,Technology,0.03923421647466788,0.33069035,0.026536215391360356,0.1884014423076923,4.0,66.0,331.0,33.0,False,,ELIGIBLE_NOT_PICKED
CRNC,8.26,373601922.82,False,,,,,,,,,,,,INELIGIBLE_TODAY
CRON,3.185,1173394971.84,False,,,,,,,,,,,,INELIGIBLE_TODAY
CROX,114.35,5482519326.25,True,Consumer Cyclical,0.02602832859152719,0.2632084,0.21441976045660724,0.2923677884615385,2.0,18.0,331.0,33.0,True,0.0052416416963472585,PICK
CRS,458.56,22725576024.96,True,Industrials,0.026048649315615742,0.27835307,0.07539552805133584,0.19801682692307693,2.0,52.0,331.0,33.0,False,,ELIGIBLE_NOT_PICKED
CRSP,54.78,5296823531.34,True,Healthcare,0.032870498753644464,0.36781728,-0.272501887307326,-0.03485576923076922,3.0,255.0,331.0,33.0,False,,ELIGIBLE_NOT_PICKED
CRSR,12.26,1326249517.34,False,,,,,,,,,,,,INELIGIBLE_TODAY
CRTO,17.74,869216696.66,False,,,,,,,,,,,,INELIGIBLE_TODAY
CRUS,110.76,5551021056.360001,True,Technology,0.0209628172716503,0.22605197,0.044205503733567346,0.04597355769230771,1.0,122.0,331.0,33.0,False,,ELIGIBLE_NOT_PICKED
CRVL,67.67,3418456359.57,True,Financial Services,0.019354120419369212,0.18553583,-0.06622074466607726,-0.2157451923076923,1.0,289.0,331.0,33.0,False,,ELIGIBLE_NOT_PICKED
CRWD,210.02,215046795516.84,True,Technology,0.04316606800689322,0.29694912,-0.004971035809576079,0.07181490384615385,4.0,132.0,331.0,33.0,False,,ELIGIBLE_NOT_PICKED
CRWV,99.83,55059898977.659996,True,Technology,0.06854001823048235,0.32254228,-0.22298436549716052,-0.09465144230769229,4.0,272.0,331.0,33.0,False,,ELIGIBLE_NOT_PICKED
CSCO,109.17,430412208925.41003,True,Technology,0.021197387501646944,0.2538268,0.03902820240180706,0.08263221153846151,2.0,135.0,331.0,33.0,False,,ELIGIBLE_NOT_PICKED
CSGP,30.34,12293694819.92,True,Real Estate,0.03177072496971668,0.36034548,0.025634990029622648,0.23076923076923078,3.0,61.0,331.0,33.0,False,,ELIGIBLE_NOT_PICKED
CSL,341.48,13561582136.84,True,Basic Materials,0.029253360680669412,0.26925403,0.014550066836007933,0.06820913461538458,3.0,171.0,331.0,33.0,False,,ELIGIBLE_NOT_PICKED
CSQR,18.43,3071064325.12,True,Technology,,0.29156187,0.18379274766205894,0.32241586538461536,,,,,False,,ELIGIBLE_NOT_PICKED
CSW,302.96,4936274821.5199995,True,Industrials,0.03231100145011206,0.19803573,-0.05180110778287686,-0.17638221153846154,3.0,318.0,331.0,33.0,False,,ELIGIBLE_NOT_PICKED
CSX,49.0,90771270933.0,True,Industrials,0.01405063797504357,0.101868495,0.1679018955449506,0.029747596153846145,0.0,34.0,331.0,33.0,False,,ELIGIBLE_NOT_PICKED
CTAS,200.5,80233996980.5,True,Industrials,0.01864358683784784,0.11048298,0.09104315886236769,-0.030649038461538436,1.0,185.0,331.0,33.0,False,,ELIGIBLE_NOT_PICKED
CTKB,4.62,600522628.86,False,,,,,,,,,,,,INELIGIBLE_TODAY
CTOR,0.929,86379538.516,False,,,,,,,,,,,,INELIGIBLE_TODAY
CTOS,9.44,2147652250.4,False,,,,,,,,,,,,INELIGIBLE_TODAY
CTRE,39.32,9291048584.68,True,Real Estate,0.015293353746767505,0.101711266,-0.14398346351822683,-0.390625,0.0,314.0,331.0,33.0,False,,ELIGIBLE_NOT_PICKED
CTRI,20.7,2089935197.1,True,Utilities,0.04041404077916883,0.33001822,-0.16464921908604807,-0.05739182692307693,4.0,246.0,331.0,33.0,False,,ELIGIBLE_NOT_PICKED
CTSH,59.92,26990617003.280003,True,Technology,0.03438690884432003,0.30245894,0.022662436538328373,0.13251201923076922,3.0,119.0,331.0,33.0,False,,ELIGIBLE_NOT_PICKED
CTVA,85.9,57312136400.0,True,Basic Materials,0.021833451875678266,0.21562155,0.12471771767757445,0.1415264423076923,2.0,95.0,331.0,33.0,False,,ELIGIBLE_NOT_PICKED
CUBE,39.66,8929934953.98,True,Real Estate,0.012377209211033463,0.07894435,0.10999185002520542,-0.05288461538461536,0.0,98.0,331.0,33.0,False,,ELIGIBLE_NOT_PICKED
CUBI,78.74,2660136333.2599998,True,Financial Services,0.015500942129945745,0.14241399,-0.14376014478096957,-0.3440504807692308,0.0,284.0,331.0,33.0,False,,ELIGIBLE_NOT_PICKED
CURB,29.68,3414328582.0,True,Real Estate,0.012872117757824297,0.08369002,-0.06353907445973904,-0.3347355769230769,0.0,282.0,331.0,33.0,False,,ELIGIBLE_NOT_PICKED
CURV,2.5,248800952.5,False,,,,,,,,,,,,INELIGIBLE_TODAY
CUZ,28.41,4676344467.78,True,Real Estate,0.013827077685894182,0.13019617,0.04047050205927891,-0.1015625,0.0,123.0,331.0,33.0,False,,ELIGIBLE_NOT_PICKED
CVBF,22.31,3926502774.85,True,Financial Services,0.01261021211816027,0.06654207,-0.164429720133406,-0.4453125,0.0,329.0,331.0,33.0,False,,ELIGIBLE_NOT_PICKED
CVCO,548.04,4214099872.08,True,Consumer Cyclical,0.02000277779368996,0.21600567,0.09760295407885107,0.11328125000000003,1.0,59.0,331.0,33.0,False,,ELIGIBLE_NOT_PICKED
CVEO,34.14,352900366.26,False,,,,,,,,,,,,INELIGIBLE_TODAY
CVI,46.12,4636471225.88,True,Energy,0.036265049366430914,0.29452276,-0.03552250423288151,0.0222355769230769,3.0,204.0,331.0,33.0,False,,ELIGIBLE_NOT_PICKED
CVLT,133.36,5527047055.040001,True,Technology,0.03827117971632397,0.32127237,-0.027270171064449164,0.07331730769230771,4.0,130.0,331.0,33.0,False,,ELIGIBLE_NOT_PICKED
CVNA,74.72,82226652894.4,True,Consumer Cyclical,0.04022578618724284,0.26370457,-0.19935815549357216,-0.17367788461538464,4.0,310.0,331.0,33.0,False,,ELIGIBLE_NOT_PICKED
CVS,96.07,122870683349.82999,True,Healthcare,0.016600543755733357,0.23227839,0.1474008559990712,0.19741586538461536,1.0,21.0,331.0,33.0,True,0.008218476119763065,PICK
CVSA,125.15,4259958323.0,True,Consumer Defensive,0.03711475860775711,0.32989886,0.049796308588249856,0.23257211538461536,4.0,52.0,331.0,33.0,False,,ELIGIBLE_NOT_PICKED
CVX,209.8,414516813285.2,True,Energy,0.015882496371090328,0.18009722,0.044645705504267816,-0.031249999999999972,1.0,187.0,331.0,33.0,False,,ELIGIBLE_NOT_PICKED
CW,572.71,21152725423.24,True,Industrials,0.023180048651743047,0.22297788,0.04260056652158638,0.03605769230769232,2.0,176.0,331.0,33.0,False,,ELIGIBLE_NOT_PICKED
CWEN,33.11,6796650349.72,True,Utilities,0.01959525670498387,0.15943903,-0.09857094025859987,-0.28365384615384615,1.0,312.0,331.0,33.0,False,,ELIGIBLE_NOT_PICKED
CWH,6.56,677614648.9599999,False,,,,,,,,,,,,INELIGIBLE_TODAY
CWK,13.26,3112303768.08,True,Real Estate,0.028255203143234587,0.32809892,-0.08697059019470167,0.0027043269230769273,3.0,224.0,331.0,33.0,False,,ELIGIBLE_NOT_PICKED
CWST,92.07,5859339035.219999,True,Industrials,0.01963498390049968,0.18073766,-0.03303750157379779,-0.16917067307692307,1.0,270.0,331.0,33.0,False,,ELIGIBLE_NOT_PICKED
CWT,49.87,3083915966.87,True,Utilities,0.013063763401773338,0.075874984,0.023159117808359553,-0.19891826923076922,0.0,195.0,331.0,33.0,False,,ELIGIBLE_NOT_PICKED
CXM,5.55,1288550937.0,False,,,,,,,,,,,,INELIGIBLE_TODAY
CXT,49.6,2855040678.4,True,Industrials,0.02246974037209794,0.22391877,-0.18060592203651427,-0.24128605769230768,2.0,318.0,331.0,33.0,False,,ELIGIBLE_NOT_PICKED
CXW,35.05,3466216789.45,True,Industrials,0.02231932211914667,0.23730886,0.03006162771844602,0.040564903846153855,2.0,173.0,331.0,33.0,False,,ELIGIBLE_NOT_PICKED
CYH,2.84,400466573.88,False,,,,,,,,,,,,INELIGIBLE_TODAY
CYRX,15.47,783541577.0,False,,,,,,,,,,,,INELIGIBLE_TODAY
CYTK,75.35,10475414546.3,True,Healthcare,0.023630863643638225,0.35323352,-0.10490805646452483,0.023437500000000028,2.0,190.0,331.0,33.0,False,,ELIGIBLE_NOT_PICKED
CZR,29.66,6042346233.52,True,Consumer Cyclical,0.006483635945382979,0.018729575,0.2334914851901562,-0.0027043269230769273,0.0,59.0,331.0,33.0,False,,ELIGIBLE_NOT_PICKED
D,66.22,58242208342.78,True,Utilities,0.009541934965341668,0.08705468,-0.05161418675056424,-0.31490384615384615,0.0,266.0,331.0,33.0,False,,ELIGIBLE_NOT_PICKED
DAL,78.96,51925914448.799995,True,Industrials,0.019676155721486763,0.24588233,0.07549168823060211,0.13882211538461542,1.0,44.0,331.0,33.0,False,,ELIGIBLE_NOT_PICKED
DAN,31.29,3366074285.91,True,Consumer Cyclical,0.027303297931457242,0.35950688,0.15035680397414775,0.40564903846153844,3.0,3.0,331.0,33.0,True,0.0049968752043828574,PICK
DAR,67.11,10590153692.76,True,Consumer Defensive,0.023608502199724407,0.25790513,0.13296069303579114,0.23257211538461536,2.0,39.0,331.0,33.0,False,,ELIGIBLE_NOT_PICKED
DASH,200.44,86849780887.76,True,Communication Services,0.02953985411861301,0.32056525,-0.08422468485876407,-0.008112980769230782,3.0,236.0,331.0,33.0,False,,ELIGIBLE_NOT_PICKED
DAVE,376.38,4800917724.66,True,Technology,0.047495983092278135,0.32855713,0.07725501058185415,0.27554086538461536,4.0,39.0,331.0,33.0,False,,ELIGIBLE_NOT_PICKED
DBD,67.08,2277137123.04,True,Technology,0.02992449270592415,0.2577396,0.018772903137281787,0.05498798076923078,3.0,178.0,331.0,33.0,False,,ELIGIBLE_NOT_PICKED
DBI,5.2,264040810.8,False,,,,,,,,,,,,INELIGIBLE_TODAY
DBRG,15.92,2984924873.52,True,Financial Services,0.0019490349414569544,0.009827132,0.06176894840328891,-0.15114182692307693,0.0,161.0,331.0,33.0,False,,ELIGIBLE_NOT_PICKED
DBX,33.81,7631230925.85,True,Technology,0.02494784900536911,0.33396277,0.1679462216122426,0.3819110576923077,2.0,3.0,331.0,33.0,True,0.005468654728598632,PICK
DCH,7.0,1663232214.0,False,,,,,,,,,,,,INELIGIBLE_TODAY
DCI,90.99,10546746985.439999,True,Industrials,0.013644716163948155,0.11011998,0.10980191934534755,-0.011117788461538436,0.0,64.0,331.0,33.0,False,,ELIGIBLE_NOT_PICKED
DCO,168.33,2541745799.07,True,Industrials,0.027936481267338286,0.36379525,-0.04505012899596392,0.11147836538461539,3.0,135.0,331.0,33.0,False,,ELIGIBLE_NOT_PICKED
DD,131.32,17733843477.0,True,Basic Materials,0.014440606561569962,0.1912711,0.05850758574659852,0.009615384615384637,0.0,48.0,331.0,33.0,False,,ELIGIBLE_NOT_PICKED
DDD,3.38,561576951.26,False,,,,,,,,,,,,INELIGIBLE_TODAY
DDOG,210.23,75488342295.51999,True,Technology,0.041912598903198296,0.32038075,-0.006305676686143926,0.10096153846153846,4.0,118.0,331.0,33.0,False,,ELIGIBLE_NOT_PICKED
DDS,645.1,10076107840.1,True,Consumer Cyclical,0.02795618586835665,0.25999296,-0.01871691680176934,-0.0063100961538461176,3.0,232.0,331.0,33.0,False,,ELIGIBLE_NOT_PICKED
DE,680.73,183542106710.76,True,Industrials,0.021923901136235997,0.2060629,0.0019657824100844687,-0.0769230769230769,2.0,252.0,331.0,33.0,False,,ELIGIBLE_NOT_PICKED
DEA,24.33,1151334941.61,False,,,,,,,,,,,,INELIGIBLE_TODAY
DECK,82.6,11267815150.199999,True,Consumer Cyclical,0.024471113223852238,0.23555352,0.07332689703530576,0.11478365384615385,2.0,112.0,331.0,33.0,False,,ELIGIBLE_NOT_PICKED
DEI,11.2,1875834990.3999999,False,,,,,,,,,,,,INELIGIBLE_TODAY
DELL,533.88,346011894235.08,True,Technology,0.04904947303080021,0.32753566,0.16541265403129204,0.3665865384615385,4.0,20.0,331.0,33.0,True,0.0027815012884217045,PICK
DFH,13.28,1204813113.12,False,,,,,,,,,,,,INELIGIBLE_TODAY
DFIN,49.82,1224843781.06,False,,,,,,,,,,,,INELIGIBLE_TODAY
DFTX,38.23,5136848498.5,True,Healthcare,0.0760233698991008,0.40331984,-0.17528438287226247,0.023137019230769246,4.0,167.0,331.0,33.0,False,,ELIGIBLE_NOT_PICKED
DG,127.87,28210268937.3,True,Consumer Defensive,0.022668171525464426,0.23636055,0.03537098221154829,0.04687500000000003,2.0,162.0,331.0,33.0,False,,ELIGIBLE_NOT_PICKED
DGII,69.91,2652953278.93,True,Technology,0.030099360798658745,0.38290033,-0.05655432181983872,0.11388221153846156,3.0,133.0,331.0,33.0,False,,ELIGIBLE_NOT_PICKED
DGX,235.5,25992926280.0,True,Healthcare,0.016306337315003437,0.16380213,0.1737826426238642,0.10606971153846156,1.0,66.0,331.0,33.0,False,,ELIGIBLE_NOT_PICKED
DH,1.02,108879607.26,False,,,,,,,,,,,,INELIGIBLE_TODAY
DHC,7.6,1840180308.8,False,,,,,,,,,,,,INELIGIBLE_TODAY
DHI,138.49,38735828466.83,True,Consumer Cyclical,0.022598092130863626,0.21374506,-0.07729476563400077,-0.18118990384615383,2.0,295.0,331.0,33.0,False,,ELIGIBLE_NOT_PICKED
DHR,205.23,144273827862.41998,True,Healthcare,0.02445743459583619,0.26439893,0.036743505031642545,0.10276442307692307,2.0,120.0,331.0,33.0,False,,ELIGIBLE_NOT_PICKED
DIN,30.86,390661369.0,False,,,,,,,,,,,,INELIGIBLE_TODAY
DINO,108.31,19255768685.19,True,Energy,0.024833044760668745,0.29523078,0.137769913766712,0.29537259615384615,2.0,17.0,331.0,33.0,True,0.005493936556972661,PICK
DIOD,90.92,4187021018.6,True,Technology,0.05087495712907563,0.39803764,0.022491051956710244,0.2599158653846154,4.0,46.0,331.0,33.0,False,,ELIGIBLE_NOT_PICKED
DIS,105.06,181405725924.12,True,Communication Services,0.01749904177191238,0.17405635,0.036181277395372746,-0.06099759615384617,1.0,210.0,331.0,33.0,False,,ELIGIBLE_NOT_PICKED
DJT,9.23,2565397959.02,False,,,,,,,,,,,,INELIGIBLE_TODAY
DK,75.67,4633438606.58,True,Energy,0.03696709213075615,0.3140484,-0.003783175400736564,0.09855769230769232,4.0,119.0,331.0,33.0,False,,ELIGIBLE_NOT_PICKED
DKL,55.82,2969473341.82,True,Energy,0.02529580852013894,0.28915617,0.020305368131405432,0.10847355769230771,2.0,117.0,331.0,33.0,False,,ELIGIBLE_NOT_PICKED
DKNG,23.87,11850358125.76,True,Consumer Cyclical,0.03433371348889276,0.2770218,0.012473272331127513,0.07481971153846156,3.0,166.0,331.0,33.0,False,,ELIGIBLE_NOT_PICKED
DKS,132.37,11771208217.720001,True,Consumer Cyclical,0.045960666690944535,0.30343395,-0.2407466479863178,-0.12740384615384615,4.0,287.0,331.0,33.0,False,,ELIGIBLE_NOT_PICKED
DLB,62.32,5837439304.4,True,Industrials,0.023552233116690708,0.26528084,0.004454549068843054,0.04296875,2.0,168.0,331.0,33.0,False,,ELIGIBLE_NOT_PICKED
DLR,189.5,70121855352.0,True,Real Estate,0.022359250231225213,0.14010105,-0.05495694268757949,-0.2581129807692307,2.0,323.0,331.0,33.0,False,,ELIGIBLE_NOT_PICKED
DLTR,124.04,23273662287.960003,True,Consumer Defensive,0.022737291395664973,0.25479344,0.11753022483071776,0.20973557692307693,2.0,46.0,331.0,33.0,False,,ELIGIBLE_NOT_PICKED
DLX,23.45,1075330000.5,False,,,,,,,,,,,,INELIGIBLE_TODAY
DMC,32.63,1538381093.3400002,False,,,,,,,,,,,,INELIGIBLE_TODAY
DMRA,29.17,1800825089.23,False,,,,,,,,,,,,INELIGIBLE_TODAY
DNA,6.94,467341522.38000005,False,,,,,,,,,,,,INELIGIBLE_TODAY
DNLI,22.08,3529430658.24,True,Healthcare,0.03074393826012796,0.41794062,-0.10158622977516744,0.08112980769230768,3.0,162.0,331.0,33.0,False,,ELIGIBLE_NOT_PICKED
DNOW,16.15,2919692139.6499996,True,Energy,0.0220577846931807,0.27241006,-0.07224094502722471,-0.06280048076923078,2.0,247.0,331.0,33.0,False,,ELIGIBLE_NOT_PICKED
DNTH,109.13,6104118671.139999,True,Healthcare,0.03427773725380847,0.45724133,-0.17667232085404597,0.03425480769230771,3.0,192.0,331.0,33.0,False,,ELIGIBLE_NOT_PICKED
DNUT,3.31,574285000.0,False,,,,,,,,,,,,INELIGIBLE_TODAY
DOC,20.51,14142204102.6,True,Real Estate,0.014248118685392023,0.11950194,0.08437517099169664,-0.03034855769230768,0.0,78.0,331.0,33.0,False,,ELIGIBLE_NOT_PICKED
DOCN,126.69,14896153189.5,True,Technology,0.055933266093992295,0.36914232,-0.1431506830805237,0.011418269230769273,4.0,177.0,331.0,33.0,False,,ELIGIBLE_NOT_PICKED
DOCS,24.42,4352766831.6,True,Healthcare,0.0515935888755722,0.37268683,0.05190859840692911,0.2962740384615385,4.0,34.0,331.0,33.0,False,,ELIGIBLE_NOT_PICKED
DOCU,65.08,12163611576.16,True,Technology,0.034205186961178316,0.3774314,0.013035073697722586,0.22085336538461536,3.0,67.0,331.0,33.0,False,,ELIGIBLE_NOT_PICKED
DOMO,3.83,180148496.63,False,,,,,,,,,,,,INELIGIBLE_TODAY
DORM,128.78,3821626086.04,True,Consumer Cyclical,0.02977994031478868,0.21925938,0.010432376290575425,-0.03816105769230771,3.0,258.0,331.0,33.0,False,,ELIGIBLE_NOT_PICKED
DOV,194.74,26227627016.5,True,Industrials,0.017634992836453752,0.1777115,0.0904914605935001,0.04326923076923078,1.0,127.0,331.0,33.0,False,,ELIGIBLE_NOT_PICKED
DOW,29.57,21359614824.27,True,Basic Materials,0.023259049939903596,0.32404587,-0.02730663482935106,0.07692307692307693,2.0,141.0,331.0,33.0,False,,ELIGIBLE_NOT_PICKED
DPZ,335.41,11095944736.35,True,Consumer Cyclical,0.024604477494494223,0.18178526,0.13418450545806063,0.09825721153846154,2.0,123.0,331.0,33.0,False,,ELIGIBLE_NOT_PICKED
DRH,11.97,2449130001.57,True,Real Estate,0.015790875241578056,0.2157895,0.04824022680218874,0.03425480769230768,1.0,136.0,331.0,33.0,False,,ELIGIBLE_NOT_PICKED
DRI,212.92,24289481159.48,True,Consumer Cyclical,0.017360081627885188,0.19856884,0.13437114575800946,0.12289663461538461,1.0,54.0,331.0,33.0,False,,ELIGIBLE_NOT_PICKED
DRS,36.94,9858972564.099998,True,Industrials,0.021532453876918656,0.20720242,-0.003375590390498204,-0.08293269230769232,2.0,257.0,331.0,33.0,False,,ELIGIBLE_NOT_PICKED
DRVN,13.22,2181033167.52,True,Consumer Cyclical,0.030630073944925396,0.26431483,-0.09139301153666181,-0.09735576923076922,3.0,293.0,331.0,33.0,False,,ELIGIBLE_NOT_PICKED
DSGN,15.23,953118544.73,False,,,,,,,,,,,,INELIGIBLE_TODAY
DSP,13.48,896080816.24,False,,,,,,,,,,,,INELIGIBLE_TODAY
DT,50.29,14533917017.119999,True,Technology,0.028007872391442066,0.33371446,0.17206902259155898,0.3828125,3.0,6.0,331.0,33.0,True,0.004871172309156322,PICK
DTE,137.26,28562168350.94,True,Utilities,0.010918087150828528,0.10239167,0.029837887727883244,-0.15174278846153844,0.0,162.0,331.0,33.0,False,,ELIGIBLE_NOT_PICKED
DTM,131.14,13378285917.439999,True,Energy,0.014569733658654965,0.108576275,0.04064408882313065,-0.12349759615384615,0.0,144.0,331.0,33.0,False,,ELIGIBLE_NOT_PICKED
DUK,121.24,94531093879.31999,True,Utilities,0.011633076128410802,0.11163622,-0.000987530311285925,-0.19771634615384617,0.0,194.0,331.0,33.0,False,,ELIGIBLE_NOT_PICKED
DUOL,146.39,6849041918.909999,True,Technology,0.04049224882557089,0.389233,-0.25796528379787137,-0.010216346153846145,4.0,209.0,331.0,33.0,False,,ELIGIBLE_NOT_PICKED
DV,13.35,2069074407.45,True,Technology,0.027944017712770313,0.046807926,0.12629562706494088,-0.05649038461538464,3.0,271.0,331.0,33.0,False,,ELIGIBLE_NOT_PICKED
DVA,180.06,11487828000.0,True,Healthcare,0.026948708879142233,0.24749075,0.16526406147745357,0.24008413461538464,3.0,57.0,331.0,33.0,False,,ELIGIBLE_NOT_PICKED
DVN,48.4,53240000000.0,True,Energy,0.020880864873583323,0.21705236,-0.03742478321842181,-0.11568509615384615,1.0,243.0,331.0,33.0,False,,ELIGIBLE_NOT_PICKED
DX,12.89,3189366912.3900003,True,Real Estate,0.009763606404165258,0.045149334,-0.09380183654124238,-0.3972355769230769,0.0,319.0,331.0,33.0,False,,ELIGIBLE_NOT_PICKED
DXC,11.21,1791119103.69,False,,,,,,,,,,,,INELIGIBLE_TODAY
DXCM,84.53,31898305465.45,True,Healthcare,0.02760733618681948,0.28505063,0.20789717464277846,0.3245192307692308,3.0,19.0,331.0,33.0,True,0.0049418448599438764,PICK
DXPE,189.04,2933361657.92,True,Industrials,0.03460512634276233,0.27669996,0.0343540252692213,0.1171875,3.0,129.0,331.0,33.0,False,,ELIGIBLE_NOT_PICKED
DY,302.91,9136055484.87,True,Industrials,0.036412848140948334,0.2779968,-0.1573552580548763,-0.1307091346153846,3.0,302.0,331.0,33.0,False,,ELIGIBLE_NOT_PICKED
DYN,20.31,3792820013.6099997,True,Healthcare,0.03355727892337075,0.4506798,-0.2096116168141574,0.02043269230769232,3.0,207.0,331.0,33.0,False,,ELIGIBLE_NOT_PICKED
EAF,6.3,164380633.2,False,,,,,,,,,,,,INELIGIBLE_TODAY
EAT,222.49,9292297074.9,True,Consumer Cyclical,0.028115772572282587,0.2799027,0.17209340498830444,0.3019831730769231,3.0,31.0,331.0,33.0,True,0.004852478162598121,PICK
EBAY,104.59,46542550000.0,True,Consumer Cyclical,0.02026501215728651,0.20615049,0.12755740002773497,0.1268028846153846,1.0,49.0,331.0,33.0,False,,ELIGIBLE_NOT_PICKED
EBC,21.74,4967841140.48,True,Financial Services,0.014329022359170319,0.088447176,-0.13942063078733835,-0.4056490384615385,0.0,323.0,331.0,33.0,False,,ELIGIBLE_NOT_PICKED
EBS,6.0,307640016.0,False,,,,,,,,,,,,INELIGIBLE_TODAY
ECG,119.95,6125107128.2,True,Industrials,0.041503228184062664,0.3383531,-0.09399389652195395,0.013822115384615363,4.0,174.0,331.0,33.0,False,,ELIGIBLE_NOT_PICKED
ECHO,93.42,27137641941.36,True,Communication Services,0.030175070244213155,0.16510227,-0.0309400539648998,-0.18359375,3.0,321.0,331.0,33.0,False,,ELIGIBLE_NOT_PICKED
ECL,278.11,77962187780.33,True,Basic Materials,0.013400100692777887,0.080711,0.06350301150990857,-0.11899038461538464,0.0,138.0,331.0,33.0,False,,ELIGIBLE_NOT_PICKED
ECPG,98.86,2096757922.76,True,Financial Services,0.024874778219199103,0.24022019,0.11080627023836591,0.17548076923076922,2.0,71.0,331.0,33.0,False,,ELIGIBLE_NOT_PICKED
ECVT,10.12,1107820187.76,False,,,,,,,,,,,,INELIGIBLE_TODAY
ED,108.27,40041346094.909996,True,Utilities,0.010887081892978172,0.074860245,-0.002366475445429586,-0.24909855769230768,0.0,225.0,331.0,33.0,False,,ELIGIBLE_NOT_PICKED
EDIT,3.03,465347506.04999995,False,,,,,,,,,,,,INELIGIBLE_TODAY
EE,39.3,4456702726.5,True,Energy,0.021338489400866172,0.17288834,0.05790447937412911,-0.017427884615384637,2.0,220.0,331.0,33.0,False,,ELIGIBLE_NOT_PICKED
EEFT,71.88,2688570408.6,True,Technology,0.027405328751464866,0.30625653,-0.0012940927404746876,0.09375,3.0,149.0,331.0,33.0,False,,ELIGIBLE_NOT_PICKED
EFOR,30.92,440331.72000000003,False,,,,,,,,,,,,INELIGIBLE_TODAY
EFSC,64.0,2316321280.0,True,Financial Services,0.011678772441625244,0.109877326,0.008015120074335,-0.18599759615384615,0.0,182.0,331.0,33.0,False,,ELIGIBLE_NOT_PICKED
EFX,171.62,20162757851.52,True,Industrials,0.028792847840180342,0.26295555,0.04231071358075208,0.11268028846153844,3.0,134.0,331.0,33.0,False,,ELIGIBLE_NOT_PICKED
EG,369.83,14180293315.22,True,Financial Services,0.014833240117541495,0.16001883,0.07319641122938772,-0.008112980769230782,0.0,63.0,331.0,33.0,False,,ELIGIBLE_NOT_PICKED
EGBN,27.75,845930250.75,False,,,,,,,,,,,,INELIGIBLE_TODAY
EGHT,1.84,265761321.84,False,,,,,,,,,,,,INELIGIBLE_TODAY
EGP,200.24,10767568996.08,True,Real Estate,0.012237193835088039,0.06430912,0.06513742511251229,-0.13401442307692307,0.0,152.0,331.0,33.0,False,,ELIGIBLE_NOT_PICKED
EHC,120.47,11884773170.48,True,Healthcare,0.02105847720521417,0.14113456,0.11988823936410256,0.03215144230769229,2.0,183.0,331.0,33.0,False,,ELIGIBLE_NOT_PICKED
EHTH,0.976,31263870.303999998,False,,,,,,,,,,,,INELIGIBLE_TODAY
EIX,59.33,22831013374.07,True,Utilities,0.03857765067342486,0.2934428,-0.0685893724871813,-0.03125,4.0,226.0,331.0,33.0,False,,ELIGIBLE_NOT_PICKED
EL,101.69,36791296278.229996,True,Consumer Defensive,0.029327366981994795,0.23634493,0.09452052614557371,0.1514423076923077,3.0,105.0,331.0,33.0,False,,ELIGIBLE_NOT_PICKED
ELAN,23.97,11975935265.1,True,Healthcare,0.024913147199737896,0.3164119,0.08472132862160558,0.26712740384615385,2.0,24.0,331.0,33.0,True,0.005476272079868407,PICK
ELF,104.31,6155124062.76,True,Consumer Defensive,0.034760109629118525,0.24255933,-0.11067131820686822,-0.16135817307692307,3.0,315.0,331.0,33.0,False,,ELIGIBLE_NOT_PICKED
ELME,1.68,149281243.44,False,,,,,,,,,,,,INELIGIBLE_TODAY
ELS,61.83,11999015392.77,True,Real Estate,0.012541885989347247,0.09565932,0.04475573424076616,-0.13341346153846156,0.0,151.0,331.0,33.0,False,,ELIGIBLE_NOT_PICKED
ELV,401.94,87168442422.6,True,Healthcare,0.02213654659752761,0.258226,0.0947395311855166,0.19260817307692313,2.0,59.0,331.0,33.0,False,,ELIGIBLE_NOT_PICKED
ELVN,59.37,4350085080.57,True,Healthcare,0.031350632765989095,0.35511085,-0.15060274137275148,-0.008713942307692318,3.0,237.0,331.0,33.0,False,,ELIGIBLE_NOT_PICKED
EMAT,3.185,1980435057.51,False,,,,,,,,,,,,INELIGIBLE_TODAY
EMBC,5.55,314460774.45,False,,,,,,,,,,,,INELIGIBLE_TODAY
EME,773.16,34104011057.16,True,Industrials,0.034647157340560515,0.30356506,0.009881486632286761,0.10637019230769229,3.0,136.0,331.0,33.0,False,,ELIGIBLE_NOT_PICKED
EMN,70.39,8051026664.190001,True,Basic Materials,0.018051400688152273,0.26791143,-0.007723048831855823,0.024038461538461536,1.0,147.0,331.0,33.0,False,,ELIGIBLE_NOT_PICKED
EMR,152.15,84869270000.0,True,Industrials,0.01904586738575292,0.15490766,0.0562580920678299,-0.04116586538461539,1.0,196.0,331.0,33.0,False,,ELIGIBLE_NOT_PICKED
ENOV,19.98,1152236490.1200001,False,,,,,,,,,,,,INELIGIBLE_TODAY
ENPH,38.83,5131176681.84,True,Technology,0.040158146150045274,0.34212264,-0.09182083845394479,0.0246394230769231,4.0,165.0,331.0,33.0,False,,ELIGIBLE_NOT_PICKED
ENR,21.0,1438156377.0,False,,,,,,,,,,,,INELIGIBLE_TODAY
ENS,180.52,6510494236.4800005,True,Industrials,0.028037711947740546,0.3000219,0.11848764014017209,0.28125,3.0,44.0,331.0,33.0,False,,ELIGIBLE_NOT_PICKED
ENSG,170.54,9939486294.359999,True,Healthcare,0.01575427100798214,0.15456757,-0.06645090482031638,-0.2566105769230769,1.0,301.0,331.0,33.0,False,,ELIGIBLE_NOT_PICKED
ENTA,13.5,393192927.0,False,,,,,,,,,,,,INELIGIBLE_TODAY
ENTG,141.09,21558552000.0,True,Technology,0.055605509959471194,0.35637575,0.03067447023541268,0.23407451923076922,4.0,51.0,331.0,33.0,False,,ELIGIBLE_NOT_PICKED
ENVA,225.79,5621803188.09,True,Financial Services,0.02659199882227742,0.34586453,0.06665584533512885,0.2854567307692308,2.0,20.0,331.0,33.0,True,0.005130534689903843,PICK
ENVX,3.47,761486416.45,False,,,,,,,,,,,,INELIGIBLE_TODAY
EOG,145.36,76245561023.36,True,Energy,0.020662332254411386,0.21321937,0.08594182947877693,0.09465144230769229,1.0,76.0,331.0,33.0,False,,ELIGIBLE_NOT_PICKED
EOSE,4.3,1565921299.2,False,,,,,,,,,,,,INELIGIBLE_TODAY
EPAC,37.03,1893627031.38,False,,,,,,,,,,,,INELIGIBLE_TODAY
EPAM,115.31,5948494779.11,True,Technology,0.03931039038779806,0.31782937,-0.013933049118013519,0.08623798076923078,4.0,124.0,331.0,33.0,False,,ELIGIBLE_NOT_PICKED
EPC,27.71,1277123834.65,False,,,,,,,,,,,,INELIGIBLE_TODAY
EPD,38.83,83852498472.26999,True,Energy,0.01152303477262521,0.12576085,0.030961591224969394,-0.12229567307692307,0.0,142.0,331.0,33.0,False,,ELIGIBLE_NOT_PICKED
EPR,59.9,4588874427.8,True,Real Estate,0.012886071762712422,0.07687244,-0.013557886365815279,-0.26712740384615385,0.0,237.0,331.0,33.0,False,,ELIGIBLE_NOT_PICKED
EPRT,29.89,6464400089.56,True,Real Estate,0.013678598007689408,0.08176163,-0.11978975887856944,-0.3966346153846154,0.0,318.0,331.0,33.0,False,,ELIGIBLE_NOT_PICKED
EQH,52.04,14208749570.28,True,Financial Services,0.02038673757076856,0.184141,0.00044400636394586405,-0.11147836538461539,1.0,240.0,331.0,33.0,False,,ELIGIBLE_NOT_PICKED
EQIX,1041.21,102737946180.06,True,Real Estate,0.01773151124623953,0.14548123,0.12891882338844501,0.04567307692307693,1.0,123.0,331.0,33.0,False,,ELIGIBLE_NOT_PICKED
EQPT,19.4,4915493682.2,True,Industrials,0.05522290626204735,0.32365525,-0.2646899771743569,-0.10216346153846154,4.0,275.0,331.0,33.0,False,,ELIGIBLE_NOT_PICKED
EQT,55.12,34478441920.0,True,Energy,0.01764227642947333,0.12391704,0.07740657754218556,-0.037560096153846145,1.0,192.0,331.0,33.0,False,,ELIGIBLE_NOT_PICKED
ERAS,16.28,5694125929.8,True,Healthcare,0.04318496498035942,0.39972228,-0.1457712234251803,0.037560096153846145,4.0,153.0,331.0,33.0,False,,ELIGIBLE_NOT_PICKED
ERIE,243.35,11240728293.5,True,Financial Services,0.03141176503884374,0.28392953,-0.15656080553388765,-0.12019230769230765,3.0,300.0,331.0,33.0,False,,ELIGIBLE_NOT_PICKED
ES,71.49,26928478163.46,True,Utilities,0.011596413345965595,0.08160214,0.010924124782561625,-0.21905048076923078,0.0,205.0,331.0,33.0,False,,ELIGIBLE_NOT_PICKED
ESAB,74.74,4646422119.4,True,Industrials,0.03377402578278597,0.24051033,-0.24532566824381835,-0.23046875000000003,3.0,328.0,331.0,33.0,False,,ELIGIBLE_NOT_PICKED
ESE,272.12,7049967132.04,True,Technology,0.02329151794698648,0.21865472,-0.02763677134646367,-0.09975961538461539,2.0,267.0,331.0,33.0,False,,ELIGIBLE_NOT_PICKED
ESI,36.21,8824047995.94,True,Basic Materials,0.0301289595948294,0.30543005,-0.022603743838062098,0.05679086538461536,3.0,177.0,331.0,33.0,False,,ELIGIBLE_NOT_PICKED
ESNT,68.44,6151147180.92,True,Financial Services,0.014315891432634753,0.07164428,0.06831514691254309,-0.12319711538461539,0.0,143.0,331.0,33.0,False,,ELIGIBLE_NOT_PICKED
ESRT,4.4,761783655.6,False,,,,,,,,,,,,INELIGIBLE_TODAY
ESS,277.41,17828707662.99,True,Real Estate,0.013260443190564832,0.08517004,0.0654913658274111,-0.11057692307692307,0.0,129.0,331.0,33.0,False,,ELIGIBLE_NOT_PICKED
ESTA,75.29,2243784373.3900003,True,Healthcare,0.029206084909943194,0.27002132,-0.0868956788413946,-0.08233173076923078,3.0,285.0,331.0,33.0,False,,ELIGIBLE_NOT_PICKED
ESTC,88.42,9283328977.6,True,Technology,0.041900011959646204,0.39063677,-0.10301579998435183,0.06580528846153844,4.0,140.0,331.0,33.0,False,,ELIGIBLE_NOT_PICKED
ET,21.51,74065374417.51001,True,Energy,0.010933016179044188,0.08483347,0.06702381043120878,-0.10907451923076922,0.0,128.0,331.0,33.0,False,,ELIGIBLE_NOT_PICKED
ETN,422.13,163955292000.0,True,Industrials,0.02979827009499378,0.2810114,-0.033554107878881,0.007812499999999972,3.0,218.0,331.0,33.0,False,,ELIGIBLE_NOT_PICKED
ETR,108.53,50643516477.94,True,Utilities,0.011573509372130733,0.09133148,-0.03939008356485089,-0.28756009615384615,0.0,253.0,331.0,33.0,False,,ELIGIBLE_NOT_PICKED
ETSY,72.82,6683546889.36,True,Consumer Cyclical,0.029011725395201894,0.30978528,0.2796368846336098,0.36778846153846156,3.0,8.0,331.0,33.0,True,0.00470262180456665,PICK
EVCM,7.18,1268456466.28,False,,,,,,,,,,,,INELIGIBLE_TODAY
EVEX,2.25,784094249.25,False,,,,,,,,,,,,INELIGIBLE_TODAY
EVGO,1.41,443467165.2,False,,,,,,,,,,,,INELIGIBLE_TODAY
EVH,4.22,477110393.7,False,,,,,,,,,,,,INELIGIBLE_TODAY
EVR,295.67,11370811221.26,True,Financial Services,0.023607808479911393,0.2553019,0.052823836484837544,0.11868990384615385,2.0,110.0,331.0,33.0,False,,ELIGIBLE_NOT_PICKED
EVRG,82.24,18961844225.28,True,Utilities,0.010449705570551622,0.087418415,-0.028236424633073187,-0.27584134615384615,0.0,244.0,331.0,33.0,False,,ELIGIBLE_NOT_PICKED
EVTC,29.03,1734616294.26,False,,,,,,,,,,,,INELIGIBLE_TODAY
EW,86.72,49985408000.0,True,Healthcare,0.014968159494825547,0.10136473,0.13145807354632696,-0.0018028846153846367,0.0,57.0,331.0,33.0,False,,ELIGIBLE_NOT_PICKED
EWBC,129.25,17708782388.0,True,Financial Services,0.011862539052863545,0.09290286,-0.058747032842046444,-0.31760817307692313,0.0,268.0,331.0,33.0,False,,ELIGIBLE_NOT_PICKED
EWTX,43.82,4759032932.78,True,Healthcare,0.04179568516564538,0.4108218,-0.04398522709465738,0.15114182692307693,4.0,83.0,331.0,33.0,False,,ELIGIBLE_NOT_PICKED
EXC,43.95,45367561849.65,True,Utilities,0.012653037343823918,0.13150796,-0.062332050779466686,-0.2746394230769231,0.0,243.0,331.0,33.0,False,,ELIGIBLE_NOT_PICKED
EXE,98.19,22731357041.91,True,Energy,0.01681863031280669,0.16727407,0.14123745258057985,0.08774038461538461,1.0,81.0,331.0,33.0,False,,ELIGIBLE_NOT_PICKED
EXEL,57.67,14289570177.640001,True,Healthcare,0.021708013539275935,0.30399927,0.19801181708762755,0.34615384615384615,2.0,5.0,331.0,33.0,True,0.0062848298940266405,PICK
EXFY,2.37,216112393.68,False,,,,,,,,,,,,INELIGIBLE_TODAY
EXLS,35.52,5385275964.4800005,True,Technology,0.03380716330973801,0.21550596,0.060540848212545954,0.054387019230769246,3.0,179.0,331.0,33.0,False,,ELIGIBLE_NOT_PICKED
EXOD,7.42,224108174.35999998,False,,,,,,,,,,,,INELIGIBLE_TODAY
EXP,190.58,5846103438.5,True,Basic Materials,0.022749943128072433,0.22411884,-0.01889347384628567,-0.07481971153846154,2.0,250.0,331.0,33.0,False,,ELIGIBLE_NOT_PICKED
EXPD,185.96,24173056067.120003,True,Industrials,0.015553962425275908,0.17811574,0.19659825754533578,0.13191105769230768,0.0,6.0,331.0,33.0,True,0.00877147370562433,PICK
EXPE,274.55,32951310620.65,True,Industrials,0.03049545966402276,0.32858703,0.0859379458199165,0.29086538461538464,3.0,37.0,331.0,33.0,False,,ELIGIBLE_NOT_PICKED
EXPO,67.865,3226714990.66,True,Industrials,0.01769802555748219,0.15231484,0.02550167621477369,-0.10396634615384615,1.0,236.0,331.0,33.0,False,,ELIGIBLE_NOT_PICKED
EXR,139.16,29400271691.28,True,Real Estate,0.012663231837328962,0.08485079,0.030308619748797862,-0.1748798076923077,0.0,177.0,331.0,33.0,False,,ELIGIBLE_NOT_PICKED
EXTR,21.65,2825122637.45,True,Technology,0.03678724808331566,0.30643988,0.07019181310571872,0.22686298076923078,4.0,54.0,331.0,33.0,False,,ELIGIBLE_NOT_PICKED
EYE,17.0,1344178321.0,False,,,,,,,,,,,,INELIGIBLE_TODAY
EZPW,33.09,2033161344.9300003,True,Financial Services,0.03520684692366216,0.33445853,-0.09473183476441152,0.006911057692307682,3.0,220.0,331.0,33.0,False,,ELIGIBLE_NOT_PICKED
F,14.0,55826339338.0,True,Consumer Cyclical,0.01879217005261536,0.2769229,0.11469114100548541,0.24759615384615385,1.0,9.0,331.0,33.0,True,0.007260000949841816,PICK
FA,20.63,3543278645.33,True,Industrials,0.04148402938357896,0.34763044,0.06904844965091518,0.2917668269230769,4.0,35.0,331.0,33.0,False,,ELIGIBLE_NOT_PICKED
FAC,5.69,608962264.0500001,False,,,,,,,,,,,,INELIGIBLE_TODAY
FAF,71.38,7280760000.0,True,Financial Services,0.020997194737395905,0.19695882,-0.07096510882860776,-0.20552884615384615,1.0,284.0,331.0,33.0,False,,ELIGIBLE_NOT_PICKED
FANG,199.65,55906862076.450005,True,Energy,0.020698247706111443,0.16817285,0.15687746928728125,0.10126201923076922,1.0,69.0,331.0,33.0,False,,ELIGIBLE_NOT_PICKED
FAST,49.38,56663430154.740005,True,Industrials,0.015047176513650434,0.10588854,0.13807623846097627,0.012319711538461564,0.0,44.0,331.0,33.0,False,,ELIGIBLE_NOT_PICKED
FATE,2.5,299551285.0,False,,,,,,,,,,,,INELIGIBLE_TODAY
FBIN,42.19,5036282614.63,True,Basic Materials,0.032717595413421244,0.25530684,0.017827940204294276,0.04867788461538464,3.0,182.0,331.0,33.0,False,,ELIGIBLE_NOT_PICKED
FBK,55.99,2798275946.62,True,Financial Services,0.012985419031966861,0.10055477,-0.0748701450346432,-0.328125,0.0,279.0,331.0,33.0,False,,ELIGIBLE_NOT_PICKED
FBNC,64.71,2677325840.91,True,Financial Services,0.013428888174267926,0.06630593,-0.054800593560105054,-0.3425480769230769,0.0,283.0,331.0,33.0,False,,ELIGIBLE_NOT_PICKED
FBP,28.08,4286924965.4399996,True,Financial Services,0.012870784986998462,0.087534264,0.03095214766680259,-0.17037259615384615,0.0,174.0,331.0,33.0,False,,ELIGIBLE_NOT_PICKED
FBYD,8.07,978562131.36,False,,,,,,,,,,,,INELIGIBLE_TODAY
FCEL,17.76,1419986520.96,False,,,,,,,,,,,,INELIGIBLE_TODAY
FCF,21.1,2132280017.5000002,True,Financial Services,0.011004335060635143,0.080571465,0.06328233564541073,-0.12019230769230768,0.0,139.0,331.0,33.0,False,,ELIGIBLE_NOT_PICKED
FCFS,225.42,9776871156.0,True,Financial Services,0.025306331317893668,0.25247902,0.06705329742038786,0.1337139423076923,2.0,98.0,331.0,33.0,False,,ELIGIBLE_NOT_PICKED
FCN,151.01,4169623940.7499995,True,Industrials,0.019936200500429564,0.20928629,0.06252571805767798,0.04477163461538461,1.0,124.0,331.0,33.0,False,,ELIGIBLE_NOT_PICKED
FCNCA,2149.93,24279417481.6,True,Financial Services,0.016588592608054946,0.1839373,-0.022995113119829016,-0.1505408653846154,1.0,264.0,331.0,33.0,False,,ELIGIBLE_NOT_PICKED
FCPT,24.82,2724153996.92,True,Real Estate,0.013179880541859427,0.06802426,-0.04231113357308181,-0.3191105769230769,0.0,272.0,331.0,33.0,False,,ELIGIBLE_NOT_PICKED
FCX,76.62,110027662612.26001,True,Basic Materials,0.030309645013174378,0.3648229,0.07502960880810167,0.32662259615384615,3.0,18.0,331.0,33.0,True,0.004501246133772775,PICK
FDS,289.0,10278441927.0,True,Financial Services,0.03236737989818754,0.2717902,0.04417463528359801,0.13251201923076922,3.0,118.0,331.0,33.0,False,,ELIGIBLE_NOT_PICKED
FDX,314.13,74317248586.44,True,Industrials,0.01666874677497387,0.22895105,0.1338231093479858,0.1802884615384615,1.0,27.0,331.0,33.0,True,0.008184848823572718,PICK
FDXF,129.07,19298305426.309998,True,Industrials,0.029279149334127112,0.3097948,-0.1078304167646686,-0.04867788461538464,3.0,267.0,331.0,33.0,False,,ELIGIBLE_NOT_PICKED
FE,46.45,26877824841.4,True,Utilities,0.011135570979569956,0.11596057,0.04032263215816033,-0.11658653846153846,0.0,133.0,331.0,33.0,False,,ELIGIBLE_NOT_PICKED
FELE,99.13,4382682426.32,True,Industrials,0.015521808366510547,0.18646827,0.1395101272622593,0.10787259615384617,0.0,10.0,331.0,33.0,True,0.008789644170967656,PICK
FERG,226.3,43778349857.1,True,Industrials,0.01949380861447593,0.19618253,0.016984908624081346,-0.06400240384615385,1.0,213.0,331.0,33.0,False,,ELIGIBLE_NOT_PICKED
FET,79.86,898129118.7,False,,,,,,,,,,,,INELIGIBLE_TODAY
FFAI,1.84,7093671.04,False,,,,,,,,,,,,INELIGIBLE_TODAY
FFBC,32.61,3423037133.4,True,Financial Services,0.013755433199193156,0.111847095,-0.12449767505522853,-0.36087740384615385,0.0,297.0,331.0,33.0,False,,ELIGIBLE_NOT_PICKED
FFIN,33.11,4745573756.7699995,True,Financial Services,0.01319872357820398,0.092733055,-0.14253545743070528,-0.40234375,0.0,321.0,331.0,33.0,False,,ELIGIBLE_NOT_PICKED
FFIV,389.62,22063082650.84,True,Technology,0.021891193582641834,0.25231045,0.07217185200727255,0.14212740384615385,2.0,94.0,331.0,33.0,False,,ELIGIBLE_NOT_PICKED
FG,24.17,3164704001.53,True,Financial Services,0.02580138690404527,0.33400005,-0.18395613066483968,-0.06009615384615388,2.0,245.0,331.0,33.0,False,,ELIGIBLE_NOT_PICKED
FHB,25.81,3140577163.54,True,Financial Services,0.013232815992119604,0.121521614,-0.02013429419602938,-0.22145432692307693,0.0,206.0,331.0,33.0,False,,ELIGIBLE_NOT_PICKED
FHI,61.45,4587874267.45,True,Financial Services,0.01740007258261668,0.19157456,0.06954502929805277,0.027644230769230782,1.0,144.0,331.0,33.0,False,,ELIGIBLE_NOT_PICKED
FHN,24.67,11688082487.86,True,Financial Services,0.012281162972258472,0.11295608,0.08252067326115814,-0.04056490384615383,0.0,86.0,331.0,33.0,False,,ELIGIBLE_NOT_PICKED
FIBK,37.22,3547237472.54,True,Financial Services,0.012629573349111809,0.093129344,0.022261040050460406,-0.18149038461538464,0.0,180.0,331.0,33.0,False,,ELIGIBLE_NOT_PICKED
FICO,933.3,20157072745.5,True,Technology,0.04144769745184069,0.22661129,-0.06470315394709741,-0.140625,4.0,296.0,331.0,33.0,False,,ELIGIBLE_NOT_PICKED
FIG,22.75,12125974474.25,True,Technology,0.056141663594695114,0.24970281,-0.09855879148596619,-0.13401442307692307,4.0,293.0,331.0,33.0,False,,ELIGIBLE_NOT_PICKED
FIGR,38.265,8554722378.0,True,Financial Services,0.05364965985558603,0.3611907,-0.04840217222547325,0.10126201923076925,4.0,117.0,331.0,33.0,False,,ELIGIBLE_NOT_PICKED
FIGS,13.68,2272798510.56,True,Consumer Cyclical,0.04772923342957234,0.32694095,-0.024201859324694527,0.08804086538461542,4.0,123.0,331.0,33.0,False,,ELIGIBLE_NOT_PICKED
FIRY,9.73,161734560.61,False,,,,,,,,,,,,INELIGIBLE_TODAY
FIS,39.42,20329127248.14,True,Technology,0.023715998571230607,0.24742468,-0.1029151038489521,-0.1436298076923077,2.0,284.0,331.0,33.0,False,,ELIGIBLE_NOT_PICKED
FISV,50.86,27045655430.06,True,Technology,0.02755726443358532,0.29500195,-0.032123701312792546,0.027644230769230782,3.0,197.0,331.0,33.0,False,,ELIGIBLE_NOT_PICKED
FITB,54.51,49434713663.64,True,Financial Services,0.014103111436825575,0.13050634,-0.13551476995484743,-0.34915865384615385,0.0,286.0,331.0,33.0,False,,ELIGIBLE_NOT_PICKED
FIVE,254.07,13987578672.449999,True,Consumer Cyclical,0.023677137125062916,0.2215739,0.08691640061097768,0.11298076923076922,2.0,114.0,331.0,33.0,False,,ELIGIBLE_NOT_PICKED
FIVN,31.23,2333615873.13,True,Technology,0.046505461805502156,0.40116104,0.08049275791834487,0.36959134615384615,4.0,18.0,331.0,33.0,True,0.0029336591259359343,PICK
FIX,1648.47,58016795526.63,True,Industrials,0.03882913885953875,0.3269649,0.025392623593315053,0.17698317307692307,4.0,71.0,331.0,33.0,False,,ELIGIBLE_NOT_PICKED
FIZZ,31.1,2911336372.2000003,True,Consumer Defensive,0.024238625210826585,0.22384496,-0.10133099975730625,-0.18689903846153846,2.0,297.0,331.0,33.0,False,,ELIGIBLE_NOT_PICKED
FLEX,114.31,42226454415.18,True,Technology,0.04304780468571261,0.30745506,-0.04206961229174392,0.03125000000000003,4.0,159.0,331.0,33.0,False,,ELIGIBLE_NOT_PICKED
FLG,13.5,5603753286.0,True,Financial Services,0.015134466486732135,0.18103766,-0.08260760052106536,-0.23858173076923078,0.0,215.0,331.0,33.0,False,,ELIGIBLE_NOT_PICKED
FLGT,20.2,555808918.6,False,,,,,,,,,,,,INELIGIBLE_TODAY
FLNA,0.797,38501393.112,False,,,,,,,,,,,,INELIGIBLE_TODAY
FLNC,11.04,2037943913.7599998,True,Utilities,0.051932690544091976,0.32439345,-0.209338964695286,-0.08743990384615383,4.0,268.0,331.0,33.0,False,,ELIGIBLE_NOT_PICKED
FLO,6.32,1340202881.76,False,,,,,,,,,,,,INELIGIBLE_TODAY
FLOC,21.24,1919102562.7199998,False,,,,,,,,,,,,INELIGIBLE_TODAY
FLR,56.62,7572419213.54,True,Industrials,0.03496626571468878,0.28912038,0.04544806598198021,0.15775240384615385,3.0,103.0,331.0,33.0,False,,ELIGIBLE_NOT_PICKED
FLS,76.98,9785141804.4,True,Industrials,0.02502403784631814,0.23483089,0.04953479351212997,0.07421875,2.0,144.0,331.0,33.0,False,,ELIGIBLE_NOT_PICKED
FLUT,100.7,17475387571.4,True,Consumer Cyclical,0.03363217747349042,0.3175334,-0.04267824236044991,0.043269230769230754,3.0,187.0,331.0,33.0,False,,ELIGIBLE_NOT_PICKED
FLWS,3.65,233959462.95,False,,,,,,,,,,,,INELIGIBLE_TODAY
FLY,22.9,3833566370.5,True,Industrials,0.056304077896626364,0.3199027,-0.32007579680608367,-0.11448317307692307,4.0,282.0,331.0,33.0,False,,ELIGIBLE_NOT_PICKED
FLYW,17.97,2186368101.7799997,True,Technology,0.02947038145083678,0.3877462,0.05797467567090818,0.32091346153846156,3.0,21.0,331.0,33.0,True,0.004629433543613077,PICK
FMC,12.81,1604155807.5900002,False,,,,,,,,,,,,INELIGIBLE_TODAY
FMCC,5.48,3562326350.44,False,,,,,,,,,,,,INELIGIBLE_TODAY
FN,416.31,14918412231.84,True,Technology,0.05311081484698745,0.27895987,-0.1319584686411164,-0.11147836538461542,4.0,280.0,331.0,33.0,False,,ELIGIBLE_NOT_PICKED
FNB,18.32,6466977807.04,True,Financial Services,0.012841163487216551,0.094164476,-0.008202562173729618,-0.23858173076923075,0.0,214.0,331.0,33.0,False,,ELIGIBLE_NOT_PICKED
FND,47.92,5102999122.8,True,Consumer Cyclical,0.03283961364616989,0.29497716,-0.09139957568020206,-0.053185096153846145,3.0,270.0,331.0,33.0,False,,ELIGIBLE_NOT_PICKED
FNF,44.65,11974809725.55,True,Financial Services,0.019404810209570737,0.19543593,-0.1268393654711996,-0.26231971153846156,1.0,305.0,331.0,33.0,False,,ELIGIBLE_NOT_PICKED
FNMA,6.08,7041172407.36,False,,,,,,,,,,,,INELIGIBLE_TODAY
FOR,27.08,1381557339.1599998,False,,,,,,,,,,,,INELIGIBLE_TODAY
FORM,109.86,8582342848.5,True,Technology,0.07195046135752795,0.36222818,-0.024167913891344928,0.14513221153846154,4.0,89.0,331.0,33.0,False,,ELIGIBLE_NOT_PICKED
FOSL,5.11,302195445.72,False,,,,,,,,,,,,INELIGIBLE_TODAY
FOUR,42.29,3339223474.7999997,True,Technology,0.05029220770977682,0.33081186,-0.17272471478681103,-0.05979567307692307,4.0,248.0,331.0,33.0,False,,ELIGIBLE_NOT_PICKED
FOXA,65.23,27373779219.27,True,Communication Services,0.032305247488343514,0.26872823,0.011551888814776923,0.06039663461538458,3.0,175.0,331.0,33.0,False,,ELIGIBLE_NOT_PICKED
FOXF,20.26,851548080.2600001,False,,,,,,,,,,,,INELIGIBLE_TODAY
FPH,5.09,752707489.76,False,,,,,,,,,,,,INELIGIBLE_TODAY
FPS,32.31,9836097403.59,True,Industrials,0.046187089807371004,0.249319,0.040700835816612047,0.08173076923076922,4.0,127.0,331.0,33.0,False,,ELIGIBLE_NOT_PICKED
FR,61.73,8183727956.58,True,Real Estate,0.012252626075103539,0.068143815,0.07932505879249518,-0.10456730769230771,0.0,126.0,331.0,33.0,False,,ELIGIBLE_NOT_PICKED
FRHC,162.02,10334877645.320002,True,Financial Services,0.042833529239335616,0.20865141,-0.27472314733086933,-0.29897836538461536,4.0,329.0,331.0,33.0,False,,ELIGIBLE_NOT_PICKED
FRME,41.17,2585534584.9100003,True,Financial Services,0.013818526180496506,0.13221069,-0.09395914438726603,-0.31099759615384615,0.0,263.0,331.0,33.0,False,,ELIGIBLE_NOT_PICKED
FRMI,5.71,3657068557.08,False,,,,,,,,,,,,INELIGIBLE_TODAY
FROG,86.73,10693922703.03,True,Technology,0.04180848280299699,0.36356494,-0.030548895341829578,0.13792067307692307,4.0,94.0,331.0,33.0,False,,ELIGIBLE_NOT_PICKED
FRPT,67.28,3233347218.7200003,True,Consumer Defensive,0.03534991256072866,0.31951416,-0.04254101903686888,0.046274038461538464,3.0,184.0,331.0,33.0,False,,ELIGIBLE_NOT_PICKED
FRSH,12.1,3157141341.2,True,Technology,0.03163230608570156,0.39521414,0.08484041395667341,0.3740985576923077,3.0,7.0,331.0,33.0,True,0.004313032760303431,PICK
FRT,117.25,10187750844.25,True,Real Estate,0.009941307474544038,0.06450576,0.046580936835420056,-0.16376201923076922,0.0,169.0,331.0,33.0,False,,ELIGIBLE_NOT_PICKED
FRVO,18.9,5423880174.299999,True,Utilities,0.08520851529394276,0.25771844,-0.12394684131199696,-0.14423076923076925,4.0,300.0,331.0,33.0,False,,ELIGIBLE_NOT_PICKED
FSK,12.18,3365824610.4,True,Financial Services,0.021608534568115553,0.117198825,-0.030591322311511675,-0.23858173076923075,2.0,317.0,331.0,33.0,False,,ELIGIBLE_NOT_PICKED
FSLR,213.25,22917932291.0,True,Technology,0.028693833117003405,0.3038723,-0.003441804689837883,0.08563701923076922,3.0,158.0,331.0,33.0,False,,ELIGIBLE_NOT_PICKED
FSLY,21.49,3423356999.9999995,True,Technology,0.05324147334960863,0.43834403,-0.004064725548896204,0.22055288461538464,4.0,58.0,331.0,33.0,False,,ELIGIBLE_NOT_PICKED
FSS,118.25,7218170500.75,True,Industrials,0.025997294063984915,0.21660891,-0.1156925935120877,-0.2166466346153846,2.0,309.0,331.0,33.0,False,,ELIGIBLE_NOT_PICKED
FTAI,196.69,20201457728.79,True,Industrials,0.03950349411733041,0.2209713,-0.09906241364368817,-0.19170673076923078,4.0,314.0,331.0,33.0,False,,ELIGIBLE_NOT_PICKED
FTDR,81.04,5583114328.64,True,Consumer Cyclical,0.031225467375392228,0.2069116,0.14065628520034376,0.13972355769230768,3.0,111.0,331.0,33.0,False,,ELIGIBLE_NOT_PICKED
FTI,78.16,30651568566.079998,True,Energy,0.022208669157657568,0.25843686,0.24163413870308503,0.28665865384615385,2.0,19.0,331.0,33.0,True,0.0061431493919362045,PICK
FTNT,157.47,115537888937.91,True,Technology,0.02706951208538069,0.28130597,0.17882995322898307,0.3079927884615385,3.0,28.0,331.0,33.0,True,0.0050400307179994655,PICK
FTRE,17.06,1622405999.9999998,False,,,,,,,,,,,,INELIGIBLE_TODAY
FTV,56.51,17066983608.519999,True,Technology,0.016639113215949564,0.1483348,0.1816718426702437,0.08924278846153844,1.0,78.0,331.0,33.0,False,,ELIGIBLE_NOT_PICKED
FUBO,11.23,1226280007.8500001,False,,,,,,,,,,,,INELIGIBLE_TODAY
FUL,53.04,2852884279.44,True,Basic Materials,0.02156370324663562,0.25802338,0.012882653190689899,0.04176682692307693,2.0,170.0,331.0,33.0,False,,ELIGIBLE_NOT_PICKED
FULT,23.62,4509401978.06,True,Financial Services,0.011977299996267041,0.08901953,-0.08967385741327279,-0.3572716346153846,0.0,294.0,331.0,33.0,False,,ELIGIBLE_NOT_PICKED
FUN,15.74,1610458750.88,False,,,,,,,,,,,,INELIGIBLE_TODAY
FWONA,87.25,21874315316.25,True,Communication Services,0.015921444492829954,0.1394852,-0.10525451755342667,-0.3185096153846154,1.0,319.0,331.0,33.0,False,,ELIGIBLE_NOT_PICKED
FWRD,17.27,583395486.74,False,,,,,,,,,,,,INELIGIBLE_TODAY
G,35.35,5940016287.45,True,Technology,0.02658215777754433,0.26406607,-0.023434021994053714,-0.005108173076923045,2.0,211.0,331.0,33.0,False,,ELIGIBLE_NOT_PICKED
GAP,22.38,7861425666.059999,True,Consumer Cyclical,0.028552272021476883,0.2572984,-0.06026588808361853,-0.07512019230769232,3.0,282.0,331.0,33.0,False,,ELIGIBLE_NOT_PICKED
GATX,176.32,6224096000.0,True,Industrials,0.012712670565466058,0.07628248,-0.07853701409424423,-0.3620793269230769,0.0,300.0,331.0,33.0,False,,ELIGIBLE_NOT_PICKED
GBCI,46.23,6019698587.19,True,Financial Services,0.015414972777579986,0.14557335,-0.15974848889015927,-0.3506610576923077,0.0,287.0,331.0,33.0,False,,ELIGIBLE_NOT_PICKED
GBDC,12.78,3318347307.4199996,True,Financial Services,0.0123760079596511,0.057242885,-0.0831323380969611,-0.38221153846153844,0.0,308.0,331.0,33.0,False,,ELIGIBLE_NOT_PICKED
GBX,42.76,1322980973.36,False,,,,,,,,,,,,INELIGIBLE_TODAY
GCMG,13.18,2672799878.0,True,Financial Services,0.01995192021332337,0.15472613,0.14358782378004514,0.07091346153846156,1.0,96.0,331.0,33.0,False,,ELIGIBLE_NOT_PICKED
GCO,34.55,383745917.15,False,,,,,,,,,,,,INELIGIBLE_TODAY
GD,356.58,96475284593.09999,True,Industrials,0.012796069297546056,0.16574258,0.07325267743129778,0.002103365384615391,0.0,55.0,331.0,33.0,False,,ELIGIBLE_NOT_PICKED
GDDY,92.88,11763038747.519999,True,Technology,0.04041446473776071,0.49242792,0.08558523195755721,0.3915264423076923,4.0,11.0,331.0,33.0,True,0.003375800553510828,PICK
GDOT,13.25,755053621.75,False,,,,,,,,,,,,INELIGIBLE_TODAY
GDRX,3.52,1200831765.76,False,,,,,,,,,,,,INELIGIBLE_TODAY
GDYN,7.89,640091091.09,False,,,,,,,,,,,,INELIGIBLE_TODAY
GE,334.91,347490061228.83,True,Industrials,0.01831282190945606,0.14704718,0.08410105615986047,-0.002103365384615391,1.0,160.0,331.0,33.0,False,,ELIGIBLE_NOT_PICKED
GEF,84.69,3909995105.49,True,Consumer Cyclical,0.01675293623942346,0.20365556,0.0770380115105061,0.060096153846153855,1.0,110.0,331.0,33.0,False,,ELIGIBLE_NOT_PICKED
GEG,2.2,68408758.0,False,,,,,,,,,,,,INELIGIBLE_TODAY
GEHC,66.775,30161349477.300003,True,Healthcare,0.025185497446997364,0.2039812,-0.07063154787205102,-0.1953125,2.0,303.0,331.0,33.0,False,,ELIGIBLE_NOT_PICKED
GEL,15.8,1930986224.4,False,,,,,,,,,,,,INELIGIBLE_TODAY
GEMI,4.68,606772305.36,False,,,,,,,,,,,,INELIGIBLE_TODAY
GEN,29.81,17843879423.92,True,Technology,0.021774975549956655,0.22386241,0.060523866598157866,0.07241586538461539,2.0,145.0,331.0,33.0,False,,ELIGIBLE_NOT_PICKED
GENB,15.9,2040803732.4,True,Healthcare,0.050918798260162344,0.4557033,-0.2519231298608021,0.011418269230769218,4.0,178.0,331.0,33.0,False,,ELIGIBLE_NOT_PICKED
GEO,32.04,4217091471.3599997,True,Industrials,0.018566716639817453,0.21330148,0.07724255004144548,0.07962740384615383,1.0,87.0,331.0,33.0,False,,ELIGIBLE_NOT_PICKED
GETY,0.258,108622766.808,False,,,,,,,,,,,,INELIGIBLE_TODAY
GEV,971.31,258692470561.11,True,Utilities,0.03589896323485702,0.31745017,-0.045370355512807846,0.035456730769230754,3.0,191.0,331.0,33.0,False,,ELIGIBLE_NOT_PICKED
GFF,97.33,4408534708.28,True,Industrials,0.0260095449031797,0.21061112,0.17579884136777077,0.1739783653846154,2.0,72.0,331.0,33.0,False,,ELIGIBLE_NOT_PICKED
GGG,77.03,12475303062.72,True,Industrials,0.01425783814622773,0.101392135,0.12115928876548757,-0.011718750000000028,0.0,65.0,331.0,33.0,False,,ELIGIBLE_NOT_PICKED
GH,160.98,21602899446.6,True,Healthcare,0.033471123024617376,0.36467674,0.05297720488130797,0.2902644230769231,3.0,38.0,331.0,33.0,False,,ELIGIBLE_NOT_PICKED
GHC,1127.68,4775643607.04,True,Consumer Defensive,0.015422400598187537,0.22696435,0.039758569902345706,0.0363581730769231,0.0,31.0,331.0,33.0,True,0.008846299352878308,PICK
GIII,27.62,1165303626.26,False,,,,,,,,,,,,INELIGIBLE_TODAY
GILD,146.64,181827023929.19998,True,Healthcare,0.018428788696758402,0.24591987,0.12734292056482696,0.20342548076923078,1.0,19.0,331.0,33.0,True,0.0074031546335747225,PICK
GIS,37.69,20115469445.239998,True,Consumer Defensive,0.023321709032875927,0.22841583,0.061967487295418705,0.08263221153846154,2.0,134.0,331.0,33.0,False,,ELIGIBLE_NOT_PICKED
GKOS,185.04,10914387702.48,True,Healthcare,0.021701784950268026,0.29721832,0.18892771629422583,0.33203125,2.0,8.0,331.0,33.0,True,0.00628663369138636,PICK
GL,170.68,13116663613.960001,True,Financial Services,0.01479001216639749,0.14844301,0.07644983101747473,-0.013822115384615363,0.0,67.0,331.0,33.0,False,,ELIGIBLE_NOT_PICKED
GLP,53.11,1805504350.93,False,,,,,,,,,,,,INELIGIBLE_TODAY
GLPI,41.62,12108092189.66,True,Real Estate,0.01387064355799074,0.07827754,-0.07891257743560515,-0.3602764423076923,0.0,296.0,331.0,33.0,False,,ELIGIBLE_NOT_PICKED
GLUE,14.27,1217422232.27,False,,,,,,,,,,,,INELIGIBLE_TODAY
GLW,165.96,142956007412.76,True,Technology,0.05877895620690964,0.3448486,-0.03472813789243263,0.10637019230769232,4.0,113.0,331.0,33.0,False,,ELIGIBLE_NOT_PICKED
GLXY,27.05,10573549884.5,True,Financial Services,0.05676036796837355,0.36048296,-0.23153551873432768,-0.03515625000000003,4.0,230.0,331.0,33.0,False,,ELIGIBLE_NOT_PICKED
GM,85.79,75276567702.39,True,Consumer Cyclical,0.0186165005420055,0.25953194,0.21674859777899572,0.2860576923076923,1.0,6.0,331.0,33.0,True,0.007328507961189525,PICK
GME,18.89,8475777844.7300005,True,Consumer Cyclical,0.021324346643791757,0.19131331,-0.1309874575357194,-0.2713341346153846,2.0,324.0,331.0,33.0,False,,ELIGIBLE_NOT_PICKED
GMED,75.04,10075014026.560001,True,Healthcare,0.0252707123860889,0.26519606,0.004369407285534255,0.042367788461538464,2.0,169.0,331.0,33.0,False,,ELIGIBLE_NOT_PICKED
GNL,9.1,1919463910.0,False,,,,,,,,,,,,INELIGIBLE_TODAY
GNRC,190.21,11223599925.810001,True,Industrials,0.033872796416895765,0.3137527,-0.008853211039539942,0.0859375,3.0,157.0,331.0,33.0,False,,ELIGIBLE_NOT_PICKED
GNTX,22.8,4803579946.8,True,Consumer Cyclical,0.01774177874785742,0.23264071,-0.019979042769656355,-0.06129807692307693,1.0,211.0,331.0,33.0,False,,ELIGIBLE_NOT_PICKED
GNW,10.42,3937207805.54,True,Financial Services,0.01179735386540891,0.103802666,0.09549005494373686,-0.035757211538461536,0.0,84.0,331.0,33.0,False,,ELIGIBLE_NOT_PICKED
GO,11.75,1164242781.0,False,,,,,,,,,,,,INELIGIBLE_TODAY
GOGO,2.75,372646620.5,False,,,,,,,,,,,,INELIGIBLE_TODAY
GOLF,85.79,5010568724.76,True,Consumer Cyclical,0.022111003521381106,0.17990167,-0.0390894957374334,-0.1787860576923077,2.0,294.0,331.0,33.0,False,,ELIGIBLE_NOT_PICKED
GOOGL,338.36,4138142800000.0,True,Communication Services,0.02297246706536711,0.19645256,0.02356189363446495,-0.04807692307692307,2.0,239.0,331.0,33.0,False,,ELIGIBLE_NOT_PICKED
GPC,134.06,18481479157.48,True,Consumer Cyclical,0.024861507596754127,0.19852175,0.06790701127315027,0.03455528846153849,2.0,178.0,331.0,33.0,False,,ELIGIBLE_NOT_PICKED
GPCR,40.38,8638476117.36,True,Healthcare,0.03449354322194194,0.3915076,-0.31133769642848513,-0.015625,3.0,243.0,331.0,33.0,False,,ELIGIBLE_NOT_PICKED
GPGI,13.9,4029472139.8,True,Industrials,0.04063969947511598,0.26492837,-0.3471068785359529,-0.19411057692307696,4.0,316.0,331.0,33.0,False,,ELIGIBLE_NOT_PICKED
GPI,281.6,3357298560.0000005,True,Consumer Cyclical,0.0354400488621648,0.34622207,-0.015057878489918044,0.13701923076923075,3.0,115.0,331.0,33.0,False,,ELIGIBLE_NOT_PICKED
GPK,9.89,2928147856.9700003,False,,,,,,,,,,,,INELIGIBLE_TODAY
GPN,89.42,23662176433.8,True,Industrials,0.025650244640927338,0.21894653,-0.1278548684720333,-0.22175480769230768,2.0,311.0,331.0,33.0,False,,ELIGIBLE_NOT_PICKED
GPOR,180.04,3183803234.64,True,Energy,0.018445834519703275,0.14262076,0.04663524064429549,-0.07331730769230771,1.0,218.0,331.0,33.0,False,,ELIGIBLE_NOT_PICKED
GPRE,15.78,1106104275.84,False,,,,,,,,,,,,INELIGIBLE_TODAY
GPRO,1.455,268453915.095,False,,,,,,,,,,,,INELIGIBLE_TODAY
GRAL,79.1,3533099109.3999996,True,Healthcare,0.043547539723323536,0.36068562,-0.2258191056863384,-0.03215144230769232,4.0,227.0,331.0,33.0,False,,ELIGIBLE_NOT_PICKED
GRBK,70.25,3021501394.0,True,Consumer Cyclical,0.02043635020047801,0.20042104,-0.06261319028423196,-0.18689903846153846,1.0,278.0,331.0,33.0,False,,ELIGIBLE_NOT_PICKED
GRC,75.49,1993709244.07,False,,,,,,,,,,,,INELIGIBLE_TODAY
GRDN,42.45,2688880804.8,True,Healthcare,0.02930731778695557,0.31986532,0.04080958336314035,0.1908052884615385,3.0,83.0,331.0,33.0,False,,ELIGIBLE_NOT_PICKED
GRMN,275.68,53165587124.48,True,Technology,0.02613980723998598,0.20123585,0.01446987309854607,-0.062199519230769246,2.0,246.0,331.0,33.0,False,,ELIGIBLE_NOT_PICKED
GRND,15.46,2687266893.42,True,Technology,0.027685457726335405,0.18970464,0.1540655281560056,0.125,3.0,127.0,331.0,33.0,False,,ELIGIBLE_NOT_PICKED
GRPN,18.95,770607359.1999999,False,,,,,,,,,,,,INELIGIBLE_TODAY
GRWG,1.63,96040331.86999999,False,,,,,,,,,,,,INELIGIBLE_TODAY
GS,1036.53,301807899534.24,True,Financial Services,0.02264990617820969,0.19701006,-0.017885952773280065,-0.12319711538461539,2.0,276.0,331.0,33.0,False,,ELIGIBLE_NOT_PICKED
GSAT,82.22,10652701925.8,True,Communication Services,0.008209522205866895,0.03698308,0.07575651937543244,-0.12199519230769232,0.0,141.0,331.0,33.0,False,,ELIGIBLE_NOT_PICKED
GSBD,9.68,1089668568.56,False,,,,,,,,,,,,INELIGIBLE_TODAY
GSHD,62.32,2213351199.6,True,Financial Services,0.042714747246738065,0.32454562,0.1016704864894627,0.3004807692307692,4.0,31.0,331.0,33.0,True,0.0031940063145754673,PICK
GT,5.85,1684207611.4499998,False,,,,,,,,,,,,INELIGIBLE_TODAY
GTES,25.65,6493327510.5,True,Industrials,0.025668057618306383,0.22001673,0.02614597401374448,-0.0012019230769230727,2.0,210.0,331.0,33.0,False,,ELIGIBLE_NOT_PICKED
GTLB,47.15,7855190000.0,True,Technology,0.036429718992326214,0.3358381,0.00344457143152589,0.15054086538461536,3.0,106.0,331.0,33.0,False,,ELIGIBLE_NOT_PICKED
GTM,3.9,1135329179.3999999,False,,,,,,,,,,,,INELIGIBLE_TODAY
GTN,4.77,491235506.90999997,False,,,,,,,,,,,,INELIGIBLE_TODAY
GTX,27.99,5219950657.86,True,Consumer Cyclical,0.025609105320223195,0.27333006,0.20324105776805584,0.30709134615384615,2.0,15.0,331.0,33.0,True,0.005327447824732807,PICK
GTY,32.61,2019625314.3899999,True,Real Estate,0.012189561184831157,0.07215484,-0.06608694816500421,-0.3536658653846154,0.0,289.0,331.0,33.0,False,,ELIGIBLE_NOT_PICKED
GVA,119.08,5211477850.8,True,Industrials,0.027044052725368053,0.22747889,-0.10007740544763051,-0.1778846153846154,3.0,319.0,331.0,33.0,False,,ELIGIBLE_NOT_PICKED
GWH,0.388,12792369.700000001,False,,,,,,,,,,,,INELIGIBLE_TODAY
GWRE,149.71,12464310254.44,True,Technology,0.04709652596907539,0.35009938,0.006537476349100933,0.17758413461538464,4.0,70.0,331.0,33.0,False,,ELIGIBLE_NOT_PICKED
GWW,1289.17,60721121398.14001,True,Industrials,0.015159232680892544,0.19384933,0.17038456077027245,0.14212740384615383,0.0,5.0,331.0,33.0,True,0.008999873232603728,PICK
GXO,46.71,5356916685.09,True,Industrials,0.02426583805105855,0.26453668,-0.08106453473399419,-0.08563701923076925,2.0,260.0,331.0,33.0,False,,ELIGIBLE_NOT_PICKED
H,161.11,15182480536.960001,True,Consumer Cyclical,0.017905474089212874,0.20782754,0.010582005308245835,-0.05859375,1.0,207.0,331.0,33.0,False,,ELIGIBLE_NOT_PICKED
HAE,102.84,4678916724.84,True,Healthcare,0.027891436947362073,0.29968056,0.2101651544969075,0.34314903846153844,3.0,13.0,331.0,33.0,True,0.004891507479125412,PICK
HAIN,0.681,61462621.92300001,False,,,,,,,,,,,,INELIGIBLE_TODAY
HAL,36.8,30659197505.6,True,Energy,0.021588942264798596,0.24538662,0.15812346327314464,0.2298677884615385,2.0,40.0,331.0,33.0,False,,ELIGIBLE_NOT_PICKED
HALO,108.31,12292968380.0,True,Healthcare,0.0308460438331684,0.265693,0.12878952070156918,0.24579326923076922,3.0,53.0,331.0,33.0,False,,ELIGIBLE_NOT_PICKED
HAPN,17.49,2018476545.36,True,Financial Services,0.02554609545852788,0.2710019,-0.12089395565412102,-0.11598557692307693,2.0,271.0,331.0,33.0,False,,ELIGIBLE_NOT_PICKED
HAS,90.31,12737725814.77,True,Consumer Cyclical,0.020123224536917783,0.18175292,0.06773890134628437,0.009915865384615391,1.0,153.0,331.0,33.0,False,,ELIGIBLE_NOT_PICKED
HASI,39.37,5058879252.299999,True,Financial Services,0.01652274042969211,0.11924867,-0.15323546970259116,-0.37259615384615385,1.0,329.0,331.0,33.0,False,,ELIGIBLE_NOT_PICKED
HAWK,17.83,1746725792.1599998,False,,,,,,,,,,,,INELIGIBLE_TODAY
HAYW,13.44,2850887182.08,True,Industrials,0.022597423748581084,0.23103197,0.03062884150734289,0.028846153846153855,2.0,188.0,331.0,33.0,False,,ELIGIBLE_NOT_PICKED
HBAN,16.76,33862152483.760002,True,Financial Services,0.014862356130901973,0.16540137,-0.08285034312438304,-0.25721153846153844,0.0,231.0,331.0,33.0,False,,ELIGIBLE_NOT_PICKED
HCA,402.02,87037933030.0,True,Healthcare,0.023000806200360102,0.2070465,0.08383946201659098,0.07842548076923078,2.0,139.0,331.0,33.0,False,,ELIGIBLE_NOT_PICKED
HCAT,1.7,127935847.7,False,,,,,,,,,,,,INELIGIBLE_TODAY
HCC,105.58,5574844345.46,True,Basic Materials,0.026407612079631472,0.30022115,-0.006291900727699683,0.07181490384615385,2.0,147.0,331.0,33.0,False,,ELIGIBLE_NOT_PICKED
HCI,186.09,2314748760.03,True,Financial Services,0.01621609336816874,0.1131137,0.08858715240353941,-0.03155048076923078,1.0,188.0,331.0,33.0,False,,ELIGIBLE_NOT_PICKED
HCSG,21.78,1494809359.5600002,False,,,,,,,,,,,,INELIGIBLE_TODAY
HD,313.7,312975235676.2,True,Consumer Cyclical,0.017516362745514758,0.17654994,-0.06565086322901216,-0.2277644230769231,1.0,293.0,331.0,33.0,False,,ELIGIBLE_NOT_PICKED
HE,10.9,1882735243.6000001,False,,,,,,,,,,,,INELIGIBLE_TODAY
HEI,316.1,44177315720.5,True,Industrials,0.014816259815093297,0.114363916,-0.1189216461048925,-0.35396634615384615,0.0,290.0,331.0,33.0,False,,ELIGIBLE_NOT_PICKED
HELE,28.07,653808152.27,False,,,,,,,,,,,,INELIGIBLE_TODAY
HESM,40.97,5258535594.57,True,Energy,0.012582638387507,0.07664771,0.20795621032662248,0.01472355769230771,0.0,42.0,331.0,33.0,False,,ELIGIBLE_NOT_PICKED
HG,34.87,3438683639.8199997,True,Financial Services,0.015151315141979335,0.15517052,0.08543338976531539,0.009014423076923073,0.0,49.0,331.0,33.0,False,,ELIGIBLE_NOT_PICKED
HGTY,13.37,4594235218.23,True,Financial Services,0.02726600550142905,0.14677466,0.0653140698924401,-0.038461538461538436,3.0,259.0,331.0,33.0,False,,ELIGIBLE_NOT_PICKED
HGV,40.55,3151714079.75,True,Consumer Cyclical,0.026628335337095244,0.28528723,-0.00679190241489746,0.05258413461538464,2.0,155.0,331.0,33.0,False,,ELIGIBLE_NOT_PICKED
HHH,64.05,3825132355.7999997,True,Real Estate,0.016078119585960844,0.18989436,-0.23790730390823966,-0.3221153846153846,1.0,321.0,331.0,33.0,False,,ELIGIBLE_NOT_PICKED
HHS,4.22,31456892.799999997,False,,,,,,,,,,,,INELIGIBLE_TODAY
HIG,135.66,36746495791.32,True,Financial Services,0.013054693172135862,0.12184445,0.15430493143193394,0.045973557692307654,0.0,29.0,331.0,33.0,True,0.010450737572505897,PICK
HII,287.67,11335520706.66,True,Industrials,0.026071751263797852,0.23334014,0.004526931664796317,-0.019230769230769218,2.0,221.0,331.0,33.0,False,,ELIGIBLE_NOT_PICKED
HIMS,28.17,6572438844.21,True,Consumer Defensive,0.05865265010539707,0.30226874,-0.18360199916756287,-0.11268028846153849,4.0,281.0,331.0,33.0,False,,ELIGIBLE_NOT_PICKED
HIW,30.5,3364339435.5,True,Real Estate,0.015529588889288487,0.14584136,-0.06452237981265387,-0.2638221153846154,0.0,233.0,331.0,33.0,False,,ELIGIBLE_NOT_PICKED
HL,20.46,13744382098.26,True,Basic Materials,0.04179321846722282,0.33824694,0.07017785497376441,0.28004807692307687,4.0,38.0,331.0,33.0,False,,ELIGIBLE_NOT_PICKED
HLF,12.43,1302706013.3999999,False,,,,,,,,,,,,INELIGIBLE_TODAY
HLI,135.39,9461933235.0,True,Financial Services,0.023592441524825508,0.18682992,0.04140992787448903,-0.030048076923076927,2.0,230.0,331.0,33.0,False,,ELIGIBLE_NOT_PICKED
HLIO,71.42,2353330209.34,True,Industrials,0.020743568794579132,0.25665686,0.11529940983433552,0.21123798076923078,1.0,17.0,331.0,33.0,True,0.006577034732192739,PICK
HLIT,11.96,1304434682.2,False,,,,,,,,,,,,INELIGIBLE_TODAY
HLMN,7.55,1468814742.45,False,,,,,,,,,,,,INELIGIBLE_TODAY
HLNE,101.17,5575543246.46,True,Financial Services,0.029311091573845253,0.1982536,-0.09054481130391744,-0.22145432692307693,3.0,326.0,331.0,33.0,False,,ELIGIBLE_NOT_PICKED
HLT,304.47,68525513147.700005,True,Consumer Cyclical,0.0143465437725126,0.14164904,0.17559682976239932,0.07872596153846151,0.0,16.0,331.0,33.0,True,0.009509689204236985,PICK
HMN,50.4,2041253121.6,True,Financial Services,0.013679778550121906,0.12044081,-0.009412726924786606,-0.20703125,0.0,201.0,331.0,33.0,False,,ELIGIBLE_NOT_PICKED
HNGE,92.69,7479565511.73,True,Healthcare,0.030334525057944227,0.27681783,0.10900813087946805,0.24068509615384615,3.0,56.0,331.0,33.0,False,,ELIGIBLE_NOT_PICKED
HNI,48.23,3481328214.0,True,Industrials,0.024428420065262645,0.23899639,-0.12227489791159855,-0.17818509615384617,2.0,292.0,331.0,33.0,False,,ELIGIBLE_NOT_PICKED
HNST,5.74,615812335.46,False,,,,,,,,,,,,INELIGIBLE_TODAY
HOG,27.18,2828690740.2599998,True,Consumer Cyclical,0.024426726363972993,0.35101905,0.015337172527369151,0.19561298076923078,2.0,56.0,331.0,33.0,False,,ELIGIBLE_NOT_PICKED
HOMB,29.79,5959478477.7,True,Financial Services,0.01172233487670571,0.08630304,-0.07641120463092192,-0.34705528846153844,0.0,285.0,331.0,33.0,False,,ELIGIBLE_NOT_PICKED
HON,208.24,65999587682.4,True,Industrials,0.06822582777311492,0.2823878,-0.05509052125573698,-0.025540865384615363,4.0,223.0,331.0,33.0,False,,ELIGIBLE_NOT_PICKED
HONA,155.42,49260792519.49999,True,Industrials,,0.25403628,0.3284564809588953,0.28004807692307687,,,,,False,,ELIGIBLE_NOT_PICKED
HOOD,117.34,105498313913.82,True,Financial Services,0.0475397831312956,0.3695261,-0.16316723586546317,-0.0003004807692307543,4.0,196.0,331.0,33.0,False,,ELIGIBLE_NOT_PICKED
HOPE,13.98,1785830867.28,False,,,,,,,,,,,,INELIGIBLE_TODAY
HOS,9.08,1338232618.76,False,,,,,,,,,,,,INELIGIBLE_TODAY
HOV,118.35,705352981.5,False,,,,,,,,,,,,INELIGIBLE_TODAY
HP,43.71,4368331285.95,True,Energy,0.03404751345382278,0.35685533,0.05682594347157452,0.2863581730769231,3.0,41.0,331.0,33.0,False,,ELIGIBLE_NOT_PICKED
HPE,56.03,74377851567.37,True,Technology,0.03597441132258266,0.370132,-0.03474273700924358,0.13671875,3.0,116.0,331.0,33.0,False,,ELIGIBLE_NOT_PICKED
HPK,8.15,1030590352.6,False,,,,,,,,,,,,INELIGIBLE_TODAY
HPP,12.16,659907890.5600001,False,,,,,,,,,,,,INELIGIBLE_TODAY
HPQ,31.17,28108824503.730003,True,Technology,0.029120250114359,0.30545828,-0.06166834931213948,-0.0027043269230769273,3.0,229.0,331.0,33.0,False,,ELIGIBLE_NOT_PICKED
HQY,93.36,7722300034.56,True,Healthcare,0.0234035110379918,0.33101603,0.05589945158269058,0.24489182692307693,2.0,32.0,331.0,33.0,True,0.005829517298071327,PICK
HR,19.06,6532238625.599999,True,Real Estate,0.011326903832661382,0.100314036,0.13827106803236905,0.0027043269230769273,0.0,54.0,331.0,33.0,False,,ELIGIBLE_NOT_PICKED
HRB,45.89,5656673160.58,True,Consumer Cyclical,0.033059691840160804,0.25987616,0.018731907620158812,0.060096153846153855,3.0,176.0,331.0,33.0,False,,ELIGIBLE_NOT_PICKED
HRI,146.27,4890017313.88,True,Industrials,0.0339416434879559,0.32035723,0.016253465536212725,0.14423076923076922,3.0,109.0,331.0,33.0,False,,ELIGIBLE_NOT_PICKED
HRL,21.21,11672940468.0,True,Consumer Defensive,0.02010720805724411,0.24105622,-0.0984274636114016,-0.1502403846153846,1.0,263.0,331.0,33.0,False,,ELIGIBLE_NOT_PICKED
HRMY,42.07,2450005053.51,True,Healthcare,0.027199931689726415,0.36112338,0.051203831516128714,0.28305288461538464,3.0,43.0,331.0,33.0,False,,ELIGIBLE_NOT_PICKED
HROW,37.85,1418915122.5,False,,,,,,,,,,,,INELIGIBLE_TODAY
HRTX,0.35,66448307.449999996,False,,,,,,,,,,,,INELIGIBLE_TODAY
HSIC,88.86,9903139722.12,True,Healthcare,0.012790364605143633,0.11474341,0.1781861686087969,0.05258413461538464,0.0,28.0,331.0,33.0,True,0.010666714878222532,PICK
HST,22.07,15120695485.93,True,Real Estate,0.01660537502144994,0.21418858,0.0497761276495665,0.0339543269230769,1.0,137.0,331.0,33.0,False,,ELIGIBLE_NOT_PICKED
HSY,173.27,34814388588.39,True,Consumer Defensive,0.01779914909812091,0.18693376,0.04168291124398557,-0.028846153846153827,1.0,183.0,331.0,33.0,False,,ELIGIBLE_NOT_PICKED
HTFL,47.75,4152035689.25,True,Healthcare,0.06105796167021672,0.31753543,-0.08495526683231348,-0.014122596153846145,4.0,213.0,331.0,33.0,False,,ELIGIBLE_NOT_PICKED
HTGC,17.72,3316546080.0,True,Financial Services,0.012419768941847603,0.047139503,-0.09534230468067738,-0.3981370192307692,0.0,320.0,331.0,33.0,False,,ELIGIBLE_NOT_PICKED
HTH,38.6,2211255696.2000003,True,Financial Services,0.012239647067138697,0.1022606,0.066510488069956,-0.08653846153846156,0.0,113.0,331.0,33.0,False,,ELIGIBLE_NOT_PICKED
HTLD,12.32,952737767.52,False,,,,,,,,,,,,INELIGIBLE_TODAY
HTO,64.81,2712739467.2400002,True,Utilities,0.011903541963512789,0.066074684,-0.017650294144345033,-0.2833533653846154,0.0,250.0,331.0,33.0,False,,ELIGIBLE_NOT_PICKED
HTZ,2.185,778846293.705,False,,,,,,,,,,,,INELIGIBLE_TODAY
HUBB,464.75,24553937372.25,True,Industrials,0.02323760618129505,0.20981234,-0.07009387125810096,-0.1823918269230769,2.0,296.0,331.0,33.0,False,,ELIGIBLE_NOT_PICKED
HUBG,36.06,2205195570.6,True,Industrials,0.034918684335125835,0.32891527,0.08406754734503519,0.2890625,3.0,40.0,331.0,33.0,False,,ELIGIBLE_NOT_PICKED
HUBS,240.42,11988832044.42,True,Technology,0.05175227996035612,0.36594874,0.0799734980125329,0.3368389423076923,4.0,25.0,331.0,33.0,True,0.0026362350129518356,PICK
HUM,403.09,48403171351.71999,True,Healthcare,0.021632144132950042,0.27855188,0.05673647266029615,0.16796875,2.0,76.0,331.0,33.0,False,,ELIGIBLE_NOT_PICKED
HUN,9.8,1718710436.8000002,False,,,,,,,,,,,,INELIGIBLE_TODAY
HURN,147.64,2348963030.08,True,Industrials,0.06361411492234585,0.33914462,0.0706085132055639,0.28245192307692313,4.0,37.0,331.0,33.0,False,,ELIGIBLE_NOT_PICKED
HUT,99.49,12263084471.32,True,Financial Services,0.06401356508525367,0.2712923,-0.1831346994164934,-0.15414663461538458,4.0,303.0,331.0,33.0,False,,ELIGIBLE_NOT_PICKED
HWC,74.55,5980628973.9,True,Financial Services,0.011543665760262608,0.09698591,0.022793981895563933,-0.17367788461538458,0.0,176.0,331.0,33.0,False,,ELIGIBLE_NOT_PICKED
HWKN,127.0,2651139859.0,True,Basic Materials,0.02555106716876617,0.30318263,-0.05068186131997654,0.007211538461538464,2.0,202.0,331.0,33.0,False,,ELIGIBLE_NOT_PICKED
HWM,231.53,92334487910.47,True,Industrials,0.02426884988662086,0.22166124,0.02573697220333151,0.0021033653846154188,2.0,205.0,331.0,33.0,False,,ELIGIBLE_NOT_PICKED
HXL,91.28,6902908698.56,True,Industrials,0.016652014910100908,0.19062248,0.16119595371882417,0.13221153846153844,1.0,46.0,331.0,33.0,False,,ELIGIBLE_NOT_PICKED
HYFM,0.925,4457873.775,False,,,,,,,,,,,,INELIGIBLE_TODAY
HYLN,4.0,714388872.0,False,,,,,,,,,,,,INELIGIBLE_TODAY
HYMC,22.96,2139451395.76,True,Basic Materials,0.05534427649697514,0.4355159,-0.2673639314896965,0.005709134615384609,4.0,185.0,331.0,33.0,False,,ELIGIBLE_NOT_PICKED
IART,16.26,1264580947.5600002,False,,,,,,,,,,,,INELIGIBLE_TODAY
IBKR,90.97,41216484827.87,True,Financial Services,0.026873986105040784,0.16559432,-0.010232908318667522,-0.15444711538461536,3.0,311.0,331.0,33.0,False,,ELIGIBLE_NOT_PICKED
IBM,232.09,218659970575.1,True,Technology,0.03958711284306855,0.24829885,-0.06190612926118982,-0.09405048076923078,4.0,271.0,331.0,33.0,False,,ELIGIBLE_NOT_PICKED
IBOC,71.36,4437986439.04,True,Financial Services,0.010978100690630216,0.10021658,-0.04323875130457811,-0.28365384615384615,0.0,251.0,331.0,33.0,False,,ELIGIBLE_NOT_PICKED
IBP,228.04,6061115523.08,True,Consumer Cyclical,0.025476187452772726,0.2712434,-0.04497371316610897,-0.027644230769230754,2.0,226.0,331.0,33.0,False,,ELIGIBLE_NOT_PICKED
IBRX,8.29,8786042703.169998,False,,,,,,,,,,,,INELIGIBLE_TODAY
IBTA,38.38,889249785.32,False,,,,,,,,,,,,INELIGIBLE_TODAY
ICE,157.76,88565594269.12,True,Financial Services,0.01770637049210305,0.10841093,-0.011820013118997755,-0.22325721153846154,1.0,291.0,331.0,33.0,False,,ELIGIBLE_NOT_PICKED
ICFI,87.25,1564731379.0,False,,,,,,,,,,,,INELIGIBLE_TODAY
ICHR,58.17,2178712500.93,True,Technology,0.06769118812525604,0.36961162,-0.07941843523708035,0.0715144230769231,4.0,133.0,331.0,33.0,False,,ELIGIBLE_NOT_PICKED
ICUI,160.89,4023382343.8199997,True,Healthcare,0.025184348705649773,0.24820408,0.03955658088824927,0.07542067307692307,2.0,143.0,331.0,33.0,False,,ELIGIBLE_NOT_PICKED
IDA,137.89,7975839309.2699995,True,Utilities,0.01191976992202178,0.104912184,-0.06861834278828109,-0.3137019230769231,0.0,265.0,331.0,33.0,False,,ELIGIBLE_NOT_PICKED
IDCC,340.94,8798300026.58,True,Communication Services,0.029564488534009156,0.23198628,-0.02560970883054097,-0.07001201923076922,3.0,280.0,331.0,33.0,False,,ELIGIBLE_NOT_PICKED
IDXX,520.21,40982724354.36,True,Healthcare,0.019785341043266638,0.13591233,0.06998613448400309,-0.04206730769230768,1.0,197.0,331.0,33.0,False,,ELIGIBLE_NOT_PICKED
IDYA,38.84,3747651558.5600004,True,Healthcare,0.025973654632722876,0.3990407,-0.11036362307733091,0.0652043269230769,2.0,152.0,331.0,33.0,False,,ELIGIBLE_NOT_PICKED
IE,11.04,1761876459.36,False,,,,,,,,,,,,INELIGIBLE_TODAY
IEP,6.91,4912423292.63,False,,,,,,,,,,,,INELIGIBLE_TODAY
IESC,342.8,13660138473.6,True,Industrials,0.060933191346773705,0.32497025,-0.11956300522614655,-0.03605769230769232,4.0,231.0,331.0,33.0,False,,ELIGIBLE_NOT_PICKED
IEX,225.66,16635631731.36,True,Industrials,0.011919147293311205,0.09605125,0.20586657607827474,0.03725961538461539,0.0,30.0,331.0,33.0,True,0.011446386983416086,PICK
IFF,85.62,21845939832.06,True,Basic Materials,0.021229081932456626,0.22708547,0.08149178363213146,0.11508413461538461,2.0,111.0,331.0,33.0,False,,ELIGIBLE_NOT_PICKED
IHRT,2.66,411739186.88,False,,,,,,,,,,,,INELIGIBLE_TODAY
IIPR,57.21,1577356876.29,False,,,,,,,,,,,,INELIGIBLE_TODAY
ILMN,211.06,31870060000.0,True,Healthcare,0.027937908976085783,0.3520392,0.10258131078764587,0.34915865384615385,3.0,10.0,331.0,33.0,True,0.004883370926161955,PICK
IMAX,52.66,2887985723.24,True,Communication Services,0.0297560830806002,0.26994014,0.12537112102820636,0.24669471153846156,3.0,52.0,331.0,33.0,False,,ELIGIBLE_NOT_PICKED
IMCR,35.36,1820991097.12,False,,,,,,,,,,,,INELIGIBLE_TODAY
IMNM,26.81,3045016233.49,True,Healthcare,0.031074339212018437,0.41673222,-0.18815138193168904,0.02163461538461542,3.0,205.0,331.0,33.0,False,,ELIGIBLE_NOT_PICKED
IMSR,5.67,600652890.18,False,,,,,,,,,,,,INELIGIBLE_TODAY
IMVT,39.57,8173289626.74,True,Healthcare,0.0219290668402329,0.47756702,-0.12575274282293694,0.06700721153846151,2.0,150.0,331.0,33.0,False,,ELIGIBLE_NOT_PICKED
INBX,114.34,1682817244.4,False,,,,,,,,,,,,INELIGIBLE_TODAY
INCY,124.4,25215599602.4,True,Healthcare,0.023511877875468497,0.25900397,0.019690229810161688,0.059194711538461564,2.0,153.0,331.0,33.0,False,,ELIGIBLE_NOT_PICKED
INDB,82.54,3909845431.4600005,True,Financial Services,0.012085614911098545,0.093131244,-0.03164968869391705,-0.27403846153846156,0.0,241.0,331.0,33.0,False,,ELIGIBLE_NOT_PICKED
INDI,3.5,811331090.5,False,,,,,,,,,,,,INELIGIBLE_TODAY
INFQ,13.66,3078377330.32,True,Technology,0.06198237212159134,0.3348764,-0.18391580742513636,-0.0573918269230769,4.0,244.0,331.0,33.0,False,,ELIGIBLE_NOT_PICKED
INGM,28.38,6546184835.5199995,True,Technology,0.022916723149878367,0.33689123,0.025554149024206465,0.19681490384615385,2.0,54.0,331.0,33.0,False,,ELIGIBLE_NOT_PICKED
INGN,5.23,138795502.51000002,False,,,,,,,,,,,,INELIGIBLE_TODAY
INGR,100.7,6350542685.3,True,Consumer Defensive,0.012549560304903284,0.16677696,-0.03952224876982947,-0.1944110576923077,0.0,192.0,331.0,33.0,False,,ELIGIBLE_NOT_PICKED
INNV,10.52,1427946854.36,False,,,,,,,,,,,,INELIGIBLE_TODAY
INO,1.42,146824475.56,False,,,,,,,,,,,,INELIGIBLE_TODAY
INOD,56.12,1929554374.12,False,,,,,,,,,,,,INELIGIBLE_TODAY
INSG,4.36,71593781.12,False,,,,,,,,,,,,INELIGIBLE_TODAY
INSM,124.89,27273665909.670002,True,Healthcare,0.048592484728806846,0.2749508,0.006291666170562766,0.060997596153846145,4.0,142.0,331.0,33.0,False,,ELIGIBLE_NOT_PICKED
INSP,62.14,1796490702.5,False,,,,,,,,,,,,INELIGIBLE_TODAY
INSW,103.81,5141845394.91,True,Energy,0.026880769865377577,0.22866549,-0.01638163563860419,-0.06159855769230771,3.0,276.0,331.0,33.0,False,,ELIGIBLE_NOT_PICKED
INTA,39.86,3049734359.2799997,True,Technology,0.03807044606594295,0.38194525,0.12358475704269074,0.40625,4.0,9.0,331.0,33.0,True,0.0035836504829825197,PICK
INTC,104.47,526946680000.0,True,Technology,0.049036138311161596,0.38072568,-0.04674692779591774,0.12469951923076925,4.0,105.0,331.0,33.0,False,,ELIGIBLE_NOT_PICKED
INTU,318.93,87239155410.0,True,Technology,0.028869988800610674,0.3441868,0.0408750712407394,0.23677884615384615,3.0,58.0,331.0,33.0,False,,ELIGIBLE_NOT_PICKED
INVA,21.34,1541718649.9,False,,,,,,,,,,,,INELIGIBLE_TODAY
INVH,28.22,16667387437.72,True,Real Estate,0.011554990530075806,0.09536906,0.1283281851625254,-0.013521634615384609,0.0,66.0,331.0,33.0,False,,ELIGIBLE_NOT_PICKED
INVX,29.8,2084087644.6000001,True,Energy,0.02976068936220361,0.33261263,0.11082978461320842,0.3269230769230769,3.0,17.0,331.0,33.0,True,0.004584274603694008,PICK
IOND,81.96,3687886502.9999995,True,Financial Services,,0.23336564,0.26242339445953766,0.2409855769230769,,,,,False,,ELIGIBLE_NOT_PICKED
IONQ,40.47,15419163647.58,True,Technology,0.051100338525387694,0.33774126,-0.23588304316668307,-0.06790865384615385,4.0,256.0,331.0,33.0,False,,ELIGIBLE_NOT_PICKED
IONS,56.71,9424312900.62,True,Healthcare,0.03980163096620422,0.25362316,-0.10899773996497547,-0.14032451923076922,4.0,294.0,331.0,33.0,False,,ELIGIBLE_NOT_PICKED
IOSP,93.37,2299800858.3900003,True,Basic Materials,0.013124047182620146,0.15699776,0.13071448839719413,0.062199519230769246,0.0,22.0,331.0,33.0,True,0.010395510663223528,PICK
IOT,40.15,23395809792.3,True,Technology,0.03765325579816853,0.33418587,-0.0039318698822460125,0.1349158653846154,4.0,99.0,331.0,33.0,False,,ELIGIBLE_NOT_PICKED
IOVA,8.7,3940851458.3999996,False,,,,,,,,,,,,INELIGIBLE_TODAY
IP,36.49,19324005468.55,True,Consumer Cyclical,0.0263920238143333,0.24858911,-0.062238668280508155,-0.09405048076923078,2.0,263.0,331.0,33.0,False,,ELIGIBLE_NOT_PICKED
IPAR,113.01,3619233510.81,True,Consumer Defensive,0.021563689262655845,0.19479182,0.05577338243743436,0.010216346153846173,2.0,198.0,331.0,33.0,False,,ELIGIBLE_NOT_PICKED
IPGP,79.56,3384047922.84,True,Technology,0.040603696574357195,0.34099373,-0.16970584995952798,-0.038461538461538436,4.0,233.0,331.0,33.0,False,,ELIGIBLE_NOT_PICKED
IPI,41.54,558990237.96,False,,,,,,,,,,,,INELIGIBLE_TODAY
IQV,259.21,42665966000.0,True,Healthcare,0.028304032889891226,0.20877787,0.13528716832716914,0.13942307692307696,3.0,112.0,331.0,33.0,False,,ELIGIBLE_NOT_PICKED
IR,75.11,29142637112.19,True,Industrials,0.020362644258257116,0.1699097,0.05542659964277666,-0.021935096153846145,1.0,178.0,331.0,33.0,False,,ELIGIBLE_NOT_PICKED
IRDM,47.8,5064906307.4,True,Communication Services,0.04057686321731395,0.21728958,0.16629879489781377,0.18209134615384615,4.0,68.0,331.0,33.0,False,,ELIGIBLE_NOT_PICKED
IRM,116.08,34557342416.96,True,Real Estate,0.019566818971623434,0.19819616,0.020998191155903147,-0.05168269230769232,1.0,201.0,331.0,33.0,False,,ELIGIBLE_NOT_PICKED
IRON,76.84,2950106132.96,True,Healthcare,0.021419403162662262,0.38437185,-0.17104184256608426,0.012920673076923073,2.0,196.0,331.0,33.0,False,,ELIGIBLE_NOT_PICKED
IRT,15.91,3750696060.9700003,True,Real Estate,0.013659293563944495,0.12267195,0.013726490721644193,-0.1619591346153846,0.0,167.0,331.0,33.0,False,,ELIGIBLE_NOT_PICKED
IRTC,122.24,4029397486.72,True,Healthcare,0.03108205329576657,0.2987165,-0.04054866901149934,0.01893028846153849,3.0,209.0,331.0,33.0,False,,ELIGIBLE_NOT_PICKED
IRWD,4.17,689050578.99,False,,,,,,,,,,,,INELIGIBLE_TODAY
ISRG,350.16,123703837786.08,True,Healthcare,0.03022913146251496,0.22670053,0.0040503429035256035,-0.03215144230769232,3.0,253.0,331.0,33.0,False,,ELIGIBLE_NOT_PICKED
IT,172.59,10898881767.84,True,Technology,0.046389619778446,0.27284694,0.05885082137908225,0.1640625,4.0,75.0,331.0,33.0,False,,ELIGIBLE_NOT_PICKED
ITGR,126.2,4289796457.6,True,Healthcare,0.029350024743133342,0.04640846,0.1624567873366185,-0.024639423076923045,3.0,249.0,331.0,33.0,False,,ELIGIBLE_NOT_PICKED
ITRI,96.57,4228486737.2099996,True,Technology,0.03813309787109575,0.24055508,-0.11363595708490815,-0.16736778846153846,4.0,308.0,331.0,33.0,False,,ELIGIBLE_NOT_PICKED
ITT,201.52,18015888000.0,True,Industrials,0.02035415448749838,0.20723468,-0.0934275119453712,-0.21183894230769232,1.0,287.0,331.0,33.0,False,,ELIGIBLE_NOT_PICKED
ITW,268.69,76522912000.0,True,Industrials,0.013936651416067727,0.100383475,0.0933947525041867,-0.0441706730769231,0.0,90.0,331.0,33.0,False,,ELIGIBLE_NOT_PICKED
IVR,7.18,772858194.06,False,,,,,,,,,,,,INELIGIBLE_TODAY
IVT,32.61,2542876634.91,True,Real Estate,0.010702940725028726,0.07225437,-0.04077150299915251,-0.31310096153846156,0.0,264.0,331.0,33.0,False,,ELIGIBLE_NOT_PICKED
IVVD,0.826,243470724.19599998,False,,,,,,,,,,,,INELIGIBLE_TODAY
IVZ,32.34,14278102885.2,True,Financial Services,0.02267339540390824,0.21184167,0.21918503743157106,0.19320913461538458,2.0,58.0,331.0,33.0,False,,ELIGIBLE_NOT_PICKED
J,144.27,16885160408.970001,True,Industrials,0.015731939849194482,0.17527105,0.022991987181193767,-0.08082932692307693,1.0,221.0,331.0,33.0,False,,ELIGIBLE_NOT_PICKED
JACK,15.16,290758642.8,False,,,,,,,,,,,,INELIGIBLE_TODAY
JAN,30.97,9039857332.72,True,Industrials,0.018480827044521135,0.12936856,0.09197493322352396,-0.010216346153846145,1.0,166.0,331.0,33.0,False,,ELIGIBLE_NOT_PICKED
JANX,20.04,1225180930.9199998,False,,,,,,,,,,,,INELIGIBLE_TODAY
JAZZ,240.07,15584042500.39,True,Healthcare,0.01799212832646995,0.2236767,0.15334353589609434,0.18599759615384615,1.0,26.0,331.0,33.0,True,0.007582825664424559,PICK
JBGS,11.42,668934162.82,False,,,,,,,,,,,,INELIGIBLE_TODAY
JBHT,274.78,25805946938.42,True,Industrials,0.021479251199571635,0.23839432,0.30288636124386564,0.25180288461538464,2.0,27.0,331.0,33.0,True,0.006351765765200293,PICK
JBI,4.95,675357160.5,False,,,,,,,,,,,,INELIGIBLE_TODAY
JBL,312.33,32728151507.37,True,Technology,0.031229535242186662,0.29380056,0.04771853374340556,0.1712740384615385,3.0,94.0,331.0,33.0,False,,ELIGIBLE_NOT_PICKED
JBLU,4.52,1705451058.12,False,,,,,,,,,,,,INELIGIBLE_TODAY
JBTM,115.96,6015635699.32,True,Industrials,0.02306321233682118,0.22960657,-0.030738106678413438,-0.07932692307692307,2.0,254.0,331.0,33.0,False,,ELIGIBLE_NOT_PICKED
JCI,146.37,88662378963.90001,True,Basic Materials,0.01843566542109983,0.16793202,0.12537418392013797,0.07211538461538458,1.0,93.0,331.0,33.0,False,,ELIGIBLE_NOT_PICKED
JEF,55.72,12846372540.119999,True,Financial Services,0.02515487232114857,0.2229118,-0.1286178478729868,-0.21334134615384615,2.0,308.0,331.0,33.0,False,,ELIGIBLE_NOT_PICKED
JELD,2.19,190011806.57999998,False,,,,,,,,,,,,INELIGIBLE_TODAY
JJSF,83.46,1559167003.6799998,False,,,,,,,,,,,,INELIGIBLE_TODAY
JKHY,159.83,11206098136.640001,True,Technology,0.021155703213714603,0.23635483,0.03663927444196139,0.04897836538461539,2.0,161.0,331.0,33.0,False,,ELIGIBLE_NOT_PICKED
JLL,352.11,16199772303.33,True,Real Estate,0.020763230174424628,0.21328257,0.14074663272059432,0.15294471153846154,1.0,38.0,331.0,33.0,False,,ELIGIBLE_NOT_PICKED
JMKE,20.82,6613241898.0,True,Consumer Cyclical,,0.30606785,0.43819255386932343,0.3629807692307692,,,,,False,,ELIGIBLE_NOT_PICKED
JNJ,269.12,648551910424.64,True,Healthcare,0.016410521107977537,0.15568466,0.15942880899765302,0.08533653846153849,1.0,83.0,331.0,33.0,False,,ELIGIBLE_NOT_PICKED
JOBY,6.84,6765609781.08,False,,,,,,,,,,,,INELIGIBLE_TODAY
JOE,64.22,3656073563.22,True,Real Estate,0.01634084636401873,0.14387704,0.13257670348189415,0.04687500000000003,1.0,120.0,331.0,33.0,False,,ELIGIBLE_NOT_PICKED
JPM,353.51,939695401794.45,True,Financial Services,0.012838232369535352,0.0789561,0.020810753877528343,-0.20162259615384615,0.0,199.0,331.0,33.0,False,,ELIGIBLE_NOT_PICKED
JXN,136.59,9251069142.960001,True,Financial Services,0.021084181765151973,0.15833806,0.016113613731809875,-0.11598557692307696,2.0,273.0,331.0,33.0,False,,ELIGIBLE_NOT_PICKED
KAI,299.54,3537302906.1800003,True,Industrials,0.022449842773020305,0.22997141,-0.10082249462308608,-0.17307692307692307,2.0,288.0,331.0,33.0,False,,ELIGIBLE_NOT_PICKED
KALU,167.8,2743377637.6000004,True,Basic Materials,0.03821961062464337,0.37263083,-0.0361834050839385,0.13611778846153846,4.0,97.0,331.0,33.0,False,,ELIGIBLE_NOT_PICKED
KARD,21.6,2019679898.4,True,Healthcare,,0.40358514,-0.06148893294296319,0.12319711538461536,,,,,False,,ELIGIBLE_NOT_PICKED
KBH,50.2,3077748345.6000004,True,Consumer Cyclical,0.030905347149654972,0.28067428,-0.04022863417151184,-0.0024038461538461176,3.0,228.0,331.0,33.0,False,,ELIGIBLE_NOT_PICKED
KBR,37.04,4669549645.2,True,Industrials,0.0222213844054528,0.19688497,-0.04797436981689863,-0.1739783653846154,2.0,290.0,331.0,33.0,False,,ELIGIBLE_NOT_PICKED
KD,12.79,2785895583.77,True,Technology,0.03199148521355431,0.32294488,-0.07792785268373867,0.0012019230769230727,3.0,226.0,331.0,33.0,False,,ELIGIBLE_NOT_PICKED
KDK,3.89,780404681.3000001,False,,,,,,,,,,,,INELIGIBLE_TODAY
KDP,32.55,44294887536.899994,True,Consumer Defensive,0.018971574963255463,0.15887454,-0.04318648414607194,-0.2130408653846154,1.0,288.0,331.0,33.0,False,,ELIGIBLE_NOT_PICKED
KEX,138.0,7286400000.0,True,Industrials,0.019745007137663497,0.21726264,0.13576986427192686,0.15775240384615385,1.0,35.0,331.0,33.0,False,,ELIGIBLE_NOT_PICKED
KEY,21.79,23252731191.66,True,Financial Services,0.012763120618677048,0.1521994,0.0509388460698059,-0.05318509615384617,0.0,99.0,331.0,33.0,False,,ELIGIBLE_NOT_PICKED
KEYS,333.42,56763002877.9,True,Technology,0.029172932132920187,0.37399364,0.03300021994291094,0.25841346153846156,3.0,49.0,331.0,33.0,False,,ELIGIBLE_NOT_PICKED
KFY,82.04,4172308280.0000005,True,Industrials,0.021092991571748893,0.1891246,0.14142418114247327,0.11298076923076925,2.0,113.0,331.0,33.0,False,,ELIGIBLE_NOT_PICKED
KGS,64.14,6484812548.34,True,Energy,0.030603525257693,0.28355464,-0.0759954229998847,-0.050180288461538464,3.0,268.0,331.0,33.0,False,,ELIGIBLE_NOT_PICKED
KHC,24.9,29527011574.199997,True,Consumer Defensive,0.021212789759454346,0.22222449,0.0748935908951946,0.0910456730769231,2.0,130.0,331.0,33.0,False,,ELIGIBLE_NOT_PICKED
KIM,23.76,15937955502.480001,True,Real Estate,0.011231165658349727,0.08701161,0.03720094209070615,-0.1622596153846154,0.0,168.0,331.0,33.0,False,,ELIGIBLE_NOT_PICKED
KKR,105.73,94907012093.73001,True,Financial Services,0.023158192311735135,0.19782732,-0.18863423584393216,-0.29627403846153844,2.0,330.0,331.0,33.0,False,,ELIGIBLE_NOT_PICKED
KLAC,188.98,246911211051.34,True,Technology,0.04918605092144635,0.3435024,-0.009240811044445272,0.1388221153846154,4.0,92.0,331.0,33.0,False,,ELIGIBLE_NOT_PICKED
KLC,2.58,305773945.14,False,,,,,,,,,,,,INELIGIBLE_TODAY
KLIC,83.07,4346979583.049999,True,Technology,0.043689103410445525,0.39074904,-0.0405223244655423,0.14783653846153846,4.0,87.0,331.0,33.0,False,,ELIGIBLE_NOT_PICKED
KLRA,16.43,2130045596.68,True,Healthcare,0.04296826091511267,0.38152137,-0.21707499105997208,-0.007211538461538491,4.0,205.0,331.0,33.0,False,,ELIGIBLE_NOT_PICKED
KLRS,3.63,86412081.03,False,,,,,,,,,,,,INELIGIBLE_TODAY
KMB,102.93,34232360381.340004,True,Consumer Defensive,0.01734743524229623,0.17833145,-0.0559099202685681,-0.21123798076923075,1.0,286.0,331.0,33.0,False,,ELIGIBLE_NOT_PICKED
KMI,31.98,71213130806.22,True,Energy,0.013899766878266754,0.09587637,0.08935378009808828,-0.05558894230769229,0.0,100.0,331.0,33.0,False,,ELIGIBLE_NOT_PICKED
KMPR,26.67,1571480517.18,False,,,,,,,,,,,,INELIGIBLE_TODAY
KMT,30.47,2322393600.3399997,True,Industrials,0.024536295985016675,0.341664,-0.053399360766541275,0.0703125,2.0,148.0,331.0,33.0,False,,ELIGIBLE_NOT_PICKED
KMX,60.57,8595555084.72,True,Consumer Cyclical,0.02864906422760737,0.27872804,0.08792869535190127,0.2211538461538462,3.0,66.0,331.0,33.0,False,,ELIGIBLE_NOT_PICKED
KN,35.62,3042315812.12,True,Technology,0.032188773474276296,0.3695241,0.08346227206724904,0.34615384615384615,3.0,12.0,331.0,33.0,True,0.0042384706748955685,PICK
KNF,61.43,3486976890.6,True,Basic Materials,0.030036603311362417,0.25154424,-0.14988547073192246,-0.17397836538461542,3.0,316.0,331.0,33.0,False,,ELIGIBLE_NOT_PICKED
KNSA,77.09,6014871162.17,True,Healthcare,0.04057122600162083,0.23620875,0.04533806209150759,0.06730769230769232,4.0,138.0,331.0,33.0,False,,ELIGIBLE_NOT_PICKED
KNSL,367.29,8366287718.25,True,Financial Services,0.024448877908747692,0.17843935,-0.04571720354042604,-0.19591346153846154,2.0,305.0,331.0,33.0,False,,ELIGIBLE_NOT_PICKED
KNTK,54.98,8927604512.42,True,Energy,0.018915660875414853,0.11629854,0.05191985610726067,-0.08804086538461536,1.0,227.0,331.0,33.0,False,,ELIGIBLE_NOT_PICKED
KNX,70.79,11521497240.000002,True,Industrials,0.022736088867240056,0.26114625,0.1952974814208486,0.27974759615384615,2.0,21.0,331.0,33.0,True,0.0060006438762718415,PICK
KO,88.36,380173251111.48,True,Consumer Defensive,0.01415413764536098,0.081914015,0.15571780580114733,-0.004507211538461564,0.0,60.0,331.0,33.0,False,,ELIGIBLE_NOT_PICKED
KOD,35.07,2204130456.9900002,True,Healthcare,0.03559866060250144,0.40439498,-0.11779839464132572,0.060997596153846145,3.0,173.0,331.0,33.0,False,,ELIGIBLE_NOT_PICKED
KOS,2.85,1697139805.3500001,False,,,,,,,,,,,,INELIGIBLE_TODAY
KR,57.2,35043424530.4,True,Consumer Defensive,0.02016061761024425,0.19873603,0.18966143554168147,0.1610576923076923,1.0,33.0,331.0,33.0,True,0.006767211950999528,PICK
KRC,36.15,4204569916.2,True,Real Estate,0.016193343639937803,0.16217464,-0.011744022502233158,-0.16195913461538464,1.0,267.0,331.0,33.0,False,,ELIGIBLE_NOT_PICKED
KRG,26.08,5225048012.639999,True,Real Estate,0.0109753380143682,0.0739824,0.13561123449249368,-0.031550480769230754,0.0,80.0,331.0,33.0,False,,ELIGIBLE_NOT_PICKED
KRMN,39.69,5260262870.5199995,True,Industrials,0.04207725769439599,0.25970948,-0.27634720926096296,-0.19921875,4.0,318.0,331.0,33.0,False,,ELIGIBLE_NOT_PICKED
KRO,8.63,993291563.08,False,,,,,,,,,,,,INELIGIBLE_TODAY
KROS,11.17,221469689.96,False,,,,,,,,,,,,INELIGIBLE_TODAY
KRYS,351.26,10396887133.36,True,Healthcare,0.027714869285579664,0.30694598,-0.08176186118580912,-0.024939903846153855,3.0,251.0,331.0,33.0,False,,ELIGIBLE_NOT_PICKED
KSS,18.61,2109935641.45,True,Consumer Cyclical,0.035795584100813876,0.32449326,-0.06833737124665862,0.015024038461538464,3.0,214.0,331.0,33.0,False,,ELIGIBLE_NOT_PICKED
KTB,70.73,3865650542.6000004,True,Consumer Cyclical,0.027122940450988318,0.29249308,0.06251532044039515,0.19411057692307693,3.0,80.0,331.0,33.0,False,,ELIGIBLE_NOT_PICKED
KTOS,48.2,9048167961.4,True,Industrials,0.03860831488942896,0.29404488,-0.24483435168943812,-0.14062499999999997,4.0,295.0,331.0,33.0,False,,ELIGIBLE_NOT_PICKED
KURA,12.52,1113786949.8799999,False,,,,,,,,,,,,INELIGIBLE_TODAY
KVUE,18.39,35323024058.130005,True,Consumer Defensive,0.013972387031969926,0.15211312,0.13975064053807024,0.06370192307692307,0.0,20.0,331.0,33.0,True,0.009764342493477395,PICK
KVYO,17.89,5093773847.93,True,Technology,0.04488021643374289,0.38064566,0.049676697299429806,0.2998798076923077,4.0,32.0,331.0,33.0,True,0.003039895599277939,PICK
KWR,160.84,2767686789.68,True,Basic Materials,0.019769936057839513,0.19134934,0.06971797281817042,0.02824519230769232,1.0,143.0,331.0,33.0,False,,ELIGIBLE_NOT_PICKED
KYMR,116.47,9684552478.46,True,Healthcare,0.0366467087247402,0.41035026,-0.14237764143831572,0.045372596153846145,4.0,149.0,331.0,33.0,False,,ELIGIBLE_NOT_PICKED
KYNB,8.22,33283799.28,False,,,,,,,,,,,,INELIGIBLE_TODAY
L,108.25,22129300690.0,True,Financial Services,0.009667564961485393,0.0888477,0.03348990714911271,-0.16646634615384615,0.0,171.0,331.0,33.0,False,,ELIGIBLE_NOT_PICKED
LAD,368.7,8105174869.2,True,Consumer Cyclical,0.03333623445305078,0.2594377,-0.028793544366444507,-0.0222355769230769,3.0,248.0,331.0,33.0,False,,ELIGIBLE_NOT_PICKED
LADR,9.78,1240742663.34,False,,,,,,,,,,,,INELIGIBLE_TODAY
LAMR,149.94,15226359618.96,True,Real Estate,0.012492038757446425,0.10118928,0.06481754187859783,-0.09224759615384617,0.0,116.0,331.0,33.0,False,,ELIGIBLE_NOT_PICKED
LASR,41.53,2395873881.41,True,Technology,0.06794536840212326,0.37690672,-0.12220862304932965,0.036658653846153855,4.0,154.0,331.0,33.0,False,,ELIGIBLE_NOT_PICKED
LAUR,36.38,5011321716.8,True,Consumer Defensive,0.0184990001536028,0.2210956,0.1130613723496788,0.14032451923076925,1.0,42.0,331.0,33.0,False,,ELIGIBLE_NOT_PICKED
LAW,4.11,266820234.15,False,,,,,,,,,,,,INELIGIBLE_TODAY
LAZ,44.05,4869646976.599999,True,Financial Services,0.025420057545439512,0.23831557,0.08003747447576338,0.1337139423076923,2.0,99.0,331.0,33.0,False,,ELIGIBLE_NOT_PICKED
LB,88.35,10123621150.199999,True,Energy,0.03743651263609294,0.21921414,-0.11750541021346628,-0.21334134615384615,4.0,320.0,331.0,33.0,False,,ELIGIBLE_NOT_PICKED
LBRT,21.4,3492296302.3999996,True,Energy,0.044218676476085815,0.34149748,-0.008602462116546368,0.13882211538461536,4.0,93.0,331.0,33.0,False,,ELIGIBLE_NOT_PICKED
LBTYA,10.71,3653047831.86,True,Communication Services,0.02030377020221946,0.17982642,0.07342094765770435,0.01862980769230771,1.0,149.0,331.0,33.0,False,,ELIGIBLE_NOT_PICKED
LCID,4.63,1824544914.8799999,False,,,,,,,,,,,,INELIGIBLE_TODAY
LCII,99.11,2409513458.77,True,Consumer Cyclical,0.022613010203612696,0.2818885,-0.04731903977828341,-0.016225961538461536,2.0,219.0,331.0,33.0,False,,ELIGIBLE_NOT_PICKED
LCLN,26.9,2748953017.7999997,True,Financial Services,0.03142960321627226,0.26278615,0.13559162744579886,0.24549278846153844,3.0,54.0,331.0,33.0,False,,ELIGIBLE_NOT_PICKED
LDI,0.826,279316251.368,False,,,,,,,,,,,,INELIGIBLE_TODAY
LDOS,129.24,16218613091.160002,True,Technology,0.026801886128958886,0.22430158,-0.07391988389423847,-0.1553485576923077,3.0,313.0,331.0,33.0,False,,ELIGIBLE_NOT_PICKED
LEA,128.91,6358455327.24,True,Consumer Cyclical,0.02387870786473154,0.31849012,0.081695132458928,0.26472355769230765,2.0,25.0,331.0,33.0,True,0.005713507330649288,PICK
LECO,277.05,15100819976.85,True,Industrials,0.020035548434498084,0.15403248,0.15771178994515703,0.08082932692307693,1.0,86.0,331.0,33.0,False,,ELIGIBLE_NOT_PICKED
LEE,7.68,171202897.92,False,,,,,,,,,,,,INELIGIBLE_TODAY
LEN,80.37,19360742562.54,True,Consumer Cyclical,0.023425407020879165,0.24540499,-0.08455084359283559,-0.12890625000000003,2.0,279.0,331.0,33.0,False,,ELIGIBLE_NOT_PICKED
LESL,0.541,5066721.975000001,False,,,,,,,,,,,,INELIGIBLE_TODAY
LEU,185.53,3701853744.7400002,True,Basic Materials,0.04992180741077316,0.29046494,-0.38070393750867715,-0.15895432692307693,4.0,305.0,331.0,33.0,False,,ELIGIBLE_NOT_PICKED
LEVI,20.85,8024134217.700001,True,Consumer Cyclical,0.017966241185863867,0.19342452,0.12909841620313134,0.10877403846153844,1.0,62.0,331.0,33.0,False,,ELIGIBLE_NOT_PICKED
LFST,12.8,4890311795.2,True,Healthcare,0.026319813614272183,0.28059432,0.18360173230593793,0.3082932692307692,2.0,14.0,331.0,33.0,True,0.005183591891304096,PICK
LFTO,18.65,3158032978.5499997,True,Communication Services,0.051703766568053984,0.33993736,0.21048151344376514,0.4128605769230769,4.0,4.0,331.0,33.0,True,0.0026387085794223873,PICK
LFUS,422.95,10742400043.65,True,Technology,0.0268439782075894,0.33083212,0.09251597860996336,0.3049879807692308,3.0,30.0,331.0,33.0,True,0.005082375323677035,PICK
LGIH,53.21,1237040553.1200001,False,,,,,,,,,,,,INELIGIBLE_TODAY
LGN,57.04,6164625379.2,True,Industrials,0.047602399461868956,0.3168037,-0.1803586956030871,-0.08864182692307693,4.0,269.0,331.0,33.0,False,,ELIGIBLE_NOT_PICKED
LGND,288.83,5758001947.469999,True,Healthcare,0.02177987133426199,0.22646412,-0.16667611305813398,-0.23167067307692307,2.0,314.0,331.0,33.0,False,,ELIGIBLE_NOT_PICKED
LH,324.86,26346146000.0,True,Healthcare,0.014645169647426936,0.14998394,0.15153205676605214,0.07181490384615383,0.0,19.0,331.0,33.0,True,0.009315779585765778,PICK
LHX,255.74,47622525895.840004,True,Industrials,0.0209662644085486,0.22452217,0.01376136957938925,-0.018629807692307654,1.0,175.0,331.0,33.0,False,,ELIGIBLE_NOT_PICKED
LIF,43.09,3510989100.2100005,True,Technology,0.05311282473652327,0.30937397,-0.3273647350963731,-0.12830528846153846,4.0,289.0,331.0,33.0,False,,ELIGIBLE_NOT_PICKED
LIFE,42.02,2679172257.0800004,True,Financial Services,0.05292054463879587,0.42116505,0.0883478756703872,0.38912259615384615,4.0,13.0,331.0,33.0,True,0.0025780379503418643,PICK
LII,385.18,13312080796.5,True,Basic Materials,0.03372660604102565,0.22388592,-0.06740773017185332,-0.14963942307692307,3.0,307.0,331.0,33.0,False,,ELIGIBLE_NOT_PICKED
LILA,8.69,1702371000.0,False,,,,,,,,,,,,INELIGIBLE_TODAY
LIME,37.59,2442755702.1000004,True,Industrials,,0.36132774,0.35207759734961785,0.4501201923076923,,,,,False,,ELIGIBLE_NOT_PICKED
LIN,468.38,215913888745.94,True,Basic Materials,0.013299167530505503,0.11746183,0.1159341571230524,0.0033052884615384637,0.0,52.0,331.0,33.0,False,,ELIGIBLE_NOT_PICKED
LIND,26.55,1742202742.95,False,,,,,,,,,,,,INELIGIBLE_TODAY
LINE,37.88,8625655254.560001,True,Real Estate,0.020250937425667356,0.2214102,-0.011246569499651657,-0.07211538461538461,1.0,217.0,331.0,33.0,False,,ELIGIBLE_NOT_PICKED
LION,11.16,3320766028.8,True,Communication Services,0.02815400696938447,0.22874166,-0.04583364047726059,-0.10967548076923075,3.0,297.0,331.0,33.0,False,,ELIGIBLE_NOT_PICKED
LITE,978.535,87774589500.0,True,Technology,0.06249695989046879,0.24613573,0.02401171572643069,0.04507211538461542,4.0,150.0,331.0,33.0,False,,ELIGIBLE_NOT_PICKED
LIVN,80.7,4446046014.900001,True,Healthcare,0.01975466256562216,0.2647426,0.11271214426781023,0.22626201923076927,1.0,16.0,331.0,33.0,True,0.006906277036034993,PICK
LKFN,59.98,1490973243.1999998,False,,,,,,,,,,,,INELIGIBLE_TODAY
LKQ,24.9,6299751941.4,True,Consumer Cyclical,0.02708772223652107,0.21221437,0.017183797737005735,-0.035757211538461536,3.0,257.0,331.0,33.0,False,,ELIGIBLE_NOT_PICKED
LLY,1123.91,1058000618924.15,True,Healthcare,0.021338336142294273,0.24340653,0.06901784375984128,0.11929086538461536,2.0,108.0,331.0,33.0,False,,ELIGIBLE_NOT_PICKED
LLYVA,94.34,8679787171.84,True,Communication Services,0.018978578471391443,0.1447021,-0.15762532183510386,-0.35096153846153844,1.0,327.0,331.0,33.0,False,,ELIGIBLE_NOT_PICKED
LMAT,79.59,1820164164.63,False,,,,,,,,,,,,INELIGIBLE_TODAY
LMND,50.55,3912398888.25,True,Financial Services,0.0482421824029863,0.32019833,-0.17122302781063725,-0.08052884615384617,4.0,265.0,331.0,33.0,False,,ELIGIBLE_NOT_PICKED
LMT,536.15,123738462220.95,True,Industrials,0.02250247965964904,0.22826537,0.10370828654763485,0.1454326923076923,2.0,92.0,331.0,33.0,False,,ELIGIBLE_NOT_PICKED
LNC,43.32,8293498595.52,True,Financial Services,0.02458908040832227,0.27319446,-0.10687809869684516,-0.09765625,2.0,265.0,331.0,33.0,False,,ELIGIBLE_NOT_PICKED
LNG,276.02,57007558291.159996,True,Energy,0.020429602826226637,0.16092627,0.10021168831381044,0.034855769230769246,1.0,135.0,331.0,33.0,False,,ELIGIBLE_NOT_PICKED
LNT,68.61,17789523198.39,True,Utilities,0.011482183693923266,0.09321637,-0.10156845443735779,-0.3661358173076923,0.0,303.0,331.0,33.0,False,,ELIGIBLE_NOT_PICKED
LNTH,100.44,6555956742.36,True,Healthcare,0.01759462143196337,0.051284947,0.18750114772015536,-0.01081730769230771,1.0,167.0,331.0,33.0,False,,ELIGIBLE_NOT_PICKED
LNZA,6.12,80105677.56,False,,,,,,,,,,,,INELIGIBLE_TODAY
LOAR,67.7,6342709486.7,True,Industrials,0.025201729767783856,0.21671434,-0.23473824128932286,-0.27403846153846156,2.0,325.0,331.0,33.0,False,,ELIGIBLE_NOT_PICKED
LOB,39.35,1821260447.0,False,,,,,,,,,,,,INELIGIBLE_TODAY
LOGI,98.51,14105482585.320002,True,Technology,0.023331697543411842,0.26225302,0.036350955179238156,0.09735576923076922,2.0,125.0,331.0,33.0,False,,ELIGIBLE_NOT_PICKED
LOPE,151.53,3949635056.61,True,Consumer Defensive,0.021945105150108335,0.16944516,0.05646321136390607,-0.021033653846153827,2.0,222.0,331.0,33.0,False,,ELIGIBLE_NOT_PICKED
LOW,200.8,112659647015.20001,True,Consumer Cyclical,0.01801159019199345,0.18940671,-0.06466138556663029,-0.2088341346153846,1.0,285.0,331.0,33.0,False,,ELIGIBLE_NOT_PICKED
LPG,53.49,2288445606.69,True,Energy,0.029912666527372435,0.30065614,-0.005682821071888882,0.07421874999999997,3.0,168.0,331.0,33.0,False,,ELIGIBLE_NOT_PICKED
LPLA,350.22,27577124803.800003,True,Financial Services,0.02016267983148187,0.17122284,0.0013320120277833987,-0.12650240384615383,1.0,251.0,331.0,33.0,False,,ELIGIBLE_NOT_PICKED
LPX,67.08,4690462342.8,True,Basic Materials,0.026671024744654687,0.2721893,-0.0450837280228895,-0.02524038461538458,2.0,224.0,331.0,33.0,False,,ELIGIBLE_NOT_PICKED
LQDA,67.68,6057961742.880001,True,Healthcare,0.03825958671323359,0.33931336,-0.07888101929060709,0.03245192307692307,4.0,158.0,331.0,33.0,False,,ELIGIBLE_NOT_PICKED
LQDT,41.65,1304961889.7,False,,,,,,,,,,,,INELIGIBLE_TODAY
LRCX,320.42,400948274820.0,True,Technology,0.051089636520223906,0.38147897,0.027523604257239924,0.2578125,4.0,47.0,331.0,33.0,False,,ELIGIBLE_NOT_PICKED
LRN,82.15,3414141266.75,True,Consumer Defensive,0.03502968268202279,0.26245844,-0.044657405965975706,-0.04326923076923078,3.0,265.0,331.0,33.0,False,,ELIGIBLE_NOT_PICKED
LSCC,117.49,16687136657.279999,True,Technology,0.0409293756757564,0.29157838,0.04358288984926008,0.15775240384615385,4.0,77.0,331.0,33.0,False,,ELIGIBLE_NOT_PICKED
LSTR,177.46,6022446710.5,True,Industrials,0.020324926747989563,0.26347893,0.18888942958075217,0.2821514423076923,1.0,7.0,331.0,33.0,True,0.006712505000544295,PICK
LTC,42.01,2264572701.63,True,Real Estate,0.014539502888524198,0.06330318,-0.06096197857656306,-0.3518629807692307,0.0,288.0,331.0,33.0,False,,ELIGIBLE_NOT_PICKED
LTH,42.47,9490428931.56,True,Consumer Cyclical,0.020157193161406083,0.19048254,0.07093039475857174,0.028545673076923073,1.0,141.0,331.0,33.0,False,,ELIGIBLE_NOT_PICKED
LUCK,5.81,792065796.1999999,False,,,,,,,,,,,,INELIGIBLE_TODAY
LULU,103.19,10896251464.16,True,Consumer Cyclical,0.03310368396865014,0.31649178,-0.13716016943360038,-0.06520432692307693,3.0,278.0,331.0,33.0,False,,ELIGIBLE_NOT_PICKED
LUMN,6.64,6848797482.559999,False,,,,,,,,,,,,INELIGIBLE_TODAY
LUNG,2.08,89332399.52,False,,,,,,,,,,,,INELIGIBLE_TODAY
LUNR,15.68,3589529386.24,True,Industrials,0.05155678632959687,0.3157782,-0.23117250214103105,-0.10757211538461536,4.0,277.0,331.0,33.0,False,,ELIGIBLE_NOT_PICKED
LUV,38.67,18917681132.670002,True,Industrials,0.02260777726608199,0.22926389,0.14219340002387026,0.1893028846153846,2.0,61.0,331.0,33.0,False,,ELIGIBLE_NOT_PICKED
LVS,43.98,28485898072.32,True,Consumer Cyclical,0.015979421139772187,0.17851429,0.15794494025524905,0.11388221153846154,1.0,57.0,331.0,33.0,False,,ELIGIBLE_NOT_PICKED
LVWR,1.23,252657322.10999998,False,,,,,,,,,,,,INELIGIBLE_TODAY
LW,49.4,6791561943.4,True,Consumer Defensive,0.019956083688943103,0.22025682,0.08165485123527985,0.09975961538461542,1.0,70.0,331.0,33.0,False,,ELIGIBLE_NOT_PICKED
LWLG,5.6,863336628.0,False,,,,,,,,,,,,INELIGIBLE_TODAY
LXP,60.77,3582832933.28,True,Real Estate,0.011332573174092937,0.018614082,0.17705756574263137,-0.021334134615384637,0.0,70.0,331.0,33.0,False,,ELIGIBLE_NOT_PICKED
LXRX,2.23,992251732.8199999,False,,,,,,,,,,,,INELIGIBLE_TODAY
LXU,11.35,817171670.4,False,,,,,,,,,,,,INELIGIBLE_TODAY
LYB,64.59,20865021319.68,True,Basic Materials,0.022126206045712943,0.30498657,0.04671633346440947,0.18479567307692307,2.0,65.0,331.0,33.0,False,,ELIGIBLE_NOT_PICKED
LYEL,13.53,331554557.72999996,False,,,,,,,,,,,,INELIGIBLE_TODAY
LYFT,16.24,6147493643.759999,True,Technology,0.027877014624000034,0.22382112,-0.12641105869357833,-0.20913461538461536,3.0,325.0,331.0,33.0,False,,ELIGIBLE_NOT_PICKED
LYV,170.45,40163791437.0,True,Communication Services,0.016028764437825704,0.14580481,-0.05317084673817449,-0.24759615384615385,1.0,300.0,331.0,33.0,False,,ELIGIBLE_NOT_PICKED
LZ,6.02,1031014168.2399999,False,,,,,,,,,,,,INELIGIBLE_TODAY
LZB,31.67,1268471257.5700002,False,,,,,,,,,,,,INELIGIBLE_TODAY
M,22.45,5905202067.3,True,Consumer Cyclical,0.023703110443819793,0.24745588,0.1671762019231338,0.2412860576923077,2.0,38.0,331.0,33.0,False,,ELIGIBLE_NOT_PICKED
MA,570.89,500105314646.6,True,Financial Services,0.013948903192520545,0.07108669,0.18176575091395605,-0.0024038461538461453,0.0,58.0,331.0,33.0,False,,ELIGIBLE_NOT_PICKED
MAA,127.89,14838048080.73,True,Real Estate,0.012272269471401106,0.10219636,0.04722172584534466,-0.11688701923076925,0.0,134.0,331.0,33.0,False,,ELIGIBLE_NOT_PICKED
MAC,23.58,6686330062.499999,True,Real Estate,0.018846110598837347,0.16504627,0.010449095661459863,-0.11838942307692307,1.0,247.0,331.0,33.0,False,,ELIGIBLE_NOT_PICKED
MAIN,56.66,5298189400.259999,True,Financial Services,0.013378086988420782,0.07004938,-0.222684169580461,-0.46334134615384615,0.0,331.0,331.0,33.0,False,,ELIGIBLE_NOT_PICKED
MAIR,26.14,13115029077.68,True,Basic Materials,0.0368549540538452,0.27068534,0.039682132197772266,0.11778846153846156,4.0,110.0,331.0,33.0,False,,ELIGIBLE_NOT_PICKED
MAN,57.21,2660583659.7,True,Industrials,0.052418205581587385,0.38101947,-0.007174883678441373,0.1884014423076923,4.0,65.0,331.0,33.0,False,,ELIGIBLE_NOT_PICKED
MANE,103.83,4338031520.88,True,Healthcare,0.04665437737694875,0.4094934,-0.1303317113931691,0.053185096153846145,4.0,146.0,331.0,33.0,False,,ELIGIBLE_NOT_PICKED
MANH,207.92,12122769778.24,True,Technology,0.039026354418178824,0.36216465,0.22876563108836453,0.4465144230769231,4.0,1.0,331.0,33.0,True,0.003495872839406839,PICK
MAR,328.79,85737347831.52,True,Consumer Cyclical,0.016640695013644936,0.17825817,0.1072722833932265,0.06310096153846151,1.0,108.0,331.0,33.0,False,,ELIGIBLE_NOT_PICKED
MARA,11.83,4569920683.51,True,Financial Services,0.05849770810196896,0.25277933,-0.09855987321799059,-0.1298076923076923,4.0,290.0,331.0,33.0,False,,ELIGIBLE_NOT_PICKED
MAS,70.93,13986504409.900002,True,Basic Materials,0.024857561487645664,0.2098511,0.1397248151080409,0.14633413461538464,2.0,91.0,331.0,33.0,False,,ELIGIBLE_NOT_PICKED
MAT,14.14,4039798000.0,True,Consumer Cyclical,0.02004652701529797,0.24361807,0.03510822818468484,0.05739182692307693,1.0,113.0,331.0,33.0,False,,ELIGIBLE_NOT_PICKED
MATW,20.39,636436597.47,False,,,,,,,,,,,,INELIGIBLE_TODAY
MATX,223.29,6677143136.82,True,Industrials,0.020252229636601015,0.21485919,0.14189111566657306,0.1571514423076923,1.0,36.0,331.0,33.0,False,,ELIGIBLE_NOT_PICKED
MAX,11.77,721077021.06,False,,,,,,,,,,,,INELIGIBLE_TODAY
MAZE,26.37,1464831560.16,False,,,,,,,,,,,,INELIGIBLE_TODAY
MBC,8.16,1660482398.4,False,,,,,,,,,,,,INELIGIBLE_TODAY
MBGL,20.52,6049733486.4,True,Technology,,0.20033944,0.12507745658243918,0.11418269230769229,,,,,False,,ELIGIBLE_NOT_PICKED
MBI,4.61,235185806.84,False,,,,,,,,,,,,INELIGIBLE_TODAY
MBIN,52.9,2430124167.5,True,Financial Services,0.019427474716189327,0.12725937,-0.10435005056662276,-0.3269230769230769,1.0,323.0,331.0,33.0,False,,ELIGIBLE_NOT_PICKED
MBLY,8.52,7243598334.96,False,,,,,,,,,,,,INELIGIBLE_TODAY
MBX,62.99,3033604447.04,True,Healthcare,0.039511382776578424,0.4330496,-0.22849105006514195,0.013822115384615363,4.0,176.0,331.0,33.0,False,,ELIGIBLE_NOT_PICKED
MC,68.77,5382563806.36,True,Financial Services,0.02748712783964584,0.23836978,0.08207063301085975,0.13822115384615385,3.0,113.0,331.0,33.0,False,,ELIGIBLE_NOT_PICKED
MCD,255.81,181021780045.11002,True,Consumer Cyclical,0.014385028594284924,0.103988186,0.055914047650664066,-0.09855769230769232,0.0,122.0,331.0,33.0,False,,ELIGIBLE_NOT_PICKED
MCHB,15.55,3443182214.9500003,True,Financial Services,0.015453161421149116,0.12918702,-0.2085137496129351,-0.38731971153846156,0.0,312.0,331.0,33.0,False,,ELIGIBLE_NOT_PICKED
MCHP,73.38,39845977745.579994,True,Technology,0.03782547266407877,0.22714578,-0.009782440554815685,-0.05679086538461539,4.0,243.0,331.0,33.0,False,,ELIGIBLE_NOT_PICKED
MCK,889.12,103662823550.56,True,Healthcare,0.020492487267160003,0.23018293,0.0634025389613622,0.08894230769230765,1.0,80.0,331.0,33.0,False,,ELIGIBLE_NOT_PICKED
MCO,481.25,83352500000.0,True,Financial Services,0.01799532985899432,0.09862091,0.17071280852054777,0.02644230769230768,1.0,146.0,331.0,33.0,False,,ELIGIBLE_NOT_PICKED
MCRB,5.56,55273411.16,False,,,,,,,,,,,,INELIGIBLE_TODAY
MCRI,119.28,2137798304.88,True,Consumer Cyclical,0.014284857005523415,0.14689906,0.1937814108913903,0.09254807692307693,0.0,12.0,331.0,33.0,True,0.009550755207337648,PICK
MCY,102.64,5685088675.28,True,Financial Services,0.01573753709178624,0.19131915,0.07267023104296562,0.032451923076923045,1.0,138.0,331.0,33.0,False,,ELIGIBLE_NOT_PICKED
MD,26.94,2188963120.7400002,True,Healthcare,0.02241377905117994,0.20595868,0.17431264931774232,0.1628605769230769,2.0,79.0,331.0,33.0,False,,ELIGIBLE_NOT_PICKED
MDB,356.0,28678057396.0,True,Technology,0.04275404825387733,0.33211127,0.045527646710425466,0.22536057692307687,4.0,56.0,331.0,33.0,False,,ELIGIBLE_NOT_PICKED
MDGL,534.16,12341299944.16,True,Healthcare,0.02663368216815852,0.2762821,-0.0036110540694822,0.04687500000000003,2.0,163.0,331.0,33.0,False,,ELIGIBLE_NOT_PICKED
MDLN,34.69,45607202897.479996,True,Healthcare,0.03290948852265304,0.30101424,-0.18162530220209186,-0.11328125,3.0,298.0,331.0,33.0,False,,ELIGIBLE_NOT_PICKED
MDLZ,61.63,78658865552.91,True,Consumer Defensive,0.01726301973083349,0.1964366,0.11337825645614258,0.09675480769230771,1.0,74.0,331.0,33.0,False,,ELIGIBLE_NOT_PICKED
MDT,92.39,118179549657.1,True,Healthcare,0.01735189570278143,0.18436924,0.019306432873808906,-0.0769230769230769,1.0,219.0,331.0,33.0,False,,ELIGIBLE_NOT_PICKED
MDU,19.84,4173333207.04,True,Industrials,0.011767359282575723,0.13406727,-0.09383736537089463,-0.31009615384615385,0.0,262.0,331.0,33.0,False,,ELIGIBLE_NOT_PICKED
MED,12.16,135957348.48,False,,,,,,,,,,,,INELIGIBLE_TODAY
MEDP,590.89,16492717822.949999,True,Healthcare,0.026958786233248253,0.24553621,0.091216606325599,0.16376201923076922,3.0,99.0,331.0,33.0,False,,ELIGIBLE_NOT_PICKED
MET,95.5,60688046528.5,True,Financial Services,0.015131665657987535,0.18696561,0.03470081447004213,-0.043870192307692346,0.0,89.0,331.0,33.0,False,,ELIGIBLE_NOT_PICKED
META,613.48,1562844118913.0,True,Communication Services,0.028995747042671816,0.2620487,-0.006035007305215316,0.0168269230769231,3.0,212.0,331.0,33.0,False,,ELIGIBLE_NOT_PICKED
METC,12.53,794254634.67,False,,,,,,,,,,,,INELIGIBLE_TODAY
MFIC,9.245,761534945.8599999,False,,,,,,,,,,,,INELIGIBLE_TODAY
MFP,42.91,1940838824.05,False,,,,,,,,,,,,INELIGIBLE_TODAY
MGEE,77.82,2940351813.8399997,True,Utilities,0.011129763222558087,0.09084211,-0.09292984786232496,-0.36087740384615385,0.0,298.0,331.0,33.0,False,,ELIGIBLE_NOT_PICKED
MGM,40.74,10249888879.44,True,Consumer Cyclical,0.014117516637903114,0.17409909,0.14529942668163753,0.09525240384615385,0.0,11.0,331.0,33.0,True,0.009663963991038063,PICK
MGNI,23.7,3399152520.9,True,Communication Services,0.03878514253226586,0.39673486,-0.05129042615480628,0.13251201923076922,4.0,103.0,331.0,33.0,False,,ELIGIBLE_NOT_PICKED
MGNX,4.32,275184807.84000003,False,,,,,,,,,,,,INELIGIBLE_TODAY
MGPI,16.21,347122171.96000004,False,,,,,,,,,,,,INELIGIBLE_TODAY
MGRC,110.82,2706851973.66,True,Industrials,0.01363580072210602,0.13441601,0.10108020628963216,0.0030048076923077094,0.0,53.0,331.0,33.0,False,,ELIGIBLE_NOT_PICKED
MGY,27.42,6497678792.64,True,Energy,0.024075383101100054,0.25236276,0.0001215660883299225,0.009314903846153827,2.0,200.0,331.0,33.0,False,,ELIGIBLE_NOT_PICKED
MH,12.75,2439187378.5,True,Consumer Defensive,0.04278406528397567,0.3065328,-0.04902660279947164,0.014723557692307682,4.0,173.0,331.0,33.0,False,,ELIGIBLE_NOT_PICKED
MHK,129.72,8786992169.4,True,Consumer Cyclical,0.027385393272262835,0.28778085,0.0456964052100699,0.15805288461538464,3.0,101.0,331.0,33.0,False,,ELIGIBLE_NOT_PICKED
MHO,143.29,3622805511.99,True,Consumer Cyclical,0.020786752986242107,0.23241071,0.015212986929618663,-0.0006009615384615086,1.0,159.0,331.0,33.0,False,,ELIGIBLE_NOT_PICKED
MIAX,43.46,4312574827.08,True,Financial Services,0.02892610977603767,0.31596258,-0.12716248400576768,-0.05859374999999997,3.0,274.0,331.0,33.0,False,,ELIGIBLE_NOT_PICKED
MIDD,108.63,4912503771.87,True,Industrials,0.035585849373000564,0.25284505,0.07891721725711597,0.15775240384615385,3.0,102.0,331.0,33.0,False,,ELIGIBLE_NOT_PICKED
MIR,16.92,4213716987.2400002,True,Industrials,0.03228396587087001,0.32476994,-0.23964872631452902,-0.09435096153846151,3.0,292.0,331.0,33.0,False,,ELIGIBLE_NOT_PICKED
MIRM,99.53,6462702164.59,True,Healthcare,0.02980166516296854,0.23327886,-0.08297586807800089,-0.14933894230769232,3.0,306.0,331.0,33.0,False,,ELIGIBLE_NOT_PICKED
MKC,51.9,13953395548.8,True,Consumer Defensive,0.02010639187514147,0.20611417,-0.11776106123420628,-0.23858173076923075,1.0,296.0,331.0,33.0,False,,ELIGIBLE_NOT_PICKED
MKL,1785.71,22124871900.18,True,Financial Services,0.013943699795563359,0.17469601,-0.002992500128456199,-0.1316105769230769,0.0,150.0,331.0,33.0,False,,ELIGIBLE_NOT_PICKED
MKSI,265.5,17952461649.0,True,Technology,0.04994665758191111,0.31124005,-0.038459173502205804,0.04206730769230771,4.0,151.0,331.0,33.0,False,,ELIGIBLE_NOT_PICKED
MKTW,18.17,286622392.45000005,False,,,,,,,,,,,,INELIGIBLE_TODAY
MKTX,163.32,5747702958.12,True,Financial Services,0.04125822312489463,0.023294777,-0.0007848257352312168,-0.26622596153846156,4.0,327.0,331.0,33.0,False,,ELIGIBLE_NOT_PICKED
MLI,63.58,14062712649.039999,True,Industrials,0.022038792380244365,0.2501974,0.03932915639328209,0.07782451923076927,2.0,140.0,331.0,33.0,False,,ELIGIBLE_NOT_PICKED
MLKN,22.21,1513017115.98,False,,,,,,,,,,,,INELIGIBLE_TODAY
MLM,511.98,30752508251.22,True,Basic Materials,0.020910173558357396,0.20635597,-0.12620089343525676,-0.2442908653846154,1.0,298.0,331.0,33.0,False,,ELIGIBLE_NOT_PICKED
MLTX,14.94,1271493873.8999999,False,,,,,,,,,,,,INELIGIBLE_TODAY
MLYS,31.12,2751222261.2000003,True,Healthcare,0.03026433087317854,0.41795802,-0.37829656150598295,-0.006009615384615391,3.0,231.0,331.0,33.0,False,,ELIGIBLE_NOT_PICKED
MMED,23.32,6549255145.4,True,Healthcare,0.032649877852763735,0.39688563,0.05032705936648526,0.3167067307692308,3.0,23.0,331.0,33.0,True,0.004178612031776035,PICK
MMI,31.33,1186498523.99,False,,,,,,,,,,,,INELIGIBLE_TODAY
MMM,167.52,86393819295.84001,True,Industrials,0.015858106419393034,0.11546223,0.1709193410615645,0.04957932692307693,1.0,118.0,331.0,33.0,False,,ELIGIBLE_NOT_PICKED
MMS,56.33,2949312789.79,True,Industrials,0.0245971444707519,0.24675892,-0.048397965747747976,-0.08112980769230768,2.0,255.0,331.0,33.0,False,,ELIGIBLE_NOT_PICKED
MMSI,87.38,5217496499.599999,True,Healthcare,0.017158061647092222,0.13781863,0.08582708131947518,-0.011418269230769218,1.0,168.0,331.0,33.0,False,,ELIGIBLE_NOT_PICKED
MNKD,4.16,1337609049.92,False,,,,,,,,,,,,INELIGIBLE_TODAY
MNR,12.71,2121910274.7400002,True,Energy,0.011574026503499132,0.13989589,-0.01348197296665603,-0.1932091346153846,0.0,189.0,331.0,33.0,False,,ELIGIBLE_NOT_PICKED
MNRO,12.51,391113390.59999996,False,,,,,,,,,,,,INELIGIBLE_TODAY
MNST,43.15,84533083616.59999,True,Consumer Defensive,0.015534429445340475,0.13874109,0.008440819998149681,-0.15775240384615385,0.0,164.0,331.0,33.0,False,,ELIGIBLE_NOT_PICKED
MNTK,2.5,355852847.5,False,,,,,,,,,,,,INELIGIBLE_TODAY
MNTN,12.81,958228518.0300001,False,,,,,,,,,,,,INELIGIBLE_TODAY
MO,68.17,113826443435.42,True,Consumer Defensive,0.01993705722037009,0.14143908,0.13174161252465788,0.044471153846153855,1.0,126.0,331.0,33.0,False,,ELIGIBLE_NOT_PICKED
MOD,192.35,10216229383.8,True,Consumer Cyclical,0.04290150214029559,0.2871844,-0.025897897612015372,0.026742788461538436,4.0,164.0,331.0,33.0,False,,ELIGIBLE_NOT_PICKED
MOG.A,369.61,11705980774.09,True,Industrials,0.02582990075386551,0.3339463,-0.06340203547565415,0.04116586538461539,2.0,171.0,331.0,33.0,False,,ELIGIBLE_NOT_PICKED
MOH,196.3,10246860000.0,True,Healthcare,0.02603492525614178,0.34651074,0.04269015335648926,0.24549278846153844,2.0,31.0,331.0,33.0,True,0.005240313582209789,PICK
MORN,200.53,7522596392.63,True,Financial Services,0.029692214728874018,0.26257434,0.022756372546342392,0.07451923076923078,3.0,167.0,331.0,33.0,False,,ELIGIBLE_NOT_PICKED
MOS,26.53,8433771488.38,True,Basic Materials,0.027343894396899285,0.33274898,-0.13676471447257854,-0.03455528846153849,3.0,254.0,331.0,33.0,False,,ELIGIBLE_NOT_PICKED
MP,55.37,9861484927.56,True,Basic Materials,0.04040828075426634,0.28256285,-0.3068867228515856,-0.1628605769230769,4.0,306.0,331.0,33.0,False,,ELIGIBLE_NOT_PICKED
MPC,397.77,111703665978.51,True,Energy,0.021939459724696943,0.25942263,0.1594494537072759,0.2587139423076923,2.0,26.0,331.0,33.0,True,0.006218529268430334,PICK
MPLX,59.83,60659139157.33,True,Energy,0.011697024114897153,0.05697029,0.05883827489649984,-0.14603365384615385,0.0,158.0,331.0,33.0,False,,ELIGIBLE_NOT_PICKED
MPT,3.99,2382828000.0,False,,,,,,,,,,,,INELIGIBLE_TODAY
MPWR,1218.5,59880745500.0,True,Technology,0.03794443615285216,0.30782148,-0.028017358603763323,0.05348557692307693,4.0,145.0,331.0,33.0,False,,ELIGIBLE_NOT_PICKED
MQ,16.26,1692647040.8400002,False,,,,,,,,,,,,INELIGIBLE_TODAY
MRCY,83.46,5018961660.179999,True,Industrials,0.04098480846772514,0.30983174,-0.06179845767961177,0.004507211538461536,4.0,186.0,331.0,33.0,False,,ELIGIBLE_NOT_PICKED
MRK,148.46,366276301377.48004,True,Healthcare,0.023873989200486157,0.30763584,0.07747007036596756,0.24368990384615385,2.0,35.0,331.0,33.0,False,,ELIGIBLE_NOT_PICKED
MRNA,140.33,56024772303.37,True,Healthcare,0.23607856793875148,0.35550547,-0.06319839902068419,0.07512019230769229,4.0,129.0,331.0,33.0,False,,ELIGIBLE_NOT_PICKED
MRP,30.78,5110955193.06,True,Real Estate,0.01582013551613096,0.05202717,-0.0016913760411542194,-0.2626201923076923,1.0,307.0,331.0,33.0,False,,ELIGIBLE_NOT_PICKED
MRSH,180.52,86146178099.36,True,Financial Services,0.01778678389143891,0.19511695,0.1187501396281467,0.09975961538461536,1.0,71.0,331.0,33.0,False,,ELIGIBLE_NOT_PICKED
MRVI,7.19,1867053363.75,False,,,,,,,,,,,,INELIGIBLE_TODAY
MRVL,225.41,197662029000.0,True,Technology,0.05801499161276342,0.36491394,-0.1589630112563746,-0.0006009615384615641,4.0,198.0,331.0,33.0,False,,ELIGIBLE_NOT_PICKED
MS,216.24,339619254982.08,True,Financial Services,0.017878544648116862,0.14058752,0.01982733177538906,-0.13070913461538458,1.0,254.0,331.0,33.0,False,,ELIGIBLE_NOT_PICKED
MSA,188.72,7280494700.08,True,Industrials,0.016080228030392645,0.12174735,0.17800427782245537,0.06039663461538461,1.0,109.0,331.0,33.0,False,,ELIGIBLE_NOT_PICKED
MSCI,551.39,40086053000.0,True,Financial Services,0.02215480607858499,0.16493466,0.19715795650951473,0.11868990384615385,2.0,109.0,331.0,33.0,False,,ELIGIBLE_NOT_PICKED
MSEX,58.325,1099073150.45,False,,,,,,,,,,,,INELIGIBLE_TODAY
MSFT,493.95,3667848195279.4497,True,Technology,0.027756943910036018,0.2194119,0.07685352207271873,0.08954326923076922,3.0,155.0,331.0,33.0,False,,ELIGIBLE_NOT_PICKED
MSGE,76.75,3630676709.5,True,Consumer Cyclical,0.02233731698646597,0.230543,0.10686788131977967,0.15354567307692307,2.0,87.0,331.0,33.0,False,,ELIGIBLE_NOT_PICKED
MSGS,390.77,9409718544.57,True,Communication Services,0.016874002140435853,0.19096503,0.10821356458952659,0.08233173076923075,1.0,85.0,331.0,33.0,False,,ELIGIBLE_NOT_PICKED
MSI,462.98,76620313968.24,True,Technology,0.017224138163395554,0.10829544,0.08339642153515534,-0.04507211538461542,1.0,198.0,331.0,33.0,False,,ELIGIBLE_NOT_PICKED
MSM,120.38,6722777353.24,True,Industrials,0.015961646891329093,0.18656889,0.24567149252036494,0.1553485576923077,1.0,37.0,331.0,33.0,False,,ELIGIBLE_NOT_PICKED
MSTR,136.52,52454499526.520004,True,Technology,0.05669259548254778,0.37047717,-0.12921386014616504,0.02433894230769232,4.0,166.0,331.0,33.0,False,,ELIGIBLE_NOT_PICKED
MTB,238.44,34434613511.28,True,Financial Services,0.01269719418308263,0.10455283,0.08231800075182044,-0.052283653846153855,0.0,97.0,331.0,33.0,False,,ELIGIBLE_NOT_PICKED
MTCH,41.15,9446023032.75,True,Communication Services,0.023094061995822635,0.21731438,0.18326023375389283,0.1908052884615385,2.0,60.0,331.0,33.0,False,,ELIGIBLE_NOT_PICKED
MTD,1325.52,26558859685.68,True,Healthcare,0.015999109520182662,0.08385333,0.04435904522414612,-0.14903846153846156,1.0,262.0,331.0,33.0,False,,ELIGIBLE_NOT_PICKED
MTDR,59.77,7396789490.320001,True,Energy,0.02545718719310974,0.22075777,0.035735290451473896,0.013822115384615363,2.0,195.0,331.0,33.0,False,,ELIGIBLE_NOT_PICKED
MTG,30.66,6289127594.4,True,Financial Services,0.010833916894542647,0.037676867,0.16720272603661307,-0.024038461538461564,0.0,74.0,331.0,33.0,False,,ELIGIBLE_NOT_PICKED
MTH,64.43,4199166811.9900002,True,Consumer Cyclical,0.025576842689068176,0.2758864,-0.050764984626847545,-0.030949519230769218,2.0,231.0,331.0,33.0,False,,ELIGIBLE_NOT_PICKED
MTN,132.99,4738902622.740001,True,Consumer Cyclical,0.027356783516378096,0.23222543,0.018568030770493245,0.006911057692307682,3.0,219.0,331.0,33.0,False,,ELIGIBLE_NOT_PICKED
MTRN,255.69,5326975145.25,True,Basic Materials,0.05699862087812183,0.3573924,0.016952912612376105,0.20763221153846156,4.0,59.0,331.0,33.0,False,,ELIGIBLE_NOT_PICKED
MTSI,274.8,20986731838.8,True,Technology,0.04598370806100505,0.33557364,-0.004000833852934143,0.13671874999999997,4.0,96.0,331.0,33.0,False,,ELIGIBLE_NOT_PICKED
MTUS,19.42,804945095.2800001,False,,,,,,,,,,,,INELIGIBLE_TODAY
MTW,20.99,756940729.31,False,,,,,,,,,,,,INELIGIBLE_TODAY
MTX,70.52,2195200296.24,True,Basic Materials,0.01606288257709662,0.2411355,0.11998496762885565,0.18780048076923078,1.0,25.0,331.0,33.0,True,0.008493567189870878,PICK
MTZ,246.18,19769472098.64,True,Industrials,0.04655069215552744,0.29723883,-0.11289122577904613,-0.07271634615384615,4.0,262.0,331.0,33.0,False,,ELIGIBLE_NOT_PICKED
MU,1000.26,1129686793219.26,True,Technology,0.06024079833038676,0.37751758,0.03195738189578965,0.26111778846153844,4.0,44.0,331.0,33.0,False,,ELIGIBLE_NOT_PICKED
MUR,37.58,5388262677.5,True,Energy,0.0309579694286264,0.35467175,0.01035040946796091,0.18900240384615383,3.0,84.0,331.0,33.0,False,,ELIGIBLE_NOT_PICKED
MUSA,517.81,9517527480.07,True,Consumer Cyclical,0.026169839701166528,0.31920153,0.13822561870673739,0.3293269230769231,2.0,9.0,331.0,33.0,True,0.005213297979257205,PICK
MVIS,1.67,39726669.75,False,,,,,,,,,,,,INELIGIBLE_TODAY
MVST,0.682,262252519.45200002,False,,,,,,,,,,,,INELIGIBLE_TODAY
MWA,23.76,3709546133.0400004,True,Industrials,0.01622547606646048,0.17729849,-0.09928223567952156,-0.2638221153846154,1.0,309.0,331.0,33.0,False,,ELIGIBLE_NOT_PICKED
MWH,25.66,5193243286.52,True,Utilities,0.04514043839093935,0.3612602,0.10910876039722706,0.36868990384615385,4.0,19.0,331.0,33.0,True,0.0030223714543933427,PICK
MXL,66.5,6031097201.5,True,Technology,0.08265606271560919,0.37688798,0.12684856490236582,0.4053485576923077,4.0,10.0,331.0,33.0,True,0.0016505888128374652,PICK
MYGN,3.18,304165871.1,False,,,,,,,,,,,,INELIGIBLE_TODAY
MYRG,288.16,4486435080.0,True,Industrials,0.030926206091052243,0.32775488,0.0901351910686661,0.2935697115384615,3.0,33.0,331.0,33.0,True,0.004411506928133986,PICK
MZTI,104.03,2839082730.0,True,Consumer Defensive,0.02230456864425273,0.26599672,-0.11166512521417513,-0.11538461538461536,2.0,270.0,331.0,33.0,False,,ELIGIBLE_NOT_PICKED
NABL,3.85,727288292.5,False,,,,,,,,,,,,INELIGIBLE_TODAY
NATL,45.48,3360832558.3199997,True,Technology,0.008427846883188093,0.13507397,0.06249152038931703,-0.05588942307692307,0.0,101.0,331.0,33.0,False,,ELIGIBLE_NOT_PICKED
NAVI,9.47,888132851.1600001,False,,,,,,,,,,,,INELIGIBLE_TODAY
NAVN,26.64,6775384819.68,True,Technology,0.04268110907988874,0.36875778,0.13911295314740796,0.4065504807692308,4.0,8.0,331.0,33.0,True,0.003196523599614297,PICK
NBHC,41.77,1860416878.19,False,,,,,,,,,,,,INELIGIBLE_TODAY
NBIX,155.13,15768837448.529999,True,Healthcare,0.02155012270625662,0.24282964,0.046545055293319745,0.08203125,2.0,136.0,331.0,33.0,False,,ELIGIBLE_NOT_PICKED
NBR,91.87,1359680042.28,False,,,,,,,,,,,,INELIGIBLE_TODAY
NBTB,51.42,2671786336.62,True,Financial Services,0.012184234378169099,0.08482174,-0.018668849444637616,-0.26502403846153844,0.0,235.0,331.0,33.0,False,,ELIGIBLE_NOT_PICKED
NCLH,15.39,7066900949.940001,True,Industrials,0.02984690936278527,0.26437995,-0.15346152428902704,-0.1502403846153846,3.0,308.0,331.0,33.0,False,,ELIGIBLE_NOT_PICKED
NCNO,22.14,2340998892.36,True,Technology,0.03138943793258258,0.4430581,-0.08807467220649859,0.1015625,3.0,140.0,331.0,33.0,False,,ELIGIBLE_NOT_PICKED
NDAQ,95.04,53125209434.880005,True,Financial Services,0.02015260046543207,0.12382803,0.1429741438290366,0.037560096153846145,1.0,130.0,331.0,33.0,False,,ELIGIBLE_NOT_PICKED
NDSN,316.8,17645559148.8,True,Industrials,0.016096031465189717,0.10670428,0.09095404831766994,-0.03605769230769229,1.0,191.0,331.0,33.0,False,,ELIGIBLE_NOT_PICKED
NE,45.89,7325981384.02,True,Energy,0.02772651318881109,0.23816288,0.056894503934298464,0.09435096153846156,3.0,147.0,331.0,33.0,False,,ELIGIBLE_NOT_PICKED
NEE,83.83,174852881333.87,True,Utilities,0.009203065650494363,0.080887474,-0.015604943877652853,-0.26502403846153844,0.0,236.0,331.0,33.0,False,,ELIGIBLE_NOT_PICKED
NEM,127.09,133913750721.39,True,Basic Materials,0.029200189061072725,0.32887325,0.20957987421534435,0.39122596153846156,3.0,5.0,331.0,33.0,True,0.004672270174217987,PICK
NEO,17.56,2256028726.3999996,True,Healthcare,0.03796253173725852,0.39166167,0.13143777129821022,0.42307692307692313,4.0,2.0,331.0,33.0,True,0.003593837560040164,PICK
NEOG,11.885,2591595750.16,True,Healthcare,0.03752921534751012,0.31639406,0.10428923260213659,0.2893629807692308,4.0,36.0,331.0,33.0,False,,ELIGIBLE_NOT_PICKED
NESR,34.18,3447112951.72,True,Energy,0.04267254232942601,0.3375297,-0.0062008513897609035,0.13551682692307693,4.0,98.0,331.0,33.0,False,,ELIGIBLE_NOT_PICKED
NET,284.3,101233462974.5,True,Technology,0.03323994614131152,0.3004713,0.07079350295781575,0.21754807692307693,3.0,69.0,331.0,33.0,False,,ELIGIBLE_NOT_PICKED
NEU,867.7,7979721486.200001,True,Basic Materials,0.019867422759807223,0.22255313,0.06448390960834693,0.07241586538461542,1.0,92.0,331.0,33.0,False,,ELIGIBLE_NOT_PICKED
NEXT,7.47,1988405184.51,False,,,,,,,,,,,,INELIGIBLE_TODAY
NFE,0.258,73693739.7,False,,,,,,,,,,,,INELIGIBLE_TODAY
NFG,83.81,7965729747.190001,True,Energy,0.012365073378989185,0.07041507,-0.13669632108493263,-0.42397836538461536,0.0,325.0,331.0,33.0,False,,ELIGIBLE_NOT_PICKED
NFLX,76.77,319665648926.51996,True,Communication Services,0.02418952487764119,0.25699314,-0.03147046234357304,-0.03125,2.0,232.0,331.0,33.0,False,,ELIGIBLE_NOT_PICKED
NG,7.9,3466366850.6000004,False,,,,,,,,,,,,INELIGIBLE_TODAY
NGL,17.57,2192987057.73,True,Energy,0.030504792682972383,0.3299499,0.11704746915626425,0.3290264423076923,3.0,16.0,331.0,33.0,True,0.004472450406382588,PICK
NGVT,69.15,2377233306.3,True,Basic Materials,0.018687867143713618,0.19256061,0.18954451871849595,0.14993990384615383,1.0,40.0,331.0,33.0,False,,ELIGIBLE_NOT_PICKED
NHC,220.97,3460698453.15,True,Healthcare,0.02135163088276654,0.2146369,0.111144092720116,0.12530048076923078,2.0,106.0,331.0,33.0,False,,ELIGIBLE_NOT_PICKED
NHI,71.42,3507467196.28,True,Real Estate,0.015581619882408675,0.11561627,-0.13741215520963954,-0.3668870192307692,1.0,328.0,331.0,33.0,False,,ELIGIBLE_NOT_PICKED
NI,41.9,20093568190.0,True,Utilities,0.012694757560858583,0.104632325,0.050009168302174986,-0.10697115384615385,0.0,127.0,331.0,33.0,False,,ELIGIBLE_NOT_PICKED
NIC,172.16,3608045438.08,True,Financial Services,0.013604482309877769,0.0695723,-0.10239855987808391,-0.39663461538461536,0.0,317.0,331.0,33.0,False,,ELIGIBLE_NOT_PICKED
NIQ,18.34,5409490545.76,True,Communication Services,0.06069085865189748,0.25940853,0.04259527551111475,0.10516826923076922,4.0,115.0,331.0,33.0,False,,ELIGIBLE_NOT_PICKED
NJR,54.0,5479269084.0,True,Utilities,0.012881572792495575,0.10339538,-0.08226109203877974,-0.3299278846153846,0.0,280.0,331.0,33.0,False,,ELIGIBLE_NOT_PICKED
NKE,38.1,56521300584.3,True,Consumer Cyclical,0.020480190156529063,0.20063275,-0.01811131583876238,-0.11808894230769229,1.0,246.0,331.0,33.0,False,,ELIGIBLE_NOT_PICKED
NKTR,75.44,2575747467.36,True,Healthcare,0.03106340470910712,0.40991116,-0.2882162779153408,-0.003305288461538436,3.0,230.0,331.0,33.0,False,,ELIGIBLE_NOT_PICKED
NKTX,3.23,231348074.93,False,,,,,,,,,,,,INELIGIBLE_TODAY
NLY,22.72,17124392122.24,True,Real Estate,0.011425165533819625,0.054262504,-0.06402901454932995,-0.3611778846153846,0.0,299.0,331.0,33.0,False,,ELIGIBLE_NOT_PICKED
NMAX,10.71,1383310507.95,False,,,,,,,,,,,,INELIGIBLE_TODAY
NMIH,44.38,3338168227.38,True,Financial Services,0.012239493123980077,0.04358539,0.05131378668048429,-0.16075721153846156,0.0,165.0,331.0,33.0,False,,ELIGIBLE_NOT_PICKED
NMRA,1.25,234869890.0,False,,,,,,,,,,,,INELIGIBLE_TODAY
NMRK,14.83,2687620538.41,True,Real Estate,0.026129192350586805,0.34895813,-0.09245604066605778,0.03305288461538464,2.0,179.0,331.0,33.0,False,,ELIGIBLE_NOT_PICKED
NN,15.22,2569286830.2000003,True,Technology,0.04664499929047188,0.27838403,-0.2169685457607128,-0.15384615384615385,4.0,302.0,331.0,33.0,False,,ELIGIBLE_NOT_PICKED
NNDM,1.555,327854662.10499996,False,,,,,,,,,,,,INELIGIBLE_TODAY
NNE,19.35,1039059125.1,False,,,,,,,,,,,,INELIGIBLE_TODAY
NNI,125.14,4477438871.32,True,Financial Services,0.01221768078993515,0.11598874,-0.019974538048898125,-0.22596153846153846,0.0,208.0,331.0,33.0,False,,ELIGIBLE_NOT_PICKED
NNN,44.45,8531350730.000001,True,Real Estate,0.011178473678422311,0.09646495,-0.004384539416854171,-0.2274639423076923,0.0,209.0,331.0,33.0,False,,ELIGIBLE_NOT_PICKED
NOC,518.58,73671044023.08,True,Industrials,0.018105062425533693,0.19762412,-0.0012368120037847263,-0.09465144230769229,1.0,232.0,331.0,33.0,False,,ELIGIBLE_NOT_PICKED
NOG,25.68,2736181607.04,True,Energy,0.031868350474778935,0.24725918,-0.08727818434507778,-0.12590144230769235,3.0,301.0,331.0,33.0,False,,ELIGIBLE_NOT_PICKED
NOV,21.39,7625067093.75,True,Energy,0.020396219168241397,0.2726128,0.19239846856596593,0.30168269230769235,1.0,2.0,331.0,33.0,True,0.006689042283091912,PICK
NOVT,149.31,5646571238.7,True,Technology,0.03049917885622214,0.3738099,-0.14000835353167285,0.019230769230769246,3.0,208.0,331.0,33.0,False,,ELIGIBLE_NOT_PICKED
NOW,134.21,138773140000.0,True,Technology,0.03908582983966327,0.3535994,-0.016654363767056462,0.14423076923076925,4.0,90.0,331.0,33.0,False,,ELIGIBLE_NOT_PICKED
NP,32.05,4398320534.5,True,Financial Services,0.032804531738438426,0.15431525,0.03618440935357908,-0.08443509615384615,3.0,286.0,331.0,33.0,False,,ELIGIBLE_NOT_PICKED
NPO,301.08,6373165395.48,True,Industrials,0.02803862100592581,0.27015564,0.02494315285385199,0.09344951923076922,3.0,150.0,331.0,33.0,False,,ELIGIBLE_NOT_PICKED
NPWR,1.9,427231265.9,False,,,,,,,,,,,,INELIGIBLE_TODAY
NRG,119.64,25149582186.12,True,Utilities,0.035318318570008944,0.28996646,-0.2059981259619317,-0.13581730769230768,3.0,303.0,331.0,33.0,False,,ELIGIBLE_NOT_PICKED
NRGV,4.32,785546942.4000001,False,,,,,,,,,,,,INELIGIBLE_TODAY
NRIX,26.13,2711815376.79,True,Healthcare,0.030177553634822617,0.3790456,0.033205269154900754,0.26322115384615385,3.0,47.0,331.0,33.0,False,,ELIGIBLE_NOT_PICKED
NRP,113.29,1501139175.48,False,,,,,,,,,,,,INELIGIBLE_TODAY
NSC,327.92,73653577674.16,True,Industrials,0.014000073280928064,0.07897741,0.10243575037183895,-0.0612980769230769,0.0,103.0,331.0,33.0,False,,ELIGIBLE_NOT_PICKED
NSIT,157.34,4617748059.0,True,Technology,0.02374689155453095,0.26865792,0.08467773283755646,0.19921875,2.0,50.0,331.0,33.0,False,,ELIGIBLE_NOT_PICKED
NSP,49.63,1895631250.1000001,False,,,,,,,,,,,,INELIGIBLE_TODAY
NSSC,37.085,1326472486.145,False,,,,,,,,,,,,INELIGIBLE_TODAY
NTAP,189.13,37148726415.65,True,Technology,0.024871396644289903,0.25279084,0.07612803690228427,0.15294471153846156,2.0,88.0,331.0,33.0,False,,ELIGIBLE_NOT_PICKED
NTCT,36.975,2688352861.2000003,True,Technology,0.019367876394535168,0.2432515,0.047515362852937955,0.08533653846153844,1.0,84.0,331.0,33.0,False,,ELIGIBLE_NOT_PICKED
NTGR,21.13,574292713.73,False,,,,,,,,,,,,INELIGIBLE_TODAY
NTLA,12.74,1785214068.82,False,,,,,,,,,,,,INELIGIBLE_TODAY
NTNX,67.49,18243931152.41,True,Technology,0.02204481724988395,0.22897957,0.07092444926296584,0.10036057692307693,2.0,122.0,331.0,33.0,False,,ELIGIBLE_NOT_PICKED
NTRA,324.14,46722891263.799995,True,Healthcare,0.036572946985508566,0.2491006,0.06822147084486559,0.13010817307692307,3.0,121.0,331.0,33.0,False,,ELIGIBLE_NOT_PICKED
NTRS,184.88,33824841126.64,True,Financial Services,0.013131508765021949,0.089453496,0.14483211549813893,-0.005408653846153855,0.0,61.0,331.0,33.0,False,,ELIGIBLE_NOT_PICKED
NTSK,14.35,5863234183.8,True,Technology,0.04340274019307296,0.33734944,0.006000800084862312,0.1568509615384615,4.0,79.0,331.0,33.0,False,,ELIGIBLE_NOT_PICKED
NTST,20.22,2052896119.56,True,Real Estate,0.014973735433858317,0.090799004,-0.09182988001509546,-0.3596754807692308,0.0,295.0,331.0,33.0,False,,ELIGIBLE_NOT_PICKED
NUE,256.4,58170923326.399994,True,Basic Materials,0.023370179079303336,0.30191815,0.0494748494434134,0.18509615384615385,2.0,64.0,331.0,33.0,False,,ELIGIBLE_NOT_PICKED
NUS,4.75,231214011.5,False,,,,,,,,,,,,INELIGIBLE_TODAY
NUTX,190.66,1305634532.18,False,,,,,,,,,,,,INELIGIBLE_TODAY
NUVB,6.61,2320924570.13,False,,,,,,,,,,,,INELIGIBLE_TODAY
NVAX,10.19,1680796947.9399998,False,,,,,,,,,,,,INELIGIBLE_TODAY
NVCR,16.85,1962112404.0000002,False,,,,,,,,,,,,INELIGIBLE_TODAY
NVDA,225.73,5440093000000.0,True,Technology,0.02575160801452238,0.21756291,-0.001916918963676363,-0.05949519230769232,2.0,244.0,331.0,33.0,False,,ELIGIBLE_NOT_PICKED
NVR,6116.86,16300575539.599998,True,Consumer Cyclical,0.01893447022829628,0.16652423,0.03587556299715669,-0.06700721153846154,1.0,215.0,331.0,33.0,False,,ELIGIBLE_NOT_PICKED
NVST,26.81,4306160778.29,True,Healthcare,0.01895446326721534,0.24205442,0.19686569625130979,0.24368990384615385,1.0,10.0,331.0,33.0,True,0.007197838868249841,PICK
NVT,162.57,26313245143.23,True,Industrials,0.03362253036679452,0.3619646,0.022411180649560023,0.2256610576923077,3.0,62.0,331.0,33.0,False,,ELIGIBLE_NOT_PICKED
NVTS,12.0,3133121856.0,True,Technology,0.061467578101949985,0.3289261,-0.1367111691141814,-0.04086538461538464,4.0,234.0,331.0,33.0,False,,ELIGIBLE_NOT_PICKED
NWBI,15.5,2270116391.0,True,Financial Services,0.010723184201062722,0.065689184,-0.09027114498862915,-0.38401442307692313,0.0,309.0,331.0,33.0,False,,ELIGIBLE_NOT_PICKED
NWE,71.78,4415751273.0,True,Utilities,0.012743059209927592,0.07385836,0.08584325214660625,-0.08683894230769229,0.0,114.0,331.0,33.0,False,,ELIGIBLE_NOT_PICKED
NWL,6.34,2700206000.0,False,,,,,,,,,,,,INELIGIBLE_TODAY
NWN,49.96,2102993158.48,True,Utilities,0.012967338669304164,0.102706276,-0.06936074969649753,-0.31820913461538464,0.0,269.0,331.0,33.0,False,,ELIGIBLE_NOT_PICKED
NWSA,29.82,16134189665.16,True,Communication Services,0.017724448648722996,0.15941241,0.14102361267840144,0.07481971153846156,1.0,89.0,331.0,33.0,False,,ELIGIBLE_NOT_PICKED
NX,22.22,1018258341.76,False,,,,,,,,,,,,INELIGIBLE_TODAY
NXDR,2.22,858803452.44,False,,,,,,,,,,,,INELIGIBLE_TODAY
NXDT,5.4,286772545.8,False,,,,,,,,,,,,INELIGIBLE_TODAY
NXH,3.845,366545307.255,False,,,,,,,,,,,,INELIGIBLE_TODAY
NXPI,223.87,56451993633.380005,True,Technology,0.028312317396019835,0.21515086,0.013515326896374894,-0.04086538461538461,3.0,262.0,331.0,33.0,False,,ELIGIBLE_NOT_PICKED
NXRT,23.29,595055144.77,False,,,,,,,,,,,,INELIGIBLE_TODAY
NXST,169.145,5211070072.645,True,Communication Services,0.02353873103467227,0.22801991,-0.20447837429538482,-0.2421875,2.0,319.0,331.0,33.0,False,,ELIGIBLE_NOT_PICKED
NXT,85.45,12965287484.0,True,Technology,0.03898602431041972,0.30788887,-0.11472325648630911,-0.058293269230769273,4.0,247.0,331.0,33.0,False,,ELIGIBLE_NOT_PICKED
NXTC,8.42,38541362.78,False,,,,,,,,,,,,INELIGIBLE_TODAY
NXTT,5.07,7467917.340000001,False,,,,,,,,,,,,INELIGIBLE_TODAY
NYT,67.96,10960832504.56,True,Consumer Cyclical,0.024438109056222443,0.17487004,0.05936391291456717,-0.012620192307692318,2.0,218.0,331.0,33.0,False,,ELIGIBLE_NOT_PICKED
O,61.02,57738224373.66,True,Real Estate,0.010952051824267882,0.07086614,-0.0432299508930562,-0.31881009615384615,0.0,271.0,331.0,33.0,False,,ELIGIBLE_NOT_PICKED
OBDC,11.17,5508402495.73,True,Financial Services,0.013517481495528944,0.07573998,0.07536346498010234,-0.10396634615384615,0.0,124.0,331.0,33.0,False,,ELIGIBLE_NOT_PICKED
OBX,18.73,1157005967.48,False,,,,,,,,,,,,INELIGIBLE_TODAY
OC,130.2,10292138526.599998,True,Basic Materials,0.03251365183462131,0.29497233,0.12874532854059537,0.2860576923076923,3.0,42.0,331.0,33.0,False,,ELIGIBLE_NOT_PICKED
OCGN,1.33,451016833.33000004,False,,,,,,,,,,,,INELIGIBLE_TODAY
OCTV,18.39,4936570921.32,True,Technology,0.02925230795737925,0.39493284,0.14334411791557802,0.4362980769230769,3.0,1.0,331.0,33.0,True,0.004663945580989961,PICK
OCUL,11.37,2497032419.16,True,Healthcare,0.033117235432668604,0.3913387,-0.2560404319089344,-0.007812500000000028,3.0,235.0,331.0,33.0,False,,ELIGIBLE_NOT_PICKED
ODFL,187.01,38777761880.22,True,Industrials,0.020045759840405537,0.16164172,0.09883698259754481,0.03515625,1.0,133.0,331.0,33.0,False,,ELIGIBLE_NOT_PICKED
OEC,6.05,341962328.95,False,,,,,,,,,,,,INELIGIBLE_TODAY
OFG,52.55,2221051709.7,True,Financial Services,0.013231848864732935,0.06929053,0.02146186813134142,-0.21153846153846156,0.0,203.0,331.0,33.0,False,,ELIGIBLE_NOT_PICKED
OGE,47.39,9789887190.93,True,Utilities,0.01099430203662713,0.09181092,0.04604494730709452,-0.1358173076923077,0.0,155.0,331.0,33.0,False,,ELIGIBLE_NOT_PICKED
OGN,13.75,3610879703.75,True,Healthcare,0.001757962884348735,0.018238518,0.0929262595072528,-0.09765624999999997,0.0,121.0,331.0,33.0,False,,ELIGIBLE_NOT_PICKED
OGS,80.75,5075643802.5,True,Utilities,0.013178736856015292,0.097592644,-0.03587127489743517,-0.2743389423076923,0.0,242.0,331.0,33.0,False,,ELIGIBLE_NOT_PICKED
OHI,47.03,14250701390.0,True,Real Estate,0.013775287705620289,0.077054225,0.016387417690904533,-0.21153846153846154,0.0,202.0,331.0,33.0,False,,ELIGIBLE_NOT_PICKED
OI,6.75,1037203292.25,False,,,,,,,,,,,,INELIGIBLE_TODAY
OII,50.68,5044162408.6,True,Energy,0.03117674231843235,0.31512862,-0.005002390217234315,0.0964543269230769,3.0,145.0,331.0,33.0,False,,ELIGIBLE_NOT_PICKED
OIS,8.7,524806785.29999995,False,,,,,,,,,,,,INELIGIBLE_TODAY
OKE,97.51,61467346229.170006,True,Energy,0.01711330016987245,0.14713724,0.06497592470474339,-0.03816105769230771,1.0,193.0,331.0,33.0,False,,ELIGIBLE_NOT_PICKED
OKLO,43.31,8056424421.5,True,Utilities,0.05146793253351849,0.37342823,-0.26425711016607,-0.02644230769230771,4.0,225.0,331.0,33.0,False,,ELIGIBLE_NOT_PICKED
OKTA,167.595,29299113428.16,True,Technology,0.048307575761077255,0.36441305,0.1173127120393108,0.3810096153846154,4.0,15.0,331.0,33.0,True,0.0028242189818496913,PICK
OLED,82.3,3783070520.5,True,Technology,0.026483997185927532,0.33728445,-0.11168403726699846,-0.006310096153846145,2.0,213.0,331.0,33.0,False,,ELIGIBLE_NOT_PICKED
OLLI,76.88,4566856742.639999,True,Consumer Defensive,0.02939717992396254,0.311851,-0.16583808018141205,-0.08984375000000003,3.0,291.0,331.0,33.0,False,,ELIGIBLE_NOT_PICKED
OLMA,10.985,961161212.895,False,,,,,,,,,,,,INELIGIBLE_TODAY
OLN,17.89,2039146746.1000001,True,Basic Materials,0.03367700852527451,0.32252994,-0.028539879704754578,0.07151442307692307,3.0,170.0,331.0,33.0,False,,ELIGIBLE_NOT_PICKED
OM,3.47,65226159.080000006,False,,,,,,,,,,,,INELIGIBLE_TODAY
OMC,81.13,22257688302.71,True,Communication Services,0.023566100653264612,0.25007015,-0.10693822388280826,-0.14332932692307693,2.0,283.0,331.0,33.0,False,,ELIGIBLE_NOT_PICKED
OMCL,33.88,1545432269.92,False,,,,,,,,,,,,INELIGIBLE_TODAY
OMF,63.31,7283275402.39,True,Financial Services,0.016183852194654725,0.12654977,0.08603972470911386,-0.019831730769230782,1.0,177.0,331.0,33.0,False,,ELIGIBLE_NOT_PICKED
ON,71.08,27672277128.68,True,Technology,0.049251746422370554,0.3623128,0.07279471105381892,0.3191105769230769,4.0,29.0,331.0,33.0,True,0.0027700778620432485,PICK
ONB,25.61,9797617700.0,True,Financial Services,0.012119372376155006,0.09392166,0.04459797686551218,-0.13611778846153844,0.0,156.0,331.0,33.0,False,,ELIGIBLE_NOT_PICKED
ONC,351.48,519531165869.4,True,Healthcare,0.018152874896936986,0.1847933,0.04919005613588058,-0.015024038461538491,1.0,171.0,331.0,33.0,False,,ELIGIBLE_NOT_PICKED
ONDS,7.62,4347608838.42,False,,,,,,,,,,,,INELIGIBLE_TODAY
ONIT,34.86,291238567.2,False,,,,,,,,,,,,INELIGIBLE_TODAY
ONT,17.91,628953063.84,False,,,,,,,,,,,,INELIGIBLE_TODAY
ONTO,281.11,13795261574.17,True,Technology,0.061350734113967735,0.4010649,-0.06269969331314525,0.11959134615384615,4.0,108.0,331.0,33.0,False,,ELIGIBLE_NOT_PICKED
OPAD,4.0,19330996.0,False,,,,,,,,,,,,INELIGIBLE_TODAY
OPCH,23.74,3555901668.8199997,True,Healthcare,0.020355826011378985,0.21513577,0.016050428377051593,-0.03425480769230768,1.0,190.0,331.0,33.0,False,,ELIGIBLE_NOT_PICKED
OPEN,3.07,2981249523.5,False,,,,,,,,,,,,INELIGIBLE_TODAY
OPK,1.59,1186661877.75,False,,,,,,,,,,,,INELIGIBLE_TODAY
OPLN,34.97,4294227001.35,True,Consumer Cyclical,0.023152410448861523,0.2717815,-0.00241989291083493,0.04387019230769232,2.0,167.0,331.0,33.0,False,,ELIGIBLE_NOT_PICKED
OPTU,0.988,269294760.436,False,,,,,,,,,,,,INELIGIBLE_TODAY
ORA,107.97,6639824719.7699995,True,Utilities,0.027017121120541582,0.2555173,-0.16435010303243183,-0.17578125,3.0,317.0,331.0,33.0,False,,ELIGIBLE_NOT_PICKED
ORCL,162.52,468134146920.0,True,Technology,0.03535485616802131,0.3034864,-0.09286044159118793,-0.04296875000000003,3.0,264.0,331.0,33.0,False,,ELIGIBLE_NOT_PICKED
ORGO,1.6,205879276.8,False,,,,,,,,,,,,INELIGIBLE_TODAY
ORI,40.77,9843220229.94,True,Financial Services,0.012926727142708193,0.11447337,-0.005007483641877197,-0.20462740384615385,0.0,200.0,331.0,33.0,False,,ELIGIBLE_NOT_PICKED
ORKA,94.31,6244236712.690001,True,Healthcare,0.041958264777892,0.42442113,-0.2772807700406657,0.0024038461538461453,4.0,193.0,331.0,33.0,False,,ELIGIBLE_NOT_PICKED
ORLY,85.89,69481642424.88,True,Consumer Cyclical,0.019674403423252156,0.14422671,-0.043666117226901696,-0.23557692307692307,1.0,295.0,331.0,33.0,False,,ELIGIBLE_NOT_PICKED
OSCR,33.01,10188371450.0,True,Healthcare,0.037458401902009504,0.32869315,0.0020547721956807566,0.13461538461538464,4.0,100.0,331.0,33.0,False,,ELIGIBLE_NOT_PICKED
OSIS,204.25,3256146964.0,True,Technology,0.018670660319341833,0.24641855,-0.023085365353217688,-0.0390625,1.0,194.0,331.0,33.0,False,,ELIGIBLE_NOT_PICKED
OSK,153.78,9494338601.22,True,Industrials,0.022794382931734046,0.2555286,0.08663999213560941,0.17758413461538464,2.0,69.0,331.0,33.0,False,,ELIGIBLE_NOT_PICKED
OSW,22.12,2245151509.44,True,Consumer Cyclical,0.023719058837301733,0.30411068,-0.005777247730739781,0.07992788461538464,2.0,138.0,331.0,33.0,False,,ELIGIBLE_NOT_PICKED
OTEX,23.36,5656080623.04,True,Technology,0.02674182769019372,0.31437457,-0.047636195509612955,0.026742788461538464,2.0,189.0,331.0,33.0,False,,ELIGIBLE_NOT_PICKED
OTIS,70.06,26669693890.34,True,Industrials,0.014092993684208924,0.17611292,0.02781653174919796,-0.07121394230769232,0.0,106.0,331.0,33.0,False,,ELIGIBLE_NOT_PICKED
OTTR,90.14,3784580181.2,True,Utilities,0.01354532983877615,0.1023378,-0.04951662240186675,-0.2911658653846154,0.0,254.0,331.0,33.0,False,,ELIGIBLE_NOT_PICKED
OUST,37.49,2703491364.17,True,Technology,0.08307031499134661,0.39171925,-0.12146919423889749,0.05138221153846151,4.0,148.0,331.0,33.0,False,,ELIGIBLE_NOT_PICKED
OUT,28.81,5074456581.309999,True,Real Estate,0.014198183111480226,0.19642258,0.017480310083782813,-0.062199519230769246,0.0,104.0,331.0,33.0,False,,ELIGIBLE_NOT_PICKED
OVV,64.1,17659779478.0,True,Energy,0.02225474664525349,0.18079469,0.14148549814335734,0.10336538461538464,2.0,119.0,331.0,33.0,False,,ELIGIBLE_NOT_PICKED
OWL,11.22,17493014742.06,True,Financial Services,0.028033739933332958,0.25697798,-0.0774542018782816,-0.09855769230769232,3.0,294.0,331.0,33.0,False,,ELIGIBLE_NOT_PICKED
OXY,60.65,60628006551.15,True,Energy,0.02094675560159319,0.24223612,0.07238703575088001,0.12469951923076927,1.0,52.0,331.0,33.0,False,,ELIGIBLE_NOT_PICKED
OZK,49.26,5988891739.0199995,True,Financial Services,0.014628017907416326,0.09841729,-0.015523700107244014,-0.24188701923076922,0.0,219.0,331.0,33.0,False,,ELIGIBLE_NOT_PICKED
P,101.14,33702604166.14,True,Technology,0.04375839612653982,0.30102956,-0.04176038144246408,0.020733173076923073,4.0,170.0,331.0,33.0,False,,ELIGIBLE_NOT_PICKED
PAA,25.965,18320033133.9,True,Energy,0.014011049266751372,0.18507306,0.03850798542109785,-0.04116586538461536,0.0,87.0,331.0,33.0,False,,ELIGIBLE_NOT_PICKED
PACB,1.32,410296601.88,False,,,,,,,,,,,,INELIGIBLE_TODAY
PACK,4.29,367903059.81,False,,,,,,,,,,,,INELIGIBLE_TODAY
PACS,43.67,6914516176.04,True,Healthcare,0.025007629862081975,0.25667116,-0.06276559339152109,-0.08112980769230771,2.0,256.0,331.0,33.0,False,,ELIGIBLE_NOT_PICKED
PAG,216.86,14239650638.78,True,Consumer Cyclical,0.019899628371359557,0.1280851,0.04832977928261081,-0.08443509615384615,1.0,225.0,331.0,33.0,False,,ELIGIBLE_NOT_PICKED
PAGP,28.07,5555168760.68,True,Energy,0.012948196117379133,0.17904958,0.03958530515688406,-0.046875,0.0,93.0,331.0,33.0,False,,ELIGIBLE_NOT_PICKED
PAHC,37.31,1514845807.93,False,,,,,,,,,,,,INELIGIBLE_TODAY
PANW,336.98,274638700000.0,True,Technology,0.0365382568339201,0.35102805,-0.02708544891372486,0.12620192307692304,3.0,126.0,331.0,33.0,False,,ELIGIBLE_NOT_PICKED
PAR,18.39,760660200.12,False,,,,,,,,,,,,INELIGIBLE_TODAY
PARR,82.08,4112177384.16,True,Energy,0.04143404398850833,0.33681792,0.031143703091056463,0.20673076923076922,4.0,60.0,331.0,33.0,False,,ELIGIBLE_NOT_PICKED
PATH,14.01,7258864926.66,True,Technology,0.043780817032168684,0.38405094,0.09086675393021557,0.37259615384615385,4.0,16.0,331.0,33.0,True,0.0031162317581083826,PICK
PATK,80.41,2582629608.24,True,Consumer Cyclical,0.02211004514332961,0.24823743,-0.07037663788933077,-0.10757211538461536,2.0,268.0,331.0,33.0,False,,ELIGIBLE_NOT_PICKED
PAY,35.65,4489748415.55,True,Technology,0.053665648020317244,0.3598722,0.00038435351411586494,0.1796875,4.0,69.0,331.0,33.0,False,,ELIGIBLE_NOT_PICKED
PAYC,219.16,9877896020.039999,True,Technology,0.04105392964221902,0.35560536,0.027487532466252153,0.22866586538461542,4.0,53.0,331.0,33.0,False,,ELIGIBLE_NOT_PICKED
PAYO,7.13,2416006460.68,False,,,,,,,,,,,,INELIGIBLE_TODAY
PAYX,116.93,41589996819.8,True,Industrials,0.02010249244615715,0.14614262,0.08226617614093085,-0.006911057692307709,1.0,165.0,331.0,33.0,False,,ELIGIBLE_NOT_PICKED
PB,71.79,8627490390.09,True,Financial Services,0.011113166225602078,0.079989806,-0.11543216408410256,-0.3963341346153846,0.0,316.0,331.0,33.0,False,,ELIGIBLE_NOT_PICKED
PBF,76.77,9100073053.26,True,Energy,0.04300561415541094,0.33151478,-0.04329890034214759,0.06700721153846154,4.0,139.0,331.0,33.0,False,,ELIGIBLE_NOT_PICKED
PBH,49.79,2358777450.38,True,Healthcare,0.022560139075531026,0.2247865,-0.16940820093597456,-0.23407451923076922,2.0,315.0,331.0,33.0,False,,ELIGIBLE_NOT_PICKED
PBI,16.99,2329162701.8799996,True,Industrials,0.018158194780281214,0.264459,0.2044175628754039,0.2908653846153846,1.0,5.0,331.0,33.0,True,0.007513476646903969,PICK
PBLS,39.77,4912916954.8,True,Healthcare,0.040468549779983265,0.3574133,-0.2103107510020889,-0.03335336538461536,4.0,228.0,331.0,33.0,False,,ELIGIBLE_NOT_PICKED
PBYI,9.39,484712419.74,False,,,,,,,,,,,,INELIGIBLE_TODAY
PCAR,122.5,64479706742.5,True,Industrials,0.01722558802981542,0.19390865,0.12368067166934403,0.10246394230769232,1.0,68.0,331.0,33.0,False,,ELIGIBLE_NOT_PICKED
PCG,14.82,39719237550.72,True,Utilities,0.0343229409859088,0.29235265,-0.03144476503198945,0.025841346153846145,3.0,199.0,331.0,33.0,False,,ELIGIBLE_NOT_PICKED
PCOR,56.18,8536850888.84,True,Technology,0.032428837159257685,0.38342896,-0.06585042086638751,0.1015625,3.0,141.0,331.0,33.0,False,,ELIGIBLE_NOT_PICKED
PCRX,25.87,1031226990.82,False,,,,,,,,,,,,INELIGIBLE_TODAY
PCT,6.51,1307890313.1,False,,,,,,,,,,,,INELIGIBLE_TODAY
PCTY,143.53,7615265899.39,True,Technology,0.028217283764981917,0.3498004,0.00500784748209776,0.17337740384615383,3.0,93.0,331.0,33.0,False,,ELIGIBLE_NOT_PICKED
PCVX,60.36,8981886580.08,True,Healthcare,0.025833767190575244,0.4136565,-0.0375016101233823,0.16556490384615383,2.0,78.0,331.0,33.0,False,,ELIGIBLE_NOT_PICKED
PD,13.32,1047616308.36,False,,,,,,,,,,,,INELIGIBLE_TODAY
PDFS,47.84,2020150013.44,True,Technology,0.05323977089282463,0.3398628,-0.11573908836050288,-0.005408653846153855,4.0,203.0,331.0,33.0,False,,ELIGIBLE_NOT_PICKED
PDM,9.51,1190013165.75,False,,,,,,,,,,,,INELIGIBLE_TODAY
PEB,17.64,1990545510.24,False,,,,,,,,,,,,INELIGIBLE_TODAY
PECO,39.08,5029595960.92,True,Real Estate,0.01058945142415622,0.07973881,0.03796104788683155,-0.16977163461538458,0.0,173.0,331.0,33.0,False,,ELIGIBLE_NOT_PICKED
PEG,74.24,37002703027.2,True,Utilities,0.009953027344413739,0.100450926,-0.004728330501354029,-0.22265625,0.0,207.0,331.0,33.0,False,,ELIGIBLE_NOT_PICKED
PEGA,35.8,5885697031.0,True,Technology,0.03628817523265136,0.374671,0.01057423816977865,0.21514423076923075,3.0,71.0,331.0,33.0,False,,ELIGIBLE_NOT_PICKED
PEN,319.26,12575466867.72,True,Healthcare,0.004090151994023304,0.039754596,0.004937426124218325,-0.2569110576923077,0.0,230.0,331.0,33.0,False,,ELIGIBLE_NOT_PICKED
PENG,51.3,2628750458.7,True,Technology,0.07090919918366455,0.34028375,-0.007640644042906066,0.1373197115384615,4.0,95.0,331.0,33.0,False,,ELIGIBLE_NOT_PICKED
PENN,16.95,2272428717.45,True,Consumer Cyclical,0.022765201242500074,0.27222458,0.05339972909152833,0.15474759615384615,2.0,86.0,331.0,33.0,False,,ELIGIBLE_NOT_PICKED
PEP,138.45,188969236205.09998,True,Consumer Defensive,0.014688172280316616,0.15923727,0.09118151355701966,0.02253605769230771,0.0,36.0,331.0,33.0,False,,ELIGIBLE_NOT_PICKED
PFE,27.79,158393929038.31,True,Healthcare,0.014489083878757778,0.19433586,0.100127041851883,0.07782451923076922,0.0,17.0,331.0,33.0,True,0.009416135179643488,PICK
PFG,115.04,24630597900.640003,True,Financial Services,0.015446364500431962,0.14665526,0.04278448430359762,-0.07722355769230771,0.0,108.0,331.0,33.0,False,,ELIGIBLE_NOT_PICKED
PFGC,96.79,15247622167.28,True,Consumer Defensive,0.016065227200485862,0.21304782,0.09911027314028947,0.10907451923076925,1.0,61.0,331.0,33.0,False,,ELIGIBLE_NOT_PICKED
PFS,23.43,3055801939.74,True,Financial Services,0.012933794062904456,0.108929604,-0.04316607196763694,-0.2674278846153846,0.0,238.0,331.0,33.0,False,,ELIGIBLE_NOT_PICKED
PFSI,72.04,3742591246.88,True,Financial Services,0.022813049441500626,0.20753142,-0.19859100298280147,-0.2821514423076923,2.0,328.0,331.0,33.0,False,,ELIGIBLE_NOT_PICKED
PG,145.58,338390964874.80005,True,Consumer Defensive,0.011946681868436074,0.105205305,0.1363021300212352,0.0105168269230769,0.0,46.0,331.0,33.0,False,,ELIGIBLE_NOT_PICKED
PGEN,6.87,2459702146.89,False,,,,,,,,,,,,INELIGIBLE_TODAY
PGNY,27.15,2083132565.6999998,True,Healthcare,0.02243006325828528,0.30191317,0.18458219358905487,0.3362379807692308,2.0,7.0,331.0,33.0,True,0.006082513939463863,PICK
PGR,214.9,124936793373.0,True,Financial Services,0.021881275882934252,0.17308173,0.042645164261923066,-0.04597355769230768,2.0,238.0,331.0,33.0,False,,ELIGIBLE_NOT_PICKED
PH,955.87,120484994193.03,True,Industrials,0.017066936519892308,0.13709542,0.09235504333270256,-0.0030048076923077094,1.0,162.0,331.0,33.0,False,,ELIGIBLE_NOT_PICKED
PHIN,67.92,2488458936.96,True,Consumer Cyclical,0.027173524461560787,0.24465242,0.07514186909688766,0.13551682692307693,3.0,117.0,331.0,33.0,False,,ELIGIBLE_NOT_PICKED
PHM,120.07,22507426477.8,True,Consumer Cyclical,0.022084395539800815,0.1881519,0.009609159133308873,-0.09254807692307693,2.0,262.0,331.0,33.0,False,,ELIGIBLE_NOT_PICKED
PHR,10.22,634365047.6800001,False,,,,,,,,,,,,INELIGIBLE_TODAY
PHUN,2.04,41743857.0,False,,,,,,,,,,,,INELIGIBLE_TODAY
PI,171.82,5249859241.66,True,Technology,0.03500807895009867,0.34040806,-0.03968331745516914,0.09194711538461539,3.0,152.0,331.0,33.0,False,,ELIGIBLE_NOT_PICKED
PII,61.38,3492738303.1200004,True,Consumer Cyclical,0.025132672394244333,0.24010402,0.1049959664546955,0.1688701923076923,2.0,75.0,331.0,33.0,False,,ELIGIBLE_NOT_PICKED
PIII,8.98,65203618.36,False,,,,,,,,,,,,INELIGIBLE_TODAY
PINS,20.14,11405544363.78,True,Communication Services,0.03039669649702222,0.33266717,0.10648502827219744,0.32181490384615385,3.0,20.0,331.0,33.0,True,0.00448835525416197,PICK
PIPR,77.34,5465640305.940001,True,Financial Services,0.020301863893969877,0.16112207,0.01936938920055753,-0.10576923076923078,1.0,237.0,331.0,33.0,False,,ELIGIBLE_NOT_PICKED
PJT,182.13,4656120302.34,True,Financial Services,0.024324059919927858,0.1795966,0.02136244941693089,-0.078125,2.0,253.0,331.0,33.0,False,,ELIGIBLE_NOT_PICKED
PK,15.11,3042222166.2999997,True,Real Estate,0.01696839156196735,0.18995585,0.09672462374007815,0.06790865384615383,1.0,98.0,331.0,33.0,False,,ELIGIBLE_NOT_PICKED
PKG,231.99,20669914385.010002,True,Consumer Cyclical,0.017726128014220976,0.1822755,-0.0030531415084976638,-0.11929086538461539,1.0,249.0,331.0,33.0,False,,ELIGIBLE_NOT_PICKED
PL,17.81,6480132684.089999,True,Industrials,0.043771174211035685,0.3297776,-0.18189969771135278,-0.06610576923076922,4.0,254.0,331.0,33.0,False,,ELIGIBLE_NOT_PICKED
PLAB,29.36,1731174173.28,False,,,,,,,,,,,,INELIGIBLE_TODAY
PLAY,8.84,307532054.96,False,,,,,,,,,,,,INELIGIBLE_TODAY
PLBY,1.18,141373071.84,False,,,,,,,,,,,,INELIGIBLE_TODAY
PLCE,2.79,62041416.93,False,,,,,,,,,,,,INELIGIBLE_TODAY
PLD,138.48,129212364479.99998,True,Real Estate,0.014801358437175206,0.08948779,0.08004240613842405,-0.07782451923076922,0.0,109.0,331.0,33.0,False,,ELIGIBLE_NOT_PICKED
PLMR,134.03,3527359052.4900002,True,Financial Services,0.02631334718327439,0.19459565,-0.015600098982341307,-0.12530048076923075,2.0,278.0,331.0,33.0,False,,ELIGIBLE_NOT_PICKED
PLNT,49.88,3767590678.84,True,Consumer Cyclical,0.02486728222388277,0.2619428,0.020847269381473046,0.06790865384615385,2.0,149.0,331.0,33.0,False,,ELIGIBLE_NOT_PICKED
PLPC,411.71,2012727088.7099998,True,Industrials,0.05826903270215123,0.3896867,0.10358159506897598,0.3903245192307693,4.0,12.0,331.0,33.0,True,0.002341401017054116,PICK
PLSE,48.79,3479829995.5299997,True,Healthcare,0.04176179585881044,0.40073878,-0.019412045506895584,0.18509615384615385,4.0,67.0,331.0,33.0,False,,ELIGIBLE_NOT_PICKED
PLTK,2.22,846748372.9200001,False,,,,,,,,,,,,INELIGIBLE_TODAY
PLTR,170.3,409240859144.0,True,Technology,0.052044705444758185,0.30526903,-0.046813816205171915,0.015624999999999972,4.0,172.0,331.0,33.0,False,,ELIGIBLE_NOT_PICKED
PLUG,2.26,3157661328.2799997,False,,,,,,,,,,,,INELIGIBLE_TODAY
PLUS,89.79,2342658632.2200003,True,Technology,0.01859896229675749,0.22297038,0.034915202299967606,0.0183293269230769,1.0,150.0,331.0,33.0,False,,ELIGIBLE_NOT_PICKED
PLX,2.65,213514851.29999998,False,,,,,,,,,,,,INELIGIBLE_TODAY
PLXS,249.9,6660359540.1,True,Technology,0.026857535512667497,0.32724375,-0.054115582953268446,0.04026442307692307,3.0,189.0,331.0,33.0,False,,ELIGIBLE_NOT_PICKED
PM,184.73,287922660586.47,True,Consumer Defensive,0.017996670903081737,0.12097673,0.15748879451248513,0.046274038461538464,1.0,121.0,331.0,33.0,False,,ELIGIBLE_NOT_PICKED
PMT,9.61,838014698.8199999,False,,,,,,,,,,,,INELIGIBLE_TODAY
PMVP,1.34,71633797.72,False,,,,,,,,,,,,INELIGIBLE_TODAY
PNC,242.91,96907406150.97,True,Financial Services,0.01180577846987709,0.110143736,-0.028098361286484613,-0.24248798076923078,0.0,220.0,331.0,33.0,False,,ELIGIBLE_NOT_PICKED
PNFP,100.71,15218553974.4,True,Financial Services,0.015902478035124644,0.11101937,-0.1618319120465734,-0.38671875,1.0,331.0,331.0,33.0,False,,ELIGIBLE_NOT_PICKED
PNR,58.62,9357976629.0,True,Industrials,0.0265634767028424,0.2275901,0.0015159293949800572,-0.03245192307692307,2.0,234.0,331.0,33.0,False,,ELIGIBLE_NOT_PICKED
PNW,98.04,11882176821.36,True,Utilities,0.010795892507428894,0.10477319,-0.04528415088816673,-0.28064903846153844,0.0,247.0,331.0,33.0,False,,ELIGIBLE_NOT_PICKED
PODD,142.28,9867715433.72,True,Healthcare,0.035288230729325284,0.3028864,0.04199417465003366,0.16917067307692307,3.0,96.0,331.0,33.0,False,,ELIGIBLE_NOT_PICKED
POOL,177.34,6444668072.9800005,True,Industrials,0.02422579426883878,0.22077446,-0.05943954157401764,-0.14573317307692307,2.0,285.0,331.0,33.0,False,,ELIGIBLE_NOT_PICKED
POR,49.47,5818054897.8,True,Utilities,0.011728015190879104,0.10754517,0.00647846428750265,-0.19170673076923078,0.0,186.0,331.0,33.0,False,,ELIGIBLE_NOT_PICKED
POST,82.36,3620282459.8,True,Consumer Defensive,0.026410525316159575,0.27732757,-0.039089355482093184,-0.0051081730769231,2.0,212.0,331.0,33.0,False,,ELIGIBLE_NOT_PICKED
POWI,50.46,2819366617.08,True,Technology,0.0433280546285173,0.3489297,-0.006298414659151646,0.15234375,4.0,81.0,331.0,33.0,False,,ELIGIBLE_NOT_PICKED
POWL,182.49,6648578604.360001,True,Industrials,0.04084538921381227,0.3284218,-0.1630563421621025,-0.06069711538461542,4.0,250.0,331.0,33.0,False,,ELIGIBLE_NOT_PICKED
PPC,29.99,7140874634.759999,True,Consumer Defensive,0.0272464932563671,0.29973945,-0.08023039703718027,-0.03575721153846151,3.0,256.0,331.0,33.0,False,,ELIGIBLE_NOT_PICKED
PPG,109.72,24390756000.0,True,Basic Materials,0.019296034672256084,0.22673938,0.07897070412985174,0.11057692307692307,1.0,60.0,331.0,33.0,False,,ELIGIBLE_NOT_PICKED
PPL,35.08,26399273022.28,True,Utilities,0.012403398332901447,0.11859725,-0.0690718179297882,-0.29897836538461536,0.0,258.0,331.0,33.0,False,,ELIGIBLE_NOT_PICKED
PPLI,38.38,2857925441.5,True,Communication Services,0.022349861428045306,0.20988645,0.015249762907826085,-0.044471153846153855,2.0,236.0,331.0,33.0,False,,ELIGIBLE_NOT_PICKED
PPTA,24.76,3097372082.28,True,Basic Materials,0.042421257627946574,0.4291465,-0.33627251126218927,-0.002403846153846173,4.0,199.0,331.0,33.0,False,,ELIGIBLE_NOT_PICKED
PR,23.65,19808223735.85,True,Energy,0.021914956909049644,0.20927651,0.13314324932091212,0.1385216346153846,2.0,96.0,331.0,33.0,False,,ELIGIBLE_NOT_PICKED
PRAA,19.11,719453394.66,False,,,,,,,,,,,,INELIGIBLE_TODAY
PRAX,352.48,9841237370.24,True,Healthcare,0.03955042739733973,0.44769356,-0.1677558030858751,0.03605769230769229,4.0,157.0,331.0,33.0,False,,ELIGIBLE_NOT_PICKED
PRCH,16.73,2205550096.12,True,Technology,0.04406526845328302,0.34657884,-0.11170623718962262,0.009314903846153855,4.0,181.0,331.0,33.0,False,,ELIGIBLE_NOT_PICKED
PRCT,21.35,1222792619.65,False,,,,,,,,,,,,INELIGIBLE_TODAY
PRDO,33.09,2070674749.9500003,True,Consumer Defensive,0.02842475407502327,0.17766303,0.057613910425891,-0.011117788461538491,3.0,238.0,331.0,33.0,False,,ELIGIBLE_NOT_PICKED
PRG,38.08,1516788584.6399999,False,,,,,,,,,,,,INELIGIBLE_TODAY
PRGO,14.58,2023255592.1,True,Healthcare,0.04248526166728295,0.35267454,-0.09330573174118517,0.036658653846153855,4.0,155.0,331.0,33.0,False,,ELIGIBLE_NOT_PICKED
PRGS,42.175,1729720828.85,False,,,,,,,,,,,,INELIGIBLE_TODAY
PRI,290.33,8935588025.5,True,Financial Services,0.012823418413981656,0.09687635,0.05428984534921496,-0.11147836538461536,0.0,130.0,331.0,33.0,False,,ELIGIBLE_NOT_PICKED
PRIM,75.45,4061649072.15,True,Industrials,0.04808208819199478,0.35039473,-0.10931864147655386,0.015925480769230782,4.0,171.0,331.0,33.0,False,,ELIGIBLE_NOT_PICKED
PRK,190.54,3441945236.94,True,Financial Services,0.017923063983115745,0.14052585,-0.15011115754565296,-0.34975961538461536,1.0,326.0,331.0,33.0,False,,ELIGIBLE_NOT_PICKED
PRKS,40.91,1854912951.1899998,False,,,,,,,,,,,,INELIGIBLE_TODAY
PRLB,81.03,1938391313.91,False,,,,,,,,,,,,INELIGIBLE_TODAY
PRLD,5.3,422958470.5,False,,,,,,,,,,,,INELIGIBLE_TODAY
PRM,32.05,5246165882.15,True,Basic Materials,0.04113910179155721,0.28599817,-0.03714034750110045,0.010216346153846145,4.0,180.0,331.0,33.0,False,,ELIGIBLE_NOT_PICKED
PRMB,21.89,7931930045.05,True,Consumer Defensive,0.024333634330785014,0.25450122,0.03820312930657642,0.08383413461538464,2.0,132.0,331.0,33.0,False,,ELIGIBLE_NOT_PICKED
PRME,3.56,645701607.36,False,,,,,,,,,,,,INELIGIBLE_TODAY
PROK,1.99,601622083.45,False,,,,,,,,,,,,INELIGIBLE_TODAY
PRPL,3.8,16566601.6,False,,,,,,,,,,,,INELIGIBLE_TODAY
PRTA,9.54,489754731.96,False,,,,,,,,,,,,INELIGIBLE_TODAY
PRU,119.38,41186100000.0,True,Financial Services,0.013612353697884966,0.11887486,0.027921607453918227,-0.13431490384615383,0.0,153.0,331.0,33.0,False,,ELIGIBLE_NOT_PICKED
PRVA,20.78,2654316821.46,True,Healthcare,0.01936989498410534,0.21320087,-0.08168134755753603,-0.1875,1.0,279.0,331.0,33.0,False,,ELIGIBLE_NOT_PICKED
PS,41.49,16596000000.0,True,Financial Services,0.03784090290385464,0.21205634,-0.018471980430621836,-0.09945913461538461,4.0,273.0,331.0,33.0,False,,ELIGIBLE_NOT_PICKED
PSA,301.6,52967334014.4,True,Real Estate,0.013604333882997349,0.082877085,0.11115136146293879,-0.04597355769230771,0.0,92.0,331.0,33.0,False,,ELIGIBLE_NOT_PICKED
PSEC,2.19,1149383166.24,False,,,,,,,,,,,,INELIGIBLE_TODAY
PSIX,43.15,995274167.5,False,,,,,,,,,,,,INELIGIBLE_TODAY
PSKY,10.8,12117014413.2,True,Communication Services,0.023048213378294994,0.23461919,-0.13270851698667277,-0.19471153846153846,2.0,302.0,331.0,33.0,False,,ELIGIBLE_NOT_PICKED
PSMT,172.97,5337944836.28,True,Consumer Defensive,0.019035266332785263,0.25400734,0.0445573646483765,0.09795673076923078,1.0,73.0,331.0,33.0,False,,ELIGIBLE_NOT_PICKED
PSN,47.59,5082868700.46,True,Technology,0.0551188660514626,0.30796775,-0.14328323758161898,-0.07962740384615385,4.0,264.0,331.0,33.0,False,,ELIGIBLE_NOT_PICKED
PSX,259.14,103402280172.23999,True,Energy,0.019658687436566333,0.23472984,0.15186147867980648,0.2052283653846154,1.0,18.0,331.0,33.0,True,0.006939993978326666,PICK
PTC,133.255,14459001809.555,True,Technology,0.027698326803553264,0.3397812,-0.09067192965564287,0.02133413461538458,3.0,206.0,331.0,33.0,False,,ELIGIBLE_NOT_PICKED
PTCT,68.81,5742937785.62,True,Healthcare,0.02603231687698668,0.26739487,-0.12217832808652511,-0.12349759615384615,2.0,277.0,331.0,33.0,False,,ELIGIBLE_NOT_PICKED
PTEN,12.66,4828332504.84,True,Energy,0.03766537147634703,0.3476772,0.20454053269596445,0.4209735576923077,4.0,3.0,331.0,33.0,True,0.0036221910758865612,PICK
PTGX,145.94,9443527112.9,True,Healthcare,0.025788492467128905,0.37847337,-0.06716281614836747,0.09435096153846154,2.0,129.0,331.0,33.0,False,,ELIGIBLE_NOT_PICKED
PTLO,4.42,335669050.08,False,,,,,,,,,,,,INELIGIBLE_TODAY
PTON,5.04,2211913877.04,False,,,,,,,,,,,,INELIGIBLE_TODAY
PTRN,19.66,3487666089.7400002,True,Consumer Cyclical,0.03745195130589183,0.36067146,0.07668387289328236,0.3245192307692308,4.0,27.0,331.0,33.0,True,0.0036428321535843045,PICK
PUBM,16.29,742010493.6899999,False,,,,,,,,,,,,INELIGIBLE_TODAY
PUMP,12.03,1477571721.51,False,,,,,,,,,,,,INELIGIBLE_TODAY
PURR,11.93,2360202532.21,True,Financial Services,0.06727264997900884,0.21543984,-0.3654588371926086,-0.2926682692307693,4.0,328.0,331.0,33.0,False,,ELIGIBLE_NOT_PICKED
PVH,71.26,3287781979.5800004,True,Consumer Cyclical,0.0250900080265286,0.30983374,0.014958580105442716,0.1280048076923077,2.0,104.0,331.0,33.0,False,,ELIGIBLE_NOT_PICKED
PVLA,152.28,2194112217.96,True,Healthcare,0.050887745121817686,0.42558625,-0.1787284969729052,0.029747596153846173,4.0,160.0,331.0,33.0,False,,ELIGIBLE_NOT_PICKED
PWP,16.58,1559154715.56,False,,,,,,,,,,,,INELIGIBLE_TODAY
PWR,639.05,96076945296.65,True,Industrials,0.033893095707858194,0.33393574,-0.02502313635552859,0.10096153846153846,3.0,142.0,331.0,33.0,False,,ELIGIBLE_NOT_PICKED
PYPL,53.18,45493409279.32,True,Financial Services,0.03360205881169614,0.35744798,-0.021930773153572836,0.14002403846153844,3.0,110.0,331.0,33.0,False,,ELIGIBLE_NOT_PICKED
PZZA,22.76,749297596.12,False,,,,,,,,,,,,INELIGIBLE_TODAY
Q,123.28,25791229181.04,True,Technology,0.036398684624097545,0.34444627,-0.09605993870363702,0.022235576923076927,3.0,203.0,331.0,33.0,False,,ELIGIBLE_NOT_PICKED
QBTS,17.67,6581013616.110001,True,Technology,0.06071832642111248,0.25081632,-0.18340914797048194,-0.19411057692307693,4.0,315.0,331.0,33.0,False,,ELIGIBLE_NOT_PICKED
QCOM,174.09,182794500000.0,True,Technology,0.030926113332683528,0.26891437,0.0540329770607629,0.1484375,3.0,108.0,331.0,33.0,False,,ELIGIBLE_NOT_PICKED
QDEL,13.38,917539213.2600001,False,,,,,,,,,,,,INELIGIBLE_TODAY
QLYS,170.32,5892220570.32,True,Technology,0.03810965214207572,0.34486648,0.10743741592096998,0.34615384615384615,4.0,24.0,331.0,33.0,True,0.0035799637300007493,PICK
QNCX,29.5,30003358.5,False,,,,,,,,,,,,INELIGIBLE_TODAY
QNT,50.47,13289161926.74,True,Technology,0.06914281702060056,0.19869117,-0.058051448235800475,-0.18299278846153846,4.0,313.0,331.0,33.0,False,,ELIGIBLE_NOT_PICKED
QRVO,104.07,9181225346.31,True,Technology,0.02179300501109115,0.25945202,0.17583039234770337,0.2692307692307692,2.0,23.0,331.0,33.0,True,0.006260319417269088,PICK
QS,5.59,3460844504.13,False,,,,,,,,,,,,INELIGIBLE_TODAY
QSR,78.27,27297293747.55,True,Consumer Cyclical,0.016215612253923577,0.13411778,0.05902498364490586,-0.060997596153846145,1.0,209.0,331.0,33.0,False,,ELIGIBLE_NOT_PICKED
QTRX,2.73,129110067.45,False,,,,,,,,,,,,INELIGIBLE_TODAY
QTWO,60.38,3764976484.1000004,True,Technology,0.026329337263258642,0.32508516,0.022557525982646463,0.1673677884615385,2.0,77.0,331.0,33.0,False,,ELIGIBLE_NOT_PICKED
QUAD,10.2,524905280.4,False,,,,,,,,,,,,INELIGIBLE_TODAY
QUBT,8.22,1860571197.42,False,,,,,,,,,,,,INELIGIBLE_TODAY
QURE,45.68,3168657700.16,True,Healthcare,0.10656229743088518,0.3343958,-0.30417329999207543,-0.08443509615384612,4.0,266.0,331.0,33.0,False,,ELIGIBLE_NOT_PICKED
QXO,13.25,13746751894.25,True,Industrials,0.03790613991871652,0.28969678,-0.3015111248410083,-0.15474759615384617,4.0,304.0,331.0,33.0,False,,ELIGIBLE_NOT_PICKED
R,246.89,9467458240.519999,True,Industrials,0.014793768375785664,0.22320156,0.25824140562855236,0.22055288461538464,0.0,1.0,331.0,33.0,True,0.009222205523704563,PICK
RAL,64.57,7144025316.559999,True,Technology,0.021709730792351063,0.22245017,0.21529725399631788,0.21274038461538464,2.0,45.0,331.0,33.0,False,,ELIGIBLE_NOT_PICKED
RAMP,37.74,2294402620.6800003,True,Technology,0.003182869375610349,0.022409428,0.17617002872391144,-0.020733173076923045,0.0,69.0,331.0,33.0,False,,ELIGIBLE_NOT_PICKED
RAPP,46.09,2211319201.7400002,True,Healthcare,0.03246104032278746,0.465766,-0.16586350950958206,0.03876201923076922,3.0,190.0,331.0,33.0,False,,ELIGIBLE_NOT_PICKED
RARE,14.88,1467002430.24,False,,,,,,,,,,,,INELIGIBLE_TODAY
RBA,81.88,15164176000.0,True,Industrials,0.027186866604705366,0.2472137,-0.11008167082637071,-0.1511418269230769,3.0,310.0,331.0,33.0,False,,ELIGIBLE_NOT_PICKED
RBC,492.23,15583630166.35,True,Industrials,0.017425773435417437,0.14502934,0.04222766046747278,-0.08263221153846151,1.0,223.0,331.0,33.0,False,,ELIGIBLE_NOT_PICKED
RBLX,44.81,32011185916.210003,True,Communication Services,0.05232753527196753,0.15947697,-0.06139676288467417,-0.23978365384615385,4.0,324.0,331.0,33.0,False,,ELIGIBLE_NOT_PICKED
RBRK,91.63,18995305195.79,True,Technology,0.04310007973338265,0.32334903,-0.12435741184835675,-0.04507211538461536,4.0,235.0,331.0,33.0,False,,ELIGIBLE_NOT_PICKED
RCAT,8.695,1327851377.5900002,False,,,,,,,,,,,,INELIGIBLE_TODAY
RCKT,3.71,407263754.87,False,,,,,,,,,,,,INELIGIBLE_TODAY
RCL,264.5,70741076218.0,True,Industrials,0.022265318450560317,0.17913377,-0.04336563837996829,-0.18960336538461536,2.0,299.0,331.0,33.0,False,,ELIGIBLE_NOT_PICKED
RCUS,29.06,3700307906.56,True,Healthcare,0.03115293744971327,0.35491046,0.0020365363932663477,0.17758413461538464,3.0,89.0,331.0,33.0,False,,ELIGIBLE_NOT_PICKED
RDDT,149.38,28740190663.8,True,Communication Services,0.055390314538660015,0.3194188,-0.12113257019788803,-0.04867788461538464,4.0,238.0,331.0,33.0,False,,ELIGIBLE_NOT_PICKED
RDN,36.05,4769462513.9,True,Financial Services,0.01567492827909999,0.09053659,-0.0637037379128082,-0.328125,1.0,324.0,331.0,33.0,False,,ELIGIBLE_NOT_PICKED
RDNT,71.97,5663841586.29,True,Healthcare,0.027406973960441,0.23641005,-0.1939149112749497,-0.22295673076923078,3.0,327.0,331.0,33.0,False,,ELIGIBLE_NOT_PICKED
RDW,11.23,2807416999.07,True,Industrials,0.05732725959136181,0.34266305,-0.20031815028295974,-0.04897836538461539,4.0,239.0,331.0,33.0,False,,ELIGIBLE_NOT_PICKED
REAL,9.78,1189943504.6999998,False,,,,,,,,,,,,INELIGIBLE_TODAY
REG,75.93,13904343133.710001,True,Real Estate,0.010631394984663627,0.07331835,-0.0014237188224420895,-0.25,0.0,226.0,331.0,33.0,False,,ELIGIBLE_NOT_PICKED
REGN,810.31,83425456326.28,True,Healthcare,0.018628920318485127,0.28875625,0.15582506571146051,0.3016826923076923,1.0,3.0,331.0,33.0,True,0.007323622093986753,PICK
RELY,24.83,5256115060.82,True,Technology,0.03116971430391222,0.3886895,0.04378007013680012,0.2935697115384615,3.0,34.0,331.0,33.0,False,,ELIGIBLE_NOT_PICKED
REPL,14.77,1391623994.18,False,,,,,,,,,,,,INELIGIBLE_TODAY
RES,6.52,1445203718.24,False,,,,,,,,,,,,INELIGIBLE_TODAY
REXR,37.43,8346445481.32,True,Real Estate,0.01973308502780022,0.098073564,0.08367892837242573,-0.06039663461538461,1.0,208.0,331.0,33.0,False,,ELIGIBLE_NOT_PICKED
REYN,21.87,4609998776.34,True,Consumer Cyclical,0.016831223084735503,0.2049128,-0.0013711023590025134,-0.08413461538461539,1.0,224.0,331.0,33.0,False,,ELIGIBLE_NOT_PICKED
REZI,19.64,2982282503.92,True,Industrials,0.05472056749686374,0.36031854,-0.17095621090198518,-0.014423076923076927,4.0,214.0,331.0,33.0,False,,ELIGIBLE_NOT_PICKED
RF,30.07,25617520245.420002,True,Financial Services,0.013404208845790428,0.10921008,0.026050409614069472,-0.1475360576923077,0.0,160.0,331.0,33.0,False,,ELIGIBLE_NOT_PICKED
RGA,247.14,16138653488.099998,True,Financial Services,0.014073750857331896,0.14022781,0.06435888693084417,-0.04807692307692307,0.0,94.0,331.0,33.0,False,,ELIGIBLE_NOT_PICKED
RGEN,168.53,9511095207.13,True,Healthcare,0.03161909894922008,0.31861797,-0.032351915788299525,0.06069711538461539,3.0,174.0,331.0,33.0,False,,ELIGIBLE_NOT_PICKED
RGLD,261.37,22145319984.09,True,Basic Materials,0.023728686955784305,0.20760037,-0.14377602136976708,-0.25540865384615385,2.0,322.0,331.0,33.0,False,,ELIGIBLE_NOT_PICKED
RGNX,8.76,578275561.92,False,,,,,,,,,,,,INELIGIBLE_TODAY
RGS,27.76,69366077.28,False,,,,,,,,,,,,INELIGIBLE_TODAY
RGTI,15.81,5276883890.07,True,Technology,0.05357110110560351,0.25074324,-0.11825012735254894,-0.15294471153846156,4.0,301.0,331.0,33.0,False,,ELIGIBLE_NOT_PICKED
RH,142.45,2692443034.0499997,True,Consumer Cyclical,0.04089735366052962,0.3700008,-0.08052849212013576,0.07121394230769229,4.0,134.0,331.0,33.0,False,,ELIGIBLE_NOT_PICKED
RHI,39.21,4013607275.88,True,Industrials,0.042515732562785444,0.31630456,0.005008185839189642,0.11538461538461539,4.0,111.0,331.0,33.0,False,,ELIGIBLE_NOT_PICKED
RHP,120.66,7615973290.08,True,Real Estate,0.01611710058416464,0.19177353,0.11897187213699666,0.09615384615384615,1.0,75.0,331.0,33.0,False,,ELIGIBLE_NOT_PICKED
RIG,5.76,6433229289.599999,False,,,,,,,,,,,,INELIGIBLE_TODAY
RILY,7.04,283006275.2,False,,,,,,,,,,,,INELIGIBLE_TODAY
RIOT,22.26,8353263893.1,True,Financial Services,0.059828079939663714,0.32491365,0.014743367098868877,0.1493389423076923,4.0,85.0,331.0,33.0,False,,ELIGIBLE_NOT_PICKED
RITM,9.95,5556149958.45,False,,,,,,,,,,,,INELIGIBLE_TODAY
RIVN,16.17,23411906387.100002,True,Consumer Cyclical,0.045520929833650185,0.35072306,-0.1294337769655637,0.0006009615384615363,4.0,195.0,331.0,33.0,False,,ELIGIBLE_NOT_PICKED
RJF,176.55,33961460077.050003,True,Financial Services,0.015176702652063744,0.14299227,-0.05475683905393525,-0.2530048076923077,0.0,228.0,331.0,33.0,False,,ELIGIBLE_NOT_PICKED
RKLB,65.87,39413346249.340004,True,Industrials,0.05317688617322402,0.33714548,-0.2314831593941764,-0.06850961538461539,4.0,258.0,331.0,33.0,False,,ELIGIBLE_NOT_PICKED
RKT,13.81,39104981834.01,True,Financial Services,0.036889070329627086,0.2286231,-0.3323301803096345,-0.2635216346153846,4.0,326.0,331.0,33.0,False,,ELIGIBLE_NOT_PICKED
RL,347.23,20688740847.97,True,Consumer Cyclical,0.019160847260769276,0.1769376,0.1043879744013809,0.05769230769230771,1.0,112.0,331.0,33.0,False,,ELIGIBLE_NOT_PICKED
RLAY,19.11,4187796568.41,True,Healthcare,0.0312775897931246,0.45279515,-0.15685042627671386,0.04387019230769229,3.0,185.0,331.0,33.0,False,,ELIGIBLE_NOT_PICKED
RLI,61.14,5610999385.8,True,Financial Services,0.020201194010937274,0.1792688,-0.016914565786875595,-0.14753605769230768,1.0,261.0,331.0,33.0,False,,ELIGIBLE_NOT_PICKED
RLJ,10.69,1628898071.6799998,False,,,,,,,,,,,,INELIGIBLE_TODAY
RMBS,86.89,9424228684.67,True,Technology,0.04505842475298014,0.27270344,0.0270942424598429,0.10366586538461536,4.0,116.0,331.0,33.0,False,,ELIGIBLE_NOT_PICKED
RMD,221.05,31886972241.300003,True,Healthcare,0.023559829356053236,0.23704764,-0.058848908941199506,-0.11117788461538458,2.0,269.0,331.0,33.0,False,,ELIGIBLE_NOT_PICKED
RMR,19.46,624281197.96,False,,,,,,,,,,,,INELIGIBLE_TODAY
RNG,70.19,5861297510.78,True,Technology,0.046897418350917125,0.33621827,0.23466812261452688,0.4098557692307692,4.0,6.0,331.0,33.0,True,0.002909140358445944,PICK
RNR,323.1,13425416628.300001,True,Financial Services,0.01606367783177713,0.14078695,0.14680945701976303,0.05709134615384617,1.0,114.0,331.0,33.0,False,,ELIGIBLE_NOT_PICKED
RNST,40.81,3730216216.65,True,Financial Services,0.011941883890889257,0.10305981,-0.025306589047533738,-0.24879807692307693,0.0,224.0,331.0,33.0,False,,ELIGIBLE_NOT_PICKED
ROAD,103.1,5851497720.5,True,Industrials,0.04005001534950817,0.28218836,-0.19186862004609376,-0.14092548076923075,4.0,297.0,331.0,33.0,False,,ELIGIBLE_NOT_PICKED
ROCK,47.45,1408500533.0500002,False,,,,,,,,,,,,INELIGIBLE_TODAY
ROG,129.5,2313949382.5,True,Technology,0.03187979555381215,0.39157572,0.12944110751284152,0.421875,3.0,2.0,331.0,33.0,True,0.004279549792008065,PICK
ROIV,41.48,29961958662.199997,True,Healthcare,0.03222514742258822,0.38073432,-0.11423907669838061,0.04627403846153849,3.0,183.0,331.0,33.0,False,,ELIGIBLE_NOT_PICKED
ROK,429.13,47654318331.88,True,Industrials,0.019633030358426243,0.17749013,0.11837129350656318,0.07391826923076925,1.0,90.0,331.0,33.0,False,,ELIGIBLE_NOT_PICKED
ROKU,155.34,23055402644.46,True,Communication Services,0.02766980995085239,0.21042581,0.1481232408768367,0.15474759615384617,3.0,104.0,331.0,33.0,False,,ELIGIBLE_NOT_PICKED
ROL,34.95,16816031869.800001,True,Consumer Cyclical,0.019028268773775458,0.15639427,0.04816049114421384,-0.054387019230769246,1.0,204.0,331.0,33.0,False,,ELIGIBLE_NOT_PICKED
ROOT,54.65,846706221.8,False,,,,,,,,,,,,INELIGIBLE_TODAY
ROP,395.65,39130130798.1,True,Technology,0.021612955715199538,0.17295395,-0.05256511878936257,-0.21334134615384615,2.0,307.0,331.0,33.0,False,,ELIGIBLE_NOT_PICKED
ROST,229.31,73253792654.1,True,Consumer Cyclical,0.017527602410824634,0.2386395,0.08414140408395734,0.14242788461538464,1.0,41.0,331.0,33.0,False,,ELIGIBLE_NOT_PICKED
RPAY,3.68,350139230.40000004,False,,,,,,,,,,,,INELIGIBLE_TODAY
RPD,10.46,705010694.4000001,False,,,,,,,,,,,,INELIGIBLE_TODAY
RPM,102.27,13064114205.24,True,Basic Materials,0.019989879752255336,0.20262371,0.04770241133620008,0.0078125,1.0,156.0,331.0,33.0,False,,ELIGIBLE_NOT_PICKED
RPRX,60.59,34839322950.36,True,Healthcare,0.016887128403616197,0.16683242,0.12544325728974687,0.07151442307692307,1.0,94.0,331.0,33.0,False,,ELIGIBLE_NOT_PICKED
RRC,41.89,9788834883.35,True,Energy,0.018316964457871295,0.1946495,0.07368175310003523,0.03906249999999997,1.0,129.0,331.0,33.0,False,,ELIGIBLE_NOT_PICKED
RRR,56.12,5893508526.679999,True,Consumer Cyclical,0.02027558883383143,0.1634506,0.029402609328388483,-0.08082932692307693,1.0,220.0,331.0,33.0,False,,ELIGIBLE_NOT_PICKED
RRX,163.73,10903086383.91,True,Industrials,0.03544040134705017,0.22360802,0.04055360641606531,0.031550480769230754,3.0,194.0,331.0,33.0,False,,ELIGIBLE_NOT_PICKED
RS,398.31,20335539802.05,True,Basic Materials,0.018253853071538734,0.2462087,0.16800914141718465,0.23918269230769235,1.0,11.0,331.0,33.0,True,0.007474102694750999,PICK
RSG,221.63,67865982314.14,True,Industrials,0.013012058516415867,0.06714885,0.1455379345511891,-0.030048076923076955,0.0,77.0,331.0,33.0,False,,ELIGIBLE_NOT_PICKED
RSI,27.02,6262516133.16,True,Consumer Cyclical,0.03308317653953841,0.21331313,0.03854912925567589,0.005408653846153855,3.0,221.0,331.0,33.0,False,,ELIGIBLE_NOT_PICKED
RTX,198.81,267947796608.64,True,Industrials,0.01749591925629256,0.20313449,0.08161354321844677,0.06700721153846154,1.0,99.0,331.0,33.0,False,,ELIGIBLE_NOT_PICKED
RUM,8.39,4159847527.6600003,False,,,,,,,,,,,,INELIGIBLE_TODAY
RUN,9.22,2220609174.04,False,,,,,,,,,,,,INELIGIBLE_TODAY
RUSHA,49.8,5813174716.799999,True,Consumer Cyclical,0.019431357857285864,0.25544786,0.08170212497422075,0.1685697115384615,1.0,28.0,331.0,33.0,True,0.0070211857263706885,PICK
RVLV,20.13,1430949504.6,False,,,,,,,,,,,,INELIGIBLE_TODAY
RVMD,207.32,44436226179.76,True,Healthcare,0.024469348538131167,0.41338208,-0.08797253709102838,0.0964543269230769,2.0,126.0,331.0,33.0,False,,ELIGIBLE_NOT_PICKED
RVTY,127.08,14180399839.08,True,Healthcare,0.02242680868974362,0.25244287,0.1198793026007846,0.20733173076923078,2.0,47.0,331.0,33.0,False,,ELIGIBLE_NOT_PICKED
RWT,4.41,553950825.12,False,,,,,,,,,,,,INELIGIBLE_TODAY
RXO,19.92,3285328469.76,True,Industrials,0.03598795954290267,0.37092954,-0.10549737077053686,0.043569711538461564,3.0,186.0,331.0,33.0,False,,ELIGIBLE_NOT_PICKED
RXRX,3.44,1860659893.76,False,,,,,,,,,,,,INELIGIBLE_TODAY
RXST,6.45,268276501.20000002,False,,,,,,,,,,,,INELIGIBLE_TODAY
RXT,3.23,823239305.5,False,,,,,,,,,,,,INELIGIBLE_TODAY
RYAN,40.87,10455150262.949999,True,Financial Services,0.027174776599043177,0.20964234,-0.07136681697794749,-0.18479567307692307,3.0,322.0,331.0,33.0,False,,ELIGIBLE_NOT_PICKED
RYN,20.44,6082275428.04,True,Real Estate,0.016866744576110516,0.14508742,-0.2602745329921247,-0.3840144230769231,1.0,330.0,331.0,33.0,False,,ELIGIBLE_NOT_PICKED
RYTM,101.8,7009141947.599999,True,Healthcare,0.026069227751736132,0.24899936,-0.03568277285227538,-0.05198317307692307,2.0,241.0,331.0,33.0,False,,ELIGIBLE_NOT_PICKED
S,19.43,6762594343.309999,True,Technology,0.03568855302651239,0.36601388,0.007502253988409813,0.19981971153846154,3.0,76.0,331.0,33.0,False,,ELIGIBLE_NOT_PICKED
SABR,2.26,912098063.6399999,False,,,,,,,,,,,,INELIGIBLE_TODAY
SAFE,14.69,1040291153.1999999,False,,,,,,,,,,,,INELIGIBLE_TODAY
SAH,76.0,2402724952.0,True,Consumer Cyclical,0.034382225809688576,0.33436143,0.03202542174949926,0.20342548076923078,3.0,73.0,331.0,33.0,False,,ELIGIBLE_NOT_PICKED
SAIA,354.84,9465232806.0,True,Industrials,0.028065622183216184,0.27932882,0.0877057272110665,0.22145432692307693,3.0,65.0,331.0,33.0,False,,ELIGIBLE_NOT_PICKED
SAIC,127.55,5344043344.25,True,Technology,0.02086764145072347,0.22324993,0.04850484856060924,0.05018028846153849,1.0,117.0,331.0,33.0,False,,ELIGIBLE_NOT_PICKED
SAIL,17.79,10090185516.63,True,Technology,0.04057538495778258,0.3872743,-0.09901344586848106,0.06820913461538461,4.0,137.0,331.0,33.0,False,,ELIGIBLE_NOT_PICKED
SAM,162.06,1667869822.8600001,False,,,,,,,,,,,,INELIGIBLE_TODAY
SANA,3.45,1032794197.6500001,False,,,,,,,,,,,,INELIGIBLE_TODAY
SANM,205.41,11009432895.96,True,Technology,0.04608842038441399,0.32405156,-0.1411678548826233,-0.05649038461538458,4.0,242.0,331.0,33.0,False,,ELIGIBLE_NOT_PICKED
SARO,24.47,8097598476.57,True,Industrials,0.022020977107366634,0.22415309,-0.10864265590236005,-0.19230769230769232,2.0,301.0,331.0,33.0,False,,ELIGIBLE_NOT_PICKED
SBAC,188.69,20017765475.9,True,Real Estate,0.020306510428435974,0.11476975,-0.03352911180471993,-0.24609375,1.0,299.0,331.0,33.0,False,,ELIGIBLE_NOT_PICKED
SBCF,34.52,3342323021.4800005,True,Financial Services,0.014374795628540474,0.098306574,-0.13104136064079788,-0.3855168269230769,0.0,310.0,331.0,33.0,False,,ELIGIBLE_NOT_PICKED
SBET,8.82,1915912187.28,False,,,,,,,,,,,,INELIGIBLE_TODAY
SBGI,13.8,997989228.0,False,,,,,,,,,,,,INELIGIBLE_TODAY
SBH,16.16,1512936238.72,False,,,,,,,,,,,,INELIGIBLE_TODAY
SBRA,20.81,5316179952.36,True,Real Estate,0.01934943871289277,0.1151528,-0.05591738634270073,-0.28365384615384615,1.0,311.0,331.0,33.0,False,,ELIGIBLE_NOT_PICKED
SBUX,102.01,116291400000.0,True,Consumer Cyclical,0.013700365567498216,0.11349575,0.1526326669623086,0.03485576923076922,0.0,33.0,331.0,33.0,True,0.009958214016948288,PICK
SCCO,208.56,174008220603.36002,True,Basic Materials,0.031245535342283824,0.30206606,-0.043630422625875104,0.0168269230769231,3.0,213.0,331.0,33.0,False,,ELIGIBLE_NOT_PICKED
SCHW,106.87,184814107755.18,True,Financial Services,0.01514620028900472,0.095056996,0.015902479132348133,-0.19290865384615385,0.0,188.0,331.0,33.0,False,,ELIGIBLE_NOT_PICKED
SCI,80.99,11038255631.13,True,Consumer Cyclical,0.016516687304435403,0.15486088,0.02058055261064478,-0.11237980769230765,1.0,241.0,331.0,33.0,False,,ELIGIBLE_NOT_PICKED
SCL,62.22,1414418638.8,False,,,,,,,,,,,,INELIGIBLE_TODAY
SCLX,5.37,45607410.0,False,,,,,,,,,,,,INELIGIBLE_TODAY
SCOR,4.93,74858727.17999999,False,,,,,,,,,,,,INELIGIBLE_TODAY
SDEV,0.87,44035430.19,False,,,,,,,,,,,,INELIGIBLE_TODAY
SDGR,20.03,1498356728.8400002,False,,,,,,,,,,,,INELIGIBLE_TODAY
SEAT,5.19,58341802.050000004,False,,,,,,,,,,,,INELIGIBLE_TODAY
SEB,4304.81,4123121189.1400003,True,Industrials,0.0181183261577678,0.292418,-0.004506816726609773,0.06700721153846154,1.0,100.0,331.0,33.0,False,,ELIGIBLE_NOT_PICKED
SEDG,36.43,2241382999.64,True,Technology,0.06370199263850276,0.33154848,-0.07461173443037512,0.02253605769230771,4.0,168.0,331.0,33.0,False,,ELIGIBLE_NOT_PICKED
SEER,1.95,107975429.25,False,,,,,,,,,,,,INELIGIBLE_TODAY
SEI,63.96,4897186432.32,True,Energy,0.05659818495646478,0.30641323,-0.1985590478105848,-0.10967548076923075,4.0,279.0,331.0,33.0,False,,ELIGIBLE_NOT_PICKED
SEIC,108.6,13034083165.199999,True,Financial Services,0.013010760073245269,0.070546225,0.1506852594258618,-0.02253605769230768,0.0,72.0,331.0,33.0,False,,ELIGIBLE_NOT_PICKED
SEPN,37.37,1744317509.3899999,False,,,,,,,,,,,,INELIGIBLE_TODAY
SES,0.57,211633817.99999997,False,,,,,,,,,,,,INELIGIBLE_TODAY
SEZL,118.35,3985437906.8999996,True,Financial Services,0.0639773112905892,0.30184504,-0.0052212303332024625,0.07632211538461536,4.0,128.0,331.0,33.0,False,,ELIGIBLE_NOT_PICKED
SF,80.76,12194900037.84,True,Financial Services,0.016320776460217828,0.17613357,-0.03164217646752274,-0.17548076923076922,1.0,274.0,331.0,33.0,False,,ELIGIBLE_NOT_PICKED
SFBS,42.7,4669032354.0,True,Financial Services,0.014662905568164285,0.089074254,-0.08674808678502968,-0.3542668269230769,0.0,291.0,331.0,33.0,False,,ELIGIBLE_NOT_PICKED
SFD,22.01,8666821156.310001,True,Consumer Defensive,0.016189607162163975,0.21205765,0.025003136245580964,-0.019230769230769218,1.0,176.0,331.0,33.0,False,,ELIGIBLE_NOT_PICKED
SFIX,2.97,396274792.32000005,False,,,,,,,,,,,,INELIGIBLE_TODAY
SFM,76.11,7097076738.75,True,Consumer Defensive,0.02955649412264382,0.27824906,-0.045731413715616745,-0.01953125,3.0,244.0,331.0,33.0,False,,ELIGIBLE_NOT_PICKED
SFNC,23.21,3354165042.69,True,Financial Services,0.012553515354086994,0.05978377,0.049030362369248265,-0.16135817307692307,0.0,166.0,331.0,33.0,False,,ELIGIBLE_NOT_PICKED
SG,6.95,827337139.25,False,,,,,,,,,,,,INELIGIBLE_TODAY
SGI,69.56,14633023553.960001,True,Consumer Cyclical,0.024607205414640797,0.22150725,-0.08822140519578496,-0.17728365384615385,2.0,291.0,331.0,33.0,False,,ELIGIBLE_NOT_PICKED
SGRY,13.96,1827618909.6000001,False,,,,,,,,,,,,INELIGIBLE_TODAY
SHAK,67.4,2884648421.2000003,True,Consumer Cyclical,0.030421110727820687,0.24132657,0.018095999884741604,0.0234375,3.0,202.0,331.0,33.0,False,,ELIGIBLE_NOT_PICKED
SHAZ,57.63,2063355993.15,True,Technology,0.08579802940852067,0.24782832,-0.1813912484744223,-0.19621394230769232,4.0,317.0,331.0,33.0,False,,ELIGIBLE_NOT_PICKED
SHC,18.59,5305117439.05,True,Healthcare,0.01854958216597034,0.12964761,0.09822252772819305,-0.003305288461538436,1.0,163.0,331.0,33.0,False,,ELIGIBLE_NOT_PICKED
SHEN,12.19,650515449.1999999,False,,,,,,,,,,,,INELIGIBLE_TODAY
SHLS,7.42,1248785629.0,False,,,,,,,,,,,,INELIGIBLE_TODAY
SHO,10.86,2019351199.26,True,Real Estate,0.012497334715404047,0.12587427,0.09079901642482874,-0.015925480769230782,0.0,68.0,331.0,33.0,False,,ELIGIBLE_NOT_PICKED
SHOO,43.16,3158323420.2,True,Consumer Cyclical,0.024194033612478728,0.25226536,0.11299905393919246,0.19921875,2.0,51.0,331.0,33.0,False,,ELIGIBLE_NOT_PICKED
SHW,326.09,79161005459.59,True,Basic Materials,0.02043740746027081,0.16275829,0.10440802902461319,0.042367788461538436,1.0,128.0,331.0,33.0,False,,ELIGIBLE_NOT_PICKED
SIG,82.67,3251393160.61,True,Consumer Cyclical,0.022193547403530092,0.25168607,0.08158755997702997,0.15985576923076922,2.0,81.0,331.0,33.0,False,,ELIGIBLE_NOT_PICKED
SIGI,90.9,5414832917.1,True,Financial Services,0.01390446403467721,0.1693334,0.1073605454560443,0.05378605769230768,0.0,27.0,331.0,33.0,True,0.00981204108920144,PICK
SION,7.3,330050512.7,False,,,,,,,,,,,,INELIGIBLE_TODAY
SIRI,28.8,9707526460.800001,True,Communication Services,0.020068000159835946,0.26498085,0.03894581226278166,0.10727163461538458,1.0,65.0,331.0,33.0,False,,ELIGIBLE_NOT_PICKED
SITC,2.88,151128976.32,False,,,,,,,,,,,,INELIGIBLE_TODAY
SITE,99.52,4344584412.8,True,Industrials,0.02599637990673365,0.24410355,0.016333793752893892,0.023137019230769218,2.0,191.0,331.0,33.0,False,,ELIGIBLE_NOT_PICKED
SITM,598.95,18011047012.2,True,Technology,0.061911756330623596,0.33912116,-0.13283887240288295,-0.021033653846153827,4.0,218.0,331.0,33.0,False,,ELIGIBLE_NOT_PICKED
SJM,124.66,13316577992.779999,True,Consumer Defensive,0.019460818365754723,0.18930475,0.07697567930059256,0.037560096153846145,1.0,131.0,331.0,33.0,False,,ELIGIBLE_NOT_PICKED
SKIN,0.737,95913742.331,False,,,,,,,,,,,,INELIGIBLE_TODAY
SKT,37.29,4283837499.81,True,Real Estate,0.012486771192986404,0.09943279,-0.04127119511980491,-0.2800480769230769,0.0,246.0,331.0,33.0,False,,ELIGIBLE_NOT_PICKED
SKWD,56.53,2509733749.29,True,Financial Services,0.02364360192299344,0.2260395,-0.10875041096478893,-0.18990384615384615,2.0,300.0,331.0,33.0,False,,ELIGIBLE_NOT_PICKED
SKY,84.58,4591013733.72,True,Consumer Cyclical,0.026269649205406732,0.23583743,0.10581097613724408,0.1613581730769231,2.0,80.0,331.0,33.0,False,,ELIGIBLE_NOT_PICKED
SKYH,10.36,793749333.16,False,,,,,,,,,,,,INELIGIBLE_TODAY
SKYW,94.98,3687914308.5,True,Industrials,0.023824642610525457,0.26807866,0.07541323186857947,0.18239182692307693,2.0,67.0,331.0,33.0,False,,ELIGIBLE_NOT_PICKED
SLAB,220.0,7340687420.0,True,Technology,0.0024282829224226686,0.017044598,0.16149726455140823,-0.030949519230769246,0.0,79.0,331.0,33.0,False,,ELIGIBLE_NOT_PICKED
SLB,57.1,84744578490.1,True,Energy,0.026063201227520757,0.33650386,0.014691318238081964,0.17157451923076922,2.0,74.0,331.0,33.0,False,,ELIGIBLE_NOT_PICKED
SLDE,24.46,2857214646.7400002,True,Financial Services,0.026713327600299645,0.15769304,0.07375456844571941,-0.008713942307692318,2.0,217.0,331.0,33.0,False,,ELIGIBLE_NOT_PICKED
SLDP,2.57,586425714.8399999,False,,,,,,,,,,,,INELIGIBLE_TODAY
SLG,52.8,3740875089.6,True,Real Estate,0.022108171074900446,0.25553483,-0.14955999286093544,-0.1649639423076923,2.0,287.0,331.0,33.0,False,,ELIGIBLE_NOT_PICKED
SLGN,39.31,4154360206.2000003,True,Consumer Cyclical,0.024132734757433688,0.26405525,-0.07867071197181669,-0.08533653846153844,2.0,259.0,331.0,33.0,False,,ELIGIBLE_NOT_PICKED
SLM,26.28,4939246056.24,True,Financial Services,0.019979505866808852,0.18535708,-0.01579871853299708,-0.1385216346153846,1.0,259.0,331.0,33.0,False,,ELIGIBLE_NOT_PICKED
SLQT,0.535,94466625.62,False,,,,,,,,,,,,INELIGIBLE_TODAY
SLS,13.96,2819162097.6400003,True,Healthcare,0.0722229783883411,0.34077016,-0.28237927985759387,-0.07031250000000003,4.0,259.0,331.0,33.0,False,,ELIGIBLE_NOT_PICKED
SLVM,35.39,1407114999.77,False,,,,,,,,,,,,INELIGIBLE_TODAY
SM,37.76,8981369607.68,True,Energy,0.03437313711464431,0.29741764,-0.06053356140631375,-0.012319711538461536,3.0,239.0,331.0,33.0,False,,ELIGIBLE_NOT_PICKED
SMA,32.6,1805026237.8000002,False,,,,,,,,,,,,INELIGIBLE_TODAY
SMC,34.33,473191605.94,False,,,,,,,,,,,,INELIGIBLE_TODAY
SMCI,40.26,26449426359.84,True,Technology,0.060417431784456216,0.35329315,-0.28172675919811896,-0.05288461538461539,4.0,240.0,331.0,33.0,False,,ELIGIBLE_NOT_PICKED
SMG,57.53,3349412363.2200003,True,Basic Materials,0.026782450869107115,0.22442596,-0.04434143861309716,-0.11418269230769232,3.0,299.0,331.0,33.0,False,,ELIGIBLE_NOT_PICKED
SMMT,17.28,13785113122.560001,True,Healthcare,0.04378054540060751,0.25391272,-0.22370727414513805,-0.20072115384615385,4.0,319.0,331.0,33.0,False,,ELIGIBLE_NOT_PICKED
SMPL,10.76,951835464.1999999,False,,,,,,,,,,,,INELIGIBLE_TODAY
SMR,11.18,4804306180.96,True,Industrials,0.05573290746132599,0.31759414,-0.3535150311484965,-0.11929086538461536,4.0,285.0,331.0,33.0,False,,ELIGIBLE_NOT_PICKED
SMRT,1.29,247179220.71,False,,,,,,,,,,,,INELIGIBLE_TODAY
SMTC,162.62,15176613300.12,True,Technology,0.06261570115690211,0.3483391,-0.005792751030948975,0.15294471153846154,4.0,80.0,331.0,33.0,False,,ELIGIBLE_NOT_PICKED
SN,175.13,24670834901.76,True,Consumer Cyclical,0.025218508184426273,0.3090526,0.02460287334078802,0.14873798076923078,2.0,89.0,331.0,33.0,False,,ELIGIBLE_NOT_PICKED
SNA,379.88,19650099865.12,True,Industrials,0.012032326790430611,0.09832813,0.09078311505183699,-0.05048076923076922,0.0,95.0,331.0,33.0,False,,ELIGIBLE_NOT_PICKED
SNAP,5.43,9183203576.16,False,,,,,,,,,,,,INELIGIBLE_TODAY
SNDA,39.06,1876754489.4,False,,,,,,,,,,,,INELIGIBLE_TODAY
SNDK,1737.99,254474759547.99,True,Technology,0.08630576921416269,0.26568347,-0.050746608636954425,-0.045973557692307654,4.0,236.0,331.0,33.0,False,,ELIGIBLE_NOT_PICKED
SNDR,34.64,6072423141.36,True,Industrials,0.0205452368030259,0.25120416,0.14560470612411353,0.23046875,1.0,14.0,331.0,33.0,True,0.006640525672183192,PICK
SNDX,19.94,1780583894.8400002,False,,,,,,,,,,,,INELIGIBLE_TODAY
SNEX,69.07,8330997886.449999,True,Financial Services,0.03633175612296072,0.32414153,-0.160130867663143,-0.0676081730769231,3.0,279.0,331.0,33.0,False,,ELIGIBLE_NOT_PICKED
SNOW,335.5,118364400000.0,True,Technology,0.03339676029150979,0.328744,0.04566480285699507,0.21935096153846156,3.0,68.0,331.0,33.0,False,,ELIGIBLE_NOT_PICKED
SNPS,392.03,75127314331.37999,True,Technology,0.029123281685673276,0.28980908,-0.30259934443010195,-0.15474759615384615,3.0,312.0,331.0,33.0,False,,ELIGIBLE_NOT_PICKED
SNX,258.6,20677333267.2,True,Technology,0.020645982354012785,0.29246733,0.08785606714031108,0.23888221153846156,1.0,12.0,331.0,33.0,True,0.00660812210783758,PICK
SO,88.99,102370800344.34,True,Utilities,0.010596921186005871,0.09788691,-0.03959152068073708,-0.2791466346153846,0.0,245.0,331.0,33.0,False,,ELIGIBLE_NOT_PICKED
SOC,4.85,930567424.1999999,False,,,,,,,,,,,,INELIGIBLE_TODAY
SOFI,18.01,23261181535.24,True,Financial Services,0.034421094067033815,0.29686648,-0.3107848348207139,-0.14663461538461536,3.0,304.0,331.0,33.0,False,,ELIGIBLE_NOT_PICKED
SOLS,64.53,10250420721.57,True,Basic Materials,0.039816353448950834,0.32687348,-0.16287103657776278,-0.06340144230769229,4.0,253.0,331.0,33.0,False,,ELIGIBLE_NOT_PICKED
SOLV,90.11,15338860220.19,True,Healthcare,0.020009081699598866,0.20217228,0.1169698728307088,0.10817307692307696,1.0,63.0,331.0,33.0,False,,ELIGIBLE_NOT_PICKED
SON,49.87,4930896399.61,True,Consumer Cyclical,0.02081276319258149,0.21657267,-0.03055533951437854,-0.10697115384615383,1.0,239.0,331.0,33.0,False,,ELIGIBLE_NOT_PICKED
SONO,14.49,1714079755.71,False,,,,,,,,,,,,INELIGIBLE_TODAY
SOUN,6.57,2917801675.08,False,,,,,,,,,,,,INELIGIBLE_TODAY
SPB,87.48,2011654738.0800002,True,Consumer Defensive,0.018111923812192714,0.25389048,0.0997464287750336,0.1881009615384615,1.0,24.0,331.0,33.0,True,0.0075326715066973025,PICK
SPCE,3.13,474495176.39,False,,,,,,,,,,,,INELIGIBLE_TODAY
SPCX,153.47,2023007768159.15,True,Industrials,,0.2815441,0.20750266190769742,0.31971153846153844,,,,,False,,ELIGIBLE_NOT_PICKED
SPG,211.88,68555790038.2,True,Real Estate,0.012297759329416874,0.083535165,-0.05783999504130947,-0.32752403846153844,0.0,276.0,331.0,33.0,False,,ELIGIBLE_NOT_PICKED
SPGI,429.31,126560588000.0,True,Financial Services,0.019649325179032694,0.12452095,-0.010234496383646294,-0.2040264423076923,1.0,283.0,331.0,33.0,False,,ELIGIBLE_NOT_PICKED
SPH,17.37,1158794162.19,False,,,,,,,,,,,,INELIGIBLE_TODAY
SPHR,142.41,5114456772.87,True,Communication Services,0.03397887510483913,0.3498563,0.01747751161345148,0.19951923076923078,3.0,77.0,331.0,33.0,False,,ELIGIBLE_NOT_PICKED
SPIR,12.14,493155583.94,False,,,,,,,,,,,,INELIGIBLE_TODAY
SPNT,24.15,2805385136.3999996,True,Financial Services,0.018157019811455097,0.1508116,-0.007395648865880295,-0.17067307692307693,1.0,271.0,331.0,33.0,False,,ELIGIBLE_NOT_PICKED
SPRU,1.78,34268891.08,False,,,,,,,,,,,,INELIGIBLE_TODAY
SPSC,79.0,2844013746.0,True,Technology,0.03000891649116625,0.3720791,0.0498303190433507,0.2920673076923077,3.0,35.0,331.0,33.0,False,,ELIGIBLE_NOT_PICKED
SPT,10.45,633188615.4,False,,,,,,,,,,,,INELIGIBLE_TODAY
SPXC,197.19,9876430733.4,True,Industrials,0.02969056055826586,0.21972945,-0.08958731053880846,-0.1817908653846154,3.0,320.0,331.0,33.0,False,,ELIGIBLE_NOT_PICKED
SR,83.44,4932372616.08,True,Utilities,0.013256076960857545,0.10138282,-0.12183125678600382,-0.3740985576923077,0.0,305.0,331.0,33.0,False,,ELIGIBLE_NOT_PICKED
SRCE,86.49,2082837130.7399998,True,Financial Services,0.012069242788889375,0.07332011,0.12441487644034464,-0.04537259615384612,0.0,91.0,331.0,33.0,False,,ELIGIBLE_NOT_PICKED
SRE,85.47,55888862743.56,True,Utilities,0.014265853641977393,0.12789196,-0.06418923413238349,-0.28185096153846156,0.0,249.0,331.0,33.0,False,,ELIGIBLE_NOT_PICKED
SRPT,20.94,2211829819.7400002,True,Healthcare,0.03894539947966561,0.41015035,-0.04335734292538399,0.15234374999999997,4.0,82.0,331.0,33.0,False,,ELIGIBLE_NOT_PICKED
SRRK,57.42,6992910892.440001,True,Healthcare,0.028471733755732472,0.32440597,-0.1359631438249539,-0.050480769230769273,3.0,269.0,331.0,33.0,False,,ELIGIBLE_NOT_PICKED
SSB,106.62,10339424815.08,True,Financial Services,0.012974019757470206,0.08211877,0.06541628431263075,-0.11388221153846156,0.0,132.0,331.0,33.0,False,,ELIGIBLE_NOT_PICKED
SSD,178.86,7330520222.52,True,Basic Materials,0.018732853930511634,0.22287148,-0.004782289541625117,-0.056640625,1.0,206.0,331.0,33.0,False,,ELIGIBLE_NOT_PICKED
SSII,3.27,655260372.45,False,,,,,,,,,,,,INELIGIBLE_TODAY
SSMR,17.66,2538211808.98,True,Basic Materials,0.03869559452288948,0.32334447,-0.03809482583905753,0.05979567307692307,4.0,143.0,331.0,33.0,False,,ELIGIBLE_NOT_PICKED
SSNC,80.45,18877994428.2,True,Technology,0.021741513888530146,0.212764,0.06612941454334992,0.055288461538461564,2.0,154.0,331.0,33.0,False,,ELIGIBLE_NOT_PICKED
SSP,3.21,297467461.11,False,,,,,,,,,,,,INELIGIBLE_TODAY
SSRM,36.94,7532409985.28,True,Basic Materials,0.04180983147451695,0.3276105,0.07846159697074057,0.27493990384615385,4.0,40.0,331.0,33.0,False,,ELIGIBLE_NOT_PICKED
SST,5.0,52443245.0,False,,,,,,,,,,,,INELIGIBLE_TODAY
SSTK,5.17,191019526.28,False,,,,,,,,,,,,INELIGIBLE_TODAY
ST,42.59,6198372362.580001,True,Technology,0.02263045281970156,0.27210867,0.07938874304275313,0.19711538461538464,2.0,53.0,331.0,33.0,False,,ELIGIBLE_NOT_PICKED
STAA,24.16,1211478653.44,False,,,,,,,,,,,,INELIGIBLE_TODAY
STAG,37.56,7241880837.240001,True,Real Estate,0.01409079145589722,0.07051886,-0.04572579116269713,-0.3263221153846154,0.0,275.0,331.0,33.0,False,,ELIGIBLE_NOT_PICKED
STC,67.04,2046208220.9600003,True,Financial Services,0.022965225326630416,0.1896474,-0.1384888352252434,-0.28185096153846156,2.0,327.0,331.0,33.0,False,,ELIGIBLE_NOT_PICKED
STDN,13.21,2068035473.5500002,True,Basic Materials,,0.22308832,0.12849546160028896,0.16195913461538458,,,,,False,,ELIGIBLE_NOT_PICKED
STE,218.44,21297924028.4,True,Healthcare,0.017908190371429468,0.15256813,0.046027420188118506,-0.06400240384615385,1.0,214.0,331.0,33.0,False,,ELIGIBLE_NOT_PICKED
STEM,5.64,54294836.16,False,,,,,,,,,,,,INELIGIBLE_TODAY
STEP,50.74,6123134134.320001,True,Financial Services,0.034040386060756565,0.23458585,-0.2238288309937625,-0.23737980769230768,3.0,329.0,331.0,33.0,False,,ELIGIBLE_NOT_PICKED
STGW,8.67,2119602160.17,False,,,,,,,,,,,,INELIGIBLE_TODAY
STLD,240.31,34443172827.28,True,Basic Materials,0.026218620613483592,0.33957058,0.0498275033418725,0.25060096153846156,2.0,28.0,331.0,33.0,True,0.005203598405989873,PICK
STOK,30.05,1939013572.1000001,False,,,,,,,,,,,,INELIGIBLE_TODAY
STRA,81.44,1808583604.96,False,,,,,,,,,,,,INELIGIBLE_TODAY
STRL,502.2,15361553739.6,True,Industrials,0.05282140373310967,0.3628421,-0.05685662826338854,0.0925480769230769,4.0,120.0,331.0,33.0,False,,ELIGIBLE_NOT_PICKED
STT,191.88,52709774668.2,True,Financial Services,0.015267149904686193,0.092058286,0.11431219043954144,-0.032752403846153855,0.0,81.0,331.0,33.0,False,,ELIGIBLE_NOT_PICKED
STTK,6.5,652361144.5,False,,,,,,,,,,,,INELIGIBLE_TODAY
STUB,6.11,2334569692.26,False,,,,,,,,,,,,INELIGIBLE_TODAY
STWD,15.88,5878282926.0,True,Real Estate,0.012110487249863727,0.069770165,-0.08965700864617432,-0.3801081730769231,0.0,306.0,331.0,33.0,False,,ELIGIBLE_NOT_PICKED
STX,904.38,204972769188.84,True,Technology,0.05374845259760666,0.3261363,0.040387978569350926,0.20102163461538464,4.0,62.0,331.0,33.0,False,,ELIGIBLE_NOT_PICKED
STZ,120.98,20660774945.32,True,Consumer Defensive,0.02009000787692986,0.19795226,0.07545272305356701,0.04957932692307693,1.0,119.0,331.0,33.0,False,,ELIGIBLE_NOT_PICKED
SUI,117.65,14329882591.050001,True,Real Estate,0.013880362486492461,0.11577328,0.03981042266345465,-0.11808894230769232,0.0,137.0,331.0,33.0,False,,ELIGIBLE_NOT_PICKED
SUN,76.92,15755110462.68,True,Energy,0.019820747777860807,0.22867896,-0.10358745599424525,-0.17938701923076922,1.0,276.0,331.0,33.0,False,,ELIGIBLE_NOT_PICKED
SUNB,69.32,28404603682.879997,True,Industrials,0.029624701483626635,0.30597693,0.0746583774472179,0.23377403846153844,3.0,59.0,331.0,33.0,False,,ELIGIBLE_NOT_PICKED
SUNC,81.52,4199681980.9599996,True,Energy,0.017218645131308944,0.20601203,0.060760985194332116,0.03545673076923078,1.0,132.0,331.0,33.0,False,,ELIGIBLE_NOT_PICKED
SUPN,42.43,2466329161.59,True,Healthcare,0.022644034280577537,0.2458889,0.01132618576718578,0.015625,2.0,194.0,331.0,33.0,False,,ELIGIBLE_NOT_PICKED
SVC,7.375,955132474.0,False,,,,,,,,,,,,INELIGIBLE_TODAY
SVV,10.23,1573334993.01,False,,,,,,,,,,,,INELIGIBLE_TODAY
SW,44.26,23215383908.079998,True,Consumer Cyclical,0.027658733375280378,0.290274,-0.05440618008103789,-0.015324519230769218,3.0,242.0,331.0,33.0,False,,ELIGIBLE_NOT_PICKED
SWIM,6.75,794111080.5,False,,,,,,,,,,,,INELIGIBLE_TODAY
SWK,93.81,14166871092.210001,True,Industrials,0.022971389955835805,0.25431237,0.13328892578224963,0.2259615384615385,2.0,41.0,331.0,33.0,False,,ELIGIBLE_NOT_PICKED
SWKS,75.38,11342638307.16,True,Technology,0.030594735018779844,0.3563687,-0.030907246261776915,0.12680288461538464,3.0,125.0,331.0,33.0,False,,ELIGIBLE_NOT_PICKED
SWX,88.88,6438987414.639999,True,Utilities,0.01094681291270205,0.08751979,0.04402718146340248,-0.14603365384615385,0.0,159.0,331.0,33.0,False,,ELIGIBLE_NOT_PICKED
SXI,271.63,3292010277.95,True,Industrials,0.027368006075552717,0.1809227,-0.019778302259776132,-0.1505408653846154,3.0,309.0,331.0,33.0,False,,ELIGIBLE_NOT_PICKED
SXT,133.93,5700437277.2300005,True,Basic Materials,0.02330400441453887,0.21145643,-0.008819822344069183,-0.08834134615384617,2.0,261.0,331.0,33.0,False,,ELIGIBLE_NOT_PICKED
SYBT,78.59,2441527473.37,True,Financial Services,0.01410522365187515,0.10198497,-0.15415518700180017,-0.3951322115384615,0.0,315.0,331.0,33.0,False,,ELIGIBLE_NOT_PICKED
SYF,78.62,25580655440.800003,True,Financial Services,0.02118082537946644,0.16114774,0.08121452541407743,0.010216346153846173,2.0,199.0,331.0,33.0,False,,ELIGIBLE_NOT_PICKED
SYK,276.43,106031097105.78,True,Healthcare,0.026773696035691616,0.3000869,-0.019670640419844437,0.051081730769230754,3.0,181.0,331.0,33.0,False,,ELIGIBLE_NOT_PICKED
SYM,43.3,26187913956.399998,True,Industrials,0.03728631289501394,0.24696329,-0.2624614392109758,-0.22115384615384615,4.0,321.0,331.0,33.0,False,,ELIGIBLE_NOT_PICKED
SYNA,94.72,3704213713.92,True,Technology,0.03398893500638564,0.38990694,0.03709454857215866,0.2791466346153846,3.0,45.0,331.0,33.0,False,,ELIGIBLE_NOT_PICKED
SYRE,90.79,8005295851.9800005,True,Healthcare,0.04174463004967563,0.40239984,-0.25313934078709627,-0.0003004807692307543,4.0,197.0,331.0,33.0,False,,ELIGIBLE_NOT_PICKED
SYY,79.84,38251025917.44,True,Consumer Defensive,0.011061671346800203,0.15050213,0.13548336744781217,0.058894230769230754,0.0,23.0,331.0,33.0,True,0.01233368522298773,PICK
T,25.6,175421072640.0,True,Communication Services,0.018415385585348127,0.15653935,0.07139089865436143,-0.015024038461538436,1.0,170.0,331.0,33.0,False,,ELIGIBLE_NOT_PICKED
TALO,17.16,2865127430.88,True,Energy,0.03054230324613469,0.25361276,0.18158834062825788,0.25721153846153844,3.0,50.0,331.0,33.0,False,,ELIGIBLE_NOT_PICKED
TAP,38.84,6862290972.160001,True,Consumer Defensive,0.02053729930127015,0.23587942,0.035218207267874675,0.044471153846153855,1.0,125.0,331.0,33.0,False,,ELIGIBLE_NOT_PICKED
TARS,87.22,3827474911.12,True,Healthcare,0.03590970996316321,0.37597275,-0.01089835556346646,0.1775841346153846,3.0,90.0,331.0,33.0,False,,ELIGIBLE_NOT_PICKED
TASK,7.65,701405710.65,False,,,,,,,,,,,,INELIGIBLE_TODAY
TBBK,64.41,2627078367.69,True,Financial Services,0.02054603773996146,0.17627174,-0.12695486538342193,-0.29056490384615385,1.0,313.0,331.0,33.0,False,,ELIGIBLE_NOT_PICKED
TBLA,3.82,1031993620.36,False,,,,,,,,,,,,INELIGIBLE_TODAY
TBPH,17.06,885733943.2399999,False,,,,,,,,,,,,INELIGIBLE_TODAY
TCBI,97.69,4247011107.61,True,Financial Services,0.01264002529511576,0.11389749,0.016017861717233146,-0.16616586538461536,0.0,170.0,331.0,33.0,False,,ELIGIBLE_NOT_PICKED
TDAY,6.41,941103001.8100001,False,,,,,,,,,,,,INELIGIBLE_TODAY
TDC,27.76,2581680000.0,True,Technology,0.04230979889335626,0.3243787,0.0804727478738407,0.27193509615384615,4.0,41.0,331.0,33.0,False,,ELIGIBLE_NOT_PICKED
TDG,1145.14,63299359838.50001,True,Industrials,0.01612181270333309,0.110133156,-0.050306995185654006,-0.28064903846153844,1.0,310.0,331.0,33.0,False,,ELIGIBLE_NOT_PICKED
TDOC,6.26,1137341971.46,False,,,,,,,,,,,,INELIGIBLE_TODAY
TDS,37.93,4342985000.0,True,Communication Services,0.023244939934384673,0.26421613,-0.025045235023167856,-0.006310096153846173,2.0,214.0,331.0,33.0,False,,ELIGIBLE_NOT_PICKED
TDUP,2.67,350660845.5,False,,,,,,,,,,,,INELIGIBLE_TODAY
TDW,92.0,4577573252.0,True,Energy,0.038319378053456685,0.29115236,-0.10879330565226983,-0.07692307692307693,4.0,263.0,331.0,33.0,False,,ELIGIBLE_NOT_PICKED
TDY,605.08,28048890618.84,True,Technology,0.014380900852741303,0.13478145,0.1299941615787943,0.03545673076923078,0.0,32.0,331.0,33.0,True,0.009486969823978016,PICK
TE,5.06,1490306953.9599998,False,,,,,,,,,,,,INELIGIBLE_TODAY
TEAM,176.42,44658749742.299995,True,Technology,0.06288846526020939,0.32576942,0.15660252162457539,0.35757211538461536,4.0,21.0,331.0,33.0,True,0.0021694148818400057,PICK
TECH,72.31,11339526789.78,True,Healthcare,0.0284628598529116,0.03306457,0.12592656042319988,-0.06009615384615388,3.0,275.0,331.0,33.0,False,,ELIGIBLE_NOT_PICKED
TEL,204.99,59347316607.72,True,Technology,0.020333846824921856,0.21975783,0.020787288460504007,-0.015024038461538491,1.0,172.0,331.0,33.0,False,,ELIGIBLE_NOT_PICKED
TEM,64.29,11600150463.240002,True,Healthcare,0.05704374266725488,0.34410393,-0.26240170960464787,-0.06250000000000003,4.0,252.0,331.0,33.0,False,,ELIGIBLE_NOT_PICKED
TENB,33.7,3711717427.1000004,True,Technology,0.04560606284406634,0.34116983,0.14810128253148158,0.3810096153846154,4.0,14.0,331.0,33.0,True,0.0029915139330938118,PICK
TER,372.06,58168139445.0,True,Technology,0.05671836681786891,0.37425157,0.033582629320239116,0.26021634615384615,4.0,45.0,331.0,33.0,False,,ELIGIBLE_NOT_PICKED
TEVA,36.76,42836284047.84,True,Healthcare,0.02312106547959927,0.23602346,0.02808645719577802,0.03515624999999997,2.0,177.0,331.0,33.0,False,,ELIGIBLE_NOT_PICKED
TEX,62.91,7190613000.0,True,Industrials,0.027669599882746088,0.33560398,-0.161057127035364,-0.04417067307692307,3.0,266.0,331.0,33.0,False,,ELIGIBLE_NOT_PICKED
TFC,50.55,61753203803.399994,True,Financial Services,0.0156203304138637,0.20709008,0.053059911246062914,0.02674278846153849,1.0,145.0,331.0,33.0,False,,ELIGIBLE_NOT_PICKED
TFIN,68.83,1644660981.71,False,,,,,,,,,,,,INELIGIBLE_TODAY
TFSL,17.39,4876899509.45,True,Financial Services,0.012142163366533449,0.060588438,-0.06791098681350898,-0.3641826923076923,0.0,302.0,331.0,33.0,False,,ELIGIBLE_NOT_PICKED
TFX,137.0,5805018389.0,True,Healthcare,0.018532139265138713,0.21230498,0.12839209315501207,0.1397235576923077,1.0,43.0,331.0,33.0,False,,ELIGIBLE_NOT_PICKED
TGLS,40.42,1793217778.72,False,,,,,,,,,,,,INELIGIBLE_TODAY
TGT,162.71,73918621914.56,True,Consumer Defensive,0.02091114962390704,0.21440093,0.11162026693655358,0.12560096153846154,1.0,51.0,331.0,33.0,False,,ELIGIBLE_NOT_PICKED
TGTX,55.74,8532069014.22,True,Healthcare,0.02881684827768462,0.37446702,-0.05655889609744296,0.10576923076923078,3.0,137.0,331.0,33.0,False,,ELIGIBLE_NOT_PICKED
TH,20.25,2017374315.75,True,Industrials,0.034724255389374716,0.32358694,0.04413475804263768,0.2040264423076923,3.0,72.0,331.0,33.0,False,,ELIGIBLE_NOT_PICKED
THC,259.06,20859252140.0,True,Healthcare,0.03300858936643248,0.27155966,0.21126317413632625,0.3073918269230769,3.0,29.0,331.0,33.0,True,0.004133202146781764,PICK
THG,224.48,7816443210.08,True,Financial Services,0.014344042793503424,0.1581968,0.1446774909366625,0.07662259615384615,0.0,18.0,331.0,33.0,True,0.009511347281630226,PICK
THO,74.13,3859013060.49,True,Consumer Cyclical,0.021324337761608955,0.26625055,-0.009571363755712017,0.018329326923076955,2.0,193.0,331.0,33.0,False,,ELIGIBLE_NOT_PICKED
THRM,39.26,1205486466.08,False,,,,,,,,,,,,INELIGIBLE_TODAY
TIC,9.56,2086186603.3600001,False,,,,,,,,,,,,INELIGIBLE_TODAY
TIL,7.82,53035052.32,False,,,,,,,,,,,,INELIGIBLE_TODAY
TILE,35.43,2047870297.8,True,Basic Materials,0.024528268061341292,0.26456347,0.08637353558263478,0.19681490384615385,2.0,55.0,331.0,33.0,False,,ELIGIBLE_NOT_PICKED
TJX,128.92,141808655944.12,True,Consumer Cyclical,0.014936081902791068,0.18756929,0.007380326389255491,-0.09615384615384615,0.0,119.0,331.0,33.0,False,,ELIGIBLE_NOT_PICKED
TKO,195.32,36968160343.159996,True,Communication Services,0.0220442639069461,0.16392939,0.013193839893109516,-0.11598557692307696,2.0,272.0,331.0,33.0,False,,ELIGIBLE_NOT_PICKED
TKR,123.86,8583106478.54,True,Industrials,0.021121718357033584,0.25792754,0.14590990938847834,0.24489182692307693,2.0,33.0,331.0,33.0,True,0.006459283763062986,PICK
TLN,325.77,15609028154.429998,True,Utilities,0.03542368102693402,0.26879728,-0.17996651407663805,-0.15625,3.0,314.0,331.0,33.0,False,,ELIGIBLE_NOT_PICKED
TLRY,4.3,585675389.6999999,False,,,,,,,,,,,,INELIGIBLE_TODAY
TLS,4.66,348273436.74,False,,,,,,,,,,,,INELIGIBLE_TODAY
TMC,4.43,1954230185.26,False,,,,,,,,,,,,INELIGIBLE_TODAY
TMDX,88.27,3060775049.15,True,Healthcare,0.03412946181443014,0.39437377,-0.22119767330957923,0.0027043269230768996,3.0,225.0,331.0,33.0,False,,ELIGIBLE_NOT_PICKED
TMO,603.02,222965008403.72,True,Healthcare,0.019063675199391134,0.15668498,0.07051551011456743,-0.01622596153846151,1.0,173.0,331.0,33.0,False,,ELIGIBLE_NOT_PICKED
TMUS,181.69,194893705365.97,True,Communication Services,0.0251692631577619,0.19923443,0.08245571199771701,0.06520432692307693,2.0,151.0,331.0,33.0,False,,ELIGIBLE_NOT_PICKED
TNC,73.46,1252441798.3799999,False,,,,,,,,,,,,INELIGIBLE_TODAY
TNDM,19.88,1383224695.1599998,False,,,,,,,,,,,,INELIGIBLE_TODAY
TNET,65.91,3025581281.58,True,Industrials,0.030876990581538536,0.32250822,0.1349912563755827,0.3308293269230769,3.0,15.0,331.0,33.0,True,0.004418538525355808,PICK
TNGX,22.7,3827455330.9,True,Healthcare,0.040689471271541225,0.42350614,-0.2732895588794578,0.0030048076923076816,4.0,190.0,331.0,33.0,False,,ELIGIBLE_NOT_PICKED
TNL,64.81,3966646275.92,True,Industrials,0.01881806296071813,0.20896019,0.12391069078380336,0.12770432692307693,1.0,48.0,331.0,33.0,False,,ELIGIBLE_NOT_PICKED
TOL,136.4,12568850800.0,True,Consumer Cyclical,0.022980218131004062,0.20544577,-0.07410404167808053,-0.19561298076923078,2.0,304.0,331.0,33.0,False,,ELIGIBLE_NOT_PICKED
TOST,33.29,19241620000.0,True,Technology,0.023937401250983013,0.2858648,0.03350291230145758,0.13040865384615385,2.0,102.0,331.0,33.0,False,,ELIGIBLE_NOT_PICKED
TPB,74.51,1493845178.22,False,,,,,,,,,,,,INELIGIBLE_TODAY
TPC,89.52,4705987353.84,True,Industrials,0.033315334962407205,0.32875165,0.05669891920883,0.24128605769230765,3.0,55.0,331.0,33.0,False,,ELIGIBLE_NOT_PICKED
TPG,50.91,19576153953.39,True,Financial Services,0.025277643391471066,0.22983788,-0.0919306922783411,-0.16346153846153846,2.0,286.0,331.0,33.0,False,,ELIGIBLE_NOT_PICKED
TPL,381.9,26341431437.699997,True,Energy,0.02802691318961769,0.16862655,-0.12043648965000248,-0.2917668269230769,3.0,331.0,331.0,33.0,False,,ELIGIBLE_NOT_PICKED
TPR,117.58,23444473499.239998,True,Consumer Cyclical,0.029278077959767217,0.25940198,0.09785827952080411,0.19711538461538458,3.0,79.0,331.0,33.0,False,,ELIGIBLE_NOT_PICKED
TR,38.65,2901519195.2,True,Consumer Defensive,0.01742079972057986,0.17941225,-0.1011544406804324,-0.26171875,1.0,304.0,331.0,33.0,False,,ELIGIBLE_NOT_PICKED
TREE,27.84,390861378.24,False,,,,,,,,,,,,INELIGIBLE_TODAY
TREX,45.78,4663388398.2,True,Basic Materials,0.025677941534006175,0.27908528,0.02559183051881545,0.10907451923076922,2.0,116.0,331.0,33.0,False,,ELIGIBLE_NOT_PICKED
TRGP,294.29,63104905170.090004,True,Energy,0.0210445548102426,0.20413403,0.07968168540816024,0.0652043269230769,1.0,104.0,331.0,33.0,False,,ELIGIBLE_NOT_PICKED
TRIP,9.085,1064756022.07,False,,,,,,,,,,,,INELIGIBLE_TODAY
TRLV,12.43,2393586703.86,True,Healthcare,0.041413910759035485,0.3120346,0.14730798053757566,0.32722355769230765,4.0,26.0,331.0,33.0,True,0.0032943320234931094,PICK
TRMB,58.78,13706311465.44,True,Technology,0.02094639785568128,0.2559813,-0.020022040300039273,-0.017728365384615363,1.0,174.0,331.0,33.0,False,,ELIGIBLE_NOT_PICKED
TRMK,45.83,2661374543.91,True,Financial Services,0.010948704251728631,0.10447088,0.005583049540945505,-0.19921875,0.0,196.0,331.0,33.0,False,,ELIGIBLE_NOT_PICKED
TRN,28.01,2231542302.86,True,Industrials,0.023810524148419457,0.19561173,-0.04966372568776859,-0.17848557692307693,2.0,293.0,331.0,33.0,False,,ELIGIBLE_NOT_PICKED
TRNO,66.05,7197488975.5,True,Real Estate,0.012779469844538628,0.074027956,-0.14993776707226622,-0.4278846153846154,0.0,327.0,331.0,33.0,False,,ELIGIBLE_NOT_PICKED
TROW,109.42,23341020307.0,True,Financial Services,0.016813950824502627,0.16145791,-0.013320138432237259,-0.16436298076923078,1.0,269.0,331.0,33.0,False,,ELIGIBLE_NOT_PICKED
TROX,4.8,766560139.1999999,False,,,,,,,,,,,,INELIGIBLE_TODAY
TRU,77.65,14877740000.000002,True,Industrials,0.026611016611674476,0.24322234,-9.219263884022475e-05,-0.008112980769230754,2.0,216.0,331.0,33.0,False,,ELIGIBLE_NOT_PICKED
TRUP,26.12,1145952599.32,False,,,,,,,,,,,,INELIGIBLE_TODAY
TRV,365.66,76267542544.52,True,Financial Services,0.017719426155656935,0.16513187,0.18409963709417235,0.11388221153846154,1.0,58.0,331.0,33.0,False,,ELIGIBLE_NOT_PICKED
TRVI,16.82,2396443645.62,True,Healthcare,0.03953205673267812,0.413872,-0.2561174509660471,0.004206730769230782,4.0,188.0,331.0,33.0,False,,ELIGIBLE_NOT_PICKED
TSCO,35.29,18387506434.73,True,Consumer Cyclical,0.018456980529885827,0.17048186,-0.01881289202240828,-0.16165865384615385,1.0,266.0,331.0,33.0,False,,ELIGIBLE_NOT_PICKED
TSLA,368.16,1454065368575.04,True,Consumer Cyclical,0.0362307128168695,0.26736775,-0.06476197127564064,-0.06400240384615385,3.0,277.0,331.0,33.0,False,,ELIGIBLE_NOT_PICKED
TSLX,18.04,1719990227.56,False,,,,,,,,,,,,INELIGIBLE_TODAY
TSN,52.28,18392183047.36,True,Consumer Defensive,0.018291844787394044,0.26133218,0.01960574313912928,0.06370192307692307,1.0,106.0,331.0,33.0,False,,ELIGIBLE_NOT_PICKED
TT,446.0,98130336942.0,True,Basic Materials,0.01819334236932141,0.15325877,0.06949310436882895,-0.023737980769230754,1.0,179.0,331.0,33.0,False,,ELIGIBLE_NOT_PICKED
TTAN,81.58,7782534494.82,True,Technology,0.03789323554610022,0.34037253,-0.01991052753049063,0.11959134615384615,4.0,109.0,331.0,33.0,False,,ELIGIBLE_NOT_PICKED
TTC,94.75,8969355065.5,True,Industrials,0.018062530244368595,0.20960613,0.11454712812596017,0.11959134615384615,1.0,56.0,331.0,33.0,False,,ELIGIBLE_NOT_PICKED
TTD,14.02,6587720319.88,True,Technology,0.0420395533321857,0.34283626,0.024042604680061426,0.20522836538461536,4.0,61.0,331.0,33.0,False,,ELIGIBLE_NOT_PICKED
TTEC,1.34,66056559.6,False,,,,,,,,,,,,INELIGIBLE_TODAY
TTEK,35.64,9125423413.92,True,Industrials,0.018193993586357957,0.18569131,0.01599148860797113,-0.08233173076923078,1.0,222.0,331.0,33.0,False,,ELIGIBLE_NOT_PICKED
TTGT,4.05,292947273.0,False,,,,,,,,,,,,INELIGIBLE_TODAY
TTI,7.13,1055758914.27,False,,,,,,,,,,,,INELIGIBLE_TODAY
TTMI,129.35,13626875558.4,True,Technology,0.055459679964813886,0.3617875,-0.07349164469331901,0.06971153846153846,4.0,135.0,331.0,33.0,False,,ELIGIBLE_NOT_PICKED
TTWO,213.29,39881058687.47,True,Communication Services,0.0229744377476946,0.24990337,0.07348508712022889,0.14242788461538464,2.0,93.0,331.0,33.0,False,,ELIGIBLE_NOT_PICKED
TVTX,66.07,6227829687.74,True,Healthcare,0.02435353096197833,0.093169644,0.09425921938456377,-0.05288461538461539,2.0,242.0,331.0,33.0,False,,ELIGIBLE_NOT_PICKED
TW,103.0,24104910986.0,True,Financial Services,0.02376359858388536,0.15644889,0.025833772128360397,-0.09705528846153849,2.0,264.0,331.0,33.0,False,,ELIGIBLE_NOT_PICKED
TWFG,28.22,1525341626.6799998,False,,,,,,,,,,,,INELIGIBLE_TODAY
TWLO,225.89,34691106445.799995,True,Communication Services,0.04159245291826017,0.4079116,0.10886902870613241,0.4071514423076923,4.0,7.0,331.0,33.0,True,0.0032801905840874218,PICK
TWST,128.06,8030312717.440001,True,Healthcare,0.05656759401452909,0.38075253,-0.034753163806614196,0.14783653846153844,4.0,88.0,331.0,33.0,False,,ELIGIBLE_NOT_PICKED
TXG,65.6,8547100620.799999,True,Healthcare,0.04921301161012825,0.37466908,0.07946118805988756,0.3464543269230769,4.0,23.0,331.0,33.0,True,0.0027722581481580844,PICK
TXN,258.92,236458090859.12003,True,Technology,0.028459123022813233,0.24772613,0.10411694109995791,0.18299278846153844,3.0,87.0,331.0,33.0,False,,ELIGIBLE_NOT_PICKED
TXNM,58.09,5985948587.990001,True,Utilities,0.0037479634028799555,0.012187736,0.04868708249155308,-0.17217548076923078,0.0,175.0,331.0,33.0,False,,ELIGIBLE_NOT_PICKED
TXRH,182.84,12001786909.84,True,Consumer Cyclical,0.018180438517118456,0.20339824,0.09483102333032041,0.08623798076923075,1.0,82.0,331.0,33.0,False,,ELIGIBLE_NOT_PICKED
TXT,79.54,13679839378.18,True,Industrials,0.01802617592815652,0.218785,0.028696866077348077,0.0009014423076922906,1.0,158.0,331.0,33.0,False,,ELIGIBLE_NOT_PICKED
TYL,347.82,14244019942.68,True,Technology,0.02847180165234622,0.28685826,-0.0379126550882121,0.009615384615384637,3.0,216.0,331.0,33.0,False,,ELIGIBLE_NOT_PICKED
TYRA,26.73,1595164579.47,False,,,,,,,,,,,,INELIGIBLE_TODAY
U,42.75,18813801885.75,True,Technology,0.03410660689469817,0.34653297,0.031105448521972445,0.22325721153846156,3.0,64.0,331.0,33.0,False,,ELIGIBLE_NOT_PICKED
UAA,5.06,2173500437.46,False,,,,,,,,,,,,INELIGIBLE_TODAY
UAL,108.235,35131324562.42,True,Industrials,0.02565115865672147,0.27134874,0.04208125373334811,0.12680288461538458,2.0,105.0,331.0,33.0,False,,ELIGIBLE_NOT_PICKED
UAMY,5.44,814201448.96,False,,,,,,,,,,,,INELIGIBLE_TODAY
UAN,132.9,1404704757.3,False,,,,,,,,,,,,INELIGIBLE_TODAY
UBER,73.13,149372421648.72998,True,Technology,0.026879840990363984,0.2799612,-0.054945445061554854,-0.02944711538461542,3.0,252.0,331.0,33.0,False,,ELIGIBLE_NOT_PICKED
UBSI,47.27,6438768231.17,True,Financial Services,0.010855125724243997,0.073635794,0.005277772435356265,-0.23978365384615385,0.0,216.0,331.0,33.0,False,,ELIGIBLE_NOT_PICKED
UCB,35.29,4255109500.87,True,Financial Services,0.013428186950959462,0.07496497,-0.04596422638748557,-0.32211538461538464,0.0,274.0,331.0,33.0,False,,ELIGIBLE_NOT_PICKED
UCTT,75.62,3423848932.98,True,Technology,0.07194490915087047,0.32961473,0.04716360199834252,0.2259615384615385,4.0,55.0,331.0,33.0,False,,ELIGIBLE_NOT_PICKED
UDR,36.11,11600851056.42,True,Real Estate,0.01276707920375582,0.10005451,0.14378647580276102,0.007211538461538436,0.0,51.0,331.0,33.0,False,,ELIGIBLE_NOT_PICKED
UE,20.96,2646084007.36,True,Real Estate,0.01263772536833791,0.09792103,0.022036133050326794,-0.17518028846153844,0.0,178.0,331.0,33.0,False,,ELIGIBLE_NOT_PICKED
UEC,11.89,5884032431.740001,True,Basic Materials,0.04033452671437033,0.27190724,-0.2596763998077978,-0.17247596153846156,4.0,309.0,331.0,33.0,False,,ELIGIBLE_NOT_PICKED
UFPI,83.22,4590539281.0199995,True,Basic Materials,0.022080622527931203,0.25776002,0.039955045410760635,0.09495192307692307,2.0,127.0,331.0,33.0,False,,ELIGIBLE_NOT_PICKED
UFPT,281.21,2178193605.8999996,True,Healthcare,0.04159358307378734,0.22555542,-0.06563958483244188,-0.14362980769230768,4.0,299.0,331.0,33.0,False,,ELIGIBLE_NOT_PICKED
UGI,38.27,8208722387.090001,True,Utilities,0.01697858998467024,0.14862362,-0.007310415230734082,-0.171875,1.0,272.0,331.0,33.0,False,,ELIGIBLE_NOT_PICKED
UHAL,63.94,12429520070.3,True,Industrials,0.015838880665073628,0.17631191,0.01849015426172314,-0.09014423076923075,1.0,228.0,331.0,33.0,False,,ELIGIBLE_NOT_PICKED
UHS,171.89,10130597563.349998,True,Healthcare,0.019699787475833064,0.20437582,-0.003919593927572993,-0.09044471153846154,1.0,230.0,331.0,33.0,False,,ELIGIBLE_NOT_PICKED
UI,580.53,35138541021.93,True,Technology,0.020329557112472512,0.18234624,-0.14720874374089643,-0.2941706730769231,1.0,315.0,331.0,33.0,False,,ELIGIBLE_NOT_PICKED
ULCC,5.73,1319136367.8300002,False,,,,,,,,,,,,INELIGIBLE_TODAY
ULS,73.19,14776927281.869999,True,Industrials,0.026298935917885437,0.15702063,0.03936112178989726,-0.07512019230769235,2.0,251.0,331.0,33.0,False,,ELIGIBLE_NOT_PICKED
ULTA,549.23,23483685797.33,True,Consumer Cyclical,0.02265429839598112,0.20867462,0.054557137198889,0.03275240384615383,2.0,182.0,331.0,33.0,False,,ELIGIBLE_NOT_PICKED
UMBF,142.55,10826676776.5,True,Financial Services,0.014422917165628088,0.114665166,0.007007590183842338,-0.18239182692307693,0.0,181.0,331.0,33.0,False,,ELIGIBLE_NOT_PICKED
UNF,275.66,4985083129.18,True,Industrials,0.011855752494812528,0.1390848,0.2093565551095453,0.08804086538461536,0.0,14.0,331.0,33.0,True,0.01150759283236317,PICK
UNFI,44.93,2719124960.2,True,Consumer Defensive,0.021703741945106676,0.35479942,0.19662447086389312,0.42728365384615385,2.0,2.0,331.0,33.0,True,0.006286066834771605,PICK
UNH,400.84,359791918471.48,True,Healthcare,0.014685256018823664,0.20445111,0.16219193058011958,0.15384615384615385,0.0,3.0,331.0,33.0,True,0.00929035028444162,PICK
UNIT,10.25,2487932633.75,True,Real Estate,0.025788249606618976,0.37916577,-0.1842445748814002,-0.001201923076923045,2.0,209.0,331.0,33.0,False,,ELIGIBLE_NOT_PICKED
UNM,94.07,14891920487.859999,True,Financial Services,0.01745949018542937,0.16174068,0.1253740484765011,0.06340144230769232,1.0,107.0,331.0,33.0,False,,ELIGIBLE_NOT_PICKED
UNP,288.45,171361077398.1,True,Industrials,0.01455227937346607,0.077680275,0.09179282595872831,-0.07391826923076922,0.0,107.0,331.0,33.0,False,,ELIGIBLE_NOT_PICKED
UP,4.42,160339217.22,False,,,,,,,,,,,,INELIGIBLE_TODAY
UPBD,18.45,1075624022.25,False,,,,,,,,,,,,INELIGIBLE_TODAY
UPS,100.48,85486533359.36,True,Industrials,0.018344049693807467,0.19773361,0.06176391901793811,0.023437499999999972,1.0,148.0,331.0,33.0,False,,ELIGIBLE_NOT_PICKED
UPST,26.98,2625505981.08,True,Financial Services,0.033226368872179016,0.37391892,-0.23822870008076055,-0.021033653846153882,3.0,246.0,331.0,33.0,False,,ELIGIBLE_NOT_PICKED
UPWK,8.32,1039195996.8000001,False,,,,,,,,,,,,INELIGIBLE_TODAY
URBN,79.43,6801994642.690001,True,Consumer Cyclical,0.02734178621524567,0.32188547,0.09794687705302457,0.29146634615384615,3.0,36.0,331.0,33.0,False,,ELIGIBLE_NOT_PICKED
URGN,43.815,2141701911.6599998,True,Healthcare,0.033810752454633324,0.39498428,-0.09283083085172798,0.08173076923076922,3.0,161.0,331.0,33.0,False,,ELIGIBLE_NOT_PICKED
URI,1015.17,63186707558.13,True,Industrials,0.024182965067476886,0.2355288,0.1519655105833344,0.20733173076923078,2.0,48.0,331.0,33.0,False,,ELIGIBLE_NOT_PICKED
USAC,27.48,3983043120.6,True,Energy,0.020806344979333532,0.15551795,-0.07380857107775009,-0.2629206730769231,1.0,308.0,331.0,33.0,False,,ELIGIBLE_NOT_PICKED
USAR,17.66,4321756948.34,True,Basic Materials,0.05196228492182785,0.36011398,-0.10729668225234482,0.029747596153846173,4.0,161.0,331.0,33.0,False,,ELIGIBLE_NOT_PICKED
USB,62.49,97362634860.54001,True,Financial Services,0.013101660545742477,0.094980724,0.005791725266953571,-0.2127403846153846,0.0,204.0,331.0,33.0,False,,ELIGIBLE_NOT_PICKED
USFD,103.09,22301534234.07,True,Consumer Defensive,0.017459758672950212,0.18162553,0.16603152544595176,0.12349759615384615,1.0,53.0,331.0,33.0,False,,ELIGIBLE_NOT_PICKED
USLM,117.19,3361989259.97,True,Basic Materials,0.020389049406946917,0.14102817,-0.0606799460126363,-0.26171875,1.0,303.0,331.0,33.0,False,,ELIGIBLE_NOT_PICKED
USNA,15.2,280843316.8,False,,,,,,,,,,,,INELIGIBLE_TODAY
UTHR,497.97,21358277895.24,True,Healthcare,0.014403570939236264,0.13536097,0.21595219009809127,0.08834134615384615,0.0,13.0,331.0,33.0,True,0.009472038080496348,PICK
UTI,21.59,1189506037.29,False,,,,,,,,,,,,INELIGIBLE_TODAY
UTZ,14.21,2045703046.73,True,Consumer Defensive,0.11588250583174409,0.037452206,0.015855911398688124,-0.23677884615384615,4.0,323.0,331.0,33.0,False,,ELIGIBLE_NOT_PICKED
UUUU,14.62,3654488300.0,True,Basic Materials,0.041848924087174603,0.31430042,-0.29465301919316605,-0.12019230769230771,4.0,286.0,331.0,33.0,False,,ELIGIBLE_NOT_PICKED
UVV,45.69,1137647052.33,False,,,,,,,,,,,,INELIGIBLE_TODAY
UWMC,1.39,2229855233.22,False,,,,,,,,,,,,INELIGIBLE_TODAY
V,368.64,657811734773.76,True,Financial Services,0.01310920720728017,0.06010844,0.1600012040699886,-0.022235576923076927,0.0,71.0,331.0,33.0,False,,ELIGIBLE_NOT_PICKED
VAC,102.41,3522424721.2,True,Consumer Cyclical,0.04136311542655569,0.33793578,0.02286522844339279,0.19411057692307693,4.0,63.0,331.0,33.0,False,,ELIGIBLE_NOT_PICKED
VAL,85.51,5937455856.570001,True,Energy,0.02673731776095958,0.31608793,-0.06638729184247853,0.0027043269230768996,2.0,204.0,331.0,33.0,False,,ELIGIBLE_NOT_PICKED
VC,100.66,2687161883.14,True,Consumer Cyclical,0.026016725803167155,0.2887307,-0.042443319128730464,0.0033052884615384914,2.0,203.0,331.0,33.0,False,,ELIGIBLE_NOT_PICKED
VCEL,39.08,2001154475.12,True,Healthcare,0.021910634220271955,0.17854851,-0.04320341804533581,-0.18840144230769232,2.0,298.0,331.0,33.0,False,,ELIGIBLE_NOT_PICKED
VCTR,113.32,6970264699.04,True,Financial Services,0.022074223250041262,0.16552334,0.10689919091453744,0.04957932692307693,2.0,159.0,331.0,33.0,False,,ELIGIBLE_NOT_PICKED
VCYT,42.45,3412586530.9500003,True,Healthcare,0.04182607731395225,0.32556367,-0.09795717498002565,-0.013521634615384637,4.0,212.0,331.0,33.0,False,,ELIGIBLE_NOT_PICKED
VECO,45.59,2786900287.6000004,True,Technology,0.053417623899739516,0.35475194,-0.15719400427041447,-0.013221153846153855,4.0,211.0,331.0,33.0,False,,ELIGIBLE_NOT_PICKED
VEEV,264.84,42879939833.99999,True,Healthcare,0.032890795681448697,0.35829985,-0.05474993725917832,0.08954326923076925,3.0,154.0,331.0,33.0,False,,ELIGIBLE_NOT_PICKED
VELO,11.96,384503451.28000003,False,,,,,,,,,,,,INELIGIBLE_TODAY
VERA,35.28,2542394458.8,True,Healthcare,0.03610685427849014,0.4058885,-0.10341982702628676,0.07512019230769232,3.0,165.0,331.0,33.0,False,,ELIGIBLE_NOT_PICKED
VERX,12.92,2095856301.6,True,Technology,0.039833122563432216,0.35064363,-0.005483673334513816,0.15685096153846154,4.0,78.0,331.0,33.0,False,,ELIGIBLE_NOT_PICKED
VFC,13.2,5189376324.0,True,Consumer Cyclical,0.03233456794623219,0.23592861,0.023269440290450995,0.025841346153846145,3.0,200.0,331.0,33.0,False,,ELIGIBLE_NOT_PICKED
VG,14.73,36826367695.23,True,Energy,0.04280263053444971,0.34585246,-0.1502963563390446,-0.021033653846153855,4.0,220.0,331.0,33.0,False,,ELIGIBLE_NOT_PICKED
VHC,11.8,49756269.400000006,False,,,,,,,,,,,,INELIGIBLE_TODAY
VHI,18.66,528473461.38,False,,,,,,,,,,,,INELIGIBLE_TODAY
VIA,26.39,2150933127.07,True,Technology,0.036466086008605604,0.45985577,-0.18200571625048273,0.03125,3.0,195.0,331.0,33.0,False,,ELIGIBLE_NOT_PICKED
VIAV,38.75,9561555835.0,True,Technology,0.053987074554184146,0.35053933,-0.0028034043994722303,0.16376201923076922,4.0,76.0,331.0,33.0,False,,ELIGIBLE_NOT_PICKED
VICI,25.27,27824229991.739998,True,Real Estate,0.014154497389069222,0.07303327,-0.06872709785964738,-0.3566706730769231,0.0,293.0,331.0,33.0,False,,ELIGIBLE_NOT_PICKED
VICR,193.32,8913353430.24,True,Technology,0.06068224377006165,0.34356788,-0.04248761982398216,0.09164663461538464,4.0,121.0,331.0,33.0,False,,ELIGIBLE_NOT_PICKED
VIR,11.18,1891834410.44,False,,,,,,,,,,,,INELIGIBLE_TODAY
VIRT,63.02,9780718305.54,True,Financial Services,0.029237582257771254,0.20913647,-0.08095190487300993,-0.19441105769230768,3.0,323.0,331.0,33.0,False,,ELIGIBLE_NOT_PICKED
VISN,6.47,1492152885.6399999,False,,,,,,,,,,,,INELIGIBLE_TODAY
VITL,10.08,432749741.76,False,,,,,,,,,,,,INELIGIBLE_TODAY
VKTX,33.68,3928870918.16,True,Healthcare,0.0340401612386048,0.35212415,-0.02328990488505118,0.13221153846153844,3.0,120.0,331.0,33.0,False,,ELIGIBLE_NOT_PICKED
VLO,382.85,110233028443.85,True,Energy,0.022391524053271952,0.24457519,0.1907713290617987,0.2454927884615385,2.0,30.0,331.0,33.0,True,0.006092982867400689,PICK
VLTO,95.53,23289578152.32,True,Industrials,0.01565136835257845,0.121111155,0.026295388337544974,-0.13401442307692307,1.0,258.0,331.0,33.0,False,,ELIGIBLE_NOT_PICKED
VLY,13.92,7692264745.92,True,Financial Services,0.013410771652470349,0.12022668,-0.0528176319519548,-0.27283653846153844,0.0,240.0,331.0,33.0,False,,ELIGIBLE_NOT_PICKED
VMC,258.3,33470188283.7,True,Basic Materials,0.01984160619011084,0.18596524,0.011136194159607735,-0.09224759615384615,1.0,231.0,331.0,33.0,False,,ELIGIBLE_NOT_PICKED
VMI,483.57,9335250183.06,True,Industrials,0.019965289250365736,0.21521439,0.15426197543249354,0.16826923076923078,1.0,29.0,331.0,33.0,True,0.006833418275123523,PICK
VMRK,66.19,24817570431.71,True,Real Estate,0.013615892105467388,0.07618337,0.10940082905433121,-0.05739182692307693,0.0,102.0,331.0,33.0,False,,ELIGIBLE_NOT_PICKED
VNO,35.26,6583765923.059999,True,Real Estate,0.018517597251692997,0.18483081,-0.03311657006733897,-0.1640625,1.0,268.0,331.0,33.0,False,,ELIGIBLE_NOT_PICKED
VNOM,44.89,16124258746.77,True,Energy,0.017529386800499504,0.12048191,-0.06958920140618692,-0.296875,1.0,316.0,331.0,33.0,False,,ELIGIBLE_NOT_PICKED
VNT,32.57,4403464000.0,True,Technology,0.017692829766435332,0.21573432,0.07183204078953911,0.07271634615384615,1.0,91.0,331.0,33.0,False,,ELIGIBLE_NOT_PICKED
VOYA,102.87,9319646421.630001,True,Financial Services,0.01204598838089253,0.09153401,0.09790562301743072,-0.05168269230769229,0.0,96.0,331.0,33.0,False,,ELIGIBLE_NOT_PICKED
VOYG,35.41,2161039014.6,True,Industrials,0.060036433392816044,0.33557406,-0.18400231051247046,-0.05739182692307693,4.0,245.0,331.0,33.0,False,,ELIGIBLE_NOT_PICKED
VRA,3.37,95836909.24000001,False,,,,,,,,,,,,INELIGIBLE_TODAY
VRDN,23.17,2624981872.73,True,Healthcare,0.02947091996217791,0.43934622,-0.21372493444993929,0.01862980769230771,3.0,210.0,331.0,33.0,False,,ELIGIBLE_NOT_PICKED
VRM,10.8,56531044.800000004,False,,,,,,,,,,,,INELIGIBLE_TODAY
VRNS,45.46,5221557648.1,True,Technology,0.035618236139215956,0.33978158,-0.03894618305389909,0.09194711538461536,3.0,153.0,331.0,33.0,False,,ELIGIBLE_NOT_PICKED
VRRM,3.91,594252763.64,False,,,,,,,,,,,,INELIGIBLE_TODAY
VRSK,175.49,22841078545.88,True,Industrials,0.024462065073291735,0.20699735,0.15773492579462278,0.15504807692307696,2.0,85.0,331.0,33.0,False,,ELIGIBLE_NOT_PICKED
VRSN,282.2,25398000000.0,True,Technology,0.020782234485719028,0.1696648,0.2093704051347964,0.12890625,1.0,47.0,331.0,33.0,False,,ELIGIBLE_NOT_PICKED
VRT,290.83,111966110353.59,True,Industrials,0.04664773078982977,0.26578662,0.016354964879659355,0.06850961538461536,4.0,136.0,331.0,33.0,False,,ELIGIBLE_NOT_PICKED
VRTS,157.65,1044067078.5,False,,,,,,,,,,,,INELIGIBLE_TODAY
VRTX,528.9,134055482703.59999,True,Healthcare,0.01927188930722777,0.17425103,0.07377842232174554,0.01081730769230771,1.0,152.0,331.0,33.0,False,,ELIGIBLE_NOT_PICKED
VSAT,77.75,10710514227.5,True,Technology,0.055364301852792036,0.36929268,-0.03672795864380036,0.13251201923076922,4.0,102.0,331.0,33.0,False,,ELIGIBLE_NOT_PICKED
VSEC,206.72,5801591011.84,True,Industrials,0.03430004490164055,0.31919515,-0.16283068894088953,-0.07752403846153844,3.0,283.0,331.0,33.0,False,,ELIGIBLE_NOT_PICKED
VSH,31.47,4826842385.49,True,Technology,0.05488500850974322,0.34820247,-0.1300133736404658,-0.0033052884615384914,4.0,201.0,331.0,33.0,False,,ELIGIBLE_NOT_PICKED
VSNT,38.25,5323255483.5,True,Communication Services,0.023539326809592385,0.2820818,0.08172947384559708,0.21634615384615385,2.0,44.0,331.0,33.0,False,,ELIGIBLE_NOT_PICKED
VST,151.72,50922571785.4,True,Utilities,0.02657357127565016,0.20115677,-0.053610196512020154,-0.1739783653846154,2.0,289.0,331.0,33.0,False,,ELIGIBLE_NOT_PICKED
VSTS,13.65,1803985433.25,False,,,,,,,,,,,,INELIGIBLE_TODAY
VSXY,78.47,6259084140.33,True,Consumer Cyclical,0.03446643007978477,0.32619897,-0.013914057274380621,0.10096153846153844,3.0,143.0,331.0,33.0,False,,ELIGIBLE_NOT_PICKED
VTR,89.87,46098489283.33,True,Real Estate,0.01714841155961117,0.10683647,-0.03559378602848267,-0.2581129807692307,1.0,302.0,331.0,33.0,False,,ELIGIBLE_NOT_PICKED
VTRS,16.61,19078094251.04,True,Healthcare,0.018570251324014315,0.26910794,0.19285457016743704,0.2944711538461538,1.0,4.0,331.0,33.0,True,0.00734675961305645,PICK
VVV,30.59,3902868526.62,True,Energy,0.01866061720735565,0.18969798,-0.15499575135606816,-0.2911658653846154,1.0,314.0,331.0,33.0,False,,ELIGIBLE_NOT_PICKED
VVX,74.5,2335229171.0,True,Industrials,0.030827857905978518,0.29521808,0.05356294255552688,0.18479567307692307,3.0,86.0,331.0,33.0,False,,ELIGIBLE_NOT_PICKED
VYX,8.48,1170832735.04,False,,,,,,,,,,,,INELIGIBLE_TODAY
VZ,50.41,209442217932.81998,True,Communication Services,0.017040635824802978,0.12704393,0.13669645927412408,0.03515625,1.0,134.0,331.0,33.0,False,,ELIGIBLE_NOT_PICKED
W,99.97,13692697957.9,True,Consumer Cyclical,0.053853005647284,0.32431373,0.15108418993441414,0.34915865384615385,4.0,22.0,331.0,33.0,True,0.0025333994043925225,PICK
WAB,284.45,48046691566.95,True,Industrials,0.019879061707014114,0.17697844,0.12015884890297818,0.07602163461538464,1.0,88.0,331.0,33.0,False,,ELIGIBLE_NOT_PICKED
WAFD,34.28,2536556758.64,True,Financial Services,0.01395031735099007,0.14803426,-0.06091214199007405,-0.2536057692307693,0.0,229.0,331.0,33.0,False,,ELIGIBLE_NOT_PICKED
WAL,79.94,8721523068.16,True,Financial Services,0.0165798052170268,0.15754022,-0.1375450299692361,-0.3215144230769231,1.0,320.0,331.0,33.0,False,,ELIGIBLE_NOT_PICKED
WAT,402.91,39585146403.01,True,Healthcare,0.017059743570459765,0.11976606,-0.08435203674606424,-0.3121995192307692,1.0,318.0,331.0,33.0,False,,ELIGIBLE_NOT_PICKED
WAY,24.24,4647981603.84,True,Healthcare,0.03683215426304738,0.33719328,-0.2074069175084247,-0.060997596153846145,4.0,251.0,331.0,33.0,False,,ELIGIBLE_NOT_PICKED
WBD,28.12,70600977189.68001,True,Communication Services,0.012252271974310168,0.10743613,0.14818327386030955,0.02403846153846151,0.0,35.0,331.0,33.0,False,,ELIGIBLE_NOT_PICKED
WBI,32.75,4043190844.75,True,Energy,0.03282802670342606,0.26380518,-0.3359291213367804,-0.19681490384615385,3.0,324.0,331.0,33.0,False,,ELIGIBLE_NOT_PICKED
WBTN,10.23,1388324246.1000001,False,,,,,,,,,,,,INELIGIBLE_TODAY
WCC,360.17,17552112025.18,True,Industrials,0.030632747018098115,0.3288231,0.06957528008776806,0.26111778846153844,3.0,48.0,331.0,33.0,False,,ELIGIBLE_NOT_PICKED
WCN,163.16,41124401641.12,True,Industrials,0.013877365220941218,0.096700355,0.1624587655485507,0.018930288461538436,0.0,39.0,331.0,33.0,False,,ELIGIBLE_NOT_PICKED
WD,41.92,1438935230.4,False,,,,,,,,,,,,INELIGIBLE_TODAY
WDAY,186.28,44893480000.0,True,Technology,0.04387443202094417,0.37489352,0.03606289161952383,0.2650240384615385,4.0,43.0,331.0,33.0,False,,ELIGIBLE_NOT_PICKED
WDC,477.3,172086192571.2,True,Technology,0.06300362480815842,0.37508705,-0.0033662952778310117,0.19350961538461542,4.0,64.0,331.0,33.0,False,,ELIGIBLE_NOT_PICKED
WDFC,201.73,2707437696.08,True,Basic Materials,0.02459407087473729,0.22980982,-0.006776249566192247,-0.04507211538461539,2.0,237.0,331.0,33.0,False,,ELIGIBLE_NOT_PICKED
WEC,107.06,34885434943.98,True,Utilities,0.011050104987065303,0.09321637,-0.04619809202234192,-0.2997295673076923,0.0,259.0,331.0,33.0,False,,ELIGIBLE_NOT_PICKED
WELL,237.25,170996739624.75,True,Real Estate,0.014654351076728047,0.088217065,-0.007705429791384678,-0.24579326923076922,0.0,222.0,331.0,33.0,False,,ELIGIBLE_NOT_PICKED
WEN,7.61,1450998167.3,False,,,,,,,,,,,,INELIGIBLE_TODAY
WERN,39.82,2388290351.92,True,Industrials,0.02414818982645668,0.2954273,0.0283178483158779,0.13551682692307693,2.0,97.0,331.0,33.0,False,,ELIGIBLE_NOT_PICKED
WES,49.43,20423220131.99,True,Energy,0.012459938042181783,0.05140817,0.009133615638220028,-0.24639423076923078,0.0,223.0,331.0,33.0,False,,ELIGIBLE_NOT_PICKED
WEX,187.34,6384849004.74,True,Technology,0.024476708396601383,0.21282588,-0.0407066404966372,-0.1310096153846154,2.0,280.0,331.0,33.0,False,,ELIGIBLE_NOT_PICKED
WFC,87.96,265990981594.55997,True,Financial Services,0.014836974664448383,0.13067326,0.030920230380234552,-0.11748798076923078,0.0,135.0,331.0,33.0,False,,ELIGIBLE_NOT_PICKED
WFRD,93.7,6716926009.1,True,Energy,0.026334821612289436,0.32335407,0.11198801597548819,0.30949519230769235,2.0,12.0,331.0,33.0,True,0.005180637804962738,PICK
WGO,29.73,840434188.89,False,,,,,,,,,,,,INELIGIBLE_TODAY
WGS,85.87,2560861595.67,True,Healthcare,0.04155689868897437,0.36027318,-0.06784013165119177,0.07241586538461536,4.0,131.0,331.0,33.0,False,,ELIGIBLE_NOT_PICKED
WH,69.87,5185131094.14,True,Consumer Cyclical,0.019766652747527425,0.16446503,0.03983755794188911,-0.061899038461538464,1.0,212.0,331.0,33.0,False,,ELIGIBLE_NOT_PICKED
WHD,69.52,5574073069.84,True,Energy,0.03454558575562154,0.2556405,0.0006326230274393089,0.018028846153846118,3.0,211.0,331.0,33.0,False,,ELIGIBLE_NOT_PICKED
WHR,37.61,2452148606.58,True,Consumer Cyclical,0.035080104976587416,0.32986704,-0.20562863329716619,-0.07391826923076925,3.0,281.0,331.0,33.0,False,,ELIGIBLE_NOT_PICKED
WING,109.45,2981696659.7000003,True,Consumer Cyclical,0.03788655377842408,0.27680242,-0.04348984173333062,-0.01652644230769229,4.0,215.0,331.0,33.0,False,,ELIGIBLE_NOT_PICKED
WK,73.71,4011039330.4799995,True,Technology,0.031469560267348796,0.3521803,0.027383290582639417,0.22415865384615385,3.0,63.0,331.0,33.0,False,,ELIGIBLE_NOT_PICKED
WKC,35.38,1809744315.6000001,False,,,,,,,,,,,,INELIGIBLE_TODAY
WKHS,3.1,33878613.5,False,,,,,,,,,,,,INELIGIBLE_TODAY
WLK,74.75,9552791963.0,True,Basic Materials,0.026006083766139942,0.28935486,-0.017899594599063658,0.04116586538461539,2.0,172.0,331.0,33.0,False,,ELIGIBLE_NOT_PICKED
WLTH,9.63,1438348510.0800002,False,,,,,,,,,,,,INELIGIBLE_TODAY
WLY,48.68,2467293712.4,True,Consumer Cyclical,0.025669473417908265,0.29197425,-0.07099635979883222,-0.03695913461538458,2.0,235.0,331.0,33.0,False,,ELIGIBLE_NOT_PICKED
WM,217.78,87049972771.52,True,Industrials,0.013764904485651644,0.12899579,0.1615130826038864,0.05769230769230771,0.0,25.0,331.0,33.0,True,0.009911523365366647,PICK
WMB,75.83,92752789401.76,True,Energy,0.01728399701227423,0.11190515,0.0785548454134987,-0.049278846153846145,1.0,200.0,331.0,33.0,False,,ELIGIBLE_NOT_PICKED
WMG,28.03,14662766825.07,True,Communication Services,0.02355674571418842,0.19579366,-0.11353306697962912,-0.25150240384615385,2.0,320.0,331.0,33.0,False,,ELIGIBLE_NOT_PICKED
WMK,70.87,1753649589.39,False,,,,,,,,,,,,INELIGIBLE_TODAY
WMS,133.67,10079432065.14,True,Basic Materials,0.025482495298742185,0.25370762,0.013280841925255034,0.032752403846153855,2.0,181.0,331.0,33.0,False,,ELIGIBLE_NOT_PICKED
WMT,106.05,841373788858.0499,True,Consumer Defensive,0.018177245883855057,0.20856932,0.047089337896457965,0.01652644230769232,1.0,151.0,331.0,33.0,False,,ELIGIBLE_NOT_PICKED
WOLF,28.88,1530507036.48,False,,,,,,,,,,,,INELIGIBLE_TODAY
WOOF,2.6,842946358.8000001,False,,,,,,,,,,,,INELIGIBLE_TODAY
WOR,62.41,3053996902.56,True,Industrials,0.019242176992898475,0.2085888,0.07500596024274218,0.06430288461538464,1.0,105.0,331.0,33.0,False,,ELIGIBLE_NOT_PICKED
WPC,70.56,16074758982.24,True,Real Estate,0.012633675822194674,0.07570836,0.005689875482276428,-0.23707932692307693,0.0,213.0,331.0,33.0,False,,ELIGIBLE_NOT_PICKED
WRB,69.77,25900544698.329998,True,Financial Services,0.013318732824459617,0.11014101,0.00653035683818413,-0.18780048076923078,0.0,183.0,331.0,33.0,False,,ELIGIBLE_NOT_PICKED
WRBY,24.76,3060535417.04,True,Healthcare,0.03649980597655865,0.34719914,-0.048848092302847416,0.08293269230769229,3.0,160.0,331.0,33.0,False,,ELIGIBLE_NOT_PICKED
WS,35.59,1813244516.14,False,,,,,,,,,,,,INELIGIBLE_TODAY
WSBC,40.52,3886106622.28,True,Financial Services,0.014140148558714736,0.097885445,-0.04325721808540585,-0.28695913461538464,0.0,252.0,331.0,33.0,False,,ELIGIBLE_NOT_PICKED
WSC,19.87,3600264335.46,True,Industrials,0.027298871566942953,0.28937888,0.022845293529656235,0.11598557692307687,3.0,131.0,331.0,33.0,False,,ELIGIBLE_NOT_PICKED
WSFS,79.26,4049441352.3,True,Financial Services,0.011150978133560077,0.09097888,0.0466053231239586,-0.13521634615384615,0.0,154.0,331.0,33.0,False,,ELIGIBLE_NOT_PICKED
WSM,227.83,26833628984.59,True,Consumer Cyclical,0.01851717703802105,0.16414128,0.07564337350616303,0.005709134615384581,1.0,157.0,331.0,33.0,False,,ELIGIBLE_NOT_PICKED
WSO,316.02,13036518347.88,True,Industrials,0.025904542926153153,0.2355219,-0.18239041686794077,-0.22235576923076925,2.0,312.0,331.0,33.0,False,,ELIGIBLE_NOT_PICKED
WST,337.75,23769413615.5,True,Healthcare,0.015184603640524274,0.12589641,0.21720163282502922,0.08022836538461539,0.0,15.0,331.0,33.0,True,0.00898483593391088,PICK
WT,24.42,3699925750.6200004,True,Financial Services,0.02709488467990799,0.22724846,-0.03323548605098248,-0.08864182692307693,3.0,289.0,331.0,33.0,False,,ELIGIBLE_NOT_PICKED
WTFC,152.38,10280464051.46,True,Financial Services,0.01237373640702474,0.1184379,-0.06386820068290851,-0.2911658653846154,0.0,255.0,331.0,33.0,False,,ELIGIBLE_NOT_PICKED
WTI,3.96,597734089.92,False,,,,,,,,,,,,INELIGIBLE_TODAY
WTM,2052.48,4898697118.08,True,Financial Services,0.01263391805477321,0.1369961,-0.008613251643854082,-0.18930288461538464,0.0,184.0,331.0,33.0,False,,ELIGIBLE_NOT_PICKED
WTRG,41.94,11901674693.699999,True,Utilities,0.013526835204533141,0.059107777,0.014497830296244376,-0.23347355769230768,0.0,212.0,331.0,33.0,False,,ELIGIBLE_NOT_PICKED
WTS,360.98,12050613389.0,True,Industrials,0.02324934378009754,0.1758728,0.03075591099738833,-0.06700721153846151,2.0,249.0,331.0,33.0,False,,ELIGIBLE_NOT_PICKED
WTTR,20.8,2880401326.4,True,Basic Materials,0.03764683029971771,0.3596269,0.02863045307830374,0.23467548076923078,4.0,48.0,331.0,33.0,False,,ELIGIBLE_NOT_PICKED
WTW,325.34,30214955983.579998,True,Financial Services,0.019220557025091185,0.19510755,0.06876927152975804,0.028846153846153855,1.0,140.0,331.0,33.0,False,,ELIGIBLE_NOT_PICKED
WU,7.0,2183152867.0,False,,,,,,,,,,,,INELIGIBLE_TODAY
WULF,17.86,8911580571.22,True,Financial Services,0.05770637394947441,0.3941264,-0.2054952767959652,0.006310096153846145,4.0,184.0,331.0,33.0,False,,ELIGIBLE_NOT_PICKED
WVE,4.91,967506539.25,False,,,,,,,,,,,,INELIGIBLE_TODAY
WWD,339.27,20032475351.399998,True,Industrials,0.02276323380958603,0.2678385,-0.01856444819472129,0.009014423076923073,2.0,201.0,331.0,33.0,False,,ELIGIBLE_NOT_PICKED
WWW,20.05,1645430096.95,False,,,,,,,,,,,,INELIGIBLE_TODAY
WY,22.69,16353499840.0,True,Real Estate,0.01901807181585576,0.20604885,-0.03844183400286201,-0.14032451923076922,1.0,260.0,331.0,33.0,False,,ELIGIBLE_NOT_PICKED
WYNN,92.22,9496252228.02,True,Consumer Cyclical,0.016122228867497156,0.19000885,-0.017084223866862164,-0.13341346153846154,1.0,257.0,331.0,33.0,False,,ELIGIBLE_NOT_PICKED
XE,19.15,5504834756.099999,True,Industrials,0.0599343150389652,0.372872,-0.008710279153272948,0.17638221153846154,4.0,72.0,331.0,33.0,False,,ELIGIBLE_NOT_PICKED
XEL,76.88,48021885445.28,True,Utilities,0.011591346419983476,0.1076715,-0.0784568341917568,-0.31881009615384615,0.0,270.0,331.0,33.0,False,,ELIGIBLE_NOT_PICKED
XENE,59.55,5766847725.599999,True,Healthcare,0.024252901927616657,0.42139122,-0.14775422182413506,0.04507211538461542,2.0,165.0,331.0,33.0,False,,ELIGIBLE_NOT_PICKED
XHR,17.7,1632751279.5,False,,,,,,,,,,,,INELIGIBLE_TODAY
XIFR,12.25,1154841738.75,False,,,,,,,,,,,,INELIGIBLE_TODAY
XMTR,92.45,5299564323.85,True,Industrials,0.034419771340271126,0.3513499,-0.045703314370486324,0.09405048076923075,3.0,148.0,331.0,33.0,False,,ELIGIBLE_NOT_PICKED
XNCR,25.33,1883371546.01,False,,,,,,,,,,,,INELIGIBLE_TODAY
XNDU,9.59,2917508390.16,False,,,,,,,,,,,,INELIGIBLE_TODAY
XOM,160.66,660619775493.6,True,Energy,0.016170972742916036,0.2373399,0.1862211597627772,0.23227163461538464,1.0,13.0,331.0,33.0,True,0.00843679440937419,PICK
XPEL,49.92,1376331740.16,False,,,,,,,,,,,,INELIGIBLE_TODAY
XPO,190.06,22253453537.9,True,Industrials,0.02218243430657133,0.23699065,0.12285733885243248,0.18329326923076922,2.0,66.0,331.0,33.0,False,,ELIGIBLE_NOT_PICKED
XPRO,18.1,2052454622.3000002,True,Energy,0.02938434810466504,0.32276094,0.14748895244756846,0.34314903846153844,3.0,14.0,331.0,33.0,True,0.004642987890887282,PICK
XRAY,10.99,2190899097.2400002,True,Healthcare,0.03068104889175628,0.28124198,0.02791073654842093,0.11598557692307693,3.0,130.0,331.0,33.0,False,,ELIGIBLE_NOT_PICKED
XRX,3.2,420206435.20000005,False,,,,,,,,,,,,INELIGIBLE_TODAY
XXI,5.86,3295501220.92,False,,,,,,,,,,,,INELIGIBLE_TODAY
XYL,108.81,25405700013.72,True,Industrials,0.017601262898390185,0.22287148,0.01393948592557636,-0.02448918269230771,1.0,181.0,331.0,33.0,False,,ELIGIBLE_NOT_PICKED
XYZ,80.1,48123679500.0,True,Technology,0.026082339345905467,0.3729272,0.05956735905145435,0.3088942307692308,2.0,13.0,331.0,33.0,True,0.005230787416044953,PICK
XZO,16.13,1453085857.34,False,,,,,,,,,,,,INELIGIBLE_TODAY
YELP,20.96,1137365496.16,False,,,,,,,,,,,,INELIGIBLE_TODAY
YETI,40.74,2973563549.04,True,Consumer Cyclical,0.024247836421229012,0.2855291,0.16056443939165627,0.30318509615384615,2.0,16.0,331.0,33.0,True,0.00562652972667412,PICK
YEXT,6.38,631484131.52,False,,,,,,,,,,,,INELIGIBLE_TODAY
YOU,43.6,5898560375.2,True,Technology,0.027787667365479236,0.24462117,-0.04879801798540405,-0.08623798076923078,3.0,288.0,331.0,33.0,False,,ELIGIBLE_NOT_PICKED
YSS,8.93,1226603412.6499999,False,,,,,,,,,,,,INELIGIBLE_TODAY
YUM,149.51,40801441218.35,True,Consumer Cyclical,0.01790825866510301,0.14017318,0.039042045009342025,-0.09705528846153846,1.0,234.0,331.0,33.0,False,,ELIGIBLE_NOT_PICKED
YUMC,43.34,14842135614.240002,True,Consumer Cyclical,0.016402754285366323,0.20479503,0.04712912713419945,0.009615384615384637,1.0,155.0,331.0,33.0,False,,ELIGIBLE_NOT_PICKED
ZBH,94.22,17971305057.579998,True,Healthcare,0.020589855538870373,0.22588079,0.10213490782434322,0.13822115384615383,1.0,45.0,331.0,33.0,False,,ELIGIBLE_NOT_PICKED
ZBIO,33.05,2154090695.1499996,True,Healthcare,0.04190061302106065,0.38417798,-0.2276557457877582,-0.006911057692307709,4.0,204.0,331.0,33.0,False,,ELIGIBLE_NOT_PICKED
ZBRA,352.54,16678900076.400002,True,Technology,0.040382362759781056,0.28238085,0.1601679164053019,0.2995793269230769,4.0,33.0,331.0,33.0,True,0.0033784841477243997,PICK
ZD,55.73,1910826101.84,False,,,,,,,,,,,,INELIGIBLE_TODAY
ZETA,30.79,7728708897.95,True,Technology,0.039500101718711954,0.3406248,0.08005797673806749,0.3046875,4.0,30.0,331.0,33.0,True,0.003453944837993832,PICK
ZG,33.03,7427619730.62,True,Communication Services,0.03418086803666315,0.38299558,0.06006776328699945,0.3200120192307692,3.0,22.0,331.0,33.0,True,0.003991448440842327,PICK
ZION,68.37,9978830881.35,True,Financial Services,0.01407561106736731,0.15156096,0.01998141292738401,-0.11778846153846156,0.0,136.0,331.0,33.0,False,,ELIGIBLE_NOT_PICKED
ZIP,4.05,333015960.15,False,,,,,,,,,,,,INELIGIBLE_TODAY
ZM,96.44,28139621088.84,True,Technology,0.02811141078634101,0.34195948,-0.03361741431743238,0.10306490384615385,3.0,138.0,331.0,33.0,False,,ELIGIBLE_NOT_PICKED
ZNTL,4.03,288837813.42,False,,,,,,,,,,,,INELIGIBLE_TODAY
ZS,161.94,26405077794.12,True,Technology,0.03393617846979845,0.30147853,-0.15514275588344079,-0.09915865384615383,3.0,295.0,331.0,33.0,False,,ELIGIBLE_NOT_PICKED
ZTS,73.56,30396728163.120003,True,Healthcare,0.02098480858842689,0.2610621,0.021150903499862046,0.06670673076923078,1.0,101.0,331.0,33.0,False,,ELIGIBLE_NOT_PICKED
ZWS,47.33,7850347711.009999,True,Industrials,0.016993539315710647,0.13968034,0.10287733712062759,0.009915865384615363,1.0,154.0,331.0,33.0,False,,ELIGIBLE_NOT_PICKED
ZYME,28.11,1994664264.51,False,,,,,,,,,,,,INELIGIBLE_TODAY
