ticker,close,market_cap,eligible_today,sector,volatility_60,q75_score,composite_score,blend_score,vol_quintile,rank_in_quintile,n_in_quintile,quintile_cutoff_rank,is_pick,weight,status
A,146.85,4.1401254e+10,True,Healthcare,0.018051017777612203,0.16467428,-0.020921362190916067,-0.171875,1.0,273.0,331.0,33.0,False,,ELIGIBLE_NOT_PICKED
AA,51.74,1.3654674e+10,True,Basic Materials,0.031669636795901276,0.3647835,-0.05609294781810354,0.09525240384615385,3.0,146.0,331.0,33.0,False,,ELIGIBLE_NOT_PICKED
AADX,12.39,2.1359557e+09,True,Industrials,0.0522194916853853,0.34455666,-0.03368593449342183,0.10606971153846151,4.0,114.0,331.0,33.0,False,,ELIGIBLE_NOT_PICKED
AAL,12.91,8.546032e+09,True,Industrials,0.029540799378953816,0.25582668,0.1216465746377801,0.21694711538461536,3.0,70.0,331.0,33.0,False,,ELIGIBLE_NOT_PICKED
AAMI,92.15,3.2704154e+09,True,Financial Services,0.025093955474968146,0.15014721,0.06773869618373915,-0.03155048076923078,2.0,233.0,331.0,33.0,False,,ELIGIBLE_NOT_PICKED
AAOI,111.55,9.433698e+09,True,Technology,0.08418679157805235,0.38021377,-0.2160859976961732,-0.0090144230769231,4.0,207.0,331.0,33.0,False,,ELIGIBLE_NOT_PICKED
AAON,79.4,6.546819e+09,True,Basic Materials,0.033994148943177135,0.27766427,-0.18842239505187805,-0.1475360576923077,3.0,305.0,331.0,33.0,False,,ELIGIBLE_NOT_PICKED
AAP,42.56,2.570624e+09,True,Consumer Cyclical,0.04523530703673314,0.306858,-0.19345882141283244,-0.10787259615384615,4.0,278.0,331.0,33.0,False,,ELIGIBLE_NOT_PICKED
AAPL,316.22,4.6149717e+12,True,Technology,0.019987895054847424,0.14649488,0.11113290501152459,0.02824519230769232,1.0,142.0,331.0,33.0,False,,ELIGIBLE_NOT_PICKED
AAT,21.83,1.340454e+09,False,,,,,,,,,,,,INELIGIBLE_TODAY
AB,36.72,3.417722e+09,True,Financial Services,0.009278504875089744,0.04314614,0.2522143465600717,0.002103365384615391,0.0,56.0,331.0,33.0,False,,ELIGIBLE_NOT_PICKED
ABBV,248.78,4.3962345e+11,True,Healthcare,0.018757720829042573,0.12616314,0.16936390755584496,0.060096153846153855,1.0,111.0,331.0,33.0,False,,ELIGIBLE_NOT_PICKED
ABCB,84.99,5.7034445e+09,True,Financial Services,0.011977925467621761,0.108275,-0.06185672316903864,-0.29837740384615385,0.0,257.0,331.0,33.0,False,,ELIGIBLE_NOT_PICKED
ABCL,11.44,3.5076352e+09,True,Healthcare,0.06969086343195352,0.40808037,-0.04353807112931823,0.1505408653846154,4.0,84.0,331.0,33.0,False,,ELIGIBLE_NOT_PICKED
ABG,212.91,3.8221427e+09,True,Consumer Cyclical,0.02337778814010625,0.2515314,0.009386819831063887,0.02163461538461542,2.0,192.0,331.0,33.0,False,,ELIGIBLE_NOT_PICKED
ABM,50.6,2.9641948e+09,True,Industrials,0.01649178935834167,0.20357504,0.10708856168367911,0.09915865384615385,1.0,72.0,331.0,33.0,False,,ELIGIBLE_NOT_PICKED
ABNB,174.54,1.0451205e+11,True,Industrials,0.0305344612807616,0.30251172,0.15024797407775686,0.3161057692307692,3.0,25.0,331.0,33.0,True,0.004468104780926187,PICK
ABR,5.01,9.346558e+08,False,,,,,,,,,,,,INELIGIBLE_TODAY
ABSI,8.91,1.5290808e+09,False,,,,,,,,,,,,INELIGIBLE_TODAY
ABT,105.52,1.8259005e+11,True,Healthcare,0.0209633132028587,0.20292571,-0.02832161330427421,-0.13131009615384615,1.0,256.0,331.0,33.0,False,,ELIGIBLE_NOT_PICKED
ACA,145.65,7.1524065e+09,True,Industrials,0.010372020421280851,0.021788716,0.1643647011245252,-0.02824519230769232,0.0,75.0,331.0,33.0,False,,ELIGIBLE_NOT_PICKED
ACAD,27.58,4.7521864e+09,True,Healthcare,0.02290046805291625,0.24115929,-0.08623630137768487,-0.1361177884615385,2.0,282.0,331.0,33.0,False,,ELIGIBLE_NOT_PICKED
ACDC,5.42,9.8710534e+08,False,,,,,,,,,,,,INELIGIBLE_TODAY
ACGL,95.71,3.265904e+10,True,Financial Services,0.014678415142588113,0.14778966,0.01196622689993494,-0.13912259615384615,0.0,157.0,331.0,33.0,False,,ELIGIBLE_NOT_PICKED
ACH,1.1,8.4595176e+07,False,,,,,,,,,,,,INELIGIBLE_TODAY
ACHC,27.5,2.5602575e+09,True,Healthcare,0.039656537165815894,0.353264,-0.012959831149960958,0.14843749999999997,4.0,86.0,331.0,33.0,False,,ELIGIBLE_NOT_PICKED
ACHR,5.83,4.4892385e+09,False,,,,,,,,,,,,INELIGIBLE_TODAY
ACI,12.14,5.891854e+09,True,Consumer Defensive,0.035734513716368856,0.2815129,0.0540922848122376,0.16826923076923078,3.0,97.0,331.0,33.0,False,,ELIGIBLE_NOT_PICKED
ACIW,51.98,5.2476534e+09,True,Technology,0.022498074546096477,0.2476588,0.039776065510476154,0.07572115384615385,2.0,142.0,331.0,33.0,False,,ELIGIBLE_NOT_PICKED
ACLS,119.17,3.680147e+09,True,Technology,0.051578526559371556,0.3547018,-0.06892954468807648,0.06400240384615383,4.0,141.0,331.0,33.0,False,,ELIGIBLE_NOT_PICKED
ACM,66.04,8.499112e+09,True,Industrials,0.026483504668142283,0.31538445,-0.09496079965720253,-0.02944711538461539,2.0,228.0,331.0,33.0,False,,ELIGIBLE_NOT_PICKED
ACMR,76.91,5.3567196e+09,True,Technology,0.06574738669226447,0.38165224,-0.22912833803771968,-0.009615384615384609,4.0,208.0,331.0,33.0,False,,ELIGIBLE_NOT_PICKED
ACN,179.03,1.19558185e+11,True,Technology,0.03797840105875927,0.32143247,-0.01964817421644009,0.0832331730769231,4.0,126.0,331.0,33.0,False,,ELIGIBLE_NOT_PICKED
ACT,49.3,6.777945e+09,True,Financial Services,0.010789478726119819,0.038645178,0.08546419125753152,-0.10456730769230765,0.0,125.0,331.0,33.0,False,,ELIGIBLE_NOT_PICKED
ACTG,4.56,4.4499584e+08,False,,,,,,,,,,,,INELIGIBLE_TODAY
ACVA,7.03,1.1937501e+09,False,,,,,,,,,,,,INELIGIBLE_TODAY
AD,38.46,3.32679e+09,True,Communication Services,0.014478200894617814,0.106534384,-0.14296642787210478,-0.3810096153846154,0.0,307.0,331.0,33.0,False,,ELIGIBLE_NOT_PICKED
ADBE,257.26,1.0226085e+11,True,Technology,0.031568843411108306,0.37190863,0.08685327135189531,0.35456730769230765,3.0,9.0,331.0,33.0,True,0.0043217032266557355,PICK
ADC,72.78,9.052326e+09,True,Real Estate,0.010731161713549547,0.06421281,-0.07525730645694967,-0.37049278846153844,0.0,304.0,331.0,33.0,False,,ELIGIBLE_NOT_PICKED
ADCT,1.3,1.65968e+08,False,,,,,,,,,,,,INELIGIBLE_TODAY
ADEA,27.2,2.99962e+09,True,Technology,0.03888660770163613,0.3943501,0.012584308511626816,0.234375,4.0,49.0,331.0,33.0,False,,ELIGIBLE_NOT_PICKED
ADI,363.2,1.7599418e+11,True,Technology,0.024748965680150285,0.2183676,0.05034939889811501,0.0441706730769231,2.0,166.0,331.0,33.0,False,,ELIGIBLE_NOT_PICKED
ADIG,20.89,1.5860356e+09,False,,,,,,,,,,,,INELIGIBLE_TODAY
ADM,84.5,4.0725586e+10,True,Consumer Defensive,0.01734863004032372,0.2452315,0.121703682255701,0.19561298076923078,1.0,22.0,331.0,33.0,True,0.007864089101817672,PICK
ADMA,9.54,2.1368138e+09,False,,,,,,,,,,,,INELIGIBLE_TODAY
ADNT,18.78,1.4478803e+09,False,,,,,,,,,,,,INELIGIBLE_TODAY
ADP,267.96,1.0645053e+11,True,Industrials,0.01930420747225088,0.14606194,-0.044575316234773704,-0.234375,1.0,294.0,331.0,33.0,False,,ELIGIBLE_NOT_PICKED
ADPT,24.34,3.8845627e+09,True,Healthcare,0.0362703681486087,0.26163644,-0.06663427001912334,-0.07752403846153849,3.0,284.0,331.0,33.0,False,,ELIGIBLE_NOT_PICKED
ADSK,212.21,4.435189e+10,True,Technology,0.028882343558707658,0.3390306,-0.07713509849124685,0.033653846153846145,3.0,193.0,331.0,33.0,False,,ELIGIBLE_NOT_PICKED
ADT,7.22,5.274638e+09,False,,,,,,,,,,,,INELIGIBLE_TODAY
ADTN,7.58,6.1762906e+08,False,,,,,,,,,,,,INELIGIBLE_TODAY
ADUS,119.32,2.2282176e+09,True,Healthcare,0.015073833333022202,0.20000254,0.048880268626891224,0.007211538461538464,0.0,50.0,331.0,33.0,False,,ELIGIBLE_NOT_PICKED
ADV,30.88,3.9595046e+08,False,,,,,,,,,,,,INELIGIBLE_TODAY
AEE,106.73,2.9547481e+10,True,Utilities,0.01210985600796899,0.10483983,-0.08251463780712857,-0.328125,0.0,278.0,331.0,33.0,False,,ELIGIBLE_NOT_PICKED
AEHR,90.79,2.9616108e+09,True,Technology,0.09361146727803957,0.35139364,-0.0996261477404699,0.02824519230769229,4.0,163.0,331.0,33.0,False,,ELIGIBLE_NOT_PICKED
AEIS,288.72,1.1563363e+10,True,Industrials,0.04971434706526599,0.33223337,-0.09052025714664963,0.008112980769230782,4.0,183.0,331.0,33.0,False,,ELIGIBLE_NOT_PICKED
AEO,17.22,2.8856128e+09,True,Consumer Cyclical,0.02918107669953131,0.30850714,0.07037537476805428,0.23106971153846156,3.0,60.0,331.0,33.0,False,,ELIGIBLE_NOT_PICKED
AEP,125.42,6.8278317e+10,True,Utilities,0.012210673437787648,0.102613464,-0.026496242575699238,-0.2512019230769231,0.0,227.0,331.0,33.0,False,,ELIGIBLE_NOT_PICKED
AES,14.83,1.0580295e+10,True,Utilities,0.002520533787637981,0.026385836,0.04471373245435327,-0.1787860576923077,0.0,179.0,331.0,33.0,False,,ELIGIBLE_NOT_PICKED
AESI,13.99,1.7487983e+09,False,,,,,,,,,,,,INELIGIBLE_TODAY
AEVA,16.25,1.1327186e+09,False,,,,,,,,,,,,INELIGIBLE_TODAY
AFG,140.88,1.1681976e+10,True,Financial Services,0.011592708621371548,0.13517721,-0.013102563726736707,-0.19651442307692307,0.0,193.0,331.0,33.0,False,,ELIGIBLE_NOT_PICKED
AFL,115.16,5.7734693e+10,True,Financial Services,0.011983360572002198,0.10881758,0.05414450231893301,-0.09314903846153846,0.0,117.0,331.0,33.0,False,,ELIGIBLE_NOT_PICKED
AFRM,72.08,2.4321325e+10,True,Financial Services,0.033863804230159576,0.34860426,-0.27275412298294516,-0.05769230769230768,3.0,272.0,331.0,33.0,False,,ELIGIBLE_NOT_PICKED
AGCO,127.31,8.91574e+09,True,Industrials,0.026721086428602835,0.32048833,0.05335293970305082,0.22055288461538464,2.0,43.0,331.0,33.0,False,,ELIGIBLE_NOT_PICKED
AGIO,33.55,2.0029981e+09,True,Healthcare,0.036577727081450254,0.41281578,-0.1329761108703956,0.05168269230769232,3.0,180.0,331.0,33.0,False,,ELIGIBLE_NOT_PICKED
AGL,91.37,1.5342129e+09,False,,,,,,,,,,,,INELIGIBLE_TODAY
AGM,226.09,2.4538022e+09,True,Financial Services,0.015594118286806076,0.13239294,-0.032466248199751,-0.22686298076923075,1.0,292.0,331.0,33.0,False,,ELIGIBLE_NOT_PICKED
AGNC,10.68,1.2660942e+10,True,Real Estate,0.0128945976699547,0.05554485,-0.15011582655768915,-0.4417067307692307,0.0,328.0,331.0,33.0,False,,ELIGIBLE_NOT_PICKED
AGNT,3.98,6.651294e+08,False,,,,,,,,,,,,INELIGIBLE_TODAY
AGO,73.0,3.2104822e+09,True,Financial Services,0.016535222246731866,0.17635308,-0.09831155399413154,-0.2626201923076923,1.0,306.0,331.0,33.0,False,,ELIGIBLE_NOT_PICKED
AGX,436.78,6.1279544e+09,True,Industrials,0.048992288047566904,0.32045284,-0.1375595362883711,-0.06009615384615383,4.0,249.0,331.0,33.0,False,,ELIGIBLE_NOT_PICKED
AGYS,108.025,3.0469302e+09,True,Technology,0.03195264221046917,0.3815779,-0.01525895338803019,0.1784855769230769,3.0,88.0,331.0,33.0,False,,ELIGIBLE_NOT_PICKED
AHCO,6.19,8.4397056e+08,False,,,,,,,,,,,,INELIGIBLE_TODAY
AHR,54.6,1.1902733e+10,True,Real Estate,0.017152183891653648,0.1257522,-0.10781115307643609,-0.33203125,1.0,325.0,331.0,33.0,False,,ELIGIBLE_NOT_PICKED
AI,10.51,1.6337719e+09,False,,,,,,,,,,,,INELIGIBLE_TODAY
AIG,74.68,3.9049662e+10,True,Financial Services,0.013538638459096917,0.118299924,0.05646786597246457,-0.08052884615384615,0.0,110.0,331.0,33.0,False,,ELIGIBLE_NOT_PICKED
AIN,62.34,1.770456e+09,False,,,,,,,,,,,,INELIGIBLE_TODAY
AIP,22.72,1.1167357e+09,False,,,,,,,,,,,,INELIGIBLE_TODAY
AIR,130.73,5.215143e+09,True,Industrials,0.029592322480280632,0.3408883,-0.05532864140134089,0.06490384615384615,3.0,172.0,331.0,33.0,False,,ELIGIBLE_NOT_PICKED
AIRE,1.56,9.179469e+06,False,,,,,,,,,,,,INELIGIBLE_TODAY
AIT,326.66,1.1988048e+10,True,Industrials,0.0161933829165068,0.19069259,0.24771188049631565,0.16135817307692307,1.0,32.0,331.0,33.0,True,0.008425118650933937,PICK
AIV,2.48,3.5676333e+08,False,,,,,,,,,,,,INELIGIBLE_TODAY
AIZ,281.01,1.3860472e+10,True,Financial Services,0.013891691510676336,0.13178295,0.15780846835384857,0.05769230769230768,0.0,26.0,331.0,33.0,True,0.00982106263493711,PICK
AJG,251.45,6.4446636e+10,True,Financial Services,0.021790542625419004,0.1811825,-0.12193545930336591,-0.2782451923076923,2.0,326.0,331.0,33.0,False,,ELIGIBLE_NOT_PICKED
AKAM,105.61,1.5177911e+10,True,Technology,0.032138388941842254,0.34443012,-0.11324058201954632,0.004206730769230782,3.0,222.0,331.0,33.0,False,,ELIGIBLE_NOT_PICKED
AKR,20.37,2.7974676e+09,True,Real Estate,0.012921810068400116,0.08416327,-0.015538221087895623,-0.2605168269230769,0.0,232.0,331.0,33.0,False,,ELIGIBLE_NOT_PICKED
ALAB,288.85,5.0111173e+10,True,Technology,0.06662152539406406,0.23914495,-0.05868701718635015,-0.10727163461538461,4.0,276.0,331.0,33.0,False,,ELIGIBLE_NOT_PICKED
ALB,129.57,1.5289915e+10,True,Basic Materials,0.02810726995722377,0.36846116,0.006785826095357778,0.19981971153846154,3.0,75.0,331.0,33.0,False,,ELIGIBLE_NOT_PICKED
ALEC,2.47,2.7579258e+08,False,,,,,,,,,,,,INELIGIBLE_TODAY
ALG,172.53,2.0998566e+09,True,Industrials,0.016844614956360963,0.19369203,-0.04784116313052727,-0.17908653846153844,1.0,275.0,331.0,33.0,False,,ELIGIBLE_NOT_PICKED
ALGM,36.47,6.7980826e+09,True,Technology,0.05318524036964396,0.34513012,-0.011229284106234928,0.1394230769230769,4.0,91.0,331.0,33.0,False,,ELIGIBLE_NOT_PICKED
ALGN,153.49,1.0903907e+10,True,Healthcare,0.026052798257469492,0.27998614,0.03735263391568664,0.12890625,2.0,103.0,331.0,33.0,False,,ELIGIBLE_NOT_PICKED
ALGT,76.06,2.0793097e+09,True,Industrials,0.03402551155553579,0.33925396,-0.1328103871946081,-0.020132211538461564,3.0,245.0,331.0,33.0,False,,ELIGIBLE_NOT_PICKED
ALH,22.23,4.418637e+09,True,Consumer Cyclical,0.01900523452759079,0.2117116,-0.08088894218565558,-0.18990384615384617,1.0,281.0,331.0,33.0,False,,ELIGIBLE_NOT_PICKED
ALHC,13.46,2.792077e+09,True,Healthcare,0.044462610301890554,0.3282895,-0.08997209129412677,0.0006009615384615641,4.0,194.0,331.0,33.0,False,,ELIGIBLE_NOT_PICKED
ALIT,13.45,3.623308e+08,False,,,,,,,,,,,,INELIGIBLE_TODAY
ALK,40.74,4.546711e+09,True,Industrials,0.02821446934358217,0.30306962,-0.05505121224232293,-2.7755575615628914e-17,3.0,227.0,331.0,33.0,False,,ELIGIBLE_NOT_PICKED
ALKS,45.49,7.6315515e+09,True,Healthcare,0.022310154464132072,0.24410392,-0.009172557299821638,-0.02554086538461539,2.0,225.0,331.0,33.0,False,,ELIGIBLE_NOT_PICKED
ALKT,19.38,2.0725356e+09,True,Technology,0.026225273349856134,0.28366956,-0.019300840997657356,0.032752403846153855,2.0,180.0,331.0,33.0,False,,ELIGIBLE_NOT_PICKED
ALL,253.46,6.4089375e+10,True,Financial Services,0.01854645956978352,0.18293771,0.094025632709686,0.05679086538461536,1.0,115.0,331.0,33.0,False,,ELIGIBLE_NOT_PICKED
ALLE,156.05,1.326999e+10,True,Industrials,0.020711871212905197,0.1573845,0.06613201775295269,-0.024038461538461564,1.0,180.0,331.0,33.0,False,,ELIGIBLE_NOT_PICKED
ALLO,1.86,6.4261306e+08,False,,,,,,,,,,,,INELIGIBLE_TODAY
ALLY,42.28,1.2861563e+10,True,Financial Services,0.015075293685459167,0.20487753,-0.0057327712418163085,-0.09435096153846154,0.0,118.0,331.0,33.0,False,,ELIGIBLE_NOT_PICKED
ALMR,29.95,2.0783133e+09,True,Healthcare,0.05711746316036715,0.38365847,-0.1720008820173342,0.01081730769230771,4.0,179.0,331.0,33.0,False,,ELIGIBLE_NOT_PICKED
ALMS,10.58,1.3694248e+09,False,,,,,,,,,,,,INELIGIBLE_TODAY
ALNY,260.1,3.4803753e+10,True,Healthcare,0.04618556647593905,0.2757096,-0.1022287448511666,-0.09194711538461539,4.0,270.0,331.0,33.0,False,,ELIGIBLE_NOT_PICKED
ALRM,56.01,2.7495437e+09,True,Technology,0.01800092657025226,0.26122305,0.07511336839930308,0.16766826923076922,1.0,30.0,331.0,33.0,True,0.007579119435831605,PICK
ALSN,130.56,1.0781389e+10,True,Consumer Cyclical,0.022698497225492067,0.22660853,0.0410664533312758,0.04056490384615383,2.0,175.0,331.0,33.0,False,,ELIGIBLE_NOT_PICKED
ALV,120.25,8.806776e+09,True,Consumer Cyclical,0.01863529259884093,0.26135728,0.12264310031510835,0.22866586538461542,1.0,15.0,331.0,33.0,True,0.007321117804185276,PICK
ALX,261.49,1.3355053e+09,False,,,,,,,,,,,,INELIGIBLE_TODAY
ALXO,2.0,2.76554e+08,False,,,,,,,,,,,,INELIGIBLE_TODAY
AM,22.9,1.0870034e+10,True,Energy,0.014574055501980088,0.07280539,0.12654558181426012,-0.04296875,0.0,88.0,331.0,33.0,False,,ELIGIBLE_NOT_PICKED
AMAT,472.79,3.7520494e+11,True,Technology,0.0503118836248309,0.36490983,-0.06539946429797358,0.08353365384615385,4.0,125.0,331.0,33.0,False,,ELIGIBLE_NOT_PICKED
AMBA,63.48,2.8020687e+09,True,Technology,0.0594904050462494,0.3302206,-0.1139710205671596,-0.021033653846153827,4.0,219.0,331.0,33.0,False,,ELIGIBLE_NOT_PICKED
AMC,2.56,2.2850678e+09,False,,,,,,,,,,,,INELIGIBLE_TODAY
AMCR,44.34,2.0500408e+10,True,Consumer Cyclical,0.018456371787748168,0.22287968,-0.02749480198738819,-0.09044471153846154,1.0,229.0,331.0,33.0,False,,ELIGIBLE_NOT_PICKED
AMCX,12.08,4.9829965e+08,False,,,,,,,,,,,,INELIGIBLE_TODAY
AMD,505.74,8.256079e+11,True,Technology,0.04524673823101014,0.37394616,0.020058087608485695,0.23407451923076922,4.0,50.0,331.0,33.0,False,,ELIGIBLE_NOT_PICKED
AME,237.76,5.4509154e+10,True,Industrials,0.014435136462584933,0.09447997,0.11410924453080876,-0.02944711538461542,0.0,76.0,331.0,33.0,False,,ELIGIBLE_NOT_PICKED
AMG,360.22,9.315266e+09,True,Financial Services,0.019584305603002776,0.19782546,0.14110048614183782,0.12650240384615383,1.0,50.0,331.0,33.0,False,,ELIGIBLE_NOT_PICKED
AMGN,393.17,2.1256028e+11,True,Healthcare,0.020756736947675165,0.330363,0.013949429941647865,0.15835336538461536,1.0,34.0,331.0,33.0,False,,ELIGIBLE_NOT_PICKED
AMH,32.3,1.1622025e+10,True,Real Estate,0.01208804730396488,0.091669075,0.11293715994175726,-0.034855769230769246,0.0,83.0,331.0,33.0,False,,ELIGIBLE_NOT_PICKED
AMKR,50.72,1.260151e+10,True,Technology,0.06168238541475808,0.35388586,-0.02817758205764979,0.12740384615384617,4.0,104.0,331.0,33.0,False,,ELIGIBLE_NOT_PICKED
AMLX,33.88,3.7750129e+09,True,Healthcare,0.08927254110202584,0.36858705,-0.17902991355206763,-0.00871394230769229,4.0,206.0,331.0,33.0,False,,ELIGIBLE_NOT_PICKED
AMN,33.73,1.3063626e+09,False,,,,,,,,,,,,INELIGIBLE_TODAY
AMP,556.67,4.917245e+10,True,Financial Services,0.014898072011873802,0.10652051,0.04095888623228297,-0.12530048076923075,0.0,145.0,331.0,33.0,False,,ELIGIBLE_NOT_PICKED
AMPH,22.93,9.753951e+08,False,,,,,,,,,,,,INELIGIBLE_TODAY
AMPL,12.52,1.5639492e+09,False,,,,,,,,,,,,INELIGIBLE_TODAY
AMPX,10.39,1.5177777e+09,False,,,,,,,,,,,,INELIGIBLE_TODAY
AMR,223.74,2.8368095e+09,True,Basic Materials,0.03691216323006058,0.339368,0.009974153524580384,0.1670673076923077,4.0,73.0,331.0,33.0,False,,ELIGIBLE_NOT_PICKED
AMRC,23.93,1.2698744e+09,False,,,,,,,,,,,,INELIGIBLE_TODAY
AMRX,17.05,5.4449843e+09,True,Healthcare,0.02010106391088167,0.1541551,0.04886494361142667,-0.056189903846153855,1.0,205.0,331.0,33.0,False,,ELIGIBLE_NOT_PICKED
AMRZ,41.95,2.294353e+10,True,Basic Materials,0.02475221890335703,0.2587792,0.006307973822257691,0.031850961538461536,2.0,184.0,331.0,33.0,False,,ELIGIBLE_NOT_PICKED
AMSC,30.44,1.4745788e+09,False,,,,,,,,,,,,INELIGIBLE_TODAY
AMT,175.73,8.188316e+10,True,Real Estate,0.018355625577537688,0.10536951,0.09033842310211454,-0.039663461538461564,1.0,195.0,331.0,33.0,False,,ELIGIBLE_NOT_PICKED
AMTM,20.14,4.924359e+09,True,Industrials,0.028727202337728793,0.33413187,-0.11258215254843601,-0.012620192307692318,3.0,241.0,331.0,33.0,False,,ELIGIBLE_NOT_PICKED
AMWL,13.34,2.2689683e+08,False,,,,,,,,,,,,INELIGIBLE_TODAY
AMZN,256.97,2.771759e+12,True,Consumer Cyclical,0.028070636923529884,0.25479913,0.037968089241264914,0.08413461538461536,3.0,159.0,331.0,33.0,False,,ELIGIBLE_NOT_PICKED
AN,209.3,6.919627e+09,True,Consumer Cyclical,0.020758306333365263,0.19819538,0.033104309915147734,-0.029747596153846173,1.0,184.0,331.0,33.0,False,,ELIGIBLE_NOT_PICKED
ANAB,56.6,1.647111e+09,False,,,,,,,,,,,,INELIGIBLE_TODAY
ANDE,70.92,2.4095475e+09,True,Consumer Defensive,0.026154376946769822,0.39136943,0.07878499964156872,0.359375,2.0,4.0,331.0,33.0,True,0.005216380138178985,PICK
ANDG,53.85,6.0844283e+09,True,Consumer Cyclical,0.0366089887363562,0.1347921,-0.04416295476582133,-0.24579326923076925,4.0,325.0,331.0,33.0,False,,ELIGIBLE_NOT_PICKED
ANET,194.96,2.4588835e+11,True,Technology,0.036023094295880076,0.33566582,0.011991292945993486,0.16466346153846156,3.0,98.0,331.0,33.0,False,,ELIGIBLE_NOT_PICKED
ANF,151.43,6.4258376e+09,True,Consumer Cyclical,0.05486918119982511,0.26195815,0.05271897133988721,0.1328125,4.0,101.0,331.0,33.0,False,,ELIGIBLE_NOT_PICKED
ANGI,4.7,1.9061438e+08,False,,,,,,,,,,,,INELIGIBLE_TODAY
ANGX,4.86,7.80879e+08,False,,,,,,,,,,,,INELIGIBLE_TODAY
ANIP,70.23,1.6132078e+09,False,,,,,,,,,,,,INELIGIBLE_TODAY
AON,315.79,6.698709e+10,True,Financial Services,0.021543495936641763,0.2626925,0.03461346585386667,0.09465144230769235,2.0,128.0,331.0,33.0,False,,ELIGIBLE_NOT_PICKED
AORT,25.13,1.2252438e+09,False,,,,,,,,,,,,INELIGIBLE_TODAY
AOS,58.82,7.994142e+09,True,Industrials,0.019615217554986984,0.20529893,-0.022615533687923066,-0.11899038461538461,1.0,248.0,331.0,33.0,False,,ELIGIBLE_NOT_PICKED
APA,43.55,1.5257808e+10,True,Energy,0.027026008511343704,0.23140691,0.15644143603049848,0.20312500000000003,3.0,74.0,331.0,33.0,False,,ELIGIBLE_NOT_PICKED
APAM,41.06,3.3288438e+09,True,Financial Services,0.01881733627950443,0.1868789,0.020868295948167873,-0.06941105769230768,1.0,216.0,331.0,33.0,False,,ELIGIBLE_NOT_PICKED
APD,297.71,6.629571e+10,True,Basic Materials,0.01698623371499231,0.13018592,0.04616957796275753,-0.08774038461538461,1.0,226.0,331.0,33.0,False,,ELIGIBLE_NOT_PICKED
APG,40.2,1.7372844e+10,True,Industrials,0.0164733973508958,0.19207199,0.0025570296365357075,-0.09645432692307693,1.0,233.0,331.0,33.0,False,,ELIGIBLE_NOT_PICKED
APH,81.76,2.0161746e+11,True,Technology,0.02624994105153182,0.25709674,0.041064597372602527,0.09735576923076927,2.0,124.0,331.0,33.0,False,,ELIGIBLE_NOT_PICKED
APLD,28.31,8.251491e+09,True,Financial Services,0.0556679359553481,0.31322375,-0.13928556950570725,-0.07211538461538464,4.0,261.0,331.0,33.0,False,,ELIGIBLE_NOT_PICKED
APLE,15.26,3.602622e+09,True,Real Estate,0.013230881826147234,0.15289518,0.08953037405740132,0.011418269230769246,0.0,45.0,331.0,33.0,False,,ELIGIBLE_NOT_PICKED
APO,131.81,7.783949e+10,True,Financial Services,0.023062371962709226,0.23670408,-0.21830067518623336,-0.22956730769230768,2.0,313.0,331.0,33.0,False,,ELIGIBLE_NOT_PICKED
APP,312.01,1.0441446e+11,True,Technology,0.04399729436081995,0.3034102,-0.05400148699921006,0.0030048076923077094,4.0,189.0,331.0,33.0,False,,ELIGIBLE_NOT_PICKED
APPF,206.015,7.2964316e+09,True,Technology,0.031427070120660316,0.36220348,-0.004974141341180942,0.1736778846153846,3.0,92.0,331.0,33.0,False,,ELIGIBLE_NOT_PICKED
APPN,34.58,2.4768824e+09,True,Technology,0.04479892941788025,0.37287718,0.06899340795654879,0.3212139423076923,4.0,28.0,331.0,33.0,True,0.0030454114463084403,PICK
APPS,11.3,1.3674836e+09,False,,,,,,,,,,,,INELIGIBLE_TODAY
AR,39.08,1.2014716e+10,True,Energy,0.019979231811441726,0.16397564,0.046352230529432464,-0.04687499999999997,1.0,199.0,331.0,33.0,False,,ELIGIBLE_NOT_PICKED
ARCB,138.095,3.0866102e+09,True,Industrials,0.028889157730762203,0.3851087,0.04226245438505337,0.2890625,3.0,39.0,331.0,33.0,False,,ELIGIBLE_NOT_PICKED
ARCC,19.7,1.414505e+10,True,Financial Services,0.011457279203371721,0.06021263,-0.0914445841233212,-0.38912259615384615,0.0,313.0,331.0,33.0,False,,ELIGIBLE_NOT_PICKED
ARCT,15.63,4.4425258e+08,False,,,,,,,,,,,,INELIGIBLE_TODAY
ARDT,10.75,1.5162435e+09,False,,,,,,,,,,,,INELIGIBLE_TODAY
ARE,50.77,8.846549e+09,True,Real Estate,0.028260300339330795,0.22481808,-0.031065050165112722,-0.08954326923076925,3.0,290.0,331.0,33.0,False,,ELIGIBLE_NOT_PICKED
ARES,138.62,3.1045022e+10,True,Financial Services,0.025834966080227794,0.2166273,-0.04000648977316396,-0.12139423076923078,2.0,274.0,331.0,33.0,False,,ELIGIBLE_NOT_PICKED
ARHS,8.47,1.2006372e+09,False,,,,,,,,,,,,INELIGIBLE_TODAY
ARI,6.79,8.705601e+08,False,,,,,,,,,,,,INELIGIBLE_TODAY
ARLO,14.11,1.5184237e+09,False,,,,,,,,,,,,INELIGIBLE_TODAY
ARLP,26.66,3.4300436e+09,True,Basic Materials,0.013129940689941572,0.106458694,0.11962363352316895,-0.005709134615384609,0.0,62.0,331.0,33.0,False,,ELIGIBLE_NOT_PICKED
ARMK,57.58,1.517953e+10,True,Industrials,0.015302797024119928,0.20675656,0.05012875672424192,0.020733173076923073,0.0,37.0,331.0,33.0,False,,ELIGIBLE_NOT_PICKED
AROC,33.36,5.849282e+09,True,Energy,0.025289012484447447,0.24628705,0.10235661643892394,0.17698317307692307,2.0,70.0,331.0,33.0,False,,ELIGIBLE_NOT_PICKED
ARQT,24.39,3.065627e+09,True,Healthcare,0.024039480310371335,0.2999717,-0.04428623844630078,0.011718750000000028,2.0,197.0,331.0,33.0,False,,ELIGIBLE_NOT_PICKED
ARR,16.23,2.297406e+09,True,Real Estate,0.009491389979853354,0.062193546,-0.09070046254011871,-0.38731971153846156,0.0,311.0,331.0,33.0,False,,ELIGIBLE_NOT_PICKED
ARRY,4.7,7.2383616e+08,False,,,,,,,,,,,,INELIGIBLE_TODAY
ARVN,9.08,5.937066e+08,False,,,,,,,,,,,,INELIGIBLE_TODAY
ARW,217.41,1.1067348e+10,True,Technology,0.025870122868255088,0.32527682,0.014151872023318222,0.1478365384615385,2.0,90.0,331.0,33.0,False,,ELIGIBLE_NOT_PICKED
ARWR,85.11,1.2022168e+10,True,Healthcare,0.03510137973206357,0.32660386,-0.030961625143184124,0.07722355769230768,3.0,164.0,331.0,33.0,False,,ELIGIBLE_NOT_PICKED
ARX,19.84,4.3090207e+09,True,Financial Services,0.06961572528152452,0.1907972,-0.038439143295903734,-0.16286057692307693,4.0,307.0,331.0,33.0,False,,ELIGIBLE_NOT_PICKED
ARXS,53.19,2.2205463e+10,True,Industrials,0.038996057613809726,0.18231349,0.023768938675521822,-0.06700721153846154,4.0,255.0,331.0,33.0,False,,ELIGIBLE_NOT_PICKED
ASAN,8.79,2.0126473e+09,False,,,,,,,,,,,,INELIGIBLE_TODAY
ASB,30.51,5.7618033e+09,True,Financial Services,0.012747190808510148,0.09285869,-0.029412639383196,-0.27103365384615385,0.0,239.0,331.0,33.0,False,,ELIGIBLE_NOT_PICKED
ASH,72.62,3.3255145e+09,True,Basic Materials,0.020149973686558447,0.2395944,0.0723723864375843,0.12049278846153849,1.0,55.0,331.0,33.0,False,,ELIGIBLE_NOT_PICKED
ASO,44.71,2.7728415e+09,True,Consumer Cyclical,0.02433640451985043,0.26303303,0.0214308364972198,0.07211538461538464,2.0,146.0,331.0,33.0,False,,ELIGIBLE_NOT_PICKED
ASPN,4.91,4.0747494e+08,False,,,,,,,,,,,,INELIGIBLE_TODAY
ASPS,5.59,6.383895e+07,False,,,,,,,,,,,,INELIGIBLE_TODAY
ASST,27.16,2.320602e+09,True,Financial Services,0.059083553983986355,0.31376716,-0.44684737773949645,-0.12740384615384615,4.0,288.0,331.0,33.0,False,,ELIGIBLE_NOT_PICKED
ASTH,38.1,2.123586e+09,True,Healthcare,0.031968772615166875,0.3842821,-0.1518839687967898,0.023737980769230754,3.0,201.0,331.0,33.0,False,,ELIGIBLE_NOT_PICKED
ASTS,66.12,2.5731754e+10,True,Technology,0.06602225939129051,0.3017352,-0.24804326153738948,-0.1319110576923077,4.0,292.0,331.0,33.0,False,,ELIGIBLE_NOT_PICKED
ATAI,7.28,2.6998948e+09,False,,,,,,,,,,,,INELIGIBLE_TODAY
ATEC,9.19,1.4194054e+09,False,,,,,,,,,,,,INELIGIBLE_TODAY
ATEN,24.52,1.7803732e+09,False,,,,,,,,,,,,INELIGIBLE_TODAY
ATEX,85.44,1.6754601e+09,False,,,,,,,,,,,,INELIGIBLE_TODAY
ATI,207.32,2.8230844e+10,True,Industrials,0.025401094894685953,0.32089415,0.12548231502488974,0.3203125,2.0,11.0,331.0,33.0,True,0.005371074475223451,PICK
ATKR,93.87,3.1702292e+09,True,Industrials,0.0424003609597976,0.044057403,0.1489584082555363,-0.03635817307692307,4.0,232.0,331.0,33.0,False,,ELIGIBLE_NOT_PICKED
ATLC,93.81,1.4231013e+09,False,,,,,,,,,,,,INELIGIBLE_TODAY
ATMU,47.43,3.870076e+09,True,Industrials,0.02561861183896289,0.2600546,-0.11968791788241978,-0.13431490384615385,2.0,281.0,331.0,33.0,False,,ELIGIBLE_NOT_PICKED
ATO,168.07,2.8401906e+10,True,Utilities,0.010024551604426477,0.08126662,-0.07852776653315624,-0.3551682692307693,0.0,292.0,331.0,33.0,False,,ELIGIBLE_NOT_PICKED
ATR,124.34,7.905678e+09,True,Healthcare,0.01388428964007315,0.14570604,0.09655444533440864,0.010216346153846145,0.0,47.0,331.0,33.0,False,,ELIGIBLE_NOT_PICKED
ATRA,10.23,1.0268578e+08,False,,,,,,,,,,,,INELIGIBLE_TODAY
ATRC,53.73,2.733046e+09,True,Healthcare,0.030367254458272003,0.35765082,0.07327499703297197,0.3128004807692308,3.0,26.0,331.0,33.0,True,0.004492706860248038,PICK
ATRO,76.0,3.268689e+09,True,Industrials,0.04812048651581473,0.3128201,-0.06380212221479725,0.002704326923076955,4.0,191.0,331.0,33.0,False,,ELIGIBLE_NOT_PICKED
ATXG,3.605,4.2465965e+06,False,,,,,,,,,,,,INELIGIBLE_TODAY
AUB,40.22,5.7440154e+09,True,Financial Services,0.013322961785401318,0.101802856,0.01121413666676017,-0.19260817307692307,0.0,187.0,331.0,33.0,False,,ELIGIBLE_NOT_PICKED
AUPH,16.07,2.1381322e+09,True,Healthcare,0.02695477842309523,0.28299284,-0.13326159455473485,-0.10697115384615385,3.0,296.0,331.0,33.0,False,,ELIGIBLE_NOT_PICKED
AUR,6.51,1.3047051e+10,False,,,,,,,,,,,,INELIGIBLE_TODAY
AVA,37.61,3.149944e+09,True,Utilities,0.012936929292575717,0.13669688,-0.057487223509706906,-0.2644230769230769,0.0,234.0,331.0,33.0,False,,ELIGIBLE_NOT_PICKED
AVAH,13.66,2.9808812e+09,True,Healthcare,0.04001249403820736,0.30512112,-0.04121413656905096,0.0285456730769231,4.0,162.0,331.0,33.0,False,,ELIGIBLE_NOT_PICKED
AVAV,148.78,7.529463e+09,True,Industrials,0.05091685735445709,0.31507304,-0.19886371164657118,-0.09945913461538464,4.0,274.0,331.0,33.0,False,,ELIGIBLE_NOT_PICKED
AVEX,17.11,1.9512535e+09,False,,,,,,,,,,,,INELIGIBLE_TODAY
AVGO,368.56,1.7534538e+12,True,Technology,0.027501607354439996,0.24548973,0.01669269935244328,0.02734375,3.0,198.0,331.0,33.0,False,,ELIGIBLE_NOT_PICKED
AVIR,5.68,4.555627e+08,False,,,,,,,,,,,,INELIGIBLE_TODAY
AVNT,42.61,3.90817e+09,True,Basic Materials,0.02918027458605851,0.25838643,0.039954773419630225,0.09645432692307693,3.0,144.0,331.0,33.0,False,,ELIGIBLE_NOT_PICKED
AVPT,13.175,2.7873746e+09,True,Technology,0.026221547962888534,0.3145327,-0.04609604883053612,0.029146634615384637,2.0,187.0,331.0,33.0,False,,ELIGIBLE_NOT_PICKED
AVT,92.42,7.585185e+09,True,Technology,0.024655439819297107,0.36816752,-0.0073407004889162065,0.17307692307692304,2.0,73.0,331.0,33.0,False,,ELIGIBLE_NOT_PICKED
AVTR,15.25,1.0314472e+10,True,Basic Materials,0.032042566878917725,0.23931082,0.09959449135540083,0.16225961538461542,3.0,100.0,331.0,33.0,False,,ELIGIBLE_NOT_PICKED
AVXL,2.85,2.64186e+08,False,,,,,,,,,,,,INELIGIBLE_TODAY
AVY,170.7,1.2937036e+10,True,Consumer Cyclical,0.01743668315678566,0.19267243,0.09252694121834816,0.06881009615384615,1.0,97.0,331.0,33.0,False,,ELIGIBLE_NOT_PICKED
AWI,170.41,7.202008e+09,True,Basic Materials,0.019050683142140475,0.13961047,0.06035237610694921,-0.054387019230769246,1.0,203.0,331.0,33.0,False,,ELIGIBLE_NOT_PICKED
AWK,140.38,2.7897575e+10,True,Utilities,0.014738114775648304,0.081736274,-0.0029258196809212353,-0.24068509615384615,0.0,217.0,331.0,33.0,False,,ELIGIBLE_NOT_PICKED
AWR,88.68,3.5148874e+09,True,Utilities,0.011945365466161598,0.058690842,0.04571904956102765,-0.16947115384615383,0.0,172.0,331.0,33.0,False,,ELIGIBLE_NOT_PICKED
AX,96.5,5.474912e+09,True,Financial Services,0.01572643384578591,0.124801904,-0.099222331445404,-0.3233173076923077,1.0,322.0,331.0,33.0,False,,ELIGIBLE_NOT_PICKED
AXGN,46.69,2.510125e+09,True,Healthcare,0.03017041132266418,0.38862288,0.051765527337607246,0.31189903846153844,3.0,27.0,331.0,33.0,True,0.004522018973241129,PICK
AXON,505.43,4.1059828e+10,True,Industrials,0.04726311710598095,0.37374777,-0.20073210016868956,-0.011117788461538464,4.0,210.0,331.0,33.0,False,,ELIGIBLE_NOT_PICKED
AXP,326.1,2.2021854e+11,True,Financial Services,0.01531991585676505,0.16296053,0.08072232427125559,0.012319711538461564,0.0,43.0,331.0,33.0,False,,ELIGIBLE_NOT_PICKED
AXS,98.61,7.1952087e+09,True,Financial Services,0.020294460380638195,0.16214077,0.00758429109331162,-0.12740384615384615,1.0,253.0,331.0,33.0,False,,ELIGIBLE_NOT_PICKED
AXSM,207.82,1.0885782e+10,True,Healthcare,0.02328496361214968,0.23327985,0.06927689067689576,0.10216346153846156,2.0,121.0,331.0,33.0,False,,ELIGIBLE_NOT_PICKED
AXTA,35.53,7.6041303e+09,True,Basic Materials,0.0197656609626795,0.22891189,0.10742351001019577,0.15204326923076925,1.0,39.0,331.0,33.0,False,,ELIGIBLE_NOT_PICKED
AXTI,69.56,4.561273e+09,True,Technology,0.10694115419165436,0.33463645,-0.2310051215073032,-0.07121394230769232,4.0,260.0,331.0,33.0,False,,ELIGIBLE_NOT_PICKED
AYI,325.46,9.742823e+09,True,Industrials,0.031404315360749516,0.21360943,0.11499336927757114,0.12830528846153844,3.0,123.0,331.0,33.0,False,,ELIGIBLE_NOT_PICKED
AZO,2951.61,4.818608e+10,True,Consumer Cyclical,0.019215372254129483,0.18633284,0.05432809522086966,-0.002704326923076955,1.0,161.0,331.0,33.0,False,,ELIGIBLE_NOT_PICKED
AZTA,30.82,1.3501747e+09,False,,,,,,,,,,,,INELIGIBLE_TODAY
AZZ,139.47,4.191283e+09,True,Industrials,0.02031461982739049,0.24609481,0.1176591978323575,0.19350961538461536,1.0,23.0,331.0,33.0,True,0.006715910688499538,PICK
BA,210.73,1.6655468e+11,True,Industrials,0.02096584176161884,0.24694444,-0.08649346929439718,-0.12560096153846156,1.0,250.0,331.0,33.0,False,,ELIGIBLE_NOT_PICKED
BAC,62.39,4.3627758e+11,True,Financial Services,0.01143517283615002,0.08139105,0.11910709165861455,-0.03936298076923078,0.0,85.0,331.0,33.0,False,,ELIGIBLE_NOT_PICKED
BAH,72.11,8.673749e+09,True,Industrials,0.02743759644987864,0.21950941,-0.018508488494293724,-0.08503605769230771,3.0,287.0,331.0,33.0,False,,ELIGIBLE_NOT_PICKED
BALL,61.02,1.6152199e+10,True,Consumer Cyclical,0.014204804537842373,0.1605748,0.06426717315195003,-0.023137019230769218,0.0,73.0,331.0,33.0,False,,ELIGIBLE_NOT_PICKED
BALY,9.0,4.542257e+08,False,,,,,,,,,,,,INELIGIBLE_TODAY
BANC,18.62,2.9499267e+09,True,Financial Services,0.02238932274775227,0.21160233,-0.12970211757047065,-0.23798076923076922,2.0,316.0,331.0,33.0,False,,ELIGIBLE_NOT_PICKED
BAND,43.62,1.403726e+09,False,,,,,,,,,,,,INELIGIBLE_TODAY
BANF,111.29,3.7392044e+09,True,Financial Services,0.013352843758759227,0.10666874,-0.18417260005419914,-0.4050480769230769,0.0,322.0,331.0,33.0,False,,ELIGIBLE_NOT_PICKED
BANR,69.92,2.3762248e+09,True,Financial Services,0.012828484108227381,0.093213506,0.01619431088339989,-0.1935096153846154,0.0,191.0,331.0,33.0,False,,ELIGIBLE_NOT_PICKED
BATRA,55.7,3.574152e+09,True,Communication Services,0.013708260740171556,0.11226154,0.002159982632617019,-0.19170673076923078,0.0,185.0,331.0,33.0,False,,ELIGIBLE_NOT_PICKED
BAX,24.86,1.2852521e+10,True,Healthcare,0.02722941992080754,0.27138337,0.07705395029593075,0.19170673076923078,3.0,81.0,331.0,33.0,False,,ELIGIBLE_NOT_PICKED
BBIO,74.76,1.4614644e+10,True,Healthcare,0.026687119020794434,0.26650286,0.035891780305064645,0.10516826923076922,2.0,118.0,331.0,33.0,False,,ELIGIBLE_NOT_PICKED
BBT,31.44,2.6351777e+09,True,Financial Services,0.013039414871074132,0.07888257,-0.15242857730173615,-0.4245793269230769,0.0,326.0,331.0,33.0,False,,ELIGIBLE_NOT_PICKED
BBWI,18.9,3.8110963e+09,True,Consumer Cyclical,0.03443934435857804,0.3173672,-0.021591998933318382,0.07361778846153849,3.0,169.0,331.0,33.0,False,,ELIGIBLE_NOT_PICKED
BBY,89.33,1.8734975e+10,True,Consumer Cyclical,0.022366716316296154,0.22332579,0.06922362117513312,0.08293269230769232,2.0,133.0,331.0,33.0,False,,ELIGIBLE_NOT_PICKED
BC,71.95,4.6621747e+09,True,Consumer Cyclical,0.020535389432898097,0.23969758,0.10318751969848661,0.16646634615384615,1.0,31.0,331.0,33.0,True,0.006643710014722731,PICK
BCC,76.86,2.6817492e+09,True,Basic Materials,0.028015364529053954,0.27440056,0.07330777343505994,0.18780048076923073,3.0,85.0,331.0,33.0,False,,ELIGIBLE_NOT_PICKED
BCO,105.47,4.344271e+09,True,Industrials,0.02063877506581689,0.2206975,-0.041660663976583155,-0.11748798076923075,1.0,245.0,331.0,33.0,False,,ELIGIBLE_NOT_PICKED
BCPC,170.56,5.4371154e+09,True,Basic Materials,0.012159592950173796,0.08417555,0.19403428501849,0.01862980769230771,0.0,40.0,331.0,33.0,False,,ELIGIBLE_NOT_PICKED
BCRX,9.065,2.3164257e+09,False,,,,,,,,,,,,INELIGIBLE_TODAY
BDC,122.05,4.769493e+09,True,Technology,0.03133070694186369,0.3074624,-0.036175747760461424,0.04056490384615383,3.0,188.0,331.0,33.0,False,,ELIGIBLE_NOT_PICKED
BDN,3.06,5.342053e+08,False,,,,,,,,,,,,INELIGIBLE_TODAY
BDX,179.1,4.8784474e+10,True,Healthcare,0.018423306824265,0.21665625,0.017190638469026194,-0.025841346153846145,1.0,182.0,331.0,33.0,False,,ELIGIBLE_NOT_PICKED
BE,277.22,8.164887e+10,True,Industrials,0.0764534471563117,0.3165617,-0.06361678280566224,0.009014423076923073,4.0,182.0,331.0,33.0,False,,ELIGIBLE_NOT_PICKED
BEAM,26.83,2.771208e+09,True,Healthcare,0.04146200177755123,0.41440254,-0.18448088982526084,0.02163461538461539,4.0,169.0,331.0,33.0,False,,ELIGIBLE_NOT_PICKED
BELFA,205.91,2.9732273e+09,True,Technology,0.042013931006760825,0.3321582,-0.0842576916675716,0.013822115384615363,4.0,175.0,331.0,33.0,False,,ELIGIBLE_NOT_PICKED
BEN,34.65,1.7604864e+10,True,Financial Services,0.01596582619574396,0.17477642,0.05869558153791073,-0.014122596153846173,1.0,169.0,331.0,33.0,False,,ELIGIBLE_NOT_PICKED
BETA,21.14,4.945514e+09,True,Industrials,0.046442643221037735,0.37277097,-0.16133473202144086,0.004507211538461509,4.0,187.0,331.0,33.0,False,,ELIGIBLE_NOT_PICKED
BETR,13.6,2.5838067e+08,False,,,,,,,,,,,,INELIGIBLE_TODAY
BF.B,26.39,1.2109428e+10,True,Consumer Defensive,0.023224502749459953,0.24390848,0.02414336779727569,0.040564903846153855,2.0,174.0,331.0,33.0,False,,ELIGIBLE_NOT_PICKED
BFAM,66.61,3.2395978e+09,True,Consumer Cyclical,0.02248080552732988,0.23457326,0.01423367653847055,-0.0006009615384615641,2.0,208.0,331.0,33.0,False,,ELIGIBLE_NOT_PICKED
BFH,108.2,4.1569649e+09,True,Financial Services,0.020812857720835912,0.28770667,0.17301221071073566,0.3125,1.0,1.0,331.0,33.0,True,0.006555138859907457,PICK
BFLY,7.52,2.0024646e+09,False,,,,,,,,,,,,INELIGIBLE_TODAY
BG,123.89,2.3801639e+10,True,Consumer Defensive,0.022829649667230768,0.32764173,-0.047193786398504405,0.05048076923076922,2.0,158.0,331.0,33.0,False,,ELIGIBLE_NOT_PICKED
BGC,11.97,5.691334e+09,True,Financial Services,0.0268114457081759,0.26748928,-0.016816055530919374,0.011418269230769246,3.0,215.0,331.0,33.0,False,,ELIGIBLE_NOT_PICKED
BGS,3.3,2.6820971e+08,False,,,,,,,,,,,,INELIGIBLE_TODAY
BHC,6.43,2.4047593e+09,False,,,,,,,,,,,,INELIGIBLE_TODAY
BHE,73.92,2.6552015e+09,True,Technology,0.032158272327401094,0.38849044,-0.04836310378093237,0.12920673076923078,3.0,122.0,331.0,33.0,False,,ELIGIBLE_NOT_PICKED
BHF,52.24,3.004404e+09,True,Financial Services,0.013541308322234664,0.15038152,-0.10487557368461733,-0.30318509615384615,0.0,260.0,331.0,33.0,False,,ELIGIBLE_NOT_PICKED
BHVN,14.72,2.2233644e+09,True,Healthcare,0.04926119817811425,0.17793183,-0.17671011828071784,-0.3185096153846154,4.0,330.0,331.0,33.0,False,,ELIGIBLE_NOT_PICKED
BIIB,212.5,3.1397724e+10,True,Healthcare,0.02474729928191001,0.29911116,0.015765369162713847,0.11027644230769229,2.0,115.0,331.0,33.0,False,,ELIGIBLE_NOT_PICKED
BILL,47.6,4.059175e+09,True,Technology,0.03026829145878365,0.39420092,-0.02787461474606441,0.16977163461538464,3.0,95.0,331.0,33.0,False,,ELIGIBLE_NOT_PICKED
BIO,380.12,1.0163715e+10,True,Healthcare,0.019835173811172634,0.2245917,0.0695919161129042,0.08894230769230768,1.0,79.0,331.0,33.0,False,,ELIGIBLE_NOT_PICKED
BIRD,2.5,2.9522982e+07,False,,,,,,,,,,,,INELIGIBLE_TODAY
BJ,89.85,1.1349375e+10,True,Consumer Defensive,0.018675945908332933,0.21182214,0.009731048594718246,-0.05438701923076922,1.0,202.0,331.0,33.0,False,,ELIGIBLE_NOT_PICKED
BKD,12.09,2.8873006e+09,True,Healthcare,0.02635892471587961,0.3516341,-0.024769788274219186,0.13040865384615385,2.0,101.0,331.0,33.0,False,,ELIGIBLE_NOT_PICKED
BKE,41.99,2.1632445e+09,True,Consumer Cyclical,0.019073044039197892,0.2097302,-0.02549262891032181,-0.11358173076923075,1.0,242.0,331.0,33.0,False,,ELIGIBLE_NOT_PICKED
BKH,74.19,5.6572206e+09,True,Utilities,0.01237250098194864,0.07823993,-0.05359983141499604,-0.3278245192307693,0.0,277.0,331.0,33.0,False,,ELIGIBLE_NOT_PICKED
BKKT,8.26,3.7227373e+08,False,,,,,,,,,,,,INELIGIBLE_TODAY
BKNG,180.3,1.35473906e+11,True,Industrials,0.0275270465109846,0.27207553,0.18671133354751623,0.2977764423076923,3.0,32.0,331.0,33.0,True,0.00495625901518835,PICK
BKR,63.92,6.3451726e+10,True,Energy,0.01884971333944453,0.26184353,0.02003222752723917,0.06580528846153844,1.0,103.0,331.0,33.0,False,,ELIGIBLE_NOT_PICKED
BKU,45.55,3.244629e+09,True,Financial Services,0.01422138876938972,0.16725653,0.02436683327506072,-0.08413461538461539,0.0,112.0,331.0,33.0,False,,ELIGIBLE_NOT_PICKED
BKV,26.76,2.9285563e+09,True,Energy,0.025107740763654653,0.30411926,-0.2314527464577563,-0.12289663461538464,2.0,275.0,331.0,33.0,False,,ELIGIBLE_NOT_PICKED
BL,30.14,1.7518957e+09,False,,,,,,,,,,,,INELIGIBLE_TODAY
BLBD,63.95,2.0256827e+09,True,Consumer Cyclical,0.029056369825584173,0.34694108,-0.1323763613791306,-0.006610576923076927,3.0,233.0,331.0,33.0,False,,ELIGIBLE_NOT_PICKED
BLCO,17.73,6.33254e+09,True,Healthcare,0.016393512003396057,0.18764451,0.07375496325133885,0.03034855769230771,1.0,139.0,331.0,33.0,False,,ELIGIBLE_NOT_PICKED
BLDR,62.58,6.733386e+09,True,Basic Materials,0.036582591189414926,0.2962143,0.017673853231888963,0.11418269230769229,3.0,132.0,331.0,33.0,False,,ELIGIBLE_NOT_PICKED
BLFS,35.38,1.7303192e+09,False,,,,,,,,,,,,INELIGIBLE_TODAY
BLK,1095.37,1.6963913e+11,True,Financial Services,0.017752438022058836,0.12173448,-0.0727929743948635,-0.29837740384615385,1.0,317.0,331.0,33.0,False,,ELIGIBLE_NOT_PICKED
BLKB,45.26,2.0543558e+09,True,Technology,0.037694229903005534,0.39909503,-0.03179759271249573,0.16676682692307693,4.0,74.0,331.0,33.0,False,,ELIGIBLE_NOT_PICKED
BLLN,99.06,4.674348e+09,True,Healthcare,0.05985584526368481,0.3757163,-0.09992324576692424,0.057091346153846145,4.0,144.0,331.0,33.0,False,,ELIGIBLE_NOT_PICKED
BLMN,9.58,8.202484e+08,False,,,,,,,,,,,,INELIGIBLE_TODAY
BLND,1.49,3.5240483e+08,False,,,,,,,,,,,,INELIGIBLE_TODAY
BMBL,2.91,4.455499e+08,False,,,,,,,,,,,,INELIGIBLE_TODAY
BMI,128.63,3.728578e+09,True,Technology,0.02993676838056737,0.26953736,-0.050737397991729,-0.039663461538461536,3.0,261.0,331.0,33.0,False,,ELIGIBLE_NOT_PICKED
BMNR,24.77,1.4941918e+10,True,Financial Services,0.0523785550801388,0.27703458,-0.3703858426441475,-0.17578124999999997,4.0,311.0,331.0,33.0,False,,ELIGIBLE_NOT_PICKED
BMRN,64.63,1.2510672e+10,True,Healthcare,0.018872420245191212,0.20108606,0.029255433732359157,-0.030649038461538464,1.0,186.0,331.0,33.0,False,,ELIGIBLE_NOT_PICKED
BMY,64.69,1.3214321e+11,True,Healthcare,0.01778484366588769,0.24678656,0.23037246881711637,0.2629206730769231,1.0,8.0,331.0,33.0,True,0.007671204481446128,PICK
BNGO,1.2,1.41324e+07,False,,,,,,,,,,,,INELIGIBLE_TODAY
BNL,20.96,4.0220767e+09,True,Real Estate,0.01287545525537395,0.06991347,-0.025310291682874488,-0.29236778846153844,0.0,256.0,331.0,33.0,False,,ELIGIBLE_NOT_PICKED
BNY,162.85,1.104944e+11,True,Financial Services,0.014090973079114088,0.07935275,0.09533025758997891,-0.06790865384615385,0.0,105.0,331.0,33.0,False,,ELIGIBLE_NOT_PICKED
BOBS,17.5,2.2870239e+09,True,Consumer Cyclical,0.03619079661941457,0.33354974,0.06932674533705317,0.26802884615384615,3.0,46.0,331.0,33.0,False,,ELIGIBLE_NOT_PICKED
BODI,5.7,4.1522996e+07,False,,,,,,,,,,,,INELIGIBLE_TODAY
BOH,76.19,3.0057257e+09,True,Financial Services,0.012999473894452707,0.1279715,-0.009248404828271519,-0.19921875,0.0,197.0,331.0,33.0,False,,ELIGIBLE_NOT_PICKED
BOKF,135.72,8.247279e+09,True,Financial Services,0.011979649230087647,0.09575345,0.04651140061285096,-0.12950721153846156,0.0,147.0,331.0,33.0,False,,ELIGIBLE_NOT_PICKED
BOOT,152.6,4.621467e+09,True,Consumer Cyclical,0.028043333871906502,0.292337,-0.07407059482192639,-0.038762019230769273,3.0,260.0,331.0,33.0,False,,ELIGIBLE_NOT_PICKED
BOX,34.3,4.7059866e+09,True,Technology,0.02350013853888137,0.26883942,0.15158972475926225,0.2707331730769231,2.0,22.0,331.0,33.0,True,0.005805547580319529,PICK
BPOP,167.58,1.0688001e+10,True,Financial Services,0.011089127949559359,0.1005722,0.04360876673193839,-0.1295072115384615,0.0,146.0,331.0,33.0,False,,ELIGIBLE_NOT_PICKED
BR,168.62,1.9226356e+10,True,Technology,0.021771233434266336,0.1954321,-0.0014254118022407366,-0.09945913461538464,2.0,266.0,331.0,33.0,False,,ELIGIBLE_NOT_PICKED
BRBR,9.79,1.1383635e+09,False,,,,,,,,,,,,INELIGIBLE_TODAY
BRC,88.62,4.1562084e+09,True,Industrials,0.0135225747941922,0.13951156,0.04208271157500499,-0.08954326923076922,0.0,115.0,331.0,33.0,False,,ELIGIBLE_NOT_PICKED
BRCC,8.89,2.2250557e+08,False,,,,,,,,,,,,INELIGIBLE_TODAY
BRK.B,505.83,7.124735e+11,True,Financial Services,0.009377804389891765,0.07920958,-0.02551864669632109,-0.28125,0.0,248.0,331.0,33.0,False,,ELIGIBLE_NOT_PICKED
BRKR,58.37,8.893214e+09,True,Healthcare,0.04162438370340313,0.37112862,0.04166431353567111,0.27163461538461536,4.0,42.0,331.0,33.0,False,,ELIGIBLE_NOT_PICKED
BRO,68.18,2.2813735e+10,True,Financial Services,0.0225199324312993,0.23621567,-0.1533536833373441,-0.20372596153846156,2.0,306.0,331.0,33.0,False,,ELIGIBLE_NOT_PICKED
BROS,45.88,8.014397e+09,True,Consumer Cyclical,0.03667734954409187,0.2763318,-0.17151957821033229,-0.1418269230769231,4.0,298.0,331.0,33.0,False,,ELIGIBLE_NOT_PICKED
BRSP,4.63,5.85807e+08,False,,,,,,,,,,,,INELIGIBLE_TODAY
BRUN,18.82,1.4959537e+09,False,,,,,,,,,,,,INELIGIBLE_TODAY
BRVE,29.41,2.0778999e+09,True,Healthcare,,0.29617482,0.166760304373562,0.3200120192307692,,,,,False,,ELIGIBLE_NOT_PICKED
BRX,29.15,8.945328e+09,True,Real Estate,0.010856807595937244,0.076375484,0.022602743723306038,-0.20012019230769232,0.0,198.0,331.0,33.0,False,,ELIGIBLE_NOT_PICKED
BRZE,30.31,3.413866e+09,True,Technology,0.04061007073542889,0.40680718,0.0006396575962672303,0.22265625000000003,4.0,57.0,331.0,33.0,False,,ELIGIBLE_NOT_PICKED
BSM,14.84,3.3749394e+09,True,Energy,0.013400173119891013,0.08548488,0.05057646906101809,-0.13100961538461536,0.0,149.0,331.0,33.0,False,,ELIGIBLE_NOT_PICKED
BSX,44.98,6.5186345e+10,True,Healthcare,0.022643336270715738,0.2908557,-0.010266044533422261,0.05198317307692307,2.0,156.0,331.0,33.0,False,,ELIGIBLE_NOT_PICKED
BSY,32.84,9.92073e+09,True,Technology,0.026328559516529435,0.28056747,-0.06974648758546488,-0.050180288461538464,2.0,240.0,331.0,33.0,False,,ELIGIBLE_NOT_PICKED
BTGO,7.74,9.0980314e+08,False,,,,,,,,,,,,INELIGIBLE_TODAY
BTSG,62.56,1.2378386e+10,True,Healthcare,0.033756869267072255,0.33478346,0.09704442571782583,0.3167067307692308,3.0,24.0,331.0,33.0,True,0.004041582510279074,PICK
BTU,29.45,3.589955e+09,True,Basic Materials,0.03106528757096459,0.3960837,-0.04727055857606793,0.1376201923076923,3.0,114.0,331.0,33.0,False,,ELIGIBLE_NOT_PICKED
BURL,255.42,1.6044257e+10,True,Consumer Cyclical,0.023152345431358547,0.23910598,0.02325262672585335,0.03155048076923078,2.0,185.0,331.0,33.0,False,,ELIGIBLE_NOT_PICKED
BUSE,30.42,2.511991e+09,True,Financial Services,0.011206880943305214,0.081239216,0.08330192352600013,-0.08233173076923075,0.0,111.0,331.0,33.0,False,,ELIGIBLE_NOT_PICKED
BV,11.18,1.035268e+09,False,,,,,,,,,,,,INELIGIBLE_TODAY
BW,7.74,1.1529896e+09,False,,,,,,,,,,,,INELIGIBLE_TODAY
BWA,66.26,1.3494932e+10,True,Consumer Cyclical,0.021594264923102166,0.29372022,0.22325428020046978,0.3395432692307692,2.0,6.0,331.0,33.0,True,0.0063179354758039685,PICK
BWEN,4.16,9.841467e+07,False,,,,,,,,,,,,INELIGIBLE_TODAY
BWIN,29.71,4.1444956e+09,True,Financial Services,0.04298281235211954,0.27110803,-0.2689631406062534,-0.17698317307692307,4.0,312.0,331.0,33.0,False,,ELIGIBLE_NOT_PICKED
BWXT,160.41,1.4697082e+10,True,Industrials,0.02607167241541226,0.28237125,-0.10461822874307117,-0.08323317307692307,2.0,258.0,331.0,33.0,False,,ELIGIBLE_NOT_PICKED
BX,133.97,1.0056125e+11,True,Financial Services,0.022257525009056055,0.15443857,-0.1602011948331736,-0.3401442307692307,2.0,331.0,331.0,33.0,False,,ELIGIBLE_NOT_PICKED
BXDC,20.29,2.0421866e+09,True,Real Estate,0.02116403846277569,0.2822219,0.0746249140595495,0.20222355769230765,2.0,49.0,331.0,33.0,False,,ELIGIBLE_NOT_PICKED
BXMT,13.87,2.3376996e+09,True,Real Estate,0.018379043249358865,0.16418277,-0.039815962653216276,-0.19891826923076922,1.0,282.0,331.0,33.0,False,,ELIGIBLE_NOT_PICKED
BXP,65.74,1.0496151e+10,True,Real Estate,0.01784403270198648,0.20092104,-0.11091941112972871,-0.2403846153846154,1.0,297.0,331.0,33.0,False,,ELIGIBLE_NOT_PICKED
BXSL,24.49,5.7054367e+09,True,Financial Services,0.012974769962731687,0.047388274,-0.1542039009017467,-0.4462139423076923,0.0,330.0,331.0,33.0,False,,ELIGIBLE_NOT_PICKED
BYD,76.52,5.5595924e+09,True,Consumer Cyclical,0.014406125914419508,0.12204395,0.04562229960427671,-0.09645432692307693,0.0,120.0,331.0,33.0,False,,ELIGIBLE_NOT_PICKED
BYND,11.21,1.9274435e+08,False,,,,,,,,,,,,INELIGIBLE_TODAY
BZH,33.25,8.870975e+08,False,,,,,,,,,,,,INELIGIBLE_TODAY
C,136.74,2.293727e+11,True,Financial Services,0.0172530583177588,0.14837913,0.021869173803456623,-0.11598557692307693,1.0,244.0,331.0,33.0,False,,ELIGIBLE_NOT_PICKED
CABO,23.03,1.306705e+08,False,,,,,,,,,,,,INELIGIBLE_TODAY
CACC,593.78,6.1637806e+09,True,Financial Services,0.018163774388112522,0.14729762,0.13216772470260302,0.052283653846153855,1.0,116.0,331.0,33.0,False,,ELIGIBLE_NOT_PICKED
CACI,625.31,1.3819062e+10,True,Technology,0.03755326886572063,0.27006117,0.0340029613442128,0.10757211538461536,4.0,112.0,331.0,33.0,False,,ELIGIBLE_NOT_PICKED
CAG,15.26,7.3029115e+09,True,Consumer Defensive,0.02253751807779089,0.23506738,0.07814054873416149,0.1237980769230769,2.0,107.0,331.0,33.0,False,,ELIGIBLE_NOT_PICKED
CAH,240.49,5.5932137e+10,True,Healthcare,0.014472293571815877,0.19619612,0.20659625572422127,0.16165865384615383,0.0,2.0,331.0,33.0,True,0.009427059488156725,PICK
CAI,24.82,7.0140124e+09,True,Healthcare,0.04574114618438796,0.33729267,-0.06890218112381,0.03906250000000003,4.0,152.0,331.0,33.0,False,,ELIGIBLE_NOT_PICKED
CAKE,107.21,5.334838e+09,True,Consumer Cyclical,0.02772393179393054,0.29088864,0.10639769473875613,0.2563100961538462,3.0,51.0,331.0,33.0,False,,ELIGIBLE_NOT_PICKED
CALM,74.83,3.510805e+09,True,Consumer Defensive,0.022314945783435673,0.2312507,0.016349718725065347,0.0012019230769231004,2.0,206.0,331.0,33.0,False,,ELIGIBLE_NOT_PICKED
CALX,35.34,2.2251474e+09,True,Technology,0.022142675382866718,0.2783883,0.05106531785820471,0.15865384615384615,2.0,82.0,331.0,33.0,False,,ELIGIBLE_NOT_PICKED
CALY,15.57,2.779409e+09,True,Consumer Cyclical,0.02263902590818339,0.24214701,0.20629675591531227,0.24699519230769235,2.0,29.0,331.0,33.0,True,0.006026371142685088,PICK
CAPR,9.06,5.2673923e+08,False,,,,,,,,,,,,INELIGIBLE_TODAY
CAR,133.84,4.727999e+09,True,Industrials,0.03433245022369474,0.3424257,-0.11098735895045723,0.0039062499999999722,3.0,223.0,331.0,33.0,False,,ELIGIBLE_NOT_PICKED
CARG,32.77,2.9189379e+09,True,Consumer Cyclical,0.026343799071867482,0.30889866,0.15017450796772389,0.3269230769230769,2.0,10.0,331.0,33.0,True,0.005178872343331496,PICK
CARR,59.11,4.8725852e+10,True,Basic Materials,0.02161781742108678,0.20121911,0.07442367999324667,0.05168269230769229,2.0,157.0,331.0,33.0,False,,ELIGIBLE_NOT_PICKED
CARS,11.25,6.02243e+08,False,,,,,,,,,,,,INELIGIBLE_TODAY
CART,48.0,1.1112004e+10,True,Consumer Cyclical,0.027741440601253768,0.3336348,0.20008562959778378,0.3948317307692308,3.0,4.0,331.0,33.0,True,0.0049179555738504245,PICK
CASH,81.06,1.6838888e+09,False,,,,,,,,,,,,INELIGIBLE_TODAY
CASY,733.49,2.7142734e+10,True,Consumer Cyclical,0.021089085719563132,0.24691433,0.17287148376395367,0.2427884615384615,2.0,37.0,331.0,33.0,False,,ELIGIBLE_NOT_PICKED
CAT,822.48,3.780734e+11,True,Industrials,0.02717224295661936,0.24229836,0.05126648371142665,0.09254807692307693,3.0,151.0,331.0,33.0,False,,ELIGIBLE_NOT_PICKED
CATY,61.86,4.1269169e+09,True,Financial Services,0.011293435602725202,0.08534984,-0.0006743864884858403,-0.23227163461538464,0.0,211.0,331.0,33.0,False,,ELIGIBLE_NOT_PICKED
CAVA,60.14,7.024725e+09,True,Consumer Cyclical,0.03739141511205925,0.31220695,-0.09644582388866305,-0.034555288461538464,4.0,229.0,331.0,33.0,False,,ELIGIBLE_NOT_PICKED
CB,336.64,1.29875665e+11,True,Financial Services,0.01513049846960178,0.16097271,0.1257356610093297,0.06280048076923078,0.0,21.0,331.0,33.0,True,0.009016964821461509,PICK
CBC,32.53,7.791102e+09,True,Financial Services,0.013692396896158815,0.12378517,-0.09544246477304022,-0.32091346153846156,0.0,273.0,331.0,33.0,False,,ELIGIBLE_NOT_PICKED
CBOE,293.33,3.0632751e+10,True,Financial Services,0.027317862923693887,0.22649474,0.008578393056407748,-0.024939903846153855,3.0,250.0,331.0,33.0,False,,ELIGIBLE_NOT_PICKED
CBRE,142.26,4.1194983e+10,True,Real Estate,0.02204112304967164,0.22905825,0.032069777525148974,0.02944711538461539,2.0,186.0,331.0,33.0,False,,ELIGIBLE_NOT_PICKED
CBRL,52.76,1.179263e+09,False,,,,,,,,,,,,INELIGIBLE_TODAY
CBRS,199.77,4.745817e+10,True,Technology,0.079852000868884,0.30805957,-0.10464564885902265,-0.04807692307692307,4.0,237.0,331.0,33.0,False,,ELIGIBLE_NOT_PICKED
CBSH,58.27,8.357793e+09,True,Financial Services,0.009385385625929945,0.06407827,-0.11498448657437328,-0.4128605769230769,0.0,324.0,331.0,33.0,False,,ELIGIBLE_NOT_PICKED
CBT,80.32,4.1470024e+09,True,Basic Materials,0.023070956601008035,0.23352988,0.0006835011915724122,-0.022836538461538464,2.0,223.0,331.0,33.0,False,,ELIGIBLE_NOT_PICKED
CBU,63.15,3.3226944e+09,True,Financial Services,0.014644898209579447,0.14146934,-0.10024388850241214,-0.3082932692307693,0.0,261.0,331.0,33.0,False,,ELIGIBLE_NOT_PICKED
CBZ,54.65,2.965521e+09,True,Industrials,0.03543796293963565,0.050783515,-0.0038573292501464427,-0.2674278846153846,3.0,330.0,331.0,33.0,False,,ELIGIBLE_NOT_PICKED
CC,15.45,2.3252096e+09,True,Basic Materials,0.039419815271487656,0.290849,-0.06080840814265661,-0.022235576923076927,4.0,221.0,331.0,33.0,False,,ELIGIBLE_NOT_PICKED
CCC,7.08,4.1700826e+09,False,,,,,,,,,,,,INELIGIBLE_TODAY
CCCC,3.55,4.3673923e+08,False,,,,,,,,,,,,INELIGIBLE_TODAY
CCI,75.97,3.232185e+10,True,Real Estate,0.021204744405051663,0.11891188,0.06826880332710246,-0.06310096153846156,2.0,248.0,331.0,33.0,False,,ELIGIBLE_NOT_PICKED
CCK,113.23,1.2314953e+10,True,Consumer Cyclical,0.015247046488975652,0.15790723,0.20218156741489576,0.10907451923076922,0.0,9.0,331.0,33.0,True,0.008948039381281006,PICK
CCL,23.2,3.1775859e+10,True,Industrials,0.02374380720105099,0.23500068,0.05319932085826439,0.08173076923076922,2.0,137.0,331.0,33.0,False,,ELIGIBLE_NOT_PICKED
CCO,2.38,1.2116434e+09,False,,,,,,,,,,,,INELIGIBLE_TODAY
CCOI,9.64,4.9371968e+08,False,,,,,,,,,,,,INELIGIBLE_TODAY
CCS,62.07,1.7648301e+09,False,,,,,,,,,,,,INELIGIBLE_TODAY
CD,3.51,3.8611334e+08,False,,,,,,,,,,,,INELIGIBLE_TODAY
CDE,20.66,2.1237137e+10,True,Basic Materials,0.04505784883204637,0.34031406,-0.14561805418617968,-0.026141826923076927,4.0,224.0,331.0,33.0,False,,ELIGIBLE_NOT_PICKED
CDLX,3.74,2.2023798e+07,False,,,,,,,,,,,,INELIGIBLE_TODAY
CDNA,50.31,2.6027487e+09,True,Healthcare,0.059158691124913294,0.3960043,0.1181772849532526,0.4119591346153846,4.0,5.0,331.0,33.0,True,0.002306189840196137,PICK
CDNL,38.22,1.8144204e+09,False,,,,,,,,,,,,INELIGIBLE_TODAY
CDNS,284.11,7.824191e+10,True,Technology,0.024248945456981086,0.22116542,-0.004279943566161015,-0.05859375,2.0,243.0,331.0,33.0,False,,ELIGIBLE_NOT_PICKED
CDP,35.45,4.0204006e+09,True,Real Estate,0.011332638669762148,0.0853043,0.0012673440500930013,-0.22986778846153846,0.0,210.0,331.0,33.0,False,,ELIGIBLE_NOT_PICKED
CDW,144.48,1.8062518e+10,True,Technology,0.030891988910720692,0.30589232,-0.05360176930042374,0.007812500000000028,3.0,217.0,331.0,33.0,False,,ELIGIBLE_NOT_PICKED
CDXS,1.43,1.5659325e+08,False,,,,,,,,,,,,INELIGIBLE_TODAY
CE,44.53,4.88712e+09,True,Basic Materials,0.025700671505809708,0.3124694,-0.03417056396850888,0.04927884615384617,2.0,160.0,331.0,33.0,False,,ELIGIBLE_NOT_PICKED
CECO,79.13,4.6346307e+09,True,Industrials,0.03733630101777491,0.30480367,-0.12058038096522303,-0.06850961538461539,4.0,257.0,331.0,33.0,False,,ELIGIBLE_NOT_PICKED
CEG,299.05,1.0595562e+11,True,Utilities,0.022490443564947327,0.21218993,-0.2352176019737426,-0.28455528846153844,2.0,329.0,331.0,33.0,False,,ELIGIBLE_NOT_PICKED
CELC,93.02,4.551646e+09,True,Healthcare,0.04020057809110313,0.384776,-0.30392602327924106,-0.019230769230769218,4.0,216.0,331.0,33.0,False,,ELIGIBLE_NOT_PICKED
CELH,29.56,7.479716e+09,True,Consumer Defensive,0.04590807105706295,0.2678147,-0.13222187925819837,-0.1301081730769231,4.0,291.0,331.0,33.0,False,,ELIGIBLE_NOT_PICKED
CENT,40.84,2.5562816e+09,True,Consumer Defensive,0.016796246003241633,0.22171298,0.06013160392514208,0.06610576923076925,1.0,102.0,331.0,33.0,False,,ELIGIBLE_NOT_PICKED
CENX,47.95,4.7467284e+09,True,Basic Materials,0.03599864909351038,0.344701,-0.13638583557909845,-0.012319711538461536,3.0,240.0,331.0,33.0,False,,ELIGIBLE_NOT_PICKED
CERT,7.74,1.1806501e+09,False,,,,,,,,,,,,INELIGIBLE_TODAY
CF,134.33,2.032925e+10,True,Basic Materials,0.023578041348938997,0.24033415,0.12063263040309868,0.18719951923076927,2.0,63.0,331.0,33.0,False,,ELIGIBLE_NOT_PICKED
CFFN,8.8,1.1061449e+09,False,,,,,,,,,,,,INELIGIBLE_TODAY
CFG,69.99,2.9478162e+10,True,Financial Services,0.015137040417990837,0.15249473,0.02180460103179154,-0.11237980769230771,0.0,131.0,331.0,33.0,False,,ELIGIBLE_NOT_PICKED
CFR,163.61,1.0168162e+10,True,Financial Services,0.011187505817994815,0.0766518,0.0658983047455934,-0.12079326923076922,0.0,140.0,331.0,33.0,False,,ELIGIBLE_NOT_PICKED
CG,45.95,1.6373492e+10,True,Financial Services,0.02361389417865709,0.22136612,-0.1955451654684817,-0.25510817307692313,2.0,321.0,331.0,33.0,False,,ELIGIBLE_NOT_PICKED
CGC,0.966,4.086544e+08,False,,,,,,,,,,,,INELIGIBLE_TODAY
CGEM,21.69,1.3958533e+09,False,,,,,,,,,,,,INELIGIBLE_TODAY
CGNX,62.23,1.046857e+10,True,Technology,0.03251990472598278,0.36044025,0.09139801366825374,0.3479567307692308,3.0,11.0,331.0,33.0,True,0.004195312796306274,PICK
CGON,73.4,6.5062036e+09,True,Healthcare,0.030032114750974517,0.3813776,-0.21412690351453875,-0.006911057692307682,3.0,234.0,331.0,33.0,False,,ELIGIBLE_NOT_PICKED
CHCO,144.64,2.031492e+09,True,Financial Services,0.011002091371587029,0.062060755,0.010200432786594573,-0.24068509615384617,0.0,218.0,331.0,33.0,False,,ELIGIBLE_NOT_PICKED
CHD,96.54,2.2899665e+10,True,Consumer Defensive,0.014712555778955933,0.12973736,0.11625668736509681,0.016225961538461564,0.0,41.0,331.0,33.0,False,,ELIGIBLE_NOT_PICKED
CHDN,85.83,5.982372e+09,True,Consumer Cyclical,0.023217133891033987,0.2350488,0.01416365945330582,0.0009014423076923184,2.0,207.0,331.0,33.0,False,,ELIGIBLE_NOT_PICKED
CHE,519.01,6.7834404e+09,True,Healthcare,0.014385922934494262,0.16296212,0.27910287766828046,0.12800480769230768,0.0,7.0,331.0,33.0,True,0.009483657951791517,PICK
CHEF,108.86,4.4410614e+09,True,Consumer Defensive,0.022870404737202216,0.2725636,0.09765035894920227,0.2235576923076923,2.0,42.0,331.0,33.0,False,,ELIGIBLE_NOT_PICKED
CHGG,0.796,8.837787e+07,False,,,,,,,,,,,,INELIGIBLE_TODAY
CHH,100.01,4.5013125e+09,True,Consumer Cyclical,0.021569542688528783,0.2155267,-0.11434277009431934,-0.2178485576923077,2.0,310.0,331.0,33.0,False,,ELIGIBLE_NOT_PICKED
CHPT,9.37,2.5158754e+08,False,,,,,,,,,,,,INELIGIBLE_TODAY
CHRD,147.61,8.073953e+09,True,Energy,0.025630451302901182,0.23187011,0.10872925632256401,0.1571514423076923,2.0,83.0,331.0,33.0,False,,ELIGIBLE_NOT_PICKED
CHRN,21.06,3.0671247e+09,True,Technology,0.08385078222155345,0.32559103,-0.09048474295196342,-0.004807692307692318,4.0,202.0,331.0,33.0,False,,ELIGIBLE_NOT_PICKED
CHRW,150.1,1.7539373e+10,True,Industrials,0.031210995795071327,0.2381745,0.05216722721419903,0.08713942307692307,3.0,156.0,331.0,33.0,False,,ELIGIBLE_NOT_PICKED
CHTR,145.74,1.7383502e+10,True,Communication Services,0.03557999469577456,0.37312347,-0.043147895534407184,0.12740384615384615,3.0,124.0,331.0,33.0,False,,ELIGIBLE_NOT_PICKED
CHWY,23.27,9.527301e+09,True,Consumer Cyclical,0.02909895892871614,0.25783762,0.069452317901101,0.1490384615384615,3.0,107.0,331.0,33.0,False,,ELIGIBLE_NOT_PICKED
CHYM,32.31,1.2232084e+10,True,Technology,0.04162721405751082,0.3631197,0.10970902987039716,0.3719951923076923,4.0,17.0,331.0,33.0,True,0.0032774514346092802,PICK
CI,275.83,7.288545e+10,True,Healthcare,0.017818479138238225,0.23559906,0.06014341383734597,0.09374999999999997,1.0,77.0,331.0,33.0,False,,ELIGIBLE_NOT_PICKED
CIEN,341.29,4.8397832e+10,True,Technology,0.04899416511142717,0.33190727,-0.05274820472566075,0.052283653846153855,4.0,147.0,331.0,33.0,False,,ELIGIBLE_NOT_PICKED
CIFR,18.505,7.6801434e+09,True,Technology,0.0813258820429964,0.32667375,-0.10433230199950376,-0.019831730769230782,4.0,217.0,331.0,33.0,False,,ELIGIBLE_NOT_PICKED
CIM,11.59,9.7021997e+08,False,,,,,,,,,,,,INELIGIBLE_TODAY
CINF,169.14,2.5959277e+10,True,Financial Services,0.01590501623250428,0.16115469,0.009270525523423279,-0.1268028846153846,1.0,252.0,331.0,33.0,False,,ELIGIBLE_NOT_PICKED
CISO,0.247,1.1244837e+07,False,,,,,,,,,,,,INELIGIBLE_TODAY
CL,88.41,7.047805e+10,True,Consumer Defensive,0.013566591739665141,0.077622674,0.21873486880829568,0.019831730769230782,0.0,38.0,331.0,33.0,False,,ELIGIBLE_NOT_PICKED
CLB,12.47,5.721802e+08,False,,,,,,,,,,,,INELIGIBLE_TODAY
CLBK,11.63,3.1348099e+09,True,Financial Services,0.07295819298762943,0.14018966,-0.32517060873491344,-0.39693509615384615,4.0,331.0,331.0,33.0,False,,ELIGIBLE_NOT_PICKED
CLBT,11.45,2.8352215e+09,True,Technology,0.048555118209200415,0.34469882,-0.020162110839723375,0.12439903846153846,4.0,106.0,331.0,33.0,False,,ELIGIBLE_NOT_PICKED
CLDX,39.12,3.0720753e+09,True,Healthcare,0.025477455007821774,0.40466726,-0.13676715427586275,0.046274038461538464,2.0,164.0,331.0,33.0,False,,ELIGIBLE_NOT_PICKED
CLF,12.29,7.0119373e+09,True,Basic Materials,0.040635623667438885,0.35894293,-0.09976632277543261,0.0363581730769231,4.0,156.0,331.0,33.0,False,,ELIGIBLE_NOT_PICKED
CLH,317.13,1.674042e+10,True,Industrials,0.015093234524214818,0.15827253,0.2248273934139798,0.11748798076923078,0.0,8.0,331.0,33.0,True,0.009039226960443316,PICK
CLMT,53.91,4.738594e+09,True,Energy,0.0313847159495876,0.2953575,0.06331986911278761,0.1983173076923077,3.0,78.0,331.0,33.0,False,,ELIGIBLE_NOT_PICKED
CLNE,1.64,3.6152982e+08,False,,,,,,,,,,,,INELIGIBLE_TODAY
CLOV,4.29,2.2786604e+09,False,,,,,,,,,,,,INELIGIBLE_TODAY
CLSK,13.48,3.4618941e+09,True,Financial Services,0.06032760259598139,0.28456673,-0.11095251467994559,-0.08683894230769235,4.0,267.0,331.0,33.0,False,,ELIGIBLE_NOT_PICKED
CLX,91.6,1.107728e+10,True,Consumer Defensive,0.020876785922685527,0.22878373,-0.08173976199289802,-0.1544471153846154,1.0,265.0,331.0,33.0,False,,ELIGIBLE_NOT_PICKED
CMC,70.76,7.827778e+09,True,Basic Materials,0.02556769501445013,0.29939312,0.024883454690473032,0.13191105769230765,2.0,100.0,331.0,33.0,False,,ELIGIBLE_NOT_PICKED
CMCSA,26.33,9.34356e+10,True,Communication Services,0.021667503502356487,0.23201373,0.12759798617290385,0.17878605769230768,2.0,68.0,331.0,33.0,False,,ELIGIBLE_NOT_PICKED
CMCT,3.05,8.989854e+06,False,,,,,,,,,,,,INELIGIBLE_TODAY
CME,278.23,1.0004523e+11,True,Financial Services,0.018193145083552964,0.13208883,-0.02517651915525209,-0.21604567307692307,1.0,290.0,331.0,33.0,False,,ELIGIBLE_NOT_PICKED
CMG,36.96,4.676985e+10,True,Consumer Cyclical,0.03184893504709994,0.22111738,0.14923063947889142,0.17578125,3.0,91.0,331.0,33.0,False,,ELIGIBLE_NOT_PICKED
CMI,561.55,7.7305496e+10,True,Industrials,0.022651851236798637,0.25426015,0.04081135129369255,0.09044471153846151,2.0,131.0,331.0,33.0,False,,ELIGIBLE_NOT_PICKED
CMP,25.79,1.0826867e+09,False,,,,,,,,,,,,INELIGIBLE_TODAY
CMPR,84.9,2.0672705e+09,True,Communication Services,0.025367726746731302,0.27085218,0.05790731068265652,0.15685096153846156,2.0,84.0,331.0,33.0,False,,ELIGIBLE_NOT_PICKED
CMPS,14.04,1.9442145e+09,False,,,,,,,,,,,,INELIGIBLE_TODAY
CMRC,2.56,2.1211902e+08,False,,,,,,,,,,,,INELIGIBLE_TODAY
CMS,68.79,2.1570972e+10,True,Utilities,0.011125513988953098,0.12193824,-0.03832195006340269,-0.2439903846153846,0.0,221.0,331.0,33.0,False,,ELIGIBLE_NOT_PICKED
CMTG,1.54,2.1726968e+08,False,,,,,,,,,,,,INELIGIBLE_TODAY
CNA,47.77,1.2926606e+10,True,Financial Services,0.014887358341609607,0.16324595,-0.03484462789888248,-0.19350961538461536,0.0,190.0,331.0,33.0,False,,ELIGIBLE_NOT_PICKED
CNC,64.58,3.1902198e+10,True,Healthcare,0.023870145321080137,0.38770556,0.20248407236601712,0.4639423076923077,2.0,1.0,331.0,33.0,True,0.005715556842927626,PICK
CNDT,1.65,2.5660931e+08,False,,,,,,,,,,,,INELIGIBLE_TODAY
CNH,13.6,2.1871292e+10,True,Industrials,0.03227907212470384,0.30841178,0.013060511743655986,0.12049278846153849,3.0,128.0,331.0,33.0,False,,ELIGIBLE_NOT_PICKED
CNK,36.17,4.1925317e+09,True,Communication Services,0.021796677594953174,0.25429103,0.15244517093653281,0.24278846153846156,2.0,36.0,331.0,33.0,False,,ELIGIBLE_NOT_PICKED
CNM,44.06,8.5264927e+09,True,Industrials,0.01990117419393664,0.19931407,0.02861281066336283,-0.03335336538461539,1.0,189.0,331.0,33.0,False,,ELIGIBLE_NOT_PICKED
CNMD,46.59,1.3954286e+09,False,,,,,,,,,,,,INELIGIBLE_TODAY
CNNE,15.55,6.7446925e+08,False,,,,,,,,,,,,INELIGIBLE_TODAY
CNO,55.18,5.105329e+09,True,Financial Services,0.01157691116184211,0.10131453,0.10229196249595834,-0.03425480769230771,0.0,82.0,331.0,33.0,False,,ELIGIBLE_NOT_PICKED
CNP,40.12,2.6427859e+10,True,Utilities,0.012111202501298868,0.10519337,-0.09024851912039776,-0.33443509615384615,0.0,281.0,331.0,33.0,False,,ELIGIBLE_NOT_PICKED
CNR,100.17,4.972064e+09,True,Basic Materials,0.02480757778322487,0.28716847,0.09866540711782726,0.24368990384615385,2.0,34.0,331.0,33.0,False,,ELIGIBLE_NOT_PICKED
CNS,78.18,4.0201354e+09,True,Financial Services,0.017481497834739256,0.14630777,-0.013882865709283222,-0.1853966346153846,1.0,277.0,331.0,33.0,False,,ELIGIBLE_NOT_PICKED
CNX,37.03,5.478353e+09,True,Energy,0.01459217850865333,0.16025333,0.007742419698928687,-0.13040865384615385,0.0,148.0,331.0,33.0,False,,ELIGIBLE_NOT_PICKED
CNXC,28.27,1.7249888e+09,False,,,,,,,,,,,,INELIGIBLE_TODAY
CNXN,83.64,2.1109146e+09,True,Technology,0.014914930660965482,0.21604368,0.13291460843265154,0.15174278846153844,0.0,4.0,331.0,33.0,True,0.009147288414061249,PICK
COAG,44.57,2.081959e+09,True,Healthcare,0.057305756179112696,0.39117023,-0.20885022260248637,0.0027043269230769273,4.0,192.0,331.0,33.0,False,,ELIGIBLE_NOT_PICKED
COCO,53.27,3.0575427e+09,True,Consumer Defensive,0.03143672508359622,0.3142281,-0.10407697576244562,-0.04086538461538464,3.0,263.0,331.0,33.0,False,,ELIGIBLE_NOT_PICKED
CODI,11.53,8.6747066e+08,False,,,,,,,,,,,,INELIGIBLE_TODAY
COF,213.96,1.3126122e+11,True,Financial Services,0.018880542107988247,0.16087398,0.022229092800102577,-0.1003605769230769,1.0,235.0,331.0,33.0,False,,ELIGIBLE_NOT_PICKED
COGT,35.28,6.1219615e+09,True,Healthcare,0.02830146687417943,0.42332828,-0.17860695075866503,0.02914663461538458,3.0,196.0,331.0,33.0,False,,ELIGIBLE_NOT_PICKED
COHR,301.88,5.911784e+10,True,Technology,0.06547569673288375,0.32440957,-0.13759228315668035,-0.05318509615384617,4.0,241.0,331.0,33.0,False,,ELIGIBLE_NOT_PICKED
COHU,53.17,2.5169846e+09,True,Technology,0.06110026798153681,0.4503965,-0.09711340317079943,0.09164663461538464,4.0,122.0,331.0,33.0,False,,ELIGIBLE_NOT_PICKED
COIN,178.94,4.721098e+10,True,Financial Services,0.045571777974323574,0.35810262,-0.14575846159458494,-0.0027043269230769273,4.0,200.0,331.0,33.0,False,,ELIGIBLE_NOT_PICKED
COKE,188.28,1.2532726e+10,True,Consumer Defensive,0.021596901031381833,0.20975618,0.2545128825544493,0.1935096153846154,2.0,57.0,331.0,33.0,False,,ELIGIBLE_NOT_PICKED
COLB,30.27,8.563452e+09,True,Financial Services,0.014372590310220054,0.15599787,-0.1288291026395979,-0.3161057692307693,0.0,267.0,331.0,33.0,False,,ELIGIBLE_NOT_PICKED
COLD,13.98,3.991018e+09,True,Real Estate,0.022806404277934587,0.2558948,-0.029682065521125494,-0.029747596153846145,2.0,229.0,331.0,33.0,False,,ELIGIBLE_NOT_PICKED
COLM,57.71,2.9543593e+09,True,Consumer Cyclical,0.01872867731317712,0.20741878,0.10513190849442942,0.10516826923076922,1.0,67.0,331.0,33.0,False,,ELIGIBLE_NOT_PICKED
COMP,10.75,8.1433636e+09,True,Real Estate,0.03691662778569975,0.34621814,-0.15842677694025736,-0.02524038461538458,4.0,222.0,331.0,33.0,False,,ELIGIBLE_NOT_PICKED
CON,33.88,4.320301e+09,True,Healthcare,0.02130641087456758,0.24447817,0.11705585711870643,0.18870192307692307,2.0,62.0,331.0,33.0,False,,ELIGIBLE_NOT_PICKED
COO,67.69,1.3201623e+10,True,Healthcare,0.017628387346360835,0.2052022,0.11186488486169734,0.10787259615384615,1.0,64.0,331.0,33.0,False,,ELIGIBLE_NOT_PICKED
COOK,50.49,1.4128234e+08,False,,,,,,,,,,,,INELIGIBLE_TODAY
COP,135.04,1.6222862e+11,True,Energy,0.018840628083006374,0.21657708,0.2081118894067241,0.19921874999999997,1.0,20.0,331.0,33.0,True,0.007241328252460589,PICK
COR,324.69,6.195967e+10,True,Healthcare,0.017525019827860512,0.260444,-0.018465834060396185,-0.004206730769230782,1.0,164.0,331.0,33.0,False,,ELIGIBLE_NOT_PICKED
CORT,113.98,1.2321056e+10,True,Healthcare,0.0430120569960063,0.33338213,-0.0090044324957027,0.12079326923076922,4.0,107.0,331.0,33.0,False,,ELIGIBLE_NOT_PICKED
CORZ,18.73,6.0187064e+09,True,Technology,0.05408637044064789,0.27672768,-0.1315286417613837,-0.11568509615384615,4.0,283.0,331.0,33.0,False,,ELIGIBLE_NOT_PICKED
COST,910.18,4.0364553e+11,True,Consumer Defensive,0.01293850990396376,0.18230414,0.09551464507252815,0.05799278846153849,0.0,24.0,331.0,33.0,True,0.010544581520147095,PICK
COTY,2.76,2.4306947e+09,False,,,,,,,,,,,,INELIGIBLE_TODAY
COUR,5.57,1.472708e+09,False,,,,,,,,,,,,INELIGIBLE_TODAY
CPAY,407.05,2.672674e+10,True,Technology,0.018227953497018137,0.119405076,-0.000415767222044129,-0.1884014423076923,1.0,280.0,331.0,33.0,False,,ELIGIBLE_NOT_PICKED
CPB,21.76,6.4889677e+09,True,Consumer Defensive,0.024245329486458352,0.3078477,-0.06711012981963298,-0.007812499999999972,2.0,215.0,331.0,33.0,False,,ELIGIBLE_NOT_PICKED
CPK,133.02,3.2066406e+09,True,Utilities,0.01331272597957803,0.073928356,-0.07653397797045272,-0.36268028846153844,0.0,301.0,331.0,33.0,False,,ELIGIBLE_NOT_PICKED
CPNG,14.81,2.662115e+10,True,Consumer Cyclical,0.027128750066753644,0.2607693,0.04059276979767265,0.10276442307692307,3.0,139.0,331.0,33.0,False,,ELIGIBLE_NOT_PICKED
CPRI,13.1,1.4888362e+09,False,,,,,,,,,,,,INELIGIBLE_TODAY
CPRT,32.6,3.0181454e+10,True,Industrials,0.026809887411154584,0.23259145,0.0032028701823860256,-0.021935096153846173,3.0,247.0,331.0,33.0,False,,ELIGIBLE_NOT_PICKED
CPS,26.01,4.621771e+08,False,,,,,,,,,,,,INELIGIBLE_TODAY
CPT,104.71,1.0527476e+10,True,Real Estate,0.012746110112619176,0.1056526,0.026518633430689807,-0.1517427884615385,0.0,163.0,331.0,33.0,False,,ELIGIBLE_NOT_PICKED
CQP,68.09,3.295949e+10,True,Energy,0.023512040606301552,0.17624399,0.04904146571129619,-0.02824519230769229,2.0,227.0,331.0,33.0,False,,ELIGIBLE_NOT_PICKED
CR,202.65,1.1713242e+10,True,Industrials,0.018822500213843945,0.15030742,0.014509200345761857,-0.13100961538461536,1.0,255.0,331.0,33.0,False,,ELIGIBLE_NOT_PICKED
CRBG,33.75,1.5044823e+10,True,Financial Services,0.019657496437518726,0.22056378,0.06681315672796477,0.07121394230769232,1.0,95.0,331.0,33.0,False,,ELIGIBLE_NOT_PICKED
CRC,55.57,4.9357215e+09,True,Energy,0.01772343931600053,0.18097013,0.00631060181958476,-0.10667067307692307,1.0,238.0,331.0,33.0,False,,ELIGIBLE_NOT_PICKED
CRCL,96.18,2.4417782e+10,True,Financial Services,0.05762628987675817,0.24457307,-0.30038404242939154,-0.23197115384615383,4.0,322.0,331.0,33.0,False,,ELIGIBLE_NOT_PICKED
CRCT,5.45,1.1414721e+09,False,,,,,,,,,,,,INELIGIBLE_TODAY
CRDO,167.75,3.1528933e+10,True,Technology,0.067724123708396,0.29581183,-0.17443428575559558,-0.11568509615384615,4.0,284.0,331.0,33.0,False,,ELIGIBLE_NOT_PICKED
CRGY,14.19,4.6884285e+09,True,Energy,0.027013068617644163,0.28501213,0.006670210221532068,0.07722355769230768,3.0,163.0,331.0,33.0,False,,ELIGIBLE_NOT_PICKED
CRI,32.28,1.185037e+09,False,,,,,,,,,,,,INELIGIBLE_TODAY
CRK,15.16,4.4512876e+09,True,Energy,0.030381255722147626,0.32917097,-0.16415320608010006,-0.058293269230769246,3.0,273.0,331.0,33.0,False,,ELIGIBLE_NOT_PICKED
CRL,280.76,1.3403166e+10,True,Healthcare,0.027515050040478512,0.21522944,0.1954773846622843,0.1908052884615385,3.0,82.0,331.0,33.0,False,,ELIGIBLE_NOT_PICKED
CRM,249.12,2.0502576e+11,True,Technology,0.03923421647466788,0.33069035,0.026536215391360356,0.1884014423076923,4.0,66.0,331.0,33.0,False,,ELIGIBLE_NOT_PICKED
CRNC,8.26,3.7360192e+08,False,,,,,,,,,,,,INELIGIBLE_TODAY
CRON,3.185,1.173395e+09,False,,,,,,,,,,,,INELIGIBLE_TODAY
CROX,114.35,5.4825196e+09,True,Consumer Cyclical,0.02602832859152719,0.2632084,0.21441976045660724,0.2923677884615385,2.0,18.0,331.0,33.0,True,0.0052416416963472585,PICK
CRS,458.56,2.2725577e+10,True,Industrials,0.026048649315615742,0.27835307,0.07539552805133584,0.19801682692307693,2.0,52.0,331.0,33.0,False,,ELIGIBLE_NOT_PICKED
CRSP,54.78,5.2968233e+09,True,Healthcare,0.032870498753644464,0.36781728,-0.272501887307326,-0.03485576923076922,3.0,255.0,331.0,33.0,False,,ELIGIBLE_NOT_PICKED
CRSR,12.26,1.3262495e+09,False,,,,,,,,,,,,INELIGIBLE_TODAY
CRTO,17.74,8.692167e+08,False,,,,,,,,,,,,INELIGIBLE_TODAY
CRUS,110.76,5.551021e+09,True,Technology,0.0209628172716503,0.22605197,0.044205503733567346,0.04597355769230771,1.0,122.0,331.0,33.0,False,,ELIGIBLE_NOT_PICKED
CRVL,67.67,3.4184563e+09,True,Financial Services,0.019354120419369212,0.18553583,-0.06622074466607726,-0.2157451923076923,1.0,289.0,331.0,33.0,False,,ELIGIBLE_NOT_PICKED
CRWD,210.02,2.150468e+11,True,Technology,0.04316606800689322,0.29694912,-0.004971035809576079,0.07181490384615385,4.0,132.0,331.0,33.0,False,,ELIGIBLE_NOT_PICKED
CRWV,99.83,5.50599e+10,True,Technology,0.06854001823048235,0.32254228,-0.22298436549716052,-0.09465144230769229,4.0,272.0,331.0,33.0,False,,ELIGIBLE_NOT_PICKED
CSCO,109.17,4.304122e+11,True,Technology,0.021197387501646944,0.2538268,0.03902820240180706,0.08263221153846151,2.0,135.0,331.0,33.0,False,,ELIGIBLE_NOT_PICKED
CSGP,30.34,1.2293694e+10,True,Real Estate,0.03177072496971668,0.36034548,0.025634990029622648,0.23076923076923078,3.0,61.0,331.0,33.0,False,,ELIGIBLE_NOT_PICKED
CSL,341.48,1.3561583e+10,True,Basic Materials,0.029253360680669412,0.26925403,0.014550066836007933,0.06820913461538458,3.0,171.0,331.0,33.0,False,,ELIGIBLE_NOT_PICKED
CSQR,18.43,3.0710643e+09,True,Technology,,0.29156187,0.18379274766205894,0.32241586538461536,,,,,False,,ELIGIBLE_NOT_PICKED
CSW,302.96,4.936275e+09,True,Industrials,0.03231100145011206,0.19803573,-0.05180110778287686,-0.17638221153846154,3.0,318.0,331.0,33.0,False,,ELIGIBLE_NOT_PICKED
CSX,49.0,9.077127e+10,True,Industrials,0.01405063797504357,0.101868495,0.1679018955449506,0.029747596153846145,0.0,34.0,331.0,33.0,False,,ELIGIBLE_NOT_PICKED
CTAS,200.5,8.0234e+10,True,Industrials,0.01864358683784784,0.11048298,0.09104315886236769,-0.030649038461538436,1.0,185.0,331.0,33.0,False,,ELIGIBLE_NOT_PICKED
CTKB,4.62,6.005226e+08,False,,,,,,,,,,,,INELIGIBLE_TODAY
CTOR,0.929,8.637954e+07,False,,,,,,,,,,,,INELIGIBLE_TODAY
CTOS,9.44,2.1476524e+09,False,,,,,,,,,,,,INELIGIBLE_TODAY
CTRE,39.32,9.291049e+09,True,Real Estate,0.015293353746767505,0.101711266,-0.14398346351822683,-0.390625,0.0,314.0,331.0,33.0,False,,ELIGIBLE_NOT_PICKED
CTRI,20.7,2.0899352e+09,True,Utilities,0.04041404077916883,0.33001822,-0.16464921908604807,-0.05739182692307693,4.0,246.0,331.0,33.0,False,,ELIGIBLE_NOT_PICKED
CTSH,59.92,2.6990617e+10,True,Technology,0.03438690884432003,0.30245894,0.022662436538328373,0.13251201923076922,3.0,119.0,331.0,33.0,False,,ELIGIBLE_NOT_PICKED
CTVA,85.9,5.7312137e+10,True,Basic Materials,0.021833451875678266,0.21562155,0.12471771767757445,0.1415264423076923,2.0,95.0,331.0,33.0,False,,ELIGIBLE_NOT_PICKED
CUBE,39.66,8.929935e+09,True,Real Estate,0.012377209211033463,0.07894435,0.10999185002520542,-0.05288461538461536,0.0,98.0,331.0,33.0,False,,ELIGIBLE_NOT_PICKED
CUBI,78.74,2.6601364e+09,True,Financial Services,0.015500942129945745,0.14241399,-0.14376014478096957,-0.3440504807692308,0.0,284.0,331.0,33.0,False,,ELIGIBLE_NOT_PICKED
CURB,29.68,3.4143286e+09,True,Real Estate,0.012872117757824297,0.08369002,-0.06353907445973904,-0.3347355769230769,0.0,282.0,331.0,33.0,False,,ELIGIBLE_NOT_PICKED
CURV,2.5,2.4880096e+08,False,,,,,,,,,,,,INELIGIBLE_TODAY
CUZ,28.41,4.6763443e+09,True,Real Estate,0.013827077685894182,0.13019617,0.04047050205927891,-0.1015625,0.0,123.0,331.0,33.0,False,,ELIGIBLE_NOT_PICKED
CVBF,22.31,3.9265027e+09,True,Financial Services,0.01261021211816027,0.06654207,-0.164429720133406,-0.4453125,0.0,329.0,331.0,33.0,False,,ELIGIBLE_NOT_PICKED
CVCO,548.04,4.2141e+09,True,Consumer Cyclical,0.02000277779368996,0.21600567,0.09760295407885107,0.11328125000000003,1.0,59.0,331.0,33.0,False,,ELIGIBLE_NOT_PICKED
CVEO,34.14,3.5290035e+08,False,,,,,,,,,,,,INELIGIBLE_TODAY
CVI,46.12,4.6364713e+09,True,Energy,0.036265049366430914,0.29452276,-0.03552250423288151,0.0222355769230769,3.0,204.0,331.0,33.0,False,,ELIGIBLE_NOT_PICKED
CVLT,133.36,5.527047e+09,True,Technology,0.03827117971632397,0.32127237,-0.027270171064449164,0.07331730769230771,4.0,130.0,331.0,33.0,False,,ELIGIBLE_NOT_PICKED
CVNA,74.72,8.222665e+10,True,Consumer Cyclical,0.04022578618724284,0.26370457,-0.19935815549357216,-0.17367788461538464,4.0,310.0,331.0,33.0,False,,ELIGIBLE_NOT_PICKED
CVS,96.07,1.22870686e+11,True,Healthcare,0.016600543755733357,0.23227839,0.1474008559990712,0.19741586538461536,1.0,21.0,331.0,33.0,True,0.008218476119763065,PICK
CVSA,125.15,4.2599583e+09,True,Consumer Defensive,0.03711475860775711,0.32989886,0.049796308588249856,0.23257211538461536,4.0,52.0,331.0,33.0,False,,ELIGIBLE_NOT_PICKED
CVX,209.8,4.145168e+11,True,Energy,0.015882496371090328,0.18009722,0.044645705504267816,-0.031249999999999972,1.0,187.0,331.0,33.0,False,,ELIGIBLE_NOT_PICKED
CW,572.71,2.1152725e+10,True,Industrials,0.023180048651743047,0.22297788,0.04260056652158638,0.03605769230769232,2.0,176.0,331.0,33.0,False,,ELIGIBLE_NOT_PICKED
CWEN,33.11,6.7966505e+09,True,Utilities,0.01959525670498387,0.15943903,-0.09857094025859987,-0.28365384615384615,1.0,312.0,331.0,33.0,False,,ELIGIBLE_NOT_PICKED
CWH,6.56,6.7761466e+08,False,,,,,,,,,,,,INELIGIBLE_TODAY
CWK,13.26,3.1123039e+09,True,Real Estate,0.028255203143234587,0.32809892,-0.08697059019470167,0.0027043269230769273,3.0,224.0,331.0,33.0,False,,ELIGIBLE_NOT_PICKED
CWST,92.07,5.8593393e+09,True,Industrials,0.01963498390049968,0.18073766,-0.03303750157379779,-0.16917067307692307,1.0,270.0,331.0,33.0,False,,ELIGIBLE_NOT_PICKED
CWT,49.87,3.083916e+09,True,Utilities,0.013063763401773338,0.075874984,0.023159117808359553,-0.19891826923076922,0.0,195.0,331.0,33.0,False,,ELIGIBLE_NOT_PICKED
CXM,5.55,1.2885509e+09,False,,,,,,,,,,,,INELIGIBLE_TODAY
CXT,49.6,2.8550408e+09,True,Industrials,0.02246974037209794,0.22391877,-0.18060592203651427,-0.24128605769230768,2.0,318.0,331.0,33.0,False,,ELIGIBLE_NOT_PICKED
CXW,35.05,3.4662167e+09,True,Industrials,0.02231932211914667,0.23730886,0.03006162771844602,0.040564903846153855,2.0,173.0,331.0,33.0,False,,ELIGIBLE_NOT_PICKED
CYH,2.84,4.0046656e+08,False,,,,,,,,,,,,INELIGIBLE_TODAY
CYRX,15.47,7.8354157e+08,False,,,,,,,,,,,,INELIGIBLE_TODAY
CYTK,75.35,1.0475415e+10,True,Healthcare,0.023630863643638225,0.35323352,-0.10490805646452483,0.023437500000000028,2.0,190.0,331.0,33.0,False,,ELIGIBLE_NOT_PICKED
CZR,29.66,6.042346e+09,True,Consumer Cyclical,0.006483635945382979,0.018729575,0.2334914851901562,-0.0027043269230769273,0.0,59.0,331.0,33.0,False,,ELIGIBLE_NOT_PICKED
D,66.22,5.8242208e+10,True,Utilities,0.009541934965341668,0.08705468,-0.05161418675056424,-0.31490384615384615,0.0,266.0,331.0,33.0,False,,ELIGIBLE_NOT_PICKED
DAL,78.96,5.1925914e+10,True,Industrials,0.019676155721486763,0.24588233,0.07549168823060211,0.13882211538461542,1.0,44.0,331.0,33.0,False,,ELIGIBLE_NOT_PICKED
DAN,31.29,3.3660744e+09,True,Consumer Cyclical,0.027303297931457242,0.35950688,0.15035680397414775,0.40564903846153844,3.0,3.0,331.0,33.0,True,0.0049968752043828574,PICK
DAR,67.11,1.0590154e+10,True,Consumer Defensive,0.023608502199724407,0.25790513,0.13296069303579114,0.23257211538461536,2.0,39.0,331.0,33.0,False,,ELIGIBLE_NOT_PICKED
DASH,200.44,8.684978e+10,True,Communication Services,0.02953985411861301,0.32056525,-0.08422468485876407,-0.008112980769230782,3.0,236.0,331.0,33.0,False,,ELIGIBLE_NOT_PICKED
DAVE,376.38,4.8009175e+09,True,Technology,0.047495983092278135,0.32855713,0.07725501058185415,0.27554086538461536,4.0,39.0,331.0,33.0,False,,ELIGIBLE_NOT_PICKED
DBD,67.08,2.2771372e+09,True,Technology,0.02992449270592415,0.2577396,0.018772903137281787,0.05498798076923078,3.0,178.0,331.0,33.0,False,,ELIGIBLE_NOT_PICKED
DBI,5.2,2.6404082e+08,False,,,,,,,,,,,,INELIGIBLE_TODAY
DBRG,15.92,2.984925e+09,True,Financial Services,0.0019490349414569544,0.009827132,0.06176894840328891,-0.15114182692307693,0.0,161.0,331.0,33.0,False,,ELIGIBLE_NOT_PICKED
DBX,33.81,7.631231e+09,True,Technology,0.02494784900536911,0.33396277,0.1679462216122426,0.3819110576923077,2.0,3.0,331.0,33.0,True,0.005468654728598632,PICK
DCH,7.0,1.6632323e+09,False,,,,,,,,,,,,INELIGIBLE_TODAY
DCI,90.99,1.0546747e+10,True,Industrials,0.013644716163948155,0.11011998,0.10980191934534755,-0.011117788461538436,0.0,64.0,331.0,33.0,False,,ELIGIBLE_NOT_PICKED
DCO,168.33,2.541746e+09,True,Industrials,0.027936481267338286,0.36379525,-0.04505012899596392,0.11147836538461539,3.0,135.0,331.0,33.0,False,,ELIGIBLE_NOT_PICKED
DD,131.32,1.7733843e+10,True,Basic Materials,0.014440606561569962,0.1912711,0.05850758574659852,0.009615384615384637,0.0,48.0,331.0,33.0,False,,ELIGIBLE_NOT_PICKED
DDD,3.38,5.6157696e+08,False,,,,,,,,,,,,INELIGIBLE_TODAY
DDOG,210.23,7.548835e+10,True,Technology,0.041912598903198296,0.32038075,-0.006305676686143926,0.10096153846153846,4.0,118.0,331.0,33.0,False,,ELIGIBLE_NOT_PICKED
DDS,645.1,1.0076108e+10,True,Consumer Cyclical,0.02795618586835665,0.25999296,-0.01871691680176934,-0.0063100961538461176,3.0,232.0,331.0,33.0,False,,ELIGIBLE_NOT_PICKED
DE,680.73,1.835421e+11,True,Industrials,0.021923901136235997,0.2060629,0.0019657824100844687,-0.0769230769230769,2.0,252.0,331.0,33.0,False,,ELIGIBLE_NOT_PICKED
DEA,24.33,1.1513349e+09,False,,,,,,,,,,,,INELIGIBLE_TODAY
DECK,82.6,1.1267815e+10,True,Consumer Cyclical,0.024471113223852238,0.23555352,0.07332689703530576,0.11478365384615385,2.0,112.0,331.0,33.0,False,,ELIGIBLE_NOT_PICKED
DEI,11.2,1.875835e+09,False,,,,,,,,,,,,INELIGIBLE_TODAY
DELL,533.88,3.460119e+11,True,Technology,0.04904947303080021,0.32753566,0.16541265403129204,0.3665865384615385,4.0,20.0,331.0,33.0,True,0.0027815012884217045,PICK
DFH,13.28,1.204813e+09,False,,,,,,,,,,,,INELIGIBLE_TODAY
DFIN,49.82,1.2248438e+09,False,,,,,,,,,,,,INELIGIBLE_TODAY
DFTX,38.23,5.1368484e+09,True,Healthcare,0.0760233698991008,0.40331984,-0.17528438287226247,0.023137019230769246,4.0,167.0,331.0,33.0,False,,ELIGIBLE_NOT_PICKED
DG,127.87,2.8210268e+10,True,Consumer Defensive,0.022668171525464426,0.23636055,0.03537098221154829,0.04687500000000003,2.0,162.0,331.0,33.0,False,,ELIGIBLE_NOT_PICKED
DGII,69.91,2.6529533e+09,True,Technology,0.030099360798658745,0.38290033,-0.05655432181983872,0.11388221153846156,3.0,133.0,331.0,33.0,False,,ELIGIBLE_NOT_PICKED
DGX,235.5,2.5992927e+10,True,Healthcare,0.016306337315003437,0.16380213,0.1737826426238642,0.10606971153846156,1.0,66.0,331.0,33.0,False,,ELIGIBLE_NOT_PICKED
DH,1.02,1.0887961e+08,False,,,,,,,,,,,,INELIGIBLE_TODAY
DHC,7.6,1.8401804e+09,False,,,,,,,,,,,,INELIGIBLE_TODAY
DHI,138.49,3.8735827e+10,True,Consumer Cyclical,0.022598092130863626,0.21374506,-0.07729476563400077,-0.18118990384615383,2.0,295.0,331.0,33.0,False,,ELIGIBLE_NOT_PICKED
DHR,205.23,1.4427383e+11,True,Healthcare,0.02445743459583619,0.26439893,0.036743505031642545,0.10276442307692307,2.0,120.0,331.0,33.0,False,,ELIGIBLE_NOT_PICKED
DIN,30.86,3.9066138e+08,False,,,,,,,,,,,,INELIGIBLE_TODAY
DINO,108.31,1.925577e+10,True,Energy,0.024833044760668745,0.29523078,0.137769913766712,0.29537259615384615,2.0,17.0,331.0,33.0,True,0.005493936556972661,PICK
DIOD,90.92,4.187021e+09,True,Technology,0.05087495712907563,0.39803764,0.022491051956710244,0.2599158653846154,4.0,46.0,331.0,33.0,False,,ELIGIBLE_NOT_PICKED
DIS,105.06,1.8140573e+11,True,Communication Services,0.01749904177191238,0.17405635,0.036181277395372746,-0.06099759615384617,1.0,210.0,331.0,33.0,False,,ELIGIBLE_NOT_PICKED
DJT,9.23,2.565398e+09,False,,,,,,,,,,,,INELIGIBLE_TODAY
DK,75.67,4.6334387e+09,True,Energy,0.03696709213075615,0.3140484,-0.003783175400736564,0.09855769230769232,4.0,119.0,331.0,33.0,False,,ELIGIBLE_NOT_PICKED
DKL,55.82,2.9694733e+09,True,Energy,0.02529580852013894,0.28915617,0.020305368131405432,0.10847355769230771,2.0,117.0,331.0,33.0,False,,ELIGIBLE_NOT_PICKED
DKNG,23.87,1.1850358e+10,True,Consumer Cyclical,0.03433371348889276,0.2770218,0.012473272331127513,0.07481971153846156,3.0,166.0,331.0,33.0,False,,ELIGIBLE_NOT_PICKED
DKS,132.37,1.1771209e+10,True,Consumer Cyclical,0.045960666690944535,0.30343395,-0.2407466479863178,-0.12740384615384615,4.0,287.0,331.0,33.0,False,,ELIGIBLE_NOT_PICKED
DLB,62.32,5.8374395e+09,True,Industrials,0.023552233116690708,0.26528084,0.004454549068843054,0.04296875,2.0,168.0,331.0,33.0,False,,ELIGIBLE_NOT_PICKED
DLR,189.5,7.012186e+10,True,Real Estate,0.022359250231225213,0.14010105,-0.05495694268757949,-0.2581129807692307,2.0,323.0,331.0,33.0,False,,ELIGIBLE_NOT_PICKED
DLTR,124.04,2.3273662e+10,True,Consumer Defensive,0.022737291395664973,0.25479344,0.11753022483071776,0.20973557692307693,2.0,46.0,331.0,33.0,False,,ELIGIBLE_NOT_PICKED
DLX,23.45,1.07533e+09,False,,,,,,,,,,,,INELIGIBLE_TODAY
DMC,32.63,1.538381e+09,False,,,,,,,,,,,,INELIGIBLE_TODAY
DMRA,29.17,1.8008251e+09,False,,,,,,,,,,,,INELIGIBLE_TODAY
DNA,6.94,4.6734154e+08,False,,,,,,,,,,,,INELIGIBLE_TODAY
DNLI,22.08,3.5294308e+09,True,Healthcare,0.03074393826012796,0.41794062,-0.10158622977516744,0.08112980769230768,3.0,162.0,331.0,33.0,False,,ELIGIBLE_NOT_PICKED
DNOW,16.15,2.919692e+09,True,Energy,0.0220577846931807,0.27241006,-0.07224094502722471,-0.06280048076923078,2.0,247.0,331.0,33.0,False,,ELIGIBLE_NOT_PICKED
DNTH,109.13,6.104119e+09,True,Healthcare,0.03427773725380847,0.45724133,-0.17667232085404597,0.03425480769230771,3.0,192.0,331.0,33.0,False,,ELIGIBLE_NOT_PICKED
DNUT,3.31,5.74285e+08,False,,,,,,,,,,,,INELIGIBLE_TODAY
DOC,20.51,1.4142204e+10,True,Real Estate,0.014248118685392023,0.11950194,0.08437517099169664,-0.03034855769230768,0.0,78.0,331.0,33.0,False,,ELIGIBLE_NOT_PICKED
DOCN,126.69,1.4896154e+10,True,Technology,0.055933266093992295,0.36914232,-0.1431506830805237,0.011418269230769273,4.0,177.0,331.0,33.0,False,,ELIGIBLE_NOT_PICKED
DOCS,24.42,4.352767e+09,True,Healthcare,0.0515935888755722,0.37268683,0.05190859840692911,0.2962740384615385,4.0,34.0,331.0,33.0,False,,ELIGIBLE_NOT_PICKED
DOCU,65.08,1.2163612e+10,True,Technology,0.034205186961178316,0.3774314,0.013035073697722586,0.22085336538461536,3.0,67.0,331.0,33.0,False,,ELIGIBLE_NOT_PICKED
DOMO,3.83,1.801485e+08,False,,,,,,,,,,,,INELIGIBLE_TODAY
DORM,128.78,3.821626e+09,True,Consumer Cyclical,0.02977994031478868,0.21925938,0.010432376290575425,-0.03816105769230771,3.0,258.0,331.0,33.0,False,,ELIGIBLE_NOT_PICKED
DOV,194.74,2.6227628e+10,True,Industrials,0.017634992836453752,0.1777115,0.0904914605935001,0.04326923076923078,1.0,127.0,331.0,33.0,False,,ELIGIBLE_NOT_PICKED
DOW,29.57,2.1359614e+10,True,Basic Materials,0.023259049939903596,0.32404587,-0.02730663482935106,0.07692307692307693,2.0,141.0,331.0,33.0,False,,ELIGIBLE_NOT_PICKED
DPZ,335.41,1.1095945e+10,True,Consumer Cyclical,0.024604477494494223,0.18178526,0.13418450545806063,0.09825721153846154,2.0,123.0,331.0,33.0,False,,ELIGIBLE_NOT_PICKED
DRH,11.97,2.44913e+09,True,Real Estate,0.015790875241578056,0.2157895,0.04824022680218874,0.03425480769230768,1.0,136.0,331.0,33.0,False,,ELIGIBLE_NOT_PICKED
DRI,212.92,2.428948e+10,True,Consumer Cyclical,0.017360081627885188,0.19856884,0.13437114575800946,0.12289663461538461,1.0,54.0,331.0,33.0,False,,ELIGIBLE_NOT_PICKED
DRS,36.94,9.858973e+09,True,Industrials,0.021532453876918656,0.20720242,-0.003375590390498204,-0.08293269230769232,2.0,257.0,331.0,33.0,False,,ELIGIBLE_NOT_PICKED
DRVN,13.22,2.1810332e+09,True,Consumer Cyclical,0.030630073944925396,0.26431483,-0.09139301153666181,-0.09735576923076922,3.0,293.0,331.0,33.0,False,,ELIGIBLE_NOT_PICKED
DSGN,15.23,9.531185e+08,False,,,,,,,,,,,,INELIGIBLE_TODAY
DSP,13.48,8.9608083e+08,False,,,,,,,,,,,,INELIGIBLE_TODAY
DT,50.29,1.4533917e+10,True,Technology,0.028007872391442066,0.33371446,0.17206902259155898,0.3828125,3.0,6.0,331.0,33.0,True,0.004871172309156322,PICK
DTE,137.26,2.8562168e+10,True,Utilities,0.010918087150828528,0.10239167,0.029837887727883244,-0.15174278846153844,0.0,162.0,331.0,33.0,False,,ELIGIBLE_NOT_PICKED
DTM,131.14,1.3378286e+10,True,Energy,0.014569733658654965,0.108576275,0.04064408882313065,-0.12349759615384615,0.0,144.0,331.0,33.0,False,,ELIGIBLE_NOT_PICKED
DUK,121.24,9.453109e+10,True,Utilities,0.011633076128410802,0.11163622,-0.000987530311285925,-0.19771634615384617,0.0,194.0,331.0,33.0,False,,ELIGIBLE_NOT_PICKED
DUOL,146.39,6.849042e+09,True,Technology,0.04049224882557089,0.389233,-0.25796528379787137,-0.010216346153846145,4.0,209.0,331.0,33.0,False,,ELIGIBLE_NOT_PICKED
DV,13.35,2.0690744e+09,True,Technology,0.027944017712770313,0.046807926,0.12629562706494088,-0.05649038461538464,3.0,271.0,331.0,33.0,False,,ELIGIBLE_NOT_PICKED
DVA,180.06,1.1487828e+10,True,Healthcare,0.026948708879142233,0.24749075,0.16526406147745357,0.24008413461538464,3.0,57.0,331.0,33.0,False,,ELIGIBLE_NOT_PICKED
DVN,48.4,5.324e+10,True,Energy,0.020880864873583323,0.21705236,-0.03742478321842181,-0.11568509615384615,1.0,243.0,331.0,33.0,False,,ELIGIBLE_NOT_PICKED
DX,12.89,3.189367e+09,True,Real Estate,0.009763606404165258,0.045149334,-0.09380183654124238,-0.3972355769230769,0.0,319.0,331.0,33.0,False,,ELIGIBLE_NOT_PICKED
DXC,11.21,1.7911191e+09,False,,,,,,,,,,,,INELIGIBLE_TODAY
DXCM,84.53,3.1898305e+10,True,Healthcare,0.02760733618681948,0.28505063,0.20789717464277846,0.3245192307692308,3.0,19.0,331.0,33.0,True,0.0049418448599438764,PICK
DXPE,189.04,2.9333617e+09,True,Industrials,0.03460512634276233,0.27669996,0.0343540252692213,0.1171875,3.0,129.0,331.0,33.0,False,,ELIGIBLE_NOT_PICKED
DY,302.91,9.136055e+09,True,Industrials,0.036412848140948334,0.2779968,-0.1573552580548763,-0.1307091346153846,3.0,302.0,331.0,33.0,False,,ELIGIBLE_NOT_PICKED
DYN,20.31,3.79282e+09,True,Healthcare,0.03355727892337075,0.4506798,-0.2096116168141574,0.02043269230769232,3.0,207.0,331.0,33.0,False,,ELIGIBLE_NOT_PICKED
EAF,6.3,1.6438064e+08,False,,,,,,,,,,,,INELIGIBLE_TODAY
EAT,222.49,9.292297e+09,True,Consumer Cyclical,0.028115772572282587,0.2799027,0.17209340498830444,0.3019831730769231,3.0,31.0,331.0,33.0,True,0.004852478162598121,PICK
EBAY,104.59,4.654255e+10,True,Consumer Cyclical,0.02026501215728651,0.20615049,0.12755740002773497,0.1268028846153846,1.0,49.0,331.0,33.0,False,,ELIGIBLE_NOT_PICKED
EBC,21.74,4.9678413e+09,True,Financial Services,0.014329022359170319,0.088447176,-0.13942063078733835,-0.4056490384615385,0.0,323.0,331.0,33.0,False,,ELIGIBLE_NOT_PICKED
EBS,6.0,3.0764e+08,False,,,,,,,,,,,,INELIGIBLE_TODAY
ECG,119.95,6.125107e+09,True,Industrials,0.041503228184062664,0.3383531,-0.09399389652195395,0.013822115384615363,4.0,174.0,331.0,33.0,False,,ELIGIBLE_NOT_PICKED
ECHO,93.42,2.7137642e+10,True,Communication Services,0.030175070244213155,0.16510227,-0.0309400539648998,-0.18359375,3.0,321.0,331.0,33.0,False,,ELIGIBLE_NOT_PICKED
ECL,278.11,7.796219e+10,True,Basic Materials,0.013400100692777887,0.080711,0.06350301150990857,-0.11899038461538464,0.0,138.0,331.0,33.0,False,,ELIGIBLE_NOT_PICKED
ECPG,98.86,2.0967579e+09,True,Financial Services,0.024874778219199103,0.24022019,0.11080627023836591,0.17548076923076922,2.0,71.0,331.0,33.0,False,,ELIGIBLE_NOT_PICKED
ECVT,10.12,1.1078202e+09,False,,,,,,,,,,,,INELIGIBLE_TODAY
ED,108.27,4.0041345e+10,True,Utilities,0.010887081892978172,0.074860245,-0.002366475445429586,-0.24909855769230768,0.0,225.0,331.0,33.0,False,,ELIGIBLE_NOT_PICKED
EDIT,3.03,4.6534752e+08,False,,,,,,,,,,,,INELIGIBLE_TODAY
EE,39.3,4.456703e+09,True,Energy,0.021338489400866172,0.17288834,0.05790447937412911,-0.017427884615384637,2.0,220.0,331.0,33.0,False,,ELIGIBLE_NOT_PICKED
EEFT,71.88,2.6885704e+09,True,Technology,0.027405328751464866,0.30625653,-0.0012940927404746876,0.09375,3.0,149.0,331.0,33.0,False,,ELIGIBLE_NOT_PICKED
EFOR,30.92,440331.72,False,,,,,,,,,,,,INELIGIBLE_TODAY
EFSC,64.0,2.3163213e+09,True,Financial Services,0.011678772441625244,0.109877326,0.008015120074335,-0.18599759615384615,0.0,182.0,331.0,33.0,False,,ELIGIBLE_NOT_PICKED
EFX,171.62,2.0162759e+10,True,Industrials,0.028792847840180342,0.26295555,0.04231071358075208,0.11268028846153844,3.0,134.0,331.0,33.0,False,,ELIGIBLE_NOT_PICKED
EG,369.83,1.4180294e+10,True,Financial Services,0.014833240117541495,0.16001883,0.07319641122938772,-0.008112980769230782,0.0,63.0,331.0,33.0,False,,ELIGIBLE_NOT_PICKED
EGBN,27.75,8.4593024e+08,False,,,,,,,,,,,,INELIGIBLE_TODAY
EGHT,1.84,2.6576133e+08,False,,,,,,,,,,,,INELIGIBLE_TODAY
EGP,200.24,1.0767569e+10,True,Real Estate,0.012237193835088039,0.06430912,0.06513742511251229,-0.13401442307692307,0.0,152.0,331.0,33.0,False,,ELIGIBLE_NOT_PICKED
EHC,120.47,1.1884773e+10,True,Healthcare,0.02105847720521417,0.14113456,0.11988823936410256,0.03215144230769229,2.0,183.0,331.0,33.0,False,,ELIGIBLE_NOT_PICKED
EHTH,0.976,3.126387e+07,False,,,,,,,,,,,,INELIGIBLE_TODAY
EIX,59.33,2.2831014e+10,True,Utilities,0.03857765067342486,0.2934428,-0.0685893724871813,-0.03125,4.0,226.0,331.0,33.0,False,,ELIGIBLE_NOT_PICKED
EL,101.69,3.6791296e+10,True,Consumer Defensive,0.029327366981994795,0.23634493,0.09452052614557371,0.1514423076923077,3.0,105.0,331.0,33.0,False,,ELIGIBLE_NOT_PICKED
ELAN,23.97,1.1975935e+10,True,Healthcare,0.024913147199737896,0.3164119,0.08472132862160558,0.26712740384615385,2.0,24.0,331.0,33.0,True,0.005476272079868407,PICK
ELF,104.31,6.155124e+09,True,Consumer Defensive,0.034760109629118525,0.24255933,-0.11067131820686822,-0.16135817307692307,3.0,315.0,331.0,33.0,False,,ELIGIBLE_NOT_PICKED
ELME,1.68,1.4928125e+08,False,,,,,,,,,,,,INELIGIBLE_TODAY
ELS,61.83,1.1999015e+10,True,Real Estate,0.012541885989347247,0.09565932,0.04475573424076616,-0.13341346153846156,0.0,151.0,331.0,33.0,False,,ELIGIBLE_NOT_PICKED
ELV,401.94,8.716844e+10,True,Healthcare,0.02213654659752761,0.258226,0.0947395311855166,0.19260817307692313,2.0,59.0,331.0,33.0,False,,ELIGIBLE_NOT_PICKED
ELVN,59.37,4.350085e+09,True,Healthcare,0.031350632765989095,0.35511085,-0.15060274137275148,-0.008713942307692318,3.0,237.0,331.0,33.0,False,,ELIGIBLE_NOT_PICKED
EMAT,3.185,1.9804351e+09,False,,,,,,,,,,,,INELIGIBLE_TODAY
EMBC,5.55,3.1446077e+08,False,,,,,,,,,,,,INELIGIBLE_TODAY
EME,773.16,3.410401e+10,True,Industrials,0.034647157340560515,0.30356506,0.009881486632286761,0.10637019230769229,3.0,136.0,331.0,33.0,False,,ELIGIBLE_NOT_PICKED
EMN,70.39,8.0510264e+09,True,Basic Materials,0.018051400688152273,0.26791143,-0.007723048831855823,0.024038461538461536,1.0,147.0,331.0,33.0,False,,ELIGIBLE_NOT_PICKED
EMR,152.15,8.486927e+10,True,Industrials,0.01904586738575292,0.15490766,0.0562580920678299,-0.04116586538461539,1.0,196.0,331.0,33.0,False,,ELIGIBLE_NOT_PICKED
ENOV,19.98,1.1522365e+09,False,,,,,,,,,,,,INELIGIBLE_TODAY
ENPH,38.83,5.1311764e+09,True,Technology,0.040158146150045274,0.34212264,-0.09182083845394479,0.0246394230769231,4.0,165.0,331.0,33.0,False,,ELIGIBLE_NOT_PICKED
ENR,21.0,1.4381564e+09,False,,,,,,,,,,,,INELIGIBLE_TODAY
ENS,180.52,6.510494e+09,True,Industrials,0.028037711947740546,0.3000219,0.11848764014017209,0.28125,3.0,44.0,331.0,33.0,False,,ELIGIBLE_NOT_PICKED
ENSG,170.54,9.939487e+09,True,Healthcare,0.01575427100798214,0.15456757,-0.06645090482031638,-0.2566105769230769,1.0,301.0,331.0,33.0,False,,ELIGIBLE_NOT_PICKED
ENTA,13.5,3.9319293e+08,False,,,,,,,,,,,,INELIGIBLE_TODAY
ENTG,141.09,2.1558553e+10,True,Technology,0.055605509959471194,0.35637575,0.03067447023541268,0.23407451923076922,4.0,51.0,331.0,33.0,False,,ELIGIBLE_NOT_PICKED
ENVA,225.79,5.621803e+09,True,Financial Services,0.02659199882227742,0.34586453,0.06665584533512885,0.2854567307692308,2.0,20.0,331.0,33.0,True,0.005130534689903843,PICK
ENVX,3.47,7.614864e+08,False,,,,,,,,,,,,INELIGIBLE_TODAY
EOG,145.36,7.624556e+10,True,Energy,0.020662332254411386,0.21321937,0.08594182947877693,0.09465144230769229,1.0,76.0,331.0,33.0,False,,ELIGIBLE_NOT_PICKED
EOSE,4.3,1.5659213e+09,False,,,,,,,,,,,,INELIGIBLE_TODAY
EPAC,37.03,1.893627e+09,False,,,,,,,,,,,,INELIGIBLE_TODAY
EPAM,115.31,5.948495e+09,True,Technology,0.03931039038779806,0.31782937,-0.013933049118013519,0.08623798076923078,4.0,124.0,331.0,33.0,False,,ELIGIBLE_NOT_PICKED
EPC,27.71,1.2771238e+09,False,,,,,,,,,,,,INELIGIBLE_TODAY
EPD,38.83,8.38525e+10,True,Energy,0.01152303477262521,0.12576085,0.030961591224969394,-0.12229567307692307,0.0,142.0,331.0,33.0,False,,ELIGIBLE_NOT_PICKED
EPR,59.9,4.588874e+09,True,Real Estate,0.012886071762712422,0.07687244,-0.013557886365815279,-0.26712740384615385,0.0,237.0,331.0,33.0,False,,ELIGIBLE_NOT_PICKED
EPRT,29.89,6.4644e+09,True,Real Estate,0.013678598007689408,0.08176163,-0.11978975887856944,-0.3966346153846154,0.0,318.0,331.0,33.0,False,,ELIGIBLE_NOT_PICKED
EQH,52.04,1.420875e+10,True,Financial Services,0.02038673757076856,0.184141,0.00044400636394586405,-0.11147836538461539,1.0,240.0,331.0,33.0,False,,ELIGIBLE_NOT_PICKED
EQIX,1041.21,1.02737945e+11,True,Real Estate,0.01773151124623953,0.14548123,0.12891882338844501,0.04567307692307693,1.0,123.0,331.0,33.0,False,,ELIGIBLE_NOT_PICKED
EQPT,19.4,4.915494e+09,True,Industrials,0.05522290626204735,0.32365525,-0.2646899771743569,-0.10216346153846154,4.0,275.0,331.0,33.0,False,,ELIGIBLE_NOT_PICKED
EQT,55.12,3.447844e+10,True,Energy,0.01764227642947333,0.12391704,0.07740657754218556,-0.037560096153846145,1.0,192.0,331.0,33.0,False,,ELIGIBLE_NOT_PICKED
ERAS,16.28,5.694126e+09,True,Healthcare,0.04318496498035942,0.39972228,-0.1457712234251803,0.037560096153846145,4.0,153.0,331.0,33.0,False,,ELIGIBLE_NOT_PICKED
ERIE,243.35,1.1240729e+10,True,Financial Services,0.03141176503884374,0.28392953,-0.15656080553388765,-0.12019230769230765,3.0,300.0,331.0,33.0,False,,ELIGIBLE_NOT_PICKED
ES,71.49,2.6928478e+10,True,Utilities,0.011596413345965595,0.08160214,0.010924124782561625,-0.21905048076923078,0.0,205.0,331.0,33.0,False,,ELIGIBLE_NOT_PICKED
ESAB,74.74,4.646422e+09,True,Industrials,0.03377402578278597,0.24051033,-0.24532566824381835,-0.23046875000000003,3.0,328.0,331.0,33.0,False,,ELIGIBLE_NOT_PICKED
ESE,272.12,7.049967e+09,True,Technology,0.02329151794698648,0.21865472,-0.02763677134646367,-0.09975961538461539,2.0,267.0,331.0,33.0,False,,ELIGIBLE_NOT_PICKED
ESI,36.21,8.824048e+09,True,Basic Materials,0.0301289595948294,0.30543005,-0.022603743838062098,0.05679086538461536,3.0,177.0,331.0,33.0,False,,ELIGIBLE_NOT_PICKED
ESNT,68.44,6.151147e+09,True,Financial Services,0.014315891432634753,0.07164428,0.06831514691254309,-0.12319711538461539,0.0,143.0,331.0,33.0,False,,ELIGIBLE_NOT_PICKED
ESRT,4.4,7.617837e+08,False,,,,,,,,,,,,INELIGIBLE_TODAY
ESS,277.41,1.7828708e+10,True,Real Estate,0.013260443190564832,0.08517004,0.0654913658274111,-0.11057692307692307,0.0,129.0,331.0,33.0,False,,ELIGIBLE_NOT_PICKED
ESTA,75.29,2.2437844e+09,True,Healthcare,0.029206084909943194,0.27002132,-0.0868956788413946,-0.08233173076923078,3.0,285.0,331.0,33.0,False,,ELIGIBLE_NOT_PICKED
ESTC,88.42,9.283329e+09,True,Technology,0.041900011959646204,0.39063677,-0.10301579998435183,0.06580528846153844,4.0,140.0,331.0,33.0,False,,ELIGIBLE_NOT_PICKED
ET,21.51,7.406537e+10,True,Energy,0.010933016179044188,0.08483347,0.06702381043120878,-0.10907451923076922,0.0,128.0,331.0,33.0,False,,ELIGIBLE_NOT_PICKED
ETN,422.13,1.639553e+11,True,Industrials,0.02979827009499378,0.2810114,-0.033554107878881,0.007812499999999972,3.0,218.0,331.0,33.0,False,,ELIGIBLE_NOT_PICKED
ETR,108.53,5.0643517e+10,True,Utilities,0.011573509372130733,0.09133148,-0.03939008356485089,-0.28756009615384615,0.0,253.0,331.0,33.0,False,,ELIGIBLE_NOT_PICKED
ETSY,72.82,6.683547e+09,True,Consumer Cyclical,0.029011725395201894,0.30978528,0.2796368846336098,0.36778846153846156,3.0,8.0,331.0,33.0,True,0.00470262180456665,PICK
EVCM,7.18,1.2684564e+09,False,,,,,,,,,,,,INELIGIBLE_TODAY
EVEX,2.25,7.840943e+08,False,,,,,,,,,,,,INELIGIBLE_TODAY
EVGO,1.41,4.4346717e+08,False,,,,,,,,,,,,INELIGIBLE_TODAY
EVH,4.22,4.771104e+08,False,,,,,,,,,,,,INELIGIBLE_TODAY
EVR,295.67,1.1370811e+10,True,Financial Services,0.023607808479911393,0.2553019,0.052823836484837544,0.11868990384615385,2.0,110.0,331.0,33.0,False,,ELIGIBLE_NOT_PICKED
EVRG,82.24,1.8961844e+10,True,Utilities,0.010449705570551622,0.087418415,-0.028236424633073187,-0.27584134615384615,0.0,244.0,331.0,33.0,False,,ELIGIBLE_NOT_PICKED
EVTC,29.03,1.7346163e+09,False,,,,,,,,,,,,INELIGIBLE_TODAY
EW,86.72,4.998541e+10,True,Healthcare,0.014968159494825547,0.10136473,0.13145807354632696,-0.0018028846153846367,0.0,57.0,331.0,33.0,False,,ELIGIBLE_NOT_PICKED
EWBC,129.25,1.7708782e+10,True,Financial Services,0.011862539052863545,0.09290286,-0.058747032842046444,-0.31760817307692313,0.0,268.0,331.0,33.0,False,,ELIGIBLE_NOT_PICKED
EWTX,43.82,4.759033e+09,True,Healthcare,0.04179568516564538,0.4108218,-0.04398522709465738,0.15114182692307693,4.0,83.0,331.0,33.0,False,,ELIGIBLE_NOT_PICKED
EXC,43.95,4.5367562e+10,True,Utilities,0.012653037343823918,0.13150796,-0.062332050779466686,-0.2746394230769231,0.0,243.0,331.0,33.0,False,,ELIGIBLE_NOT_PICKED
EXE,98.19,2.2731356e+10,True,Energy,0.01681863031280669,0.16727407,0.14123745258057985,0.08774038461538461,1.0,81.0,331.0,33.0,False,,ELIGIBLE_NOT_PICKED
EXEL,57.67,1.428957e+10,True,Healthcare,0.021708013539275935,0.30399927,0.19801181708762755,0.34615384615384615,2.0,5.0,331.0,33.0,True,0.0062848298940266405,PICK
EXFY,2.37,2.161124e+08,False,,,,,,,,,,,,INELIGIBLE_TODAY
EXLS,35.52,5.385276e+09,True,Technology,0.03380716330973801,0.21550596,0.060540848212545954,0.054387019230769246,3.0,179.0,331.0,33.0,False,,ELIGIBLE_NOT_PICKED
EXOD,7.42,2.2410818e+08,False,,,,,,,,,,,,INELIGIBLE_TODAY
EXP,190.58,5.8461036e+09,True,Basic Materials,0.022749943128072433,0.22411884,-0.01889347384628567,-0.07481971153846154,2.0,250.0,331.0,33.0,False,,ELIGIBLE_NOT_PICKED
EXPD,185.96,2.4173056e+10,True,Industrials,0.015553962425275908,0.17811574,0.19659825754533578,0.13191105769230768,0.0,6.0,331.0,33.0,True,0.00877147370562433,PICK
EXPE,274.55,3.295131e+10,True,Industrials,0.03049545966402276,0.32858703,0.0859379458199165,0.29086538461538464,3.0,37.0,331.0,33.0,False,,ELIGIBLE_NOT_PICKED
EXPO,67.865,3.226715e+09,True,Industrials,0.01769802555748219,0.15231484,0.02550167621477369,-0.10396634615384615,1.0,236.0,331.0,33.0,False,,ELIGIBLE_NOT_PICKED
EXR,139.16,2.940027e+10,True,Real Estate,0.012663231837328962,0.08485079,0.030308619748797862,-0.1748798076923077,0.0,177.0,331.0,33.0,False,,ELIGIBLE_NOT_PICKED
EXTR,21.65,2.8251226e+09,True,Technology,0.03678724808331566,0.30643988,0.07019181310571872,0.22686298076923078,4.0,54.0,331.0,33.0,False,,ELIGIBLE_NOT_PICKED
EYE,17.0,1.3441783e+09,False,,,,,,,,,,,,INELIGIBLE_TODAY
EZPW,33.09,2.0331613e+09,True,Financial Services,0.03520684692366216,0.33445853,-0.09473183476441152,0.006911057692307682,3.0,220.0,331.0,33.0,False,,ELIGIBLE_NOT_PICKED
F,14.0,5.5826338e+10,True,Consumer Cyclical,0.01879217005261536,0.2769229,0.11469114100548541,0.24759615384615385,1.0,9.0,331.0,33.0,True,0.007260000949841816,PICK
FA,20.63,3.5432786e+09,True,Industrials,0.04148402938357896,0.34763044,0.06904844965091518,0.2917668269230769,4.0,35.0,331.0,33.0,False,,ELIGIBLE_NOT_PICKED
FAC,5.69,6.0896224e+08,False,,,,,,,,,,,,INELIGIBLE_TODAY
FAF,71.38,7.28076e+09,True,Financial Services,0.020997194737395905,0.19695882,-0.07096510882860776,-0.20552884615384615,1.0,284.0,331.0,33.0,False,,ELIGIBLE_NOT_PICKED
FANG,199.65,5.590686e+10,True,Energy,0.020698247706111443,0.16817285,0.15687746928728125,0.10126201923076922,1.0,69.0,331.0,33.0,False,,ELIGIBLE_NOT_PICKED
FAST,49.38,5.666343e+10,True,Industrials,0.015047176513650434,0.10588854,0.13807623846097627,0.012319711538461564,0.0,44.0,331.0,33.0,False,,ELIGIBLE_NOT_PICKED
FATE,2.5,2.995513e+08,False,,,,,,,,,,,,INELIGIBLE_TODAY
FBIN,42.19,5.0362824e+09,True,Basic Materials,0.032717595413421244,0.25530684,0.017827940204294276,0.04867788461538464,3.0,182.0,331.0,33.0,False,,ELIGIBLE_NOT_PICKED
FBK,55.99,2.7982758e+09,True,Financial Services,0.012985419031966861,0.10055477,-0.0748701450346432,-0.328125,0.0,279.0,331.0,33.0,False,,ELIGIBLE_NOT_PICKED
FBNC,64.71,2.6773258e+09,True,Financial Services,0.013428888174267926,0.06630593,-0.054800593560105054,-0.3425480769230769,0.0,283.0,331.0,33.0,False,,ELIGIBLE_NOT_PICKED
FBP,28.08,4.286925e+09,True,Financial Services,0.012870784986998462,0.087534264,0.03095214766680259,-0.17037259615384615,0.0,174.0,331.0,33.0,False,,ELIGIBLE_NOT_PICKED
FBYD,8.07,9.785621e+08,False,,,,,,,,,,,,INELIGIBLE_TODAY
FCEL,17.76,1.4199866e+09,False,,,,,,,,,,,,INELIGIBLE_TODAY
FCF,21.1,2.13228e+09,True,Financial Services,0.011004335060635143,0.080571465,0.06328233564541073,-0.12019230769230768,0.0,139.0,331.0,33.0,False,,ELIGIBLE_NOT_PICKED
FCFS,225.42,9.776871e+09,True,Financial Services,0.025306331317893668,0.25247902,0.06705329742038786,0.1337139423076923,2.0,98.0,331.0,33.0,False,,ELIGIBLE_NOT_PICKED
FCN,151.01,4.169624e+09,True,Industrials,0.019936200500429564,0.20928629,0.06252571805767798,0.04477163461538461,1.0,124.0,331.0,33.0,False,,ELIGIBLE_NOT_PICKED
FCNCA,2149.93,2.4279417e+10,True,Financial Services,0.016588592608054946,0.1839373,-0.022995113119829016,-0.1505408653846154,1.0,264.0,331.0,33.0,False,,ELIGIBLE_NOT_PICKED
FCPT,24.82,2.724154e+09,True,Real Estate,0.013179880541859427,0.06802426,-0.04231113357308181,-0.3191105769230769,0.0,272.0,331.0,33.0,False,,ELIGIBLE_NOT_PICKED
FCX,76.62,1.1002766e+11,True,Basic Materials,0.030309645013174378,0.3648229,0.07502960880810167,0.32662259615384615,3.0,18.0,331.0,33.0,True,0.004501246133772775,PICK
FDS,289.0,1.0278442e+10,True,Financial Services,0.03236737989818754,0.2717902,0.04417463528359801,0.13251201923076922,3.0,118.0,331.0,33.0,False,,ELIGIBLE_NOT_PICKED
FDX,314.13,7.431725e+10,True,Industrials,0.01666874677497387,0.22895105,0.1338231093479858,0.1802884615384615,1.0,27.0,331.0,33.0,True,0.008184848823572718,PICK
FDXF,129.07,1.9298306e+10,True,Industrials,0.029279149334127112,0.3097948,-0.1078304167646686,-0.04867788461538464,3.0,267.0,331.0,33.0,False,,ELIGIBLE_NOT_PICKED
FE,46.45,2.6877825e+10,True,Utilities,0.011135570979569956,0.11596057,0.04032263215816033,-0.11658653846153846,0.0,133.0,331.0,33.0,False,,ELIGIBLE_NOT_PICKED
FELE,99.13,4.3826826e+09,True,Industrials,0.015521808366510547,0.18646827,0.1395101272622593,0.10787259615384617,0.0,10.0,331.0,33.0,True,0.008789644170967656,PICK
FERG,226.3,4.377835e+10,True,Industrials,0.01949380861447593,0.19618253,0.016984908624081346,-0.06400240384615385,1.0,213.0,331.0,33.0,False,,ELIGIBLE_NOT_PICKED
FET,79.86,8.981291e+08,False,,,,,,,,,,,,INELIGIBLE_TODAY
FFAI,1.84,7.093671e+06,False,,,,,,,,,,,,INELIGIBLE_TODAY
FFBC,32.61,3.4230372e+09,True,Financial Services,0.013755433199193156,0.111847095,-0.12449767505522853,-0.36087740384615385,0.0,297.0,331.0,33.0,False,,ELIGIBLE_NOT_PICKED
FFIN,33.11,4.745574e+09,True,Financial Services,0.01319872357820398,0.092733055,-0.14253545743070528,-0.40234375,0.0,321.0,331.0,33.0,False,,ELIGIBLE_NOT_PICKED
FFIV,389.62,2.2063084e+10,True,Technology,0.021891193582641834,0.25231045,0.07217185200727255,0.14212740384615385,2.0,94.0,331.0,33.0,False,,ELIGIBLE_NOT_PICKED
FG,24.17,3.164704e+09,True,Financial Services,0.02580138690404527,0.33400005,-0.18395613066483968,-0.06009615384615388,2.0,245.0,331.0,33.0,False,,ELIGIBLE_NOT_PICKED
FHB,25.81,3.1405773e+09,True,Financial Services,0.013232815992119604,0.121521614,-0.02013429419602938,-0.22145432692307693,0.0,206.0,331.0,33.0,False,,ELIGIBLE_NOT_PICKED
FHI,61.45,4.5878743e+09,True,Financial Services,0.01740007258261668,0.19157456,0.06954502929805277,0.027644230769230782,1.0,144.0,331.0,33.0,False,,ELIGIBLE_NOT_PICKED
FHN,24.67,1.1688082e+10,True,Financial Services,0.012281162972258472,0.11295608,0.08252067326115814,-0.04056490384615383,0.0,86.0,331.0,33.0,False,,ELIGIBLE_NOT_PICKED
FIBK,37.22,3.5472374e+09,True,Financial Services,0.012629573349111809,0.093129344,0.022261040050460406,-0.18149038461538464,0.0,180.0,331.0,33.0,False,,ELIGIBLE_NOT_PICKED
FICO,933.3,2.0157073e+10,True,Technology,0.04144769745184069,0.22661129,-0.06470315394709741,-0.140625,4.0,296.0,331.0,33.0,False,,ELIGIBLE_NOT_PICKED
FIG,22.75,1.2125975e+10,True,Technology,0.056141663594695114,0.24970281,-0.09855879148596619,-0.13401442307692307,4.0,293.0,331.0,33.0,False,,ELIGIBLE_NOT_PICKED
FIGR,38.265,8.5547223e+09,True,Financial Services,0.05364965985558603,0.3611907,-0.04840217222547325,0.10126201923076925,4.0,117.0,331.0,33.0,False,,ELIGIBLE_NOT_PICKED
FIGS,13.68,2.2727985e+09,True,Consumer Cyclical,0.04772923342957234,0.32694095,-0.024201859324694527,0.08804086538461542,4.0,123.0,331.0,33.0,False,,ELIGIBLE_NOT_PICKED
FIRY,9.73,1.6173456e+08,False,,,,,,,,,,,,INELIGIBLE_TODAY
FIS,39.42,2.0329128e+10,True,Technology,0.023715998571230607,0.24742468,-0.1029151038489521,-0.1436298076923077,2.0,284.0,331.0,33.0,False,,ELIGIBLE_NOT_PICKED
FISV,50.86,2.7045655e+10,True,Technology,0.02755726443358532,0.29500195,-0.032123701312792546,0.027644230769230782,3.0,197.0,331.0,33.0,False,,ELIGIBLE_NOT_PICKED
FITB,54.51,4.9434714e+10,True,Financial Services,0.014103111436825575,0.13050634,-0.13551476995484743,-0.34915865384615385,0.0,286.0,331.0,33.0,False,,ELIGIBLE_NOT_PICKED
FIVE,254.07,1.3987579e+10,True,Consumer Cyclical,0.023677137125062916,0.2215739,0.08691640061097768,0.11298076923076922,2.0,114.0,331.0,33.0,False,,ELIGIBLE_NOT_PICKED
FIVN,31.23,2.3336159e+09,True,Technology,0.046505461805502156,0.40116104,0.08049275791834487,0.36959134615384615,4.0,18.0,331.0,33.0,True,0.0029336591259359343,PICK
FIX,1648.47,5.8016797e+10,True,Industrials,0.03882913885953875,0.3269649,0.025392623593315053,0.17698317307692307,4.0,71.0,331.0,33.0,False,,ELIGIBLE_NOT_PICKED
FIZZ,31.1,2.9113364e+09,True,Consumer Defensive,0.024238625210826585,0.22384496,-0.10133099975730625,-0.18689903846153846,2.0,297.0,331.0,33.0,False,,ELIGIBLE_NOT_PICKED
FLEX,114.31,4.2226455e+10,True,Technology,0.04304780468571261,0.30745506,-0.04206961229174392,0.03125000000000003,4.0,159.0,331.0,33.0,False,,ELIGIBLE_NOT_PICKED
FLG,13.5,5.6037535e+09,True,Financial Services,0.015134466486732135,0.18103766,-0.08260760052106536,-0.23858173076923078,0.0,215.0,331.0,33.0,False,,ELIGIBLE_NOT_PICKED
FLGT,20.2,5.558089e+08,False,,,,,,,,,,,,INELIGIBLE_TODAY
FLNA,0.797,3.850139e+07,False,,,,,,,,,,,,INELIGIBLE_TODAY
FLNC,11.04,2.0379439e+09,True,Utilities,0.051932690544091976,0.32439345,-0.209338964695286,-0.08743990384615383,4.0,268.0,331.0,33.0,False,,ELIGIBLE_NOT_PICKED
FLO,6.32,1.3402029e+09,False,,,,,,,,,,,,INELIGIBLE_TODAY
FLOC,21.24,1.9191026e+09,False,,,,,,,,,,,,INELIGIBLE_TODAY
FLR,56.62,7.572419e+09,True,Industrials,0.03496626571468878,0.28912038,0.04544806598198021,0.15775240384615385,3.0,103.0,331.0,33.0,False,,ELIGIBLE_NOT_PICKED
FLS,76.98,9.785142e+09,True,Industrials,0.02502403784631814,0.23483089,0.04953479351212997,0.07421875,2.0,144.0,331.0,33.0,False,,ELIGIBLE_NOT_PICKED
FLUT,100.7,1.7475387e+10,True,Consumer Cyclical,0.03363217747349042,0.3175334,-0.04267824236044991,0.043269230769230754,3.0,187.0,331.0,33.0,False,,ELIGIBLE_NOT_PICKED
FLWS,3.65,2.3395946e+08,False,,,,,,,,,,,,INELIGIBLE_TODAY
FLY,22.9,3.8335665e+09,True,Industrials,0.056304077896626364,0.3199027,-0.32007579680608367,-0.11448317307692307,4.0,282.0,331.0,33.0,False,,ELIGIBLE_NOT_PICKED
FLYW,17.97,2.186368e+09,True,Technology,0.02947038145083678,0.3877462,0.05797467567090818,0.32091346153846156,3.0,21.0,331.0,33.0,True,0.004629433543613077,PICK
FMC,12.81,1.6041558e+09,False,,,,,,,,,,,,INELIGIBLE_TODAY
FMCC,5.48,3.5623263e+09,False,,,,,,,,,,,,INELIGIBLE_TODAY
FN,416.31,1.4918412e+10,True,Technology,0.05311081484698745,0.27895987,-0.1319584686411164,-0.11147836538461542,4.0,280.0,331.0,33.0,False,,ELIGIBLE_NOT_PICKED
FNB,18.32,6.466978e+09,True,Financial Services,0.012841163487216551,0.094164476,-0.008202562173729618,-0.23858173076923075,0.0,214.0,331.0,33.0,False,,ELIGIBLE_NOT_PICKED
FND,47.92,5.102999e+09,True,Consumer Cyclical,0.03283961364616989,0.29497716,-0.09139957568020206,-0.053185096153846145,3.0,270.0,331.0,33.0,False,,ELIGIBLE_NOT_PICKED
FNF,44.65,1.197481e+10,True,Financial Services,0.019404810209570737,0.19543593,-0.1268393654711996,-0.26231971153846156,1.0,305.0,331.0,33.0,False,,ELIGIBLE_NOT_PICKED
FNMA,6.08,7.0411725e+09,False,,,,,,,,,,,,INELIGIBLE_TODAY
FOR,27.08,1.3815574e+09,False,,,,,,,,,,,,INELIGIBLE_TODAY
FORM,109.86,8.5823427e+09,True,Technology,0.07195046135752795,0.36222818,-0.024167913891344928,0.14513221153846154,4.0,89.0,331.0,33.0,False,,ELIGIBLE_NOT_PICKED
FOSL,5.11,3.0219546e+08,False,,,,,,,,,,,,INELIGIBLE_TODAY
FOUR,42.29,3.3392236e+09,True,Technology,0.05029220770977682,0.33081186,-0.17272471478681103,-0.05979567307692307,4.0,248.0,331.0,33.0,False,,ELIGIBLE_NOT_PICKED
FOXA,65.23,2.7373779e+10,True,Communication Services,0.032305247488343514,0.26872823,0.011551888814776923,0.06039663461538458,3.0,175.0,331.0,33.0,False,,ELIGIBLE_NOT_PICKED
FOXF,20.26,8.515481e+08,False,,,,,,,,,,,,INELIGIBLE_TODAY
FPH,5.09,7.527075e+08,False,,,,,,,,,,,,INELIGIBLE_TODAY
FPS,32.31,9.836098e+09,True,Industrials,0.046187089807371004,0.249319,0.040700835816612047,0.08173076923076922,4.0,127.0,331.0,33.0,False,,ELIGIBLE_NOT_PICKED
FR,61.73,8.183728e+09,True,Real Estate,0.012252626075103539,0.068143815,0.07932505879249518,-0.10456730769230771,0.0,126.0,331.0,33.0,False,,ELIGIBLE_NOT_PICKED
FRHC,162.02,1.0334878e+10,True,Financial Services,0.042833529239335616,0.20865141,-0.27472314733086933,-0.29897836538461536,4.0,329.0,331.0,33.0,False,,ELIGIBLE_NOT_PICKED
FRME,41.17,2.5855345e+09,True,Financial Services,0.013818526180496506,0.13221069,-0.09395914438726603,-0.31099759615384615,0.0,263.0,331.0,33.0,False,,ELIGIBLE_NOT_PICKED
FRMI,5.71,3.6570685e+09,False,,,,,,,,,,,,INELIGIBLE_TODAY
FROG,86.73,1.0693923e+10,True,Technology,0.04180848280299699,0.36356494,-0.030548895341829578,0.13792067307692307,4.0,94.0,331.0,33.0,False,,ELIGIBLE_NOT_PICKED
FRPT,67.28,3.2333473e+09,True,Consumer Defensive,0.03534991256072866,0.31951416,-0.04254101903686888,0.046274038461538464,3.0,184.0,331.0,33.0,False,,ELIGIBLE_NOT_PICKED
FRSH,12.1,3.1571412e+09,True,Technology,0.03163230608570156,0.39521414,0.08484041395667341,0.3740985576923077,3.0,7.0,331.0,33.0,True,0.004313032760303431,PICK
FRT,117.25,1.018775e+10,True,Real Estate,0.009941307474544038,0.06450576,0.046580936835420056,-0.16376201923076922,0.0,169.0,331.0,33.0,False,,ELIGIBLE_NOT_PICKED
FRVO,18.9,5.42388e+09,True,Utilities,0.08520851529394276,0.25771844,-0.12394684131199696,-0.14423076923076925,4.0,300.0,331.0,33.0,False,,ELIGIBLE_NOT_PICKED
FSK,12.18,3.3658245e+09,True,Financial Services,0.021608534568115553,0.117198825,-0.030591322311511675,-0.23858173076923075,2.0,317.0,331.0,33.0,False,,ELIGIBLE_NOT_PICKED
FSLR,213.25,2.2917933e+10,True,Technology,0.028693833117003405,0.3038723,-0.003441804689837883,0.08563701923076922,3.0,158.0,331.0,33.0,False,,ELIGIBLE_NOT_PICKED
FSLY,21.49,3.423357e+09,True,Technology,0.05324147334960863,0.43834403,-0.004064725548896204,0.22055288461538464,4.0,58.0,331.0,33.0,False,,ELIGIBLE_NOT_PICKED
FSS,118.25,7.2181704e+09,True,Industrials,0.025997294063984915,0.21660891,-0.1156925935120877,-0.2166466346153846,2.0,309.0,331.0,33.0,False,,ELIGIBLE_NOT_PICKED
FTAI,196.69,2.0201458e+10,True,Industrials,0.03950349411733041,0.2209713,-0.09906241364368817,-0.19170673076923078,4.0,314.0,331.0,33.0,False,,ELIGIBLE_NOT_PICKED
FTDR,81.04,5.583114e+09,True,Consumer Cyclical,0.031225467375392228,0.2069116,0.14065628520034376,0.13972355769230768,3.0,111.0,331.0,33.0,False,,ELIGIBLE_NOT_PICKED
FTI,78.16,3.0651568e+10,True,Energy,0.022208669157657568,0.25843686,0.24163413870308503,0.28665865384615385,2.0,19.0,331.0,33.0,True,0.0061431493919362045,PICK
FTNT,157.47,1.1553789e+11,True,Technology,0.02706951208538069,0.28130597,0.17882995322898307,0.3079927884615385,3.0,28.0,331.0,33.0,True,0.0050400307179994655,PICK
FTRE,17.06,1.622406e+09,False,,,,,,,,,,,,INELIGIBLE_TODAY
FTV,56.51,1.7066983e+10,True,Technology,0.016639113215949564,0.1483348,0.1816718426702437,0.08924278846153844,1.0,78.0,331.0,33.0,False,,ELIGIBLE_NOT_PICKED
FUBO,11.23,1.2262801e+09,False,,,,,,,,,,,,INELIGIBLE_TODAY
FUL,53.04,2.8528842e+09,True,Basic Materials,0.02156370324663562,0.25802338,0.012882653190689899,0.04176682692307693,2.0,170.0,331.0,33.0,False,,ELIGIBLE_NOT_PICKED
FULT,23.62,4.509402e+09,True,Financial Services,0.011977299996267041,0.08901953,-0.08967385741327279,-0.3572716346153846,0.0,294.0,331.0,33.0,False,,ELIGIBLE_NOT_PICKED
FUN,15.74,1.6104588e+09,False,,,,,,,,,,,,INELIGIBLE_TODAY
FWONA,87.25,2.1874315e+10,True,Communication Services,0.015921444492829954,0.1394852,-0.10525451755342667,-0.3185096153846154,1.0,319.0,331.0,33.0,False,,ELIGIBLE_NOT_PICKED
FWRD,17.27,5.8339546e+08,False,,,,,,,,,,,,INELIGIBLE_TODAY
G,35.35,5.940016e+09,True,Technology,0.02658215777754433,0.26406607,-0.023434021994053714,-0.005108173076923045,2.0,211.0,331.0,33.0,False,,ELIGIBLE_NOT_PICKED
GAP,22.38,7.8614257e+09,True,Consumer Cyclical,0.028552272021476883,0.2572984,-0.06026588808361853,-0.07512019230769232,3.0,282.0,331.0,33.0,False,,ELIGIBLE_NOT_PICKED
GATX,176.32,6.224096e+09,True,Industrials,0.012712670565466058,0.07628248,-0.07853701409424423,-0.3620793269230769,0.0,300.0,331.0,33.0,False,,ELIGIBLE_NOT_PICKED
GBCI,46.23,6.0196987e+09,True,Financial Services,0.015414972777579986,0.14557335,-0.15974848889015927,-0.3506610576923077,0.0,287.0,331.0,33.0,False,,ELIGIBLE_NOT_PICKED
GBDC,12.78,3.3183473e+09,True,Financial Services,0.0123760079596511,0.057242885,-0.0831323380969611,-0.38221153846153844,0.0,308.0,331.0,33.0,False,,ELIGIBLE_NOT_PICKED
GBX,42.76,1.322981e+09,False,,,,,,,,,,,,INELIGIBLE_TODAY
GCMG,13.18,2.6728e+09,True,Financial Services,0.01995192021332337,0.15472613,0.14358782378004514,0.07091346153846156,1.0,96.0,331.0,33.0,False,,ELIGIBLE_NOT_PICKED
GCO,34.55,3.8374592e+08,False,,,,,,,,,,,,INELIGIBLE_TODAY
GD,356.58,9.647528e+10,True,Industrials,0.012796069297546056,0.16574258,0.07325267743129778,0.002103365384615391,0.0,55.0,331.0,33.0,False,,ELIGIBLE_NOT_PICKED
GDDY,92.88,1.1763039e+10,True,Technology,0.04041446473776071,0.49242792,0.08558523195755721,0.3915264423076923,4.0,11.0,331.0,33.0,True,0.003375800553510828,PICK
GDOT,13.25,7.5505363e+08,False,,,,,,,,,,,,INELIGIBLE_TODAY
GDRX,3.52,1.2008317e+09,False,,,,,,,,,,,,INELIGIBLE_TODAY
GDYN,7.89,6.400911e+08,False,,,,,,,,,,,,INELIGIBLE_TODAY
GE,334.91,3.4749006e+11,True,Industrials,0.01831282190945606,0.14704718,0.08410105615986047,-0.002103365384615391,1.0,160.0,331.0,33.0,False,,ELIGIBLE_NOT_PICKED
GEF,84.69,3.909995e+09,True,Consumer Cyclical,0.01675293623942346,0.20365556,0.0770380115105061,0.060096153846153855,1.0,110.0,331.0,33.0,False,,ELIGIBLE_NOT_PICKED
GEG,2.2,6.840876e+07,False,,,,,,,,,,,,INELIGIBLE_TODAY
GEHC,66.775,3.0161349e+10,True,Healthcare,0.025185497446997364,0.2039812,-0.07063154787205102,-0.1953125,2.0,303.0,331.0,33.0,False,,ELIGIBLE_NOT_PICKED
GEL,15.8,1.9309862e+09,False,,,,,,,,,,,,INELIGIBLE_TODAY
GEMI,4.68,6.067723e+08,False,,,,,,,,,,,,INELIGIBLE_TODAY
GEN,29.81,1.784388e+10,True,Technology,0.021774975549956655,0.22386241,0.060523866598157866,0.07241586538461539,2.0,145.0,331.0,33.0,False,,ELIGIBLE_NOT_PICKED
GENB,15.9,2.0408037e+09,True,Healthcare,0.050918798260162344,0.4557033,-0.2519231298608021,0.011418269230769218,4.0,178.0,331.0,33.0,False,,ELIGIBLE_NOT_PICKED
GEO,32.04,4.2170916e+09,True,Industrials,0.018566716639817453,0.21330148,0.07724255004144548,0.07962740384615383,1.0,87.0,331.0,33.0,False,,ELIGIBLE_NOT_PICKED
GETY,0.258,1.0862277e+08,False,,,,,,,,,,,,INELIGIBLE_TODAY
GEV,971.31,2.5869246e+11,True,Utilities,0.03589896323485702,0.31745017,-0.045370355512807846,0.035456730769230754,3.0,191.0,331.0,33.0,False,,ELIGIBLE_NOT_PICKED
GFF,97.33,4.4085345e+09,True,Industrials,0.0260095449031797,0.21061112,0.17579884136777077,0.1739783653846154,2.0,72.0,331.0,33.0,False,,ELIGIBLE_NOT_PICKED
GGG,77.03,1.2475303e+10,True,Industrials,0.01425783814622773,0.101392135,0.12115928876548757,-0.011718750000000028,0.0,65.0,331.0,33.0,False,,ELIGIBLE_NOT_PICKED
GH,160.98,2.16029e+10,True,Healthcare,0.033471123024617376,0.36467674,0.05297720488130797,0.2902644230769231,3.0,38.0,331.0,33.0,False,,ELIGIBLE_NOT_PICKED
GHC,1127.68,4.7756436e+09,True,Consumer Defensive,0.015422400598187537,0.22696435,0.039758569902345706,0.0363581730769231,0.0,31.0,331.0,33.0,True,0.008846299352878308,PICK
GIII,27.62,1.1653037e+09,False,,,,,,,,,,,,INELIGIBLE_TODAY
GILD,146.64,1.8182703e+11,True,Healthcare,0.018428788696758402,0.24591987,0.12734292056482696,0.20342548076923078,1.0,19.0,331.0,33.0,True,0.0074031546335747225,PICK
GIS,37.69,2.011547e+10,True,Consumer Defensive,0.023321709032875927,0.22841583,0.061967487295418705,0.08263221153846154,2.0,134.0,331.0,33.0,False,,ELIGIBLE_NOT_PICKED
GKOS,185.04,1.0914388e+10,True,Healthcare,0.021701784950268026,0.29721832,0.18892771629422583,0.33203125,2.0,8.0,331.0,33.0,True,0.00628663369138636,PICK
GL,170.68,1.3116664e+10,True,Financial Services,0.01479001216639749,0.14844301,0.07644983101747473,-0.013822115384615363,0.0,67.0,331.0,33.0,False,,ELIGIBLE_NOT_PICKED
GLP,53.11,1.8055044e+09,False,,,,,,,,,,,,INELIGIBLE_TODAY
GLPI,41.62,1.2108092e+10,True,Real Estate,0.01387064355799074,0.07827754,-0.07891257743560515,-0.3602764423076923,0.0,296.0,331.0,33.0,False,,ELIGIBLE_NOT_PICKED
GLUE,14.27,1.2174222e+09,False,,,,,,,,,,,,INELIGIBLE_TODAY
GLW,165.96,1.42956e+11,True,Technology,0.05877895620690964,0.3448486,-0.03472813789243263,0.10637019230769232,4.0,113.0,331.0,33.0,False,,ELIGIBLE_NOT_PICKED
GLXY,27.05,1.057355e+10,True,Financial Services,0.05676036796837355,0.36048296,-0.23153551873432768,-0.03515625000000003,4.0,230.0,331.0,33.0,False,,ELIGIBLE_NOT_PICKED
GM,85.79,7.527657e+10,True,Consumer Cyclical,0.0186165005420055,0.25953194,0.21674859777899572,0.2860576923076923,1.0,6.0,331.0,33.0,True,0.007328507961189525,PICK
GME,18.89,8.475778e+09,True,Consumer Cyclical,0.021324346643791757,0.19131331,-0.1309874575357194,-0.2713341346153846,2.0,324.0,331.0,33.0,False,,ELIGIBLE_NOT_PICKED
GMED,75.04,1.0075014e+10,True,Healthcare,0.0252707123860889,0.26519606,0.004369407285534255,0.042367788461538464,2.0,169.0,331.0,33.0,False,,ELIGIBLE_NOT_PICKED
GNL,9.1,1.919464e+09,False,,,,,,,,,,,,INELIGIBLE_TODAY
GNRC,190.21,1.12236e+10,True,Industrials,0.033872796416895765,0.3137527,-0.008853211039539942,0.0859375,3.0,157.0,331.0,33.0,False,,ELIGIBLE_NOT_PICKED
GNTX,22.8,4.80358e+09,True,Consumer Cyclical,0.01774177874785742,0.23264071,-0.019979042769656355,-0.06129807692307693,1.0,211.0,331.0,33.0,False,,ELIGIBLE_NOT_PICKED
GNW,10.42,3.9372078e+09,True,Financial Services,0.01179735386540891,0.103802666,0.09549005494373686,-0.035757211538461536,0.0,84.0,331.0,33.0,False,,ELIGIBLE_NOT_PICKED
GO,11.75,1.1642428e+09,False,,,,,,,,,,,,INELIGIBLE_TODAY
GOGO,2.75,3.7264662e+08,False,,,,,,,,,,,,INELIGIBLE_TODAY
GOLF,85.79,5.0105687e+09,True,Consumer Cyclical,0.022111003521381106,0.17990167,-0.0390894957374334,-0.1787860576923077,2.0,294.0,331.0,33.0,False,,ELIGIBLE_NOT_PICKED
GOOGL,338.36,4.1381428e+12,True,Communication Services,0.02297246706536711,0.19645256,0.02356189363446495,-0.04807692307692307,2.0,239.0,331.0,33.0,False,,ELIGIBLE_NOT_PICKED
GPC,134.06,1.848148e+10,True,Consumer Cyclical,0.024861507596754127,0.19852175,0.06790701127315027,0.03455528846153849,2.0,178.0,331.0,33.0,False,,ELIGIBLE_NOT_PICKED
GPCR,40.38,8.638476e+09,True,Healthcare,0.03449354322194194,0.3915076,-0.31133769642848513,-0.015625,3.0,243.0,331.0,33.0,False,,ELIGIBLE_NOT_PICKED
GPGI,13.9,4.0294723e+09,True,Industrials,0.04063969947511598,0.26492837,-0.3471068785359529,-0.19411057692307696,4.0,316.0,331.0,33.0,False,,ELIGIBLE_NOT_PICKED
GPI,281.6,3.3572987e+09,True,Consumer Cyclical,0.0354400488621648,0.34622207,-0.015057878489918044,0.13701923076923075,3.0,115.0,331.0,33.0,False,,ELIGIBLE_NOT_PICKED
GPK,9.89,2.928148e+09,False,,,,,,,,,,,,INELIGIBLE_TODAY
GPN,89.42,2.3662176e+10,True,Industrials,0.025650244640927338,0.21894653,-0.1278548684720333,-0.22175480769230768,2.0,311.0,331.0,33.0,False,,ELIGIBLE_NOT_PICKED
GPOR,180.04,3.1838031e+09,True,Energy,0.018445834519703275,0.14262076,0.04663524064429549,-0.07331730769230771,1.0,218.0,331.0,33.0,False,,ELIGIBLE_NOT_PICKED
GPRE,15.78,1.1061043e+09,False,,,,,,,,,,,,INELIGIBLE_TODAY
GPRO,1.455,2.6845392e+08,False,,,,,,,,,,,,INELIGIBLE_TODAY
GRAL,79.1,3.533099e+09,True,Healthcare,0.043547539723323536,0.36068562,-0.2258191056863384,-0.03215144230769232,4.0,227.0,331.0,33.0,False,,ELIGIBLE_NOT_PICKED
GRBK,70.25,3.0215014e+09,True,Consumer Cyclical,0.02043635020047801,0.20042104,-0.06261319028423196,-0.18689903846153846,1.0,278.0,331.0,33.0,False,,ELIGIBLE_NOT_PICKED
GRC,75.49,1.9937092e+09,False,,,,,,,,,,,,INELIGIBLE_TODAY
GRDN,42.45,2.688881e+09,True,Healthcare,0.02930731778695557,0.31986532,0.04080958336314035,0.1908052884615385,3.0,83.0,331.0,33.0,False,,ELIGIBLE_NOT_PICKED
GRMN,275.68,5.316559e+10,True,Technology,0.02613980723998598,0.20123585,0.01446987309854607,-0.062199519230769246,2.0,246.0,331.0,33.0,False,,ELIGIBLE_NOT_PICKED
GRND,15.46,2.6872668e+09,True,Technology,0.027685457726335405,0.18970464,0.1540655281560056,0.125,3.0,127.0,331.0,33.0,False,,ELIGIBLE_NOT_PICKED
GRPN,18.95,7.7060736e+08,False,,,,,,,,,,,,INELIGIBLE_TODAY
GRWG,1.63,9.604033e+07,False,,,,,,,,,,,,INELIGIBLE_TODAY
GS,1036.53,3.018079e+11,True,Financial Services,0.02264990617820969,0.19701006,-0.017885952773280065,-0.12319711538461539,2.0,276.0,331.0,33.0,False,,ELIGIBLE_NOT_PICKED
GSAT,82.22,1.0652702e+10,True,Communication Services,0.008209522205866895,0.03698308,0.07575651937543244,-0.12199519230769232,0.0,141.0,331.0,33.0,False,,ELIGIBLE_NOT_PICKED
GSBD,9.68,1.0896686e+09,False,,,,,,,,,,,,INELIGIBLE_TODAY
GSHD,62.32,2.2133512e+09,True,Financial Services,0.042714747246738065,0.32454562,0.1016704864894627,0.3004807692307692,4.0,31.0,331.0,33.0,True,0.0031940063145754673,PICK
GT,5.85,1.6842076e+09,False,,,,,,,,,,,,INELIGIBLE_TODAY
GTES,25.65,6.4933274e+09,True,Industrials,0.025668057618306383,0.22001673,0.02614597401374448,-0.0012019230769230727,2.0,210.0,331.0,33.0,False,,ELIGIBLE_NOT_PICKED
GTLB,47.15,7.85519e+09,True,Technology,0.036429718992326214,0.3358381,0.00344457143152589,0.15054086538461536,3.0,106.0,331.0,33.0,False,,ELIGIBLE_NOT_PICKED
GTM,3.9,1.1353292e+09,False,,,,,,,,,,,,INELIGIBLE_TODAY
GTN,4.77,4.9123552e+08,False,,,,,,,,,,,,INELIGIBLE_TODAY
GTX,27.99,5.2199506e+09,True,Consumer Cyclical,0.025609105320223195,0.27333006,0.20324105776805584,0.30709134615384615,2.0,15.0,331.0,33.0,True,0.005327447824732807,PICK
GTY,32.61,2.0196253e+09,True,Real Estate,0.012189561184831157,0.07215484,-0.06608694816500421,-0.3536658653846154,0.0,289.0,331.0,33.0,False,,ELIGIBLE_NOT_PICKED
GVA,119.08,5.211478e+09,True,Industrials,0.027044052725368053,0.22747889,-0.10007740544763051,-0.1778846153846154,3.0,319.0,331.0,33.0,False,,ELIGIBLE_NOT_PICKED
GWH,0.388,1.279237e+07,False,,,,,,,,,,,,INELIGIBLE_TODAY
GWRE,149.71,1.246431e+10,True,Technology,0.04709652596907539,0.35009938,0.006537476349100933,0.17758413461538464,4.0,70.0,331.0,33.0,False,,ELIGIBLE_NOT_PICKED
GWW,1289.17,6.0721123e+10,True,Industrials,0.015159232680892544,0.19384933,0.17038456077027245,0.14212740384615383,0.0,5.0,331.0,33.0,True,0.008999873232603728,PICK
GXO,46.71,5.3569167e+09,True,Industrials,0.02426583805105855,0.26453668,-0.08106453473399419,-0.08563701923076925,2.0,260.0,331.0,33.0,False,,ELIGIBLE_NOT_PICKED
H,161.11,1.518248e+10,True,Consumer Cyclical,0.017905474089212874,0.20782754,0.010582005308245835,-0.05859375,1.0,207.0,331.0,33.0,False,,ELIGIBLE_NOT_PICKED
HAE,102.84,4.6789166e+09,True,Healthcare,0.027891436947362073,0.29968056,0.2101651544969075,0.34314903846153844,3.0,13.0,331.0,33.0,True,0.004891507479125412,PICK
HAIN,0.681,6.146262e+07,False,,,,,,,,,,,,INELIGIBLE_TODAY
HAL,36.8,3.0659197e+10,True,Energy,0.021588942264798596,0.24538662,0.15812346327314464,0.2298677884615385,2.0,40.0,331.0,33.0,False,,ELIGIBLE_NOT_PICKED
HALO,108.31,1.2292968e+10,True,Healthcare,0.0308460438331684,0.265693,0.12878952070156918,0.24579326923076922,3.0,53.0,331.0,33.0,False,,ELIGIBLE_NOT_PICKED
HAPN,17.49,2.0184765e+09,True,Financial Services,0.02554609545852788,0.2710019,-0.12089395565412102,-0.11598557692307693,2.0,271.0,331.0,33.0,False,,ELIGIBLE_NOT_PICKED
HAS,90.31,1.2737725e+10,True,Consumer Cyclical,0.020123224536917783,0.18175292,0.06773890134628437,0.009915865384615391,1.0,153.0,331.0,33.0,False,,ELIGIBLE_NOT_PICKED
HASI,39.37,5.0588795e+09,True,Financial Services,0.01652274042969211,0.11924867,-0.15323546970259116,-0.37259615384615385,1.0,329.0,331.0,33.0,False,,ELIGIBLE_NOT_PICKED
HAWK,17.83,1.7467258e+09,False,,,,,,,,,,,,INELIGIBLE_TODAY
HAYW,13.44,2.8508872e+09,True,Industrials,0.022597423748581084,0.23103197,0.03062884150734289,0.028846153846153855,2.0,188.0,331.0,33.0,False,,ELIGIBLE_NOT_PICKED
HBAN,16.76,3.3862152e+10,True,Financial Services,0.014862356130901973,0.16540137,-0.08285034312438304,-0.25721153846153844,0.0,231.0,331.0,33.0,False,,ELIGIBLE_NOT_PICKED
HCA,402.02,8.7037936e+10,True,Healthcare,0.023000806200360102,0.2070465,0.08383946201659098,0.07842548076923078,2.0,139.0,331.0,33.0,False,,ELIGIBLE_NOT_PICKED
HCAT,1.7,1.2793585e+08,False,,,,,,,,,,,,INELIGIBLE_TODAY
HCC,105.58,5.5748444e+09,True,Basic Materials,0.026407612079631472,0.30022115,-0.006291900727699683,0.07181490384615385,2.0,147.0,331.0,33.0,False,,ELIGIBLE_NOT_PICKED
HCI,186.09,2.3147487e+09,True,Financial Services,0.01621609336816874,0.1131137,0.08858715240353941,-0.03155048076923078,1.0,188.0,331.0,33.0,False,,ELIGIBLE_NOT_PICKED
HCSG,21.78,1.4948093e+09,False,,,,,,,,,,,,INELIGIBLE_TODAY
HD,313.7,3.1297523e+11,True,Consumer Cyclical,0.017516362745514758,0.17654994,-0.06565086322901216,-0.2277644230769231,1.0,293.0,331.0,33.0,False,,ELIGIBLE_NOT_PICKED
HE,10.9,1.8827352e+09,False,,,,,,,,,,,,INELIGIBLE_TODAY
HEI,316.1,4.4177314e+10,True,Industrials,0.014816259815093297,0.114363916,-0.1189216461048925,-0.35396634615384615,0.0,290.0,331.0,33.0,False,,ELIGIBLE_NOT_PICKED
HELE,28.07,6.538081e+08,False,,,,,,,,,,,,INELIGIBLE_TODAY
HESM,40.97,5.2585354e+09,True,Energy,0.012582638387507,0.07664771,0.20795621032662248,0.01472355769230771,0.0,42.0,331.0,33.0,False,,ELIGIBLE_NOT_PICKED
HG,34.87,3.4386836e+09,True,Financial Services,0.015151315141979335,0.15517052,0.08543338976531539,0.009014423076923073,0.0,49.0,331.0,33.0,False,,ELIGIBLE_NOT_PICKED
HGTY,13.37,4.5942354e+09,True,Financial Services,0.02726600550142905,0.14677466,0.0653140698924401,-0.038461538461538436,3.0,259.0,331.0,33.0,False,,ELIGIBLE_NOT_PICKED
HGV,40.55,3.151714e+09,True,Consumer Cyclical,0.026628335337095244,0.28528723,-0.00679190241489746,0.05258413461538464,2.0,155.0,331.0,33.0,False,,ELIGIBLE_NOT_PICKED
HHH,64.05,3.8251323e+09,True,Real Estate,0.016078119585960844,0.18989436,-0.23790730390823966,-0.3221153846153846,1.0,321.0,331.0,33.0,False,,ELIGIBLE_NOT_PICKED
HHS,4.22,3.1456892e+07,False,,,,,,,,,,,,INELIGIBLE_TODAY
HIG,135.66,3.6746494e+10,True,Financial Services,0.013054693172135862,0.12184445,0.15430493143193394,0.045973557692307654,0.0,29.0,331.0,33.0,True,0.010450737572505897,PICK
HII,287.67,1.133552e+10,True,Industrials,0.026071751263797852,0.23334014,0.004526931664796317,-0.019230769230769218,2.0,221.0,331.0,33.0,False,,ELIGIBLE_NOT_PICKED
HIMS,28.17,6.572439e+09,True,Consumer Defensive,0.05865265010539707,0.30226874,-0.18360199916756287,-0.11268028846153849,4.0,281.0,331.0,33.0,False,,ELIGIBLE_NOT_PICKED
HIW,30.5,3.3643395e+09,True,Real Estate,0.015529588889288487,0.14584136,-0.06452237981265387,-0.2638221153846154,0.0,233.0,331.0,33.0,False,,ELIGIBLE_NOT_PICKED
HL,20.46,1.3744382e+10,True,Basic Materials,0.04179321846722282,0.33824694,0.07017785497376441,0.28004807692307687,4.0,38.0,331.0,33.0,False,,ELIGIBLE_NOT_PICKED
HLF,12.43,1.302706e+09,False,,,,,,,,,,,,INELIGIBLE_TODAY
HLI,135.39,9.461933e+09,True,Financial Services,0.023592441524825508,0.18682992,0.04140992787448903,-0.030048076923076927,2.0,230.0,331.0,33.0,False,,ELIGIBLE_NOT_PICKED
HLIO,71.42,2.3533302e+09,True,Industrials,0.020743568794579132,0.25665686,0.11529940983433552,0.21123798076923078,1.0,17.0,331.0,33.0,True,0.006577034732192739,PICK
HLIT,11.96,1.3044347e+09,False,,,,,,,,,,,,INELIGIBLE_TODAY
HLMN,7.55,1.4688147e+09,False,,,,,,,,,,,,INELIGIBLE_TODAY
HLNE,101.17,5.5755433e+09,True,Financial Services,0.029311091573845253,0.1982536,-0.09054481130391744,-0.22145432692307693,3.0,326.0,331.0,33.0,False,,ELIGIBLE_NOT_PICKED
HLT,304.47,6.8525515e+10,True,Consumer Cyclical,0.0143465437725126,0.14164904,0.17559682976239932,0.07872596153846151,0.0,16.0,331.0,33.0,True,0.009509689204236985,PICK
HMN,50.4,2.0412531e+09,True,Financial Services,0.013679778550121906,0.12044081,-0.009412726924786606,-0.20703125,0.0,201.0,331.0,33.0,False,,ELIGIBLE_NOT_PICKED
HNGE,92.69,7.4795653e+09,True,Healthcare,0.030334525057944227,0.27681783,0.10900813087946805,0.24068509615384615,3.0,56.0,331.0,33.0,False,,ELIGIBLE_NOT_PICKED
HNI,48.23,3.481328e+09,True,Industrials,0.024428420065262645,0.23899639,-0.12227489791159855,-0.17818509615384617,2.0,292.0,331.0,33.0,False,,ELIGIBLE_NOT_PICKED
HNST,5.74,6.1581235e+08,False,,,,,,,,,,,,INELIGIBLE_TODAY
HOG,27.18,2.8286907e+09,True,Consumer Cyclical,0.024426726363972993,0.35101905,0.015337172527369151,0.19561298076923078,2.0,56.0,331.0,33.0,False,,ELIGIBLE_NOT_PICKED
HOMB,29.79,5.9594783e+09,True,Financial Services,0.01172233487670571,0.08630304,-0.07641120463092192,-0.34705528846153844,0.0,285.0,331.0,33.0,False,,ELIGIBLE_NOT_PICKED
HON,208.24,6.599959e+10,True,Industrials,0.06822582777311492,0.2823878,-0.05509052125573698,-0.025540865384615363,4.0,223.0,331.0,33.0,False,,ELIGIBLE_NOT_PICKED
HONA,155.42,4.9260794e+10,True,Industrials,,0.25403628,0.3284564809588953,0.28004807692307687,,,,,False,,ELIGIBLE_NOT_PICKED
HOOD,117.34,1.0549831e+11,True,Financial Services,0.0475397831312956,0.3695261,-0.16316723586546317,-0.0003004807692307543,4.0,196.0,331.0,33.0,False,,ELIGIBLE_NOT_PICKED
HOPE,13.98,1.7858309e+09,False,,,,,,,,,,,,INELIGIBLE_TODAY
HOS,9.08,1.3382326e+09,False,,,,,,,,,,,,INELIGIBLE_TODAY
HOV,118.35,7.0535296e+08,False,,,,,,,,,,,,INELIGIBLE_TODAY
HP,43.71,4.3683313e+09,True,Energy,0.03404751345382278,0.35685533,0.05682594347157452,0.2863581730769231,3.0,41.0,331.0,33.0,False,,ELIGIBLE_NOT_PICKED
HPE,56.03,7.4377855e+10,True,Technology,0.03597441132258266,0.370132,-0.03474273700924358,0.13671875,3.0,116.0,331.0,33.0,False,,ELIGIBLE_NOT_PICKED
HPK,8.15,1.03059034e+09,False,,,,,,,,,,,,INELIGIBLE_TODAY
HPP,12.16,6.599079e+08,False,,,,,,,,,,,,INELIGIBLE_TODAY
HPQ,31.17,2.8108825e+10,True,Technology,0.029120250114359,0.30545828,-0.06166834931213948,-0.0027043269230769273,3.0,229.0,331.0,33.0,False,,ELIGIBLE_NOT_PICKED
HQY,93.36,7.7223e+09,True,Healthcare,0.0234035110379918,0.33101603,0.05589945158269058,0.24489182692307693,2.0,32.0,331.0,33.0,True,0.005829517298071327,PICK
HR,19.06,6.532239e+09,True,Real Estate,0.011326903832661382,0.100314036,0.13827106803236905,0.0027043269230769273,0.0,54.0,331.0,33.0,False,,ELIGIBLE_NOT_PICKED
HRB,45.89,5.6566733e+09,True,Consumer Cyclical,0.033059691840160804,0.25987616,0.018731907620158812,0.060096153846153855,3.0,176.0,331.0,33.0,False,,ELIGIBLE_NOT_PICKED
HRI,146.27,4.8900173e+09,True,Industrials,0.0339416434879559,0.32035723,0.016253465536212725,0.14423076923076922,3.0,109.0,331.0,33.0,False,,ELIGIBLE_NOT_PICKED
HRL,21.21,1.1672941e+10,True,Consumer Defensive,0.02010720805724411,0.24105622,-0.0984274636114016,-0.1502403846153846,1.0,263.0,331.0,33.0,False,,ELIGIBLE_NOT_PICKED
HRMY,42.07,2.450005e+09,True,Healthcare,0.027199931689726415,0.36112338,0.051203831516128714,0.28305288461538464,3.0,43.0,331.0,33.0,False,,ELIGIBLE_NOT_PICKED
HROW,37.85,1.4189151e+09,False,,,,,,,,,,,,INELIGIBLE_TODAY
HRTX,0.35,6.6448308e+07,False,,,,,,,,,,,,INELIGIBLE_TODAY
HSIC,88.86,9.90314e+09,True,Healthcare,0.012790364605143633,0.11474341,0.1781861686087969,0.05258413461538464,0.0,28.0,331.0,33.0,True,0.010666714878222532,PICK
HST,22.07,1.5120695e+10,True,Real Estate,0.01660537502144994,0.21418858,0.0497761276495665,0.0339543269230769,1.0,137.0,331.0,33.0,False,,ELIGIBLE_NOT_PICKED
HSY,173.27,3.481439e+10,True,Consumer Defensive,0.01779914909812091,0.18693376,0.04168291124398557,-0.028846153846153827,1.0,183.0,331.0,33.0,False,,ELIGIBLE_NOT_PICKED
HTFL,47.75,4.1520356e+09,True,Healthcare,0.06105796167021672,0.31753543,-0.08495526683231348,-0.014122596153846145,4.0,213.0,331.0,33.0,False,,ELIGIBLE_NOT_PICKED
HTGC,17.72,3.316546e+09,True,Financial Services,0.012419768941847603,0.047139503,-0.09534230468067738,-0.3981370192307692,0.0,320.0,331.0,33.0,False,,ELIGIBLE_NOT_PICKED
HTH,38.6,2.2112558e+09,True,Financial Services,0.012239647067138697,0.1022606,0.066510488069956,-0.08653846153846156,0.0,113.0,331.0,33.0,False,,ELIGIBLE_NOT_PICKED
HTLD,12.32,9.527378e+08,False,,,,,,,,,,,,INELIGIBLE_TODAY
HTO,64.81,2.7127396e+09,True,Utilities,0.011903541963512789,0.066074684,-0.017650294144345033,-0.2833533653846154,0.0,250.0,331.0,33.0,False,,ELIGIBLE_NOT_PICKED
HTZ,2.185,7.788463e+08,False,,,,,,,,,,,,INELIGIBLE_TODAY
HUBB,464.75,2.4553937e+10,True,Industrials,0.02323760618129505,0.20981234,-0.07009387125810096,-0.1823918269230769,2.0,296.0,331.0,33.0,False,,ELIGIBLE_NOT_PICKED
HUBG,36.06,2.2051955e+09,True,Industrials,0.034918684335125835,0.32891527,0.08406754734503519,0.2890625,3.0,40.0,331.0,33.0,False,,ELIGIBLE_NOT_PICKED
HUBS,240.42,1.1988832e+10,True,Technology,0.05175227996035612,0.36594874,0.0799734980125329,0.3368389423076923,4.0,25.0,331.0,33.0,True,0.0026362350129518356,PICK
HUM,403.09,4.8403173e+10,True,Healthcare,0.021632144132950042,0.27855188,0.05673647266029615,0.16796875,2.0,76.0,331.0,33.0,False,,ELIGIBLE_NOT_PICKED
HUN,9.8,1.7187104e+09,False,,,,,,,,,,,,INELIGIBLE_TODAY
HURN,147.64,2.348963e+09,True,Industrials,0.06361411492234585,0.33914462,0.0706085132055639,0.28245192307692313,4.0,37.0,331.0,33.0,False,,ELIGIBLE_NOT_PICKED
HUT,99.49,1.2263084e+10,True,Financial Services,0.06401356508525367,0.2712923,-0.1831346994164934,-0.15414663461538458,4.0,303.0,331.0,33.0,False,,ELIGIBLE_NOT_PICKED
HWC,74.55,5.980629e+09,True,Financial Services,0.011543665760262608,0.09698591,0.022793981895563933,-0.17367788461538458,0.0,176.0,331.0,33.0,False,,ELIGIBLE_NOT_PICKED
HWKN,127.0,2.6511398e+09,True,Basic Materials,0.02555106716876617,0.30318263,-0.05068186131997654,0.007211538461538464,2.0,202.0,331.0,33.0,False,,ELIGIBLE_NOT_PICKED
HWM,231.53,9.233449e+10,True,Industrials,0.02426884988662086,0.22166124,0.02573697220333151,0.0021033653846154188,2.0,205.0,331.0,33.0,False,,ELIGIBLE_NOT_PICKED
HXL,91.28,6.902909e+09,True,Industrials,0.016652014910100908,0.19062248,0.16119595371882417,0.13221153846153844,1.0,46.0,331.0,33.0,False,,ELIGIBLE_NOT_PICKED
HYFM,0.925,4.457874e+06,False,,,,,,,,,,,,INELIGIBLE_TODAY
HYLN,4.0,7.1438886e+08,False,,,,,,,,,,,,INELIGIBLE_TODAY
HYMC,22.96,2.1394514e+09,True,Basic Materials,0.05534427649697514,0.4355159,-0.2673639314896965,0.005709134615384609,4.0,185.0,331.0,33.0,False,,ELIGIBLE_NOT_PICKED
IART,16.26,1.264581e+09,False,,,,,,,,,,,,INELIGIBLE_TODAY
IBKR,90.97,4.1216483e+10,True,Financial Services,0.026873986105040784,0.16559432,-0.010232908318667522,-0.15444711538461536,3.0,311.0,331.0,33.0,False,,ELIGIBLE_NOT_PICKED
IBM,232.09,2.1865996e+11,True,Technology,0.03958711284306855,0.24829885,-0.06190612926118982,-0.09405048076923078,4.0,271.0,331.0,33.0,False,,ELIGIBLE_NOT_PICKED
IBOC,71.36,4.4379863e+09,True,Financial Services,0.010978100690630216,0.10021658,-0.04323875130457811,-0.28365384615384615,0.0,251.0,331.0,33.0,False,,ELIGIBLE_NOT_PICKED
IBP,228.04,6.0611154e+09,True,Consumer Cyclical,0.025476187452772726,0.2712434,-0.04497371316610897,-0.027644230769230754,2.0,226.0,331.0,33.0,False,,ELIGIBLE_NOT_PICKED
IBRX,8.29,8.786043e+09,False,,,,,,,,,,,,INELIGIBLE_TODAY
IBTA,38.38,8.892498e+08,False,,,,,,,,,,,,INELIGIBLE_TODAY
ICE,157.76,8.85656e+10,True,Financial Services,0.01770637049210305,0.10841093,-0.011820013118997755,-0.22325721153846154,1.0,291.0,331.0,33.0,False,,ELIGIBLE_NOT_PICKED
ICFI,87.25,1.5647314e+09,False,,,,,,,,,,,,INELIGIBLE_TODAY
ICHR,58.17,2.1787126e+09,True,Technology,0.06769118812525604,0.36961162,-0.07941843523708035,0.0715144230769231,4.0,133.0,331.0,33.0,False,,ELIGIBLE_NOT_PICKED
ICUI,160.89,4.0233823e+09,True,Healthcare,0.025184348705649773,0.24820408,0.03955658088824927,0.07542067307692307,2.0,143.0,331.0,33.0,False,,ELIGIBLE_NOT_PICKED
IDA,137.89,7.975839e+09,True,Utilities,0.01191976992202178,0.104912184,-0.06861834278828109,-0.3137019230769231,0.0,265.0,331.0,33.0,False,,ELIGIBLE_NOT_PICKED
IDCC,340.94,8.7983e+09,True,Communication Services,0.029564488534009156,0.23198628,-0.02560970883054097,-0.07001201923076922,3.0,280.0,331.0,33.0,False,,ELIGIBLE_NOT_PICKED
IDXX,520.21,4.0982725e+10,True,Healthcare,0.019785341043266638,0.13591233,0.06998613448400309,-0.04206730769230768,1.0,197.0,331.0,33.0,False,,ELIGIBLE_NOT_PICKED
IDYA,38.84,3.7476516e+09,True,Healthcare,0.025973654632722876,0.3990407,-0.11036362307733091,0.0652043269230769,2.0,152.0,331.0,33.0,False,,ELIGIBLE_NOT_PICKED
IE,11.04,1.7618765e+09,False,,,,,,,,,,,,INELIGIBLE_TODAY
IEP,6.91,4.9124234e+09,False,,,,,,,,,,,,INELIGIBLE_TODAY
IESC,342.8,1.3660138e+10,True,Industrials,0.060933191346773705,0.32497025,-0.11956300522614655,-0.03605769230769232,4.0,231.0,331.0,33.0,False,,ELIGIBLE_NOT_PICKED
IEX,225.66,1.6635632e+10,True,Industrials,0.011919147293311205,0.09605125,0.20586657607827474,0.03725961538461539,0.0,30.0,331.0,33.0,True,0.011446386983416086,PICK
IFF,85.62,2.184594e+10,True,Basic Materials,0.021229081932456626,0.22708547,0.08149178363213146,0.11508413461538461,2.0,111.0,331.0,33.0,False,,ELIGIBLE_NOT_PICKED
IHRT,2.66,4.117392e+08,False,,,,,,,,,,,,INELIGIBLE_TODAY
IIPR,57.21,1.5773569e+09,False,,,,,,,,,,,,INELIGIBLE_TODAY
ILMN,211.06,3.187006e+10,True,Healthcare,0.027937908976085783,0.3520392,0.10258131078764587,0.34915865384615385,3.0,10.0,331.0,33.0,True,0.004883370926161955,PICK
IMAX,52.66,2.8879857e+09,True,Communication Services,0.0297560830806002,0.26994014,0.12537112102820636,0.24669471153846156,3.0,52.0,331.0,33.0,False,,ELIGIBLE_NOT_PICKED
IMCR,35.36,1.8209911e+09,False,,,,,,,,,,,,INELIGIBLE_TODAY
IMNM,26.81,3.0450163e+09,True,Healthcare,0.031074339212018437,0.41673222,-0.18815138193168904,0.02163461538461542,3.0,205.0,331.0,33.0,False,,ELIGIBLE_NOT_PICKED
IMSR,5.67,6.0065286e+08,False,,,,,,,,,,,,INELIGIBLE_TODAY
IMVT,39.57,8.1732895e+09,True,Healthcare,0.0219290668402329,0.47756702,-0.12575274282293694,0.06700721153846151,2.0,150.0,331.0,33.0,False,,ELIGIBLE_NOT_PICKED
INBX,114.34,1.6828173e+09,False,,,,,,,,,,,,INELIGIBLE_TODAY
INCY,124.4,2.5215599e+10,True,Healthcare,0.023511877875468497,0.25900397,0.019690229810161688,0.059194711538461564,2.0,153.0,331.0,33.0,False,,ELIGIBLE_NOT_PICKED
INDB,82.54,3.9098455e+09,True,Financial Services,0.012085614911098545,0.093131244,-0.03164968869391705,-0.27403846153846156,0.0,241.0,331.0,33.0,False,,ELIGIBLE_NOT_PICKED
INDI,3.5,8.113311e+08,False,,,,,,,,,,,,INELIGIBLE_TODAY
INFQ,13.66,3.0783772e+09,True,Technology,0.06198237212159134,0.3348764,-0.18391580742513636,-0.0573918269230769,4.0,244.0,331.0,33.0,False,,ELIGIBLE_NOT_PICKED
INGM,28.38,6.5461847e+09,True,Technology,0.022916723149878367,0.33689123,0.025554149024206465,0.19681490384615385,2.0,54.0,331.0,33.0,False,,ELIGIBLE_NOT_PICKED
INGN,5.23,1.387955e+08,False,,,,,,,,,,,,INELIGIBLE_TODAY
INGR,100.7,6.350543e+09,True,Consumer Defensive,0.012549560304903284,0.16677696,-0.03952224876982947,-0.1944110576923077,0.0,192.0,331.0,33.0,False,,ELIGIBLE_NOT_PICKED
INNV,10.52,1.4279469e+09,False,,,,,,,,,,,,INELIGIBLE_TODAY
INO,1.42,1.4682448e+08,False,,,,,,,,,,,,INELIGIBLE_TODAY
INOD,56.12,1.9295544e+09,False,,,,,,,,,,,,INELIGIBLE_TODAY
INSG,4.36,7.1593784e+07,False,,,,,,,,,,,,INELIGIBLE_TODAY
INSM,124.89,2.7273667e+10,True,Healthcare,0.048592484728806846,0.2749508,0.006291666170562766,0.060997596153846145,4.0,142.0,331.0,33.0,False,,ELIGIBLE_NOT_PICKED
INSP,62.14,1.7964908e+09,False,,,,,,,,,,,,INELIGIBLE_TODAY
INSW,103.81,5.1418455e+09,True,Energy,0.026880769865377577,0.22866549,-0.01638163563860419,-0.06159855769230771,3.0,276.0,331.0,33.0,False,,ELIGIBLE_NOT_PICKED
INTA,39.86,3.0497344e+09,True,Technology,0.03807044606594295,0.38194525,0.12358475704269074,0.40625,4.0,9.0,331.0,33.0,True,0.0035836504829825197,PICK
INTC,104.47,5.2694666e+11,True,Technology,0.049036138311161596,0.38072568,-0.04674692779591774,0.12469951923076925,4.0,105.0,331.0,33.0,False,,ELIGIBLE_NOT_PICKED
INTU,318.93,8.7239156e+10,True,Technology,0.028869988800610674,0.3441868,0.0408750712407394,0.23677884615384615,3.0,58.0,331.0,33.0,False,,ELIGIBLE_NOT_PICKED
INVA,21.34,1.5417187e+09,False,,,,,,,,,,,,INELIGIBLE_TODAY
INVH,28.22,1.6667388e+10,True,Real Estate,0.011554990530075806,0.09536906,0.1283281851625254,-0.013521634615384609,0.0,66.0,331.0,33.0,False,,ELIGIBLE_NOT_PICKED
INVX,29.8,2.0840877e+09,True,Energy,0.02976068936220361,0.33261263,0.11082978461320842,0.3269230769230769,3.0,17.0,331.0,33.0,True,0.004584274603694008,PICK
IOND,81.96,3.6878866e+09,True,Financial Services,,0.23336564,0.26242339445953766,0.2409855769230769,,,,,False,,ELIGIBLE_NOT_PICKED
IONQ,40.47,1.5419164e+10,True,Technology,0.051100338525387694,0.33774126,-0.23588304316668307,-0.06790865384615385,4.0,256.0,331.0,33.0,False,,ELIGIBLE_NOT_PICKED
IONS,56.71,9.424313e+09,True,Healthcare,0.03980163096620422,0.25362316,-0.10899773996497547,-0.14032451923076922,4.0,294.0,331.0,33.0,False,,ELIGIBLE_NOT_PICKED
IOSP,93.37,2.2998008e+09,True,Basic Materials,0.013124047182620146,0.15699776,0.13071448839719413,0.062199519230769246,0.0,22.0,331.0,33.0,True,0.010395510663223528,PICK
IOT,40.15,2.339581e+10,True,Technology,0.03765325579816853,0.33418587,-0.0039318698822460125,0.1349158653846154,4.0,99.0,331.0,33.0,False,,ELIGIBLE_NOT_PICKED
IOVA,8.7,3.9408515e+09,False,,,,,,,,,,,,INELIGIBLE_TODAY
IP,36.49,1.9324006e+10,True,Consumer Cyclical,0.0263920238143333,0.24858911,-0.062238668280508155,-0.09405048076923078,2.0,263.0,331.0,33.0,False,,ELIGIBLE_NOT_PICKED
IPAR,113.01,3.6192335e+09,True,Consumer Defensive,0.021563689262655845,0.19479182,0.05577338243743436,0.010216346153846173,2.0,198.0,331.0,33.0,False,,ELIGIBLE_NOT_PICKED
IPGP,79.56,3.3840479e+09,True,Technology,0.040603696574357195,0.34099373,-0.16970584995952798,-0.038461538461538436,4.0,233.0,331.0,33.0,False,,ELIGIBLE_NOT_PICKED
IPI,41.54,5.589902e+08,False,,,,,,,,,,,,INELIGIBLE_TODAY
IQV,259.21,4.2665968e+10,True,Healthcare,0.028304032889891226,0.20877787,0.13528716832716914,0.13942307692307696,3.0,112.0,331.0,33.0,False,,ELIGIBLE_NOT_PICKED
IR,75.11,2.9142637e+10,True,Industrials,0.020362644258257116,0.1699097,0.05542659964277666,-0.021935096153846145,1.0,178.0,331.0,33.0,False,,ELIGIBLE_NOT_PICKED
IRDM,47.8,5.064906e+09,True,Communication Services,0.04057686321731395,0.21728958,0.16629879489781377,0.18209134615384615,4.0,68.0,331.0,33.0,False,,ELIGIBLE_NOT_PICKED
IRM,116.08,3.455734e+10,True,Real Estate,0.019566818971623434,0.19819616,0.020998191155903147,-0.05168269230769232,1.0,201.0,331.0,33.0,False,,ELIGIBLE_NOT_PICKED
IRON,76.84,2.950106e+09,True,Healthcare,0.021419403162662262,0.38437185,-0.17104184256608426,0.012920673076923073,2.0,196.0,331.0,33.0,False,,ELIGIBLE_NOT_PICKED
IRT,15.91,3.750696e+09,True,Real Estate,0.013659293563944495,0.12267195,0.013726490721644193,-0.1619591346153846,0.0,167.0,331.0,33.0,False,,ELIGIBLE_NOT_PICKED
IRTC,122.24,4.0293975e+09,True,Healthcare,0.03108205329576657,0.2987165,-0.04054866901149934,0.01893028846153849,3.0,209.0,331.0,33.0,False,,ELIGIBLE_NOT_PICKED
IRWD,4.17,6.8905056e+08,False,,,,,,,,,,,,INELIGIBLE_TODAY
ISRG,350.16,1.2370384e+11,True,Healthcare,0.03022913146251496,0.22670053,0.0040503429035256035,-0.03215144230769232,3.0,253.0,331.0,33.0,False,,ELIGIBLE_NOT_PICKED
IT,172.59,1.0898882e+10,True,Technology,0.046389619778446,0.27284694,0.05885082137908225,0.1640625,4.0,75.0,331.0,33.0,False,,ELIGIBLE_NOT_PICKED
ITGR,126.2,4.2897964e+09,True,Healthcare,0.029350024743133342,0.04640846,0.1624567873366185,-0.024639423076923045,3.0,249.0,331.0,33.0,False,,ELIGIBLE_NOT_PICKED
ITRI,96.57,4.2284867e+09,True,Technology,0.03813309787109575,0.24055508,-0.11363595708490815,-0.16736778846153846,4.0,308.0,331.0,33.0,False,,ELIGIBLE_NOT_PICKED
ITT,201.52,1.8015887e+10,True,Industrials,0.02035415448749838,0.20723468,-0.0934275119453712,-0.21183894230769232,1.0,287.0,331.0,33.0,False,,ELIGIBLE_NOT_PICKED
ITW,268.69,7.652291e+10,True,Industrials,0.013936651416067727,0.100383475,0.0933947525041867,-0.0441706730769231,0.0,90.0,331.0,33.0,False,,ELIGIBLE_NOT_PICKED
IVR,7.18,7.728582e+08,False,,,,,,,,,,,,INELIGIBLE_TODAY
IVT,32.61,2.5428767e+09,True,Real Estate,0.010702940725028726,0.07225437,-0.04077150299915251,-0.31310096153846156,0.0,264.0,331.0,33.0,False,,ELIGIBLE_NOT_PICKED
IVVD,0.826,2.4347072e+08,False,,,,,,,,,,,,INELIGIBLE_TODAY
IVZ,32.34,1.4278103e+10,True,Financial Services,0.02267339540390824,0.21184167,0.21918503743157106,0.19320913461538458,2.0,58.0,331.0,33.0,False,,ELIGIBLE_NOT_PICKED
J,144.27,1.688516e+10,True,Industrials,0.015731939849194482,0.17527105,0.022991987181193767,-0.08082932692307693,1.0,221.0,331.0,33.0,False,,ELIGIBLE_NOT_PICKED
JACK,15.16,2.9075866e+08,False,,,,,,,,,,,,INELIGIBLE_TODAY
JAN,30.97,9.039858e+09,True,Industrials,0.018480827044521135,0.12936856,0.09197493322352396,-0.010216346153846145,1.0,166.0,331.0,33.0,False,,ELIGIBLE_NOT_PICKED
JANX,20.04,1.2251809e+09,False,,,,,,,,,,,,INELIGIBLE_TODAY
JAZZ,240.07,1.5584043e+10,True,Healthcare,0.01799212832646995,0.2236767,0.15334353589609434,0.18599759615384615,1.0,26.0,331.0,33.0,True,0.007582825664424559,PICK
JBGS,11.42,6.6893414e+08,False,,,,,,,,,,,,INELIGIBLE_TODAY
JBHT,274.78,2.5805947e+10,True,Industrials,0.021479251199571635,0.23839432,0.30288636124386564,0.25180288461538464,2.0,27.0,331.0,33.0,True,0.006351765765200293,PICK
JBI,4.95,6.753572e+08,False,,,,,,,,,,,,INELIGIBLE_TODAY
JBL,312.33,3.2728152e+10,True,Technology,0.031229535242186662,0.29380056,0.04771853374340556,0.1712740384615385,3.0,94.0,331.0,33.0,False,,ELIGIBLE_NOT_PICKED
JBLU,4.52,1.705451e+09,False,,,,,,,,,,,,INELIGIBLE_TODAY
JBTM,115.96,6.0156355e+09,True,Industrials,0.02306321233682118,0.22960657,-0.030738106678413438,-0.07932692307692307,2.0,254.0,331.0,33.0,False,,ELIGIBLE_NOT_PICKED
JCI,146.37,8.866238e+10,True,Basic Materials,0.01843566542109983,0.16793202,0.12537418392013797,0.07211538461538458,1.0,93.0,331.0,33.0,False,,ELIGIBLE_NOT_PICKED
JEF,55.72,1.2846373e+10,True,Financial Services,0.02515487232114857,0.2229118,-0.1286178478729868,-0.21334134615384615,2.0,308.0,331.0,33.0,False,,ELIGIBLE_NOT_PICKED
JELD,2.19,1.900118e+08,False,,,,,,,,,,,,INELIGIBLE_TODAY
JJSF,83.46,1.559167e+09,False,,,,,,,,,,,,INELIGIBLE_TODAY
JKHY,159.83,1.1206098e+10,True,Technology,0.021155703213714603,0.23635483,0.03663927444196139,0.04897836538461539,2.0,161.0,331.0,33.0,False,,ELIGIBLE_NOT_PICKED
JLL,352.11,1.6199772e+10,True,Real Estate,0.020763230174424628,0.21328257,0.14074663272059432,0.15294471153846154,1.0,38.0,331.0,33.0,False,,ELIGIBLE_NOT_PICKED
JMKE,20.82,6.613242e+09,True,Consumer Cyclical,,0.30606785,0.43819255386932343,0.3629807692307692,,,,,False,,ELIGIBLE_NOT_PICKED
JNJ,269.12,6.485519e+11,True,Healthcare,0.016410521107977537,0.15568466,0.15942880899765302,0.08533653846153849,1.0,83.0,331.0,33.0,False,,ELIGIBLE_NOT_PICKED
JOBY,6.84,6.76561e+09,False,,,,,,,,,,,,INELIGIBLE_TODAY
JOE,64.22,3.6560735e+09,True,Real Estate,0.01634084636401873,0.14387704,0.13257670348189415,0.04687500000000003,1.0,120.0,331.0,33.0,False,,ELIGIBLE_NOT_PICKED
JPM,353.51,9.396954e+11,True,Financial Services,0.012838232369535352,0.0789561,0.020810753877528343,-0.20162259615384615,0.0,199.0,331.0,33.0,False,,ELIGIBLE_NOT_PICKED
JXN,136.59,9.251069e+09,True,Financial Services,0.021084181765151973,0.15833806,0.016113613731809875,-0.11598557692307696,2.0,273.0,331.0,33.0,False,,ELIGIBLE_NOT_PICKED
KAI,299.54,3.5373028e+09,True,Industrials,0.022449842773020305,0.22997141,-0.10082249462308608,-0.17307692307692307,2.0,288.0,331.0,33.0,False,,ELIGIBLE_NOT_PICKED
KALU,167.8,2.7433777e+09,True,Basic Materials,0.03821961062464337,0.37263083,-0.0361834050839385,0.13611778846153846,4.0,97.0,331.0,33.0,False,,ELIGIBLE_NOT_PICKED
KARD,21.6,2.0196799e+09,True,Healthcare,,0.40358514,-0.06148893294296319,0.12319711538461536,,,,,False,,ELIGIBLE_NOT_PICKED
KBH,50.2,3.0777482e+09,True,Consumer Cyclical,0.030905347149654972,0.28067428,-0.04022863417151184,-0.0024038461538461176,3.0,228.0,331.0,33.0,False,,ELIGIBLE_NOT_PICKED
KBR,37.04,4.6695496e+09,True,Industrials,0.0222213844054528,0.19688497,-0.04797436981689863,-0.1739783653846154,2.0,290.0,331.0,33.0,False,,ELIGIBLE_NOT_PICKED
KD,12.79,2.7858957e+09,True,Technology,0.03199148521355431,0.32294488,-0.07792785268373867,0.0012019230769230727,3.0,226.0,331.0,33.0,False,,ELIGIBLE_NOT_PICKED
KDK,3.89,7.804047e+08,False,,,,,,,,,,,,INELIGIBLE_TODAY
KDP,32.55,4.429489e+10,True,Consumer Defensive,0.018971574963255463,0.15887454,-0.04318648414607194,-0.2130408653846154,1.0,288.0,331.0,33.0,False,,ELIGIBLE_NOT_PICKED
KEX,138.0,7.2864e+09,True,Industrials,0.019745007137663497,0.21726264,0.13576986427192686,0.15775240384615385,1.0,35.0,331.0,33.0,False,,ELIGIBLE_NOT_PICKED
KEY,21.79,2.3252732e+10,True,Financial Services,0.012763120618677048,0.1521994,0.0509388460698059,-0.05318509615384617,0.0,99.0,331.0,33.0,False,,ELIGIBLE_NOT_PICKED
KEYS,333.42,5.6763003e+10,True,Technology,0.029172932132920187,0.37399364,0.03300021994291094,0.25841346153846156,3.0,49.0,331.0,33.0,False,,ELIGIBLE_NOT_PICKED
KFY,82.04,4.1723082e+09,True,Industrials,0.021092991571748893,0.1891246,0.14142418114247327,0.11298076923076925,2.0,113.0,331.0,33.0,False,,ELIGIBLE_NOT_PICKED
KGS,64.14,6.484813e+09,True,Energy,0.030603525257693,0.28355464,-0.0759954229998847,-0.050180288461538464,3.0,268.0,331.0,33.0,False,,ELIGIBLE_NOT_PICKED
KHC,24.9,2.9527011e+10,True,Consumer Defensive,0.021212789759454346,0.22222449,0.0748935908951946,0.0910456730769231,2.0,130.0,331.0,33.0,False,,ELIGIBLE_NOT_PICKED
KIM,23.76,1.5937956e+10,True,Real Estate,0.011231165658349727,0.08701161,0.03720094209070615,-0.1622596153846154,0.0,168.0,331.0,33.0,False,,ELIGIBLE_NOT_PICKED
KKR,105.73,9.4907015e+10,True,Financial Services,0.023158192311735135,0.19782732,-0.18863423584393216,-0.29627403846153844,2.0,330.0,331.0,33.0,False,,ELIGIBLE_NOT_PICKED
KLAC,188.98,2.469112e+11,True,Technology,0.04918605092144635,0.3435024,-0.009240811044445272,0.1388221153846154,4.0,92.0,331.0,33.0,False,,ELIGIBLE_NOT_PICKED
KLC,2.58,3.0577395e+08,False,,,,,,,,,,,,INELIGIBLE_TODAY
KLIC,83.07,4.3469793e+09,True,Technology,0.043689103410445525,0.39074904,-0.0405223244655423,0.14783653846153846,4.0,87.0,331.0,33.0,False,,ELIGIBLE_NOT_PICKED
KLRA,16.43,2.1300456e+09,True,Healthcare,0.04296826091511267,0.38152137,-0.21707499105997208,-0.007211538461538491,4.0,205.0,331.0,33.0,False,,ELIGIBLE_NOT_PICKED
KLRS,3.63,8.641208e+07,False,,,,,,,,,,,,INELIGIBLE_TODAY
KMB,102.93,3.423236e+10,True,Consumer Defensive,0.01734743524229623,0.17833145,-0.0559099202685681,-0.21123798076923075,1.0,286.0,331.0,33.0,False,,ELIGIBLE_NOT_PICKED
KMI,31.98,7.121313e+10,True,Energy,0.013899766878266754,0.09587637,0.08935378009808828,-0.05558894230769229,0.0,100.0,331.0,33.0,False,,ELIGIBLE_NOT_PICKED
KMPR,26.67,1.5714806e+09,False,,,,,,,,,,,,INELIGIBLE_TODAY
KMT,30.47,2.3223936e+09,True,Industrials,0.024536295985016675,0.341664,-0.053399360766541275,0.0703125,2.0,148.0,331.0,33.0,False,,ELIGIBLE_NOT_PICKED
KMX,60.57,8.595555e+09,True,Consumer Cyclical,0.02864906422760737,0.27872804,0.08792869535190127,0.2211538461538462,3.0,66.0,331.0,33.0,False,,ELIGIBLE_NOT_PICKED
KN,35.62,3.0423158e+09,True,Technology,0.032188773474276296,0.3695241,0.08346227206724904,0.34615384615384615,3.0,12.0,331.0,33.0,True,0.0042384706748955685,PICK
KNF,61.43,3.4869768e+09,True,Basic Materials,0.030036603311362417,0.25154424,-0.14988547073192246,-0.17397836538461542,3.0,316.0,331.0,33.0,False,,ELIGIBLE_NOT_PICKED
KNSA,77.09,6.014871e+09,True,Healthcare,0.04057122600162083,0.23620875,0.04533806209150759,0.06730769230769232,4.0,138.0,331.0,33.0,False,,ELIGIBLE_NOT_PICKED
KNSL,367.29,8.366288e+09,True,Financial Services,0.024448877908747692,0.17843935,-0.04571720354042604,-0.19591346153846154,2.0,305.0,331.0,33.0,False,,ELIGIBLE_NOT_PICKED
KNTK,54.98,8.927605e+09,True,Energy,0.018915660875414853,0.11629854,0.05191985610726067,-0.08804086538461536,1.0,227.0,331.0,33.0,False,,ELIGIBLE_NOT_PICKED
KNX,70.79,1.1521497e+10,True,Industrials,0.022736088867240056,0.26114625,0.1952974814208486,0.27974759615384615,2.0,21.0,331.0,33.0,True,0.0060006438762718415,PICK
KO,88.36,3.8017325e+11,True,Consumer Defensive,0.01415413764536098,0.081914015,0.15571780580114733,-0.004507211538461564,0.0,60.0,331.0,33.0,False,,ELIGIBLE_NOT_PICKED
KOD,35.07,2.2041306e+09,True,Healthcare,0.03559866060250144,0.40439498,-0.11779839464132572,0.060997596153846145,3.0,173.0,331.0,33.0,False,,ELIGIBLE_NOT_PICKED
KOS,2.85,1.6971398e+09,False,,,,,,,,,,,,INELIGIBLE_TODAY
KR,57.2,3.5043426e+10,True,Consumer Defensive,0.02016061761024425,0.19873603,0.18966143554168147,0.1610576923076923,1.0,33.0,331.0,33.0,True,0.006767211950999528,PICK
KRC,36.15,4.2045699e+09,True,Real Estate,0.016193343639937803,0.16217464,-0.011744022502233158,-0.16195913461538464,1.0,267.0,331.0,33.0,False,,ELIGIBLE_NOT_PICKED
KRG,26.08,5.225048e+09,True,Real Estate,0.0109753380143682,0.0739824,0.13561123449249368,-0.031550480769230754,0.0,80.0,331.0,33.0,False,,ELIGIBLE_NOT_PICKED
KRMN,39.69,5.260263e+09,True,Industrials,0.04207725769439599,0.25970948,-0.27634720926096296,-0.19921875,4.0,318.0,331.0,33.0,False,,ELIGIBLE_NOT_PICKED
KRO,8.63,9.932916e+08,False,,,,,,,,,,,,INELIGIBLE_TODAY
KROS,11.17,2.214697e+08,False,,,,,,,,,,,,INELIGIBLE_TODAY
KRYS,351.26,1.0396887e+10,True,Healthcare,0.027714869285579664,0.30694598,-0.08176186118580912,-0.024939903846153855,3.0,251.0,331.0,33.0,False,,ELIGIBLE_NOT_PICKED
KSS,18.61,2.1099356e+09,True,Consumer Cyclical,0.035795584100813876,0.32449326,-0.06833737124665862,0.015024038461538464,3.0,214.0,331.0,33.0,False,,ELIGIBLE_NOT_PICKED
KTB,70.73,3.8656504e+09,True,Consumer Cyclical,0.027122940450988318,0.29249308,0.06251532044039515,0.19411057692307693,3.0,80.0,331.0,33.0,False,,ELIGIBLE_NOT_PICKED
KTOS,48.2,9.048168e+09,True,Industrials,0.03860831488942896,0.29404488,-0.24483435168943812,-0.14062499999999997,4.0,295.0,331.0,33.0,False,,ELIGIBLE_NOT_PICKED
KURA,12.52,1.113787e+09,False,,,,,,,,,,,,INELIGIBLE_TODAY
KVUE,18.39,3.5323023e+10,True,Consumer Defensive,0.013972387031969926,0.15211312,0.13975064053807024,0.06370192307692307,0.0,20.0,331.0,33.0,True,0.009764342493477395,PICK
KVYO,17.89,5.093774e+09,True,Technology,0.04488021643374289,0.38064566,0.049676697299429806,0.2998798076923077,4.0,32.0,331.0,33.0,True,0.003039895599277939,PICK
KWR,160.84,2.767687e+09,True,Basic Materials,0.019769936057839513,0.19134934,0.06971797281817042,0.02824519230769232,1.0,143.0,331.0,33.0,False,,ELIGIBLE_NOT_PICKED
KYMR,116.47,9.684553e+09,True,Healthcare,0.0366467087247402,0.41035026,-0.14237764143831572,0.045372596153846145,4.0,149.0,331.0,33.0,False,,ELIGIBLE_NOT_PICKED
KYNB,8.22,3.32838e+07,False,,,,,,,,,,,,INELIGIBLE_TODAY
L,108.25,2.2129302e+10,True,Financial Services,0.009667564961485393,0.0888477,0.03348990714911271,-0.16646634615384615,0.0,171.0,331.0,33.0,False,,ELIGIBLE_NOT_PICKED
LAD,368.7,8.105175e+09,True,Consumer Cyclical,0.03333623445305078,0.2594377,-0.028793544366444507,-0.0222355769230769,3.0,248.0,331.0,33.0,False,,ELIGIBLE_NOT_PICKED
LADR,9.78,1.2407427e+09,False,,,,,,,,,,,,INELIGIBLE_TODAY
LAMR,149.94,1.522636e+10,True,Real Estate,0.012492038757446425,0.10118928,0.06481754187859783,-0.09224759615384617,0.0,116.0,331.0,33.0,False,,ELIGIBLE_NOT_PICKED
LASR,41.53,2.3958738e+09,True,Technology,0.06794536840212326,0.37690672,-0.12220862304932965,0.036658653846153855,4.0,154.0,331.0,33.0,False,,ELIGIBLE_NOT_PICKED
LAUR,36.38,5.011322e+09,True,Consumer Defensive,0.0184990001536028,0.2210956,0.1130613723496788,0.14032451923076925,1.0,42.0,331.0,33.0,False,,ELIGIBLE_NOT_PICKED
LAW,4.11,2.6682024e+08,False,,,,,,,,,,,,INELIGIBLE_TODAY
LAZ,44.05,4.869647e+09,True,Financial Services,0.025420057545439512,0.23831557,0.08003747447576338,0.1337139423076923,2.0,99.0,331.0,33.0,False,,ELIGIBLE_NOT_PICKED
LB,88.35,1.0123621e+10,True,Energy,0.03743651263609294,0.21921414,-0.11750541021346628,-0.21334134615384615,4.0,320.0,331.0,33.0,False,,ELIGIBLE_NOT_PICKED
LBRT,21.4,3.4922962e+09,True,Energy,0.044218676476085815,0.34149748,-0.008602462116546368,0.13882211538461536,4.0,93.0,331.0,33.0,False,,ELIGIBLE_NOT_PICKED
LBTYA,10.71,3.6530478e+09,True,Communication Services,0.02030377020221946,0.17982642,0.07342094765770435,0.01862980769230771,1.0,149.0,331.0,33.0,False,,ELIGIBLE_NOT_PICKED
LCID,4.63,1.8245449e+09,False,,,,,,,,,,,,INELIGIBLE_TODAY
LCII,99.11,2.4095135e+09,True,Consumer Cyclical,0.022613010203612696,0.2818885,-0.04731903977828341,-0.016225961538461536,2.0,219.0,331.0,33.0,False,,ELIGIBLE_NOT_PICKED
LCLN,26.9,2.748953e+09,True,Financial Services,0.03142960321627226,0.26278615,0.13559162744579886,0.24549278846153844,3.0,54.0,331.0,33.0,False,,ELIGIBLE_NOT_PICKED
LDI,0.826,2.7931626e+08,False,,,,,,,,,,,,INELIGIBLE_TODAY
LDOS,129.24,1.6218613e+10,True,Technology,0.026801886128958886,0.22430158,-0.07391988389423847,-0.1553485576923077,3.0,313.0,331.0,33.0,False,,ELIGIBLE_NOT_PICKED
LEA,128.91,6.3584553e+09,True,Consumer Cyclical,0.02387870786473154,0.31849012,0.081695132458928,0.26472355769230765,2.0,25.0,331.0,33.0,True,0.005713507330649288,PICK
LECO,277.05,1.510082e+10,True,Industrials,0.020035548434498084,0.15403248,0.15771178994515703,0.08082932692307693,1.0,86.0,331.0,33.0,False,,ELIGIBLE_NOT_PICKED
LEE,7.68,1.712029e+08,False,,,,,,,,,,,,INELIGIBLE_TODAY
LEN,80.37,1.9360743e+10,True,Consumer Cyclical,0.023425407020879165,0.24540499,-0.08455084359283559,-0.12890625000000003,2.0,279.0,331.0,33.0,False,,ELIGIBLE_NOT_PICKED
LESL,0.541,5.066722e+06,False,,,,,,,,,,,,INELIGIBLE_TODAY
LEU,185.53,3.7018537e+09,True,Basic Materials,0.04992180741077316,0.29046494,-0.38070393750867715,-0.15895432692307693,4.0,305.0,331.0,33.0,False,,ELIGIBLE_NOT_PICKED
LEVI,20.85,8.024134e+09,True,Consumer Cyclical,0.017966241185863867,0.19342452,0.12909841620313134,0.10877403846153844,1.0,62.0,331.0,33.0,False,,ELIGIBLE_NOT_PICKED
LFST,12.8,4.8903117e+09,True,Healthcare,0.026319813614272183,0.28059432,0.18360173230593793,0.3082932692307692,2.0,14.0,331.0,33.0,True,0.005183591891304096,PICK
LFTO,18.65,3.158033e+09,True,Communication Services,0.051703766568053984,0.33993736,0.21048151344376514,0.4128605769230769,4.0,4.0,331.0,33.0,True,0.0026387085794223873,PICK
LFUS,422.95,1.07424e+10,True,Technology,0.0268439782075894,0.33083212,0.09251597860996336,0.3049879807692308,3.0,30.0,331.0,33.0,True,0.005082375323677035,PICK
LGIH,53.21,1.2370405e+09,False,,,,,,,,,,,,INELIGIBLE_TODAY
LGN,57.04,6.1646254e+09,True,Industrials,0.047602399461868956,0.3168037,-0.1803586956030871,-0.08864182692307693,4.0,269.0,331.0,33.0,False,,ELIGIBLE_NOT_PICKED
LGND,288.83,5.758002e+09,True,Healthcare,0.02177987133426199,0.22646412,-0.16667611305813398,-0.23167067307692307,2.0,314.0,331.0,33.0,False,,ELIGIBLE_NOT_PICKED
LH,324.86,2.6346146e+10,True,Healthcare,0.014645169647426936,0.14998394,0.15153205676605214,0.07181490384615383,0.0,19.0,331.0,33.0,True,0.009315779585765778,PICK
LHX,255.74,4.7622525e+10,True,Industrials,0.0209662644085486,0.22452217,0.01376136957938925,-0.018629807692307654,1.0,175.0,331.0,33.0,False,,ELIGIBLE_NOT_PICKED
LIF,43.09,3.510989e+09,True,Technology,0.05311282473652327,0.30937397,-0.3273647350963731,-0.12830528846153846,4.0,289.0,331.0,33.0,False,,ELIGIBLE_NOT_PICKED
LIFE,42.02,2.6791724e+09,True,Financial Services,0.05292054463879587,0.42116505,0.0883478756703872,0.38912259615384615,4.0,13.0,331.0,33.0,True,0.0025780379503418643,PICK
LII,385.18,1.3312081e+10,True,Basic Materials,0.03372660604102565,0.22388592,-0.06740773017185332,-0.14963942307692307,3.0,307.0,331.0,33.0,False,,ELIGIBLE_NOT_PICKED
LILA,8.69,1.702371e+09,False,,,,,,,,,,,,INELIGIBLE_TODAY
LIME,37.59,2.4427556e+09,True,Industrials,,0.36132774,0.35207759734961785,0.4501201923076923,,,,,False,,ELIGIBLE_NOT_PICKED
LIN,468.38,2.1591389e+11,True,Basic Materials,0.013299167530505503,0.11746183,0.1159341571230524,0.0033052884615384637,0.0,52.0,331.0,33.0,False,,ELIGIBLE_NOT_PICKED
LIND,26.55,1.7422028e+09,False,,,,,,,,,,,,INELIGIBLE_TODAY
LINE,37.88,8.625655e+09,True,Real Estate,0.020250937425667356,0.2214102,-0.011246569499651657,-0.07211538461538461,1.0,217.0,331.0,33.0,False,,ELIGIBLE_NOT_PICKED
LION,11.16,3.320766e+09,True,Communication Services,0.02815400696938447,0.22874166,-0.04583364047726059,-0.10967548076923075,3.0,297.0,331.0,33.0,False,,ELIGIBLE_NOT_PICKED
LITE,978.535,8.777459e+10,True,Technology,0.06249695989046879,0.24613573,0.02401171572643069,0.04507211538461542,4.0,150.0,331.0,33.0,False,,ELIGIBLE_NOT_PICKED
LIVN,80.7,4.446046e+09,True,Healthcare,0.01975466256562216,0.2647426,0.11271214426781023,0.22626201923076927,1.0,16.0,331.0,33.0,True,0.006906277036034993,PICK
LKFN,59.98,1.4909732e+09,False,,,,,,,,,,,,INELIGIBLE_TODAY
LKQ,24.9,6.299752e+09,True,Consumer Cyclical,0.02708772223652107,0.21221437,0.017183797737005735,-0.035757211538461536,3.0,257.0,331.0,33.0,False,,ELIGIBLE_NOT_PICKED
LLY,1123.91,1.0580006e+12,True,Healthcare,0.021338336142294273,0.24340653,0.06901784375984128,0.11929086538461536,2.0,108.0,331.0,33.0,False,,ELIGIBLE_NOT_PICKED
LLYVA,94.34,8.679788e+09,True,Communication Services,0.018978578471391443,0.1447021,-0.15762532183510386,-0.35096153846153844,1.0,327.0,331.0,33.0,False,,ELIGIBLE_NOT_PICKED
LMAT,79.59,1.8201642e+09,False,,,,,,,,,,,,INELIGIBLE_TODAY
LMND,50.55,3.9123988e+09,True,Financial Services,0.0482421824029863,0.32019833,-0.17122302781063725,-0.08052884615384617,4.0,265.0,331.0,33.0,False,,ELIGIBLE_NOT_PICKED
LMT,536.15,1.23738464e+11,True,Industrials,0.02250247965964904,0.22826537,0.10370828654763485,0.1454326923076923,2.0,92.0,331.0,33.0,False,,ELIGIBLE_NOT_PICKED
LNC,43.32,8.2934984e+09,True,Financial Services,0.02458908040832227,0.27319446,-0.10687809869684516,-0.09765625,2.0,265.0,331.0,33.0,False,,ELIGIBLE_NOT_PICKED
LNG,276.02,5.700756e+10,True,Energy,0.020429602826226637,0.16092627,0.10021168831381044,0.034855769230769246,1.0,135.0,331.0,33.0,False,,ELIGIBLE_NOT_PICKED
LNT,68.61,1.7789524e+10,True,Utilities,0.011482183693923266,0.09321637,-0.10156845443735779,-0.3661358173076923,0.0,303.0,331.0,33.0,False,,ELIGIBLE_NOT_PICKED
LNTH,100.44,6.5559567e+09,True,Healthcare,0.01759462143196337,0.051284947,0.18750114772015536,-0.01081730769230771,1.0,167.0,331.0,33.0,False,,ELIGIBLE_NOT_PICKED
LNZA,6.12,8.010568e+07,False,,,,,,,,,,,,INELIGIBLE_TODAY
LOAR,67.7,6.342709e+09,True,Industrials,0.025201729767783856,0.21671434,-0.23473824128932286,-0.27403846153846156,2.0,325.0,331.0,33.0,False,,ELIGIBLE_NOT_PICKED
LOB,39.35,1.8212604e+09,False,,,,,,,,,,,,INELIGIBLE_TODAY
LOGI,98.51,1.4105482e+10,True,Technology,0.023331697543411842,0.26225302,0.036350955179238156,0.09735576923076922,2.0,125.0,331.0,33.0,False,,ELIGIBLE_NOT_PICKED
LOPE,151.53,3.949635e+09,True,Consumer Defensive,0.021945105150108335,0.16944516,0.05646321136390607,-0.021033653846153827,2.0,222.0,331.0,33.0,False,,ELIGIBLE_NOT_PICKED
LOW,200.8,1.12659644e+11,True,Consumer Cyclical,0.01801159019199345,0.18940671,-0.06466138556663029,-0.2088341346153846,1.0,285.0,331.0,33.0,False,,ELIGIBLE_NOT_PICKED
LPG,53.49,2.2884457e+09,True,Energy,0.029912666527372435,0.30065614,-0.005682821071888882,0.07421874999999997,3.0,168.0,331.0,33.0,False,,ELIGIBLE_NOT_PICKED
LPLA,350.22,2.7577125e+10,True,Financial Services,0.02016267983148187,0.17122284,0.0013320120277833987,-0.12650240384615383,1.0,251.0,331.0,33.0,False,,ELIGIBLE_NOT_PICKED
LPX,67.08,4.690462e+09,True,Basic Materials,0.026671024744654687,0.2721893,-0.0450837280228895,-0.02524038461538458,2.0,224.0,331.0,33.0,False,,ELIGIBLE_NOT_PICKED
LQDA,67.68,6.057962e+09,True,Healthcare,0.03825958671323359,0.33931336,-0.07888101929060709,0.03245192307692307,4.0,158.0,331.0,33.0,False,,ELIGIBLE_NOT_PICKED
LQDT,41.65,1.3049619e+09,False,,,,,,,,,,,,INELIGIBLE_TODAY
LRCX,320.42,4.0094826e+11,True,Technology,0.051089636520223906,0.38147897,0.027523604257239924,0.2578125,4.0,47.0,331.0,33.0,False,,ELIGIBLE_NOT_PICKED
LRN,82.15,3.4141412e+09,True,Consumer Defensive,0.03502968268202279,0.26245844,-0.044657405965975706,-0.04326923076923078,3.0,265.0,331.0,33.0,False,,ELIGIBLE_NOT_PICKED
LSCC,117.49,1.6687137e+10,True,Technology,0.0409293756757564,0.29157838,0.04358288984926008,0.15775240384615385,4.0,77.0,331.0,33.0,False,,ELIGIBLE_NOT_PICKED
LSTR,177.46,6.0224466e+09,True,Industrials,0.020324926747989563,0.26347893,0.18888942958075217,0.2821514423076923,1.0,7.0,331.0,33.0,True,0.006712505000544295,PICK
LTC,42.01,2.2645727e+09,True,Real Estate,0.014539502888524198,0.06330318,-0.06096197857656306,-0.3518629807692307,0.0,288.0,331.0,33.0,False,,ELIGIBLE_NOT_PICKED
LTH,42.47,9.490429e+09,True,Consumer Cyclical,0.020157193161406083,0.19048254,0.07093039475857174,0.028545673076923073,1.0,141.0,331.0,33.0,False,,ELIGIBLE_NOT_PICKED
LUCK,5.81,7.920658e+08,False,,,,,,,,,,,,INELIGIBLE_TODAY
LULU,103.19,1.0896252e+10,True,Consumer Cyclical,0.03310368396865014,0.31649178,-0.13716016943360038,-0.06520432692307693,3.0,278.0,331.0,33.0,False,,ELIGIBLE_NOT_PICKED
LUMN,6.64,6.8487977e+09,False,,,,,,,,,,,,INELIGIBLE_TODAY
LUNG,2.08,8.93324e+07,False,,,,,,,,,,,,INELIGIBLE_TODAY
LUNR,15.68,3.5895293e+09,True,Industrials,0.05155678632959687,0.3157782,-0.23117250214103105,-0.10757211538461536,4.0,277.0,331.0,33.0,False,,ELIGIBLE_NOT_PICKED
LUV,38.67,1.8917681e+10,True,Industrials,0.02260777726608199,0.22926389,0.14219340002387026,0.1893028846153846,2.0,61.0,331.0,33.0,False,,ELIGIBLE_NOT_PICKED
LVS,43.98,2.8485898e+10,True,Consumer Cyclical,0.015979421139772187,0.17851429,0.15794494025524905,0.11388221153846154,1.0,57.0,331.0,33.0,False,,ELIGIBLE_NOT_PICKED
LVWR,1.23,2.5265733e+08,False,,,,,,,,,,,,INELIGIBLE_TODAY
LW,49.4,6.7915617e+09,True,Consumer Defensive,0.019956083688943103,0.22025682,0.08165485123527985,0.09975961538461542,1.0,70.0,331.0,33.0,False,,ELIGIBLE_NOT_PICKED
LWLG,5.6,8.6333664e+08,False,,,,,,,,,,,,INELIGIBLE_TODAY
LXP,60.77,3.582833e+09,True,Real Estate,0.011332573174092937,0.018614082,0.17705756574263137,-0.021334134615384637,0.0,70.0,331.0,33.0,False,,ELIGIBLE_NOT_PICKED
LXRX,2.23,9.922517e+08,False,,,,,,,,,,,,INELIGIBLE_TODAY
LXU,11.35,8.1717165e+08,False,,,,,,,,,,,,INELIGIBLE_TODAY
LYB,64.59,2.0865022e+10,True,Basic Materials,0.022126206045712943,0.30498657,0.04671633346440947,0.18479567307692307,2.0,65.0,331.0,33.0,False,,ELIGIBLE_NOT_PICKED
LYEL,13.53,3.3155456e+08,False,,,,,,,,,,,,INELIGIBLE_TODAY
LYFT,16.24,6.147494e+09,True,Technology,0.027877014624000034,0.22382112,-0.12641105869357833,-0.20913461538461536,3.0,325.0,331.0,33.0,False,,ELIGIBLE_NOT_PICKED
LYV,170.45,4.016379e+10,True,Communication Services,0.016028764437825704,0.14580481,-0.05317084673817449,-0.24759615384615385,1.0,300.0,331.0,33.0,False,,ELIGIBLE_NOT_PICKED
LZ,6.02,1.03101414e+09,False,,,,,,,,,,,,INELIGIBLE_TODAY
LZB,31.67,1.2684713e+09,False,,,,,,,,,,,,INELIGIBLE_TODAY
M,22.45,5.905202e+09,True,Consumer Cyclical,0.023703110443819793,0.24745588,0.1671762019231338,0.2412860576923077,2.0,38.0,331.0,33.0,False,,ELIGIBLE_NOT_PICKED
MA,570.89,5.001053e+11,True,Financial Services,0.013948903192520545,0.07108669,0.18176575091395605,-0.0024038461538461453,0.0,58.0,331.0,33.0,False,,ELIGIBLE_NOT_PICKED
MAA,127.89,1.4838048e+10,True,Real Estate,0.012272269471401106,0.10219636,0.04722172584534466,-0.11688701923076925,0.0,134.0,331.0,33.0,False,,ELIGIBLE_NOT_PICKED
MAC,23.58,6.68633e+09,True,Real Estate,0.018846110598837347,0.16504627,0.010449095661459863,-0.11838942307692307,1.0,247.0,331.0,33.0,False,,ELIGIBLE_NOT_PICKED
MAIN,56.66,5.2981893e+09,True,Financial Services,0.013378086988420782,0.07004938,-0.222684169580461,-0.46334134615384615,0.0,331.0,331.0,33.0,False,,ELIGIBLE_NOT_PICKED
MAIR,26.14,1.311503e+10,True,Basic Materials,0.0368549540538452,0.27068534,0.039682132197772266,0.11778846153846156,4.0,110.0,331.0,33.0,False,,ELIGIBLE_NOT_PICKED
MAN,57.21,2.6605837e+09,True,Industrials,0.052418205581587385,0.38101947,-0.007174883678441373,0.1884014423076923,4.0,65.0,331.0,33.0,False,,ELIGIBLE_NOT_PICKED
MANE,103.83,4.3380316e+09,True,Healthcare,0.04665437737694875,0.4094934,-0.1303317113931691,0.053185096153846145,4.0,146.0,331.0,33.0,False,,ELIGIBLE_NOT_PICKED
MANH,207.92,1.2122769e+10,True,Technology,0.039026354418178824,0.36216465,0.22876563108836453,0.4465144230769231,4.0,1.0,331.0,33.0,True,0.003495872839406839,PICK
MAR,328.79,8.573735e+10,True,Consumer Cyclical,0.016640695013644936,0.17825817,0.1072722833932265,0.06310096153846151,1.0,108.0,331.0,33.0,False,,ELIGIBLE_NOT_PICKED
MARA,11.83,4.5699205e+09,True,Financial Services,0.05849770810196896,0.25277933,-0.09855987321799059,-0.1298076923076923,4.0,290.0,331.0,33.0,False,,ELIGIBLE_NOT_PICKED
MAS,70.93,1.3986505e+10,True,Basic Materials,0.024857561487645664,0.2098511,0.1397248151080409,0.14633413461538464,2.0,91.0,331.0,33.0,False,,ELIGIBLE_NOT_PICKED
MAT,14.14,4.039798e+09,True,Consumer Cyclical,0.02004652701529797,0.24361807,0.03510822818468484,0.05739182692307693,1.0,113.0,331.0,33.0,False,,ELIGIBLE_NOT_PICKED
MATW,20.39,6.364366e+08,False,,,,,,,,,,,,INELIGIBLE_TODAY
MATX,223.29,6.677143e+09,True,Industrials,0.020252229636601015,0.21485919,0.14189111566657306,0.1571514423076923,1.0,36.0,331.0,33.0,False,,ELIGIBLE_NOT_PICKED
MAX,11.77,7.21077e+08,False,,,,,,,,,,,,INELIGIBLE_TODAY
MAZE,26.37,1.4648316e+09,False,,,,,,,,,,,,INELIGIBLE_TODAY
MBC,8.16,1.6604824e+09,False,,,,,,,,,,,,INELIGIBLE_TODAY
MBGL,20.52,6.0497336e+09,True,Technology,,0.20033944,0.12507745658243918,0.11418269230769229,,,,,False,,ELIGIBLE_NOT_PICKED
MBI,4.61,2.3518581e+08,False,,,,,,,,,,,,INELIGIBLE_TODAY
MBIN,52.9,2.4301243e+09,True,Financial Services,0.019427474716189327,0.12725937,-0.10435005056662276,-0.3269230769230769,1.0,323.0,331.0,33.0,False,,ELIGIBLE_NOT_PICKED
MBLY,8.52,7.2435983e+09,False,,,,,,,,,,,,INELIGIBLE_TODAY
MBX,62.99,3.0336044e+09,True,Healthcare,0.039511382776578424,0.4330496,-0.22849105006514195,0.013822115384615363,4.0,176.0,331.0,33.0,False,,ELIGIBLE_NOT_PICKED
MC,68.77,5.382564e+09,True,Financial Services,0.02748712783964584,0.23836978,0.08207063301085975,0.13822115384615385,3.0,113.0,331.0,33.0,False,,ELIGIBLE_NOT_PICKED
MCD,255.81,1.8102179e+11,True,Consumer Cyclical,0.014385028594284924,0.103988186,0.055914047650664066,-0.09855769230769232,0.0,122.0,331.0,33.0,False,,ELIGIBLE_NOT_PICKED
MCHB,15.55,3.4431823e+09,True,Financial Services,0.015453161421149116,0.12918702,-0.2085137496129351,-0.38731971153846156,0.0,312.0,331.0,33.0,False,,ELIGIBLE_NOT_PICKED
MCHP,73.38,3.984598e+10,True,Technology,0.03782547266407877,0.22714578,-0.009782440554815685,-0.05679086538461539,4.0,243.0,331.0,33.0,False,,ELIGIBLE_NOT_PICKED
MCK,889.12,1.0366282e+11,True,Healthcare,0.020492487267160003,0.23018293,0.0634025389613622,0.08894230769230765,1.0,80.0,331.0,33.0,False,,ELIGIBLE_NOT_PICKED
MCO,481.25,8.33525e+10,True,Financial Services,0.01799532985899432,0.09862091,0.17071280852054777,0.02644230769230768,1.0,146.0,331.0,33.0,False,,ELIGIBLE_NOT_PICKED
MCRB,5.56,5.5273412e+07,False,,,,,,,,,,,,INELIGIBLE_TODAY
MCRI,119.28,2.1377983e+09,True,Consumer Cyclical,0.014284857005523415,0.14689906,0.1937814108913903,0.09254807692307693,0.0,12.0,331.0,33.0,True,0.009550755207337648,PICK
MCY,102.64,5.685089e+09,True,Financial Services,0.01573753709178624,0.19131915,0.07267023104296562,0.032451923076923045,1.0,138.0,331.0,33.0,False,,ELIGIBLE_NOT_PICKED
MD,26.94,2.188963e+09,True,Healthcare,0.02241377905117994,0.20595868,0.17431264931774232,0.1628605769230769,2.0,79.0,331.0,33.0,False,,ELIGIBLE_NOT_PICKED
MDB,356.0,2.8678058e+10,True,Technology,0.04275404825387733,0.33211127,0.045527646710425466,0.22536057692307687,4.0,56.0,331.0,33.0,False,,ELIGIBLE_NOT_PICKED
MDGL,534.16,1.23413e+10,True,Healthcare,0.02663368216815852,0.2762821,-0.0036110540694822,0.04687500000000003,2.0,163.0,331.0,33.0,False,,ELIGIBLE_NOT_PICKED
MDLN,34.69,4.5607203e+10,True,Healthcare,0.03290948852265304,0.30101424,-0.18162530220209186,-0.11328125,3.0,298.0,331.0,33.0,False,,ELIGIBLE_NOT_PICKED
MDLZ,61.63,7.865886e+10,True,Consumer Defensive,0.01726301973083349,0.1964366,0.11337825645614258,0.09675480769230771,1.0,74.0,331.0,33.0,False,,ELIGIBLE_NOT_PICKED
MDT,92.39,1.1817955e+11,True,Healthcare,0.01735189570278143,0.18436924,0.019306432873808906,-0.0769230769230769,1.0,219.0,331.0,33.0,False,,ELIGIBLE_NOT_PICKED
MDU,19.84,4.1733332e+09,True,Industrials,0.011767359282575723,0.13406727,-0.09383736537089463,-0.31009615384615385,0.0,262.0,331.0,33.0,False,,ELIGIBLE_NOT_PICKED
MED,12.16,1.3595734e+08,False,,,,,,,,,,,,INELIGIBLE_TODAY
MEDP,590.89,1.6492718e+10,True,Healthcare,0.026958786233248253,0.24553621,0.091216606325599,0.16376201923076922,3.0,99.0,331.0,33.0,False,,ELIGIBLE_NOT_PICKED
MET,95.5,6.068805e+10,True,Financial Services,0.015131665657987535,0.18696561,0.03470081447004213,-0.043870192307692346,0.0,89.0,331.0,33.0,False,,ELIGIBLE_NOT_PICKED
META,613.48,1.5628441e+12,True,Communication Services,0.028995747042671816,0.2620487,-0.006035007305215316,0.0168269230769231,3.0,212.0,331.0,33.0,False,,ELIGIBLE_NOT_PICKED
METC,12.53,7.9425466e+08,False,,,,,,,,,,,,INELIGIBLE_TODAY
MFIC,9.245,7.61535e+08,False,,,,,,,,,,,,INELIGIBLE_TODAY
MFP,42.91,1.9408388e+09,False,,,,,,,,,,,,INELIGIBLE_TODAY
MGEE,77.82,2.9403517e+09,True,Utilities,0.011129763222558087,0.09084211,-0.09292984786232496,-0.36087740384615385,0.0,298.0,331.0,33.0,False,,ELIGIBLE_NOT_PICKED
MGM,40.74,1.0249889e+10,True,Consumer Cyclical,0.014117516637903114,0.17409909,0.14529942668163753,0.09525240384615385,0.0,11.0,331.0,33.0,True,0.009663963991038063,PICK
MGNI,23.7,3.3991526e+09,True,Communication Services,0.03878514253226586,0.39673486,-0.05129042615480628,0.13251201923076922,4.0,103.0,331.0,33.0,False,,ELIGIBLE_NOT_PICKED
MGNX,4.32,2.751848e+08,False,,,,,,,,,,,,INELIGIBLE_TODAY
MGPI,16.21,3.4712218e+08,False,,,,,,,,,,,,INELIGIBLE_TODAY
MGRC,110.82,2.706852e+09,True,Industrials,0.01363580072210602,0.13441601,0.10108020628963216,0.0030048076923077094,0.0,53.0,331.0,33.0,False,,ELIGIBLE_NOT_PICKED
MGY,27.42,6.497679e+09,True,Energy,0.024075383101100054,0.25236276,0.0001215660883299225,0.009314903846153827,2.0,200.0,331.0,33.0,False,,ELIGIBLE_NOT_PICKED
MH,12.75,2.4391875e+09,True,Consumer Defensive,0.04278406528397567,0.3065328,-0.04902660279947164,0.014723557692307682,4.0,173.0,331.0,33.0,False,,ELIGIBLE_NOT_PICKED
MHK,129.72,8.786992e+09,True,Consumer Cyclical,0.027385393272262835,0.28778085,0.0456964052100699,0.15805288461538464,3.0,101.0,331.0,33.0,False,,ELIGIBLE_NOT_PICKED
MHO,143.29,3.6228055e+09,True,Consumer Cyclical,0.020786752986242107,0.23241071,0.015212986929618663,-0.0006009615384615086,1.0,159.0,331.0,33.0,False,,ELIGIBLE_NOT_PICKED
MIAX,43.46,4.312575e+09,True,Financial Services,0.02892610977603767,0.31596258,-0.12716248400576768,-0.05859374999999997,3.0,274.0,331.0,33.0,False,,ELIGIBLE_NOT_PICKED
MIDD,108.63,4.912504e+09,True,Industrials,0.035585849373000564,0.25284505,0.07891721725711597,0.15775240384615385,3.0,102.0,331.0,33.0,False,,ELIGIBLE_NOT_PICKED
MIR,16.92,4.213717e+09,True,Industrials,0.03228396587087001,0.32476994,-0.23964872631452902,-0.09435096153846151,3.0,292.0,331.0,33.0,False,,ELIGIBLE_NOT_PICKED
MIRM,99.53,6.462702e+09,True,Healthcare,0.02980166516296854,0.23327886,-0.08297586807800089,-0.14933894230769232,3.0,306.0,331.0,33.0,False,,ELIGIBLE_NOT_PICKED
MKC,51.9,1.3953396e+10,True,Consumer Defensive,0.02010639187514147,0.20611417,-0.11776106123420628,-0.23858173076923075,1.0,296.0,331.0,33.0,False,,ELIGIBLE_NOT_PICKED
MKL,1785.71,2.2124872e+10,True,Financial Services,0.013943699795563359,0.17469601,-0.002992500128456199,-0.1316105769230769,0.0,150.0,331.0,33.0,False,,ELIGIBLE_NOT_PICKED
MKSI,265.5,1.795246e+10,True,Technology,0.04994665758191111,0.31124005,-0.038459173502205804,0.04206730769230771,4.0,151.0,331.0,33.0,False,,ELIGIBLE_NOT_PICKED
MKTW,18.17,2.866224e+08,False,,,,,,,,,,,,INELIGIBLE_TODAY
MKTX,163.32,5.747703e+09,True,Financial Services,0.04125822312489463,0.023294777,-0.0007848257352312168,-0.26622596153846156,4.0,327.0,331.0,33.0,False,,ELIGIBLE_NOT_PICKED
MLI,63.58,1.4062713e+10,True,Industrials,0.022038792380244365,0.2501974,0.03932915639328209,0.07782451923076927,2.0,140.0,331.0,33.0,False,,ELIGIBLE_NOT_PICKED
MLKN,22.21,1.5130171e+09,False,,,,,,,,,,,,INELIGIBLE_TODAY
MLM,511.98,3.0752508e+10,True,Basic Materials,0.020910173558357396,0.20635597,-0.12620089343525676,-0.2442908653846154,1.0,298.0,331.0,33.0,False,,ELIGIBLE_NOT_PICKED
MLTX,14.94,1.2714939e+09,False,,,,,,,,,,,,INELIGIBLE_TODAY
MLYS,31.12,2.7512223e+09,True,Healthcare,0.03026433087317854,0.41795802,-0.37829656150598295,-0.006009615384615391,3.0,231.0,331.0,33.0,False,,ELIGIBLE_NOT_PICKED
MMED,23.32,6.549255e+09,True,Healthcare,0.032649877852763735,0.39688563,0.05032705936648526,0.3167067307692308,3.0,23.0,331.0,33.0,True,0.004178612031776035,PICK
MMI,31.33,1.1864986e+09,False,,,,,,,,,,,,INELIGIBLE_TODAY
MMM,167.52,8.639382e+10,True,Industrials,0.015858106419393034,0.11546223,0.1709193410615645,0.04957932692307693,1.0,118.0,331.0,33.0,False,,ELIGIBLE_NOT_PICKED
MMS,56.33,2.9493128e+09,True,Industrials,0.0245971444707519,0.24675892,-0.048397965747747976,-0.08112980769230768,2.0,255.0,331.0,33.0,False,,ELIGIBLE_NOT_PICKED
MMSI,87.38,5.2174966e+09,True,Healthcare,0.017158061647092222,0.13781863,0.08582708131947518,-0.011418269230769218,1.0,168.0,331.0,33.0,False,,ELIGIBLE_NOT_PICKED
MNKD,4.16,1.3376091e+09,False,,,,,,,,,,,,INELIGIBLE_TODAY
MNR,12.71,2.1219103e+09,True,Energy,0.011574026503499132,0.13989589,-0.01348197296665603,-0.1932091346153846,0.0,189.0,331.0,33.0,False,,ELIGIBLE_NOT_PICKED
MNRO,12.51,3.9111338e+08,False,,,,,,,,,,,,INELIGIBLE_TODAY
MNST,43.15,8.4533084e+10,True,Consumer Defensive,0.015534429445340475,0.13874109,0.008440819998149681,-0.15775240384615385,0.0,164.0,331.0,33.0,False,,ELIGIBLE_NOT_PICKED
MNTK,2.5,3.5585283e+08,False,,,,,,,,,,,,INELIGIBLE_TODAY
MNTN,12.81,9.5822854e+08,False,,,,,,,,,,,,INELIGIBLE_TODAY
MO,68.17,1.1382645e+11,True,Consumer Defensive,0.01993705722037009,0.14143908,0.13174161252465788,0.044471153846153855,1.0,126.0,331.0,33.0,False,,ELIGIBLE_NOT_PICKED
MOD,192.35,1.021623e+10,True,Consumer Cyclical,0.04290150214029559,0.2871844,-0.025897897612015372,0.026742788461538436,4.0,164.0,331.0,33.0,False,,ELIGIBLE_NOT_PICKED
MOG.A,369.61,1.1705981e+10,True,Industrials,0.02582990075386551,0.3339463,-0.06340203547565415,0.04116586538461539,2.0,171.0,331.0,33.0,False,,ELIGIBLE_NOT_PICKED
MOH,196.3,1.024686e+10,True,Healthcare,0.02603492525614178,0.34651074,0.04269015335648926,0.24549278846153844,2.0,31.0,331.0,33.0,True,0.005240313582209789,PICK
MORN,200.53,7.5225964e+09,True,Financial Services,0.029692214728874018,0.26257434,0.022756372546342392,0.07451923076923078,3.0,167.0,331.0,33.0,False,,ELIGIBLE_NOT_PICKED
MOS,26.53,8.4337715e+09,True,Basic Materials,0.027343894396899285,0.33274898,-0.13676471447257854,-0.03455528846153849,3.0,254.0,331.0,33.0,False,,ELIGIBLE_NOT_PICKED
MP,55.37,9.861485e+09,True,Basic Materials,0.04040828075426634,0.28256285,-0.3068867228515856,-0.1628605769230769,4.0,306.0,331.0,33.0,False,,ELIGIBLE_NOT_PICKED
MPC,397.77,1.1170366e+11,True,Energy,0.021939459724696943,0.25942263,0.1594494537072759,0.2587139423076923,2.0,26.0,331.0,33.0,True,0.006218529268430334,PICK
MPLX,59.83,6.065914e+10,True,Energy,0.011697024114897153,0.05697029,0.05883827489649984,-0.14603365384615385,0.0,158.0,331.0,33.0,False,,ELIGIBLE_NOT_PICKED
MPT,3.99,2.382828e+09,False,,,,,,,,,,,,INELIGIBLE_TODAY
MPWR,1218.5,5.9880747e+10,True,Technology,0.03794443615285216,0.30782148,-0.028017358603763323,0.05348557692307693,4.0,145.0,331.0,33.0,False,,ELIGIBLE_NOT_PICKED
MQ,16.26,1.692647e+09,False,,,,,,,,,,,,INELIGIBLE_TODAY
MRCY,83.46,5.0189614e+09,True,Industrials,0.04098480846772514,0.30983174,-0.06179845767961177,0.004507211538461536,4.0,186.0,331.0,33.0,False,,ELIGIBLE_NOT_PICKED
MRK,148.46,3.662763e+11,True,Healthcare,0.023873989200486157,0.30763584,0.07747007036596756,0.24368990384615385,2.0,35.0,331.0,33.0,False,,ELIGIBLE_NOT_PICKED
MRNA,140.33,5.6024773e+10,True,Healthcare,0.23607856793875148,0.35550547,-0.06319839902068419,0.07512019230769229,4.0,129.0,331.0,33.0,False,,ELIGIBLE_NOT_PICKED
MRP,30.78,5.110955e+09,True,Real Estate,0.01582013551613096,0.05202717,-0.0016913760411542194,-0.2626201923076923,1.0,307.0,331.0,33.0,False,,ELIGIBLE_NOT_PICKED
MRSH,180.52,8.614618e+10,True,Financial Services,0.01778678389143891,0.19511695,0.1187501396281467,0.09975961538461536,1.0,71.0,331.0,33.0,False,,ELIGIBLE_NOT_PICKED
MRVI,7.19,1.8670533e+09,False,,,,,,,,,,,,INELIGIBLE_TODAY
MRVL,225.41,1.9766203e+11,True,Technology,0.05801499161276342,0.36491394,-0.1589630112563746,-0.0006009615384615641,4.0,198.0,331.0,33.0,False,,ELIGIBLE_NOT_PICKED
MS,216.24,3.3961925e+11,True,Financial Services,0.017878544648116862,0.14058752,0.01982733177538906,-0.13070913461538458,1.0,254.0,331.0,33.0,False,,ELIGIBLE_NOT_PICKED
MSA,188.72,7.2804946e+09,True,Industrials,0.016080228030392645,0.12174735,0.17800427782245537,0.06039663461538461,1.0,109.0,331.0,33.0,False,,ELIGIBLE_NOT_PICKED
MSCI,551.39,4.0086053e+10,True,Financial Services,0.02215480607858499,0.16493466,0.19715795650951473,0.11868990384615385,2.0,109.0,331.0,33.0,False,,ELIGIBLE_NOT_PICKED
MSEX,58.325,1.0990732e+09,False,,,,,,,,,,,,INELIGIBLE_TODAY
MSFT,493.95,3.667848e+12,True,Technology,0.027756943910036018,0.2194119,0.07685352207271873,0.08954326923076922,3.0,155.0,331.0,33.0,False,,ELIGIBLE_NOT_PICKED
MSGE,76.75,3.6306767e+09,True,Consumer Cyclical,0.02233731698646597,0.230543,0.10686788131977967,0.15354567307692307,2.0,87.0,331.0,33.0,False,,ELIGIBLE_NOT_PICKED
MSGS,390.77,9.409718e+09,True,Communication Services,0.016874002140435853,0.19096503,0.10821356458952659,0.08233173076923075,1.0,85.0,331.0,33.0,False,,ELIGIBLE_NOT_PICKED
MSI,462.98,7.662032e+10,True,Technology,0.017224138163395554,0.10829544,0.08339642153515534,-0.04507211538461542,1.0,198.0,331.0,33.0,False,,ELIGIBLE_NOT_PICKED
MSM,120.38,6.7227776e+09,True,Industrials,0.015961646891329093,0.18656889,0.24567149252036494,0.1553485576923077,1.0,37.0,331.0,33.0,False,,ELIGIBLE_NOT_PICKED
MSTR,136.52,5.24545e+10,True,Technology,0.05669259548254778,0.37047717,-0.12921386014616504,0.02433894230769232,4.0,166.0,331.0,33.0,False,,ELIGIBLE_NOT_PICKED
MTB,238.44,3.4434613e+10,True,Financial Services,0.01269719418308263,0.10455283,0.08231800075182044,-0.052283653846153855,0.0,97.0,331.0,33.0,False,,ELIGIBLE_NOT_PICKED
MTCH,41.15,9.446023e+09,True,Communication Services,0.023094061995822635,0.21731438,0.18326023375389283,0.1908052884615385,2.0,60.0,331.0,33.0,False,,ELIGIBLE_NOT_PICKED
MTD,1325.52,2.655886e+10,True,Healthcare,0.015999109520182662,0.08385333,0.04435904522414612,-0.14903846153846156,1.0,262.0,331.0,33.0,False,,ELIGIBLE_NOT_PICKED
MTDR,59.77,7.396789e+09,True,Energy,0.02545718719310974,0.22075777,0.035735290451473896,0.013822115384615363,2.0,195.0,331.0,33.0,False,,ELIGIBLE_NOT_PICKED
MTG,30.66,6.2891274e+09,True,Financial Services,0.010833916894542647,0.037676867,0.16720272603661307,-0.024038461538461564,0.0,74.0,331.0,33.0,False,,ELIGIBLE_NOT_PICKED
MTH,64.43,4.1991667e+09,True,Consumer Cyclical,0.025576842689068176,0.2758864,-0.050764984626847545,-0.030949519230769218,2.0,231.0,331.0,33.0,False,,ELIGIBLE_NOT_PICKED
MTN,132.99,4.7389025e+09,True,Consumer Cyclical,0.027356783516378096,0.23222543,0.018568030770493245,0.006911057692307682,3.0,219.0,331.0,33.0,False,,ELIGIBLE_NOT_PICKED
MTRN,255.69,5.326975e+09,True,Basic Materials,0.05699862087812183,0.3573924,0.016952912612376105,0.20763221153846156,4.0,59.0,331.0,33.0,False,,ELIGIBLE_NOT_PICKED
MTSI,274.8,2.0986733e+10,True,Technology,0.04598370806100505,0.33557364,-0.004000833852934143,0.13671874999999997,4.0,96.0,331.0,33.0,False,,ELIGIBLE_NOT_PICKED
MTUS,19.42,8.049451e+08,False,,,,,,,,,,,,INELIGIBLE_TODAY
MTW,20.99,7.5694074e+08,False,,,,,,,,,,,,INELIGIBLE_TODAY
MTX,70.52,2.1952003e+09,True,Basic Materials,0.01606288257709662,0.2411355,0.11998496762885565,0.18780048076923078,1.0,25.0,331.0,33.0,True,0.008493567189870878,PICK
MTZ,246.18,1.9769473e+10,True,Industrials,0.04655069215552744,0.29723883,-0.11289122577904613,-0.07271634615384615,4.0,262.0,331.0,33.0,False,,ELIGIBLE_NOT_PICKED
MU,1000.26,1.1296868e+12,True,Technology,0.06024079833038676,0.37751758,0.03195738189578965,0.26111778846153844,4.0,44.0,331.0,33.0,False,,ELIGIBLE_NOT_PICKED
MUR,37.58,5.388263e+09,True,Energy,0.0309579694286264,0.35467175,0.01035040946796091,0.18900240384615383,3.0,84.0,331.0,33.0,False,,ELIGIBLE_NOT_PICKED
MUSA,517.81,9.517527e+09,True,Consumer Cyclical,0.026169839701166528,0.31920153,0.13822561870673739,0.3293269230769231,2.0,9.0,331.0,33.0,True,0.005213297979257205,PICK
MVIS,1.67,3.9726668e+07,False,,,,,,,,,,,,INELIGIBLE_TODAY
MVST,0.682,2.6225251e+08,False,,,,,,,,,,,,INELIGIBLE_TODAY
MWA,23.76,3.7095462e+09,True,Industrials,0.01622547606646048,0.17729849,-0.09928223567952156,-0.2638221153846154,1.0,309.0,331.0,33.0,False,,ELIGIBLE_NOT_PICKED
MWH,25.66,5.193243e+09,True,Utilities,0.04514043839093935,0.3612602,0.10910876039722706,0.36868990384615385,4.0,19.0,331.0,33.0,True,0.0030223714543933427,PICK
MXL,66.5,6.0310973e+09,True,Technology,0.08265606271560919,0.37688798,0.12684856490236582,0.4053485576923077,4.0,10.0,331.0,33.0,True,0.0016505888128374652,PICK
MYGN,3.18,3.0416586e+08,False,,,,,,,,,,,,INELIGIBLE_TODAY
MYRG,288.16,4.4864353e+09,True,Industrials,0.030926206091052243,0.32775488,0.0901351910686661,0.2935697115384615,3.0,33.0,331.0,33.0,True,0.004411506928133986,PICK
MZTI,104.03,2.8390828e+09,True,Consumer Defensive,0.02230456864425273,0.26599672,-0.11166512521417513,-0.11538461538461536,2.0,270.0,331.0,33.0,False,,ELIGIBLE_NOT_PICKED
NABL,3.85,7.272883e+08,False,,,,,,,,,,,,INELIGIBLE_TODAY
NATL,45.48,3.3608325e+09,True,Technology,0.008427846883188093,0.13507397,0.06249152038931703,-0.05588942307692307,0.0,101.0,331.0,33.0,False,,ELIGIBLE_NOT_PICKED
NAVI,9.47,8.8813286e+08,False,,,,,,,,,,,,INELIGIBLE_TODAY
NAVN,26.64,6.7753846e+09,True,Technology,0.04268110907988874,0.36875778,0.13911295314740796,0.4065504807692308,4.0,8.0,331.0,33.0,True,0.003196523599614297,PICK
NBHC,41.77,1.8604169e+09,False,,,,,,,,,,,,INELIGIBLE_TODAY
NBIX,155.13,1.5768837e+10,True,Healthcare,0.02155012270625662,0.24282964,0.046545055293319745,0.08203125,2.0,136.0,331.0,33.0,False,,ELIGIBLE_NOT_PICKED
NBR,91.87,1.35968e+09,False,,,,,,,,,,,,INELIGIBLE_TODAY
NBTB,51.42,2.6717862e+09,True,Financial Services,0.012184234378169099,0.08482174,-0.018668849444637616,-0.26502403846153844,0.0,235.0,331.0,33.0,False,,ELIGIBLE_NOT_PICKED
NCLH,15.39,7.066901e+09,True,Industrials,0.02984690936278527,0.26437995,-0.15346152428902704,-0.1502403846153846,3.0,308.0,331.0,33.0,False,,ELIGIBLE_NOT_PICKED
NCNO,22.14,2.340999e+09,True,Technology,0.03138943793258258,0.4430581,-0.08807467220649859,0.1015625,3.0,140.0,331.0,33.0,False,,ELIGIBLE_NOT_PICKED
NDAQ,95.04,5.312521e+10,True,Financial Services,0.02015260046543207,0.12382803,0.1429741438290366,0.037560096153846145,1.0,130.0,331.0,33.0,False,,ELIGIBLE_NOT_PICKED
NDSN,316.8,1.764556e+10,True,Industrials,0.016096031465189717,0.10670428,0.09095404831766994,-0.03605769230769229,1.0,191.0,331.0,33.0,False,,ELIGIBLE_NOT_PICKED
NE,45.89,7.325981e+09,True,Energy,0.02772651318881109,0.23816288,0.056894503934298464,0.09435096153846156,3.0,147.0,331.0,33.0,False,,ELIGIBLE_NOT_PICKED
NEE,83.83,1.7485288e+11,True,Utilities,0.009203065650494363,0.080887474,-0.015604943877652853,-0.26502403846153844,0.0,236.0,331.0,33.0,False,,ELIGIBLE_NOT_PICKED
NEM,127.09,1.3391375e+11,True,Basic Materials,0.029200189061072725,0.32887325,0.20957987421534435,0.39122596153846156,3.0,5.0,331.0,33.0,True,0.004672270174217987,PICK
NEO,17.56,2.2560287e+09,True,Healthcare,0.03796253173725852,0.39166167,0.13143777129821022,0.42307692307692313,4.0,2.0,331.0,33.0,True,0.003593837560040164,PICK
NEOG,11.885,2.5915958e+09,True,Healthcare,0.03752921534751012,0.31639406,0.10428923260213659,0.2893629807692308,4.0,36.0,331.0,33.0,False,,ELIGIBLE_NOT_PICKED
NESR,34.18,3.447113e+09,True,Energy,0.04267254232942601,0.3375297,-0.0062008513897609035,0.13551682692307693,4.0,98.0,331.0,33.0,False,,ELIGIBLE_NOT_PICKED
NET,284.3,1.0123346e+11,True,Technology,0.03323994614131152,0.3004713,0.07079350295781575,0.21754807692307693,3.0,69.0,331.0,33.0,False,,ELIGIBLE_NOT_PICKED
NEU,867.7,7.9797217e+09,True,Basic Materials,0.019867422759807223,0.22255313,0.06448390960834693,0.07241586538461542,1.0,92.0,331.0,33.0,False,,ELIGIBLE_NOT_PICKED
NEXT,7.47,1.9884052e+09,False,,,,,,,,,,,,INELIGIBLE_TODAY
NFE,0.258,7.3693736e+07,False,,,,,,,,,,,,INELIGIBLE_TODAY
NFG,83.81,7.96573e+09,True,Energy,0.012365073378989185,0.07041507,-0.13669632108493263,-0.42397836538461536,0.0,325.0,331.0,33.0,False,,ELIGIBLE_NOT_PICKED
NFLX,76.77,3.1966564e+11,True,Communication Services,0.02418952487764119,0.25699314,-0.03147046234357304,-0.03125,2.0,232.0,331.0,33.0,False,,ELIGIBLE_NOT_PICKED
NG,7.9,3.466367e+09,False,,,,,,,,,,,,INELIGIBLE_TODAY
NGL,17.57,2.1929871e+09,True,Energy,0.030504792682972383,0.3299499,0.11704746915626425,0.3290264423076923,3.0,16.0,331.0,33.0,True,0.004472450406382588,PICK
NGVT,69.15,2.3772334e+09,True,Basic Materials,0.018687867143713618,0.19256061,0.18954451871849595,0.14993990384615383,1.0,40.0,331.0,33.0,False,,ELIGIBLE_NOT_PICKED
NHC,220.97,3.4606984e+09,True,Healthcare,0.02135163088276654,0.2146369,0.111144092720116,0.12530048076923078,2.0,106.0,331.0,33.0,False,,ELIGIBLE_NOT_PICKED
NHI,71.42,3.5074673e+09,True,Real Estate,0.015581619882408675,0.11561627,-0.13741215520963954,-0.3668870192307692,1.0,328.0,331.0,33.0,False,,ELIGIBLE_NOT_PICKED
NI,41.9,2.009357e+10,True,Utilities,0.012694757560858583,0.104632325,0.050009168302174986,-0.10697115384615385,0.0,127.0,331.0,33.0,False,,ELIGIBLE_NOT_PICKED
NIC,172.16,3.6080453e+09,True,Financial Services,0.013604482309877769,0.0695723,-0.10239855987808391,-0.39663461538461536,0.0,317.0,331.0,33.0,False,,ELIGIBLE_NOT_PICKED
NIQ,18.34,5.4094904e+09,True,Communication Services,0.06069085865189748,0.25940853,0.04259527551111475,0.10516826923076922,4.0,115.0,331.0,33.0,False,,ELIGIBLE_NOT_PICKED
NJR,54.0,5.479269e+09,True,Utilities,0.012881572792495575,0.10339538,-0.08226109203877974,-0.3299278846153846,0.0,280.0,331.0,33.0,False,,ELIGIBLE_NOT_PICKED
NKE,38.1,5.65213e+10,True,Consumer Cyclical,0.020480190156529063,0.20063275,-0.01811131583876238,-0.11808894230769229,1.0,246.0,331.0,33.0,False,,ELIGIBLE_NOT_PICKED
NKTR,75.44,2.5757476e+09,True,Healthcare,0.03106340470910712,0.40991116,-0.2882162779153408,-0.003305288461538436,3.0,230.0,331.0,33.0,False,,ELIGIBLE_NOT_PICKED
NKTX,3.23,2.3134808e+08,False,,,,,,,,,,,,INELIGIBLE_TODAY
NLY,22.72,1.7124392e+10,True,Real Estate,0.011425165533819625,0.054262504,-0.06402901454932995,-0.3611778846153846,0.0,299.0,331.0,33.0,False,,ELIGIBLE_NOT_PICKED
NMAX,10.71,1.3833105e+09,False,,,,,,,,,,,,INELIGIBLE_TODAY
NMIH,44.38,3.3381683e+09,True,Financial Services,0.012239493123980077,0.04358539,0.05131378668048429,-0.16075721153846156,0.0,165.0,331.0,33.0,False,,ELIGIBLE_NOT_PICKED
NMRA,1.25,2.3486989e+08,False,,,,,,,,,,,,INELIGIBLE_TODAY
NMRK,14.83,2.6876206e+09,True,Real Estate,0.026129192350586805,0.34895813,-0.09245604066605778,0.03305288461538464,2.0,179.0,331.0,33.0,False,,ELIGIBLE_NOT_PICKED
NN,15.22,2.569287e+09,True,Technology,0.04664499929047188,0.27838403,-0.2169685457607128,-0.15384615384615385,4.0,302.0,331.0,33.0,False,,ELIGIBLE_NOT_PICKED
NNDM,1.555,3.2785466e+08,False,,,,,,,,,,,,INELIGIBLE_TODAY
NNE,19.35,1.03905914e+09,False,,,,,,,,,,,,INELIGIBLE_TODAY
NNI,125.14,4.477439e+09,True,Financial Services,0.01221768078993515,0.11598874,-0.019974538048898125,-0.22596153846153846,0.0,208.0,331.0,33.0,False,,ELIGIBLE_NOT_PICKED
NNN,44.45,8.5313505e+09,True,Real Estate,0.011178473678422311,0.09646495,-0.004384539416854171,-0.2274639423076923,0.0,209.0,331.0,33.0,False,,ELIGIBLE_NOT_PICKED
NOC,518.58,7.367104e+10,True,Industrials,0.018105062425533693,0.19762412,-0.0012368120037847263,-0.09465144230769229,1.0,232.0,331.0,33.0,False,,ELIGIBLE_NOT_PICKED
NOG,25.68,2.7361815e+09,True,Energy,0.031868350474778935,0.24725918,-0.08727818434507778,-0.12590144230769235,3.0,301.0,331.0,33.0,False,,ELIGIBLE_NOT_PICKED
NOV,21.39,7.625067e+09,True,Energy,0.020396219168241397,0.2726128,0.19239846856596593,0.30168269230769235,1.0,2.0,331.0,33.0,True,0.006689042283091912,PICK
NOVT,149.31,5.646571e+09,True,Technology,0.03049917885622214,0.3738099,-0.14000835353167285,0.019230769230769246,3.0,208.0,331.0,33.0,False,,ELIGIBLE_NOT_PICKED
NOW,134.21,1.3877314e+11,True,Technology,0.03908582983966327,0.3535994,-0.016654363767056462,0.14423076923076925,4.0,90.0,331.0,33.0,False,,ELIGIBLE_NOT_PICKED
NP,32.05,4.3983206e+09,True,Financial Services,0.032804531738438426,0.15431525,0.03618440935357908,-0.08443509615384615,3.0,286.0,331.0,33.0,False,,ELIGIBLE_NOT_PICKED
NPO,301.08,6.3731656e+09,True,Industrials,0.02803862100592581,0.27015564,0.02494315285385199,0.09344951923076922,3.0,150.0,331.0,33.0,False,,ELIGIBLE_NOT_PICKED
NPWR,1.9,4.2723126e+08,False,,,,,,,,,,,,INELIGIBLE_TODAY
NRG,119.64,2.5149581e+10,True,Utilities,0.035318318570008944,0.28996646,-0.2059981259619317,-0.13581730769230768,3.0,303.0,331.0,33.0,False,,ELIGIBLE_NOT_PICKED
NRGV,4.32,7.8554694e+08,False,,,,,,,,,,,,INELIGIBLE_TODAY
NRIX,26.13,2.7118154e+09,True,Healthcare,0.030177553634822617,0.3790456,0.033205269154900754,0.26322115384615385,3.0,47.0,331.0,33.0,False,,ELIGIBLE_NOT_PICKED
NRP,113.29,1.5011392e+09,False,,,,,,,,,,,,INELIGIBLE_TODAY
NSC,327.92,7.3653576e+10,True,Industrials,0.014000073280928064,0.07897741,0.10243575037183895,-0.0612980769230769,0.0,103.0,331.0,33.0,False,,ELIGIBLE_NOT_PICKED
NSIT,157.34,4.617748e+09,True,Technology,0.02374689155453095,0.26865792,0.08467773283755646,0.19921875,2.0,50.0,331.0,33.0,False,,ELIGIBLE_NOT_PICKED
NSP,49.63,1.8956312e+09,False,,,,,,,,,,,,INELIGIBLE_TODAY
NSSC,37.085,1.3264724e+09,False,,,,,,,,,,,,INELIGIBLE_TODAY
NTAP,189.13,3.7148725e+10,True,Technology,0.024871396644289903,0.25279084,0.07612803690228427,0.15294471153846156,2.0,88.0,331.0,33.0,False,,ELIGIBLE_NOT_PICKED
NTCT,36.975,2.6883528e+09,True,Technology,0.019367876394535168,0.2432515,0.047515362852937955,0.08533653846153844,1.0,84.0,331.0,33.0,False,,ELIGIBLE_NOT_PICKED
NTGR,21.13,5.7429274e+08,False,,,,,,,,,,,,INELIGIBLE_TODAY
NTLA,12.74,1.7852141e+09,False,,,,,,,,,,,,INELIGIBLE_TODAY
NTNX,67.49,1.8243932e+10,True,Technology,0.02204481724988395,0.22897957,0.07092444926296584,0.10036057692307693,2.0,122.0,331.0,33.0,False,,ELIGIBLE_NOT_PICKED
NTRA,324.14,4.672289e+10,True,Healthcare,0.036572946985508566,0.2491006,0.06822147084486559,0.13010817307692307,3.0,121.0,331.0,33.0,False,,ELIGIBLE_NOT_PICKED
NTRS,184.88,3.3824842e+10,True,Financial Services,0.013131508765021949,0.089453496,0.14483211549813893,-0.005408653846153855,0.0,61.0,331.0,33.0,False,,ELIGIBLE_NOT_PICKED
NTSK,14.35,5.863234e+09,True,Technology,0.04340274019307296,0.33734944,0.006000800084862312,0.1568509615384615,4.0,79.0,331.0,33.0,False,,ELIGIBLE_NOT_PICKED
NTST,20.22,2.0528961e+09,True,Real Estate,0.014973735433858317,0.090799004,-0.09182988001509546,-0.3596754807692308,0.0,295.0,331.0,33.0,False,,ELIGIBLE_NOT_PICKED
NUE,256.4,5.8170925e+10,True,Basic Materials,0.023370179079303336,0.30191815,0.0494748494434134,0.18509615384615385,2.0,64.0,331.0,33.0,False,,ELIGIBLE_NOT_PICKED
NUS,4.75,2.3121402e+08,False,,,,,,,,,,,,INELIGIBLE_TODAY
NUTX,190.66,1.3056346e+09,False,,,,,,,,,,,,INELIGIBLE_TODAY
NUVB,6.61,2.3209247e+09,False,,,,,,,,,,,,INELIGIBLE_TODAY
NVAX,10.19,1.6807969e+09,False,,,,,,,,,,,,INELIGIBLE_TODAY
NVCR,16.85,1.9621124e+09,False,,,,,,,,,,,,INELIGIBLE_TODAY
NVDA,225.73,5.440093e+12,True,Technology,0.02575160801452238,0.21756291,-0.001916918963676363,-0.05949519230769232,2.0,244.0,331.0,33.0,False,,ELIGIBLE_NOT_PICKED
NVR,6116.86,1.6300576e+10,True,Consumer Cyclical,0.01893447022829628,0.16652423,0.03587556299715669,-0.06700721153846154,1.0,215.0,331.0,33.0,False,,ELIGIBLE_NOT_PICKED
NVST,26.81,4.3061606e+09,True,Healthcare,0.01895446326721534,0.24205442,0.19686569625130979,0.24368990384615385,1.0,10.0,331.0,33.0,True,0.007197838868249841,PICK
NVT,162.57,2.6313245e+10,True,Industrials,0.03362253036679452,0.3619646,0.022411180649560023,0.2256610576923077,3.0,62.0,331.0,33.0,False,,ELIGIBLE_NOT_PICKED
NVTS,12.0,3.1331218e+09,True,Technology,0.061467578101949985,0.3289261,-0.1367111691141814,-0.04086538461538464,4.0,234.0,331.0,33.0,False,,ELIGIBLE_NOT_PICKED
NWBI,15.5,2.2701164e+09,True,Financial Services,0.010723184201062722,0.065689184,-0.09027114498862915,-0.38401442307692313,0.0,309.0,331.0,33.0,False,,ELIGIBLE_NOT_PICKED
NWE,71.78,4.415751e+09,True,Utilities,0.012743059209927592,0.07385836,0.08584325214660625,-0.08683894230769229,0.0,114.0,331.0,33.0,False,,ELIGIBLE_NOT_PICKED
NWL,6.34,2.700206e+09,False,,,,,,,,,,,,INELIGIBLE_TODAY
NWN,49.96,2.1029932e+09,True,Utilities,0.012967338669304164,0.102706276,-0.06936074969649753,-0.31820913461538464,0.0,269.0,331.0,33.0,False,,ELIGIBLE_NOT_PICKED
NWSA,29.82,1.613419e+10,True,Communication Services,0.017724448648722996,0.15941241,0.14102361267840144,0.07481971153846156,1.0,89.0,331.0,33.0,False,,ELIGIBLE_NOT_PICKED
NX,22.22,1.01825837e+09,False,,,,,,,,,,,,INELIGIBLE_TODAY
NXDR,2.22,8.5880346e+08,False,,,,,,,,,,,,INELIGIBLE_TODAY
NXDT,5.4,2.8677254e+08,False,,,,,,,,,,,,INELIGIBLE_TODAY
NXH,3.845,3.665453e+08,False,,,,,,,,,,,,INELIGIBLE_TODAY
NXPI,223.87,5.6451994e+10,True,Technology,0.028312317396019835,0.21515086,0.013515326896374894,-0.04086538461538461,3.0,262.0,331.0,33.0,False,,ELIGIBLE_NOT_PICKED
NXRT,23.29,5.9505517e+08,False,,,,,,,,,,,,INELIGIBLE_TODAY
NXST,169.145,5.21107e+09,True,Communication Services,0.02353873103467227,0.22801991,-0.20447837429538482,-0.2421875,2.0,319.0,331.0,33.0,False,,ELIGIBLE_NOT_PICKED
NXT,85.45,1.2965288e+10,True,Technology,0.03898602431041972,0.30788887,-0.11472325648630911,-0.058293269230769273,4.0,247.0,331.0,33.0,False,,ELIGIBLE_NOT_PICKED
NXTC,8.42,3.8541364e+07,False,,,,,,,,,,,,INELIGIBLE_TODAY
NXTT,5.07,7.4679175e+06,False,,,,,,,,,,,,INELIGIBLE_TODAY
NYT,67.96,1.0960833e+10,True,Consumer Cyclical,0.024438109056222443,0.17487004,0.05936391291456717,-0.012620192307692318,2.0,218.0,331.0,33.0,False,,ELIGIBLE_NOT_PICKED
O,61.02,5.7738224e+10,True,Real Estate,0.010952051824267882,0.07086614,-0.0432299508930562,-0.31881009615384615,0.0,271.0,331.0,33.0,False,,ELIGIBLE_NOT_PICKED
OBDC,11.17,5.5084027e+09,True,Financial Services,0.013517481495528944,0.07573998,0.07536346498010234,-0.10396634615384615,0.0,124.0,331.0,33.0,False,,ELIGIBLE_NOT_PICKED
OBX,18.73,1.157006e+09,False,,,,,,,,,,,,INELIGIBLE_TODAY
OC,130.2,1.0292139e+10,True,Basic Materials,0.03251365183462131,0.29497233,0.12874532854059537,0.2860576923076923,3.0,42.0,331.0,33.0,False,,ELIGIBLE_NOT_PICKED
OCGN,1.33,4.5101683e+08,False,,,,,,,,,,,,INELIGIBLE_TODAY
OCTV,18.39,4.936571e+09,True,Technology,0.02925230795737925,0.39493284,0.14334411791557802,0.4362980769230769,3.0,1.0,331.0,33.0,True,0.004663945580989961,PICK
OCUL,11.37,2.4970324e+09,True,Healthcare,0.033117235432668604,0.3913387,-0.2560404319089344,-0.007812500000000028,3.0,235.0,331.0,33.0,False,,ELIGIBLE_NOT_PICKED
ODFL,187.01,3.877776e+10,True,Industrials,0.020045759840405537,0.16164172,0.09883698259754481,0.03515625,1.0,133.0,331.0,33.0,False,,ELIGIBLE_NOT_PICKED
OEC,6.05,3.4196234e+08,False,,,,,,,,,,,,INELIGIBLE_TODAY
OFG,52.55,2.2210516e+09,True,Financial Services,0.013231848864732935,0.06929053,0.02146186813134142,-0.21153846153846156,0.0,203.0,331.0,33.0,False,,ELIGIBLE_NOT_PICKED
OGE,47.39,9.789887e+09,True,Utilities,0.01099430203662713,0.09181092,0.04604494730709452,-0.1358173076923077,0.0,155.0,331.0,33.0,False,,ELIGIBLE_NOT_PICKED
OGN,13.75,3.6108797e+09,True,Healthcare,0.001757962884348735,0.018238518,0.0929262595072528,-0.09765624999999997,0.0,121.0,331.0,33.0,False,,ELIGIBLE_NOT_PICKED
OGS,80.75,5.075644e+09,True,Utilities,0.013178736856015292,0.097592644,-0.03587127489743517,-0.2743389423076923,0.0,242.0,331.0,33.0,False,,ELIGIBLE_NOT_PICKED
OHI,47.03,1.4250702e+10,True,Real Estate,0.013775287705620289,0.077054225,0.016387417690904533,-0.21153846153846154,0.0,202.0,331.0,33.0,False,,ELIGIBLE_NOT_PICKED
OI,6.75,1.03720326e+09,False,,,,,,,,,,,,INELIGIBLE_TODAY
OII,50.68,5.0441626e+09,True,Energy,0.03117674231843235,0.31512862,-0.005002390217234315,0.0964543269230769,3.0,145.0,331.0,33.0,False,,ELIGIBLE_NOT_PICKED
OIS,8.7,5.248068e+08,False,,,,,,,,,,,,INELIGIBLE_TODAY
OKE,97.51,6.1467345e+10,True,Energy,0.01711330016987245,0.14713724,0.06497592470474339,-0.03816105769230771,1.0,193.0,331.0,33.0,False,,ELIGIBLE_NOT_PICKED
OKLO,43.31,8.0564244e+09,True,Utilities,0.05146793253351849,0.37342823,-0.26425711016607,-0.02644230769230771,4.0,225.0,331.0,33.0,False,,ELIGIBLE_NOT_PICKED
OKTA,167.595,2.9299114e+10,True,Technology,0.048307575761077255,0.36441305,0.1173127120393108,0.3810096153846154,4.0,15.0,331.0,33.0,True,0.0028242189818496913,PICK
OLED,82.3,3.7830705e+09,True,Technology,0.026483997185927532,0.33728445,-0.11168403726699846,-0.006310096153846145,2.0,213.0,331.0,33.0,False,,ELIGIBLE_NOT_PICKED
OLLI,76.88,4.5668567e+09,True,Consumer Defensive,0.02939717992396254,0.311851,-0.16583808018141205,-0.08984375000000003,3.0,291.0,331.0,33.0,False,,ELIGIBLE_NOT_PICKED
OLMA,10.985,9.611612e+08,False,,,,,,,,,,,,INELIGIBLE_TODAY
OLN,17.89,2.0391468e+09,True,Basic Materials,0.03367700852527451,0.32252994,-0.028539879704754578,0.07151442307692307,3.0,170.0,331.0,33.0,False,,ELIGIBLE_NOT_PICKED
OM,3.47,6.522616e+07,False,,,,,,,,,,,,INELIGIBLE_TODAY
OMC,81.13,2.2257689e+10,True,Communication Services,0.023566100653264612,0.25007015,-0.10693822388280826,-0.14332932692307693,2.0,283.0,331.0,33.0,False,,ELIGIBLE_NOT_PICKED
OMCL,33.88,1.5454323e+09,False,,,,,,,,,,,,INELIGIBLE_TODAY
OMF,63.31,7.2832753e+09,True,Financial Services,0.016183852194654725,0.12654977,0.08603972470911386,-0.019831730769230782,1.0,177.0,331.0,33.0,False,,ELIGIBLE_NOT_PICKED
ON,71.08,2.7672277e+10,True,Technology,0.049251746422370554,0.3623128,0.07279471105381892,0.3191105769230769,4.0,29.0,331.0,33.0,True,0.0027700778620432485,PICK
ONB,25.61,9.797618e+09,True,Financial Services,0.012119372376155006,0.09392166,0.04459797686551218,-0.13611778846153844,0.0,156.0,331.0,33.0,False,,ELIGIBLE_NOT_PICKED
ONC,351.48,5.1953117e+11,True,Healthcare,0.018152874896936986,0.1847933,0.04919005613588058,-0.015024038461538491,1.0,171.0,331.0,33.0,False,,ELIGIBLE_NOT_PICKED
ONDS,7.62,4.347609e+09,False,,,,,,,,,,,,INELIGIBLE_TODAY
ONIT,34.86,2.9123856e+08,False,,,,,,,,,,,,INELIGIBLE_TODAY
ONT,17.91,6.289531e+08,False,,,,,,,,,,,,INELIGIBLE_TODAY
ONTO,281.11,1.3795261e+10,True,Technology,0.061350734113967735,0.4010649,-0.06269969331314525,0.11959134615384615,4.0,108.0,331.0,33.0,False,,ELIGIBLE_NOT_PICKED
OPAD,4.0,1.9330996e+07,False,,,,,,,,,,,,INELIGIBLE_TODAY
OPCH,23.74,3.5559017e+09,True,Healthcare,0.020355826011378985,0.21513577,0.016050428377051593,-0.03425480769230768,1.0,190.0,331.0,33.0,False,,ELIGIBLE_NOT_PICKED
OPEN,3.07,2.9812495e+09,False,,,,,,,,,,,,INELIGIBLE_TODAY
OPK,1.59,1.1866619e+09,False,,,,,,,,,,,,INELIGIBLE_TODAY
OPLN,34.97,4.294227e+09,True,Consumer Cyclical,0.023152410448861523,0.2717815,-0.00241989291083493,0.04387019230769232,2.0,167.0,331.0,33.0,False,,ELIGIBLE_NOT_PICKED
OPTU,0.988,2.6929475e+08,False,,,,,,,,,,,,INELIGIBLE_TODAY
ORA,107.97,6.639825e+09,True,Utilities,0.027017121120541582,0.2555173,-0.16435010303243183,-0.17578125,3.0,317.0,331.0,33.0,False,,ELIGIBLE_NOT_PICKED
ORCL,162.52,4.6813413e+11,True,Technology,0.03535485616802131,0.3034864,-0.09286044159118793,-0.04296875000000003,3.0,264.0,331.0,33.0,False,,ELIGIBLE_NOT_PICKED
ORGO,1.6,2.0587928e+08,False,,,,,,,,,,,,INELIGIBLE_TODAY
ORI,40.77,9.84322e+09,True,Financial Services,0.012926727142708193,0.11447337,-0.005007483641877197,-0.20462740384615385,0.0,200.0,331.0,33.0,False,,ELIGIBLE_NOT_PICKED
ORKA,94.31,6.244237e+09,True,Healthcare,0.041958264777892,0.42442113,-0.2772807700406657,0.0024038461538461453,4.0,193.0,331.0,33.0,False,,ELIGIBLE_NOT_PICKED
ORLY,85.89,6.948164e+10,True,Consumer Cyclical,0.019674403423252156,0.14422671,-0.043666117226901696,-0.23557692307692307,1.0,295.0,331.0,33.0,False,,ELIGIBLE_NOT_PICKED
OSCR,33.01,1.0188371e+10,True,Healthcare,0.037458401902009504,0.32869315,0.0020547721956807566,0.13461538461538464,4.0,100.0,331.0,33.0,False,,ELIGIBLE_NOT_PICKED
OSIS,204.25,3.256147e+09,True,Technology,0.018670660319341833,0.24641855,-0.023085365353217688,-0.0390625,1.0,194.0,331.0,33.0,False,,ELIGIBLE_NOT_PICKED
OSK,153.78,9.494339e+09,True,Industrials,0.022794382931734046,0.2555286,0.08663999213560941,0.17758413461538464,2.0,69.0,331.0,33.0,False,,ELIGIBLE_NOT_PICKED
OSW,22.12,2.2451515e+09,True,Consumer Cyclical,0.023719058837301733,0.30411068,-0.005777247730739781,0.07992788461538464,2.0,138.0,331.0,33.0,False,,ELIGIBLE_NOT_PICKED
OTEX,23.36,5.6560804e+09,True,Technology,0.02674182769019372,0.31437457,-0.047636195509612955,0.026742788461538464,2.0,189.0,331.0,33.0,False,,ELIGIBLE_NOT_PICKED
OTIS,70.06,2.6669693e+10,True,Industrials,0.014092993684208924,0.17611292,0.02781653174919796,-0.07121394230769232,0.0,106.0,331.0,33.0,False,,ELIGIBLE_NOT_PICKED
OTTR,90.14,3.78458e+09,True,Utilities,0.01354532983877615,0.1023378,-0.04951662240186675,-0.2911658653846154,0.0,254.0,331.0,33.0,False,,ELIGIBLE_NOT_PICKED
OUST,37.49,2.7034913e+09,True,Technology,0.08307031499134661,0.39171925,-0.12146919423889749,0.05138221153846151,4.0,148.0,331.0,33.0,False,,ELIGIBLE_NOT_PICKED
OUT,28.81,5.0744566e+09,True,Real Estate,0.014198183111480226,0.19642258,0.017480310083782813,-0.062199519230769246,0.0,104.0,331.0,33.0,False,,ELIGIBLE_NOT_PICKED
OVV,64.1,1.765978e+10,True,Energy,0.02225474664525349,0.18079469,0.14148549814335734,0.10336538461538464,2.0,119.0,331.0,33.0,False,,ELIGIBLE_NOT_PICKED
OWL,11.22,1.7493015e+10,True,Financial Services,0.028033739933332958,0.25697798,-0.0774542018782816,-0.09855769230769232,3.0,294.0,331.0,33.0,False,,ELIGIBLE_NOT_PICKED
OXY,60.65,6.0628005e+10,True,Energy,0.02094675560159319,0.24223612,0.07238703575088001,0.12469951923076927,1.0,52.0,331.0,33.0,False,,ELIGIBLE_NOT_PICKED
OZK,49.26,5.9888916e+09,True,Financial Services,0.014628017907416326,0.09841729,-0.015523700107244014,-0.24188701923076922,0.0,219.0,331.0,33.0,False,,ELIGIBLE_NOT_PICKED
P,101.14,3.3702605e+10,True,Technology,0.04375839612653982,0.30102956,-0.04176038144246408,0.020733173076923073,4.0,170.0,331.0,33.0,False,,ELIGIBLE_NOT_PICKED
PAA,25.965,1.8320034e+10,True,Energy,0.014011049266751372,0.18507306,0.03850798542109785,-0.04116586538461536,0.0,87.0,331.0,33.0,False,,ELIGIBLE_NOT_PICKED
PACB,1.32,4.102966e+08,False,,,,,,,,,,,,INELIGIBLE_TODAY
PACK,4.29,3.6790307e+08,False,,,,,,,,,,,,INELIGIBLE_TODAY
PACS,43.67,6.914516e+09,True,Healthcare,0.025007629862081975,0.25667116,-0.06276559339152109,-0.08112980769230771,2.0,256.0,331.0,33.0,False,,ELIGIBLE_NOT_PICKED
PAG,216.86,1.4239651e+10,True,Consumer Cyclical,0.019899628371359557,0.1280851,0.04832977928261081,-0.08443509615384615,1.0,225.0,331.0,33.0,False,,ELIGIBLE_NOT_PICKED
PAGP,28.07,5.555169e+09,True,Energy,0.012948196117379133,0.17904958,0.03958530515688406,-0.046875,0.0,93.0,331.0,33.0,False,,ELIGIBLE_NOT_PICKED
PAHC,37.31,1.5148458e+09,False,,,,,,,,,,,,INELIGIBLE_TODAY
PANW,336.98,2.746387e+11,True,Technology,0.0365382568339201,0.35102805,-0.02708544891372486,0.12620192307692304,3.0,126.0,331.0,33.0,False,,ELIGIBLE_NOT_PICKED
PAR,18.39,7.606602e+08,False,,,,,,,,,,,,INELIGIBLE_TODAY
PARR,82.08,4.1121774e+09,True,Energy,0.04143404398850833,0.33681792,0.031143703091056463,0.20673076923076922,4.0,60.0,331.0,33.0,False,,ELIGIBLE_NOT_PICKED
PATH,14.01,7.258865e+09,True,Technology,0.043780817032168684,0.38405094,0.09086675393021557,0.37259615384615385,4.0,16.0,331.0,33.0,True,0.0031162317581083826,PICK
PATK,80.41,2.5826296e+09,True,Consumer Cyclical,0.02211004514332961,0.24823743,-0.07037663788933077,-0.10757211538461536,2.0,268.0,331.0,33.0,False,,ELIGIBLE_NOT_PICKED
PAY,35.65,4.4897485e+09,True,Technology,0.053665648020317244,0.3598722,0.00038435351411586494,0.1796875,4.0,69.0,331.0,33.0,False,,ELIGIBLE_NOT_PICKED
PAYC,219.16,9.877896e+09,True,Technology,0.04105392964221902,0.35560536,0.027487532466252153,0.22866586538461542,4.0,53.0,331.0,33.0,False,,ELIGIBLE_NOT_PICKED
PAYO,7.13,2.4160064e+09,False,,,,,,,,,,,,INELIGIBLE_TODAY
PAYX,116.93,4.1589998e+10,True,Industrials,0.02010249244615715,0.14614262,0.08226617614093085,-0.006911057692307709,1.0,165.0,331.0,33.0,False,,ELIGIBLE_NOT_PICKED
PB,71.79,8.627491e+09,True,Financial Services,0.011113166225602078,0.079989806,-0.11543216408410256,-0.3963341346153846,0.0,316.0,331.0,33.0,False,,ELIGIBLE_NOT_PICKED
PBF,76.77,9.100073e+09,True,Energy,0.04300561415541094,0.33151478,-0.04329890034214759,0.06700721153846154,4.0,139.0,331.0,33.0,False,,ELIGIBLE_NOT_PICKED
PBH,49.79,2.3587773e+09,True,Healthcare,0.022560139075531026,0.2247865,-0.16940820093597456,-0.23407451923076922,2.0,315.0,331.0,33.0,False,,ELIGIBLE_NOT_PICKED
PBI,16.99,2.3291628e+09,True,Industrials,0.018158194780281214,0.264459,0.2044175628754039,0.2908653846153846,1.0,5.0,331.0,33.0,True,0.007513476646903969,PICK
PBLS,39.77,4.912917e+09,True,Healthcare,0.040468549779983265,0.3574133,-0.2103107510020889,-0.03335336538461536,4.0,228.0,331.0,33.0,False,,ELIGIBLE_NOT_PICKED
PBYI,9.39,4.8471242e+08,False,,,,,,,,,,,,INELIGIBLE_TODAY
PCAR,122.5,6.4479707e+10,True,Industrials,0.01722558802981542,0.19390865,0.12368067166934403,0.10246394230769232,1.0,68.0,331.0,33.0,False,,ELIGIBLE_NOT_PICKED
PCG,14.82,3.9719236e+10,True,Utilities,0.0343229409859088,0.29235265,-0.03144476503198945,0.025841346153846145,3.0,199.0,331.0,33.0,False,,ELIGIBLE_NOT_PICKED
PCOR,56.18,8.536851e+09,True,Technology,0.032428837159257685,0.38342896,-0.06585042086638751,0.1015625,3.0,141.0,331.0,33.0,False,,ELIGIBLE_NOT_PICKED
PCRX,25.87,1.031227e+09,False,,,,,,,,,,,,INELIGIBLE_TODAY
PCT,6.51,1.3078903e+09,False,,,,,,,,,,,,INELIGIBLE_TODAY
PCTY,143.53,7.615266e+09,True,Technology,0.028217283764981917,0.3498004,0.00500784748209776,0.17337740384615383,3.0,93.0,331.0,33.0,False,,ELIGIBLE_NOT_PICKED
PCVX,60.36,8.981887e+09,True,Healthcare,0.025833767190575244,0.4136565,-0.0375016101233823,0.16556490384615383,2.0,78.0,331.0,33.0,False,,ELIGIBLE_NOT_PICKED
PD,13.32,1.0476163e+09,False,,,,,,,,,,,,INELIGIBLE_TODAY
PDFS,47.84,2.02015e+09,True,Technology,0.05323977089282463,0.3398628,-0.11573908836050288,-0.005408653846153855,4.0,203.0,331.0,33.0,False,,ELIGIBLE_NOT_PICKED
PDM,9.51,1.1900132e+09,False,,,,,,,,,,,,INELIGIBLE_TODAY
PEB,17.64,1.9905455e+09,False,,,,,,,,,,,,INELIGIBLE_TODAY
PECO,39.08,5.029596e+09,True,Real Estate,0.01058945142415622,0.07973881,0.03796104788683155,-0.16977163461538458,0.0,173.0,331.0,33.0,False,,ELIGIBLE_NOT_PICKED
PEG,74.24,3.7002703e+10,True,Utilities,0.009953027344413739,0.100450926,-0.004728330501354029,-0.22265625,0.0,207.0,331.0,33.0,False,,ELIGIBLE_NOT_PICKED
PEGA,35.8,5.885697e+09,True,Technology,0.03628817523265136,0.374671,0.01057423816977865,0.21514423076923075,3.0,71.0,331.0,33.0,False,,ELIGIBLE_NOT_PICKED
PEN,319.26,1.2575466e+10,True,Healthcare,0.004090151994023304,0.039754596,0.004937426124218325,-0.2569110576923077,0.0,230.0,331.0,33.0,False,,ELIGIBLE_NOT_PICKED
PENG,51.3,2.6287503e+09,True,Technology,0.07090919918366455,0.34028375,-0.007640644042906066,0.1373197115384615,4.0,95.0,331.0,33.0,False,,ELIGIBLE_NOT_PICKED
PENN,16.95,2.2724288e+09,True,Consumer Cyclical,0.022765201242500074,0.27222458,0.05339972909152833,0.15474759615384615,2.0,86.0,331.0,33.0,False,,ELIGIBLE_NOT_PICKED
PEP,138.45,1.8896924e+11,True,Consumer Defensive,0.014688172280316616,0.15923727,0.09118151355701966,0.02253605769230771,0.0,36.0,331.0,33.0,False,,ELIGIBLE_NOT_PICKED
PFE,27.79,1.5839393e+11,True,Healthcare,0.014489083878757778,0.19433586,0.100127041851883,0.07782451923076922,0.0,17.0,331.0,33.0,True,0.009416135179643488,PICK
PFG,115.04,2.4630598e+10,True,Financial Services,0.015446364500431962,0.14665526,0.04278448430359762,-0.07722355769230771,0.0,108.0,331.0,33.0,False,,ELIGIBLE_NOT_PICKED
PFGC,96.79,1.5247622e+10,True,Consumer Defensive,0.016065227200485862,0.21304782,0.09911027314028947,0.10907451923076925,1.0,61.0,331.0,33.0,False,,ELIGIBLE_NOT_PICKED
PFS,23.43,3.0558019e+09,True,Financial Services,0.012933794062904456,0.108929604,-0.04316607196763694,-0.2674278846153846,0.0,238.0,331.0,33.0,False,,ELIGIBLE_NOT_PICKED
PFSI,72.04,3.7425912e+09,True,Financial Services,0.022813049441500626,0.20753142,-0.19859100298280147,-0.2821514423076923,2.0,328.0,331.0,33.0,False,,ELIGIBLE_NOT_PICKED
PG,145.58,3.3839097e+11,True,Consumer Defensive,0.011946681868436074,0.105205305,0.1363021300212352,0.0105168269230769,0.0,46.0,331.0,33.0,False,,ELIGIBLE_NOT_PICKED
PGEN,6.87,2.4597023e+09,False,,,,,,,,,,,,INELIGIBLE_TODAY
PGNY,27.15,2.0831325e+09,True,Healthcare,0.02243006325828528,0.30191317,0.18458219358905487,0.3362379807692308,2.0,7.0,331.0,33.0,True,0.006082513939463863,PICK
PGR,214.9,1.2493679e+11,True,Financial Services,0.021881275882934252,0.17308173,0.042645164261923066,-0.04597355769230768,2.0,238.0,331.0,33.0,False,,ELIGIBLE_NOT_PICKED
PH,955.87,1.20484995e+11,True,Industrials,0.017066936519892308,0.13709542,0.09235504333270256,-0.0030048076923077094,1.0,162.0,331.0,33.0,False,,ELIGIBLE_NOT_PICKED
PHIN,67.92,2.488459e+09,True,Consumer Cyclical,0.027173524461560787,0.24465242,0.07514186909688766,0.13551682692307693,3.0,117.0,331.0,33.0,False,,ELIGIBLE_NOT_PICKED
PHM,120.07,2.2507426e+10,True,Consumer Cyclical,0.022084395539800815,0.1881519,0.009609159133308873,-0.09254807692307693,2.0,262.0,331.0,33.0,False,,ELIGIBLE_NOT_PICKED
PHR,10.22,6.3436506e+08,False,,,,,,,,,,,,INELIGIBLE_TODAY
PHUN,2.04,4.1743856e+07,False,,,,,,,,,,,,INELIGIBLE_TODAY
PI,171.82,5.249859e+09,True,Technology,0.03500807895009867,0.34040806,-0.03968331745516914,0.09194711538461539,3.0,152.0,331.0,33.0,False,,ELIGIBLE_NOT_PICKED
PII,61.38,3.4927383e+09,True,Consumer Cyclical,0.025132672394244333,0.24010402,0.1049959664546955,0.1688701923076923,2.0,75.0,331.0,33.0,False,,ELIGIBLE_NOT_PICKED
PIII,8.98,6.520362e+07,False,,,,,,,,,,,,INELIGIBLE_TODAY
PINS,20.14,1.1405544e+10,True,Communication Services,0.03039669649702222,0.33266717,0.10648502827219744,0.32181490384615385,3.0,20.0,331.0,33.0,True,0.00448835525416197,PICK
PIPR,77.34,5.4656404e+09,True,Financial Services,0.020301863893969877,0.16112207,0.01936938920055753,-0.10576923076923078,1.0,237.0,331.0,33.0,False,,ELIGIBLE_NOT_PICKED
PJT,182.13,4.6561203e+09,True,Financial Services,0.024324059919927858,0.1795966,0.02136244941693089,-0.078125,2.0,253.0,331.0,33.0,False,,ELIGIBLE_NOT_PICKED
PK,15.11,3.042222e+09,True,Real Estate,0.01696839156196735,0.18995585,0.09672462374007815,0.06790865384615383,1.0,98.0,331.0,33.0,False,,ELIGIBLE_NOT_PICKED
PKG,231.99,2.0669915e+10,True,Consumer Cyclical,0.017726128014220976,0.1822755,-0.0030531415084976638,-0.11929086538461539,1.0,249.0,331.0,33.0,False,,ELIGIBLE_NOT_PICKED
PL,17.81,6.4801326e+09,True,Industrials,0.043771174211035685,0.3297776,-0.18189969771135278,-0.06610576923076922,4.0,254.0,331.0,33.0,False,,ELIGIBLE_NOT_PICKED
PLAB,29.36,1.7311741e+09,False,,,,,,,,,,,,INELIGIBLE_TODAY
PLAY,8.84,3.0753206e+08,False,,,,,,,,,,,,INELIGIBLE_TODAY
PLBY,1.18,1.4137307e+08,False,,,,,,,,,,,,INELIGIBLE_TODAY
PLCE,2.79,6.2041416e+07,False,,,,,,,,,,,,INELIGIBLE_TODAY
PLD,138.48,1.2921237e+11,True,Real Estate,0.014801358437175206,0.08948779,0.08004240613842405,-0.07782451923076922,0.0,109.0,331.0,33.0,False,,ELIGIBLE_NOT_PICKED
PLMR,134.03,3.527359e+09,True,Financial Services,0.02631334718327439,0.19459565,-0.015600098982341307,-0.12530048076923075,2.0,278.0,331.0,33.0,False,,ELIGIBLE_NOT_PICKED
PLNT,49.88,3.7675907e+09,True,Consumer Cyclical,0.02486728222388277,0.2619428,0.020847269381473046,0.06790865384615385,2.0,149.0,331.0,33.0,False,,ELIGIBLE_NOT_PICKED
PLPC,411.71,2.012727e+09,True,Industrials,0.05826903270215123,0.3896867,0.10358159506897598,0.3903245192307693,4.0,12.0,331.0,33.0,True,0.002341401017054116,PICK
PLSE,48.79,3.47983e+09,True,Healthcare,0.04176179585881044,0.40073878,-0.019412045506895584,0.18509615384615385,4.0,67.0,331.0,33.0,False,,ELIGIBLE_NOT_PICKED
PLTK,2.22,8.4674835e+08,False,,,,,,,,,,,,INELIGIBLE_TODAY
PLTR,170.3,4.0924086e+11,True,Technology,0.052044705444758185,0.30526903,-0.046813816205171915,0.015624999999999972,4.0,172.0,331.0,33.0,False,,ELIGIBLE_NOT_PICKED
PLUG,2.26,3.1576614e+09,False,,,,,,,,,,,,INELIGIBLE_TODAY
PLUS,89.79,2.3426586e+09,True,Technology,0.01859896229675749,0.22297038,0.034915202299967606,0.0183293269230769,1.0,150.0,331.0,33.0,False,,ELIGIBLE_NOT_PICKED
PLX,2.65,2.1351485e+08,False,,,,,,,,,,,,INELIGIBLE_TODAY
PLXS,249.9,6.6603597e+09,True,Technology,0.026857535512667497,0.32724375,-0.054115582953268446,0.04026442307692307,3.0,189.0,331.0,33.0,False,,ELIGIBLE_NOT_PICKED
PM,184.73,2.8792265e+11,True,Consumer Defensive,0.017996670903081737,0.12097673,0.15748879451248513,0.046274038461538464,1.0,121.0,331.0,33.0,False,,ELIGIBLE_NOT_PICKED
PMT,9.61,8.380147e+08,False,,,,,,,,,,,,INELIGIBLE_TODAY
PMVP,1.34,7.16338e+07,False,,,,,,,,,,,,INELIGIBLE_TODAY
PNC,242.91,9.69074e+10,True,Financial Services,0.01180577846987709,0.110143736,-0.028098361286484613,-0.24248798076923078,0.0,220.0,331.0,33.0,False,,ELIGIBLE_NOT_PICKED
PNFP,100.71,1.5218554e+10,True,Financial Services,0.015902478035124644,0.11101937,-0.1618319120465734,-0.38671875,1.0,331.0,331.0,33.0,False,,ELIGIBLE_NOT_PICKED
PNR,58.62,9.357977e+09,True,Industrials,0.0265634767028424,0.2275901,0.0015159293949800572,-0.03245192307692307,2.0,234.0,331.0,33.0,False,,ELIGIBLE_NOT_PICKED
PNW,98.04,1.1882177e+10,True,Utilities,0.010795892507428894,0.10477319,-0.04528415088816673,-0.28064903846153844,0.0,247.0,331.0,33.0,False,,ELIGIBLE_NOT_PICKED
PODD,142.28,9.867716e+09,True,Healthcare,0.035288230729325284,0.3028864,0.04199417465003366,0.16917067307692307,3.0,96.0,331.0,33.0,False,,ELIGIBLE_NOT_PICKED
POOL,177.34,6.444668e+09,True,Industrials,0.02422579426883878,0.22077446,-0.05943954157401764,-0.14573317307692307,2.0,285.0,331.0,33.0,False,,ELIGIBLE_NOT_PICKED
POR,49.47,5.8180547e+09,True,Utilities,0.011728015190879104,0.10754517,0.00647846428750265,-0.19170673076923078,0.0,186.0,331.0,33.0,False,,ELIGIBLE_NOT_PICKED
POST,82.36,3.6202824e+09,True,Consumer Defensive,0.026410525316159575,0.27732757,-0.039089355482093184,-0.0051081730769231,2.0,212.0,331.0,33.0,False,,ELIGIBLE_NOT_PICKED
POWI,50.46,2.8193667e+09,True,Technology,0.0433280546285173,0.3489297,-0.006298414659151646,0.15234375,4.0,81.0,331.0,33.0,False,,ELIGIBLE_NOT_PICKED
POWL,182.49,6.6485786e+09,True,Industrials,0.04084538921381227,0.3284218,-0.1630563421621025,-0.06069711538461542,4.0,250.0,331.0,33.0,False,,ELIGIBLE_NOT_PICKED
PPC,29.99,7.140875e+09,True,Consumer Defensive,0.0272464932563671,0.29973945,-0.08023039703718027,-0.03575721153846151,3.0,256.0,331.0,33.0,False,,ELIGIBLE_NOT_PICKED
PPG,109.72,2.4390756e+10,True,Basic Materials,0.019296034672256084,0.22673938,0.07897070412985174,0.11057692307692307,1.0,60.0,331.0,33.0,False,,ELIGIBLE_NOT_PICKED
PPL,35.08,2.6399273e+10,True,Utilities,0.012403398332901447,0.11859725,-0.0690718179297882,-0.29897836538461536,0.0,258.0,331.0,33.0,False,,ELIGIBLE_NOT_PICKED
PPLI,38.38,2.8579254e+09,True,Communication Services,0.022349861428045306,0.20988645,0.015249762907826085,-0.044471153846153855,2.0,236.0,331.0,33.0,False,,ELIGIBLE_NOT_PICKED
PPTA,24.76,3.0973722e+09,True,Basic Materials,0.042421257627946574,0.4291465,-0.33627251126218927,-0.002403846153846173,4.0,199.0,331.0,33.0,False,,ELIGIBLE_NOT_PICKED
PR,23.65,1.9808223e+10,True,Energy,0.021914956909049644,0.20927651,0.13314324932091212,0.1385216346153846,2.0,96.0,331.0,33.0,False,,ELIGIBLE_NOT_PICKED
PRAA,19.11,7.194534e+08,False,,,,,,,,,,,,INELIGIBLE_TODAY
PRAX,352.48,9.841237e+09,True,Healthcare,0.03955042739733973,0.44769356,-0.1677558030858751,0.03605769230769229,4.0,157.0,331.0,33.0,False,,ELIGIBLE_NOT_PICKED
PRCH,16.73,2.20555e+09,True,Technology,0.04406526845328302,0.34657884,-0.11170623718962262,0.009314903846153855,4.0,181.0,331.0,33.0,False,,ELIGIBLE_NOT_PICKED
PRCT,21.35,1.2227926e+09,False,,,,,,,,,,,,INELIGIBLE_TODAY
PRDO,33.09,2.0706747e+09,True,Consumer Defensive,0.02842475407502327,0.17766303,0.057613910425891,-0.011117788461538491,3.0,238.0,331.0,33.0,False,,ELIGIBLE_NOT_PICKED
PRG,38.08,1.5167886e+09,False,,,,,,,,,,,,INELIGIBLE_TODAY
PRGO,14.58,2.0232556e+09,True,Healthcare,0.04248526166728295,0.35267454,-0.09330573174118517,0.036658653846153855,4.0,155.0,331.0,33.0,False,,ELIGIBLE_NOT_PICKED
PRGS,42.175,1.7297208e+09,False,,,,,,,,,,,,INELIGIBLE_TODAY
PRI,290.33,8.935588e+09,True,Financial Services,0.012823418413981656,0.09687635,0.05428984534921496,-0.11147836538461536,0.0,130.0,331.0,33.0,False,,ELIGIBLE_NOT_PICKED
PRIM,75.45,4.0616492e+09,True,Industrials,0.04808208819199478,0.35039473,-0.10931864147655386,0.015925480769230782,4.0,171.0,331.0,33.0,False,,ELIGIBLE_NOT_PICKED
PRK,190.54,3.4419453e+09,True,Financial Services,0.017923063983115745,0.14052585,-0.15011115754565296,-0.34975961538461536,1.0,326.0,331.0,33.0,False,,ELIGIBLE_NOT_PICKED
PRKS,40.91,1.8549129e+09,False,,,,,,,,,,,,INELIGIBLE_TODAY
PRLB,81.03,1.9383913e+09,False,,,,,,,,,,,,INELIGIBLE_TODAY
PRLD,5.3,4.2295846e+08,False,,,,,,,,,,,,INELIGIBLE_TODAY
PRM,32.05,5.246166e+09,True,Basic Materials,0.04113910179155721,0.28599817,-0.03714034750110045,0.010216346153846145,4.0,180.0,331.0,33.0,False,,ELIGIBLE_NOT_PICKED
PRMB,21.89,7.93193e+09,True,Consumer Defensive,0.024333634330785014,0.25450122,0.03820312930657642,0.08383413461538464,2.0,132.0,331.0,33.0,False,,ELIGIBLE_NOT_PICKED
PRME,3.56,6.457016e+08,False,,,,,,,,,,,,INELIGIBLE_TODAY
PROK,1.99,6.016221e+08,False,,,,,,,,,,,,INELIGIBLE_TODAY
PRPL,3.8,1.6566602e+07,False,,,,,,,,,,,,INELIGIBLE_TODAY
PRTA,9.54,4.8975472e+08,False,,,,,,,,,,,,INELIGIBLE_TODAY
PRU,119.38,4.11861e+10,True,Financial Services,0.013612353697884966,0.11887486,0.027921607453918227,-0.13431490384615383,0.0,153.0,331.0,33.0,False,,ELIGIBLE_NOT_PICKED
PRVA,20.78,2.6543168e+09,True,Healthcare,0.01936989498410534,0.21320087,-0.08168134755753603,-0.1875,1.0,279.0,331.0,33.0,False,,ELIGIBLE_NOT_PICKED
PS,41.49,1.6596e+10,True,Financial Services,0.03784090290385464,0.21205634,-0.018471980430621836,-0.09945913461538461,4.0,273.0,331.0,33.0,False,,ELIGIBLE_NOT_PICKED
PSA,301.6,5.2967334e+10,True,Real Estate,0.013604333882997349,0.082877085,0.11115136146293879,-0.04597355769230771,0.0,92.0,331.0,33.0,False,,ELIGIBLE_NOT_PICKED
PSEC,2.19,1.1493832e+09,False,,,,,,,,,,,,INELIGIBLE_TODAY
PSIX,43.15,9.952742e+08,False,,,,,,,,,,,,INELIGIBLE_TODAY
PSKY,10.8,1.2117015e+10,True,Communication Services,0.023048213378294994,0.23461919,-0.13270851698667277,-0.19471153846153846,2.0,302.0,331.0,33.0,False,,ELIGIBLE_NOT_PICKED
PSMT,172.97,5.337945e+09,True,Consumer Defensive,0.019035266332785263,0.25400734,0.0445573646483765,0.09795673076923078,1.0,73.0,331.0,33.0,False,,ELIGIBLE_NOT_PICKED
PSN,47.59,5.0828687e+09,True,Technology,0.0551188660514626,0.30796775,-0.14328323758161898,-0.07962740384615385,4.0,264.0,331.0,33.0,False,,ELIGIBLE_NOT_PICKED
PSX,259.14,1.0340228e+11,True,Energy,0.019658687436566333,0.23472984,0.15186147867980648,0.2052283653846154,1.0,18.0,331.0,33.0,True,0.006939993978326666,PICK
PTC,133.255,1.4459002e+10,True,Technology,0.027698326803553264,0.3397812,-0.09067192965564287,0.02133413461538458,3.0,206.0,331.0,33.0,False,,ELIGIBLE_NOT_PICKED
PTCT,68.81,5.7429376e+09,True,Healthcare,0.02603231687698668,0.26739487,-0.12217832808652511,-0.12349759615384615,2.0,277.0,331.0,33.0,False,,ELIGIBLE_NOT_PICKED
PTEN,12.66,4.8283325e+09,True,Energy,0.03766537147634703,0.3476772,0.20454053269596445,0.4209735576923077,4.0,3.0,331.0,33.0,True,0.0036221910758865612,PICK
PTGX,145.94,9.443527e+09,True,Healthcare,0.025788492467128905,0.37847337,-0.06716281614836747,0.09435096153846154,2.0,129.0,331.0,33.0,False,,ELIGIBLE_NOT_PICKED
PTLO,4.42,3.3566906e+08,False,,,,,,,,,,,,INELIGIBLE_TODAY
PTON,5.04,2.211914e+09,False,,,,,,,,,,,,INELIGIBLE_TODAY
PTRN,19.66,3.4876662e+09,True,Consumer Cyclical,0.03745195130589183,0.36067146,0.07668387289328236,0.3245192307692308,4.0,27.0,331.0,33.0,True,0.0036428321535843045,PICK
PUBM,16.29,7.420105e+08,False,,,,,,,,,,,,INELIGIBLE_TODAY
PUMP,12.03,1.4775717e+09,False,,,,,,,,,,,,INELIGIBLE_TODAY
PURR,11.93,2.3602025e+09,True,Financial Services,0.06727264997900884,0.21543984,-0.3654588371926086,-0.2926682692307693,4.0,328.0,331.0,33.0,False,,ELIGIBLE_NOT_PICKED
PVH,71.26,3.287782e+09,True,Consumer Cyclical,0.0250900080265286,0.30983374,0.014958580105442716,0.1280048076923077,2.0,104.0,331.0,33.0,False,,ELIGIBLE_NOT_PICKED
PVLA,152.28,2.1941123e+09,True,Healthcare,0.050887745121817686,0.42558625,-0.1787284969729052,0.029747596153846173,4.0,160.0,331.0,33.0,False,,ELIGIBLE_NOT_PICKED
PWP,16.58,1.5591547e+09,False,,,,,,,,,,,,INELIGIBLE_TODAY
PWR,639.05,9.607695e+10,True,Industrials,0.033893095707858194,0.33393574,-0.02502313635552859,0.10096153846153846,3.0,142.0,331.0,33.0,False,,ELIGIBLE_NOT_PICKED
PYPL,53.18,4.5493408e+10,True,Financial Services,0.03360205881169614,0.35744798,-0.021930773153572836,0.14002403846153844,3.0,110.0,331.0,33.0,False,,ELIGIBLE_NOT_PICKED
PZZA,22.76,7.492976e+08,False,,,,,,,,,,,,INELIGIBLE_TODAY
Q,123.28,2.579123e+10,True,Technology,0.036398684624097545,0.34444627,-0.09605993870363702,0.022235576923076927,3.0,203.0,331.0,33.0,False,,ELIGIBLE_NOT_PICKED
QBTS,17.67,6.5810135e+09,True,Technology,0.06071832642111248,0.25081632,-0.18340914797048194,-0.19411057692307693,4.0,315.0,331.0,33.0,False,,ELIGIBLE_NOT_PICKED
QCOM,174.09,1.827945e+11,True,Technology,0.030926113332683528,0.26891437,0.0540329770607629,0.1484375,3.0,108.0,331.0,33.0,False,,ELIGIBLE_NOT_PICKED
QDEL,13.38,9.175392e+08,False,,,,,,,,,,,,INELIGIBLE_TODAY
QLYS,170.32,5.8922204e+09,True,Technology,0.03810965214207572,0.34486648,0.10743741592096998,0.34615384615384615,4.0,24.0,331.0,33.0,True,0.0035799637300007493,PICK
QNCX,29.5,3.0003358e+07,False,,,,,,,,,,,,INELIGIBLE_TODAY
QNT,50.47,1.3289162e+10,True,Technology,0.06914281702060056,0.19869117,-0.058051448235800475,-0.18299278846153846,4.0,313.0,331.0,33.0,False,,ELIGIBLE_NOT_PICKED
QRVO,104.07,9.181225e+09,True,Technology,0.02179300501109115,0.25945202,0.17583039234770337,0.2692307692307692,2.0,23.0,331.0,33.0,True,0.006260319417269088,PICK
QS,5.59,3.4608445e+09,False,,,,,,,,,,,,INELIGIBLE_TODAY
QSR,78.27,2.7297294e+10,True,Consumer Cyclical,0.016215612253923577,0.13411778,0.05902498364490586,-0.060997596153846145,1.0,209.0,331.0,33.0,False,,ELIGIBLE_NOT_PICKED
QTRX,2.73,1.2911006e+08,False,,,,,,,,,,,,INELIGIBLE_TODAY
QTWO,60.38,3.7649764e+09,True,Technology,0.026329337263258642,0.32508516,0.022557525982646463,0.1673677884615385,2.0,77.0,331.0,33.0,False,,ELIGIBLE_NOT_PICKED
QUAD,10.2,5.2490528e+08,False,,,,,,,,,,,,INELIGIBLE_TODAY
QUBT,8.22,1.8605711e+09,False,,,,,,,,,,,,INELIGIBLE_TODAY
QURE,45.68,3.1686577e+09,True,Healthcare,0.10656229743088518,0.3343958,-0.30417329999207543,-0.08443509615384612,4.0,266.0,331.0,33.0,False,,ELIGIBLE_NOT_PICKED
QXO,13.25,1.3746751e+10,True,Industrials,0.03790613991871652,0.28969678,-0.3015111248410083,-0.15474759615384617,4.0,304.0,331.0,33.0,False,,ELIGIBLE_NOT_PICKED
R,246.89,9.467459e+09,True,Industrials,0.014793768375785664,0.22320156,0.25824140562855236,0.22055288461538464,0.0,1.0,331.0,33.0,True,0.009222205523704563,PICK
RAL,64.57,7.144025e+09,True,Technology,0.021709730792351063,0.22245017,0.21529725399631788,0.21274038461538464,2.0,45.0,331.0,33.0,False,,ELIGIBLE_NOT_PICKED
RAMP,37.74,2.2944026e+09,True,Technology,0.003182869375610349,0.022409428,0.17617002872391144,-0.020733173076923045,0.0,69.0,331.0,33.0,False,,ELIGIBLE_NOT_PICKED
RAPP,46.09,2.2113193e+09,True,Healthcare,0.03246104032278746,0.465766,-0.16586350950958206,0.03876201923076922,3.0,190.0,331.0,33.0,False,,ELIGIBLE_NOT_PICKED
RARE,14.88,1.4670024e+09,False,,,,,,,,,,,,INELIGIBLE_TODAY
RBA,81.88,1.5164176e+10,True,Industrials,0.027186866604705366,0.2472137,-0.11008167082637071,-0.1511418269230769,3.0,310.0,331.0,33.0,False,,ELIGIBLE_NOT_PICKED
RBC,492.23,1.558363e+10,True,Industrials,0.017425773435417437,0.14502934,0.04222766046747278,-0.08263221153846151,1.0,223.0,331.0,33.0,False,,ELIGIBLE_NOT_PICKED
RBLX,44.81,3.2011186e+10,True,Communication Services,0.05232753527196753,0.15947697,-0.06139676288467417,-0.23978365384615385,4.0,324.0,331.0,33.0,False,,ELIGIBLE_NOT_PICKED
RBRK,91.63,1.8995304e+10,True,Technology,0.04310007973338265,0.32334903,-0.12435741184835675,-0.04507211538461536,4.0,235.0,331.0,33.0,False,,ELIGIBLE_NOT_PICKED
RCAT,8.695,1.3278514e+09,False,,,,,,,,,,,,INELIGIBLE_TODAY
RCKT,3.71,4.0726374e+08,False,,,,,,,,,,,,INELIGIBLE_TODAY
RCL,264.5,7.074107e+10,True,Industrials,0.022265318450560317,0.17913377,-0.04336563837996829,-0.18960336538461536,2.0,299.0,331.0,33.0,False,,ELIGIBLE_NOT_PICKED
RCUS,29.06,3.700308e+09,True,Healthcare,0.03115293744971327,0.35491046,0.0020365363932663477,0.17758413461538464,3.0,89.0,331.0,33.0,False,,ELIGIBLE_NOT_PICKED
RDDT,149.38,2.874019e+10,True,Communication Services,0.055390314538660015,0.3194188,-0.12113257019788803,-0.04867788461538464,4.0,238.0,331.0,33.0,False,,ELIGIBLE_NOT_PICKED
RDN,36.05,4.7694623e+09,True,Financial Services,0.01567492827909999,0.09053659,-0.0637037379128082,-0.328125,1.0,324.0,331.0,33.0,False,,ELIGIBLE_NOT_PICKED
RDNT,71.97,5.663842e+09,True,Healthcare,0.027406973960441,0.23641005,-0.1939149112749497,-0.22295673076923078,3.0,327.0,331.0,33.0,False,,ELIGIBLE_NOT_PICKED
RDW,11.23,2.807417e+09,True,Industrials,0.05732725959136181,0.34266305,-0.20031815028295974,-0.04897836538461539,4.0,239.0,331.0,33.0,False,,ELIGIBLE_NOT_PICKED
REAL,9.78,1.1899436e+09,False,,,,,,,,,,,,INELIGIBLE_TODAY
REG,75.93,1.3904343e+10,True,Real Estate,0.010631394984663627,0.07331835,-0.0014237188224420895,-0.25,0.0,226.0,331.0,33.0,False,,ELIGIBLE_NOT_PICKED
REGN,810.31,8.342546e+10,True,Healthcare,0.018628920318485127,0.28875625,0.15582506571146051,0.3016826923076923,1.0,3.0,331.0,33.0,True,0.007323622093986753,PICK
RELY,24.83,5.256115e+09,True,Technology,0.03116971430391222,0.3886895,0.04378007013680012,0.2935697115384615,3.0,34.0,331.0,33.0,False,,ELIGIBLE_NOT_PICKED
REPL,14.77,1.391624e+09,False,,,,,,,,,,,,INELIGIBLE_TODAY
RES,6.52,1.4452037e+09,False,,,,,,,,,,,,INELIGIBLE_TODAY
REXR,37.43,8.3464453e+09,True,Real Estate,0.01973308502780022,0.098073564,0.08367892837242573,-0.06039663461538461,1.0,208.0,331.0,33.0,False,,ELIGIBLE_NOT_PICKED
REYN,21.87,4.609999e+09,True,Consumer Cyclical,0.016831223084735503,0.2049128,-0.0013711023590025134,-0.08413461538461539,1.0,224.0,331.0,33.0,False,,ELIGIBLE_NOT_PICKED
REZI,19.64,2.9822825e+09,True,Industrials,0.05472056749686374,0.36031854,-0.17095621090198518,-0.014423076923076927,4.0,214.0,331.0,33.0,False,,ELIGIBLE_NOT_PICKED
RF,30.07,2.561752e+10,True,Financial Services,0.013404208845790428,0.10921008,0.026050409614069472,-0.1475360576923077,0.0,160.0,331.0,33.0,False,,ELIGIBLE_NOT_PICKED
RGA,247.14,1.6138654e+10,True,Financial Services,0.014073750857331896,0.14022781,0.06435888693084417,-0.04807692307692307,0.0,94.0,331.0,33.0,False,,ELIGIBLE_NOT_PICKED
RGEN,168.53,9.511095e+09,True,Healthcare,0.03161909894922008,0.31861797,-0.032351915788299525,0.06069711538461539,3.0,174.0,331.0,33.0,False,,ELIGIBLE_NOT_PICKED
RGLD,261.37,2.214532e+10,True,Basic Materials,0.023728686955784305,0.20760037,-0.14377602136976708,-0.25540865384615385,2.0,322.0,331.0,33.0,False,,ELIGIBLE_NOT_PICKED
RGNX,8.76,5.782756e+08,False,,,,,,,,,,,,INELIGIBLE_TODAY
RGS,27.76,6.936608e+07,False,,,,,,,,,,,,INELIGIBLE_TODAY
RGTI,15.81,5.276884e+09,True,Technology,0.05357110110560351,0.25074324,-0.11825012735254894,-0.15294471153846156,4.0,301.0,331.0,33.0,False,,ELIGIBLE_NOT_PICKED
RH,142.45,2.6924431e+09,True,Consumer Cyclical,0.04089735366052962,0.3700008,-0.08052849212013576,0.07121394230769229,4.0,134.0,331.0,33.0,False,,ELIGIBLE_NOT_PICKED
RHI,39.21,4.0136072e+09,True,Industrials,0.042515732562785444,0.31630456,0.005008185839189642,0.11538461538461539,4.0,111.0,331.0,33.0,False,,ELIGIBLE_NOT_PICKED
RHP,120.66,7.6159734e+09,True,Real Estate,0.01611710058416464,0.19177353,0.11897187213699666,0.09615384615384615,1.0,75.0,331.0,33.0,False,,ELIGIBLE_NOT_PICKED
RIG,5.76,6.4332293e+09,False,,,,,,,,,,,,INELIGIBLE_TODAY
RILY,7.04,2.8300627e+08,False,,,,,,,,,,,,INELIGIBLE_TODAY
RIOT,22.26,8.353264e+09,True,Financial Services,0.059828079939663714,0.32491365,0.014743367098868877,0.1493389423076923,4.0,85.0,331.0,33.0,False,,ELIGIBLE_NOT_PICKED
RITM,9.95,5.55615e+09,False,,,,,,,,,,,,INELIGIBLE_TODAY
RIVN,16.17,2.3411907e+10,True,Consumer Cyclical,0.045520929833650185,0.35072306,-0.1294337769655637,0.0006009615384615363,4.0,195.0,331.0,33.0,False,,ELIGIBLE_NOT_PICKED
RJF,176.55,3.396146e+10,True,Financial Services,0.015176702652063744,0.14299227,-0.05475683905393525,-0.2530048076923077,0.0,228.0,331.0,33.0,False,,ELIGIBLE_NOT_PICKED
RKLB,65.87,3.9413346e+10,True,Industrials,0.05317688617322402,0.33714548,-0.2314831593941764,-0.06850961538461539,4.0,258.0,331.0,33.0,False,,ELIGIBLE_NOT_PICKED
RKT,13.81,3.9104983e+10,True,Financial Services,0.036889070329627086,0.2286231,-0.3323301803096345,-0.2635216346153846,4.0,326.0,331.0,33.0,False,,ELIGIBLE_NOT_PICKED
RL,347.23,2.068874e+10,True,Consumer Cyclical,0.019160847260769276,0.1769376,0.1043879744013809,0.05769230769230771,1.0,112.0,331.0,33.0,False,,ELIGIBLE_NOT_PICKED
RLAY,19.11,4.1877965e+09,True,Healthcare,0.0312775897931246,0.45279515,-0.15685042627671386,0.04387019230769229,3.0,185.0,331.0,33.0,False,,ELIGIBLE_NOT_PICKED
RLI,61.14,5.6109993e+09,True,Financial Services,0.020201194010937274,0.1792688,-0.016914565786875595,-0.14753605769230768,1.0,261.0,331.0,33.0,False,,ELIGIBLE_NOT_PICKED
RLJ,10.69,1.628898e+09,False,,,,,,,,,,,,INELIGIBLE_TODAY
RMBS,86.89,9.424228e+09,True,Technology,0.04505842475298014,0.27270344,0.0270942424598429,0.10366586538461536,4.0,116.0,331.0,33.0,False,,ELIGIBLE_NOT_PICKED
RMD,221.05,3.1886973e+10,True,Healthcare,0.023559829356053236,0.23704764,-0.058848908941199506,-0.11117788461538458,2.0,269.0,331.0,33.0,False,,ELIGIBLE_NOT_PICKED
RMR,19.46,6.242812e+08,False,,,,,,,,,,,,INELIGIBLE_TODAY
RNG,70.19,5.8612977e+09,True,Technology,0.046897418350917125,0.33621827,0.23466812261452688,0.4098557692307692,4.0,6.0,331.0,33.0,True,0.002909140358445944,PICK
RNR,323.1,1.3425416e+10,True,Financial Services,0.01606367783177713,0.14078695,0.14680945701976303,0.05709134615384617,1.0,114.0,331.0,33.0,False,,ELIGIBLE_NOT_PICKED
RNST,40.81,3.7302162e+09,True,Financial Services,0.011941883890889257,0.10305981,-0.025306589047533738,-0.24879807692307693,0.0,224.0,331.0,33.0,False,,ELIGIBLE_NOT_PICKED
ROAD,103.1,5.8514975e+09,True,Industrials,0.04005001534950817,0.28218836,-0.19186862004609376,-0.14092548076923075,4.0,297.0,331.0,33.0,False,,ELIGIBLE_NOT_PICKED
ROCK,47.45,1.4085005e+09,False,,,,,,,,,,,,INELIGIBLE_TODAY
ROG,129.5,2.3139494e+09,True,Technology,0.03187979555381215,0.39157572,0.12944110751284152,0.421875,3.0,2.0,331.0,33.0,True,0.004279549792008065,PICK
ROIV,41.48,2.996196e+10,True,Healthcare,0.03222514742258822,0.38073432,-0.11423907669838061,0.04627403846153849,3.0,183.0,331.0,33.0,False,,ELIGIBLE_NOT_PICKED
ROK,429.13,4.765432e+10,True,Industrials,0.019633030358426243,0.17749013,0.11837129350656318,0.07391826923076925,1.0,90.0,331.0,33.0,False,,ELIGIBLE_NOT_PICKED
ROKU,155.34,2.3055403e+10,True,Communication Services,0.02766980995085239,0.21042581,0.1481232408768367,0.15474759615384617,3.0,104.0,331.0,33.0,False,,ELIGIBLE_NOT_PICKED
ROL,34.95,1.6816032e+10,True,Consumer Cyclical,0.019028268773775458,0.15639427,0.04816049114421384,-0.054387019230769246,1.0,204.0,331.0,33.0,False,,ELIGIBLE_NOT_PICKED
ROOT,54.65,8.4670624e+08,False,,,,,,,,,,,,INELIGIBLE_TODAY
ROP,395.65,3.9130132e+10,True,Technology,0.021612955715199538,0.17295395,-0.05256511878936257,-0.21334134615384615,2.0,307.0,331.0,33.0,False,,ELIGIBLE_NOT_PICKED
ROST,229.31,7.325379e+10,True,Consumer Cyclical,0.017527602410824634,0.2386395,0.08414140408395734,0.14242788461538464,1.0,41.0,331.0,33.0,False,,ELIGIBLE_NOT_PICKED
RPAY,3.68,3.5013923e+08,False,,,,,,,,,,,,INELIGIBLE_TODAY
RPD,10.46,7.050107e+08,False,,,,,,,,,,,,INELIGIBLE_TODAY
RPM,102.27,1.3064114e+10,True,Basic Materials,0.019989879752255336,0.20262371,0.04770241133620008,0.0078125,1.0,156.0,331.0,33.0,False,,ELIGIBLE_NOT_PICKED
RPRX,60.59,3.4839323e+10,True,Healthcare,0.016887128403616197,0.16683242,0.12544325728974687,0.07151442307692307,1.0,94.0,331.0,33.0,False,,ELIGIBLE_NOT_PICKED
RRC,41.89,9.788835e+09,True,Energy,0.018316964457871295,0.1946495,0.07368175310003523,0.03906249999999997,1.0,129.0,331.0,33.0,False,,ELIGIBLE_NOT_PICKED
RRR,56.12,5.8935086e+09,True,Consumer Cyclical,0.02027558883383143,0.1634506,0.029402609328388483,-0.08082932692307693,1.0,220.0,331.0,33.0,False,,ELIGIBLE_NOT_PICKED
RRX,163.73,1.0903086e+10,True,Industrials,0.03544040134705017,0.22360802,0.04055360641606531,0.031550480769230754,3.0,194.0,331.0,33.0,False,,ELIGIBLE_NOT_PICKED
RS,398.31,2.033554e+10,True,Basic Materials,0.018253853071538734,0.2462087,0.16800914141718465,0.23918269230769235,1.0,11.0,331.0,33.0,True,0.007474102694750999,PICK
RSG,221.63,6.786598e+10,True,Industrials,0.013012058516415867,0.06714885,0.1455379345511891,-0.030048076923076955,0.0,77.0,331.0,33.0,False,,ELIGIBLE_NOT_PICKED
RSI,27.02,6.262516e+09,True,Consumer Cyclical,0.03308317653953841,0.21331313,0.03854912925567589,0.005408653846153855,3.0,221.0,331.0,33.0,False,,ELIGIBLE_NOT_PICKED
RTX,198.81,2.679478e+11,True,Industrials,0.01749591925629256,0.20313449,0.08161354321844677,0.06700721153846154,1.0,99.0,331.0,33.0,False,,ELIGIBLE_NOT_PICKED
RUM,8.39,4.1598474e+09,False,,,,,,,,,,,,INELIGIBLE_TODAY
RUN,9.22,2.2206093e+09,False,,,,,,,,,,,,INELIGIBLE_TODAY
RUSHA,49.8,5.813175e+09,True,Consumer Cyclical,0.019431357857285864,0.25544786,0.08170212497422075,0.1685697115384615,1.0,28.0,331.0,33.0,True,0.0070211857263706885,PICK
RVLV,20.13,1.4309495e+09,False,,,,,,,,,,,,INELIGIBLE_TODAY
RVMD,207.32,4.4436226e+10,True,Healthcare,0.024469348538131167,0.41338208,-0.08797253709102838,0.0964543269230769,2.0,126.0,331.0,33.0,False,,ELIGIBLE_NOT_PICKED
RVTY,127.08,1.41804e+10,True,Healthcare,0.02242680868974362,0.25244287,0.1198793026007846,0.20733173076923078,2.0,47.0,331.0,33.0,False,,ELIGIBLE_NOT_PICKED
RWT,4.41,5.5395085e+08,False,,,,,,,,,,,,INELIGIBLE_TODAY
RXO,19.92,3.2853284e+09,True,Industrials,0.03598795954290267,0.37092954,-0.10549737077053686,0.043569711538461564,3.0,186.0,331.0,33.0,False,,ELIGIBLE_NOT_PICKED
RXRX,3.44,1.8606598e+09,False,,,,,,,,,,,,INELIGIBLE_TODAY
RXST,6.45,2.682765e+08,False,,,,,,,,,,,,INELIGIBLE_TODAY
RXT,3.23,8.232393e+08,False,,,,,,,,,,,,INELIGIBLE_TODAY
RYAN,40.87,1.0455151e+10,True,Financial Services,0.027174776599043177,0.20964234,-0.07136681697794749,-0.18479567307692307,3.0,322.0,331.0,33.0,False,,ELIGIBLE_NOT_PICKED
RYN,20.44,6.0822753e+09,True,Real Estate,0.016866744576110516,0.14508742,-0.2602745329921247,-0.3840144230769231,1.0,330.0,331.0,33.0,False,,ELIGIBLE_NOT_PICKED
RYTM,101.8,7.009142e+09,True,Healthcare,0.026069227751736132,0.24899936,-0.03568277285227538,-0.05198317307692307,2.0,241.0,331.0,33.0,False,,ELIGIBLE_NOT_PICKED
S,19.43,6.7625943e+09,True,Technology,0.03568855302651239,0.36601388,0.007502253988409813,0.19981971153846154,3.0,76.0,331.0,33.0,False,,ELIGIBLE_NOT_PICKED
SABR,2.26,9.1209805e+08,False,,,,,,,,,,,,INELIGIBLE_TODAY
SAFE,14.69,1.04029114e+09,False,,,,,,,,,,,,INELIGIBLE_TODAY
SAH,76.0,2.4027249e+09,True,Consumer Cyclical,0.034382225809688576,0.33436143,0.03202542174949926,0.20342548076923078,3.0,73.0,331.0,33.0,False,,ELIGIBLE_NOT_PICKED
SAIA,354.84,9.465232e+09,True,Industrials,0.028065622183216184,0.27932882,0.0877057272110665,0.22145432692307693,3.0,65.0,331.0,33.0,False,,ELIGIBLE_NOT_PICKED
SAIC,127.55,5.3440435e+09,True,Technology,0.02086764145072347,0.22324993,0.04850484856060924,0.05018028846153849,1.0,117.0,331.0,33.0,False,,ELIGIBLE_NOT_PICKED
SAIL,17.79,1.0090186e+10,True,Technology,0.04057538495778258,0.3872743,-0.09901344586848106,0.06820913461538461,4.0,137.0,331.0,33.0,False,,ELIGIBLE_NOT_PICKED
SAM,162.06,1.6678698e+09,False,,,,,,,,,,,,INELIGIBLE_TODAY
SANA,3.45,1.0327942e+09,False,,,,,,,,,,,,INELIGIBLE_TODAY
SANM,205.41,1.1009433e+10,True,Technology,0.04608842038441399,0.32405156,-0.1411678548826233,-0.05649038461538458,4.0,242.0,331.0,33.0,False,,ELIGIBLE_NOT_PICKED
SARO,24.47,8.0975985e+09,True,Industrials,0.022020977107366634,0.22415309,-0.10864265590236005,-0.19230769230769232,2.0,301.0,331.0,33.0,False,,ELIGIBLE_NOT_PICKED
SBAC,188.69,2.0017766e+10,True,Real Estate,0.020306510428435974,0.11476975,-0.03352911180471993,-0.24609375,1.0,299.0,331.0,33.0,False,,ELIGIBLE_NOT_PICKED
SBCF,34.52,3.342323e+09,True,Financial Services,0.014374795628540474,0.098306574,-0.13104136064079788,-0.3855168269230769,0.0,310.0,331.0,33.0,False,,ELIGIBLE_NOT_PICKED
SBET,8.82,1.9159122e+09,False,,,,,,,,,,,,INELIGIBLE_TODAY
SBGI,13.8,9.9798925e+08,False,,,,,,,,,,,,INELIGIBLE_TODAY
SBH,16.16,1.5129362e+09,False,,,,,,,,,,,,INELIGIBLE_TODAY
SBRA,20.81,5.31618e+09,True,Real Estate,0.01934943871289277,0.1151528,-0.05591738634270073,-0.28365384615384615,1.0,311.0,331.0,33.0,False,,ELIGIBLE_NOT_PICKED
SBUX,102.01,1.162914e+11,True,Consumer Cyclical,0.013700365567498216,0.11349575,0.1526326669623086,0.03485576923076922,0.0,33.0,331.0,33.0,True,0.009958214016948288,PICK
SCCO,208.56,1.7400822e+11,True,Basic Materials,0.031245535342283824,0.30206606,-0.043630422625875104,0.0168269230769231,3.0,213.0,331.0,33.0,False,,ELIGIBLE_NOT_PICKED
SCHW,106.87,1.8481411e+11,True,Financial Services,0.01514620028900472,0.095056996,0.015902479132348133,-0.19290865384615385,0.0,188.0,331.0,33.0,False,,ELIGIBLE_NOT_PICKED
SCI,80.99,1.1038256e+10,True,Consumer Cyclical,0.016516687304435403,0.15486088,0.02058055261064478,-0.11237980769230765,1.0,241.0,331.0,33.0,False,,ELIGIBLE_NOT_PICKED
SCL,62.22,1.4144187e+09,False,,,,,,,,,,,,INELIGIBLE_TODAY
SCLX,5.37,4.560741e+07,False,,,,,,,,,,,,INELIGIBLE_TODAY
SCOR,4.93,7.485873e+07,False,,,,,,,,,,,,INELIGIBLE_TODAY
SDEV,0.87,4.403543e+07,False,,,,,,,,,,,,INELIGIBLE_TODAY
SDGR,20.03,1.4983567e+09,False,,,,,,,,,,,,INELIGIBLE_TODAY
SEAT,5.19,5.8341804e+07,False,,,,,,,,,,,,INELIGIBLE_TODAY
SEB,4304.81,4.1231212e+09,True,Industrials,0.0181183261577678,0.292418,-0.004506816726609773,0.06700721153846154,1.0,100.0,331.0,33.0,False,,ELIGIBLE_NOT_PICKED
SEDG,36.43,2.241383e+09,True,Technology,0.06370199263850276,0.33154848,-0.07461173443037512,0.02253605769230771,4.0,168.0,331.0,33.0,False,,ELIGIBLE_NOT_PICKED
SEER,1.95,1.0797543e+08,False,,,,,,,,,,,,INELIGIBLE_TODAY
SEI,63.96,4.8971863e+09,True,Energy,0.05659818495646478,0.30641323,-0.1985590478105848,-0.10967548076923075,4.0,279.0,331.0,33.0,False,,ELIGIBLE_NOT_PICKED
SEIC,108.6,1.3034083e+10,True,Financial Services,0.013010760073245269,0.070546225,0.1506852594258618,-0.02253605769230768,0.0,72.0,331.0,33.0,False,,ELIGIBLE_NOT_PICKED
SEPN,37.37,1.7443176e+09,False,,,,,,,,,,,,INELIGIBLE_TODAY
SES,0.57,2.1163382e+08,False,,,,,,,,,,,,INELIGIBLE_TODAY
SEZL,118.35,3.985438e+09,True,Financial Services,0.0639773112905892,0.30184504,-0.0052212303332024625,0.07632211538461536,4.0,128.0,331.0,33.0,False,,ELIGIBLE_NOT_PICKED
SF,80.76,1.21949e+10,True,Financial Services,0.016320776460217828,0.17613357,-0.03164217646752274,-0.17548076923076922,1.0,274.0,331.0,33.0,False,,ELIGIBLE_NOT_PICKED
SFBS,42.7,4.6690324e+09,True,Financial Services,0.014662905568164285,0.089074254,-0.08674808678502968,-0.3542668269230769,0.0,291.0,331.0,33.0,False,,ELIGIBLE_NOT_PICKED
SFD,22.01,8.666822e+09,True,Consumer Defensive,0.016189607162163975,0.21205765,0.025003136245580964,-0.019230769230769218,1.0,176.0,331.0,33.0,False,,ELIGIBLE_NOT_PICKED
SFIX,2.97,3.9627478e+08,False,,,,,,,,,,,,INELIGIBLE_TODAY
SFM,76.11,7.0970767e+09,True,Consumer Defensive,0.02955649412264382,0.27824906,-0.045731413715616745,-0.01953125,3.0,244.0,331.0,33.0,False,,ELIGIBLE_NOT_PICKED
SFNC,23.21,3.354165e+09,True,Financial Services,0.012553515354086994,0.05978377,0.049030362369248265,-0.16135817307692307,0.0,166.0,331.0,33.0,False,,ELIGIBLE_NOT_PICKED
SG,6.95,8.2733715e+08,False,,,,,,,,,,,,INELIGIBLE_TODAY
SGI,69.56,1.4633023e+10,True,Consumer Cyclical,0.024607205414640797,0.22150725,-0.08822140519578496,-0.17728365384615385,2.0,291.0,331.0,33.0,False,,ELIGIBLE_NOT_PICKED
SGRY,13.96,1.827619e+09,False,,,,,,,,,,,,INELIGIBLE_TODAY
SHAK,67.4,2.8846484e+09,True,Consumer Cyclical,0.030421110727820687,0.24132657,0.018095999884741604,0.0234375,3.0,202.0,331.0,33.0,False,,ELIGIBLE_NOT_PICKED
SHAZ,57.63,2.063356e+09,True,Technology,0.08579802940852067,0.24782832,-0.1813912484744223,-0.19621394230769232,4.0,317.0,331.0,33.0,False,,ELIGIBLE_NOT_PICKED
SHC,18.59,5.305117e+09,True,Healthcare,0.01854958216597034,0.12964761,0.09822252772819305,-0.003305288461538436,1.0,163.0,331.0,33.0,False,,ELIGIBLE_NOT_PICKED
SHEN,12.19,6.5051546e+08,False,,,,,,,,,,,,INELIGIBLE_TODAY
SHLS,7.42,1.2487857e+09,False,,,,,,,,,,,,INELIGIBLE_TODAY
SHO,10.86,2.0193512e+09,True,Real Estate,0.012497334715404047,0.12587427,0.09079901642482874,-0.015925480769230782,0.0,68.0,331.0,33.0,False,,ELIGIBLE_NOT_PICKED
SHOO,43.16,3.1583235e+09,True,Consumer Cyclical,0.024194033612478728,0.25226536,0.11299905393919246,0.19921875,2.0,51.0,331.0,33.0,False,,ELIGIBLE_NOT_PICKED
SHW,326.09,7.916101e+10,True,Basic Materials,0.02043740746027081,0.16275829,0.10440802902461319,0.042367788461538436,1.0,128.0,331.0,33.0,False,,ELIGIBLE_NOT_PICKED
SIG,82.67,3.2513933e+09,True,Consumer Cyclical,0.022193547403530092,0.25168607,0.08158755997702997,0.15985576923076922,2.0,81.0,331.0,33.0,False,,ELIGIBLE_NOT_PICKED
SIGI,90.9,5.414833e+09,True,Financial Services,0.01390446403467721,0.1693334,0.1073605454560443,0.05378605769230768,0.0,27.0,331.0,33.0,True,0.00981204108920144,PICK
SION,7.3,3.3005053e+08,False,,,,,,,,,,,,INELIGIBLE_TODAY
SIRI,28.8,9.707526e+09,True,Communication Services,0.020068000159835946,0.26498085,0.03894581226278166,0.10727163461538458,1.0,65.0,331.0,33.0,False,,ELIGIBLE_NOT_PICKED
SITC,2.88,1.5112898e+08,False,,,,,,,,,,,,INELIGIBLE_TODAY
SITE,99.52,4.344584e+09,True,Industrials,0.02599637990673365,0.24410355,0.016333793752893892,0.023137019230769218,2.0,191.0,331.0,33.0,False,,ELIGIBLE_NOT_PICKED
SITM,598.95,1.8011048e+10,True,Technology,0.061911756330623596,0.33912116,-0.13283887240288295,-0.021033653846153827,4.0,218.0,331.0,33.0,False,,ELIGIBLE_NOT_PICKED
SJM,124.66,1.3316578e+10,True,Consumer Defensive,0.019460818365754723,0.18930475,0.07697567930059256,0.037560096153846145,1.0,131.0,331.0,33.0,False,,ELIGIBLE_NOT_PICKED
SKIN,0.737,9.591374e+07,False,,,,,,,,,,,,INELIGIBLE_TODAY
SKT,37.29,4.2838374e+09,True,Real Estate,0.012486771192986404,0.09943279,-0.04127119511980491,-0.2800480769230769,0.0,246.0,331.0,33.0,False,,ELIGIBLE_NOT_PICKED
SKWD,56.53,2.5097336e+09,True,Financial Services,0.02364360192299344,0.2260395,-0.10875041096478893,-0.18990384615384615,2.0,300.0,331.0,33.0,False,,ELIGIBLE_NOT_PICKED
SKY,84.58,4.591014e+09,True,Consumer Cyclical,0.026269649205406732,0.23583743,0.10581097613724408,0.1613581730769231,2.0,80.0,331.0,33.0,False,,ELIGIBLE_NOT_PICKED
SKYH,10.36,7.937493e+08,False,,,,,,,,,,,,INELIGIBLE_TODAY
SKYW,94.98,3.6879142e+09,True,Industrials,0.023824642610525457,0.26807866,0.07541323186857947,0.18239182692307693,2.0,67.0,331.0,33.0,False,,ELIGIBLE_NOT_PICKED
SLAB,220.0,7.3406874e+09,True,Technology,0.0024282829224226686,0.017044598,0.16149726455140823,-0.030949519230769246,0.0,79.0,331.0,33.0,False,,ELIGIBLE_NOT_PICKED
SLB,57.1,8.474458e+10,True,Energy,0.026063201227520757,0.33650386,0.014691318238081964,0.17157451923076922,2.0,74.0,331.0,33.0,False,,ELIGIBLE_NOT_PICKED
SLDE,24.46,2.8572147e+09,True,Financial Services,0.026713327600299645,0.15769304,0.07375456844571941,-0.008713942307692318,2.0,217.0,331.0,33.0,False,,ELIGIBLE_NOT_PICKED
SLDP,2.57,5.864257e+08,False,,,,,,,,,,,,INELIGIBLE_TODAY
SLG,52.8,3.740875e+09,True,Real Estate,0.022108171074900446,0.25553483,-0.14955999286093544,-0.1649639423076923,2.0,287.0,331.0,33.0,False,,ELIGIBLE_NOT_PICKED
SLGN,39.31,4.1543603e+09,True,Consumer Cyclical,0.024132734757433688,0.26405525,-0.07867071197181669,-0.08533653846153844,2.0,259.0,331.0,33.0,False,,ELIGIBLE_NOT_PICKED
SLM,26.28,4.939246e+09,True,Financial Services,0.019979505866808852,0.18535708,-0.01579871853299708,-0.1385216346153846,1.0,259.0,331.0,33.0,False,,ELIGIBLE_NOT_PICKED
SLQT,0.535,9.446662e+07,False,,,,,,,,,,,,INELIGIBLE_TODAY
SLS,13.96,2.819162e+09,True,Healthcare,0.0722229783883411,0.34077016,-0.28237927985759387,-0.07031250000000003,4.0,259.0,331.0,33.0,False,,ELIGIBLE_NOT_PICKED
SLVM,35.39,1.407115e+09,False,,,,,,,,,,,,INELIGIBLE_TODAY
SM,37.76,8.98137e+09,True,Energy,0.03437313711464431,0.29741764,-0.06053356140631375,-0.012319711538461536,3.0,239.0,331.0,33.0,False,,ELIGIBLE_NOT_PICKED
SMA,32.6,1.8050262e+09,False,,,,,,,,,,,,INELIGIBLE_TODAY
SMC,34.33,4.731916e+08,False,,,,,,,,,,,,INELIGIBLE_TODAY
SMCI,40.26,2.6449426e+10,True,Technology,0.060417431784456216,0.35329315,-0.28172675919811896,-0.05288461538461539,4.0,240.0,331.0,33.0,False,,ELIGIBLE_NOT_PICKED
SMG,57.53,3.3494124e+09,True,Basic Materials,0.026782450869107115,0.22442596,-0.04434143861309716,-0.11418269230769232,3.0,299.0,331.0,33.0,False,,ELIGIBLE_NOT_PICKED
SMMT,17.28,1.3785114e+10,True,Healthcare,0.04378054540060751,0.25391272,-0.22370727414513805,-0.20072115384615385,4.0,319.0,331.0,33.0,False,,ELIGIBLE_NOT_PICKED
SMPL,10.76,9.5183546e+08,False,,,,,,,,,,,,INELIGIBLE_TODAY
SMR,11.18,4.8043064e+09,True,Industrials,0.05573290746132599,0.31759414,-0.3535150311484965,-0.11929086538461536,4.0,285.0,331.0,33.0,False,,ELIGIBLE_NOT_PICKED
SMRT,1.29,2.4717922e+08,False,,,,,,,,,,,,INELIGIBLE_TODAY
SMTC,162.62,1.5176613e+10,True,Technology,0.06261570115690211,0.3483391,-0.005792751030948975,0.15294471153846154,4.0,80.0,331.0,33.0,False,,ELIGIBLE_NOT_PICKED
SN,175.13,2.4670835e+10,True,Consumer Cyclical,0.025218508184426273,0.3090526,0.02460287334078802,0.14873798076923078,2.0,89.0,331.0,33.0,False,,ELIGIBLE_NOT_PICKED
SNA,379.88,1.96501e+10,True,Industrials,0.012032326790430611,0.09832813,0.09078311505183699,-0.05048076923076922,0.0,95.0,331.0,33.0,False,,ELIGIBLE_NOT_PICKED
SNAP,5.43,9.183203e+09,False,,,,,,,,,,,,INELIGIBLE_TODAY
SNDA,39.06,1.8767544e+09,False,,,,,,,,,,,,INELIGIBLE_TODAY
SNDK,1737.99,2.5447476e+11,True,Technology,0.08630576921416269,0.26568347,-0.050746608636954425,-0.045973557692307654,4.0,236.0,331.0,33.0,False,,ELIGIBLE_NOT_PICKED
SNDR,34.64,6.072423e+09,True,Industrials,0.0205452368030259,0.25120416,0.14560470612411353,0.23046875,1.0,14.0,331.0,33.0,True,0.006640525672183192,PICK
SNDX,19.94,1.780584e+09,False,,,,,,,,,,,,INELIGIBLE_TODAY
SNEX,69.07,8.330998e+09,True,Financial Services,0.03633175612296072,0.32414153,-0.160130867663143,-0.0676081730769231,3.0,279.0,331.0,33.0,False,,ELIGIBLE_NOT_PICKED
SNOW,335.5,1.183644e+11,True,Technology,0.03339676029150979,0.328744,0.04566480285699507,0.21935096153846156,3.0,68.0,331.0,33.0,False,,ELIGIBLE_NOT_PICKED
SNPS,392.03,7.512732e+10,True,Technology,0.029123281685673276,0.28980908,-0.30259934443010195,-0.15474759615384615,3.0,312.0,331.0,33.0,False,,ELIGIBLE_NOT_PICKED
SNX,258.6,2.0677333e+10,True,Technology,0.020645982354012785,0.29246733,0.08785606714031108,0.23888221153846156,1.0,12.0,331.0,33.0,True,0.00660812210783758,PICK
SO,88.99,1.023708e+11,True,Utilities,0.010596921186005871,0.09788691,-0.03959152068073708,-0.2791466346153846,0.0,245.0,331.0,33.0,False,,ELIGIBLE_NOT_PICKED
SOC,4.85,9.305674e+08,False,,,,,,,,,,,,INELIGIBLE_TODAY
SOFI,18.01,2.3261182e+10,True,Financial Services,0.034421094067033815,0.29686648,-0.3107848348207139,-0.14663461538461536,3.0,304.0,331.0,33.0,False,,ELIGIBLE_NOT_PICKED
SOLS,64.53,1.025042e+10,True,Basic Materials,0.039816353448950834,0.32687348,-0.16287103657776278,-0.06340144230769229,4.0,253.0,331.0,33.0,False,,ELIGIBLE_NOT_PICKED
SOLV,90.11,1.5338861e+10,True,Healthcare,0.020009081699598866,0.20217228,0.1169698728307088,0.10817307692307696,1.0,63.0,331.0,33.0,False,,ELIGIBLE_NOT_PICKED
SON,49.87,4.9308964e+09,True,Consumer Cyclical,0.02081276319258149,0.21657267,-0.03055533951437854,-0.10697115384615383,1.0,239.0,331.0,33.0,False,,ELIGIBLE_NOT_PICKED
SONO,14.49,1.7140797e+09,False,,,,,,,,,,,,INELIGIBLE_TODAY
SOUN,6.57,2.9178017e+09,False,,,,,,,,,,,,INELIGIBLE_TODAY
SPB,87.48,2.0116548e+09,True,Consumer Defensive,0.018111923812192714,0.25389048,0.0997464287750336,0.1881009615384615,1.0,24.0,331.0,33.0,True,0.0075326715066973025,PICK
SPCE,3.13,4.7449517e+08,False,,,,,,,,,,,,INELIGIBLE_TODAY
SPCX,153.47,2.0230077e+12,True,Industrials,,0.2815441,0.20750266190769742,0.31971153846153844,,,,,False,,ELIGIBLE_NOT_PICKED
SPG,211.88,6.855579e+10,True,Real Estate,0.012297759329416874,0.083535165,-0.05783999504130947,-0.32752403846153844,0.0,276.0,331.0,33.0,False,,ELIGIBLE_NOT_PICKED
SPGI,429.31,1.2656059e+11,True,Financial Services,0.019649325179032694,0.12452095,-0.010234496383646294,-0.2040264423076923,1.0,283.0,331.0,33.0,False,,ELIGIBLE_NOT_PICKED
SPH,17.37,1.1587941e+09,False,,,,,,,,,,,,INELIGIBLE_TODAY
SPHR,142.41,5.1144566e+09,True,Communication Services,0.03397887510483913,0.3498563,0.01747751161345148,0.19951923076923078,3.0,77.0,331.0,33.0,False,,ELIGIBLE_NOT_PICKED
SPIR,12.14,4.931556e+08,False,,,,,,,,,,,,INELIGIBLE_TODAY
SPNT,24.15,2.8053852e+09,True,Financial Services,0.018157019811455097,0.1508116,-0.007395648865880295,-0.17067307692307693,1.0,271.0,331.0,33.0,False,,ELIGIBLE_NOT_PICKED
SPRU,1.78,3.4268892e+07,False,,,,,,,,,,,,INELIGIBLE_TODAY
SPSC,79.0,2.8440138e+09,True,Technology,0.03000891649116625,0.3720791,0.0498303190433507,0.2920673076923077,3.0,35.0,331.0,33.0,False,,ELIGIBLE_NOT_PICKED
SPT,10.45,6.331886e+08,False,,,,,,,,,,,,INELIGIBLE_TODAY
SPXC,197.19,9.876431e+09,True,Industrials,0.02969056055826586,0.21972945,-0.08958731053880846,-0.1817908653846154,3.0,320.0,331.0,33.0,False,,ELIGIBLE_NOT_PICKED
SR,83.44,4.9323725e+09,True,Utilities,0.013256076960857545,0.10138282,-0.12183125678600382,-0.3740985576923077,0.0,305.0,331.0,33.0,False,,ELIGIBLE_NOT_PICKED
SRCE,86.49,2.0828371e+09,True,Financial Services,0.012069242788889375,0.07332011,0.12441487644034464,-0.04537259615384612,0.0,91.0,331.0,33.0,False,,ELIGIBLE_NOT_PICKED
SRE,85.47,5.5888863e+10,True,Utilities,0.014265853641977393,0.12789196,-0.06418923413238349,-0.28185096153846156,0.0,249.0,331.0,33.0,False,,ELIGIBLE_NOT_PICKED
SRPT,20.94,2.2118298e+09,True,Healthcare,0.03894539947966561,0.41015035,-0.04335734292538399,0.15234374999999997,4.0,82.0,331.0,33.0,False,,ELIGIBLE_NOT_PICKED
SRRK,57.42,6.992911e+09,True,Healthcare,0.028471733755732472,0.32440597,-0.1359631438249539,-0.050480769230769273,3.0,269.0,331.0,33.0,False,,ELIGIBLE_NOT_PICKED
SSB,106.62,1.0339425e+10,True,Financial Services,0.012974019757470206,0.08211877,0.06541628431263075,-0.11388221153846156,0.0,132.0,331.0,33.0,False,,ELIGIBLE_NOT_PICKED
SSD,178.86,7.33052e+09,True,Basic Materials,0.018732853930511634,0.22287148,-0.004782289541625117,-0.056640625,1.0,206.0,331.0,33.0,False,,ELIGIBLE_NOT_PICKED
SSII,3.27,6.5526035e+08,False,,,,,,,,,,,,INELIGIBLE_TODAY
SSMR,17.66,2.5382118e+09,True,Basic Materials,0.03869559452288948,0.32334447,-0.03809482583905753,0.05979567307692307,4.0,143.0,331.0,33.0,False,,ELIGIBLE_NOT_PICKED
SSNC,80.45,1.8877995e+10,True,Technology,0.021741513888530146,0.212764,0.06612941454334992,0.055288461538461564,2.0,154.0,331.0,33.0,False,,ELIGIBLE_NOT_PICKED
SSP,3.21,2.9746746e+08,False,,,,,,,,,,,,INELIGIBLE_TODAY
SSRM,36.94,7.53241e+09,True,Basic Materials,0.04180983147451695,0.3276105,0.07846159697074057,0.27493990384615385,4.0,40.0,331.0,33.0,False,,ELIGIBLE_NOT_PICKED
SST,5.0,5.2443244e+07,False,,,,,,,,,,,,INELIGIBLE_TODAY
SSTK,5.17,1.9101952e+08,False,,,,,,,,,,,,INELIGIBLE_TODAY
ST,42.59,6.1983724e+09,True,Technology,0.02263045281970156,0.27210867,0.07938874304275313,0.19711538461538464,2.0,53.0,331.0,33.0,False,,ELIGIBLE_NOT_PICKED
STAA,24.16,1.2114787e+09,False,,,,,,,,,,,,INELIGIBLE_TODAY
STAG,37.56,7.241881e+09,True,Real Estate,0.01409079145589722,0.07051886,-0.04572579116269713,-0.3263221153846154,0.0,275.0,331.0,33.0,False,,ELIGIBLE_NOT_PICKED
STC,67.04,2.0462083e+09,True,Financial Services,0.022965225326630416,0.1896474,-0.1384888352252434,-0.28185096153846156,2.0,327.0,331.0,33.0,False,,ELIGIBLE_NOT_PICKED
STDN,13.21,2.0680355e+09,True,Basic Materials,,0.22308832,0.12849546160028896,0.16195913461538458,,,,,False,,ELIGIBLE_NOT_PICKED
STE,218.44,2.1297924e+10,True,Healthcare,0.017908190371429468,0.15256813,0.046027420188118506,-0.06400240384615385,1.0,214.0,331.0,33.0,False,,ELIGIBLE_NOT_PICKED
STEM,5.64,5.4294836e+07,False,,,,,,,,,,,,INELIGIBLE_TODAY
STEP,50.74,6.123134e+09,True,Financial Services,0.034040386060756565,0.23458585,-0.2238288309937625,-0.23737980769230768,3.0,329.0,331.0,33.0,False,,ELIGIBLE_NOT_PICKED
STGW,8.67,2.1196022e+09,False,,,,,,,,,,,,INELIGIBLE_TODAY
STLD,240.31,3.4443174e+10,True,Basic Materials,0.026218620613483592,0.33957058,0.0498275033418725,0.25060096153846156,2.0,28.0,331.0,33.0,True,0.005203598405989873,PICK
STOK,30.05,1.9390136e+09,False,,,,,,,,,,,,INELIGIBLE_TODAY
STRA,81.44,1.8085836e+09,False,,,,,,,,,,,,INELIGIBLE_TODAY
STRL,502.2,1.5361553e+10,True,Industrials,0.05282140373310967,0.3628421,-0.05685662826338854,0.0925480769230769,4.0,120.0,331.0,33.0,False,,ELIGIBLE_NOT_PICKED
STT,191.88,5.2709773e+10,True,Financial Services,0.015267149904686193,0.092058286,0.11431219043954144,-0.032752403846153855,0.0,81.0,331.0,33.0,False,,ELIGIBLE_NOT_PICKED
STTK,6.5,6.5236115e+08,False,,,,,,,,,,,,INELIGIBLE_TODAY
STUB,6.11,2.3345697e+09,False,,,,,,,,,,,,INELIGIBLE_TODAY
STWD,15.88,5.878283e+09,True,Real Estate,0.012110487249863727,0.069770165,-0.08965700864617432,-0.3801081730769231,0.0,306.0,331.0,33.0,False,,ELIGIBLE_NOT_PICKED
STX,904.38,2.0497277e+11,True,Technology,0.05374845259760666,0.3261363,0.040387978569350926,0.20102163461538464,4.0,62.0,331.0,33.0,False,,ELIGIBLE_NOT_PICKED
STZ,120.98,2.0660775e+10,True,Consumer Defensive,0.02009000787692986,0.19795226,0.07545272305356701,0.04957932692307693,1.0,119.0,331.0,33.0,False,,ELIGIBLE_NOT_PICKED
SUI,117.65,1.4329883e+10,True,Real Estate,0.013880362486492461,0.11577328,0.03981042266345465,-0.11808894230769232,0.0,137.0,331.0,33.0,False,,ELIGIBLE_NOT_PICKED
SUN,76.92,1.575511e+10,True,Energy,0.019820747777860807,0.22867896,-0.10358745599424525,-0.17938701923076922,1.0,276.0,331.0,33.0,False,,ELIGIBLE_NOT_PICKED
SUNB,69.32,2.8404603e+10,True,Industrials,0.029624701483626635,0.30597693,0.0746583774472179,0.23377403846153844,3.0,59.0,331.0,33.0,False,,ELIGIBLE_NOT_PICKED
SUNC,81.52,4.199682e+09,True,Energy,0.017218645131308944,0.20601203,0.060760985194332116,0.03545673076923078,1.0,132.0,331.0,33.0,False,,ELIGIBLE_NOT_PICKED
SUPN,42.43,2.466329e+09,True,Healthcare,0.022644034280577537,0.2458889,0.01132618576718578,0.015625,2.0,194.0,331.0,33.0,False,,ELIGIBLE_NOT_PICKED
SVC,7.375,9.551325e+08,False,,,,,,,,,,,,INELIGIBLE_TODAY
SVV,10.23,1.573335e+09,False,,,,,,,,,,,,INELIGIBLE_TODAY
SW,44.26,2.3215385e+10,True,Consumer Cyclical,0.027658733375280378,0.290274,-0.05440618008103789,-0.015324519230769218,3.0,242.0,331.0,33.0,False,,ELIGIBLE_NOT_PICKED
SWIM,6.75,7.941111e+08,False,,,,,,,,,,,,INELIGIBLE_TODAY
SWK,93.81,1.4166871e+10,True,Industrials,0.022971389955835805,0.25431237,0.13328892578224963,0.2259615384615385,2.0,41.0,331.0,33.0,False,,ELIGIBLE_NOT_PICKED
SWKS,75.38,1.1342638e+10,True,Technology,0.030594735018779844,0.3563687,-0.030907246261776915,0.12680288461538464,3.0,125.0,331.0,33.0,False,,ELIGIBLE_NOT_PICKED
SWX,88.88,6.4389873e+09,True,Utilities,0.01094681291270205,0.08751979,0.04402718146340248,-0.14603365384615385,0.0,159.0,331.0,33.0,False,,ELIGIBLE_NOT_PICKED
SXI,271.63,3.2920102e+09,True,Industrials,0.027368006075552717,0.1809227,-0.019778302259776132,-0.1505408653846154,3.0,309.0,331.0,33.0,False,,ELIGIBLE_NOT_PICKED
SXT,133.93,5.7004375e+09,True,Basic Materials,0.02330400441453887,0.21145643,-0.008819822344069183,-0.08834134615384617,2.0,261.0,331.0,33.0,False,,ELIGIBLE_NOT_PICKED
SYBT,78.59,2.4415276e+09,True,Financial Services,0.01410522365187515,0.10198497,-0.15415518700180017,-0.3951322115384615,0.0,315.0,331.0,33.0,False,,ELIGIBLE_NOT_PICKED
SYF,78.62,2.5580655e+10,True,Financial Services,0.02118082537946644,0.16114774,0.08121452541407743,0.010216346153846173,2.0,199.0,331.0,33.0,False,,ELIGIBLE_NOT_PICKED
SYK,276.43,1.06031096e+11,True,Healthcare,0.026773696035691616,0.3000869,-0.019670640419844437,0.051081730769230754,3.0,181.0,331.0,33.0,False,,ELIGIBLE_NOT_PICKED
SYM,43.3,2.6187913e+10,True,Industrials,0.03728631289501394,0.24696329,-0.2624614392109758,-0.22115384615384615,4.0,321.0,331.0,33.0,False,,ELIGIBLE_NOT_PICKED
SYNA,94.72,3.7042138e+09,True,Technology,0.03398893500638564,0.38990694,0.03709454857215866,0.2791466346153846,3.0,45.0,331.0,33.0,False,,ELIGIBLE_NOT_PICKED
SYRE,90.79,8.0052956e+09,True,Healthcare,0.04174463004967563,0.40239984,-0.25313934078709627,-0.0003004807692307543,4.0,197.0,331.0,33.0,False,,ELIGIBLE_NOT_PICKED
SYY,79.84,3.8251024e+10,True,Consumer Defensive,0.011061671346800203,0.15050213,0.13548336744781217,0.058894230769230754,0.0,23.0,331.0,33.0,True,0.01233368522298773,PICK
T,25.6,1.7542108e+11,True,Communication Services,0.018415385585348127,0.15653935,0.07139089865436143,-0.015024038461538436,1.0,170.0,331.0,33.0,False,,ELIGIBLE_NOT_PICKED
TALO,17.16,2.8651274e+09,True,Energy,0.03054230324613469,0.25361276,0.18158834062825788,0.25721153846153844,3.0,50.0,331.0,33.0,False,,ELIGIBLE_NOT_PICKED
TAP,38.84,6.862291e+09,True,Consumer Defensive,0.02053729930127015,0.23587942,0.035218207267874675,0.044471153846153855,1.0,125.0,331.0,33.0,False,,ELIGIBLE_NOT_PICKED
TARS,87.22,3.827475e+09,True,Healthcare,0.03590970996316321,0.37597275,-0.01089835556346646,0.1775841346153846,3.0,90.0,331.0,33.0,False,,ELIGIBLE_NOT_PICKED
TASK,7.65,7.014057e+08,False,,,,,,,,,,,,INELIGIBLE_TODAY
TBBK,64.41,2.6270784e+09,True,Financial Services,0.02054603773996146,0.17627174,-0.12695486538342193,-0.29056490384615385,1.0,313.0,331.0,33.0,False,,ELIGIBLE_NOT_PICKED
TBLA,3.82,1.0319936e+09,False,,,,,,,,,,,,INELIGIBLE_TODAY
TBPH,17.06,8.8573395e+08,False,,,,,,,,,,,,INELIGIBLE_TODAY
TCBI,97.69,4.247011e+09,True,Financial Services,0.01264002529511576,0.11389749,0.016017861717233146,-0.16616586538461536,0.0,170.0,331.0,33.0,False,,ELIGIBLE_NOT_PICKED
TDAY,6.41,9.41103e+08,False,,,,,,,,,,,,INELIGIBLE_TODAY
TDC,27.76,2.58168e+09,True,Technology,0.04230979889335626,0.3243787,0.0804727478738407,0.27193509615384615,4.0,41.0,331.0,33.0,False,,ELIGIBLE_NOT_PICKED
TDG,1145.14,6.329936e+10,True,Industrials,0.01612181270333309,0.110133156,-0.050306995185654006,-0.28064903846153844,1.0,310.0,331.0,33.0,False,,ELIGIBLE_NOT_PICKED
TDOC,6.26,1.137342e+09,False,,,,,,,,,,,,INELIGIBLE_TODAY
TDS,37.93,4.342985e+09,True,Communication Services,0.023244939934384673,0.26421613,-0.025045235023167856,-0.006310096153846173,2.0,214.0,331.0,33.0,False,,ELIGIBLE_NOT_PICKED
TDUP,2.67,3.5066083e+08,False,,,,,,,,,,,,INELIGIBLE_TODAY
TDW,92.0,4.5775734e+09,True,Energy,0.038319378053456685,0.29115236,-0.10879330565226983,-0.07692307692307693,4.0,263.0,331.0,33.0,False,,ELIGIBLE_NOT_PICKED
TDY,605.08,2.804889e+10,True,Technology,0.014380900852741303,0.13478145,0.1299941615787943,0.03545673076923078,0.0,32.0,331.0,33.0,True,0.009486969823978016,PICK
TE,5.06,1.490307e+09,False,,,,,,,,,,,,INELIGIBLE_TODAY
TEAM,176.42,4.465875e+10,True,Technology,0.06288846526020939,0.32576942,0.15660252162457539,0.35757211538461536,4.0,21.0,331.0,33.0,True,0.0021694148818400057,PICK
TECH,72.31,1.1339527e+10,True,Healthcare,0.0284628598529116,0.03306457,0.12592656042319988,-0.06009615384615388,3.0,275.0,331.0,33.0,False,,ELIGIBLE_NOT_PICKED
TEL,204.99,5.9347317e+10,True,Technology,0.020333846824921856,0.21975783,0.020787288460504007,-0.015024038461538491,1.0,172.0,331.0,33.0,False,,ELIGIBLE_NOT_PICKED
TEM,64.29,1.1600151e+10,True,Healthcare,0.05704374266725488,0.34410393,-0.26240170960464787,-0.06250000000000003,4.0,252.0,331.0,33.0,False,,ELIGIBLE_NOT_PICKED
TENB,33.7,3.7117174e+09,True,Technology,0.04560606284406634,0.34116983,0.14810128253148158,0.3810096153846154,4.0,14.0,331.0,33.0,True,0.0029915139330938118,PICK
TER,372.06,5.816814e+10,True,Technology,0.05671836681786891,0.37425157,0.033582629320239116,0.26021634615384615,4.0,45.0,331.0,33.0,False,,ELIGIBLE_NOT_PICKED
TEVA,36.76,4.2836283e+10,True,Healthcare,0.02312106547959927,0.23602346,0.02808645719577802,0.03515624999999997,2.0,177.0,331.0,33.0,False,,ELIGIBLE_NOT_PICKED
TEX,62.91,7.190613e+09,True,Industrials,0.027669599882746088,0.33560398,-0.161057127035364,-0.04417067307692307,3.0,266.0,331.0,33.0,False,,ELIGIBLE_NOT_PICKED
TFC,50.55,6.1753205e+10,True,Financial Services,0.0156203304138637,0.20709008,0.053059911246062914,0.02674278846153849,1.0,145.0,331.0,33.0,False,,ELIGIBLE_NOT_PICKED
TFIN,68.83,1.644661e+09,False,,,,,,,,,,,,INELIGIBLE_TODAY
TFSL,17.39,4.8768993e+09,True,Financial Services,0.012142163366533449,0.060588438,-0.06791098681350898,-0.3641826923076923,0.0,302.0,331.0,33.0,False,,ELIGIBLE_NOT_PICKED
TFX,137.0,5.8050186e+09,True,Healthcare,0.018532139265138713,0.21230498,0.12839209315501207,0.1397235576923077,1.0,43.0,331.0,33.0,False,,ELIGIBLE_NOT_PICKED
TGLS,40.42,1.7932178e+09,False,,,,,,,,,,,,INELIGIBLE_TODAY
TGT,162.71,7.391862e+10,True,Consumer Defensive,0.02091114962390704,0.21440093,0.11162026693655358,0.12560096153846154,1.0,51.0,331.0,33.0,False,,ELIGIBLE_NOT_PICKED
TGTX,55.74,8.532069e+09,True,Healthcare,0.02881684827768462,0.37446702,-0.05655889609744296,0.10576923076923078,3.0,137.0,331.0,33.0,False,,ELIGIBLE_NOT_PICKED
TH,20.25,2.0173743e+09,True,Industrials,0.034724255389374716,0.32358694,0.04413475804263768,0.2040264423076923,3.0,72.0,331.0,33.0,False,,ELIGIBLE_NOT_PICKED
THC,259.06,2.0859253e+10,True,Healthcare,0.03300858936643248,0.27155966,0.21126317413632625,0.3073918269230769,3.0,29.0,331.0,33.0,True,0.004133202146781764,PICK
THG,224.48,7.8164434e+09,True,Financial Services,0.014344042793503424,0.1581968,0.1446774909366625,0.07662259615384615,0.0,18.0,331.0,33.0,True,0.009511347281630226,PICK
THO,74.13,3.859013e+09,True,Consumer Cyclical,0.021324337761608955,0.26625055,-0.009571363755712017,0.018329326923076955,2.0,193.0,331.0,33.0,False,,ELIGIBLE_NOT_PICKED
THRM,39.26,1.2054865e+09,False,,,,,,,,,,,,INELIGIBLE_TODAY
TIC,9.56,2.0861866e+09,False,,,,,,,,,,,,INELIGIBLE_TODAY
TIL,7.82,5.3035052e+07,False,,,,,,,,,,,,INELIGIBLE_TODAY
TILE,35.43,2.0478703e+09,True,Basic Materials,0.024528268061341292,0.26456347,0.08637353558263478,0.19681490384615385,2.0,55.0,331.0,33.0,False,,ELIGIBLE_NOT_PICKED
TJX,128.92,1.4180865e+11,True,Consumer Cyclical,0.014936081902791068,0.18756929,0.007380326389255491,-0.09615384615384615,0.0,119.0,331.0,33.0,False,,ELIGIBLE_NOT_PICKED
TKO,195.32,3.696816e+10,True,Communication Services,0.0220442639069461,0.16392939,0.013193839893109516,-0.11598557692307696,2.0,272.0,331.0,33.0,False,,ELIGIBLE_NOT_PICKED
TKR,123.86,8.5831066e+09,True,Industrials,0.021121718357033584,0.25792754,0.14590990938847834,0.24489182692307693,2.0,33.0,331.0,33.0,True,0.006459283763062986,PICK
TLN,325.77,1.5609029e+10,True,Utilities,0.03542368102693402,0.26879728,-0.17996651407663805,-0.15625,3.0,314.0,331.0,33.0,False,,ELIGIBLE_NOT_PICKED
TLRY,4.3,5.856754e+08,False,,,,,,,,,,,,INELIGIBLE_TODAY
TLS,4.66,3.4827344e+08,False,,,,,,,,,,,,INELIGIBLE_TODAY
TMC,4.43,1.9542301e+09,False,,,,,,,,,,,,INELIGIBLE_TODAY
TMDX,88.27,3.0607752e+09,True,Healthcare,0.03412946181443014,0.39437377,-0.22119767330957923,0.0027043269230768996,3.0,225.0,331.0,33.0,False,,ELIGIBLE_NOT_PICKED
TMO,603.02,2.22965e+11,True,Healthcare,0.019063675199391134,0.15668498,0.07051551011456743,-0.01622596153846151,1.0,173.0,331.0,33.0,False,,ELIGIBLE_NOT_PICKED
TMUS,181.69,1.9489371e+11,True,Communication Services,0.0251692631577619,0.19923443,0.08245571199771701,0.06520432692307693,2.0,151.0,331.0,33.0,False,,ELIGIBLE_NOT_PICKED
TNC,73.46,1.2524419e+09,False,,,,,,,,,,,,INELIGIBLE_TODAY
TNDM,19.88,1.3832247e+09,False,,,,,,,,,,,,INELIGIBLE_TODAY
TNET,65.91,3.0255813e+09,True,Industrials,0.030876990581538536,0.32250822,0.1349912563755827,0.3308293269230769,3.0,15.0,331.0,33.0,True,0.004418538525355808,PICK
TNGX,22.7,3.8274552e+09,True,Healthcare,0.040689471271541225,0.42350614,-0.2732895588794578,0.0030048076923076816,4.0,190.0,331.0,33.0,False,,ELIGIBLE_NOT_PICKED
TNL,64.81,3.9666463e+09,True,Industrials,0.01881806296071813,0.20896019,0.12391069078380336,0.12770432692307693,1.0,48.0,331.0,33.0,False,,ELIGIBLE_NOT_PICKED
TOL,136.4,1.256885e+10,True,Consumer Cyclical,0.022980218131004062,0.20544577,-0.07410404167808053,-0.19561298076923078,2.0,304.0,331.0,33.0,False,,ELIGIBLE_NOT_PICKED
TOST,33.29,1.924162e+10,True,Technology,0.023937401250983013,0.2858648,0.03350291230145758,0.13040865384615385,2.0,102.0,331.0,33.0,False,,ELIGIBLE_NOT_PICKED
TPB,74.51,1.4938451e+09,False,,,,,,,,,,,,INELIGIBLE_TODAY
TPC,89.52,4.7059876e+09,True,Industrials,0.033315334962407205,0.32875165,0.05669891920883,0.24128605769230765,3.0,55.0,331.0,33.0,False,,ELIGIBLE_NOT_PICKED
TPG,50.91,1.9576154e+10,True,Financial Services,0.025277643391471066,0.22983788,-0.0919306922783411,-0.16346153846153846,2.0,286.0,331.0,33.0,False,,ELIGIBLE_NOT_PICKED
TPL,381.9,2.6341431e+10,True,Energy,0.02802691318961769,0.16862655,-0.12043648965000248,-0.2917668269230769,3.0,331.0,331.0,33.0,False,,ELIGIBLE_NOT_PICKED
TPR,117.58,2.3444474e+10,True,Consumer Cyclical,0.029278077959767217,0.25940198,0.09785827952080411,0.19711538461538458,3.0,79.0,331.0,33.0,False,,ELIGIBLE_NOT_PICKED
TR,38.65,2.901519e+09,True,Consumer Defensive,0.01742079972057986,0.17941225,-0.1011544406804324,-0.26171875,1.0,304.0,331.0,33.0,False,,ELIGIBLE_NOT_PICKED
TREE,27.84,3.9086138e+08,False,,,,,,,,,,,,INELIGIBLE_TODAY
TREX,45.78,4.663388e+09,True,Basic Materials,0.025677941534006175,0.27908528,0.02559183051881545,0.10907451923076922,2.0,116.0,331.0,33.0,False,,ELIGIBLE_NOT_PICKED
TRGP,294.29,6.3104905e+10,True,Energy,0.0210445548102426,0.20413403,0.07968168540816024,0.0652043269230769,1.0,104.0,331.0,33.0,False,,ELIGIBLE_NOT_PICKED
TRIP,9.085,1.06475603e+09,False,,,,,,,,,,,,INELIGIBLE_TODAY
TRLV,12.43,2.3935867e+09,True,Healthcare,0.041413910759035485,0.3120346,0.14730798053757566,0.32722355769230765,4.0,26.0,331.0,33.0,True,0.0032943320234931094,PICK
TRMB,58.78,1.3706312e+10,True,Technology,0.02094639785568128,0.2559813,-0.020022040300039273,-0.017728365384615363,1.0,174.0,331.0,33.0,False,,ELIGIBLE_NOT_PICKED
TRMK,45.83,2.6613745e+09,True,Financial Services,0.010948704251728631,0.10447088,0.005583049540945505,-0.19921875,0.0,196.0,331.0,33.0,False,,ELIGIBLE_NOT_PICKED
TRN,28.01,2.2315423e+09,True,Industrials,0.023810524148419457,0.19561173,-0.04966372568776859,-0.17848557692307693,2.0,293.0,331.0,33.0,False,,ELIGIBLE_NOT_PICKED
TRNO,66.05,7.197489e+09,True,Real Estate,0.012779469844538628,0.074027956,-0.14993776707226622,-0.4278846153846154,0.0,327.0,331.0,33.0,False,,ELIGIBLE_NOT_PICKED
TROW,109.42,2.3341021e+10,True,Financial Services,0.016813950824502627,0.16145791,-0.013320138432237259,-0.16436298076923078,1.0,269.0,331.0,33.0,False,,ELIGIBLE_NOT_PICKED
TROX,4.8,7.665601e+08,False,,,,,,,,,,,,INELIGIBLE_TODAY
TRU,77.65,1.487774e+10,True,Industrials,0.026611016611674476,0.24322234,-9.219263884022475e-05,-0.008112980769230754,2.0,216.0,331.0,33.0,False,,ELIGIBLE_NOT_PICKED
TRUP,26.12,1.1459526e+09,False,,,,,,,,,,,,INELIGIBLE_TODAY
TRV,365.66,7.6267545e+10,True,Financial Services,0.017719426155656935,0.16513187,0.18409963709417235,0.11388221153846154,1.0,58.0,331.0,33.0,False,,ELIGIBLE_NOT_PICKED
TRVI,16.82,2.3964436e+09,True,Healthcare,0.03953205673267812,0.413872,-0.2561174509660471,0.004206730769230782,4.0,188.0,331.0,33.0,False,,ELIGIBLE_NOT_PICKED
TSCO,35.29,1.8387507e+10,True,Consumer Cyclical,0.018456980529885827,0.17048186,-0.01881289202240828,-0.16165865384615385,1.0,266.0,331.0,33.0,False,,ELIGIBLE_NOT_PICKED
TSLA,368.16,1.4540653e+12,True,Consumer Cyclical,0.0362307128168695,0.26736775,-0.06476197127564064,-0.06400240384615385,3.0,277.0,331.0,33.0,False,,ELIGIBLE_NOT_PICKED
TSLX,18.04,1.7199903e+09,False,,,,,,,,,,,,INELIGIBLE_TODAY
TSN,52.28,1.8392183e+10,True,Consumer Defensive,0.018291844787394044,0.26133218,0.01960574313912928,0.06370192307692307,1.0,106.0,331.0,33.0,False,,ELIGIBLE_NOT_PICKED
TT,446.0,9.813034e+10,True,Basic Materials,0.01819334236932141,0.15325877,0.06949310436882895,-0.023737980769230754,1.0,179.0,331.0,33.0,False,,ELIGIBLE_NOT_PICKED
TTAN,81.58,7.7825347e+09,True,Technology,0.03789323554610022,0.34037253,-0.01991052753049063,0.11959134615384615,4.0,109.0,331.0,33.0,False,,ELIGIBLE_NOT_PICKED
TTC,94.75,8.969355e+09,True,Industrials,0.018062530244368595,0.20960613,0.11454712812596017,0.11959134615384615,1.0,56.0,331.0,33.0,False,,ELIGIBLE_NOT_PICKED
TTD,14.02,6.58772e+09,True,Technology,0.0420395533321857,0.34283626,0.024042604680061426,0.20522836538461536,4.0,61.0,331.0,33.0,False,,ELIGIBLE_NOT_PICKED
TTEC,1.34,6.605656e+07,False,,,,,,,,,,,,INELIGIBLE_TODAY
TTEK,35.64,9.125423e+09,True,Industrials,0.018193993586357957,0.18569131,0.01599148860797113,-0.08233173076923078,1.0,222.0,331.0,33.0,False,,ELIGIBLE_NOT_PICKED
TTGT,4.05,2.9294726e+08,False,,,,,,,,,,,,INELIGIBLE_TODAY
TTI,7.13,1.0557589e+09,False,,,,,,,,,,,,INELIGIBLE_TODAY
TTMI,129.35,1.3626876e+10,True,Technology,0.055459679964813886,0.3617875,-0.07349164469331901,0.06971153846153846,4.0,135.0,331.0,33.0,False,,ELIGIBLE_NOT_PICKED
TTWO,213.29,3.988106e+10,True,Communication Services,0.0229744377476946,0.24990337,0.07348508712022889,0.14242788461538464,2.0,93.0,331.0,33.0,False,,ELIGIBLE_NOT_PICKED
TVTX,66.07,6.22783e+09,True,Healthcare,0.02435353096197833,0.093169644,0.09425921938456377,-0.05288461538461539,2.0,242.0,331.0,33.0,False,,ELIGIBLE_NOT_PICKED
TW,103.0,2.410491e+10,True,Financial Services,0.02376359858388536,0.15644889,0.025833772128360397,-0.09705528846153849,2.0,264.0,331.0,33.0,False,,ELIGIBLE_NOT_PICKED
TWFG,28.22,1.5253416e+09,False,,,,,,,,,,,,INELIGIBLE_TODAY
TWLO,225.89,3.4691105e+10,True,Communication Services,0.04159245291826017,0.4079116,0.10886902870613241,0.4071514423076923,4.0,7.0,331.0,33.0,True,0.0032801905840874218,PICK
TWST,128.06,8.030313e+09,True,Healthcare,0.05656759401452909,0.38075253,-0.034753163806614196,0.14783653846153844,4.0,88.0,331.0,33.0,False,,ELIGIBLE_NOT_PICKED
TXG,65.6,8.5471007e+09,True,Healthcare,0.04921301161012825,0.37466908,0.07946118805988756,0.3464543269230769,4.0,23.0,331.0,33.0,True,0.0027722581481580844,PICK
TXN,258.92,2.364581e+11,True,Technology,0.028459123022813233,0.24772613,0.10411694109995791,0.18299278846153844,3.0,87.0,331.0,33.0,False,,ELIGIBLE_NOT_PICKED
TXNM,58.09,5.9859487e+09,True,Utilities,0.0037479634028799555,0.012187736,0.04868708249155308,-0.17217548076923078,0.0,175.0,331.0,33.0,False,,ELIGIBLE_NOT_PICKED
TXRH,182.84,1.2001787e+10,True,Consumer Cyclical,0.018180438517118456,0.20339824,0.09483102333032041,0.08623798076923075,1.0,82.0,331.0,33.0,False,,ELIGIBLE_NOT_PICKED
TXT,79.54,1.3679839e+10,True,Industrials,0.01802617592815652,0.218785,0.028696866077348077,0.0009014423076922906,1.0,158.0,331.0,33.0,False,,ELIGIBLE_NOT_PICKED
TYL,347.82,1.424402e+10,True,Technology,0.02847180165234622,0.28685826,-0.0379126550882121,0.009615384615384637,3.0,216.0,331.0,33.0,False,,ELIGIBLE_NOT_PICKED
TYRA,26.73,1.5951645e+09,False,,,,,,,,,,,,INELIGIBLE_TODAY
U,42.75,1.8813802e+10,True,Technology,0.03410660689469817,0.34653297,0.031105448521972445,0.22325721153846156,3.0,64.0,331.0,33.0,False,,ELIGIBLE_NOT_PICKED
UAA,5.06,2.1735004e+09,False,,,,,,,,,,,,INELIGIBLE_TODAY
UAL,108.235,3.5131326e+10,True,Industrials,0.02565115865672147,0.27134874,0.04208125373334811,0.12680288461538458,2.0,105.0,331.0,33.0,False,,ELIGIBLE_NOT_PICKED
UAMY,5.44,8.142015e+08,False,,,,,,,,,,,,INELIGIBLE_TODAY
UAN,132.9,1.4047048e+09,False,,,,,,,,,,,,INELIGIBLE_TODAY
UBER,73.13,1.4937242e+11,True,Technology,0.026879840990363984,0.2799612,-0.054945445061554854,-0.02944711538461542,3.0,252.0,331.0,33.0,False,,ELIGIBLE_NOT_PICKED
UBSI,47.27,6.438768e+09,True,Financial Services,0.010855125724243997,0.073635794,0.005277772435356265,-0.23978365384615385,0.0,216.0,331.0,33.0,False,,ELIGIBLE_NOT_PICKED
UCB,35.29,4.2551094e+09,True,Financial Services,0.013428186950959462,0.07496497,-0.04596422638748557,-0.32211538461538464,0.0,274.0,331.0,33.0,False,,ELIGIBLE_NOT_PICKED
UCTT,75.62,3.423849e+09,True,Technology,0.07194490915087047,0.32961473,0.04716360199834252,0.2259615384615385,4.0,55.0,331.0,33.0,False,,ELIGIBLE_NOT_PICKED
UDR,36.11,1.1600851e+10,True,Real Estate,0.01276707920375582,0.10005451,0.14378647580276102,0.007211538461538436,0.0,51.0,331.0,33.0,False,,ELIGIBLE_NOT_PICKED
UE,20.96,2.646084e+09,True,Real Estate,0.01263772536833791,0.09792103,0.022036133050326794,-0.17518028846153844,0.0,178.0,331.0,33.0,False,,ELIGIBLE_NOT_PICKED
UEC,11.89,5.8840325e+09,True,Basic Materials,0.04033452671437033,0.27190724,-0.2596763998077978,-0.17247596153846156,4.0,309.0,331.0,33.0,False,,ELIGIBLE_NOT_PICKED
UFPI,83.22,4.5905393e+09,True,Basic Materials,0.022080622527931203,0.25776002,0.039955045410760635,0.09495192307692307,2.0,127.0,331.0,33.0,False,,ELIGIBLE_NOT_PICKED
UFPT,281.21,2.1781937e+09,True,Healthcare,0.04159358307378734,0.22555542,-0.06563958483244188,-0.14362980769230768,4.0,299.0,331.0,33.0,False,,ELIGIBLE_NOT_PICKED
UGI,38.27,8.2087224e+09,True,Utilities,0.01697858998467024,0.14862362,-0.007310415230734082,-0.171875,1.0,272.0,331.0,33.0,False,,ELIGIBLE_NOT_PICKED
UHAL,63.94,1.242952e+10,True,Industrials,0.015838880665073628,0.17631191,0.01849015426172314,-0.09014423076923075,1.0,228.0,331.0,33.0,False,,ELIGIBLE_NOT_PICKED
UHS,171.89,1.0130598e+10,True,Healthcare,0.019699787475833064,0.20437582,-0.003919593927572993,-0.09044471153846154,1.0,230.0,331.0,33.0,False,,ELIGIBLE_NOT_PICKED
UI,580.53,3.513854e+10,True,Technology,0.020329557112472512,0.18234624,-0.14720874374089643,-0.2941706730769231,1.0,315.0,331.0,33.0,False,,ELIGIBLE_NOT_PICKED
ULCC,5.73,1.3191364e+09,False,,,,,,,,,,,,INELIGIBLE_TODAY
ULS,73.19,1.4776927e+10,True,Industrials,0.026298935917885437,0.15702063,0.03936112178989726,-0.07512019230769235,2.0,251.0,331.0,33.0,False,,ELIGIBLE_NOT_PICKED
ULTA,549.23,2.3483685e+10,True,Consumer Cyclical,0.02265429839598112,0.20867462,0.054557137198889,0.03275240384615383,2.0,182.0,331.0,33.0,False,,ELIGIBLE_NOT_PICKED
UMBF,142.55,1.0826677e+10,True,Financial Services,0.014422917165628088,0.114665166,0.007007590183842338,-0.18239182692307693,0.0,181.0,331.0,33.0,False,,ELIGIBLE_NOT_PICKED
UNF,275.66,4.985083e+09,True,Industrials,0.011855752494812528,0.1390848,0.2093565551095453,0.08804086538461536,0.0,14.0,331.0,33.0,True,0.01150759283236317,PICK
UNFI,44.93,2.719125e+09,True,Consumer Defensive,0.021703741945106676,0.35479942,0.19662447086389312,0.42728365384615385,2.0,2.0,331.0,33.0,True,0.006286066834771605,PICK
UNH,400.84,3.5979192e+11,True,Healthcare,0.014685256018823664,0.20445111,0.16219193058011958,0.15384615384615385,0.0,3.0,331.0,33.0,True,0.00929035028444162,PICK
UNIT,10.25,2.4879327e+09,True,Real Estate,0.025788249606618976,0.37916577,-0.1842445748814002,-0.001201923076923045,2.0,209.0,331.0,33.0,False,,ELIGIBLE_NOT_PICKED
UNM,94.07,1.489192e+10,True,Financial Services,0.01745949018542937,0.16174068,0.1253740484765011,0.06340144230769232,1.0,107.0,331.0,33.0,False,,ELIGIBLE_NOT_PICKED
UNP,288.45,1.7136108e+11,True,Industrials,0.01455227937346607,0.077680275,0.09179282595872831,-0.07391826923076922,0.0,107.0,331.0,33.0,False,,ELIGIBLE_NOT_PICKED
UP,4.42,1.6033922e+08,False,,,,,,,,,,,,INELIGIBLE_TODAY
UPBD,18.45,1.0756241e+09,False,,,,,,,,,,,,INELIGIBLE_TODAY
UPS,100.48,8.5486535e+10,True,Industrials,0.018344049693807467,0.19773361,0.06176391901793811,0.023437499999999972,1.0,148.0,331.0,33.0,False,,ELIGIBLE_NOT_PICKED
UPST,26.98,2.625506e+09,True,Financial Services,0.033226368872179016,0.37391892,-0.23822870008076055,-0.021033653846153882,3.0,246.0,331.0,33.0,False,,ELIGIBLE_NOT_PICKED
UPWK,8.32,1.03919597e+09,False,,,,,,,,,,,,INELIGIBLE_TODAY
URBN,79.43,6.801995e+09,True,Consumer Cyclical,0.02734178621524567,0.32188547,0.09794687705302457,0.29146634615384615,3.0,36.0,331.0,33.0,False,,ELIGIBLE_NOT_PICKED
URGN,43.815,2.1417019e+09,True,Healthcare,0.033810752454633324,0.39498428,-0.09283083085172798,0.08173076923076922,3.0,161.0,331.0,33.0,False,,ELIGIBLE_NOT_PICKED
URI,1015.17,6.3186706e+10,True,Industrials,0.024182965067476886,0.2355288,0.1519655105833344,0.20733173076923078,2.0,48.0,331.0,33.0,False,,ELIGIBLE_NOT_PICKED
USAC,27.48,3.983043e+09,True,Energy,0.020806344979333532,0.15551795,-0.07380857107775009,-0.2629206730769231,1.0,308.0,331.0,33.0,False,,ELIGIBLE_NOT_PICKED
USAR,17.66,4.321757e+09,True,Basic Materials,0.05196228492182785,0.36011398,-0.10729668225234482,0.029747596153846173,4.0,161.0,331.0,33.0,False,,ELIGIBLE_NOT_PICKED
USB,62.49,9.736263e+10,True,Financial Services,0.013101660545742477,0.094980724,0.005791725266953571,-0.2127403846153846,0.0,204.0,331.0,33.0,False,,ELIGIBLE_NOT_PICKED
USFD,103.09,2.2301534e+10,True,Consumer Defensive,0.017459758672950212,0.18162553,0.16603152544595176,0.12349759615384615,1.0,53.0,331.0,33.0,False,,ELIGIBLE_NOT_PICKED
USLM,117.19,3.3619894e+09,True,Basic Materials,0.020389049406946917,0.14102817,-0.0606799460126363,-0.26171875,1.0,303.0,331.0,33.0,False,,ELIGIBLE_NOT_PICKED
USNA,15.2,2.8084333e+08,False,,,,,,,,,,,,INELIGIBLE_TODAY
UTHR,497.97,2.1358279e+10,True,Healthcare,0.014403570939236264,0.13536097,0.21595219009809127,0.08834134615384615,0.0,13.0,331.0,33.0,True,0.009472038080496348,PICK
UTI,21.59,1.189506e+09,False,,,,,,,,,,,,INELIGIBLE_TODAY
UTZ,14.21,2.045703e+09,True,Consumer Defensive,0.11588250583174409,0.037452206,0.015855911398688124,-0.23677884615384615,4.0,323.0,331.0,33.0,False,,ELIGIBLE_NOT_PICKED
UUUU,14.62,3.6544883e+09,True,Basic Materials,0.041848924087174603,0.31430042,-0.29465301919316605,-0.12019230769230771,4.0,286.0,331.0,33.0,False,,ELIGIBLE_NOT_PICKED
UVV,45.69,1.1376471e+09,False,,,,,,,,,,,,INELIGIBLE_TODAY
UWMC,1.39,2.2298552e+09,False,,,,,,,,,,,,INELIGIBLE_TODAY
V,368.64,6.578118e+11,True,Financial Services,0.01310920720728017,0.06010844,0.1600012040699886,-0.022235576923076927,0.0,71.0,331.0,33.0,False,,ELIGIBLE_NOT_PICKED
VAC,102.41,3.5224248e+09,True,Consumer Cyclical,0.04136311542655569,0.33793578,0.02286522844339279,0.19411057692307693,4.0,63.0,331.0,33.0,False,,ELIGIBLE_NOT_PICKED
VAL,85.51,5.9374556e+09,True,Energy,0.02673731776095958,0.31608793,-0.06638729184247853,0.0027043269230768996,2.0,204.0,331.0,33.0,False,,ELIGIBLE_NOT_PICKED
VC,100.66,2.6871619e+09,True,Consumer Cyclical,0.026016725803167155,0.2887307,-0.042443319128730464,0.0033052884615384914,2.0,203.0,331.0,33.0,False,,ELIGIBLE_NOT_PICKED
VCEL,39.08,2.0011544e+09,True,Healthcare,0.021910634220271955,0.17854851,-0.04320341804533581,-0.18840144230769232,2.0,298.0,331.0,33.0,False,,ELIGIBLE_NOT_PICKED
VCTR,113.32,6.9702646e+09,True,Financial Services,0.022074223250041262,0.16552334,0.10689919091453744,0.04957932692307693,2.0,159.0,331.0,33.0,False,,ELIGIBLE_NOT_PICKED
VCYT,42.45,3.4125865e+09,True,Healthcare,0.04182607731395225,0.32556367,-0.09795717498002565,-0.013521634615384637,4.0,212.0,331.0,33.0,False,,ELIGIBLE_NOT_PICKED
VECO,45.59,2.7869002e+09,True,Technology,0.053417623899739516,0.35475194,-0.15719400427041447,-0.013221153846153855,4.0,211.0,331.0,33.0,False,,ELIGIBLE_NOT_PICKED
VEEV,264.84,4.287994e+10,True,Healthcare,0.032890795681448697,0.35829985,-0.05474993725917832,0.08954326923076925,3.0,154.0,331.0,33.0,False,,ELIGIBLE_NOT_PICKED
VELO,11.96,3.8450346e+08,False,,,,,,,,,,,,INELIGIBLE_TODAY
VERA,35.28,2.5423944e+09,True,Healthcare,0.03610685427849014,0.4058885,-0.10341982702628676,0.07512019230769232,3.0,165.0,331.0,33.0,False,,ELIGIBLE_NOT_PICKED
VERX,12.92,2.0958563e+09,True,Technology,0.039833122563432216,0.35064363,-0.005483673334513816,0.15685096153846154,4.0,78.0,331.0,33.0,False,,ELIGIBLE_NOT_PICKED
VFC,13.2,5.1893765e+09,True,Consumer Cyclical,0.03233456794623219,0.23592861,0.023269440290450995,0.025841346153846145,3.0,200.0,331.0,33.0,False,,ELIGIBLE_NOT_PICKED
VG,14.73,3.6826366e+10,True,Energy,0.04280263053444971,0.34585246,-0.1502963563390446,-0.021033653846153855,4.0,220.0,331.0,33.0,False,,ELIGIBLE_NOT_PICKED
VHC,11.8,4.9756268e+07,False,,,,,,,,,,,,INELIGIBLE_TODAY
VHI,18.66,5.2847347e+08,False,,,,,,,,,,,,INELIGIBLE_TODAY
VIA,26.39,2.1509332e+09,True,Technology,0.036466086008605604,0.45985577,-0.18200571625048273,0.03125,3.0,195.0,331.0,33.0,False,,ELIGIBLE_NOT_PICKED
VIAV,38.75,9.561556e+09,True,Technology,0.053987074554184146,0.35053933,-0.0028034043994722303,0.16376201923076922,4.0,76.0,331.0,33.0,False,,ELIGIBLE_NOT_PICKED
VICI,25.27,2.782423e+10,True,Real Estate,0.014154497389069222,0.07303327,-0.06872709785964738,-0.3566706730769231,0.0,293.0,331.0,33.0,False,,ELIGIBLE_NOT_PICKED
VICR,193.32,8.913354e+09,True,Technology,0.06068224377006165,0.34356788,-0.04248761982398216,0.09164663461538464,4.0,121.0,331.0,33.0,False,,ELIGIBLE_NOT_PICKED
VIR,11.18,1.8918344e+09,False,,,,,,,,,,,,INELIGIBLE_TODAY
VIRT,63.02,9.780719e+09,True,Financial Services,0.029237582257771254,0.20913647,-0.08095190487300993,-0.19441105769230768,3.0,323.0,331.0,33.0,False,,ELIGIBLE_NOT_PICKED
VISN,6.47,1.4921528e+09,False,,,,,,,,,,,,INELIGIBLE_TODAY
VITL,10.08,4.3274973e+08,False,,,,,,,,,,,,INELIGIBLE_TODAY
VKTX,33.68,3.928871e+09,True,Healthcare,0.0340401612386048,0.35212415,-0.02328990488505118,0.13221153846153844,3.0,120.0,331.0,33.0,False,,ELIGIBLE_NOT_PICKED
VLO,382.85,1.1023303e+11,True,Energy,0.022391524053271952,0.24457519,0.1907713290617987,0.2454927884615385,2.0,30.0,331.0,33.0,True,0.006092982867400689,PICK
VLTO,95.53,2.3289577e+10,True,Industrials,0.01565136835257845,0.121111155,0.026295388337544974,-0.13401442307692307,1.0,258.0,331.0,33.0,False,,ELIGIBLE_NOT_PICKED
VLY,13.92,7.692265e+09,True,Financial Services,0.013410771652470349,0.12022668,-0.0528176319519548,-0.27283653846153844,0.0,240.0,331.0,33.0,False,,ELIGIBLE_NOT_PICKED
VMC,258.3,3.3470188e+10,True,Basic Materials,0.01984160619011084,0.18596524,0.011136194159607735,-0.09224759615384615,1.0,231.0,331.0,33.0,False,,ELIGIBLE_NOT_PICKED
VMI,483.57,9.33525e+09,True,Industrials,0.019965289250365736,0.21521439,0.15426197543249354,0.16826923076923078,1.0,29.0,331.0,33.0,True,0.006833418275123523,PICK
VMRK,66.19,2.481757e+10,True,Real Estate,0.013615892105467388,0.07618337,0.10940082905433121,-0.05739182692307693,0.0,102.0,331.0,33.0,False,,ELIGIBLE_NOT_PICKED
VNO,35.26,6.583766e+09,True,Real Estate,0.018517597251692997,0.18483081,-0.03311657006733897,-0.1640625,1.0,268.0,331.0,33.0,False,,ELIGIBLE_NOT_PICKED
VNOM,44.89,1.6124258e+10,True,Energy,0.017529386800499504,0.12048191,-0.06958920140618692,-0.296875,1.0,316.0,331.0,33.0,False,,ELIGIBLE_NOT_PICKED
VNT,32.57,4.403464e+09,True,Technology,0.017692829766435332,0.21573432,0.07183204078953911,0.07271634615384615,1.0,91.0,331.0,33.0,False,,ELIGIBLE_NOT_PICKED
VOYA,102.87,9.319646e+09,True,Financial Services,0.01204598838089253,0.09153401,0.09790562301743072,-0.05168269230769229,0.0,96.0,331.0,33.0,False,,ELIGIBLE_NOT_PICKED
VOYG,35.41,2.161039e+09,True,Industrials,0.060036433392816044,0.33557406,-0.18400231051247046,-0.05739182692307693,4.0,245.0,331.0,33.0,False,,ELIGIBLE_NOT_PICKED
VRA,3.37,9.583691e+07,False,,,,,,,,,,,,INELIGIBLE_TODAY
VRDN,23.17,2.6249818e+09,True,Healthcare,0.02947091996217791,0.43934622,-0.21372493444993929,0.01862980769230771,3.0,210.0,331.0,33.0,False,,ELIGIBLE_NOT_PICKED
VRM,10.8,5.6531044e+07,False,,,,,,,,,,,,INELIGIBLE_TODAY
VRNS,45.46,5.221558e+09,True,Technology,0.035618236139215956,0.33978158,-0.03894618305389909,0.09194711538461536,3.0,153.0,331.0,33.0,False,,ELIGIBLE_NOT_PICKED
VRRM,3.91,5.9425274e+08,False,,,,,,,,,,,,INELIGIBLE_TODAY
VRSK,175.49,2.2841078e+10,True,Industrials,0.024462065073291735,0.20699735,0.15773492579462278,0.15504807692307696,2.0,85.0,331.0,33.0,False,,ELIGIBLE_NOT_PICKED
VRSN,282.2,2.5398e+10,True,Technology,0.020782234485719028,0.1696648,0.2093704051347964,0.12890625,1.0,47.0,331.0,33.0,False,,ELIGIBLE_NOT_PICKED
VRT,290.83,1.1196611e+11,True,Industrials,0.04664773078982977,0.26578662,0.016354964879659355,0.06850961538461536,4.0,136.0,331.0,33.0,False,,ELIGIBLE_NOT_PICKED
VRTS,157.65,1.0440671e+09,False,,,,,,,,,,,,INELIGIBLE_TODAY
VRTX,528.9,1.34055485e+11,True,Healthcare,0.01927188930722777,0.17425103,0.07377842232174554,0.01081730769230771,1.0,152.0,331.0,33.0,False,,ELIGIBLE_NOT_PICKED
VSAT,77.75,1.0710515e+10,True,Technology,0.055364301852792036,0.36929268,-0.03672795864380036,0.13251201923076922,4.0,102.0,331.0,33.0,False,,ELIGIBLE_NOT_PICKED
VSEC,206.72,5.801591e+09,True,Industrials,0.03430004490164055,0.31919515,-0.16283068894088953,-0.07752403846153844,3.0,283.0,331.0,33.0,False,,ELIGIBLE_NOT_PICKED
VSH,31.47,4.8268426e+09,True,Technology,0.05488500850974322,0.34820247,-0.1300133736404658,-0.0033052884615384914,4.0,201.0,331.0,33.0,False,,ELIGIBLE_NOT_PICKED
VSNT,38.25,5.3232553e+09,True,Communication Services,0.023539326809592385,0.2820818,0.08172947384559708,0.21634615384615385,2.0,44.0,331.0,33.0,False,,ELIGIBLE_NOT_PICKED
VST,151.72,5.0922574e+10,True,Utilities,0.02657357127565016,0.20115677,-0.053610196512020154,-0.1739783653846154,2.0,289.0,331.0,33.0,False,,ELIGIBLE_NOT_PICKED
VSTS,13.65,1.8039854e+09,False,,,,,,,,,,,,INELIGIBLE_TODAY
VSXY,78.47,6.2590843e+09,True,Consumer Cyclical,0.03446643007978477,0.32619897,-0.013914057274380621,0.10096153846153844,3.0,143.0,331.0,33.0,False,,ELIGIBLE_NOT_PICKED
VTR,89.87,4.609849e+10,True,Real Estate,0.01714841155961117,0.10683647,-0.03559378602848267,-0.2581129807692307,1.0,302.0,331.0,33.0,False,,ELIGIBLE_NOT_PICKED
VTRS,16.61,1.9078095e+10,True,Healthcare,0.018570251324014315,0.26910794,0.19285457016743704,0.2944711538461538,1.0,4.0,331.0,33.0,True,0.00734675961305645,PICK
VVV,30.59,3.9028685e+09,True,Energy,0.01866061720735565,0.18969798,-0.15499575135606816,-0.2911658653846154,1.0,314.0,331.0,33.0,False,,ELIGIBLE_NOT_PICKED
VVX,74.5,2.3352292e+09,True,Industrials,0.030827857905978518,0.29521808,0.05356294255552688,0.18479567307692307,3.0,86.0,331.0,33.0,False,,ELIGIBLE_NOT_PICKED
VYX,8.48,1.1708328e+09,False,,,,,,,,,,,,INELIGIBLE_TODAY
VZ,50.41,2.0944221e+11,True,Communication Services,0.017040635824802978,0.12704393,0.13669645927412408,0.03515625,1.0,134.0,331.0,33.0,False,,ELIGIBLE_NOT_PICKED
W,99.97,1.3692698e+10,True,Consumer Cyclical,0.053853005647284,0.32431373,0.15108418993441414,0.34915865384615385,4.0,22.0,331.0,33.0,True,0.0025333994043925225,PICK
WAB,284.45,4.804669e+10,True,Industrials,0.019879061707014114,0.17697844,0.12015884890297818,0.07602163461538464,1.0,88.0,331.0,33.0,False,,ELIGIBLE_NOT_PICKED
WAFD,34.28,2.5365568e+09,True,Financial Services,0.01395031735099007,0.14803426,-0.06091214199007405,-0.2536057692307693,0.0,229.0,331.0,33.0,False,,ELIGIBLE_NOT_PICKED
WAL,79.94,8.721523e+09,True,Financial Services,0.0165798052170268,0.15754022,-0.1375450299692361,-0.3215144230769231,1.0,320.0,331.0,33.0,False,,ELIGIBLE_NOT_PICKED
WAT,402.91,3.9585145e+10,True,Healthcare,0.017059743570459765,0.11976606,-0.08435203674606424,-0.3121995192307692,1.0,318.0,331.0,33.0,False,,ELIGIBLE_NOT_PICKED
WAY,24.24,4.6479816e+09,True,Healthcare,0.03683215426304738,0.33719328,-0.2074069175084247,-0.060997596153846145,4.0,251.0,331.0,33.0,False,,ELIGIBLE_NOT_PICKED
WBD,28.12,7.0600974e+10,True,Communication Services,0.012252271974310168,0.10743613,0.14818327386030955,0.02403846153846151,0.0,35.0,331.0,33.0,False,,ELIGIBLE_NOT_PICKED
WBI,32.75,4.0431908e+09,True,Energy,0.03282802670342606,0.26380518,-0.3359291213367804,-0.19681490384615385,3.0,324.0,331.0,33.0,False,,ELIGIBLE_NOT_PICKED
WBTN,10.23,1.3883242e+09,False,,,,,,,,,,,,INELIGIBLE_TODAY
WCC,360.17,1.7552112e+10,True,Industrials,0.030632747018098115,0.3288231,0.06957528008776806,0.26111778846153844,3.0,48.0,331.0,33.0,False,,ELIGIBLE_NOT_PICKED
WCN,163.16,4.11244e+10,True,Industrials,0.013877365220941218,0.096700355,0.1624587655485507,0.018930288461538436,0.0,39.0,331.0,33.0,False,,ELIGIBLE_NOT_PICKED
WD,41.92,1.4389352e+09,False,,,,,,,,,,,,INELIGIBLE_TODAY
WDAY,186.28,4.489348e+10,True,Technology,0.04387443202094417,0.37489352,0.03606289161952383,0.2650240384615385,4.0,43.0,331.0,33.0,False,,ELIGIBLE_NOT_PICKED
WDC,477.3,1.720862e+11,True,Technology,0.06300362480815842,0.37508705,-0.0033662952778310117,0.19350961538461542,4.0,64.0,331.0,33.0,False,,ELIGIBLE_NOT_PICKED
WDFC,201.73,2.7074378e+09,True,Basic Materials,0.02459407087473729,0.22980982,-0.006776249566192247,-0.04507211538461539,2.0,237.0,331.0,33.0,False,,ELIGIBLE_NOT_PICKED
WEC,107.06,3.4885435e+10,True,Utilities,0.011050104987065303,0.09321637,-0.04619809202234192,-0.2997295673076923,0.0,259.0,331.0,33.0,False,,ELIGIBLE_NOT_PICKED
WELL,237.25,1.7099674e+11,True,Real Estate,0.014654351076728047,0.088217065,-0.007705429791384678,-0.24579326923076922,0.0,222.0,331.0,33.0,False,,ELIGIBLE_NOT_PICKED
WEN,7.61,1.4509981e+09,False,,,,,,,,,,,,INELIGIBLE_TODAY
WERN,39.82,2.3882903e+09,True,Industrials,0.02414818982645668,0.2954273,0.0283178483158779,0.13551682692307693,2.0,97.0,331.0,33.0,False,,ELIGIBLE_NOT_PICKED
WES,49.43,2.042322e+10,True,Energy,0.012459938042181783,0.05140817,0.009133615638220028,-0.24639423076923078,0.0,223.0,331.0,33.0,False,,ELIGIBLE_NOT_PICKED
WEX,187.34,6.384849e+09,True,Technology,0.024476708396601383,0.21282588,-0.0407066404966372,-0.1310096153846154,2.0,280.0,331.0,33.0,False,,ELIGIBLE_NOT_PICKED
WFC,87.96,2.6599098e+11,True,Financial Services,0.014836974664448383,0.13067326,0.030920230380234552,-0.11748798076923078,0.0,135.0,331.0,33.0,False,,ELIGIBLE_NOT_PICKED
WFRD,93.7,6.716926e+09,True,Energy,0.026334821612289436,0.32335407,0.11198801597548819,0.30949519230769235,2.0,12.0,331.0,33.0,True,0.005180637804962738,PICK
WGO,29.73,8.404342e+08,False,,,,,,,,,,,,INELIGIBLE_TODAY
WGS,85.87,2.5608617e+09,True,Healthcare,0.04155689868897437,0.36027318,-0.06784013165119177,0.07241586538461536,4.0,131.0,331.0,33.0,False,,ELIGIBLE_NOT_PICKED
WH,69.87,5.185131e+09,True,Consumer Cyclical,0.019766652747527425,0.16446503,0.03983755794188911,-0.061899038461538464,1.0,212.0,331.0,33.0,False,,ELIGIBLE_NOT_PICKED
WHD,69.52,5.574073e+09,True,Energy,0.03454558575562154,0.2556405,0.0006326230274393089,0.018028846153846118,3.0,211.0,331.0,33.0,False,,ELIGIBLE_NOT_PICKED
WHR,37.61,2.4521485e+09,True,Consumer Cyclical,0.035080104976587416,0.32986704,-0.20562863329716619,-0.07391826923076925,3.0,281.0,331.0,33.0,False,,ELIGIBLE_NOT_PICKED
WING,109.45,2.9816968e+09,True,Consumer Cyclical,0.03788655377842408,0.27680242,-0.04348984173333062,-0.01652644230769229,4.0,215.0,331.0,33.0,False,,ELIGIBLE_NOT_PICKED
WK,73.71,4.0110392e+09,True,Technology,0.031469560267348796,0.3521803,0.027383290582639417,0.22415865384615385,3.0,63.0,331.0,33.0,False,,ELIGIBLE_NOT_PICKED
WKC,35.38,1.8097443e+09,False,,,,,,,,,,,,INELIGIBLE_TODAY
WKHS,3.1,3.3878612e+07,False,,,,,,,,,,,,INELIGIBLE_TODAY
WLK,74.75,9.552792e+09,True,Basic Materials,0.026006083766139942,0.28935486,-0.017899594599063658,0.04116586538461539,2.0,172.0,331.0,33.0,False,,ELIGIBLE_NOT_PICKED
WLTH,9.63,1.4383485e+09,False,,,,,,,,,,,,INELIGIBLE_TODAY
WLY,48.68,2.4672937e+09,True,Consumer Cyclical,0.025669473417908265,0.29197425,-0.07099635979883222,-0.03695913461538458,2.0,235.0,331.0,33.0,False,,ELIGIBLE_NOT_PICKED
WM,217.78,8.704997e+10,True,Industrials,0.013764904485651644,0.12899579,0.1615130826038864,0.05769230769230771,0.0,25.0,331.0,33.0,True,0.009911523365366647,PICK
WMB,75.83,9.275279e+10,True,Energy,0.01728399701227423,0.11190515,0.0785548454134987,-0.049278846153846145,1.0,200.0,331.0,33.0,False,,ELIGIBLE_NOT_PICKED
WMG,28.03,1.4662767e+10,True,Communication Services,0.02355674571418842,0.19579366,-0.11353306697962912,-0.25150240384615385,2.0,320.0,331.0,33.0,False,,ELIGIBLE_NOT_PICKED
WMK,70.87,1.7536495e+09,False,,,,,,,,,,,,INELIGIBLE_TODAY
WMS,133.67,1.0079432e+10,True,Basic Materials,0.025482495298742185,0.25370762,0.013280841925255034,0.032752403846153855,2.0,181.0,331.0,33.0,False,,ELIGIBLE_NOT_PICKED
WMT,106.05,8.413738e+11,True,Consumer Defensive,0.018177245883855057,0.20856932,0.047089337896457965,0.01652644230769232,1.0,151.0,331.0,33.0,False,,ELIGIBLE_NOT_PICKED
WOLF,28.88,1.530507e+09,False,,,,,,,,,,,,INELIGIBLE_TODAY
WOOF,2.6,8.4294637e+08,False,,,,,,,,,,,,INELIGIBLE_TODAY
WOR,62.41,3.0539968e+09,True,Industrials,0.019242176992898475,0.2085888,0.07500596024274218,0.06430288461538464,1.0,105.0,331.0,33.0,False,,ELIGIBLE_NOT_PICKED
WPC,70.56,1.6074759e+10,True,Real Estate,0.012633675822194674,0.07570836,0.005689875482276428,-0.23707932692307693,0.0,213.0,331.0,33.0,False,,ELIGIBLE_NOT_PICKED
WRB,69.77,2.5900544e+10,True,Financial Services,0.013318732824459617,0.11014101,0.00653035683818413,-0.18780048076923078,0.0,183.0,331.0,33.0,False,,ELIGIBLE_NOT_PICKED
WRBY,24.76,3.0605353e+09,True,Healthcare,0.03649980597655865,0.34719914,-0.048848092302847416,0.08293269230769229,3.0,160.0,331.0,33.0,False,,ELIGIBLE_NOT_PICKED
WS,35.59,1.8132445e+09,False,,,,,,,,,,,,INELIGIBLE_TODAY
WSBC,40.52,3.8861066e+09,True,Financial Services,0.014140148558714736,0.097885445,-0.04325721808540585,-0.28695913461538464,0.0,252.0,331.0,33.0,False,,ELIGIBLE_NOT_PICKED
WSC,19.87,3.6002644e+09,True,Industrials,0.027298871566942953,0.28937888,0.022845293529656235,0.11598557692307687,3.0,131.0,331.0,33.0,False,,ELIGIBLE_NOT_PICKED
WSFS,79.26,4.0494413e+09,True,Financial Services,0.011150978133560077,0.09097888,0.0466053231239586,-0.13521634615384615,0.0,154.0,331.0,33.0,False,,ELIGIBLE_NOT_PICKED
WSM,227.83,2.683363e+10,True,Consumer Cyclical,0.01851717703802105,0.16414128,0.07564337350616303,0.005709134615384581,1.0,157.0,331.0,33.0,False,,ELIGIBLE_NOT_PICKED
WSO,316.02,1.3036518e+10,True,Industrials,0.025904542926153153,0.2355219,-0.18239041686794077,-0.22235576923076925,2.0,312.0,331.0,33.0,False,,ELIGIBLE_NOT_PICKED
WST,337.75,2.3769414e+10,True,Healthcare,0.015184603640524274,0.12589641,0.21720163282502922,0.08022836538461539,0.0,15.0,331.0,33.0,True,0.00898483593391088,PICK
WT,24.42,3.6999258e+09,True,Financial Services,0.02709488467990799,0.22724846,-0.03323548605098248,-0.08864182692307693,3.0,289.0,331.0,33.0,False,,ELIGIBLE_NOT_PICKED
WTFC,152.38,1.0280464e+10,True,Financial Services,0.01237373640702474,0.1184379,-0.06386820068290851,-0.2911658653846154,0.0,255.0,331.0,33.0,False,,ELIGIBLE_NOT_PICKED
WTI,3.96,5.977341e+08,False,,,,,,,,,,,,INELIGIBLE_TODAY
WTM,2052.48,4.898697e+09,True,Financial Services,0.01263391805477321,0.1369961,-0.008613251643854082,-0.18930288461538464,0.0,184.0,331.0,33.0,False,,ELIGIBLE_NOT_PICKED
WTRG,41.94,1.1901674e+10,True,Utilities,0.013526835204533141,0.059107777,0.014497830296244376,-0.23347355769230768,0.0,212.0,331.0,33.0,False,,ELIGIBLE_NOT_PICKED
WTS,360.98,1.2050613e+10,True,Industrials,0.02324934378009754,0.1758728,0.03075591099738833,-0.06700721153846151,2.0,249.0,331.0,33.0,False,,ELIGIBLE_NOT_PICKED
WTTR,20.8,2.8804014e+09,True,Basic Materials,0.03764683029971771,0.3596269,0.02863045307830374,0.23467548076923078,4.0,48.0,331.0,33.0,False,,ELIGIBLE_NOT_PICKED
WTW,325.34,3.0214955e+10,True,Financial Services,0.019220557025091185,0.19510755,0.06876927152975804,0.028846153846153855,1.0,140.0,331.0,33.0,False,,ELIGIBLE_NOT_PICKED
WU,7.0,2.183153e+09,False,,,,,,,,,,,,INELIGIBLE_TODAY
WULF,17.86,8.91158e+09,True,Financial Services,0.05770637394947441,0.3941264,-0.2054952767959652,0.006310096153846145,4.0,184.0,331.0,33.0,False,,ELIGIBLE_NOT_PICKED
WVE,4.91,9.6750656e+08,False,,,,,,,,,,,,INELIGIBLE_TODAY
WWD,339.27,2.0032475e+10,True,Industrials,0.02276323380958603,0.2678385,-0.01856444819472129,0.009014423076923073,2.0,201.0,331.0,33.0,False,,ELIGIBLE_NOT_PICKED
WWW,20.05,1.6454301e+09,False,,,,,,,,,,,,INELIGIBLE_TODAY
WY,22.69,1.63535e+10,True,Real Estate,0.01901807181585576,0.20604885,-0.03844183400286201,-0.14032451923076922,1.0,260.0,331.0,33.0,False,,ELIGIBLE_NOT_PICKED
WYNN,92.22,9.496252e+09,True,Consumer Cyclical,0.016122228867497156,0.19000885,-0.017084223866862164,-0.13341346153846154,1.0,257.0,331.0,33.0,False,,ELIGIBLE_NOT_PICKED
XE,19.15,5.5048346e+09,True,Industrials,0.0599343150389652,0.372872,-0.008710279153272948,0.17638221153846154,4.0,72.0,331.0,33.0,False,,ELIGIBLE_NOT_PICKED
XEL,76.88,4.8021885e+10,True,Utilities,0.011591346419983476,0.1076715,-0.0784568341917568,-0.31881009615384615,0.0,270.0,331.0,33.0,False,,ELIGIBLE_NOT_PICKED
XENE,59.55,5.7668475e+09,True,Healthcare,0.024252901927616657,0.42139122,-0.14775422182413506,0.04507211538461542,2.0,165.0,331.0,33.0,False,,ELIGIBLE_NOT_PICKED
XHR,17.7,1.6327512e+09,False,,,,,,,,,,,,INELIGIBLE_TODAY
XIFR,12.25,1.1548417e+09,False,,,,,,,,,,,,INELIGIBLE_TODAY
XMTR,92.45,5.2995645e+09,True,Industrials,0.034419771340271126,0.3513499,-0.045703314370486324,0.09405048076923075,3.0,148.0,331.0,33.0,False,,ELIGIBLE_NOT_PICKED
XNCR,25.33,1.8833715e+09,False,,,,,,,,,,,,INELIGIBLE_TODAY
XNDU,9.59,2.9175084e+09,False,,,,,,,,,,,,INELIGIBLE_TODAY
XOM,160.66,6.606198e+11,True,Energy,0.016170972742916036,0.2373399,0.1862211597627772,0.23227163461538464,1.0,13.0,331.0,33.0,True,0.00843679440937419,PICK
XPEL,49.92,1.3763318e+09,False,,,,,,,,,,,,INELIGIBLE_TODAY
XPO,190.06,2.2253453e+10,True,Industrials,0.02218243430657133,0.23699065,0.12285733885243248,0.18329326923076922,2.0,66.0,331.0,33.0,False,,ELIGIBLE_NOT_PICKED
XPRO,18.1,2.0524547e+09,True,Energy,0.02938434810466504,0.32276094,0.14748895244756846,0.34314903846153844,3.0,14.0,331.0,33.0,True,0.004642987890887282,PICK
XRAY,10.99,2.1908992e+09,True,Healthcare,0.03068104889175628,0.28124198,0.02791073654842093,0.11598557692307693,3.0,130.0,331.0,33.0,False,,ELIGIBLE_NOT_PICKED
XRX,3.2,4.2020643e+08,False,,,,,,,,,,,,INELIGIBLE_TODAY
XXI,5.86,3.2955013e+09,False,,,,,,,,,,,,INELIGIBLE_TODAY
XYL,108.81,2.54057e+10,True,Industrials,0.017601262898390185,0.22287148,0.01393948592557636,-0.02448918269230771,1.0,181.0,331.0,33.0,False,,ELIGIBLE_NOT_PICKED
XYZ,80.1,4.812368e+10,True,Technology,0.026082339345905467,0.3729272,0.05956735905145435,0.3088942307692308,2.0,13.0,331.0,33.0,True,0.005230787416044953,PICK
XZO,16.13,1.4530858e+09,False,,,,,,,,,,,,INELIGIBLE_TODAY
YELP,20.96,1.1373655e+09,False,,,,,,,,,,,,INELIGIBLE_TODAY
YETI,40.74,2.9735636e+09,True,Consumer Cyclical,0.024247836421229012,0.2855291,0.16056443939165627,0.30318509615384615,2.0,16.0,331.0,33.0,True,0.00562652972667412,PICK
YEXT,6.38,6.3148416e+08,False,,,,,,,,,,,,INELIGIBLE_TODAY
YOU,43.6,5.8985605e+09,True,Technology,0.027787667365479236,0.24462117,-0.04879801798540405,-0.08623798076923078,3.0,288.0,331.0,33.0,False,,ELIGIBLE_NOT_PICKED
YSS,8.93,1.2266034e+09,False,,,,,,,,,,,,INELIGIBLE_TODAY
YUM,149.51,4.080144e+10,True,Consumer Cyclical,0.01790825866510301,0.14017318,0.039042045009342025,-0.09705528846153846,1.0,234.0,331.0,33.0,False,,ELIGIBLE_NOT_PICKED
YUMC,43.34,1.4842136e+10,True,Consumer Cyclical,0.016402754285366323,0.20479503,0.04712912713419945,0.009615384615384637,1.0,155.0,331.0,33.0,False,,ELIGIBLE_NOT_PICKED
ZBH,94.22,1.7971304e+10,True,Healthcare,0.020589855538870373,0.22588079,0.10213490782434322,0.13822115384615383,1.0,45.0,331.0,33.0,False,,ELIGIBLE_NOT_PICKED
ZBIO,33.05,2.1540908e+09,True,Healthcare,0.04190061302106065,0.38417798,-0.2276557457877582,-0.006911057692307709,4.0,204.0,331.0,33.0,False,,ELIGIBLE_NOT_PICKED
ZBRA,352.54,1.66789e+10,True,Technology,0.040382362759781056,0.28238085,0.1601679164053019,0.2995793269230769,4.0,33.0,331.0,33.0,True,0.0033784841477243997,PICK
ZD,55.73,1.9108261e+09,False,,,,,,,,,,,,INELIGIBLE_TODAY
ZETA,30.79,7.728709e+09,True,Technology,0.039500101718711954,0.3406248,0.08005797673806749,0.3046875,4.0,30.0,331.0,33.0,True,0.003453944837993832,PICK
ZG,33.03,7.42762e+09,True,Communication Services,0.03418086803666315,0.38299558,0.06006776328699945,0.3200120192307692,3.0,22.0,331.0,33.0,True,0.003991448440842327,PICK
ZION,68.37,9.978831e+09,True,Financial Services,0.01407561106736731,0.15156096,0.01998141292738401,-0.11778846153846156,0.0,136.0,331.0,33.0,False,,ELIGIBLE_NOT_PICKED
ZIP,4.05,3.3301597e+08,False,,,,,,,,,,,,INELIGIBLE_TODAY
ZM,96.44,2.813962e+10,True,Technology,0.02811141078634101,0.34195948,-0.03361741431743238,0.10306490384615385,3.0,138.0,331.0,33.0,False,,ELIGIBLE_NOT_PICKED
ZNTL,4.03,2.8883782e+08,False,,,,,,,,,,,,INELIGIBLE_TODAY
ZS,161.94,2.6405077e+10,True,Technology,0.03393617846979845,0.30147853,-0.15514275588344079,-0.09915865384615383,3.0,295.0,331.0,33.0,False,,ELIGIBLE_NOT_PICKED
ZTS,73.56,3.0396727e+10,True,Healthcare,0.02098480858842689,0.2610621,0.021150903499862046,0.06670673076923078,1.0,101.0,331.0,33.0,False,,ELIGIBLE_NOT_PICKED
ZWS,47.33,7.8503475e+09,True,Industrials,0.016993539315710647,0.13968034,0.10287733712062759,0.009915865384615363,1.0,154.0,331.0,33.0,False,,ELIGIBLE_NOT_PICKED
ZYME,28.11,1.9946643e+09,False,,,,,,,,,,,,INELIGIBLE_TODAY
