act_symbol,entry_date,expiration_date,strike,bid,ask,entry_premium,entry_iv,entry_delta,entry_gamma,entry_theta,entry_vega,entry_rho,days_to_expiration,underlying_close_entry,cumulative_return,daily_return,momentum_5,momentum_20,momentum_60,momentum_120,volatility_20,volatility_60,volume_20,relative_strength_20,pct_from_high_252,pct_from_low_252,garch_vol_forecast_1m,realized_vol_21d_asof,hv_current,iv_current,moneyness_strike_over_spot,log_volume_20,pred_pct_return,decile,kelly_frac,rank
NTAP,2026-08-25,2026-09-18,140.0,46.3,50.2,48.25,0.5904,0.9853,0.0018,-0.0962,0.0245,0.089,24,186.6150054931641,6.86084559774832,-0.0013111158963248215,-0.08839333997968812,0.06924314901961015,0.07071554697232241,0.8745856330726547,0.023586729784121043,0.02690374571061514,2433137.4,0.036146450566373556,-0.09882652190908746,0.9829455348302006,0.38447616687963987,0.4249910730345108,0.4111,0.6135,0.7502076246764001,14.704692504652524,1.465881820024586,9,0.021564655156774883,1
MNST,2026-08-25,2026-09-18,45.0,4.0,4.2,4.1,0.3093,0.849,0.0574,-0.0062,0.0282,0.0247,24,48.7400016784668,29.047921662976538,-0.0036794050943521617,0.028704106789621653,-0.4887233741498863,-0.4460733849098567,-0.3829598304012305,0.3612044296689511,0.248776264706421,8888350.95,-0.5218200726031229,-0.5123073795496198,0.07073816318808795,6.262123747373595,6.759226424655775,0.2916,0.2686,0.9232662792435004,16.000252207852444,0.8356340278950134,9,0.021564655156774883,2
MPWR,2026-08-25,2026-09-18,910.0,389.1,404.7,396.9,0.6459,0.9856,0.0001,-0.0806,0.1018,0.5863,24,1301.300048828125,88.22373212394068,0.012661197917804623,-0.02391275266538362,0.015046714858354848,-0.16914074020497583,0.1840549086477521,0.03509157087450265,0.04300540886448695,789672.0,-0.018049983594881747,-0.2299498561751986,0.5799186672201686,0.5227437967012394,0.5384641193163767,0.5167,0.5494,0.6993006730611383,13.579374214702364,0.7940722816050316,9,0.021564655156774883,3
PWR,2026-08-25,2026-09-18,450.0,150.0,159.5,154.75,0.5195,0.9868,0.0003,-0.0432,0.0452,0.2905,24,602.7949829101562,45.45965101849682,-0.022674285356906965,-0.1341019007827825,0.024534295189990507,-0.15305663741584763,0.06054924123243799,0.047500068043668416,0.03550934350476664,1247956.7,-0.008562403263246088,-0.23234299015994253,0.6182415648594799,0.5730769843772962,0.711940119760262,0.6232,0.4424,0.7465224707536599,14.037018933106319,0.7479239723474636,9,0.021564655156774883,4
SWKS,2026-08-25,2026-09-18,55.0,10.19,12.6,11.395,0.4692,0.944,0.0137,-0.0187,0.0186,0.0335,24,65.72000122070312,12.810916131502948,-0.01705054411070317,-0.025359618518960625,0.016079173015157266,-0.1558124276322269,0.16773281176542665,0.030326129649450275,0.032553418521403664,5495711.8,-0.01701752543807933,-0.212179301567419,0.2518095470610119,0.5171717453115047,0.5357054671417606,0.4659,0.4726,0.8368837336946654,15.519478855332602,0.6250316581617512,9,0.021564655156774883,5
STLD,2026-08-25,2026-09-18,160.0,70.09,73.5,71.795,0.5253,0.9965,0.0002,-0.0108,0.0043,0.1045,24,231.47000122070312,25.75465883820771,0.00959565973413512,-0.07341578206288113,-0.10883957063432015,-0.11024406438077117,0.19369809112088188,0.028024979301434026,0.026330840405134295,1229230.25,-0.14193626908755674,-0.18139060253759115,0.7940628860303792,0.35329258962447274,0.28372805872113777,0.4121,0.4053,0.6912342815751853,14.021899531954682,0.5557913781507127,9,0.021564655156774883,6
NXPI,2026-08-25,2026-09-18,180.0,43.2,46.4,44.8,0.5044,0.9581,0.0028,-0.0348,0.0477,0.1121,24,223.72000122070312,17.20923086313101,0.005754355175544568,-0.02117604300660625,-0.13661621859970574,-0.30381205236810604,0.03396961810501864,0.029678945694949367,0.03177303062489428,4041729.95,-0.16971291705294234,-0.3275017519145842,0.21461533338038796,0.5046614600990178,0.48957857060562143,0.4249,0.4116,0.8045771456188546,15.212183611147864,0.4950890235126133,9,0.021564655156774883,7
IT,2026-08-25,2026-09-18,135.0,59.3,63.6,61.45,0.5381,0.9976,0.0002,-0.02,0.004,0.0882,24,196.83999633789065,15.176560700486641,-0.0292928418836379,0.08112258153189633,0.2630903552583783,0.21356350210476305,0.17938887679034798,0.06014946872260351,0.04723860231806539,1616909.7,0.22999365680514172,-0.2546480401853495,0.5655769592169949,0.7823267895667501,0.9790310368622888,0.7988,0.491,0.6858362249116402,14.296027911307593,0.4707498527520255,9,0.021564655156774883,8
FIX,2026-08-25,2026-09-18,1180.0,382.0,399.9,390.95,0.7284,0.9451,0.0003,-0.7464,0.4411,0.7135,24,1557.5849609375,168.56980514286434,-0.03236957573533095,-0.10436265134636524,-0.04226412244921551,-0.14802730855991197,0.08893088243715286,0.04204599785134842,0.04077991392113468,425612.1,-0.07536082090245211,-0.24627272378218248,1.2535156940923375,0.43454091720856125,0.6267305521759966,0.6098,0.5703,0.7575830722516516,12.961285996611062,0.34572419923112174,9,0.021564655156774883,9
TPL,2026-08-25,2026-09-18,270.0,99.0,106.5,102.75,0.5176,0.9934,0.0003,-0.036,0.0161,0.1755,24,374.239990234375,113.02550510858231,0.0021153514567453513,0.024304809609261957,-0.03898110695375534,-0.04773539380566161,-0.30193430366912255,0.03196708433582901,0.03172229639437204,416472.6,-0.07207780540699193,-0.30669333357756895,0.36801960437178294,0.626733269726578,0.5061189591154952,0.4784,0.4489,0.7214621821438892,12.939578353225956,0.31356471497371396,9,0.021564655156774883,10
BLDR,2026-08-25,2026-09-18,50.0,18.3,21.0,19.65,0.7766,0.9617,0.0062,-0.0347,0.0153,0.0308,24,69.22000122070312,3.917305208837507,-0.014240956744745348,0.023661615041888906,-0.06053201772529515,-0.09231577128664548,-0.2788831882365367,0.042038837465547554,0.037031258639114585,2177396.35,-0.09362871617853175,-0.5360900870848229,0.04862898016345928,0.6300456183966849,0.6308692130852659,0.5928,0.5287,0.7223345726414899,14.593640845380621,0.29352989510716543,9,0.021564655156774883,11
NUE,2026-08-25,2026-09-18,200.0,46.6,49.9,48.25,0.4518,0.9706,0.0022,-0.0397,0.0403,0.1264,24,247.3600006103516,7.2752941355985765,0.011118383042385771,-0.0637041586567505,-0.06874480401514904,-0.010559997558593603,0.404895725112671,0.023110032103355056,0.02363003235904456,1554900.9,-0.10184150246838564,-0.09965782411459688,0.8770678623591911,0.3583299327886141,0.3627360421819035,0.39,0.3716,0.8085381610062559,14.256923014788695,0.28156913373154735,9,0.021564655156774883,12
FFIV,2026-08-25,2026-09-18,320.0,61.6,65.59,63.595,0.2695,0.9962,0.0004,-0.0408,0.0113,0.2089,24,381.0400085449219,13.205337535603732,0.005276487850656375,-0.03195972442538231,-0.055569284154541765,-0.006285053032696775,0.33174896913044316,0.02099357274624815,0.020981488328667766,594000.35,-0.08866598260777836,-0.11644947382901552,0.7011473690800493,0.3539216447820375,0.37693081389186434,0.3506,0.3387,0.8398068255928939,13.294636871069471,0.2616569077360642,9,0.021564655156774883,13
EIX,2026-08-25,2026-09-18,60.0,14.1,15.7,14.899999999999999,0.4623,0.9736,0.0071,-0.0202,0.012,0.0379,24,74.9000015258789,1.7155291293551964,0.012572668511941165,0.01642012544964655,-0.06128586707030392,0.07091791408826453,0.013668996407813827,0.026364840164225488,0.01888199365765034,3500866.2,-0.09438256552354052,-0.06817611240097472,0.4370683626407045,0.31265167773542557,0.3540369804585055,0.3663,0.4206,0.8010680744681858,15.068521267197942,0.258469044598193,9,0.021564655156774883,14
EME,2026-08-25,2026-09-18,590.0,147.0,153.2,150.1,0.4641,0.9772,0.0006,-0.2366,0.1108,0.3742,24,733.9500122070312,43.42899578543659,-0.040462820263000965,-0.10985654114633836,0.03985436030561673,-0.11232190113267382,-0.009340347099711654,0.0497729341148361,0.0354678889783206,402074.9,0.006757661852380137,-0.22230462282698676,0.26199317486805784,0.5775169939540571,0.7601676333973569,0.632,0.3829,0.8038694600274411,12.904396155749703,0.2555757347427816,9,0.021564655156774883,15
KEYS,2026-08-25,2026-09-18,220.0,99.0,102.5,100.75,0.6725,0.9857,0.0005,-0.0203,0.0247,0.1417,24,320.3900146484375,11.483513226847673,0.031320449596437205,-0.06043983974065248,0.04987384261562533,-0.05302507207706886,0.06470158298520357,0.031238160178650217,0.03111385214060765,1371554.1,0.016777144162388735,-0.14182777684909723,1.0088407023233177,0.3260640381311153,0.5180053555446801,0.4495,0.3899,0.6866630979164722,14.131455763543688,0.24860679528998442,9,0.021564655156774883,16
HST,2026-08-25,2026-09-18,21.0,1.4,2.7,2.05,0.182,0.9778,0.0488,-0.003,0.003,0.0134,24,23.024999618530277,1.234647589340843,-0.007115175149953745,0.004581131844974662,-0.09599527918095563,0.0019582279021042037,0.14438363111954833,0.018574653076400178,0.016887759925856335,9900967.15,-0.12909197763419222,-0.0984730308082347,0.4554361607265576,0.37133178004829637,0.3416151845991894,0.2935,0.3102,0.9120521323743876,16.108143103252694,0.2450929274871796,9,0.021564655156774883,17
WSM,2026-08-25,2026-09-18,175.0,58.6,62.0,60.3,0.6848,0.9607,0.002,-0.0892,0.0508,0.1083,24,233.7100067138672,10.732951127814607,-0.017075314319048296,-0.03181570361324004,-0.011044348889050148,0.14805717102345795,0.19033315204745516,0.018530207807385807,0.02071076010896517,878193.4,-0.04414104734228674,-0.07176897352068591,0.38585156285415,0.3896988577326443,0.33470404076196814,0.2991,0.4743,0.748791215492342,13.685623260409852,0.23115147328043228,9,0.021564655156774883,18
FANG,2026-08-25,2026-09-18,165.0,34.1,37.7,35.900000000000006,0.3176,0.9911,0.0011,-0.0077,0.0099,0.1072,24,200.84500122070312,11.270763448948776,-0.02312745496913271,-0.04368632923107152,0.055357068978290735,0.048908531972654545,0.13657967058943,0.024072575544517562,0.02381920498549734,1747077.0,0.02226037052505414,-0.0601104453832613,0.4929384006774526,0.37769058961791435,0.3999979919112118,0.369,0.3384,0.8215290348136969,14.373455236087448,0.2240757028363134,9,0.021564655156774883,19
CMI,2026-08-25,2026-09-18,430.0,142.7,146.2,144.45,0.4965,0.9915,0.0003,-0.1106,0.0379,0.2782,24,573.2999877929688,25.381294852248555,0.002939002641845656,-0.07652906678768634,-0.10645260347866159,-0.11340336287539454,-0.001323920441865356,0.02237186459645195,0.02556315781329773,968795.85,-0.13954930193189818,-0.21205628632558038,0.46201509870253016,0.3614018019645644,0.3543355441657214,0.3305,0.3376,0.7500436231568218,13.783810219770647,0.2205797347676881,9,0.021564655156774883,20
MPC,2026-08-25,2026-09-18,270.0,84.3,88.0,86.15,0.4879,0.9876,0.0006,-0.04,0.0272,0.1743,24,356.6600036621094,18.408258253528224,-0.01616458548259947,-0.026077900701243495,0.1653651948627961,0.43369376346307353,0.6155274573530438,0.026804987028064442,0.022937278179843125,2388486.65,0.1322684964095595,-0.026077900701243478,1.1930762648572169,0.33182369758303826,0.3262396104362454,0.3751,0.4143,0.7570234879933191,14.686170941189618,0.2101030527733927,9,0.021564655156774883,21
APH,2026-08-25,2026-09-18,130.0,28.3,30.9,29.6,0.5216,0.9406,0.0053,-0.0488,0.0467,0.0789,24,159.0850067138672,56.93044418571356,0.022725834733240857,-0.003039422122517843,0.10590893266551782,0.06940718330395468,0.1983804648878884,0.02929985568100103,0.02890404402174016,6450764.55,0.07281223421228122,-0.0977484113794284,0.4613724584045216,0.4207911161470157,0.43353030755385247,0.4435,0.4171,0.8171731748034562,15.679709371651343,0.19939923179764585,9,0.021564655156774883,22
CTSH,2026-08-25,2026-09-18,50.0,11.5,14.6,13.05,0.4402,0.9793,0.006,-0.0031,0.0069,0.032,24,63.20000076293945,5.062074689696826,0.016077170220805348,0.0938041207710203,0.2562114696441171,0.1334290291492548,-0.02948405870181503,0.031424860063480435,0.03416377522820856,8823178.85,0.22311477119088052,-0.27104956185098444,0.6318100054201599,0.4268864186246672,0.5278944985621051,0.4725,0.4269,0.7911392309558334,15.99289289021954,0.19805368050699568,9,0.021564655156774883,23
ADM,2026-08-25,2026-09-18,67.5,11.7,12.3,12.0,0.3356,0.9689,0.0088,0.0,0.0123,0.0428,24,79.41999816894531,3.2088888149068815,0.016120706855170752,-0.036749531733748286,-0.04520319935604167,-0.004512416844571154,0.18149355439887582,0.020406181350018673,0.017758431622883278,4039443.0,-0.07829989780927826,-0.0904718455507183,0.4182142530168806,0.3039358176427059,0.3264375177709884,0.3017,0.3008,0.8499118805871964,15.211617616703938,0.15621651258999747,9,0.021564655156774883,24
JCI,2026-08-25,2026-09-18,105.0,35.7,38.0,36.85,0.4885,0.9834,0.001,0.0,0.0069,0.0682,24,141.40499877929688,2.3092415582435035,-0.01108473776471719,-0.055284569090063185,0.008019675005628946,0.054788910595741536,0.010035705566406206,0.019795492090880773,0.022031876765776073,3443180.45,-0.02507702344760765,-0.0862948837010275,0.34236760675141326,0.35909546580260643,0.2816866458270946,0.2731,0.3045,0.7425480068344873,15.051906442064737,0.15306842542367427,9,0.021564655156774883,25
COO,2026-08-25,2026-09-18,50.0,21.6,25.4,23.5,0.6445,0.9958,0.0017,-0.0216,0.004,0.0323,24,73.42500305175781,5.714007849963952,-0.03133245256439243,-0.03082100077391625,0.018942624748969017,0.19955896340445745,-0.10435472011300218,0.014340804731389841,0.02057849334189464,1726210.55,-0.014154073704267578,-0.12921011245847014,0.24491359141461563,0.2807441298555875,0.25255837696314626,0.2534,0.4263,0.6809669447988261,14.361439709742877,0.14176945617764036,9,0.021564655156774883,26
TEL,2026-08-25,2026-09-18,170.0,30.9,33.79,32.345,0.3222,0.9842,0.0023,-0.0314,0.0205,0.1093,24,200.8249969482422,5.427702620222762,-0.007830673806582533,-0.020222492305094764,-0.06283539483764577,-0.058971025246749575,-0.039206808710693486,0.02232828714970793,0.021701536960558543,2072845.95,-0.09593209329088237,-0.19347390783838478,0.025454456206947182,0.3376182815630544,0.37895569988663846,0.3533,0.3385,0.8465081667289327,14.544433558494552,0.13608544482051155,9,0.021564655156774883,27
IVZ,2026-08-25,2026-09-18,29.0,3.6,4.3,3.95,0.2814,0.9597,0.0333,-0.0012,0.0067,0.0182,24,32.790000915527344,2.118217176044588,0.010477662391188636,0.012662131991584058,0.11416923464185791,0.15214342833261263,0.29809978695233075,0.022435522298898773,0.023820783455406086,4425284.55,0.08107253618862131,0.0,0.5166512323174365,0.3717624570900507,0.39676113494412235,0.3525,0.3351,0.8844159557881369,15.302845365415573,0.13463253810942155,9,0.021564655156774883,28
DD,2026-08-25,2026-09-18,120.0,14.7,17.7,16.2,0.2533,0.975,0.0063,-0.0169,0.0196,0.0765,24,135.91000366210938,1.7262266347895114,-0.005560799861111243,-0.020891822977377683,-0.034524404793971675,-0.06436728072632936,-0.05775098109968857,0.017125974099653215,0.016328417656110088,1721018.75,-0.06762110324720827,-0.12083571458887932,0.4691312075322722,0.28780952905605806,0.24296965946111104,0.2431,0.3057,0.8829372140871705,14.358427551013941,0.12407189160918475,9,0.021564655156774883,29
EQIX,2026-08-25,2026-09-18,890.0,184.3,190.7,187.5,0.2912,0.9921,0.0001,0.0,0.0372,0.5805,24,1076.7950439453125,26.633565070922423,0.020465403499549728,-0.007644455424236751,0.04052244669553429,0.008197262801586946,0.11119775072368387,0.018601848715134376,0.01767503986729786,605681.05,0.007425748242297692,-0.03507796074725054,0.48300486732846015,0.36472429117950006,0.3368878248980732,0.3016,0.2935,0.8265268353567948,13.314110457397005,0.11751582725203691,9,0.021564655156774883,30
LYB,2026-08-25,2026-09-18,47.5,14.0,17.39,15.695,0.6406,0.9632,0.0074,-0.0173,0.0125,0.0296,24,63.32500076293945,2.846067450019751,-0.0287576115500614,-0.030690356833300347,0.0876846347509348,-0.049887482172801145,0.022690611039113184,0.02677408218638848,0.0217564072917159,4305892.25,0.0545879362976982,-0.2313061073777581,0.4977531360277052,0.3336222537182869,0.3171982130498988,0.3932,0.4007,0.7500986881598124,15.275495165609826,0.11686546570560608,9,0.021564655156774883,31
JBHT,2026-08-25,2026-09-18,195.0,65.8,69.9,67.85,0.5353,0.9899,0.0008,-0.069,0.0216,0.1256,24,261.989990234375,11.571996347056581,0.008119075388327568,-0.044494737584891975,-0.05629999696605015,-0.052237466353163065,0.11523068396229941,0.02185198093997355,0.02114260965408611,827205.4,-0.08939669541928674,-0.12204689179580211,1.00528130481164,0.33233488208237355,0.3926243963723757,0.3846,0.3426,0.7443032454238192,13.625809519650279,0.1040720027821449,9,0.021564655156774883,32
CSGP,2026-08-25,2026-09-18,25.0,7.0,9.0,8.0,0.6693,0.9541,0.017,-0.0135,0.008,0.0153,24,32.90999984741211,7.5846965061871785,0.0021315375913206758,0.04875719335768558,0.08506429047794084,0.022049660486027856,-0.3086134264204978,0.034122441770634615,0.03231513819809478,6660860.0,0.051967592024704246,-0.6363937789121046,0.21260134810336156,0.4135068971508904,0.4902057143106955,0.54,0.505,0.7596475270711945,15.711759313440005,0.10275018247781476,9,0.021564655156774883,33
BNY,2026-08-25,2026-09-18,115.0,24.3,26.8,25.55,0.3522,0.8415,0.0085,-0.033,0.1878,0.2979,24,163.88999938964844,4.839243545417631,0.010793141769998904,-0.00024396564338236004,0.047287325942407366,0.17542858781284187,0.3843230022347508,0.013470228695442194,0.015070192466135994,2326083.75,0.01419062748917077,-0.0023132944112074024,0.5893133730068741,0.24402899115255094,0.2592998838813958,0.2456,0.2446,0.701690160646029,14.659697047338504,0.10112004370567473,9,0.021564655156774883,34
VEEV,2026-08-25,2026-09-18,195.0,51.6,55.1,53.35,0.6916,0.9219,0.0033,-0.1517,0.0922,0.1141,24,245.6999969482422,6.465789393374794,-0.011108466920406568,0.012152407613768013,0.22117296558134347,0.4093151434513502,0.303586600794594,0.024279897134468566,0.028979937797113588,1722979.55,0.18807626712810688,-0.1976356999255647,0.6225319212310698,0.401140189205272,0.3969584853706946,0.4065,0.5388,0.7936508035084657,14.359566226995975,0.09639240679279748,9,0.021564655156774883,35
ROK,2026-08-25,2026-09-18,350.0,79.0,83.09,81.045,0.3048,0.9945,0.0003,-0.0056,0.0112,0.2286,24,430.4299926757813,7.285544673926043,0.0017221490613477108,-0.007471166213093405,-0.0864656484727706,-0.04573672015801522,0.12281201466722491,0.02259381331156203,0.02143453647896893,865308.85,-0.1195623469260072,-0.1305849471801412,0.2896778806764983,0.3441086110083819,0.3536852515697186,0.3175,0.2867,0.8131403618605065,13.6708429298653,0.09358280687765697,9,0.021564655156774883,36
FDS,2026-08-25,2026-09-18,210.0,83.2,90.5,86.85,0.5944,0.9867,0.0005,0.0,0.0192,0.1358,24,298.2650146484375,7.25705658690577,-0.023074851680230823,0.04504050601375176,0.05070990164109257,0.2150772524756137,0.3232698435006016,0.02645639488935814,0.03533033346105817,753553.35,0.017613203187855975,-0.22052784684187124,0.5693203119003787,0.34085437487794634,0.4939586242458725,0.4638,0.474,0.7040718478079813,13.532556424507161,0.0845413700249138,9,0.021564655156774883,37
TRGP,2026-08-25,2026-09-18,240.0,47.2,50.3,48.75,0.3349,0.9832,0.0014,-0.0101,0.0264,0.1546,24,289.9100036621094,12.029460542457857,-0.014782865354284302,-0.026396163621450808,0.10800691926178829,0.13658993741904601,0.19279983551521562,0.02497993183913977,0.02093167190053866,1283874.55,0.0749102208085517,-0.04082711774322787,0.981613107414259,0.4076344568951298,0.3527750199542202,0.3765,0.3114,0.8278431132708357,14.065393834858629,0.07930286640754325,9,0.021564655156774883,38
EPAM,2026-08-25,2026-09-18,95.0,15.7,18.5,17.1,0.4204,0.9409,0.0097,-0.0362,0.0334,0.0578,24,111.83000183105467,8.133091042258522,0.005123132157828447,0.11551124021002157,0.11384462282333319,0.09145034970044219,-0.20631648917448986,0.04622961068225689,0.04092063823964868,1700631.2,0.08074792437009659,-0.4948960934328625,0.47067333619954,0.6178446783184924,0.7413690063409633,0.6728,0.4733,0.8495036970804998,14.346510622248282,0.07906878135154516,9,0.021564655156774883,39
APTV,2026-08-25,2026-09-18,42.5,3.7,5.8,4.75,0.3927,0.8474,0.0503,-0.0285,0.0283,0.0228,24,46.43999862670898,2.607196064823713,-0.019011439015166887,-0.044444442700184106,-0.2181818613846941,-0.31645574097880846,-0.3672162554444812,0.043977016686002686,0.03426556907688194,4512319.05,-0.2512785598379307,-0.47626029563882916,0.003023744966638547,0.36054593229148396,0.33308148627621237,0.6384,0.4232,0.915159372454353,15.322322002711777,0.06101403336743805,8,0.005778334160703732,40
CASY,2026-08-25,2026-09-18,660.0,163.9,172.8,168.35000000000002,0.5028,0.9638,0.0007,-0.184,0.1622,0.4131,24,828.02001953125,33.240466664124554,-0.03065991005458446,-0.0315555327119883,-0.033657734417927965,0.079359704513279,0.21075026948142295,0.01785789228358154,0.03313535626640054,279580.6,-0.06675443287116456,-0.09632427526915871,0.6743914056593533,0.3107905093476589,0.31091068201486005,0.316,0.4317,0.7970821772807284,12.541049478878763,0.05581829148263506,8,0.005778334160703732,41
BKR,2026-08-25,2026-09-18,47.0,14.5,16.1,15.3,0.6135,0.9715,0.0072,-0.0265,0.0112,0.0294,24,62.29499816894531,1.0279702926980776,0.004920091663499049,-0.03328684343876831,0.06560039590372235,-0.024812192746832218,0.02324239612359591,0.01557007686963244,0.02115527404324091,6856741.5,0.03250369745048576,-0.10585618191227872,0.40209312944092834,0.37905531859797603,0.33580872440817894,0.3041,0.3194,0.7544746991168543,15.74074303269569,0.05198298630727738,8,0.005778334160703732,42
MGM,2026-08-25,2026-09-18,46.0,0.4,0.65,0.525,0.1739,0.1009,0.0915,-0.0077,0.0196,0.0028,24,43.52000045776367,1.1778078365133318,-0.0038910087958066164,0.004616822815059818,-0.05800866365624857,-0.0034348000336832385,0.18647764710140202,0.013166477877874411,0.025610608040081882,2297300.75,-0.09110536210948517,-0.1414479850699261,0.4166667132327966,0.35042925262750296,0.22517065617338197,0.1964,0.3593,1.0569852829997826,14.647245840043782,0.04218405388694535,8,0.005778334160703732,43
PTC,2026-08-25,2026-09-18,105.0,44.79,48.5,46.644999999999996,0.5666,0.9972,0.0006,-0.0281,0.0051,0.0683,24,150.63999938964844,9.81368049811247,-0.02378328188069445,0.02839980736924108,0.1813975128688814,0.08585024168457567,-0.07565810725101918,0.024335460888303545,0.03021771840565341,1400837.7,0.1483008144156448,-0.30429963405120747,0.34104866851344257,0.4200305141825247,0.4773407557166134,0.4498,0.3917,0.6970260251289891,14.152581686642405,0.03962185490619996,8,0.005778334160703732,44
ODFL,2026-08-25,2026-09-18,160.0,34.79,43.0,38.894999999999996,0.4896,0.9587,0.0032,-0.0241,0.0412,0.0998,24,198.5,48.97204584931042,-0.014790529038768097,-0.04567307692307687,-0.1227682469911634,-0.11836551018845276,-0.08182618179210555,0.01930880400349029,0.02203298175733924,1672543.65,-0.1558649454444,-0.20194587138803075,0.5717792268666809,0.35223560206941734,0.35360030755801836,0.3182,0.3341,0.8060453400503779,14.329856767190206,0.020265991324287747,8,0.005778334160703732,45
FICO,2026-08-25,2026-09-18,910.0,226.0,240.6,233.3,0.6075,0.9374,0.0007,-0.6502,0.3678,0.5451,24,1138.5,25.810473458320953,-0.023919773516875575,0.05600490219666998,-0.1479696270360964,-0.08962966990286714,-0.2223413826369509,0.0518602253313811,0.037384272134073054,395805.55,-0.181066325489333,-0.39426992076649414,0.23432029015140823,0.6358197738606851,0.752223175707012,0.7413,0.4937,0.7992973210364515,12.888680860775674,0.015331533686128829,8,0.005778334160703732,46
ZTS,2026-08-25,2026-09-18,60.0,17.0,18.1,17.55,0.4756,0.9846,0.004,-0.0131,0.0076,0.0385,24,77.25,2.4523809523809526,0.0010366960341186005,0.04448351752640911,-0.0033544333513692015,-0.005663565807429327,-0.38671006223020243,0.026492028380691358,0.02102969501397816,6635217.5,-0.036451131804605796,-0.5060741495224799,0.07500694884313706,0.35233963233318016,0.33728155992677317,0.366,0.3559,0.7766990291262136,15.707902156630484,0.014458405921662143,8,0.005778334160703732,47
RL,2026-08-25,2026-09-18,270.0,92.5,96.5,94.5,0.4957,0.9904,0.0004,-0.018,0.0195,0.1752,24,363.55999755859375,6.443814416121417,-0.019578257974838476,-0.03883675463689684,-0.03682507871337837,-0.0009343125682693687,0.010422167325657483,0.017275674104191452,0.020885047963896505,609719.1,-0.06992177716661496,-0.12236572707641823,0.265040464274079,0.3726285405561382,0.3206646105806864,0.2985,0.305,0.7426559627382685,13.320755278385473,0.010588603573397082,8,0.005778334160703732,48
OKE,2026-08-25,2026-09-18,70.0,21.3,22.8,22.05,0.4914,0.9764,0.0026,0.0,0.0073,0.0451,24,92.12899780273438,7.832507821217184,-0.009578573129291224,-0.05090143100467426,0.037488678339754555,0.09755772126697759,0.08693954083035638,0.017422028364577527,0.017358351837614572,3694749.95,0.0043919798865179605,-0.05090143100467423,0.43257660239831824,0.3381916837714049,0.2980875284877324,0.2758,0.2709,0.7598042057277477,15.122423708198378,-0.0019375895193911585,8,0.005778334160703732,49
MAS,2026-08-25,2026-09-18,65.0,7.0,9.7,8.35,0.2846,0.9548,0.0184,-0.0221,0.0183,0.0403,24,72.7699966430664,2.708052915737304,-0.00601014133190414,-0.0083129004249608,-0.10832010661894143,0.03587183833546481,0.06326700828754661,0.03221554555119002,0.025777406036834392,2509363.2,-0.14141680507217802,-0.1208167259341999,0.24180884876990347,0.45982242131764245,0.5227105016191967,0.4605,0.2998,0.8932252713824093,14.735539972247478,-0.0020068906076972093,8,0.005778334160703732,50
A,2026-08-25,2026-09-18,115.0,38.1,42.29,40.195,0.6561,0.9671,0.0027,-0.0421,0.0282,0.0719,24,154.69000244140625,6.474749135950862,0.00821227807973357,0.04210455333606622,0.10068314950367685,0.14137094248270743,0.28330845583625575,0.016853538703004482,0.018220510489976482,1796619.9,0.06758645105044025,-0.02710690288423742,0.4032112249545432,0.2843680905977988,0.27513555831470976,0.2884,0.4041,0.7434223167949067,14.401418180794295,-0.0038832725860276085,8,0.005778334160703732,51
TT,2026-08-25,2026-09-18,340.0,113.1,117.2,115.15,0.4579,0.993,0.0002,-0.0236,0.0181,0.2213,24,455.489013671875,18.204084464021104,0.005583323614681168,-0.01700796669693594,-0.03093629160944178,0.009282131602511567,0.02345585027577246,0.019048349886400806,0.019611045051928965,1155281.4,-0.06403299006267837,-0.09528260159175607,0.21002317173006757,0.29513447538033816,0.2979781146083147,0.2676,0.2797,0.7464504956093827,13.95985537421675,-0.004832623697705207,8,0.005778334160703732,52
TDY,2026-08-25,2026-09-18,520.0,104.0,114.0,109.0,0.2957,0.9956,0.0003,-0.095,0.0247,0.3388,24,626.7650146484375,21.354855417451674,0.002487152510567414,-0.05749621857377818,-0.03525631299620369,0.011188547452338993,-0.08202616295493215,0.016340456047761173,0.016142960355814077,304460.8,-0.06835301144944028,-0.0933530656503617,0.29371274396597996,0.25453433116467655,0.2257678178431433,0.2414,0.2752,0.8296570291047216,12.626300906702449,-0.013481224165782124,8,0.005778334160703732,53
CDW,2026-08-25,2026-09-18,115.0,25.7,29.2,27.45,0.4829,0.9531,0.0045,0.0,0.0298,0.0717,24,141.3300018310547,8.011905142921401,0.06656107229529584,0.04712158666985333,-0.018746073534163576,0.1265843385342147,0.13181707954213362,0.035223051002867635,0.03367331329374409,1981004.95,-0.05184277198740017,-0.1723956298228767,0.42326281457805937,0.3666510777213766,0.4108977002546035,0.541,0.3942,0.8136984257416945,14.499115329209745,-0.015259473072462337,8,0.005778334160703732,54
SYF,2026-08-25,2026-09-18,70.0,9.7,12.2,10.95,0.3194,0.9617,0.0117,-0.0082,0.0161,0.0439,24,80.55999755859375,3.502608589504076,0.006748324646101311,-0.00024825356175695035,0.04460574026839215,0.12765950175698193,0.16298544048879227,0.01800357983861918,0.022520926115684237,3110483.75,0.011509041815155552,-0.08940887931465669,0.26309186422787595,0.35704031476704373,0.4664457704694045,0.2725,0.2772,0.8689176032942014,14.950289140176439,-0.023085568504169873,8,0.005778334160703732,55
TDG,2026-08-25,2026-09-18,1040.0,153.0,161.7,157.35,0.2364,0.9925,0.0003,-0.2276,0.0759,0.6748,24,1196.449951171875,49.956155033751706,-0.0021933523861628057,-0.030256672371552495,-0.0852619112282067,-0.049168731132054,-0.09023514537526145,0.016101892429266282,0.01882194755198544,454737.65,-0.1183586096814433,-0.1748621026400862,0.05611357426653347,0.3033625032509646,0.30816651778493276,0.2694,0.2856,0.8692381983729127,13.027478137300339,-0.024757179815869224,8,0.005778334160703732,56
BG,2026-08-25,2026-09-18,100.0,11.19,13.5,12.344999999999999,0.3504,0.9114,0.0158,-0.0397,0.0459,0.0588,24,111.91999816894533,1.933989981590971,0.015976710678354156,-0.021336152749070303,-0.046434390816229465,-0.09229525223965707,-0.026867262932705804,0.025506007908102993,0.022311930989726465,1397769.75,-0.07953108926946606,-0.14831447340400444,0.45086853842993524,0.35073860449030875,0.3971524787849131,0.3688,0.2983,0.8934953684420914,14.15038920406577,-0.02890592778321832,8,0.005778334160703732,57
IDXX,2026-08-25,2026-09-18,450.0,97.1,105.4,101.25,0.2778,0.9981,0.0001,-0.0525,0.0086,0.2945,24,550.25,30.66741121566759,-0.016550212871980552,-0.005548339629114274,-0.03386940122123905,-0.023565788168280366,-0.15176508456055204,0.017923174866633505,0.02032644818559914,629355.0,-0.06696609967447564,-0.28229508366381306,0.045228321267709606,0.32029030051355517,0.30280194969324553,0.2989,0.2885,0.817810086324398,13.35245235332003,-0.03693908707999627,8,0.005778334160703732,58
TSN,2026-08-25,2026-09-18,52.5,4.3,5.0,4.65,0.239,0.9255,0.0451,-0.0381,0.0224,0.0312,24,57.119998931884766,3.3462214383755424,-0.012960083183736981,-0.015002633581662539,-0.06636157817978205,-0.06391349551985626,-0.09218053728302844,0.016514254329224185,0.017292333758821794,3086719.4,-0.09945827663301865,-0.16916365189985796,0.12618291713623342,0.2951843758587265,0.30744343905085353,0.2803,0.2817,0.9191176642458609,14.942619726010074,-0.038702920363428484,8,0.005778334160703732,59
EW,2026-08-25,2026-09-18,77.5,12.6,14.4,13.5,0.3147,0.9772,0.0069,-0.0101,0.0119,0.0495,24,90.9800033569336,26.32015313230947,0.005303904496503753,0.0,0.08723712984148135,0.05215684136188803,0.0675897917592514,0.01440686138141669,0.015253094610046765,3190639.7,0.05414043138824476,-0.0441268852151264,0.25230559457765867,0.3124404201393725,0.25282511329608043,0.2345,0.2568,0.851835536826167,14.975732300989074,-0.04366948037377527,8,0.005778334160703732,60
IR,2026-08-25,2026-09-18,65.0,12.9,16.1,14.5,0.4159,0.9776,0.0073,-0.0308,0.0124,0.0411,24,78.68000030517578,3.702588249655331,-0.016377017046866227,-0.025875899774102984,-0.09040462074941291,0.09826913701153073,-0.1432926454428156,0.017844978537568383,0.021544420354950904,4050782.5,-0.1235013192026495,-0.20332119680755126,0.14794279623873305,0.3195648028508101,0.30555128680681753,0.3537,0.3404,0.8261311610051446,15.214420877162494,-0.050337461305341114,8,0.005778334160703732,61
PODD,2026-08-25,2026-09-18,100.0,39.4,48.0,43.7,0.7166,0.9804,0.0018,-0.0364,0.0175,0.0636,24,142.5800018310547,8.387058931238512,-0.01952961335201775,-0.036816841134801215,-0.1486236293558435,-0.016282603633221426,-0.41298529297484443,0.05199238569033911,0.03721666937588592,1760531.8,-0.1817203278090801,-0.5958845902408452,0.06993852400121969,0.5204139911318386,0.8141763446423654,0.7546,0.4261,0.7013606306338219,14.381127048474406,-0.05096045096178592,8,0.005778334160703732,62
CRL,2026-08-25,2026-09-18,250.0,47.9,51.6,49.75,0.4332,0.9492,0.0029,-0.048,0.0753,0.1542,24,297.9549865722656,6.997533437280395,-0.0020932414364910334,0.067212235276217,0.2392588098359949,0.6488018123093866,0.6591768767915249,0.02949889518244767,0.027846260399717573,944275.05,0.2061621113827583,-0.0020932414364910243,1.0468157696018354,0.4756338500488155,0.5311045261779221,0.4555,0.4275,0.83905291492534,13.75817382822699,-0.054285175109625716,8,0.005778334160703732,63
CPAY,2026-08-25,2026-09-18,330.0,80.4,88.3,84.35,0.3574,0.9946,0.0004,-0.0505,0.0171,0.2148,24,412.8500061035156,16.514000244140625,-0.002585058198461665,0.01482227685643589,0.07423500789858295,0.1411001106494203,0.2559321141713171,0.01656480536573087,0.018716639216513998,551712.3,0.041138309445346355,-0.029136450981551664,0.6190196317784926,0.2967849541557099,0.266149839577452,0.2588,0.2907,0.7993217757571202,13.22078380627464,-0.05547321179178366,8,0.005778334160703732,64
EXE,2026-08-25,2026-09-18,70.0,23.5,26.1,24.8,0.5358,0.9916,0.0021,-0.0241,0.0068,0.0452,24,95.41999816894533,2.2190697248591937,-0.00944673149394648,-0.00031428790210585866,0.07794850641151019,0.0262421458799591,-0.09879107816216881,0.01892110901160883,0.017229725587319455,2869577.2,0.04485180795827359,-0.22353325215344602,0.09741232338104609,0.32289385477505855,0.3642840861540978,0.3083,0.295,0.733598840319216,14.86967560829374,-0.058355435709208314,8,0.005778334160703732,65
TYL,2026-08-25,2026-09-18,290.0,60.0,64.59,62.295,0.4115,0.967,0.0017,-0.0274,0.0602,0.1831,24,348.3999938964844,39.681093905749385,-0.02077072000605218,0.048734242972326314,0.045147705166968644,0.1125658651989383,-0.05367234237579044,0.024082087191913425,0.029069412167313045,817959.9,0.012051006713732049,-0.3845610158596534,0.26566646493083684,0.35116657327909856,0.5159190042012319,0.4758,0.4439,0.8323765932273924,13.614569814931448,-0.0585235015543889,8,0.005778334160703732,66
FOXA,2026-08-25,2026-09-18,65.0,3.6,7.3,5.45,0.361,0.7851,0.0453,-0.0429,0.0519,0.0322,24,70.08499908447266,1.844342081170333,0.01264268186063755,0.015283214889642904,0.21422379768305388,0.09644870294321328,0.1996747908446217,0.021273952927673503,0.03217118704656284,5264449.6,0.1811270992298173,-0.07916175900095129,0.43646234411461576,0.33978603387612216,0.3039711992468926,0.3088,0.3313,0.9274452571748804,15.476487348627744,-0.05855677388356928,8,0.005778334160703732,67
LII,2026-08-25,2026-09-18,310.0,76.2,84.0,80.1,0.5348,0.9561,0.0016,-0.0958,0.0889,0.192,24,389.2999877929688,13.78541044434132,-0.024555294815016726,-0.05291327246299471,-0.2845196775033769,-0.22474911392003494,-0.2930430205481448,0.05058885948652784,0.03458303063158975,615444.95,-0.3176163759566135,-0.3293250645066689,0.0,0.6012658222405398,0.7920467725246658,0.7376,0.3452,0.7963010781414644,13.330102405965974,-0.06070187132056348,8,0.005778334160703732,68
RVTY,2026-08-25,2026-09-18,100.0,23.1,26.1,24.6,0.4933,0.9618,0.0051,-0.0286,0.0255,0.0624,24,124.62999725341795,5.245370204244443,0.013252010190389907,0.09564832750257546,0.11765756314091824,0.1920611536636636,0.265407655159106,0.020443662560261474,0.023604239330437843,1555724.35,0.08456086468768165,-0.000961945864385134,0.5150740823835466,0.3186823862903939,0.3348002893049022,0.3414,0.3915,0.8023750477717155,14.257452457857925,-0.06214542343974738,8,0.005778334160703732,69
HUBB,2026-08-25,2026-09-18,390.0,70.59,78.7,74.64500000000001,0.4604,0.9284,0.0022,-0.0468,0.1497,0.2351,24,464.9200134277344,10.326965986237772,-0.003942060800826819,-0.03914349708018683,-0.03874620620370128,-0.018348371429241617,-0.05269160400970563,0.02368459284859206,0.023890369528865762,531783.8,-0.07184290465693788,-0.16658593927622597,0.1413001525579299,0.35349496922525264,0.36365777714585124,0.3382,0.3318,0.8388539721588482,13.183994175208829,-0.06218207292940303,8,0.005778334160703732,70
PH,2026-08-25,2026-09-18,910.0,104.1,111.4,107.75,0.1592,0.9935,0.0002,0.0,0.0226,0.595,24,1018.6300048828124,23.16472214547235,0.004328378579731229,-0.022287249841385415,0.027922400799857527,0.2060073629803636,0.031221238868061274,0.022065658765173704,0.017659194253577044,659631.35,-0.0051742976533790674,-0.05144010959012499,0.4213574680518425,0.33665584701145745,0.3211822464963114,0.2885,0.2486,0.8933567592137543,13.399437913340602,-0.06607492708604812,8,0.005778334160703732,71
AMT,2026-08-25,2026-09-18,155.0,22.9,25.4,24.15,0.2729,0.9902,0.0035,-0.0864,0.02,0.0995,24,178.63999938964844,6.550788279828953,0.001401423851423056,0.03661578072040994,0.04163264950232315,-0.044501535223798405,-0.06373167435857308,0.018829132624573735,0.020118969461495027,2455561.55,0.008535951049086554,-0.15384613716720777,0.1019677917282134,0.290418684340558,0.3101266754173988,0.2774,0.2717,0.8676668189071977,14.713866437563995,-0.0665150753310898,8,0.005778334160703732,72
HBAN,2026-08-25,2026-09-18,16.0,0.85,1.25,1.05,0.2278,0.8511,0.2346,-0.0061,0.01,0.0087,24,16.975000381469727,0.710548380709671,-0.0038145851270692255,-0.03878819206460882,-0.018786061845285973,0.03759167164877919,0.00861559467742068,0.012670412119833531,0.01624865232929741,22090310.6,-0.05188276029852257,-0.11909704316427844,0.13015977790436997,0.26513891619291213,0.2652462204225665,0.2444,0.24,0.9425625708654441,16.9106496812271,-0.06962868184229665,8,0.005778334160703732,73
SRE,2026-08-25,2026-09-18,75.0,9.4,10.5,9.95,0.38,0.8953,0.0211,-0.0207,0.038,0.0433,24,84.4800033569336,3.7513322220119885,-0.0010641638668013043,-0.030970370942770997,-0.06713774696964092,-0.05217091932880158,-0.1143725348833452,0.017030479849808662,0.01426034930648029,4056167.15,-0.10023444542287752,-0.15308267311344767,0.06384585645401976,0.2068421118952429,0.19217650151346993,0.2495,0.3049,0.887784055631722,15.215749280494427,-0.07257634268070434,8,0.005778334160703732,74
AZO,2026-08-25,2026-09-18,2420.0,605.7,634.7,620.2,0.3854,0.9911,0.0,-0.4374,0.1916,1.5685,24,3033.424560546875,33.02585314034108,0.00796979491453742,-0.012942662780478287,-0.027374466764334415,0.03346789172136533,-0.18390514916683476,0.01652321251925488,0.01952078338086498,199263.25,-0.06047116521757101,-0.3033880654821241,0.03760032856058663,0.25591312201221134,0.30117466023358963,0.2849,0.3374,0.7977782046980312,12.202387112288381,-0.07358861263494765,8,0.005778334160703732,75
MSCI,2026-08-25,2026-09-18,480.0,85.0,90.5,87.75,0.2859,0.9875,0.0006,-0.011,0.0384,0.311,24,566.1300048828125,24.614348038383152,-0.009153564482699883,0.005970441272548754,-0.022886155146582765,-0.10334505289268825,-0.010902021922196359,0.012379913347209627,0.02221306827518793,632684.4,-0.05598285359981936,-0.12068404725557949,0.10606832004797527,0.46650808511262853,0.4827723939707619,0.3978,0.273,0.8478617912141202,13.35772857916144,-0.07437279733371693,8,0.005778334160703732,76
STT,2026-08-25,2026-09-18,160.0,32.4,34.5,33.45,0.3882,0.9743,0.003,-0.0385,0.0294,0.1015,24,192.9600067138672,3.4705038131193486,0.010685148567394442,0.005680990381085715,0.05690967285331405,0.23978416519256873,0.5248933563915412,0.01736953811624135,0.01568690941392396,1486514.0,0.023812974400077458,-0.0004143523365495833,0.7464024838861925,0.2657115518550275,0.23379946258575576,0.242,0.2842,0.8291873675007574,14.211945012186733,-0.0750544193226278,8,0.005778334160703732,77
DVA,2026-08-25,2026-09-18,155.0,21.7,24.5,23.1,0.3375,0.9485,0.0068,-0.0496,0.048,0.0954,24,177.23500061035156,6.999802636118554,0.004164309407091116,-0.003794070248235082,-0.2598555264298009,-0.0881096930758496,0.14500296077104058,0.040730820476612854,0.02756917858665901,1026845.15,-0.2929522248830375,-0.2644629993689665,0.7063155475480496,0.45308165237697573,0.648327597357799,0.595,0.3022,0.8745450924829747,13.842002672430734,-0.07933052153982223,8,0.005778334160703732,78
FAST,2026-08-25,2026-09-18,35.0,13.5,17.5,15.5,0.6863,0.9869,0.0042,-0.0145,0.0048,0.0224,24,50.32500076293945,10.275650918010102,-0.018623206690538963,-0.018431825363502963,0.04625784530981791,0.1385746582415368,0.08388973577778502,0.01452984317947686,0.015155548852248409,7299410.15,0.013161146856581318,-0.03923253652674516,0.2854405824141196,0.2709567514085322,0.2513123398800087,0.2397,0.3117,0.6954793734603347,15.80330423848151,-0.08613605431581361,7,0.009739625569785028,79
TKO,2026-08-25,2026-09-18,175.0,18.0,20.7,19.35,0.3677,0.8597,0.012,-0.0804,0.1088,0.0964,24,192.85499572753903,13.048376130705776,-0.0029211169824991945,0.0038779611411197124,0.03652046790340013,-0.06006919479579953,-0.10810248560266222,0.019990767452420143,0.021081393297004144,1151793.55,0.0034237694501635385,-0.14271430489048392,0.09272474205350303,0.32730612961809286,0.1963187658746576,0.2703,0.3236,0.9074175099266594,13.956831762319256,-0.08912574455250166,7,0.009739625569785028,80
CCI,2026-08-25,2026-09-18,70.0,5.4,6.8,6.1,0.296,0.8502,0.0388,-0.0127,0.0437,0.0385,24,76.16999816894531,2.83054621333528,-0.0030105150829831118,0.028907192015879213,0.00554453028310653,-0.167541003618084,-0.16434452118665666,0.020449104584208556,0.022634968605085744,3436323.6,-0.027552168170130065,-0.2602700080998874,0.03477784998460855,0.33259056584278296,0.3496011400236322,0.3135,0.2874,0.9189970025303107,15.049913027938564,-0.0910780942627254,7,0.009739625569785028,81
GEN,2026-08-25,2026-09-18,28.0,0.95,2.15,1.5499999999999998,0.2783,0.7387,0.1597,-0.0217,0.0245,0.013,24,29.18000030517578,1.6523216623612718,0.0024046614000869937,0.05571638746504792,0.05801306692878083,0.1314462686818838,0.30910718289153705,0.020243826348374534,0.02396195737890332,5221280.5,0.024916368475544237,-0.06264050459880578,0.6310788876862676,0.3564438823655463,0.30647163361703034,0.3304,0.3318,0.9595613333504154,15.468253427813389,-0.09169270639612748,7,0.009739625569785028,82
CBRE,2026-08-25,2026-09-18,130.0,20.7,23.5,22.1,0.3471,0.9608,0.0058,-0.0154,0.0308,0.0815,24,151.96499633789062,7.745412326079609,0.00023039336402841393,0.03167001486411136,0.033423959089636135,0.2153310558638981,0.07213906059302144,0.02068465510795351,0.020931738513748858,1529928.65,0.00032726063639954006,-0.11447470545184502,0.2192313629817907,0.3409634655981413,0.34949746316919766,0.3554,0.341,0.8554601594629597,14.24073231191933,-0.09361843553365057,7,0.009739625569785028,83
LNT,2026-08-25,2026-09-18,65.0,2.55,5.2,3.875,0.1693,0.9035,0.0562,-0.0106,0.0295,0.0382,24,68.61000061035156,4.869410920322102,0.0027770015564321238,-0.01957706031527784,-0.07019921725039269,-0.04189358992361658,-0.0510373760117917,0.011499956143450526,0.01280201078447833,2586226.95,-0.10329591570362928,-0.1207227773460462,0.0784344822735596,0.20498243848003284,0.20380909493653132,0.1868,0.2383,0.947383754871926,14.765710982147642,-0.09700184831014014,7,0.009739625569785028,84
PNW,2026-08-25,2026-09-18,85.0,12.1,14.5,13.3,0.3402,0.9484,0.011,0.0,0.024,0.0529,24,98.05999755859376,2.357211566235894,0.0035820128686985253,-0.020868736250044706,-0.06902121091881985,-0.016843797284519568,-0.04786872907500139,0.00988026151169229,0.01213380627671028,1145624.75,-0.10211790937205645,-0.10341048645847029,0.1419587099349073,0.18244510442520873,0.17601983500565374,0.1635,0.2765,0.8668162565393699,13.951461552240376,-0.09723215754224002,7,0.009739625569785028,85
ORLY,2026-08-25,2026-09-18,81.33,8.3,11.0,9.65,0.2593,0.9588,0.0155,-0.0308,0.0216,0.0506,24,90.41999816894533,42.055811236367724,-0.0028672489562796555,-0.00374618729927767,-0.00822639042517248,0.04074586817954917,-0.04084012529138292,0.014974573098920902,0.019614720558883497,5172697.55,-0.041323088878409076,-0.16138009251649219,0.09295291309047475,0.2716501853448336,0.34775059668117236,0.3091,0.2918,0.8994691622094361,15.458905073558695,-0.09761754447492355,7,0.009739625569785028,86
DRI,2026-08-25,2026-09-18,175.0,45.0,48.3,46.65,0.4135,0.9946,0.0012,-0.0856,0.0167,0.1131,24,221.3500061035156,6.276876691778611,-0.01866461917292983,0.011377161135976976,0.06942704934100363,0.08552793942520509,0.08819626428603256,0.019147669535622944,0.017732386079150893,1060136.35,0.03633035088776704,-0.027802120414153482,0.3081378010806225,0.32563251415067185,0.2869220467258846,0.2946,0.2837,0.7906030954350199,13.873909033165772,-0.09891706658220756,7,0.009739625569785028,87
ROL,2026-08-25,2026-09-18,32.5,2.75,5.4,4.075,0.2695,0.9571,0.0353,-0.0061,0.0083,0.0202,24,36.4900016784668,13.924420815663606,-0.020665503965452747,0.004680671395126845,-0.06459873754148271,-0.23340330150839217,-0.3708620400264345,0.011480172561712219,0.019687656675010694,4968845.85,-0.0976954359947193,-0.44374996147504575,0.01304834022015738,0.30532081573944103,0.3836458015549299,0.348,0.2876,0.8906549329971298,15.418698349018715,-0.09935117100516555,7,0.009739625569785028,88
CHRW,2026-08-25,2026-09-18,130.0,13.6,15.6,14.6,0.4002,0.8397,0.0163,-0.0677,0.0883,0.0696,24,144.69000244140625,3.886382063401847,0.012809756567522257,0.0001382751967520246,-0.14556510233589048,-0.19009231802580218,-0.2379522506855084,0.04035866442072082,0.031229051210060095,2017192.95,-0.17866180078912708,-0.3090917595907887,0.16319642375886328,0.4727287040748721,0.7350935180791612,0.6579,0.3442,0.8984725814255541,14.517217969973387,-0.09977364034222347,7,0.009739625569785028,89
SW,2026-08-25,2026-09-18,45.0,4.7,5.3,5.0,0.391,0.8495,0.0482,-0.0354,0.03,0.0242,24,49.310001373291016,6.050307200159515,0.012733677635429874,0.042494760436604606,-0.02933066705013887,0.19829889537866352,0.0911706765166167,0.025895129603147726,0.030650626688105993,4440419.7,-0.062427365503375465,-0.04880398865451345,0.5038121377404661,0.4461735417755772,0.4169139926069474,0.4902,0.3893,0.9125937689463228,15.306259682171948,-0.10052770876614092,7,0.009739625569785028,90
VTRS,2026-08-25,2026-09-18,17.0,0.2,0.35,0.275,0.2137,0.4318,0.4282,-0.0084,0.0169,0.0045,24,16.674999237060547,0.8296019363478867,0.008161929507904064,0.03123062203982019,-0.06634945872309739,0.02552269387066608,0.13358254206783182,0.01898357475767921,0.019066226982086595,10078313.85,-0.09944615717633398,-0.06634945872309742,0.7571127122478114,0.36832931677293823,0.38920855558680306,0.3374,0.297,1.0194903015178034,16.125896629052402,-0.1021006699446313,7,0.009739625569785028,91
WAT,2026-08-25,2026-09-18,350.0,61.6,69.2,65.4,0.4304,0.9425,0.0024,-0.1233,0.1203,0.2135,24,413.6499938964844,10.882662777234215,0.007060240770503601,0.0309034115800233,0.07749414033078073,0.07842111217741787,0.29654583380642396,0.018566392907039472,0.017745024440734922,848647.15,0.04439744187754413,-0.006007449325162948,0.46000982353188286,0.30184807776140277,0.33201346084388544,0.3159,0.3263,0.8461259643765092,13.651399950654467,-0.10762437743908393,7,0.009739625569785028,92
CFG,2026-08-25,2026-09-18,50.0,18.7,21.39,20.045,0.603,0.986,0.0028,-0.0061,0.0055,0.0322,24,69.9021987915039,3.251265060069949,-0.004667585786144235,-0.04843180421058246,-0.041647978451092804,0.1227465575971205,0.16116607816618767,0.012889405209111669,0.01645107565625381,3030335.6,-0.0747446769043294,-0.0646032965149299,0.4445587863854643,0.31237752952435743,0.3183444491431936,0.2521,0.2575,0.7152850820778063,14.924184260424525,-0.11087125936112807,7,0.009739625569785028,93
MET,2026-08-25,2026-09-18,90.0,5.3,7.2,6.25,0.1503,0.96,0.0233,-0.0163,0.0212,0.0564,24,95.9250030517578,2.1875580900496243,-0.002962228826804525,-0.008322136640534827,-0.016052875641649034,0.1600556321150166,0.30830610271441805,0.013323009224651761,0.015006247290849019,3607462.8,-0.04914957409488563,-0.0402700752314049,0.41691295976119636,0.2707406181621595,0.2168338002448479,0.2078,0.2196,0.9382329646780322,15.098515534929781,-0.11195907074343137,7,0.009739625569785028,94
HAS,2026-08-25,2026-09-18,72.5,22.5,26.6,24.55,0.4064,0.9935,0.0006,0.0,0.0016,0.0474,24,96.78500366210938,4.80799839528774,0.014411486712331723,0.029737268452660004,0.0046191337049461545,0.12318679028346069,-0.0035518748179150794,0.014755266612000346,0.020135208001689282,1638232.0,-0.02847756474829044,-0.08641682620651579,0.36412977907122035,0.3179878330612802,0.43156774190775116,0.3695,0.2791,0.74908299071939,14.309128779921304,-0.11197028438627721,7,0.009739625569785028,95
FTV,2026-08-25,2026-09-18,60.0,0.6,3.2,1.9000000000000001,0.2457,0.5952,0.1047,-0.0538,0.0604,0.0221,24,59.59999847412109,1.9131901139199132,-0.014224290826567954,0.002523090147294571,-0.07005770198671413,0.021947852983450256,0.02758618058829465,0.01953146109980976,0.0173358620894179,2481449.8,-0.10315440043995072,-0.07005770198671409,0.26727620712500755,0.29988938509881335,0.35295607230227255,0.3019,0.3313,1.0067114351697946,14.72435394709537,-0.11526978427109158,7,0.009739625569785028,96
FOX,2026-08-25,2026-09-18,65.0,0.05,1.35,0.7000000000000001,0.2272,0.2209,0.0798,-0.012,0.0477,0.0088,24,62.380001068115234,1.6160622677209993,0.012826772423609967,0.018781668046324862,0.20821227537488474,0.08694897598076734,0.17167541512954454,0.02226190877554041,0.030399309226214054,971355.9,0.17511557692164814,-0.07939788811250069,0.40527150091968667,0.3584870498539329,0.3360360047958169,0.3219,0.3515,1.0420006233892796,13.786449238957422,-0.11797346893674399,7,0.009739625569785028,97
CLX,2026-08-25,2026-09-18,95.0,9.3,11.5,10.4,0.2674,0.9404,0.0175,-0.0459,0.0336,0.0577,24,104.6500015258789,1.8298654316981409,-0.02351401218738325,-0.008526778776477784,0.043161900361111005,0.162519500426346,-0.10883078213475561,0.021572811792393867,0.021098491042389738,2623263.55,0.01006520190787441,-0.17702108751148068,0.21516486516870556,0.3517187693090397,0.36045878794995145,0.3193,0.2944,0.907787851073346,14.779930111559622,-0.11882029778453929,7,0.009739625569785028,98
PCAR,2026-08-25,2026-09-18,118.6,9.4,13.7,11.55,0.1998,0.9714,0.0113,-0.049,0.0248,0.0748,24,129.16000366210938,6.264946858031596,-0.006002761002321777,0.008904853551029435,-0.06548008546511264,0.1702455417951796,0.03394176717349717,0.013887566381036453,0.019123512027452823,3201814.8,-0.09857678391834923,-0.06548008546511262,0.38881724367859544,0.2883924076493568,0.2976278645476658,0.2641,0.2735,0.9182409154328068,14.979228644338173,-0.12149850010480745,7,0.009739625569785028,99
POOL,2026-08-25,2026-09-18,165.0,18.0,27.0,22.5,0.4694,0.8429,0.0101,-0.053,0.1099,0.0889,24,184.7100067138672,4.978706585195972,-0.01875264915153807,-0.014879964192708317,-0.03876975856714748,0.018247039298532997,-0.16159044636754782,0.026209305039875692,0.025288290293114562,633228.05,-0.07186645702038408,-0.4463461140901166,0.054040178748296946,0.4067451048627919,0.47248380595301037,0.4392,0.4035,0.893292155284257,13.358587484016223,-0.1226798009221417,7,0.009739625569785028,100
VTR,2026-08-25,2026-09-18,87.5,5.6,7.9,6.75,0.1533,0.974,0.0177,-0.0235,0.0157,0.0556,24,94.05999755859376,2.5461619474662105,0.006312146466089574,0.031359656864623275,-0.04157328160208873,0.11419094525868645,0.08426510153998579,0.02226163926959609,0.01936384055729488,3324248.5,-0.07466998005532532,-0.06435891076560464,0.40116194558319657,0.35788884036278545,0.37625644883015846,0.3257,0.2321,0.9302573067311928,15.016754492309074,-0.12426490342857366,7,0.009739625569785028,101
CPRT,2026-08-25,2026-09-18,30.0,3.3,4.0,3.65,0.4099,0.8578,0.0641,-0.0185,0.0191,0.0163,24,33.44499969482422,23.185441806156685,0.005562278491494821,0.06140905908876415,0.08976862537715813,0.02059808445625544,-0.11847651804395087,0.02785115072137491,0.026574003773205023,10772666.35,0.056671926923921534,-0.33069844150879096,0.23095324258041736,0.27696439878698104,0.37317586839989914,0.428,0.38,0.8969950747119502,16.192522683278362,-0.12917838794593894,7,0.009739625569785028,102
WELL,2026-08-25,2026-09-18,195.0,45.5,49.0,47.25,0.3218,0.9975,0.0005,-0.0369,0.0069,0.1273,24,241.44000244140625,7.122123645248024,0.0059581182754853135,0.02548419953186687,-0.00874493910893237,0.17586324593744873,0.1672226024522354,0.01406858571240393,0.01706044929214761,2933456.95,-0.041841637562168965,-0.042170843709858435,0.46416016602747545,0.2842548343931029,0.2710966710120884,0.2347,0.2296,0.8076540673798389,14.891692472832496,-0.134587130251012,7,0.009739625569785028,103
ZBRA,2026-08-25,2026-09-18,310.0,48.6,56.1,52.35,0.5024,0.8906,0.0041,-0.2319,0.1741,0.1754,24,360.19000244140625,8.41565441266451,-0.008560378354140807,-0.017002376393277507,0.26649089371115764,0.4784303871547342,0.5564342117851631,0.061296491280062315,0.04224275581931192,851764.1,0.23339419525792104,-0.05970342834790326,0.8072754487006487,0.6815763106088184,0.9600593296601784,0.7499,0.3579,0.8606568697042865,13.655066063572704,-0.1346819236029443,7,0.009739625569785028,104
BEN,2026-08-25,2026-09-18,34.0,1.4,1.7,1.5499999999999998,0.2256,0.7393,0.1603,-0.0172,0.0293,0.016,24,35.04499816894531,1.1066841082649588,0.012276119300198118,0.031038435962975397,0.05145503281349062,0.12975492107622677,0.3184724706372002,0.017031058371005815,0.017000066436524467,4209756.85,0.018358334360254025,-0.02026844505284321,0.654626896316962,0.29773176196037204,0.2921856252074473,0.2494,0.2624,0.970181246296331,15.252915686189624,-0.13812741768842007,7,0.009739625569785028,105
INCY,2026-08-25,2026-09-18,110.0,18.6,21.0,19.8,0.367,0.963,0.0065,-0.0275,0.0264,0.0689,24,129.75,24.389096957393615,0.013830259389272959,0.05086254731682849,-0.001385305056011088,0.34122392872817287,0.31246205946729444,0.017892462310566626,0.02512623604644689,1532182.1,-0.03448200350924768,-0.0013853050560111387,0.5889051454966394,0.3983411521225905,0.4031726748772214,0.3551,0.332,0.8477842003853564,14.242204139112369,-0.13913797196401922,7,0.009739625569785028,106
TXT,2026-08-25,2026-09-18,80.0,2.9,3.3,3.0999999999999996,0.2104,0.7085,0.078,-0.0424,0.0723,0.0361,24,81.8550033569336,2.1255519845391335,-0.003348275973221626,-0.060541651127820284,-0.09009555146758563,-0.10794462237033886,-0.17576270899978197,0.01751073522258514,0.01854295373215361,1498431.55,-0.12319224992082223,-0.18770461363743907,0.030659849460188144,0.3397962963298395,0.3668510963969397,0.3259,0.2457,0.9773379356073723,14.219930153047454,-0.14543973755525186,7,0.009739625569785028,107
KEY,2026-08-25,2026-09-18,21.0,0.9,1.05,0.9750000000000001,0.2446,0.7111,0.2438,-0.005,0.0187,0.0095,24,21.899999618530277,0.6600361487975657,0.001371686243516912,-0.03905227122613619,-0.03225804548424016,0.02672291124533621,0.057460192499468876,0.012420117034801476,0.013257599270717764,9252314.05,-0.06535474393747676,-0.08711964037215467,0.30512507284696117,0.24117853833392627,0.19532434697179174,0.1969,0.2212,0.9589041262919129,16.040384353850552,-0.14612197446644803,7,0.009739625569785028,108
ETR,2026-08-25,2026-09-18,95.0,9.8,14.0,11.9,0.2639,0.959,0.0115,-0.0117,0.0229,0.0595,24,106.5999984741211,3.0831524547176414,0.007656655180866556,-0.013693591153403628,-0.050925936932376126,-0.022466799716400532,0.0010329665936541499,0.013520976420385095,0.0134125973487397,2266136.15,-0.08402263538561272,-0.09592065844047441,0.2276862400801618,0.21269282034826031,0.2231610237817501,0.2094,0.2224,0.891182001499398,14.633587243892972,-0.14650962243279875,7,0.009739625569785028,109
EFX,2026-08-25,2026-09-18,155.0,35.9,39.0,37.45,0.4656,0.9642,0.003,-0.0122,0.0345,0.0975,24,192.25999450683597,5.068810781965665,-0.01217700414385503,0.05730311470961058,0.028018340897592697,0.15965982443234217,-0.0692743975892044,0.025197065504386072,0.028419186361200055,1161328.45,-0.005078357555643898,-0.26710629989731294,0.2654512194779011,0.3588400634536311,0.4521868558942387,0.4363,0.3817,0.8061999606188943,13.965075984423196,-0.15355281791400166,7,0.009739625569785028,110
APD,2026-08-25,2026-09-18,260.0,43.5,47.1,45.3,0.2956,0.9902,0.0017,-0.1174,0.0304,0.1673,24,304.3599853515625,5.538941983877075,-0.006138992106725416,0.003726459533338611,0.039303325962637636,0.0923838586083845,0.10999260321607629,0.012545002722595849,0.017193068601822143,989665.5,0.0062066275094010415,-0.031286855130525565,0.3189460590949452,0.24384889656684985,0.19017713149641202,0.1913,0.2433,0.8542515853379253,13.805123296670901,-0.15418663196502636,7,0.009739625569785028,111
IEX,2026-08-25,2026-09-18,210.0,19.89,23.5,21.695,0.2357,0.9488,0.0076,-0.0599,0.063,0.1296,24,230.3999938964844,8.355899075065054,-0.014078516455776735,-0.01605743810565785,0.02559537127185285,0.09282356351308962,0.10397698737687966,0.013104109280003471,0.012679743167965725,669502.0,-0.0075013271813837434,-0.04207554546902703,0.4465092645796257,0.22365706427268148,0.2054553567836137,0.1994,0.2571,0.9114583574787339,13.414290925059262,-0.15692781477206297,7,0.009739625569785028,112
SWK,2026-08-25,2026-09-18,87.5,10.19,12.0,11.094999999999999,0.4325,0.855,0.0211,-0.0607,0.0571,0.0475,24,98.20999908447266,2.043487230090928,-0.003045407017075785,-0.0019309190900396178,0.04267965324204326,0.2365902965089035,0.2310102856251035,0.01972108593298482,0.024355739958018412,2031736.65,0.009582954788806664,-0.05567308572622446,0.5809723241006646,0.3704739521307849,0.36872660832236115,0.3342,0.3332,0.890947976944173,14.524401970093225,-0.15820255711832065,7,0.009739625569785028,113
BF.B,2026-08-25,2026-09-18,25.0,3.1,3.7,3.4000000000000004,0.5144,0.8192,0.0688,-0.0148,0.0184,0.0129,24,28.18000030517578,1.9598479153021549,-0.019826076341711962,0.03793741072255896,-0.024913471379177543,0.095645453246338,0.07311500607613275,0.019098485044327564,0.02261884096908691,1971913.85,-0.05801016983241414,-0.0921391922034669,0.23596496702378145,0.3552539675281405,0.37835383378632104,0.3634,0.4022,0.8871540003286759,14.49451563369927,-0.15916054801628954,7,0.009739625569785028,114
MLM,2026-08-25,2026-09-18,440.0,88.59,97.1,92.845,0.3782,0.9758,0.001,-0.047,0.0708,0.2807,24,531.72998046875,6.930786913559916,-0.00258859319977367,0.01706161502612913,-0.08898864763001069,-0.08580914813753793,-0.1950802299120321,0.022178276734115085,0.021931411058084604,603032.35,-0.12208534608324728,-0.24908560609443087,0.017061615026129157,0.3337190617540651,0.35307546927111716,0.3293,0.2762,0.8274876650967004,13.309727780979294,-0.16062271646785486,7,0.009739625569785028,115
CNP,2026-08-25,2026-09-18,37.0,1.95,2.7,2.325,0.2226,0.8408,0.1057,-0.0071,0.0238,0.0201,24,39.17499923706055,3.041537180821758,0.001918178155150052,-0.03367048958166119,-0.11167799109903931,-0.07300045449601267,-0.11006363403725561,0.012059151309760867,0.012751228057724464,6072742.85,-0.1447746895522759,-0.13021761898865467,0.04970524001621553,0.20695216190783727,0.2075428405690377,0.2045,0.2125,0.944479916287964,15.619321095495197,-0.16311253806052706,7,0.009739625569785028,116
LIN,2026-08-25,2026-09-18,400.0,85.7,89.8,87.75,0.3327,0.9865,0.0005,0.0,0.0299,0.2594,24,487.1199951171875,9.173634823258821,-0.005938419421991359,0.017568055424426188,-0.0470675650520892,-0.021238134727175284,-0.024179184809766996,0.016268147709504285,0.013954381725753516,2209445.4,-0.0801642635053258,-0.10888339297577643,0.2510144049738526,0.2463284057475049,0.2576523377695164,0.2361,0.22,0.8211529069008369,14.60825254437658,-0.16543348772265254,7,0.009739625569785028,117
HII,2026-08-25,2026-09-18,250.0,39.79,43.7,41.745000000000005,0.4064,0.933,0.0042,-0.0916,0.0953,0.1508,24,291.95849609375,8.173529846480868,-0.00906733443569363,-0.08076411460873578,-0.026480486710098172,-0.05260575859950101,-0.33194861471925863,0.03852191724082813,0.02741684690828121,524254.9,-0.05957718516333477,-0.35653695143707975,0.09319087912150696,0.3377499032631776,0.3843222432428864,0.5156,0.3075,0.856286093211424,13.169735202873467,-0.16612969384941656,7,0.009739625569785028,118
GPN,2026-08-25,2026-09-18,80.0,13.5,15.0,14.25,0.4681,0.9173,0.0135,-0.0415,0.0364,0.0471,24,93.83000183105467,3.681773575981104,-0.004984106102787322,0.038287030865488125,0.07283332738695303,0.2426168610321635,0.2096171483846916,0.023428929175959595,0.02864785876853329,3068522.3,0.039736628933716434,-0.010545185918920046,0.502000960421921,0.3309025666175567,0.4324939257806403,0.424,0.3719,0.852605759765877,14.936706994069082,-0.16722530353486587,7,0.009739625569785028,119
NOC,2026-08-25,2026-09-18,490.0,50.3,55.6,52.95,0.291,0.91,0.0037,-0.0494,0.2144,0.2903,24,542.8400268554688,10.140406127159531,-0.011724443085342151,-0.07858910724405255,-0.011616372652087814,-0.03697127109547649,-0.27990023411220954,0.017346910652810445,0.019379492158844647,663033.8,-0.04471307110532441,-0.29319547270814195,0.09439143356883217,0.2340189018259322,0.20369455778506151,0.2594,0.2613,0.9026600393461085,13.4045827564783,-0.17060150464950596,6,0.009961076972190064,120
ZBH,2026-08-25,2026-09-18,70.0,28.6,32.6,30.6,0.5867,0.9999,0.0012,-0.039,0.0046,0.0454,24,100.41000366210938,1.5290109098057203,-0.005644678905480371,0.012708039504180979,0.04866844555727812,0.21960404990826743,0.04866844555727812,0.016230693868405567,0.020124034684079743,2386284.35,0.015571747104041522,-0.06630088518428208,0.2617492001982607,0.26766106142430135,0.311299275788556,0.2896,0.2935,0.6971416935264503,14.685248467951132,-0.17068740470682164,6,0.009961076972190064,121
UHS,2026-08-25,2026-09-18,150.0,25.1,28.0,26.55,0.3115,0.9812,0.0032,-0.0295,0.0208,0.0961,24,175.7449951171875,7.518502464906417,-0.003713145135828322,0.015338834337450757,0.057303536436853486,0.20282659902156186,-0.13130840176947944,0.016385736529358944,0.01991536227465771,758663.0,0.02420683798361689,-0.2802645573401289,0.24491745694339764,0.3185543533141018,0.3260842591991362,0.2883,0.299,0.8535093696408218,13.539314270615582,-0.17129154673222258,6,0.009961076972190064,122
EXC,2026-08-25,2026-09-18,42.0,1.9,2.7,2.3,0.173,0.8698,0.1015,0.0,0.0228,0.0239,24,44.34999847412109,1.1594014636711925,0.00022549214025224806,-0.02118743919826549,-0.06256611315257765,-0.02826470054291752,-0.09949241676911502,0.012324680786714457,0.013326522797868669,6690280.2,-0.09566281160581425,-0.11811497978263598,0.037912449081200575,0.21228626659608815,0.2174705800359573,0.2072,0.1972,0.9470124339352042,15.716166464105957,-0.17390097344498212,6,0.009961076972190064,123
J,2026-08-25,2026-09-18,130.0,19.89,22.3,21.095,0.2238,0.9958,0.0013,-0.0143,0.0045,0.0848,24,151.14999389648438,5.312087342088394,-0.003034144924578097,0.05802879217916046,0.0749590586756379,0.2610545063140146,0.09410061943065218,0.01706856948422279,0.017861902121326153,918961.25,0.04186236022240131,-0.08081980264903858,0.4090612345167276,0.29836462534989844,0.28573554253884503,0.2608,0.2648,0.8600728101188742,13.731000323236241,-0.17422275241050056,6,0.009961076972190064,124
RJF,2026-08-25,2026-09-18,160.0,14.7,17.5,16.1,0.1486,0.9906,0.0023,0.0,0.0071,0.1043,24,175.23500061035156,10.425138541552366,-0.008178583457841393,-0.02267151350930441,-0.010977492639300368,0.22191615741971238,0.12243790732132598,0.011812028292185786,0.014220889494773677,925506.85,-0.04407419109253696,-0.03281263001300677,0.24377174653623104,0.24367288404984153,0.18671752097829217,0.1995,0.2244,0.9130596024921542,13.738097892861393,-0.17444615251587203,6,0.009961076972190064,125
DTE,2026-08-25,2026-09-18,125.0,10.8,13.5,12.15,0.2059,0.9564,0.0115,0.0,0.0294,0.0784,24,136.57000732421875,3.712858896563182,0.006707973150110957,-0.025961052816128483,-0.06510127592847714,-0.044095947422698956,-0.0902004745258731,0.009844297925907275,0.01218600908758474,1296628.7,-0.09819797438171374,-0.11565101469025338,0.0699624567319963,0.1873745052905797,0.1832911721519499,0.1722,0.2081,0.9152814915155462,14.0752789175227,-0.17552342003729937,6,0.009961076972190064,126
XYL,2026-08-25,2026-09-18,95.0,16.5,19.6,18.05,0.324,0.9785,0.0043,0.0,0.0118,0.061,24,112.44499969482422,4.784893604035073,-0.015195310962640707,-0.013120964670426671,-0.10022406500388159,0.026519981331176723,-0.1310277820818414,0.018004916350389262,0.017409060384157547,1629855.8,-0.13332076345711819,-0.264825093570448,0.057410227263269935,0.26517090986456787,0.32910784738333954,0.3148,0.2641,0.8448574881749303,14.304002716162929,-0.1759680336256919,6,0.009961076972190064,127
TRMB,2026-08-25,2026-09-18,40.0,17.6,21.7,19.65,0.7948,0.9622,0.004,0.0,0.0076,0.0253,24,59.38999938964844,6.6786617823098,-0.021097722398680685,0.042112609940288204,0.017300416290756404,0.0528275048802902,-0.15060067298419544,0.02091691714220098,0.022462862468477625,2754243.6,-0.01579628216248019,-0.28891281397604285,0.21526500281750566,0.383612998183266,0.4325478996533334,0.4009,0.3781,0.6735140665277044,14.828653770594054,-0.1814844072948688,6,0.009961076972190064,128
WST,2026-08-25,2026-09-18,320.0,29.7,33.0,31.35,0.2273,0.9478,0.0053,-0.0938,0.0974,0.1973,24,349.5899963378906,27.800397744763078,-0.010557033026735274,0.008655760500009713,0.03735903957831055,0.08295901298545139,0.4048786428335871,0.009428287136476986,0.016294669217309366,527114.55,0.004262341125073954,-0.04415703594822942,0.5137042691376897,0.30507972239549236,0.31951814889765995,0.2878,0.2664,0.9153580003779889,13.175175063451597,-0.1818892293089539,6,0.009961076972190064,129
SBAC,2026-08-25,2026-09-18,165.0,21.2,25.1,23.15,0.4171,0.8898,0.0093,-0.0883,0.0897,0.094,24,187.6725006103516,10.432045747529592,0.014062209883493493,0.034578318218944304,0.07284347149197878,-0.07623303195798414,-0.044583273389845246,0.0245999350195486,0.022519972795192668,1085046.9,0.03974677303874219,-0.1612402207358588,0.13637606749161776,0.37586581496128857,0.39650276618843155,0.3433,0.28,0.8791911412880645,13.897134691447665,-0.1867940590281708,6,0.009961076972190064,130
AEP,2026-08-25,2026-09-18,100.0,21.3,25.2,23.25,0.3971,0.9812,0.0034,-0.0161,0.0138,0.0641,24,122.87000274658205,3.296753454184279,0.007296272873875687,-0.027542507080060008,-0.07630432416081523,-0.02999917484245207,-0.0797633402119019,0.01307125998246384,0.013349769578510211,3822546.0,-0.10940102261405182,-0.11406734022885202,0.15435926276138803,0.19743857310105004,0.1914456142850277,0.2011,0.202,0.8138682979135993,15.156427512327815,-0.18719071122071917,6,0.009961076972190064,131
GL,2026-08-25,2026-09-18,130.0,41.1,45.2,43.150000000000006,0.4914,0.9863,0.0011,0.0,0.0114,0.0841,24,172.70750427246094,6.989062684884283,-0.002440366189774834,-0.030169011137424984,-0.036069062692017595,0.1270392722621334,0.19314338012062815,0.012740804859349085,0.015158583732605275,576002.6,-0.06916576114525419,-0.07156488385249866,0.3247488742882665,0.32626140073363863,0.30942232702321776,0.2935,0.2467,0.7527177267000155,13.263869189658497,-0.19115504535072014,6,0.009961076972190064,132
FITB,2026-08-25,2026-09-18,50.0,5.0,5.4,5.2,0.3259,0.8765,0.0439,-0.0196,0.0283,0.0282,24,54.915000915527344,1.4436119767050763,0.0002732129186073795,-0.041455750777555034,-0.049913466429310605,0.0998397872998773,0.10849818128112543,0.01198707348354448,0.016049130002262425,5335435.1,-0.0830101648825472,-0.07503786586670894,0.36062933808387265,0.22576159573660098,0.18910998866160292,0.2028,0.234,0.9104980272496432,15.489881182582446,-0.1915666924179953,6,0.009961076972190064,133
VMC,2026-08-25,2026-09-18,210.0,63.1,66.7,64.9,0.5019,0.9799,0.001,0.0,0.0274,0.1348,24,273.75,3.9998537439323796,-0.007936516713887065,0.007730558257681652,-0.05086336850688089,-0.03241203517783886,-0.07510646044051594,0.0215877766379651,0.020637443881175648,977891.95,-0.08396006696011749,-0.17138358795901995,0.06509225625030352,0.3384948901031155,0.3383414177753519,0.3124,0.2558,0.7671232876712328,13.793155484948272,-0.19301855947867608,6,0.009961076972190064,134
DOV,2026-08-25,2026-09-18,175.0,25.9,28.9,27.4,0.2732,0.9798,0.003,-0.0075,0.0222,0.1124,24,202.8000030517578,7.45343726095861,-0.004027070450314918,-0.0012803826945820829,-0.0013787609650004473,-0.04049960983097456,-0.08582759466481649,0.012160181299868407,0.01817550866153384,937181.15,-0.03447545941823704,-0.13077019770305212,0.25837675877044236,0.27343554676454507,0.3696704527157573,0.3225,0.2396,0.8629191191645948,13.750632939339647,-0.20071678415948846,6,0.009961076972190064,135
AOS,2026-08-25,2026-09-18,45.0,15.0,19.1,17.05,0.5272,0.9946,0.0024,-0.0129,0.0031,0.0292,24,61.79999923706055,10.528109104243104,-0.01466839868840586,0.015445261539302368,-0.03452589947531082,0.08956272755690975,-0.15746420555326324,0.0219862947907557,0.01996209875647252,1522482.5,-0.06762259792854741,-0.23201195104293357,0.10792399766057413,0.31724438306710356,0.3291381981235243,0.3202,0.2723,0.7281553487951204,14.23585344106904,-0.2042803833494481,6,0.009961076972190064,136
IFF,2026-08-25,2026-09-18,80.0,6.3,8.1,7.199999999999999,0.2322,0.9227,0.0269,-0.0106,0.0311,0.0481,24,86.86000061035156,2.5782132428313638,0.012236372003633145,0.07234568654755025,0.09602524429465698,0.1421432889520955,0.11088371784413753,0.025317319160097603,0.022778688590750704,1559977.4,0.06292854584142038,-0.013739060845526114,0.45860624220285157,0.40408100988186424,0.44056752964707796,0.3859,0.2581,0.9210223283197396,14.260182532976014,-0.20439890477804323,6,0.009961076972190064,137
EXPD,2026-08-25,2026-09-18,175.0,13.5,16.3,14.9,0.2098,0.9396,0.0115,-0.0342,0.0574,0.1072,24,189.44000244140625,5.5931505289499714,0.008571583850591091,0.018768516001296254,0.10512194880961956,0.19906320561273083,0.2900237968520658,0.0190432596885796,0.015770777393103005,1031358.5,0.07202525035638296,0.0,0.6745337845014645,0.3304286199980034,0.33433748694409376,0.2821,0.2201,0.9237753259326918,13.846388392812319,-0.2052626590218295,6,0.009961076972190064,138
KDP,2026-08-25,2026-09-18,31.0,1.15,1.55,1.35,0.2643,0.6804,0.1729,-0.0313,0.0295,0.0131,24,31.84000015258789,1.2634920312944433,-0.020608988112482796,0.03410195536990179,0.024453031877331277,0.06027304111076148,0.10287492992789793,0.01965478597348764,0.019141222022679746,12229883.7,-0.008643666575905318,-0.04955223425110774,0.2584980676974592,0.3340484638714494,0.31195968282342323,0.3024,0.2629,0.973618085786359,16.319393079981957,-0.20587473678547286,6,0.009961076972190064,139
SJM,2026-08-25,2026-09-18,110.0,14.4,16.3,15.350000000000001,0.3326,0.9383,0.0112,-0.0306,0.0383,0.067,24,124.66999816894533,2.819950254482852,-0.009533681984997822,0.052067495096584926,0.01324770189604485,0.20804265363952434,0.08663814626665411,0.018197885502968938,0.023640616369421986,1116928.65,-0.019848996557191745,-0.013296401467862807,0.39249413457798804,0.24087362901820913,0.3242889741903111,0.3054,0.3342,0.8823293624415922,13.926094094868297,-0.20784779754061977,6,0.009961076972190064,140
NI,2026-08-25,2026-09-18,35.0,5.1,6.4,5.75,0.4646,0.9121,0.0319,-0.0147,0.0163,0.0205,24,40.970001220703125,4.967539401656557,0.0034288362324284005,-0.027302890321563966,-0.10408918366895803,-0.1135871886919897,-0.13856181586001248,0.012881098254604052,0.013292885964053328,6261542.8,-0.13718588212219462,-0.16524043006901587,0.04064014051883954,0.22890062016160875,0.22809576835414658,0.2088,0.2282,0.854283596709137,15.649937326090722,-0.21241736687145174,6,0.009961076972190064,141
MAA,2026-08-25,2026-09-18,125.0,7.5,9.1,8.3,0.1535,0.947,0.0199,-0.0126,0.0357,0.0774,24,132.6300048828125,2.720615484775641,-0.003980164949842879,0.018898415521788614,-0.022191053674286976,0.02758191180427505,-0.008596157175794095,0.012086176505457978,0.013422106147341458,953423.1,-0.05528775212752357,-0.09045399656358108,0.10002492509341848,0.21230213442233203,0.20675693777200416,0.1963,0.2262,0.9424715026622059,13.76781509938597,-0.2129171531840145,6,0.009961076972190064,142
RF,2026-08-25,2026-09-18,30.0,0.8,1.15,0.975,0.2427,0.5929,0.1997,-0.0078,0.03,0.0113,24,30.690000534057617,0.8973684166497031,0.001958908747469623,-0.031861205191598296,-0.01854812648594173,0.09607144764491493,0.1027668206321255,0.011385820234358232,0.014326088806866186,7522958.2,-0.051644824939178324,-0.05277780590397371,0.31434689647426406,0.2295888169929381,0.2063155392567097,0.2083,0.2281,0.9775170895389231,15.833470129159315,-0.21343681448972562,6,0.009961076972190064,143
L,2026-08-25,2026-09-18,110.0,2.04,4.2,3.12,0.1887,0.6323,0.0684,-0.025,0.1072,0.0446,24,111.0199966430664,3.5022080117064274,-0.0038582352350847726,-0.012716766064778007,-0.0701842946040181,0.07213899923860789,-0.004215635749472368,0.0073079752124592095,0.010153892242501421,656953.05,-0.10328099305725469,-0.07018429460401814,0.16068996206998512,0.17383244684272994,0.1495129329947511,0.1403,0.272,0.9908124961816948,13.395369355903695,-0.21347620860234295,6,0.009961076972190064,144
YUM,2026-08-25,2026-09-18,140.0,15.4,18.3,16.85,0.2746,0.9484,0.0095,-0.0375,0.0423,0.0863,24,157.0800018310547,9.28002974832243,-0.0017159470097720675,0.0843573185780444,0.04524888945297634,0.061710071450738146,-0.012013356790477658,0.023010566550462887,0.018158354645672538,2591696.35,0.012152190999739743,-0.06588963837868474,0.13653132335239365,0.32456681087777384,0.3370657093049918,0.3316,0.2609,0.8912655867586197,14.767823566519676,-0.2190953850551044,6,0.009961076972190064,145
TFC,2026-08-25,2026-09-18,50.0,1.45,1.55,1.5,0.2357,0.577,0.1254,-0.015,0.0504,0.0183,24,50.4900016784668,1.198433429822022,-0.006297966663555976,-0.03663419527829126,-0.04717871147031705,0.04729314742361157,0.028100204662273143,0.00976328631891942,0.01650718193225592,6156592.3,-0.08027540992355364,-0.09532341092846147,0.22876615942983597,0.20997902728998624,0.18375315635370126,0.1864,0.2386,0.9902950750212438,15.633034146814762,-0.22095059734871592,6,0.009961076972190064,146
SHW,2026-08-25,2026-09-18,310.0,40.29,42.7,41.495000000000005,0.268,0.9619,0.0029,0.0,0.0642,0.1958,24,349.5899963378906,23.781632712508646,0.008248450555020659,0.0125119687829216,-0.013210243094005425,0.15057267164104005,0.005522428843450777,0.018449671070904766,0.021798086452171878,1761054.5,-0.04630694154724202,-0.06833146043153707,0.19313991924194754,0.3421137809335783,0.43307619992695706,0.3799,0.2585,0.8867530628661767,14.381423903165706,-0.22168772238333667,6,0.009961076972190064,147
ES,2026-08-25,2026-09-18,65.0,5.8,7.2,6.5,0.223,0.9514,0.0237,-0.0085,0.0177,0.0404,24,71.32499694824219,3.604092655310602,0.0010525887472587758,-0.012392747955318084,-0.05391965080668781,0.044748798233404496,-0.05304039780627556,0.011683177616100146,0.013804833058371603,2250715.3,-0.08701634925992441,-0.0640992283809876,0.13466427387365693,0.19601066437571743,0.18546928142391522,0.1838,0.2038,0.9113214550456694,14.626759079071782,-0.22172064098745536,6,0.009961076972190064,148
PAYX,2026-08-25,2026-09-18,115.0,10.5,11.8,11.15,0.2929,0.8932,0.0204,-0.0739,0.0611,0.0658,24,125.16999816894533,3.2511687836089695,-0.00666616897900707,0.04369213583286724,0.052999034885144125,0.29067842685320233,0.3067125688758141,0.020072122954142395,0.020701016570999948,2564116.45,0.01990233643190753,-0.10246671344452858,0.46277899515426024,0.2662450133170822,0.31227315251881543,0.3208,0.3105,0.9187505127609046,14.757124903305867,-0.2233073157117338,6,0.009961076972190064,149
SYK,2026-08-25,2026-09-18,300.0,32.1,34.79,33.445,0.3422,0.8843,0.0067,-0.1578,0.1663,0.1702,24,330.9750061035156,7.3713807317523665,0.009655009208058729,-0.0011919878670131334,-0.04508078397244297,0.08484384960612434,-0.13332374922605272,0.02338920987044995,0.0245170363929269,2364099.5,-0.07817748242567957,-0.16068618659741693,0.17126131301189546,0.35620851624169103,0.4272084789583808,0.3957,0.2809,0.9064128543475942,14.675908169294843,-0.22369354431334776,6,0.009961076972190064,150
PFG,2026-08-25,2026-09-18,115.0,0.45,1.4,0.9249999999999999,0.1297,0.1164,0.0524,-0.0083,0.0559,0.0084,24,111.76000213623048,2.353337506553624,-0.0011618308528651422,-0.012197253498873684,-0.02042242331886479,0.07855625529711685,0.1952941404944437,0.00837590668310111,0.013615688978797256,1105781.95,-0.053519121772101386,-0.0316263877485452,0.42569209090960425,0.2262669193267416,0.1964528480083972,0.1793,0.2409,1.0289906746764383,13.916064194065708,-0.22528017979885284,6,0.009961076972190064,151
WY,2026-08-25,2026-09-18,24.0,0.6,0.85,0.725,0.2307,0.5932,0.2719,-0.0142,0.0241,0.0089,24,24.40999984741211,0.3665715751589925,0.000820026989100997,0.033883914289684514,-0.008126808532272989,-0.004079982886001421,-0.016518930396989817,0.022705920767858472,0.02011054311532868,5416633.9,-0.041223506985509584,-0.09926201092960019,0.14332549935681704,0.3581727019665077,0.34238272935978514,0.321,0.238,0.9832036112259306,15.50498531343933,-0.22585598206513302,6,0.009961076972190064,152
WRB,2026-08-25,2026-09-18,50.0,17.39,20.2,18.795,0.5591,0.9825,0.0028,0.0,0.005,0.0322,24,68.77999877929688,7.157219744666054,-0.013199400419321217,-0.01980902701895182,-0.09701981839696772,0.08246770205017451,-0.02287257599533843,0.010184601638993642,0.014403325353154693,1606344.35,-0.1301165168502043,-0.123374973465829,0.08246770205017462,0.214369313399956,0.23447725253543716,0.2155,0.2551,0.7269555232247292,14.289472187731524,-0.22594234769561117,6,0.009961076972190064,153
AIZ,2026-08-25,2026-09-18,250.0,33.5,36.6,35.05,0.2462,0.9776,0.0023,0.0,0.0315,0.1606,24,285.3699951171875,6.537685799346407,-0.00847782377993822,0.01892379638792696,0.008089616552024559,0.14666291925956343,0.23030825122565335,0.019763357924177983,0.014193225894902673,406095.45,-0.025007081901212036,-0.05371891041410684,0.3890673273262746,0.31668656398587586,0.3129899116717033,0.2639,0.2153,0.8760556620444179,12.914345971946942,-0.22792980283950304,6,0.009961076972190064,154
PLD,2026-08-25,2026-09-18,130.0,12.5,14.5,13.5,0.2836,0.9073,0.0151,-0.0153,0.0581,0.0767,24,143.125,2.8972671169862596,-0.0016392341612099237,0.022175372323922637,-0.027154671355211213,-0.002404692394003649,0.026574393054897838,0.011162762771855112,0.015900036723889156,4462840.1,-0.06025136980844781,-0.0462148318767355,0.2899955289477595,0.25019343673593647,0.28196058583422945,0.24,0.2243,0.9082969432314411,15.311296139123664,-0.22865133060214582,6,0.009961076972190064,155
ROP,2026-08-25,2026-09-18,360.0,51.0,59.4,55.2,0.2302,0.9911,0.0008,-0.017,0.0211,0.2341,24,412.239990234375,10.318898181769223,-0.007869893514946824,0.045843103714315214,0.05453795168914222,0.26636559389374703,0.14108562230662947,0.018521040365143893,0.021797852443909936,734890.45,0.021441253235905622,-0.22261402757809926,0.3065001484144893,0.29866053447766183,0.432568831588378,0.379,0.2949,0.8732777229965621,13.507478080213334,-0.22917607891168457,6,0.009961076972190064,156
GWW,2026-08-25,2026-09-18,1060.0,240.7,250.0,245.35,0.3439,0.9911,0.0001,-0.1121,0.0734,0.6882,24,1301.875,18.33110478085471,-0.015148667860066523,-0.009318019026181457,-0.06935808329455284,0.0547989129348998,0.13358327175573947,0.01576816603568814,0.01435295402908067,271461.55,-0.10245478174778944,-0.07143572334688383,0.4178864823726402,0.26682910815903976,0.26351005230391594,0.2337,0.2178,0.814210273643783,12.511579471456992,-0.23208339997909588,6,0.009961076972190064,157
PRU,2026-08-25,2026-09-18,105.0,13.9,16.3,15.100000000000001,0.3095,0.9492,0.0084,0.0,0.0255,0.0657,24,119.93000030517578,1.6250676876133168,-0.0223363324746767,-0.037016224317184765,-0.032276284920116693,0.1916733011974905,0.21398926200764667,0.011714306152147327,0.013355899954550401,1868935.9,-0.06537298337335329,-0.041556757471279605,0.3035869598388672,0.24105329139896906,0.18838251248986349,0.1953,0.2174,0.8755107123556686,14.440880324498055,-0.23261870107087634,6,0.009961076972190064,158
CMS,2026-08-25,2026-09-18,65.0,3.4,5.7,4.55,0.2692,0.8217,0.0552,-0.0352,0.0463,0.0341,24,68.9749984741211,4.73404254762088,0.008111667933772049,-0.029341389756641023,-0.07254274671529293,-0.04953839376906499,-0.11706354263871366,0.011120552040135574,0.013177560453829253,3796515.65,-0.10563944516852952,-0.13716541946971034,0.010326671535383596,0.19262440373318718,0.17675919761344402,0.1705,0.2057,0.9423704449140005,15.14959453324414,-0.2333700011970844,6,0.009961076972190064,159
HSIC,2026-08-25,2026-09-18,80.0,7.7,11.19,9.445,0.3035,0.9242,0.0202,-0.0234,0.0321,0.0479,24,89.58499908447266,5.162525270833317,0.000837861093199832,0.003978434542011966,0.04521059434595198,0.16982236801337058,0.11175225923049736,0.010280004226020004,0.012942041818298408,1230496.2,0.012113895892715387,-0.012728662183030823,0.44422055211086875,0.22754642051359267,0.18851000254222885,0.1656,0.2357,0.8930066508631134,14.022928873312894,-0.2335629931392812,6,0.009961076972190064,160
DOC,2026-08-25,2026-09-18,20.0,1.35,1.9,1.625,0.1989,0.9364,0.112,-0.004,0.0068,0.0122,24,21.690000534057617,0.9346789530431746,0.0027739887017586007,0.061154597227980556,-0.04951793058187004,0.13263712616837542,0.22889524095433145,0.014501723017067399,0.01538947877890193,5240407.05,-0.08261462903510663,-0.04951793058187006,0.37452477193253036,0.2729139777277561,0.2445260004358844,0.2278,0.2075,0.9220838869319538,15.471909925402752,-0.23367387131661843,6,0.009961076972190064,161
HCA,2026-08-25,2026-09-18,345.0,82.0,86.4,84.2,0.3661,0.9884,0.0005,-0.0049,0.026,0.2237,24,427.2099914550781,13.692627596424114,-0.004729286239589348,0.03759740620234764,0.021569116815353784,0.1285728900816583,-0.21527890279544637,0.01883879095724594,0.023737318522378377,1211109.7,-0.011527581637882811,-0.2163153970089829,0.1823590800266288,0.3020085185936489,0.33604471491621324,0.3613,0.2875,0.807565382131933,14.007048430413553,-0.23466815890927295,6,0.009961076972190064,162
EVRG,2026-08-25,2026-09-18,67.5,12.4,16.39,14.395,0.3668,0.9751,0.0056,0.0,0.0092,0.0432,24,81.70999908447266,3.7654376134410943,0.003931683219362769,-0.02049867084640189,-0.04611258940891161,-0.004022450358020735,-0.03095351778697608,0.009995808283179527,0.0109899516178273,1899506.85,-0.0792092878621482,-0.0728469121641363,0.15458531807741835,0.18539151748279856,0.16600705842713406,0.1622,0.1857,0.8260922868230336,14.45710538426777,-0.23517760848087765,6,0.009961076972190064,163
FE,2026-08-25,2026-09-18,42.0,4.3,5.5,4.9,0.3027,0.9217,0.0395,-0.0114,0.0172,0.0251,24,46.79499816894531,0.9515046335617963,0.004831403813517765,-0.009839191051685292,-0.0575025834681091,0.008730303613395662,-0.07883860488709282,0.009070597152584084,0.011623798617495722,4351676.3,-0.0905992819213457,-0.09853596019075692,0.08699184664934442,0.19512731312585316,0.1433778386950162,0.1523,0.2008,0.8975318227039182,15.286071914952506,-0.2355798744160409,6,0.009961076972190064,164
VRSN,2026-08-25,2026-09-18,260.0,33.29,36.5,34.894999999999996,0.3832,0.9004,0.006,-0.1258,0.1312,0.1504,24,294.5950012207031,13.39677145461486,0.013085018618146371,0.06451908512104265,0.04782147471491327,0.03229026624228504,0.23349243797726849,0.01989927607655068,0.02186745723972885,744589.45,0.014724776261676675,-0.049693544449344755,0.39294999086954585,0.3218459560898651,0.3822881929110049,0.3632,0.298,0.8825675891398258,13.520589614660288,-0.23885432151016184,5,0.012423619088714952,165
CHD,2026-08-25,2026-09-18,95.0,6.8,8.69,7.744999999999999,0.1404,0.9849,0.0096,-0.0078,0.0094,0.0613,24,102.25,12.345305970835817,-0.002730896153618323,0.031473850832518524,0.023216248251167748,0.06922516926398248,-0.0021469817320415308,0.016268698447086054,0.01584369295114728,1889491.05,-0.009880450202068847,-0.028595877590187134,0.2530637489218571,0.20533696044940183,0.22088174573186506,0.2455,0.2098,0.9290953545232273,14.451818594300537,-0.23942140155629477,5,0.012423619088714952,166
PPL,2026-08-25,2026-09-18,34.0,0.95,1.75,1.35,0.2182,0.698,0.1747,-0.0091,0.0309,0.0152,24,35.17499923706055,1.2750077035594283,0.0038526917239143366,-0.012492973278162678,-0.0317919773130001,-0.006075166891660877,-0.08849445198300498,0.011652486761080333,0.012802259447846352,7998524.5,-0.06488867576623669,-0.11642808280182941,0.057576699103064385,0.196988146155638,0.18504380564159661,0.1841,0.1988,0.966595614426551,15.894767770156474,-0.24132932019910536,5,0.012423619088714952,167
D,2026-08-25,2026-09-18,65.0,2.35,2.7,2.5250000000000004,0.2367,0.657,0.0869,-0.0031,0.0618,0.0275,24,67.02999877929688,1.7273546772877222,0.006305332008659903,-0.023028739498601625,-0.05083551157832422,0.0013444328444625064,0.07128015192944903,0.008999104726312355,0.011536700811882466,3415682.9,-0.08393221003156082,-0.06500214121094632,0.17431668936683245,0.18551582181848464,0.15904465636457452,0.1448,0.2012,0.9697150706211282,15.043888294480153,-0.2437949809704596,5,0.012423619088714952,168
ELV,2026-08-25,2026-09-18,370.0,27.9,36.0,31.95,0.3536,0.801,0.0077,-0.2383,0.2839,0.188,24,399.3900146484375,4.992375183105469,-0.008047066028568861,0.0028122270461286014,0.035413380533135586,0.015768488945634207,0.37035511381187103,0.015556630478076823,0.02386007093668071,902782.9,0.0023166820798989907,-0.0642001765456053,0.42263314291279935,0.3194966474672761,0.4360352901705737,0.3862,0.2929,0.9264127455106558,13.713238490359323,-0.24429900653646608,5,0.012423619088714952,169
DUK,2026-08-25,2026-09-18,95.0,25.0,29.1,27.05,0.4433,0.9874,0.0022,-0.0149,0.0096,0.0613,24,122.0500030517578,2.5320398682202154,0.0006559139973272288,-0.015646381526219777,-0.055632947507005204,-0.005540619950919146,-0.07453746941994399,0.012007853346452702,0.012596000878857625,4731305.95,-0.0887296459602418,-0.08549380404702041,0.07061406185752454,0.2004786645861026,0.19690534562604806,0.1891,0.1757,0.7783695012257665,15.369712033083562,-0.24546393863079108,5,0.012423619088714952,170
DPZ,2026-08-25,2026-09-18,320.0,30.1,34.9,32.5,0.3613,0.845,0.0074,-0.2157,0.2148,0.1721,24,349.5,14.347290280915805,0.0014039432127006535,0.039405204460966514,-0.0027677154031002793,0.12531397743066908,-0.14047512616964541,0.020425134532048222,0.02288419856522691,744441.0,-0.035864413856336874,-0.2520864345606586,0.2348514345030103,0.3565202172535603,0.3940423847325556,0.3561,0.3359,0.9155937052932761,13.520390223437495,-0.24608953446497206,5,0.012423619088714952,171
ARE,2026-08-25,2026-09-18,37.5,13.4,17.5,15.45,0.725,0.9965,0.0062,-0.0635,0.008,0.0236,24,52.494998931884766,0.6500928660295328,-0.0285899696052494,0.1451788559586462,-0.027870390150282143,0.056662612910968635,-0.02025014673555048,0.03720925026266724,0.03177730701124849,2190436.25,-0.06096708860351874,-0.39971411362136183,0.29905961717657836,0.4561396531955973,0.4525297221376556,0.5098,0.4027,0.7143537625109465,14.599611739398018,-0.24679242209306018,5,0.012423619088714952,172
LDOS,2026-08-25,2026-09-18,110.0,23.7,27.3,25.5,0.5676,0.9297,0.0068,-0.0638,0.0463,0.0655,24,135.69000244140625,3.0411982469791563,-0.019793327886626133,-0.0542932361172187,0.14641772340054415,0.061737082951814015,-0.23208825815004575,0.032919069128940874,0.02587904947021093,1527148.95,0.11332102494730756,-0.32002004326598793,0.3569000244140625,0.30154017197974653,0.29785759672517986,0.448,0.3153,0.8106713687141415,14.238913778462726,-0.24803805198026674,5,0.012423619088714952,173
PEG,2026-08-25,2026-09-18,72.5,0.55,1.95,1.25,0.1614,0.5171,0.1276,0.0,0.0739,0.0242,24,73.5697021484375,2.2464031190362594,0.0005399615095846855,-0.026855772045796922,-0.06814813182743862,-0.06459376069776412,-0.1232308552304493,0.009552242012327388,0.011352270603118495,2658711.3,-0.10124483028067521,-0.1538849369686515,0.01321720878692733,0.1808477150477487,0.15764638815923285,0.1583,0.1885,0.9854600179530533,14.793352465800378,-0.24988853211193962,5,0.012423619088714952,174
COR,2026-08-25,2026-09-18,290.0,37.4,41.4,39.4,0.2648,0.9697,0.0029,-0.0351,0.0549,0.1839,24,326.3500061035156,15.769510070837796,0.007968672753467576,0.032328475825923686,0.02118411607642745,0.21157567512327802,-0.11363697020684072,0.020611009785785294,0.017228963390370007,1458707.45,-0.011912582376809144,-0.12915275222544195,0.2912479188513054,0.32323931405227113,0.35967260654468985,0.3142,0.2465,0.8886164993911914,14.193061978886758,-0.2538992582224653,5,0.012423619088714952,175
AME,2026-08-25,2026-09-18,220.0,21.8,24.7,23.25,0.3565,0.8559,0.0101,-0.1007,0.1388,0.1207,24,241.8300018310547,19.199628571804986,-0.0020633020931043466,-0.03264131958400451,0.0016568329014972072,0.07075490500635562,0.030159752208965607,0.01630472780035092,0.014848046761686544,1350811.5,-0.03143986555173939,-0.0645597551133059,0.3488956017272187,0.23961956603214749,0.2196340065651309,0.2244,0.241,0.9097299687145295,14.116216821226274,-0.25460210950404627,5,0.012423619088714952,176
CTVA,2026-08-25,2026-09-18,75.0,7.4,9.5,8.45,0.2917,0.92,0.0228,-0.0115,0.0304,0.0449,24,83.36000061035156,2.802016827238708,0.0066417469867530166,0.06995246684724177,-0.06284425553317674,0.06489527223138158,0.06871795654296875,0.03187184050192085,0.020900984315170686,5095357.7,-0.09594095398641334,-0.07899681092833416,0.3665573870549437,0.29667247789523044,0.2258603687877429,0.4472,0.2642,0.8997120855429381,15.443840624516083,-0.2592875169993606,5,0.012423619088714952,177
RMD,2026-08-25,2026-09-18,210.0,26.4,29.5,27.95,0.2844,0.9604,0.0051,-0.0682,0.0537,0.1311,24,237.2100067138672,12.227320174135032,0.020477564328318154,0.07832535376384286,0.13519333409422818,0.24473945320419355,-0.08430797957248293,0.023452462161047485,0.023846109093616442,1499807.75,0.10209663564099158,-0.17001393685957664,0.2975057280967695,0.3124868561002227,0.37825406873680306,0.3545,0.2863,0.8852914887916636,14.220848157943623,-0.2605989472704694,5,0.012423619088714952,178
NTRS,2026-08-25,2026-09-18,180.0,7.1,10.1,8.6,0.2669,0.6986,0.0274,-0.1049,0.1658,0.0796,24,186.80499267578125,3.588952841766282,0.0007767545849530766,-0.019808002513400647,0.0328706847581941,0.12907220381647733,0.2876885865062959,0.012635835848334833,0.014355208142876538,1026491.25,-0.0002260136950424929,-0.02436417462359874,0.5222049447328954,0.25809364293544507,0.24572810235769238,0.2319,0.2372,0.9635716766543173,13.841657965485687,-0.26145471181963387,5,0.012423619088714952,179
XEL,2026-08-25,2026-09-18,75.0,2.04,4.4,3.22,0.2592,0.6695,0.0699,-0.0334,0.0711,0.0318,24,77.4800033569336,4.183585391028088,0.001939758467956798,-0.021346404586309875,-0.035478630762576624,-0.02540876280586679,-0.06695565386914759,0.01124961318335986,0.012856937306036927,4902729.35,-0.06857532921581322,-0.07662972261410268,0.07986067396423127,0.18224653601088744,0.17177421288207076,0.1764,0.2096,0.9679916978641734,15.405302822180335,-0.2625851686232886,5,0.012423619088714952,180
GRMN,2026-08-25,2026-09-18,260.0,28.6,31.7,30.15,0.3632,0.8797,0.0075,-0.1579,0.1494,0.1463,24,289.5599975585937,8.65132916037912,-0.005802583489807112,-0.026492754229871518,0.14157305155214917,0.23785909637987945,0.15279881360755,0.03964835431284335,0.026546722781822473,1036012.8,0.10847635309891257,-0.0753608565191467,0.5476215291964808,0.39554194832885564,0.6303350417465845,0.524,0.2636,0.8979140841006117,13.85089102217617,-0.2724142892085609,5,0.012423619088714952,181
SOLV,2026-08-25,2026-09-18,85.0,6.5,8.5,7.5,0.3508,0.8068,0.0327,-0.0404,0.0635,0.0437,24,91.75,1.0076880496955534,0.005479452054794498,0.049170991444434264,0.06475573807155599,0.2241494827993029,0.30326701720699356,0.020195635703772974,0.02262684679429783,1249488.65,0.031659039618319396,0.0,0.4682348781503682,0.32327787645612505,0.29295180533914067,0.3734,0.3155,0.9264305177111717,14.038245745909512,-0.27258254585200037,5,0.012423619088714952,182
OMC,2026-08-25,2026-09-18,70.0,16.6,19.7,18.15,0.5162,0.9623,0.0068,-0.0206,0.0178,0.0437,24,88.2300033569336,2.064101194563844,-0.007982899313955016,0.02224546231780855,0.023312480953060266,0.21345075598790997,0.028321680871152388,0.020717529959797185,0.022985724806544,2665587.2,-0.009784217500176329,-0.00798289931395498,0.3115803145506409,0.3306111351300867,0.41644848094076875,0.3731,0.2841,0.7933809060033207,14.795935304174154,-0.27385247613468855,5,0.012423619088714952,183
SYY,2026-08-25,2026-09-18,70.0,12.7,15.1,13.899999999999999,0.3417,0.9802,0.0058,-0.0054,0.0092,0.0449,24,83.48999786376953,2.6751041433162617,-0.004412148150358619,0.018667628067198683,-0.020070412508482294,0.10130590360776481,-0.04724408900385946,0.009755071003950401,0.012201878693482382,3463437.1,-0.05316711096171889,-0.0841378399541232,0.20476182088208128,0.21752293102339423,0.19643401629216398,0.1817,0.1977,0.8384237847774156,15.057772324190386,-0.27403086580602265,5,0.012423619088714952,184
WAB,2026-08-25,2026-09-18,260.0,36.0,39.6,37.8,0.2808,0.9732,0.0029,-0.0674,0.0486,0.1649,24,297.1199951171875,22.049720720288423,-0.0016799946515795305,0.008143301732301156,-0.028352834250504055,0.13769333340032963,0.13930743273091184,0.01449690983677707,0.020748869680592964,916433.65,-0.06144953270374065,-0.02835283425050401,0.6004309447101682,0.32995315726569935,0.43258138465780505,0.3627,0.234,0.8750673272509076,13.728246039846223,-0.2754314863190437,5,0.012423619088714952,185
ALL,2026-08-25,2026-09-18,240.0,17.7,20.2,18.95,0.272,0.8456,0.0127,-0.0436,0.1525,0.1314,24,258.7449951171875,4.757216363683801,-0.005553661980322144,-0.009209262245857719,-0.050198288071718666,0.2554951706290849,0.20807266768781396,0.01887634692921157,0.019541272444716443,1723575.7,-0.08329498652495526,-0.05948526446054734,0.36181576377467106,0.3292433368498456,0.37087867421109294,0.3324,0.2461,0.9275541731398601,14.359912166414764,-0.27548933852097146,5,0.012423619088714952,186
AON,2026-08-25,2026-09-18,310.0,44.29,48.2,46.245000000000005,0.2486,0.9876,0.0015,-0.0627,0.0313,0.2001,24,355.1449890136719,9.859660868969387,-0.011013692627740213,0.03480470973711669,-0.06849661669999696,0.12366320242039586,0.04093146326772268,0.012280110847689419,0.017523371491367616,1083570.75,-0.10159331515323355,-0.06849661669999699,0.1520582660348461,0.2238277441284311,0.26983081927442304,0.2521,0.2361,0.8728829339840863,13.895773318347514,-0.2767759256639566,5,0.012423619088714952,187
INVH,2026-08-25,2026-09-18,27.5,2.2,3.8,3.0,0.3102,0.8996,0.0708,-0.0071,0.0133,0.016,24,30.315000534057617,1.508208953170227,-0.00476029398467559,0.02002022996130326,0.008818678992518647,0.036410274668636555,0.12989193515697117,0.01104464457760903,0.01195456871485833,3725114.9,-0.024278019460717948,-0.031160126332431412,0.24292748227471683,0.20711275564352064,0.18022024643429632,0.1768,0.2032,0.9071416630557178,15.130608523405723,-0.2771239635034366,5,0.012423619088714952,188
BXP,2026-08-25,2026-09-18,60.0,10.69,13.2,11.945,0.3421,0.9849,0.0068,-0.0182,0.0078,0.0385,24,71.62999725341797,0.963027694251849,0.023431910840182812,0.08218756022599338,0.023870757444248714,0.19363438188458004,0.27093677213803624,0.019377509688788094,0.01836149572888228,1367233.05,-0.009225941008987881,-0.09248705211621695,0.4039591652437567,0.28112040096755486,0.2871077627572118,0.2932,0.2346,0.8376378933497304,14.12830031538855,-0.27720210721691596,5,0.012423619088714952,189
FRT,2026-08-25,2026-09-18,100.0,16.5,19.39,17.945,0.3343,0.9749,0.0055,-0.0156,0.0169,0.0636,24,117.93499755859376,1.9445176354739542,0.0033605295217777886,0.0038729501928749244,-0.06489854907817227,-0.01416868455855258,0.07019057009579122,0.009484907339556559,0.010548781294266958,831878.75,-0.09799524753140887,-0.07232753790197205,0.24312210545227056,0.21332251761953497,0.17608550062224165,0.1571,0.1756,0.847924721839392,13.631443178107698,-0.27945676118076124,5,0.012423619088714952,190
TROW,2026-08-25,2026-09-18,110.0,2.35,6.6,4.475,0.2828,0.613,0.0448,-0.0121,0.1088,0.0431,24,112.96499633789062,3.121873484887379,0.0059215785223651896,0.02397567667134881,-0.07162232039306182,0.0806945150396805,0.22801390326352178,0.01780682908244162,0.016990417116801996,1792555.95,-0.10471901884629842,-0.0716223203930618,0.3106508079598509,0.3125098634539526,0.3164405372398161,0.2748,0.2449,0.973752963891381,14.399153622220393,-0.2814363733949953,5,0.012423619088714952,191
IQV,2026-08-25,2026-09-18,195.0,63.7,67.4,65.55000000000001,0.5156,0.9882,0.0009,-0.044,0.0207,0.1257,24,258.7300109863281,5.91247762591923,-0.005802256781084925,0.07790697955310821,0.06499550665284204,0.4199550049554843,0.45451992289284937,0.020673252692010306,0.028578866980785128,1277853.7,0.031898808199605444,-0.005802256781084918,0.6515383948564655,0.370364903566374,0.5827286187740475,0.4879,0.3372,0.753681411973133,14.060693214185312,-0.2830813616158335,5,0.012423619088714952,192
AEE,2026-08-25,2026-09-18,95.0,11.1,13.8,12.45,0.3679,0.8911,0.0163,0.0,0.0463,0.0553,24,107.3000030517578,2.0754352314956748,0.0013064518930949731,-0.02161024123969235,-0.04630698591725435,-0.006205410404467537,-0.05320743564697039,0.009952326473357491,0.013295997293206898,1568231.6,-0.07940368437049095,-0.09313722677053454,0.1033419336941676,0.18836335730706855,0.1817947518996009,0.1717,0.213,0.8853681015663653,14.265459810727663,-0.2839551444343418,5,0.012423619088714952,193
MKC,2026-08-25,2026-09-18,50.0,4.7,5.1,4.9,0.3456,0.8391,0.0485,-0.0131,0.0331,0.027,24,54.48500061035156,3.4937479754677914,-0.030516016535694246,-0.01438129859805748,0.05734527267720235,0.15020058769048616,-0.17070010439613392,0.015529544304058797,0.02003341900861839,2539998.5,0.024248574223965758,-0.23956734891802622,0.19484654459523487,0.20209663123722124,0.2820527660844024,0.2953,0.3065,0.9176837558941046,14.747674442144307,-0.28629986375160454,5,0.012423619088714952,194
EXR,2026-08-25,2026-09-18,145.0,1.6,3.4,2.5,0.1923,0.4667,0.0552,-0.0438,0.1468,0.0428,24,144.94000244140625,9.326898506898274,-0.008957248263888884,-0.013476693113365301,-0.047762985032432814,0.00436563573883153,-0.03604680863889387,0.010215918831537142,0.013660071946524148,1017341.5,-0.08085968348566941,-0.051750103671912386,0.14405240862190832,0.23089863617733833,0.23536937615140338,0.2086,0.2307,1.0004139475478344,13.83270439316271,-0.28814455788656124,5,0.012423619088714952,195
ECL,2026-08-25,2026-09-18,250.0,38.0,41.0,39.5,0.3121,0.9664,0.003,-0.0282,0.0518,0.1579,24,287.92999267578125,8.228921945236038,0.003310271284010735,0.02832140241350456,0.017780130391721993,0.12472653388977051,-0.03340275293383865,0.01122233237548361,0.014957970584925907,1411538.9,-0.015316568061514602,-0.0662234896174421,0.17173319367584577,0.22713213051517997,0.24495749463004665,0.2266,0.2292,0.8682666146611142,14.160191794076367,-0.2881669500254562,5,0.012423619088714952,196
GIS,2026-08-25,2026-09-18,32.5,7.1,7.9,7.5,0.503,0.9523,0.0197,-0.0158,0.0103,0.0199,24,39.73500061035156,1.6048061487496195,-0.028958885914444177,0.04346110030770012,0.05537845949460385,0.1752439809641988,-0.08780993210171861,0.021028826573266615,0.022952906808362837,7877774.3,0.022281761041367254,-0.22255918341147826,0.2351570678269102,0.2945853188863525,0.3217817601241363,0.3417,0.3008,0.817918698899762,15.879556099638583,-0.2882056611013575,5,0.012423619088714952,197
MTB,2026-08-25,2026-09-18,230.0,10.6,13.3,11.95,0.2415,0.7584,0.0209,-0.1009,0.1908,0.1116,24,241.30999755859372,2.2128380633246025,-0.0019851761481752828,-0.04051690831573074,-0.04473299958218202,0.1166072688772879,0.10066589815934734,0.010947665228779567,0.013892185508266462,915898.5,-0.07782969803541862,-0.05029713472978291,0.3508928565327056,0.2063086991285224,0.20250501201953341,0.2088,0.2181,0.9531308372093142,13.727661921479804,-0.28916402218493775,5,0.012423619088714952,198
VRSK,2026-08-25,2026-09-18,160.0,27.4,30.6,29.0,0.4539,0.9249,0.0062,-0.0557,0.0662,0.0955,24,188.69000244140625,6.988518608940972,-0.004537064608312047,0.05495919600531285,-0.1110430258899806,0.07829016811350042,-0.12473327377889876,0.025579911568530365,0.02402472803411842,1474985.25,-0.1441397243432172,-0.3089037714352651,0.20307323927054347,0.2658213212612649,0.416135116037037,0.4205,0.3379,0.8479516557835897,14.204159225678708,-0.2912329733199507,5,0.012423619088714952,199
MCO,2026-08-25,2026-09-18,440.0,70.3,79.09,74.695,0.2969,0.9807,0.0011,-0.0556,0.0584,0.2823,24,513.5499877929688,8.327387758081258,0.00430230109160834,0.05714398970698431,0.06061539621231593,0.1330391346783646,0.09031650526601687,0.011805131973528447,0.01748111717342738,714994.7,0.027518697759079336,-0.048294135145804135,0.24578505714374338,0.25942771673826565,0.2608745209613758,0.254,0.234,0.8567812490677743,13.480031807672047,-0.29307459718252094,5,0.012423619088714952,200
HIG,2026-08-25,2026-09-18,130.0,7.8,9.5,8.65,0.2279,0.8528,0.0282,-0.0378,0.0805,0.0717,24,138.42999267578125,1.6034980857139878,-0.003957426022922483,-0.0038141480460438526,-0.03479295465675547,0.0888853588177001,-0.026306573407419598,0.011411802659412617,0.014024300734788742,1402059.55,-0.06788965310999207,-0.04976661425385481,0.1313337037043965,0.24003285323094808,0.2283568848866154,0.2113,0.2067,0.9391028453239519,14.153453533946509,-0.29407756360262505,5,0.012423619088714952,201
AVY,2026-08-25,2026-09-18,170.0,9.3,12.3,10.8,0.2452,0.8135,0.023,-0.0325,0.1209,0.0894,24,180.0,3.2017075078560233,-0.020088205086628452,0.012886124582843328,0.06427005737225122,0.13157724091331335,-0.0384615227864179,0.01708701264019974,0.018170264961199965,826486.95,0.031173358919014627,-0.08837679016432894,0.17639374199152882,0.29212218358276604,0.3313823808417677,0.3027,0.2597,0.9444444444444444,13.624940616584604,-0.29456549801812404,5,0.012423619088714952,202
BALL,2026-08-25,2026-09-18,52.5,10.3,12.5,11.4,0.3922,0.9728,0.0083,-0.0008,0.0088,0.0334,24,64.05000305175781,6.3652176945846275,-0.005743482267993372,0.038592588835375974,-0.04245771212146443,0.17157499903010254,-0.011268844416408963,0.010371775396743417,0.014822019658607525,1791319.45,-0.07555441057470103,-0.05475205087824169,0.3800905680315217,0.2515974860490971,0.2485080956505589,0.2205,0.2344,0.8196720920930413,14.398463587427873,-0.29633889209423614,5,0.012423619088714952,203
ITW,2026-08-25,2026-09-18,230.0,49.9,54.1,52.0,0.3178,0.9903,0.0006,0.0,0.0112,0.1498,24,281.260009765625,6.348984528431507,-0.009473507046180107,-0.011944052036618968,-0.047093080783386476,0.13741512113422516,-0.020580155955582047,0.010813670901754814,0.01392827340383828,1088492.85,-0.08018977923662307,-0.0612149398006151,0.16671506707739922,0.23201352138061052,0.28257679156752613,0.2442,0.1879,0.8177486738753221,13.900305509663745,-0.29651276551788575,5,0.012423619088714952,204
MTD,2026-08-25,2026-09-18,1060.0,337.6,352.3,344.95000000000005,0.5019,0.9906,0.0001,-0.3852,0.1131,0.6836,24,1399.60498046875,25.286450208722876,0.0005110950916982215,-4.648486751857028e-05,0.008084944717195786,0.18552324498715844,0.08778149883319464,0.011303311824040495,0.016518092889275915,176382.7,-0.02501175373604081,-0.07065977721572504,0.36476255251964557,0.2529282707192265,0.26466690781366414,0.2437,0.2634,0.757356550449677,12.080417014657232,-0.30015213419048037,5,0.012423619088714952,205
TAP,2026-08-25,2026-09-18,40.0,2.04,2.4,2.2199999999999998,0.2828,0.7234,0.1073,-0.0111,0.0352,0.0185,24,41.95000076293945,1.2522388287444612,-0.0241916928337379,0.019936777863589716,-0.013173314060332175,0.06121937916451459,-0.11366999492878216,0.019066639449603795,0.01946129896793765,2763577.25,-0.04627001251356877,-0.2285766837261777,0.09159511917280926,0.28199439801822773,0.33343415419120354,0.339,0.2764,0.9535160732425499,14.832036865396462,-0.30195071928963446,4,0.006148943463309441,206
CINF,2026-08-25,2026-09-18,150.0,20.3,24.2,22.25,0.2976,0.9732,0.0056,-0.0775,0.0322,0.0945,24,171.67999267578125,3.8185052529298757,0.002745084653255736,0.001925804263270825,-0.05995735593424256,0.09058566047962935,0.02208722645779715,0.012345163982379018,0.016286235503930945,530967.85,-0.09305405438747916,-0.10597305750600046,0.1340246605980248,0.24734195142247714,0.26900266882882884,0.2392,0.2106,0.873718583406955,13.182458635603153,-0.307084464990905,4,0.006148943463309441,207
ED,2026-08-25,2026-09-18,90.0,15.4,19.6,17.5,0.3459,0.9735,0.0051,0.0,0.0135,0.0575,24,107.51000213623048,2.3155287837516085,-0.0018568094879038988,-0.015115440367575061,-0.03991785217629518,0.017798020748804877,-0.044270564691182845,0.009617809032482636,0.011652297230435238,2302653.75,-0.07301455062953177,-0.0688549888383925,0.12682106707565757,0.17379379040758347,0.18140070956612983,0.1699,0.16,0.8371314130005986,14.64957325440797,-0.30738252553857537,4,0.006148943463309441,208
STE,2026-08-25,2026-09-18,190.0,45.1,48.9,47.0,0.4311,0.9743,0.0018,0.0,0.0294,0.1213,24,237.3300018310547,9.429082284929391,-0.0022701193812476594,0.021257379639316287,0.030346468717096897,0.11563957409665404,-0.023614618505802598,0.012079523437131945,0.017560745681906784,720174.15,-0.0027502297361396977,-0.11658288768656305,0.19022070760072887,0.28697207399338454,0.3094862052090714,0.2739,0.2357,0.8005730355796022,13.487249725297264,-0.30808557774809686,4,0.006148943463309441,209
MCK,2026-08-25,2026-09-18,810.0,92.3,100.8,96.55,0.2823,0.9379,0.0017,-0.0921,0.2694,0.4956,24,900.2449951171875,17.449990161940885,0.03027617362877999,0.03564524423471038,0.012079814634274877,0.21254915165786104,-0.08017188451520829,0.023014646274177094,0.02024383539185879,987006.15,-0.021016883818961718,-0.09585815574143564,0.3260152755563319,0.2959360914123769,0.4003142931242145,0.3742,0.2511,0.8997550715564488,13.802432562563645,-0.3096325360770299,4,0.006148943463309441,210
ESS,2026-08-25,2026-09-18,230.0,61.0,64.9,62.95,0.4278,0.9868,0.0009,-0.0285,0.0232,0.1485,24,294.0299987792969,3.1804219414296844,0.0014305147940778529,0.036375198741820824,-0.0016636909298276548,0.07845504321308527,0.14824067781985772,0.01524302359155453,0.013205156450822085,391452.7,-0.03476038938306425,-0.014413528597559023,0.22711906026594383,0.23220703890557778,0.22966716819212332,0.2214,0.2037,0.7822331087129695,12.877622524328688,-0.31014758272151877,4,0.006148943463309441,211
BR,2026-08-25,2026-09-18,160.0,23.9,26.1,25.0,0.453,0.8941,0.0084,-0.0807,0.085,0.0916,24,185.07000732421875,10.281667073567709,-0.0020490139135967977,0.08954436982935143,0.16999630733043136,0.20394227071664495,-0.019444728526715305,0.02422819175390374,0.022382856576748628,1361487.85,0.13689960887719477,-0.2830911807093437,0.36643535135997446,0.3115072274152617,0.33166554717223884,0.3749,0.34,0.8645377082613968,14.12408940156554,-0.31083502722996115,4,0.006148943463309441,212
AMCR,2026-08-25,2026-09-18,45.0,2.2,2.7,2.45,0.2832,0.7121,0.0957,-0.0056,0.0401,0.0206,24,47.125,1.224025974025974,-0.016384885199587695,0.027583937479558118,0.00931679987332834,0.21393612494755043,0.027135983062345437,0.016732342326216156,0.019610848979329375,3972317.35,-0.023779898579908254,-0.06830766520323482,0.2844099690343058,0.26013372601651896,0.30281921973681725,0.2976,0.2754,0.9549071618037135,15.194860449475255,-0.31161473736902234,4,0.006148943463309441,213
NSC,2026-08-25,2026-09-18,300.0,51.5,54.5,53.0,0.3047,0.9802,0.0015,-0.0138,0.038,0.1927,24,352.25,7.8277777777777775,-0.0020681369018269447,0.03936147116858346,0.03957621239240283,0.15506954967857767,0.10829693509711746,0.010333050758582929,0.013447659407002764,1202370.4,0.006479513939166237,-0.0020681369018269997,0.2933724696378958,0.2503500027848627,0.26580754365462517,0.2383,0.2036,0.8516678495386799,13.999806331376206,-0.3141584773748496,4,0.006148943463309441,214
PKG,2026-08-25,2026-09-18,210.0,35.5,38.5,37.0,0.4346,0.9263,0.0048,-0.0471,0.0836,0.126,24,246.03500366210935,10.673970143414415,-0.01143121650950929,-0.01703954989072265,-0.028451278134446367,0.1239093670742788,0.05798753142716673,0.01181542818158294,0.01900521580306983,501735.2,-0.06154797658768296,-0.04426441882404611,0.2835716457808267,0.3054628360720722,0.36187802829171467,0.314,0.2669,0.8535370856758342,13.125829762543429,-0.3144778544122855,4,0.006148943463309441,215
OTIS,2026-08-25,2026-09-18,67.5,4.2,6.0,5.1,0.27,0.8479,0.0489,-0.0473,0.0444,0.0365,24,71.70999908447266,1.7927499771118165,-0.006649166653279859,0.01933192096445957,-0.025811730880650363,0.012281236470317092,-0.21327484493663917,0.012924301842002255,0.014721209171669419,3054521.5,-0.05890842933388696,-0.23403122216752228,0.0341794472418648,0.2243422554929914,0.21480972324009653,0.2416,0.2326,0.9412913242473566,14.932133837225873,-0.3153933069743603,4,0.006148943463309441,216
O,2026-08-25,2026-09-18,55.0,6.7,8.5,7.6,0.276,0.9724,0.0147,-0.0141,0.0105,0.0348,24,63.0,2.9741994053788208,-0.0026911219546129628,0.012698937906342467,-0.041533595276252444,0.028067905596698806,-0.045454545454545414,0.007552375640316924,0.012118902558067818,5423427.25,-0.07463029372948904,-0.06749552580488083,0.12640800386639653,0.18602195938229596,0.18302525857822893,0.1625,0.1498,0.873015873015873,15.50623869191053,-0.31815493590625,4,0.006148943463309441,217
AWK,2026-08-25,2026-09-18,125.0,12.6,13.8,13.2,0.2716,0.9168,0.0143,0.0,0.0495,0.075,24,137.8800048828125,6.6932039965804755,-0.014509318320078401,0.011814783590470057,-0.0011590003701947849,0.11852039131671277,0.010776344705219376,0.014388206272969304,0.01575580508421332,2355565.85,-0.03425569882343138,-0.05191492933511001,0.13828125162383678,0.2273318016338861,0.2822577469017677,0.2488,0.2093,0.9065854045061899,14.672291957105847,-0.320067791403973,4,0.006148943463309441,218
SNA,2026-08-25,2026-09-18,340.0,53.5,57.0,55.25,0.3265,0.966,0.0022,-0.0785,0.0754,0.214,24,394.30999755859375,10.498135866389726,-0.0004562667754238747,-0.003537929106456006,-0.05962175990451202,0.062228944897112504,0.02818773809281283,0.008522369704878815,0.012676089997969264,308220.15,-0.09271845835774861,-0.059621759904512024,0.2251359020691553,0.2501226697216441,0.232917392376547,0.2016,0.2021,0.8622657353481803,12.63857282378357,-0.3204958821387055,4,0.006148943463309441,219
CPT,2026-08-25,2026-09-18,80.0,26.5,30.4,28.45,0.5683,0.9821,0.0024,-0.0096,0.0107,0.0513,24,108.66999816894533,1.8762085912359439,-0.0043976486506944745,0.012956743153102135,-0.05537206794060656,0.019801057232488706,-0.0007356490211923861,0.01326454460751325,0.013812001296435485,914327.0,-0.08846876639384316,-0.07577822353593533,0.12077144384325732,0.22904954707218908,0.21640012264452946,0.2081,0.2074,0.7361737494062242,13.725944648205088,-0.32223587926931774,4,0.006148943463309441,220
VLTO,2026-08-25,2026-09-18,80.0,17.89,20.6,19.245,0.4716,0.9581,0.0061,0.0,0.0188,0.0502,24,98.95999908447266,1.2907265090369568,-0.004126030499918554,0.03008222544841055,0.004976113107496349,0.20345366708693446,0.0449841845143748,0.015901076917483256,0.017023882545590396,1472731.5,-0.028120585345740245,-0.09294225051757156,0.20345366708693435,0.23368441727667894,0.31022036276073345,0.2905,0.266,0.8084074448273961,14.20263007678066,-0.3222403681855144,4,0.006148943463309441,221
ALLE,2026-08-25,2026-09-18,120.0,38.7,42.7,40.7,0.5889,0.9764,0.0022,-0.0314,0.0219,0.0762,24,160.49490356445312,3.2260282123508164,-0.013128581776148174,0.004160055845467969,-0.004559276701391002,0.23391169775516207,0.024609960353839444,0.014589497077296324,0.020923337003311622,1080183.4,-0.0376559751546276,-0.10722089475391182,0.2773171636722786,0.41912404211666326,0.41909069275340627,0.3713,0.264,0.7476872930847254,13.892642325266602,-0.3229701022795777,4,0.006148943463309441,222
PNR,2026-08-25,2026-09-18,62.5,1.6,2.25,1.925,0.3168,0.5002,0.0786,-0.0419,0.0635,0.0192,24,62.45500183105469,2.6994338547194414,-0.013504967993841044,-0.01723048653267789,-0.0646247570608467,-0.11836525889755023,-0.3556690226511866,0.018823715065907253,0.027263287368154608,2782007.2,-0.09772145551408329,-0.4452881795677232,0.015858853221827687,0.3499612389801577,0.6370404380619253,0.5849,0.3402,1.0007204894344097,14.838683598980952,-0.32749734440694345,4,0.006148943463309441,223
WEC,2026-08-25,2026-09-18,100.0,7.2,9.1,8.15,0.2941,0.8252,0.0291,0.0,0.067,0.0538,24,107.16999816894533,5.453944033051392,-0.0038111512839832384,-0.034939259578445014,-0.056685172139849915,-0.034939259578445014,-0.08830288909683914,0.011380021141567775,0.011942861741428536,2542704.5,-0.08978187059308651,-0.09827514055643022,0.03565901326156545,0.18676029934980704,0.18443971746856416,0.1845,0.174,0.9330969647154199,14.748739229597312,-0.3290617055264854,4,0.006148943463309441,224
ACGL,2026-08-25,2026-09-18,95.0,5.0,7.7,6.35,0.2185,0.8632,0.0374,-0.0125,0.0551,0.0533,24,100.8949966430664,16.453251978468145,-0.002422411983988071,0.020068677661139844,-0.052451225937189205,0.12933737160088854,0.02514731274301152,0.011418298404270956,0.01459694118783359,1582720.4,-0.0855479243904258,-0.05245122593718919,0.19092298382085693,0.22753518316625954,0.2651627211934197,0.236,0.2137,0.941572953672609,14.274656328427916,-0.33339315287835924,4,0.006148943463309441,225
AMP,2026-08-25,2026-09-18,520.0,42.79,46.5,44.644999999999996,0.2932,0.8495,0.0053,-0.1095,0.327,0.2856,24,561.10498046875,13.586077259905675,-4.459646400079009e-05,-0.0018056903459303664,0.026499186785981177,0.25890150821378266,0.19661550422599894,0.01041616174507564,0.014669455933355028,396222.4,-0.006597511667255418,-0.016778251086280983,0.30368259392610847,0.24276365391760968,0.16312894455777166,0.1728,0.237,0.9267427987639484,12.889733472582813,-0.3335204805043507,4,0.006148943463309441,226
SPG,2026-08-25,2026-09-18,210.0,9.6,11.6,10.6,0.2754,0.7016,0.0221,-0.0778,0.1915,0.0939,24,219.41000366210935,3.0780826788500555,-0.0059801209213949935,-0.005439449457967815,-0.07304602242945335,0.07076277263607911,0.08030525390669307,0.009160642585586815,0.012803025124981755,1273367.75,-0.10614272088268994,-0.07304602242945336,0.2657051972129097,0.20940101353782872,0.19413413155602047,0.1807,0.2155,0.9571122396196633,14.057176505663968,-0.3341166481057041,4,0.006148943463309441,227
RSG,2026-08-25,2026-09-18,195.0,26.3,28.6,27.450000000000003,0.2972,0.9576,0.005,-0.0249,0.0487,0.1219,24,222.0800018310547,8.906952263065408,-0.004482696753594806,0.023551645764861462,0.025158089024603925,0.10796247817834859,-0.04098115124156476,0.012149212621876576,0.013931229653106577,1391734.0,-0.00793860942863267,-0.05457638313553649,0.12314776022687327,0.20494653384289774,0.2344566695530913,0.2112,0.1995,0.8780619524145378,14.146061728189936,-0.33626753266536924,4,0.006148943463309441,228
ATO,2026-08-25,2026-09-18,155.0,11.7,15.5,13.6,0.2633,0.8794,0.0161,0.0,0.0806,0.0891,24,168.2100067138672,6.395817931311369,0.0023239147457250198,-0.01348887377318253,-0.062270029350498524,-0.005439591689143319,-0.09937354571946311,0.008123572316809867,0.010169600204739289,1058272.1,-0.09536672780373512,-0.12522745547363945,0.035520833450751986,0.17095512303681276,0.16407316190451443,0.1532,0.1754,0.9214671768229699,13.872148986635365,-0.3405515708756621,4,0.006148943463309441,229
JKHY,2026-08-25,2026-09-18,160.0,12.7,16.0,14.35,0.2053,0.9489,0.0113,-0.0307,0.0462,0.099,24,173.72999572753906,9.095811112971857,0.018884530669397437,0.13460032175796566,0.10353810461851953,0.27442771708738034,0.03146709779866841,0.02302766847286929,0.021751731899656877,963458.15,0.07044140616528294,-0.09797512864996785,0.4076324607437292,0.27032708671149275,0.31722014333959114,0.3485,0.2738,0.9209693428584904,13.778285368428676,-0.3479403398367251,4,0.006148943463309441,230
MSI,2026-08-25,2026-09-18,440.0,45.8,49.2,47.5,0.2928,0.9101,0.0042,-0.0836,0.1953,0.2602,24,486.93499755859375,5.262294922472446,0.01124565681273948,0.03713524506622745,0.10589130444124306,0.20743651813260078,0.01824513552501794,0.022628295412254498,0.017110822191597187,1016900.1,0.07279460598800647,-0.006863125266476527,0.338358616743308,0.32217866989225696,0.3592436166237356,0.3223,0.2049,0.9036113694971247,13.832270423497594,-0.3482703280377729,4,0.006148943463309441,231
CB,2026-08-25,2026-09-18,315.0,27.1,30.0,28.55,0.2581,0.9007,0.0075,-0.0745,0.1501,0.1841,24,342.9349975585937,6.344773402391705,-0.008371133580306167,-0.006820385554312414,-0.056574972328490514,0.10010260633402468,0.0263212501484138,0.010628854266613351,0.015389970541202832,1638146.1,-0.08967167078172711,-0.05657497232849053,0.27865392225960217,0.21801470167421855,0.2661076075447971,0.2357,0.1893,0.9185414210930142,14.309076344002762,-0.3505817007765073,4,0.006148943463309441,232
GPC,2026-08-25,2026-09-18,125.0,11.4,13.9,12.65,0.3477,0.8529,0.0189,-0.0681,0.0804,0.0681,24,137.55999755859375,3.122106066069758,0.013781377283083263,0.04299035707926713,0.060519546977151784,0.3937183567566831,0.1895537727831178,0.017393809269059184,0.02501595483670055,1115367.9,0.02742284852391519,-0.07838669019719374,0.4876175596696696,0.3042974985781541,0.33888706037882665,0.3019,0.2735,0.9086944040309116,13.924695760174833,-0.3605213993286709,4,0.006148943463309441,233
KIM,2026-08-25,2026-09-18,22.5,1.45,2.4,1.9249999999999998,0.4003,0.7506,0.1233,-0.0087,0.0191,0.0107,24,24.104999542236328,0.7442111761798945,-0.0047481327158730435,-0.0047481327158730435,-0.08136433870063475,0.0010381901415899009,0.023132431606451398,0.008304241825091919,0.012482248181480297,4066458.55,-0.11446103715387135,-0.08623956371893084,0.218655141832773,0.21916201864905432,0.2048971067021263,0.1775,0.2074,0.9334163213973898,15.218283289410513,-0.36077732912370664,4,0.006148943463309441,234
WTW,2026-08-25,2026-09-18,240.0,105.7,109.6,107.65,0.5461,0.9977,0.0002,-0.049,0.0087,0.1566,24,346.82000732421875,3.5337260059018267,-0.011204540772006388,0.05770056047548233,0.09697622503470349,0.38911366951480697,0.13901940440558014,0.01857145308862609,0.019282823252547578,577272.1,0.0638795265814669,-0.011204540772006414,0.4324302590389357,0.24976248300761014,0.31921336013531015,0.2981,0.2488,0.6920016000565968,13.266070743739586,-0.36131961673797686,4,0.006148943463309441,235
BDX,2026-08-25,2026-09-18,165.0,23.2,25.8,24.5,0.4015,0.9159,0.0082,-0.1049,0.0766,0.0968,24,189.80499267578125,4.125150062014578,-0.004902027841329537,0.04998057304740988,0.14106647141091422,0.29013729591680093,0.10679915211354563,0.015413818510098798,0.018530550349754673,1869224.7,0.10796977295767762,-0.011432329813639322,0.36873941457540343,0.2668080065602654,0.29035679924885877,0.2773,0.2539,0.8693132760835626,14.441034838911406,-0.3648638335608828,4,0.006148943463309441,236
VICI,2026-08-25,2026-09-18,25.0,1.35,1.6,1.475,0.2932,0.7386,0.166,-0.0154,0.0217,0.0116,24,26.364999771118164,1.3182499885559082,-0.015496673072689426,0.017560784499637938,-0.027121793358133583,-0.06573350770276198,-0.11793240851490483,0.01211750846074738,0.015122721592315333,10008319.85,-0.06021849181137018,-0.21950856353266726,0.01756078449963789,0.20995684890830835,0.19635864517430204,0.2013,0.1756,0.9482268240861709,16.118927389967514,-0.3648743834537582,4,0.006148943463309441,237
WM,2026-08-25,2026-09-18,165.0,55.6,59.8,57.7,0.5522,0.9815,0.0011,-0.0025,0.0207,0.106,24,223.3000030517578,7.359920960076566,-0.013953914900753484,-0.0012523426827254491,-0.06729042380822292,0.05599165781693971,-0.08464846958315642,0.012152265919240528,0.014772575368111865,2022954.45,-0.10038712226145952,-0.09415436279373458,0.1348274544048985,0.19914166049650192,0.25730052772452705,0.2261,0.1874,0.7389162460591427,14.520070094157523,-0.37010056731938124,3,0.0021292933503356576,238
LH,2026-08-25,2026-09-18,280.0,55.3,58.5,56.9,0.366,0.9741,0.0016,-0.0085,0.0452,0.1786,24,335.5,7.258773032444453,-0.011316073493638612,0.04134337211194561,0.06768923485986611,0.2900869151335319,0.19458783232620447,0.013488607457775826,0.015265946180570221,653816.1,0.034592536406629515,-0.011316073493638603,0.36028219603572154,0.22139166538852348,0.2804131338186745,0.2527,0.2297,0.834575260804769,13.390582927717613,-0.3718124989314957,3,0.0021292933503356576,239
ERIE,2026-08-25,2026-09-18,180.0,77.09,81.0,79.045,0.7413,0.9786,0.001,-0.0843,0.0353,0.1139,24,259.44000244140625,4.884955742042288,-0.034246618915172,0.009690562817987969,0.07016462599317763,0.21762797917694932,-0.046842278870050214,0.027043396553943024,0.03228134853846559,266428.45,0.03706792753994104,-0.2859187569874519,0.25188185468352536,0.4403096046779181,0.6746379368016043,0.6191,0.3701,0.6938020286237565,12.492864759586434,-0.3727094936322731,3,0.0021292933503356576,240
TRV,2026-08-25,2026-09-18,350.0,19.7,22.8,21.25,0.2324,0.82,0.0118,-0.1199,0.2461,0.185,24,369.4100036621094,8.23656669409393,-0.0030764651691106426,0.004022534220612606,-0.07001157412298076,0.2655794481597449,0.1838925907998934,0.01342453976630697,0.018123361583856724,1784125.5,-0.10310827257621735,-0.07001157412298072,0.41227967013902256,0.2714039158630593,0.40928347179119823,0.3461,0.2231,0.9474567459741473,14.394439497679983,-0.3767755512570229,3,0.0021292933503356576,241
AJG,2026-08-25,2026-09-18,230.0,37.29,40.29,38.79,0.4297,0.9247,0.0048,-0.1075,0.0972,0.1369,24,268.95001220703125,8.681407881893621,-0.011176801119497815,0.08290389574037338,0.013719854818639687,0.33732788718010576,0.19225999655970383,0.019077440892973908,0.021396094852235075,1337375.15,-0.019376843634596908,-0.13376062003916134,0.4007813135782878,0.2902567660523853,0.3518936947659402,0.3329,0.2994,0.855177503479537,14.106220155333986,-0.37706588774136396,3,0.0021292933503356576,242
PSA,2026-08-25,2026-09-18,310.0,13.1,15.4,14.25,0.2451,0.7092,0.0167,-0.1025,0.2789,0.1407,24,321.32501220703125,4.725367826573989,-0.011216386127888667,-0.005493636220841425,-0.027672675219813425,0.058069115294723916,0.033997303737293594,0.011560078931305829,0.01426398475597087,832984.65,-0.06076937367305002,-0.02767267521981346,0.24332537212339,0.2231866431445181,0.2509595130024861,0.2201,0.1927,0.9647552733936116,13.632771694109838,-0.37917024258885657,3,0.0021292933503356576,243
DGX,2026-08-25,2026-09-18,200.0,43.1,46.8,44.95,0.3574,0.9895,0.0013,-0.0496,0.0195,0.1292,24,243.84500122070312,4.722932329577128,-0.00010248860862260845,0.03214815331514553,0.03350427522886901,0.2511288294355436,0.16980093447182676,0.00777279181222605,0.01678787253287392,788951.25,0.00040757677563241224,-0.002230034658973025,0.4055276586541536,0.22889319810941056,0.34887288456060767,0.2937,0.2034,0.8201931513821799,13.578461078351504,-0.39587022935733274,3,0.0021292933503356576,244
EG,2026-08-25,2026-09-18,360.0,17.0,19.39,18.195,0.2339,0.7569,0.0136,-0.1068,0.2974,0.1752,24,376.1700134277344,3.739264603711723,-0.0016454659176918796,0.023926202918217454,-0.056508648330810374,0.16091107257001558,0.1258867735782121,0.014428320197637283,0.015216705720207776,307532.15,-0.08960534678404697,-0.05650864833081037,0.23370833659033652,0.24319300958026693,0.2844206673307844,0.2549,0.2113,0.9570140817967119,12.63633816529623,-0.4052814203777859,3,0.0021292933503356576,245
NWSA,2026-08-25,2026-09-18,22.5,6.6,10.0,8.3,0.8413,0.9289,0.0182,-0.0074,0.0095,0.0133,24,30.95499992370605,2.0258508157504305,0.006339391852185905,0.05324942383662745,0.09847408049958717,0.18601530541291633,0.28818139988273317,0.01753237002911709,0.018600102140459977,3768750.2,0.06537738204635057,-0.002417040324840696,0.38191966298511437,0.27770328643350795,0.2916602554643598,0.3047,0.2853,0.7268615750429701,15.142254257865542,-0.40768831065078104,3,0.0021292933503356576,246
REG,2026-08-25,2026-09-18,80.0,0.1,0.4,0.25,0.187,0.1611,0.0652,-0.0097,0.0483,0.008,24,76.8499984741211,1.2981418493871193,0.0020862697564403287,0.00866250179244199,-0.05088307625625421,-0.006464124238700353,-0.034547739355724416,0.008470431653001254,0.011070399910507851,1300193.0,-0.0839797747094908,-0.0705128423988374,0.1442822257837169,0.21983147292201236,0.1784651914521146,0.1608,0.1715,1.0409889601616538,14.078024042067192,-0.41112403161434297,3,0.0021292933503356576,247
BRO,2026-08-25,2026-09-18,70.0,3.1,6.5,4.8,0.3579,0.714,0.0484,-0.0237,0.063,0.0317,24,73.42500305175781,4.7694057075996845,-0.01601446865236089,0.058454665484002355,-0.003054969035432231,0.3053333875868056,0.02192073223500479,0.01855803259370412,0.022272559204475375,2025622.9,-0.036151667488668826,-0.2426507956368834,0.35022069896223823,0.27841025368336914,0.39174076965247695,0.3598,0.2944,0.9533537227183565,14.52138830983553,-0.4429636786648098,2,0.0,248
NDSN,2026-08-25,2026-09-18,310.0,24.2,27.3,25.75,0.2545,0.8841,0.0088,-0.1018,0.166,0.1773,24,334.1449890136719,16.500987111786266,0.000643836560375588,0.09840241411996553,0.10406408641118214,0.16293114060210323,0.1585360705122989,0.02095291894784783,0.01755410654348846,412658.15,0.07096738795794555,-0.0016582706098500564,0.5084190256817017,0.2585590182460229,0.19244302339792102,0.2831,0.1922,0.9277409812879643,12.930377228529995,-0.456889009892674,2,0.0,249
AES,2026-08-25,2026-09-18,14.0,0.68,0.8,0.74,0.3014,0.7609,0.2731,-0.0085,0.0117,0.0067,24,14.725000381469728,0.9249372054587074,-0.0016948893918827812,-0.00101759768530163,-0.007080211920195922,0.0037491687041408817,0.03044089718529941,0.003201127675251243,0.0026519187421783176,7122120.6,-0.04017691037343252,-0.14785880808155052,0.1770583622751758,0.14054997283692416,0.04710399582395566,0.0437,0.0763,0.9507639821604293,15.778716216529762,-0.46487833763592523,2,0.0,250
